1.000000000000000000e+00 6.988107486553920467e+01
1.000921642732741867e+00 6.973304753473169626e+01
1.001844134890810478e+00 6.958532052486215491e+01
1.002767477257072715e+00 6.943789325874043072e+01
1.003691670615116660e+00 6.929076516021018506e+01
1.004616715749252709e+00 6.914393565414690102e+01
1.005542613444514011e+00 6.899740416645639129e+01
1.006469364486657359e+00 6.885117012407324921e+01
1.007396969662163855e+00 6.870523295495871707e+01
1.008325429758239133e+00 6.855959208809973404e+01
1.009254745562814692e+00 6.841424695350654872e+01
1.010184917864547893e+00 6.826919698179743534e+01
1.011115947452823294e+00 6.812444160239668633e+01
1.012047835117752648e+00 6.797998024502946635e+01
1.012980581650176015e+00 6.783581234046602049e+01
1.013914187841662651e+00 6.769193732052036694e+01
1.014848654484510782e+00 6.754835461804844954e+01
1.015783982371749161e+00 6.740506366694583562e+01
1.016720172297137736e+00 6.726206390214692021e+01
1.017657225055167425e+00 6.711935475962219755e+01
1.018595141441061891e+00 6.697693567637701051e+01
1.019533922250777325e+00 6.683480609044964638e+01
1.020473568281003551e+00 6.669296544090961731e+01
1.021414080329164920e+00 6.655141316785551453e+01
1.022355459193420524e+00 6.641014871241380035e+01
1.023297705672665092e+00 6.626917151673670503e+01
1.024240820566529653e+00 6.612848102400032246e+01
1.025184804675382422e+00 6.598807667840335967e+01
1.026129658800329025e+00 6.584795792516474933e+01
1.027075383743213166e+00 6.570812421052231400e+01
1.028021980306618177e+00 6.556857498173086185e+01
1.028969449293866800e+00 6.542930968706060924e+01
1.029917791509021852e+00 6.529032777579502067e+01
1.030867007756887777e+00 6.515162869822947300e+01
1.031817098843010205e+00 6.501321190566940800e+01
1.032768065573677729e+00 6.487507685042827177e+01
1.033719908755921457e+00 6.473722298582646317e+01
1.034672629197517013e+00 6.459964976618860533e+01
1.035626227706983871e+00 6.446235664684299138e+01
1.036580705093586907e+00 6.432534308411872814e+01
1.037536062167336848e+00 6.418860853534486921e+01
1.038492299738990932e+00 6.405215245884815545e+01
1.039449418620053800e+00 6.391597431395159390e+01
1.040407419622777718e+00 6.378007356097227643e+01
1.041366303560163908e+00 6.364444966122067626e+01
1.042326071245962327e+00 6.350910207699759269e+01
1.043286723494673662e+00 6.337403027159339075e+01
1.044248261121548671e+00 6.323923370928596910e+01
1.045210684942589507e+00 6.310471185533919680e+01
1.046173995774551058e+00 6.297046417600096646e+01
1.047138194434940273e+00 6.283649013850167364e+01
1.048103281742017723e+00 6.270278921105238368e+01
1.049069258514798042e+00 6.256936086284350296e+01
1.050036125573051260e+00 6.243620456404245544e+01
1.051003883737302136e+00 6.230331978579253871e+01
1.051972533828832157e+00 6.217070600021106941e+01
1.052942076669679539e+00 6.203836268038759982e+01
1.053912513082640334e+00 6.190628930038231914e+01
1.054883843891268658e+00 6.177448533522434104e+01
1.055856069919877793e+00 6.164295026091013341e+01
1.056829191993540862e+00 6.151168355440161406e+01
1.057803210938091265e+00 6.138068469362484336e+01
1.058778127580123352e+00 6.124995315746794233e+01
1.059753942746993527e+00 6.111948842577955077e+01
1.060730657266820920e+00 6.098928997936753404e+01
1.061708271968487383e+00 6.085935729999680888e+01
1.062686787681639045e+00 6.072968987038790090e+01
1.063666205236686757e+00 6.060028717421534594e+01
1.064646525464806315e+00 6.047114869610595633e+01
1.065627749197939789e+00 6.034227392163722214e+01
1.066609877268796192e+00 6.021366233733549933e+01
1.067592910510851700e+00 6.008531343067482311e+01
1.068576849758350766e+00 5.995722669007447792e+01
1.069561695846306781e+00 5.982940160489812342e+01
1.070547449610502522e+00 5.970183766545186899e+01
1.071534111887491481e+00 5.957453436298256122e+01
1.072521683514597646e+00 5.944749118967610713e+01
1.073510165329916832e+00 5.932070763865603880e+01
1.074499558172317792e+00 5.919418320398191469e+01
1.075489862881441550e+00 5.906791738064750774e+01
1.076481080297703841e+00 5.894190966457915692e+01
1.077473211262294450e+00 5.881615955263440298e+01
1.078466256617178320e+00 5.869066654260011262e+01
1.079460217205096884e+00 5.856543013319108582e+01
1.080455093869568062e+00 5.844044982404812316e+01
1.081450887454886711e+00 5.831572511573688189e+01
1.082447598806126843e+00 5.819125550974588634e+01
1.083445228769140511e+00 5.806704050848502163e+01
1.084443778190559371e+00 5.794307961528412676e+01
1.085443247917795784e+00 5.781937233439106194e+01
1.086443638799043043e+00 5.769591817097040831e+01
1.087444951683275818e+00 5.757271663110157078e+01
1.088447187420251483e+00 5.744976722177759854e+01
1.089450346860510788e+00 5.732706945090328077e+01
1.090454430855377854e+00 5.720462282729368297e+01
1.091459440256961955e+00 5.708242686067242744e+01
1.092465375918157289e+00 5.696048106167034319e+01
1.093472238692644538e+00 5.683878494182369678e+01
1.094480029434890422e+00 5.671733801357271432e+01
1.095488749000150364e+00 5.659613979025996855e+01
1.096498398244466710e+00 5.647518978612882279e+01
1.097508978024671844e+00 5.635448751632185349e+01
1.098520489198387295e+00 5.623403249687932970e+01
1.099532932624025072e+00 5.611382424473750063e+01
1.100546309160788327e+00 5.599386227772747304e+01
1.101560619668672247e+00 5.587414611457296587e+01
1.102575865008464717e+00 5.575467527488916630e+01
1.103592046041746322e+00 5.563544927918146499e+01
1.104609163630892343e+00 5.551646764884313257e+01
1.105627218639072984e+00 5.539772990615445991e+01
1.106646211930253143e+00 5.527923557428098889e+01
1.107666144369195083e+00 5.516098417727195624e+01
1.108687016821457094e+00 5.504297524005858122e+01
1.109708830153395942e+00 5.492520828845289316e+01
1.110731585232166196e+00 5.480768284914583433e+01
1.111755282925722454e+00 5.469039844970600939e+01
1.112779924102818230e+00 5.457335461857810088e+01
1.113805509633008617e+00 5.445655088508100761e+01
1.114832040386649847e+00 5.433998677940692090e+01
1.115859517234899956e+00 5.422366183261922856e+01
1.116887941049720334e+00 5.410757557665142770e+01
1.117917312703875954e+00 5.399172754430526311e+01
1.118947633070935810e+00 5.387611726924951228e+01
1.119978903025274475e+00 5.376074428601827293e+01
1.121011123442071877e+00 5.364560813000948514e+01
1.122044295197315078e+00 5.353070833748343205e+01
1.123078419167798270e+00 5.341604444556136144e+01
1.124113496231123444e+00 5.330161599222383728e+01
1.125149527265701943e+00 5.318742251630915518e+01
1.126186513150754243e+00 5.307346355751214162e+01
1.127224454766311501e+00 5.295973865638242017e+01
1.128263352993216007e+00 5.284624735432286258e+01
1.129303208713121176e+00 5.273298919358856551e+01
1.130344022808493554e+00 5.261996371728457689e+01
1.131385796162613255e+00 5.250717046936517107e+01
1.132428529659573968e+00 5.239460899463185228e+01
1.133472224184284283e+00 5.228227883873225323e+01
1.134516880622468582e+00 5.217017954815834457e+01
1.135562499860667263e+00 5.205831067024507064e+01
1.136609082786238067e+00 5.194667175316894969e+01
1.137656630287356307e+00 5.183526234594653204e+01
1.138705143253016416e+00 5.172408199843290078e+01
1.139754622573031284e+00 5.161313026132035020e+01
1.140805069138034700e+00 5.150240668613663786e+01
1.141856483839480907e+00 5.139191082524398979e+01
1.142908867569645714e+00 5.128164223183708970e+01
1.143962221221627606e+00 5.117160045994197759e+01
1.145016545689347742e+00 5.106178506441454346e+01
1.146071841867551511e+00 5.095219560093900668e+01
1.147128110651808752e+00 5.084283162602653050e+01
1.148185352938515091e+00 5.073369269701358064e+01
1.149243569624891492e+00 5.062477837206097320e+01
1.150302761608986701e+00 5.051608821015178563e+01
1.151362929789676359e+00 5.040762177109035491e+01
1.152424075066665443e+00 5.029937861550076406e+01
1.153486198340487601e+00 5.019135830482527894e+01
1.154549300512506038e+00 5.008356040132299114e+01
1.155613382484915741e+00 4.997598446806838268e+01
1.156678445160742141e+00 4.986863006895009676e+01
1.157744489443843783e+00 4.976149676866904059e+01
1.158811516238911654e+00 4.965458413273743332e+01
1.159879526451470744e+00 4.954789172747708648e+01
1.160948520987880928e+00 4.944141912001811789e+01
1.162018500755336747e+00 4.933516587829760169e+01
1.163089466661869631e+00 4.922913157105791271e+01
1.164161419616347226e+00 4.912331576784553278e+01
1.165234360528474955e+00 4.901771803900962965e+01
1.166308290308797124e+00 4.891233795570044407e+01
1.167383209868696925e+00 4.880717508986811026e+01
1.168459120120397321e+00 4.870222901426123485e+01
1.169536021976962159e+00 4.859749930242527682e+01
1.170613916352297279e+00 4.849298552870146040e+01
1.171692804161149848e+00 4.838868726822515498e+01
1.172772686319110802e+00 4.828460409692452515e+01
1.173853563742615069e+00 4.818073559151910246e+01
1.174935437348941569e+00 4.807708132951867697e+01
1.176018308056215211e+00 4.797364088922149961e+01
1.177102176783406673e+00 4.787041384971310976e+01
1.178187044450333731e+00 4.776739979086500654e+01
1.179272911977661931e+00 4.766459829333309983e+01
1.180359780286905469e+00 4.756200893855650946e+01
1.181447650300427865e+00 4.745963130875603753e+01
1.182536522941442181e+00 4.735746498693284678e+01
1.183626399134013019e+00 4.725550955686719590e+01
1.184717279803056300e+00 4.715376460311684781e+01
1.185809165874340598e+00 4.705222971101604656e+01
1.186902058274487359e+00 4.695090446667367701e+01
1.187995957930972457e+00 4.684978845697224870e+01
1.189090865772126193e+00 4.674888126956658851e+01
1.190186782727134851e+00 4.664818249288221352e+01
1.191283709726040696e+00 4.654769171611413725e+01
1.192381647699743530e+00 4.644740852922544860e+01
1.193480597580000913e+00 4.634733252294597605e+01
1.194580560299428829e+00 4.624746328877117918e+01
1.195681536791503463e+00 4.614780041896030127e+01
1.196783527990561202e+00 4.604834350653548825e+01
1.197886534831798855e+00 4.594909214528014729e+01
1.198990558251275873e+00 4.585004592973775317e+01
1.200095599185914352e+00 4.575120445521050527e+01
1.201201658573499476e+00 4.565256731775802024e+01
1.202308737352681289e+00 4.555413411419584691e+01
1.203416836462974482e+00 4.545590444209422287e+01
1.204525956844759715e+00 4.535787789977690920e+01
1.205636099439284736e+00 4.526005408631942828e+01
1.206747265188664153e+00 4.516243260154833905e+01
1.207859455035881435e+00 4.506501304603935409e+01
1.208972669924788912e+00 4.496779502111640170e+01
1.210086910800108662e+00 4.487077812885003425e+01
1.211202178607433622e+00 4.477396197205644057e+01
1.212318474293228254e+00 4.467734615429566958e+01
1.213435798804829435e+00 4.458093027987071366e+01
1.214554153090446675e+00 4.448471395382625815e+01
1.215673538099163897e+00 4.438869678194678414e+01
1.216793954780939657e+00 4.429287837075597878e+01
1.217915404086607811e+00 4.419725832751497308e+01
1.219037886967878626e+00 4.410183626081867203e+01
1.220161404377339665e+00 4.400661178533876239e+01
1.221285957268456013e+00 4.391158451924479067e+01
1.222411546595572274e+00 4.381675408138871575e+01
1.223538173313911903e+00 4.372212009127839849e+01
1.224665838379578986e+00 4.362768216907672780e+01
1.225794542749558680e+00 4.353343993560052638e+01
1.226924287381718548e+00 4.343939301232003913e+01
1.228055073234808336e+00 4.334554102135751918e+01
1.229186901268461973e+00 4.325188358548704315e+01
1.230319772443197568e+00 4.315842032813277740e+01
1.231453687720418522e+00 4.306515087336865832e+01
1.232588648062414194e+00 4.297207484591746152e+01
1.233724654432361012e+00 4.287919187114950859e+01
1.234861707794323138e+00 4.278650157508228347e+01
1.235999809113253134e+00 4.269400358437909659e+01
1.237138959354992629e+00 4.260169752634865148e+01
1.238279159486274095e+00 4.250958302894360941e+01
1.239420410474720402e+00 4.241765972076009916e+01
1.240562713288846375e+00 4.232592723103679333e+01
1.241706068898059456e+00 4.223438518965374300e+01
1.242850478272660819e+00 4.214303322713182354e+01
1.243995942383845588e+00 4.205187097463158352e+01
1.245142462203704170e+00 4.196089806395251998e+01
1.246290038705222480e+00 4.187011412753216177e+01
1.247438672862283715e+00 4.177951879844509619e+01
1.248588365649668575e+00 4.168911171040218022e+01
1.249739118043055486e+00 4.159889249774957420e+01
1.250890931019023267e+00 4.150886079546790342e+01
1.252043805555049572e+00 4.141901623917139830e+01
1.253197742629514000e+00 4.132935846510693523e+01
1.254352743221696986e+00 4.123988711015312703e+01
1.255508808311782021e+00 4.115060181181967636e+01
1.256665938880856093e+00 4.106150220824608965e+01
1.257824135910909913e+00 4.097258793820125788e+01
1.258983400384839468e+00 4.088385864108217760e+01
1.260143733286446910e+00 4.079531395691327589e+01
1.261305135600440552e+00 4.070695352634557196e+01
1.262467608312436651e+00 4.061877699065549052e+01
1.263631152408959846e+00 4.053078399174437862e+01
1.264795768877443827e+00 4.044297417213744694e+01
1.265961458706232445e+00 4.035534717498286028e+01
1.267128222884580380e+00 4.026790264405084230e+01
1.268296062402654023e+00 4.018064022373300759e+01
1.269464978251532594e+00 4.009355955904111113e+01
1.270634971423208581e+00 4.000666029560656511e+01
1.271806042910588408e+00 3.991994207967930208e+01
1.272978193707494210e+00 3.983340455812700043e+01
1.274151424808663613e+00 3.974704737843426017e+01
1.275325737209751287e+00 3.966087018870160108e+01
1.276501131907329167e+00 3.957487263764471663e+01
1.277677609898888456e+00 3.948905437459340106e+01
1.278855172182838729e+00 3.940341504949106621e+01
1.280033819758510383e+00 3.931795431289336307e+01
1.281213553626154633e+00 3.923267181596778386e+01
1.282394374786944624e+00 3.914756721049245414e+01
1.283576284242976095e+00 3.906264014885551461e+01
1.284759282997268492e+00 3.897789028405391321e+01
1.285943372053765632e+00 3.889331726969311376e+01
1.287128552417336591e+00 3.880892075998549018e+01
1.288314825093776594e+00 3.872470040975013461e+01
1.289502191089807903e+00 3.864065587441159266e+01
1.290690651413080481e+00 3.855678680999906049e+01
1.291880207072173325e+00 3.847309287314558901e+01
1.293070859076594470e+00 3.838957372108736621e+01
1.294262608436782758e+00 3.830622901166244532e+01
1.295455456164108066e+00 3.822305840331028293e+01
1.296649403270872414e+00 3.814006155507073714e+01
1.297844450770311076e+00 3.805723812658305860e+01
1.299040599676593022e+00 3.797458777808534336e+01
1.300237851004821588e+00 3.789211017041338181e+01
1.301436205771036025e+00 3.780980496499992682e+01
1.302635664992212172e+00 3.772767182387383400e+01
1.303836229686262671e+00 3.764571040965920901e+01
1.305037900872038525e+00 3.756392038557466151e+01
1.306240679569329988e+00 3.748230141543201199e+01
1.307444566798866781e+00 3.740085316363610701e+01
1.308649563582319875e+00 3.731957529518334837e+01
1.309855670942301487e+00 3.723846747566125970e+01
1.311062889902366191e+00 3.715752937124739930e+01
1.312271221487012252e+00 3.707676064870867094e+01
1.313480666721682066e+00 3.699616097540025095e+01
1.314691226632763055e+00 3.691573001926494868e+01
1.315902902247588546e+00 3.683546744883233970e+01
1.317115694594439113e+00 3.675537293321777099e+01
1.318329604702542346e+00 3.667544614212160070e+01
1.319544633602074857e+00 3.659568674582849468e+01
1.320760782324162941e+00 3.651609441520619725e+01
1.321978051900882356e+00 3.643666882170507648e+01
1.323196443365260988e+00 3.635740963735712228e+01
1.324415957751278627e+00 3.627831653477506535e+01
1.325636596093867414e+00 3.619938918715158849e+01
1.326858359428914058e+00 3.612062726825848813e+01
1.328081248793259617e+00 3.604203045244570802e+01
1.329305265224700605e+00 3.596359841464079921e+01
1.330530409761990551e+00 3.588533083034758420e+01
1.331756683444839773e+00 3.580722737564587277e+01
1.332984087313917154e+00 3.572928772719019008e+01
1.334212622410850591e+00 3.565151156220930062e+01
1.335442289778227876e+00 3.557389855850502158e+01
1.336673090459598257e+00 3.549644839445147682e+01
1.337905025499471989e+00 3.541916074899449285e+01
1.339138095943322337e+00 3.534203530165049045e+01
1.340372302837586460e+00 3.526507173250582383e+01
1.341607647229665190e+00 3.518826972221572902e+01
1.342844130167925254e+00 3.511162895200376965e+01
1.344081752701699717e+00 3.503514910366082802e+01
1.345320515881288204e+00 3.495882985954430211e+01
1.346560420757958676e+00 3.488267090257726721e+01
1.347801468383948098e+00 3.480667191624770140e+01
1.349043659812463103e+00 3.473083258460754763e+01
1.350286996097680658e+00 3.465515259227198896e+01
1.351531478294750066e+00 3.457963162441856042e+01
1.352777107459792294e+00 3.450426936678638157e+01
1.354023884649902199e+00 3.442906550567525414e+01
1.355271810923148745e+00 3.435401972794493020e+01
1.356520887338575898e+00 3.427913172101406047e+01
1.357771114956204173e+00 3.420440117285959758e+01
1.359022494837030415e+00 3.412982777201608542e+01
1.360275028043029577e+00 3.405541120757439444e+01
1.361528715637155829e+00 3.398115116918127399e+01
1.362783558683342111e+00 3.390704734703848544e+01
1.364039558246502803e+00 3.383309943190176483e+01
1.365296715392533056e+00 3.375930711508026150e+01
1.366555031188311009e+00 3.368567008843555044e+01
1.367814506701697574e+00 3.361218804438077257e+01
1.369075143001538208e+00 3.353886067588008757e+01
1.370336941157663135e+00 3.346568767644754416e+01
1.371599902240888680e+00 3.339266874014647613e+01
1.372864027323018599e+00 3.331980356158853596e+01
1.374129317476843637e+00 3.324709183593295592e+01
1.375395773776143749e+00 3.317453325888580906e+01
1.376663397295688318e+00 3.310212752669894343e+01
1.377932189111237715e+00 3.302987433616942781e+01
1.379202150299543073e+00 3.295777338463870620e+01
1.380473281938348729e+00 3.288582436999158176e+01
1.381745585106391561e+00 3.281402699065566253e+01
1.383019060883402984e+00 3.274238094560039514e+01
1.384293710350109841e+00 3.267088593433625476e+01
1.385569534588234175e+00 3.259954165691405592e+01
1.386846534680496124e+00 3.252834781392399321e+01
1.388124711710612580e+00 3.245730410649494502e+01
1.389404066763300083e+00 3.238641023629354976e+01
1.390684600924274594e+00 3.231566590552355223e+01
1.391966315280252386e+00 3.224507081692491539e+01
1.393249210918952041e+00 3.217462467377300328e+01
1.394533288929093784e+00 3.210432717987779228e+01
1.395818550400401925e+00 3.203417803958302557e+01
1.397104996423604639e+00 3.196417695776558432e+01
1.398392628090435963e+00 3.189432363983435081e+01
1.399681446493635351e+00 3.182461779172980698e+01
1.400971452726949895e+00 3.175505911992296149e+01
1.402262647885134550e+00 3.168564733141456102e+01
1.403555033063953239e+00 3.161638213373451478e+01
1.404848609360179745e+00 3.154726323494081086e+01
1.406143377871599265e+00 3.147829034361888390e+01
1.407439339697007741e+00 3.140946316888075884e+01
1.408736495936214528e+00 3.134078142036434755e+01
1.410034847690042392e+00 3.127224480823252506e+01
1.411334396060328622e+00 3.120385304317239417e+01
1.412635142149926359e+00 3.113560583639454649e+01
1.413937087062704601e+00 3.106750289963220624e+01
1.415240231903550194e+00 3.099954394514032785e+01
1.416544577778368064e+00 3.093172868569508083e+01
1.417850125794082317e+00 3.086405683459286209e+01
1.419156877058637578e+00 3.079652810564947885e+01
1.420464832680999434e+00 3.072914221319951977e+01
1.421773993771155320e+00 3.066189887209540998e+01
1.423084361440115853e+00 3.059479779770673957e+01
1.424395936799915940e+00 3.052783870591937188e+01
1.425708720963614562e+00 3.046102131313475780e+01
1.427022715045297430e+00 3.039434533626911517e+01
1.428337920160076546e+00 3.032781049275255469e+01
1.429654337424091759e+00 3.026141650052845478e+01
1.430971967954511426e+00 3.019516307805255906e+01
1.432290812869534191e+00 3.012904994429229077e+01
1.433610873288388321e+00 3.006307681872586457e+01
1.434932150331334366e+00 2.999724342134151556e+01
1.436254645119664941e+00 2.993154947263691668e+01
1.437578358775706278e+00 2.986599469361806669e+01
1.438903292422818891e+00 2.980057880579878571e+01
1.440229447185398692e+00 2.973530153119979502e+01
1.441556824188877872e+00 2.967016259234808828e+01
1.442885424559726015e+00 2.960516171227590121e+01
1.444215249425450764e+00 2.954029861452022843e+01
1.445546299914598709e+00 2.947557302312186422e+01
1.446878577156756940e+00 2.941098466262456412e+01
1.448212082282553492e+00 2.934653325807460789e+01
1.449546816423658013e+00 2.928221853501960226e+01
1.450882780712783982e+00 2.921804021950802976e+01
1.452219976283688485e+00 2.915399803808826817e+01
1.453558404271172888e+00 2.909009171780803626e+01
1.454898065811085273e+00 2.902632098621333867e+01
1.456238962040320217e+00 2.896268557134799693e+01
1.457581094096820351e+00 2.889918520175271510e+01
1.458924463119576576e+00 2.883581960646426978e+01
1.460269070248630063e+00 2.877258851501485992e+01
1.461614916625072480e+00 2.870949165743136433e+01
1.462962003391047094e+00 2.864652876423444994e+01
1.464310331689750111e+00 2.858369956643779730e+01
1.465659902665430669e+00 2.852100379554761034e+01
1.467010717463393510e+00 2.845844118356146879e+01
1.468362777229998084e+00 2.839601146296783796e+01
1.469716083112660776e+00 2.833371436674518051e+01
1.471070636259855569e+00 2.827154962836129215e+01
1.472426437821114265e+00 2.820951698177248801e+01
1.473783488947029152e+00 2.814761616142277845e+01
1.475141790789252338e+00 2.808584690224324731e+01
1.476501344500497082e+00 2.802420893965126680e+01
1.477862151234539567e+00 2.796270200954959506e+01
1.479224212146219131e+00 2.790132584832581486e+01
1.480587528391439589e+00 2.784008019285145963e+01
1.481952101127169685e+00 2.777896478048130646e+01
1.483317931511445309e+00 2.771797934905258742e+01
1.484685020703368385e+00 2.765712363688436071e+01
1.486053369863110429e+00 2.759639738277650522e+01
1.487422980151911434e+00 2.753580032600924810e+01
1.488793852732081646e+00 2.747533220634230489e+01
1.490165988767002903e+00 2.741499276401402696e+01
1.491539389421129291e+00 2.735478173974082239e+01
1.492914055859987377e+00 2.729469887471633172e+01
1.494289989250179085e+00 2.723474391061059308e+01
1.495667190759380372e+00 2.717491658956955902e+01
1.497045661556344109e+00 2.711521665421400940e+01
1.498425402810900309e+00 2.705564384763911789e+01
1.499806415693957007e+00 2.699619791341344666e+01
1.501188701377500934e+00 2.693687859557842401e+01
1.502572261034599732e+00 2.687768563864747406e+01
1.503957095839401736e+00 2.681861878760533102e+01
1.505343206967137748e+00 2.675967778790721141e+01
1.506730595594121258e+00 2.670086238547819590e+01
1.508119262897750668e+00 2.664217232671245128e+01
1.509509210056508399e+00 2.658360735847240264e+01
1.510900438249963784e+00 2.652516722808821825e+01
1.512292948658773506e+00 2.646685168335672600e+01
1.513686742464681600e+00 2.640866047254104032e+01
1.515081820850521899e+00 2.635059334436962075e+01
1.516478185000218248e+00 2.629265004803551165e+01
1.517875836098785181e+00 2.623483033319583413e+01
1.519274775332330130e+00 2.617713394997079490e+01
1.520675003888053212e+00 2.611956064894303253e+01
1.522076522954248778e+00 2.606211018115700995e+01
1.523479333720306750e+00 2.600478229811813335e+01
1.524883437376712614e+00 2.594757675170103184e+01
1.526288835115049203e+00 2.589049328567207198e+01
1.527695528127998026e+00 2.583353162889449095e+01
1.529103517609339491e+00 2.577669150928376851e+01
1.530512804753954237e+00 2.571997265543751610e+01
1.531923390757824244e+00 2.566337479663353704e+01
1.533335276818033277e+00 2.560689766282800051e+01
1.534748464132769552e+00 2.555054098465335599e+01
1.536162953901324180e+00 2.549430449341663518e+01
1.537578747324094719e+00 2.543818792109733451e+01
1.538995845602584289e+00 2.538219100034575249e+01
1.540414249939403790e+00 2.532631346448085807e+01
1.541833961538272568e+00 2.527055504748854986e+01
1.543254981604018861e+00 2.521491548401981220e+01
1.544677311342582016e+00 2.515939450938865463e+01
1.546100951961012049e+00 2.510399185957051316e+01
1.547525904667472307e+00 2.504870727120011153e+01
1.548952170671239026e+00 2.499354048156981989e+01
1.550379751182702881e+00 2.493849122862773982e+01
1.551808647413370545e+00 2.488355925097572197e+01
1.553238860575865132e+00 2.482874428786774601e+01
1.554670391883927083e+00 2.477404607920798796e+01
1.556103242552415944e+00 2.471946436554891235e+01
1.557537413797310366e+00 2.466499888808961316e+01
1.558972906835710326e+00 2.461064938867387042e+01
1.560409722885836903e+00 2.455641560978839522e+01
1.561847863167034500e+00 2.450229729456102135e+01
1.563287328899770845e+00 2.444829418675880817e+01
1.564728121305638764e+00 2.439440603078648806e+01
1.566170241607357072e+00 2.434063257168438454e+01
1.567613691028771017e+00 2.428697355512681710e+01
1.569058470794854276e+00 2.423342872742026088e+01
1.570504582131709403e+00 2.417999783550164850e+01
1.571952026266568936e+00 2.412668062693640536e+01
1.573400804427796507e+00 2.407347684991690429e+01
1.574850917844887510e+00 2.402038625326068200e+01
1.576302367748471323e+00 2.396740858640847804e+01
1.577755155370310414e+00 2.391454359942281371e+01
1.579209281943303456e+00 2.386179104298592435e+01
1.580664748701485101e+00 2.380915066839827077e+01
1.582121556880027091e+00 2.375662222757674158e+01
1.583579707715239815e+00 2.370420547305280579e+01
1.585039202444573192e+00 2.365190015797094958e+01
1.586500042306617120e+00 2.359970603608693551e+01
1.587962228541103693e+00 2.354762286176599062e+01
1.589425762388907204e+00 2.349565038998122191e+01
1.590890645092045697e+00 2.344378837631188262e+01
1.592356877893681855e+00 2.339203657694160299e+01
1.593824462038124112e+00 2.334039474865681640e+01
1.595293398770827764e+00 2.328886264884503632e+01
1.596763689338396075e+00 2.323744003549314030e+01
1.598235334988580947e+00 2.318612666718571091e+01
1.599708336970284472e+00 2.313492230310342990e+01
1.601182696533559602e+00 2.308382670302127337e+01
1.602658414929611919e+00 2.303283962730705881e+01
1.604135493410799418e+00 2.298196083691961178e+01
1.605613933230634727e+00 2.293119009340720282e+01
1.607093735643785992e+00 2.288052715890587763e+01
1.608574901906077104e+00 2.282997179613786187e+01
1.610057433274489691e+00 2.277952376840983817e+01
1.611541331007164235e+00 2.272918283961148234e+01
1.613026596363400067e+00 2.267894877421356625e+01
1.614513230603657812e+00 2.262882133726672862e+01
1.616001234989559388e+00 2.257880029439937175e+01
1.617490610783889338e+00 2.252888541181659932e+01
1.618981359250596608e+00 2.247907645629815576e+01
1.620473481654794545e+00 2.242937319519706918e+01
1.621966979262762454e+00 2.237977539643798508e+01
1.623461853341947370e+00 2.233028282851563517e+01
1.624958105160963617e+00 2.228089526049311075e+01
1.626455735989595253e+00 2.223161246200044872e+01
1.627954747098796506e+00 2.218243420323299731e+01
1.629455139760692672e+00 2.213336025494984938e+01
1.630956915248582106e+00 2.208439038847216551e+01
1.632460074836936004e+00 2.203552437568186662e+01
1.633964619801400842e+00 2.198676198901980428e+01
1.635470551418798157e+00 2.193810300148436099e+01
1.636977870967126547e+00 2.188954718662994381e+01
1.638486579725562775e+00 2.184109431856525063e+01
1.639996678974461997e+00 2.179274417195197699e+01
1.641508169995359534e+00 2.174449652200308591e+01
1.643021054070972209e+00 2.169635114448142588e+01
1.644535332485198564e+00 2.164830781569804685e+01
1.646051006523120863e+00 2.160036631251087869e+01
1.647568077471005310e+00 2.155252641232306132e+01
1.649086546616304050e+00 2.150478789308149885e+01
1.650606415247655390e+00 2.145715053327530697e+01
1.652127684654885575e+00 2.140961411193443098e+01
1.653650356129009458e+00 2.136217840862796891e+01
1.655174430962231602e+00 2.131484320346291028e+01
1.656699910447948287e+00 2.126760827708242019e+01
1.658226795880746618e+00 2.122047341066448922e+01
1.659755088556408076e+00 2.117343838592038097e+01
1.661284789771907411e+00 2.112650298509334590e+01
1.662815900825415305e+00 2.107966699095678464e+01
1.664348423016298817e+00 2.103293018681323190e+01
1.665882357645122047e+00 2.098629235649253033e+01
1.667417706013648582e+00 2.093975328435056582e+01
1.668954469424841269e+00 2.089331275526776821e+01
1.670492649182863776e+00 2.084697055464768667e+01
1.672032246593081917e+00 2.080072646841545136e+01
1.673573262962064545e+00 2.075458028301650870e+01
1.675115699597584662e+00 2.070853178541502260e+01
1.676659557808620526e+00 2.066258076309250669e+01
1.678204838905357210e+00 2.061672700404647784e+01
1.679751544199186597e+00 2.057097029678884681e+01
1.681299675002709604e+00 2.052531043034471381e+01
1.682849232629737291e+00 2.047974719425078405e+01
1.684400218395290638e+00 2.043428037855412072e+01
1.685952633615603435e+00 2.038890977381056757e+01
1.687506479608122500e+00 2.034363517108348063e+01
1.689061757691508125e+00 2.029845636194227154e+01
1.690618469185636741e+00 2.025337313846104692e+01
1.692176615411600693e+00 2.020838529321723698e+01
1.693736197691710688e+00 2.016349261929007142e+01
1.695297217349495122e+00 2.011869491025945322e+01
1.696859675709702753e+00 2.007399196020432441e+01
1.698423574098303357e+00 2.002938356370150075e+01
1.699988913842488625e+00 1.998486951582416538e+01
1.701555696270673268e+00 1.994044961214056499e+01
1.703123922712496796e+00 1.989612364871269179e+01
1.704693594498823517e+00 1.985189142209478774e+01
1.706264712961744978e+00 1.980775272933220066e+01
1.707837279434580191e+00 1.976370736795986360e+01
1.709411295251876739e+00 1.971975513600101237e+01
1.710986761749412555e+00 1.967589583196589587e+01
1.712563680264196364e+00 1.963212925485034077e+01
1.714142052134469685e+00 1.958845520413452945e+01
1.715721878699706604e+00 1.954487347978157885e+01
1.717303161300616443e+00 1.950138388223629704e+01
1.718885901279143757e+00 1.945798621242381543e+01
1.720470099978470113e+00 1.941468027174827071e+01
1.722055758743014975e+00 1.937146586209156851e+01
1.723642878918437038e+00 1.932834278581195875e+01
1.725231461851634451e+00 1.928531084574282772e+01
1.726821508890747703e+00 1.924236984519137295e+01
1.728413021385159176e+00 1.919951958793727442e+01
1.730006000685495149e+00 1.915675987823144766e+01
1.731600448143626902e+00 1.911409052079477533e+01
1.733196365112671167e+00 1.907151132081670397e+01
1.734793752946991674e+00 1.902902208395415684e+01
1.736392613002201379e+00 1.898662261633007375e+01
1.737992946635161573e+00 1.894431272453226711e+01
1.739594755203984544e+00 1.890209221561202213e+01
1.741198040068034025e+00 1.885996089708303813e+01
1.742802802587927413e+00 1.881791857691994707e+01
1.744409044125534658e+00 1.877596506355718375e+01
1.746016766043982038e+00 1.873410016588770688e+01
1.747625969707651938e+00 1.869232369326177690e+01
1.749236656482183960e+00 1.865063545548563084e+01
1.750848827734476476e+00 1.860903526282029574e+01
1.752462484832687739e+00 1.856752292598036291e+01
1.754077629146236550e+00 1.852609825613275518e+01
1.755694262045804255e+00 1.848476106489540882e+01
1.757312384903335412e+00 1.844351116433621129e+01
1.758931999092038900e+00 1.840234836697156950e+01
1.760553105986389255e+00 1.836127248576539017e+01
1.762175706962127775e+00 1.832028333412773691e+01
1.763799803396263632e+00 1.827938072591362584e+01
1.765425396667075431e+00 1.823856447542194203e+01
1.767052488154111645e+00 1.819783439739402198e+01
1.768681079238192178e+00 1.815719030701264103e+01
1.770311171301410358e+00 1.811663201990071315e+01
1.771942765727132052e+00 1.807615935212014691e+01
1.773575863899998994e+00 1.803577212017060560e+01
1.775210467205928788e+00 1.799547014098835263e+01
1.776846577032116459e+00 1.795525323194510037e+01
1.778484194767035342e+00 1.791512121084672415e+01
1.780123321800438863e+00 1.787507389593219642e+01
1.781763959523360308e+00 1.783511110587232551e+01
1.783406109328116607e+00 1.779523265976871826e+01
1.785049772608306551e+00 1.775543837715241224e+01
1.786694950758813238e+00 1.771572807798290938e+01
1.788341645175806960e+00 1.767610158264687925e+01
1.789989857256742756e+00 1.763655871195707903e+01
1.791639588400365080e+00 1.759709928715113847e+01
1.793290840006706910e+00 1.755772312989051898e+01
1.794943613477091748e+00 1.751843006225923460e+01
1.796597910214134508e+00 1.747921990676275783e+01
1.798253731621742402e+00 1.744009248632698572e+01
1.799911079105117606e+00 1.740104762429690055e+01
1.801569954070756374e+00 1.736208514443561057e+01
1.803230357926451921e+00 1.732320487092315631e+01
1.804892292081294425e+00 1.728440662835534880e+01
1.806555757945673024e+00 1.724569024174275356e+01
1.808220756931276707e+00 1.720705553650942221e+01
1.809887290451095199e+00 1.716850233849190133e+01
1.811555359919421626e+00 1.713003047393808131e+01
1.813224966751850964e+00 1.709163976950606312e+01
1.814896112365283809e+00 1.705333005226309595e+01
1.816568798177926825e+00 1.701510114968439069e+01
1.818243025609293184e+00 1.697695288965213223e+01
1.819918796080204570e+00 1.693888510045432838e+01
1.821596111012792063e+00 1.690089761078368369e+01
1.823274971830498137e+00 1.686299024973656202e+01
1.824955379958075996e+00 1.682516284681189234e+01
1.826637336821592239e+00 1.678741523191006024e+01
1.828320843848429078e+00 1.674974723533183507e+01
1.830005902467282342e+00 1.671215868777733249e+01
1.831692514108166137e+00 1.667464942034487052e+01
1.833380680202411739e+00 1.663721926452993216e+01
1.835070402182669591e+00 1.659986805222414574e+01
1.836761681482911079e+00 1.656259561571413386e+01
1.838454519538428311e+00 1.652540178768052215e+01
1.840148917785837446e+00 1.648828640119684152e+01
1.841844877663077584e+00 1.645124928972844813e+01
1.843542400609413656e+00 1.641429028713158189e+01
1.845241488065437085e+00 1.637740922765221185e+01
1.846942141473066235e+00 1.634060594592498816e+01
1.848644362275549735e+00 1.630388027697227571e+01
1.850348151917464934e+00 1.626723205620307411e+01
1.852053511844722333e+00 1.623066111941194123e+01
1.853760443504563149e+00 1.619416730277803040e+01
1.855468948345563307e+00 1.615775044286402817e+01
1.857179027817634331e+00 1.612141037661509557e+01
1.858890683372022901e+00 1.608514694135790890e+01
1.860603916461314400e+00 1.604895997479958325e+01
1.862318728539432255e+00 1.601284931502667419e+01
1.864035121061639488e+00 1.597681480050418834e+01
1.865753095484541824e+00 1.594085627007449268e+01
1.867472653266085691e+00 1.590497356295641396e+01
1.869193795865562668e+00 1.586916651874415152e+01
1.870916524743608145e+00 1.583343497740629502e+01
1.872640841362204878e+00 1.579777877928479946e+01
1.874366747184682103e+00 1.576219776509406678e+01
1.876094243675717976e+00 1.572669177591986589e+01
1.877823332301340464e+00 1.569126065321839469e+01
1.879554014528929118e+00 1.565590423881523385e+01
1.881286291827215740e+00 1.562062237490443906e+01
1.883020165666285273e+00 1.558541490404748586e+01
1.884755637517577798e+00 1.555028166917234422e+01
1.886492708853890310e+00 1.551522251357243931e+01
1.888231381149375832e+00 1.548023728090574735e+01
1.889971655879547408e+00 1.544532581519376180e+01
1.891713534521276996e+00 1.541048796082057670e+01
1.893457018552797910e+00 1.537572356253189376e+01
1.895202109453706374e+00 1.534103246543405064e+01
1.896948808704961298e+00 1.530641451499307770e+01
1.898697117788887834e+00 1.527186955703373883e+01
1.900447038189175597e+00 1.523739743773855793e+01
1.902198571390883775e+00 1.520299800364688814e+01
1.903951718880438237e+00 1.516867110165395438e+01
1.905706482145635539e+00 1.513441657900992787e+01
1.907462862675644466e+00 1.510023428331893669e+01
1.909220861961004267e+00 1.506612406253816161e+01
1.910980481493629979e+00 1.503208576497686977e+01
1.912741722766809982e+00 1.499811923929554602e+01
1.914504587275210223e+00 1.496422433450485556e+01
1.916269076514873548e+00 1.493040089996479303e+01
1.918035191983221477e+00 1.489664878538372506e+01
1.919802935179055980e+00 1.486296784181211450e+01
1.921572307602560148e+00 1.482935794226908577e+01
1.923343310755300184e+00 1.479581898085539571e+01
1.925115946140225631e+00 1.476235085248326584e+01
1.926890215261671147e+00 1.472895345201000161e+01
1.928666119625358721e+00 1.469562667423912394e+01
1.930443660738396794e+00 1.466237041392163043e+01
1.932222840109284023e+00 1.462918456575710735e+01
1.934003659247908624e+00 1.459606902439496423e+01
1.935786119665550586e+00 1.456302368443559736e+01
1.937570222874883008e+00 1.453004844043157640e+01
1.939355970389972761e+00 1.449714318688879544e+01
1.941143363726282267e+00 1.446430781826762235e+01
1.942932404400670610e+00 1.443154222898411909e+01
1.944723093931395308e+00 1.439884631341111287e+01
1.946515433838112541e+00 1.436621996587942718e+01
1.948309425641879145e+00 1.433366308067895822e+01
1.950105070865154611e+00 1.430117555205985624e+01
1.951902371031800421e+00 1.426875727423362505e+01
1.953701327667083820e+00 1.423640814137431931e+01
1.955501942297676488e+00 1.420412804761959613e+01
1.957304216451657419e+00 1.417191688707185904e+01
1.959108151658515373e+00 1.413977455379937354e+01
1.960913749449146648e+00 1.410770094183740220e+01
1.962721011355860190e+00 1.407569594518928113e+01
1.964529938912376039e+00 1.404375945782753909e+01
1.966340533653828659e+00 1.401189137369494375e+01
1.968152797116766495e+00 1.398009158670570429e+01
1.969966730839154634e+00 1.394835999074643063e+01
1.971782336360375920e+00 1.391669647967728274e+01
1.973599615221231174e+00 1.388510094733308087e+01
1.975418568963942079e+00 1.385357328752425943e+01
1.977239199132151182e+00 1.382211339403808736e+01
1.979061507270923670e+00 1.379072116063959896e+01
1.980885494926749146e+00 1.375939648107273783e+01
1.982711163647542074e+00 1.372813924906138183e+01
1.984538514982643997e+00 1.369694935831034854e+01
1.986367550482824429e+00 1.366582670250653209e+01
1.988198271700281072e+00 1.363477117531988902e+01
1.990030680188643597e+00 1.360378267040444555e+01
1.991864777502972750e+00 1.357286108139936509e+01
1.993700565199763020e+00 1.354200630192998211e+01
1.995538044836942637e+00 1.351121822560880581e+01
1.997377217973876684e+00 1.348049674603652015e+01
1.999218086171366426e+00 1.344984175680305327e+01
2.001060650991652423e+00 1.341925315148850295e+01
2.002904913998414749e+00 1.338873082366420242e+01
2.004750876756774325e+00 1.335827466689368492e+01
2.006598540833294919e+00 1.332788457473372645e+01
2.008447907795984477e+00 1.329756044073524635e+01
2.010298979214295123e+00 1.326730215844436600e+01
2.012151756659126711e+00 1.323710962140337699e+01
2.014006241702825051e+00 1.320698272315167898e+01
2.015862435919187678e+00 1.317692135722678337e+01
2.017720340883459862e+00 1.314692541716529028e+01
2.019579958172340373e+00 1.311699479650381406e+01
2.021441289363981486e+00 1.308712938877993004e+01
2.023304336037988094e+00 1.305732908753320665e+01
2.025169099775422588e+00 1.302759378630605802e+01
2.027035582158803972e+00 1.299792337864476544e+01
2.028903784772109642e+00 1.296831775810031573e+01
2.030773709200777599e+00 1.293877681822946357e+01
2.032645357031705569e+00 1.290930045259559478e+01
2.034518729853255437e+00 1.287988855476960026e+01
2.036393829255251919e+00 1.285054101833089213e+01
2.038270656828985672e+00 1.282125773686827053e+01
2.040149214167213287e+00 1.279203860398085801e+01
2.042029502864159074e+00 1.276288351327896819e+01
2.043911524515518607e+00 1.273379235838503476e+01
2.045795280718455622e+00 1.270476503293454762e+01
2.047680773071607341e+00 1.267580143057685405e+01
2.049568003175084030e+00 1.264690144497613922e+01
2.051456972630470776e+00 1.261806496981227532e+01
2.053347683040828375e+00 1.258929189878169019e+01
2.055240136010695107e+00 1.256058212559826792e+01
2.057134333146088956e+00 1.253193554399420329e+01
2.059030276054506725e+00 1.250335204772089881e+01
2.060927966344928031e+00 1.247483153054976590e+01
2.062827405627814414e+00 1.244637388627317165e+01
2.064728595515112008e+00 1.241797900870524174e+01
2.066631537620252868e+00 1.238964679168269534e+01
2.068536233558155857e+00 1.236137712906573149e+01
2.070442684945227985e+00 1.233316991473884094e+01
2.072350893399366178e+00 1.230502504261170849e+01
2.074260860539959062e+00 1.227694240661991998e+01
2.076172587987886953e+00 1.224892190072593223e+01
2.078086077365523643e+00 1.222096341891979598e+01
2.080001330296739503e+00 1.219306685522006362e+01
2.081918348406901043e+00 1.216523210367450147e+01
2.083837133322872237e+00 1.213745905836099936e+01
2.085757686673017197e+00 1.210974761338831840e+01
2.087680010087199722e+00 1.208209766289695075e+01
2.089604105196787298e+00 1.205450910105983020e+01
2.091529973634649320e+00 1.202698182208324340e+01
2.093457617035161533e+00 1.199951572020752266e+01
2.095387037034205147e+00 1.197211068970788439e+01
2.097318235269169051e+00 1.194476662489520535e+01
2.099251213378952041e+00 1.191748342011680428e+01
2.101185973003962371e+00 1.189026096975719682e+01
2.103122515786120861e+00 1.186309916823887711e+01
2.105060843368860457e+00 1.183599791002311541e+01
2.107000957397131113e+00 1.180895708961066681e+01
2.108942859517396684e+00 1.178197660154256532e+01
2.110886551377638476e+00 1.175505634040088587e+01
2.112832034627358357e+00 1.172819620080945135e+01
2.114779310917576982e+00 1.170139607743464794e+01
2.116728381900836897e+00 1.167465586498609831e+01
2.118679249231204320e+00 1.164797545821743263e+01
2.120631914564269138e+00 1.162135475192702394e+01
2.122586379557148017e+00 1.159479364095872356e+01
2.124542645868483515e+00 1.156829202020257163e+01
2.126500715158448518e+00 1.154184978459552013e+01
2.128460589088744914e+00 1.151546682912218422e+01
2.130422269322605811e+00 1.148914304881551196e+01
2.132385757524798642e+00 1.146287833875749840e+01
2.134351055361623839e+00 1.143667259407996006e+01
2.136318164500917938e+00 1.141052570996513360e+01
2.138287086612054466e+00 1.138443758164645914e+01
2.140257823365946166e+00 1.135840810440923221e+01
2.142230376435045436e+00 1.133243717359131253e+01
2.144204747493345664e+00 1.130652468458379012e+01
2.146180938216383893e+00 1.128067053283169052e+01
2.148158950281239932e+00 1.125487461383466403e+01
2.150138785366541239e+00 1.122913682314760564e+01
2.152120445152460704e+00 1.120345705638141531e+01
2.154103931320720644e+00 1.117783520920356999e+01
2.156089245554593248e+00 1.115227117733886786e+01
2.158076389538901463e+00 1.112676485657002701e+01
2.160065364960021661e+00 1.110131614273838885e+01
2.162056173505884527e+00 1.107592493174453452e+01
2.164048816865975944e+00 1.105059111954895812e+01
2.166043296731339218e+00 1.102531460217269199e+01
2.168039614794575964e+00 1.100009527569797818e+01
2.170037772749847882e+00 1.097493303626888661e+01
2.172037772292878088e+00 1.094982778009192259e+01
2.174039615120952895e+00 1.092477940343669118e+01
2.176043302932922252e+00 1.089978780263654734e+01
2.178048837429201523e+00 1.087485287408915546e+01
2.180056220311775483e+00 1.084997451425711645e+01
2.182065453284194323e+00 1.082515261966867293e+01
2.184076538051580751e+00 1.080038708691818528e+01
2.186089476320628222e+00 1.077567781266683511e+01
2.188104269799602708e+00 1.075102469364320967e+01
2.190120920198344923e+00 1.072642762664388094e+01
2.192139429228271652e+00 1.070188650853401846e+01
2.194159798602377087e+00 1.067740123624797022e+01
2.196182030035232824e+00 1.065297170678987904e+01
2.198206125242993636e+00 1.062859781723421193e+01
2.200232085943392590e+00 1.060427946472643157e+01
2.202259913855747708e+00 1.058001654648349543e+01
2.204289610700961521e+00 1.055580895979445266e+01
2.206321178201522404e+00 1.053165660202103027e+01
2.208354618081506349e+00 1.050755937059819445e+01
2.210389932066577856e+00 1.048351716303472259e+01
2.212427121883993042e+00 1.045952987691372016e+01
2.214466189262598750e+00 1.043559740989324069e+01
2.216507135932835215e+00 1.041171965970680269e+01
2.218549963626738286e+00 1.038789652416396336e+01
2.220594674077939423e+00 1.036412790115082849e+01
2.222641269021668808e+00 1.034041368863061550e+01
2.224689750194754900e+00 1.031675378464421300e+01
2.226740119335627099e+00 1.029314808731068709e+01
2.228792378184317524e+00 1.026959649482781955e+01
2.230846528482461455e+00 1.024609890547266566e+01
2.232902571973299999e+00 1.022265521760203555e+01
2.234960510401680089e+00 1.019926532965304311e+01
2.237020345514056707e+00 1.017592914014363537e+01
2.239082079058495545e+00 1.015264654767307917e+01
2.241145712784672117e+00 1.012941745092249590e+01
2.243211248443876205e+00 1.010624174865533398e+01
2.245278687789009187e+00 1.008311933971795682e+01
2.247348032574590260e+00 1.006005012304004786e+01
2.249419284556754217e+00 1.003703399763517012e+01
2.251492445493255445e+00 1.001407086260123869e+01
2.253567517143467480e+00 9.991160617121005671e+00
2.255644501268385671e+00 9.968303160462593127e+00
2.257723399630628958e+00 9.945498391979899822e+00
2.259804213994440314e+00 9.922746211113182113e+00
2.261886946125687636e+00 9.900046517389437639e+00
2.263971597791868184e+00 9.877399210422957765e+00
2.266058170762106805e+00 9.854804189915746804e+00
2.268146666807160372e+00 9.832261355658003410e+00
2.270237087699415568e+00 9.809770607528612629e+00
2.272329435212895099e+00 9.787331845495566895e+00
2.274423711123254588e+00 9.764944969616477621e+00
2.276519917207787014e+00 9.742609880038973103e+00
2.278618055245423601e+00 9.720326477001199450e+00
2.280718127016735153e+00 9.698094660832218494e+00
2.282820134303932935e+00 9.675914331952533587e+00
2.284924078890870902e+00 9.653785390874457306e+00
2.287029962563047469e+00 9.631707738202569757e+00
2.289137787107606847e+00 9.609681274634183978e+00
2.291247554313339041e+00 9.587705900959763383e+00
2.293359265970684735e+00 9.565781518063337430e+00
2.295472923871733073e+00 9.543908026922942156e+00
2.297588529810225211e+00 9.522085328611053612e+00
2.299706085581556092e+00 9.500313324295003525e+00
2.301825592982774449e+00 9.478591915237380761e+00
2.303947053812586354e+00 9.456921002796466524e+00
2.306070469871354334e+00 9.435300488426658916e+00
2.308195842961102251e+00 9.413730273678812210e+00
2.310323174885512643e+00 9.392210260200741345e+00
2.312452467449930715e+00 9.370740349737575414e+00
2.314583722461367010e+00 9.349320444132136032e+00
2.316716941728496071e+00 9.327950445325365436e+00
2.318852127061660440e+00 9.306630255356713732e+00
2.320989280272869770e+00 9.285359776364545681e+00
2.323128403175804824e+00 9.264138910586478204e+00
2.325269497585818357e+00 9.242967560359829804e+00
2.327412565319934679e+00 9.221845628121947414e+00
2.329557608196854090e+00 9.200773016410630945e+00
2.331704628036951998e+00 9.179749627864481454e+00
2.333853626662282910e+00 9.158775365223265297e+00
2.336004605896579545e+00 9.137850131328322689e+00
2.338157567565255501e+00 9.116973829122896333e+00
2.340312513495407476e+00 9.096146361652506229e+00
2.342469445515815263e+00 9.075367632065349355e+00
2.344628365456945307e+00 9.054637543612578554e+00
2.346789275150948928e+00 9.033955999648748403e+00
2.348952176431668537e+00 9.013322903632083438e+00
2.351117071134634973e+00 8.992738159124915143e+00
2.353283961097071497e+00 8.972201669793944845e+00
2.355452848157894685e+00 8.951713339410639847e+00
2.357623734157715756e+00 8.931273071851567380e+00
2.359796620938841905e+00 8.910880771098726782e+00
2.361971510345278968e+00 8.890536341239867468e+00
2.364148404222731870e+00 8.870239686468867291e+00
2.366327304418607280e+00 8.849990711086011430e+00
2.368508212782013178e+00 8.829789319498368982e+00
2.370691131163763288e+00 8.809635416220070070e+00
2.372876061416376192e+00 8.789528905872664666e+00
2.375063005394077553e+00 8.769469693185431680e+00
2.377251964952803220e+00 8.749457682995664953e+00
2.379442941950198342e+00 8.729492780249055173e+00
2.381635938245620920e+00 8.709574889999929681e+00
2.383830955700141807e+00 8.689703917411595313e+00
2.386027996176547816e+00 8.669879767756651034e+00
2.388227061539343055e+00 8.650102346417265053e+00
2.390428153654748034e+00 8.630371558885499894e+00
2.392631274390705443e+00 8.610687310763598390e+00
2.394836425616878373e+00 8.591049507764278559e+00
2.397043609204653869e+00 8.571458055711023150e+00
2.399252827027142931e+00 8.551912860538378069e+00
2.401464080959182734e+00 8.532413828292234825e+00
2.403677372877339735e+00 8.512960865130114740e+00
2.405892704659907899e+00 8.493553877321458501e+00
2.408110078186914471e+00 8.474192771247869516e+00
2.410329495340118200e+00 8.454877453403465637e+00
2.412550958003011559e+00 8.435607830395067452e+00
2.414774468060824741e+00 8.416383808942526912e+00
2.417000027400523443e+00 8.397205292652692776e+00
2.419227637910814188e+00 8.378072129198919527e+00
2.421457301482142999e+00 8.358984119407406155e+00
2.423689020006698946e+00 8.339941063683930622e+00
2.425922795378414154e+00 8.320942763526485209e+00
2.428158629492967346e+00 8.301989021519831979e+00
2.430396524247784296e+00 8.283079641329965881e+00
2.432636481542038265e+00 8.264214427698743037e+00
2.434878503276654449e+00 8.245393186438379374e+00
2.437122591354309087e+00 8.226615724426171283e+00
2.439368747679431682e+00 8.207881849599088397e+00
2.441616974158208109e+00 8.189191370948488924e+00
2.443867272698580173e+00 8.170544098514861631e+00
2.446119645210248716e+00 8.151939843382541184e+00
2.448374093604674062e+00 8.133378417674547833e+00
2.450630619795077791e+00 8.114859634547388012e+00
2.452889225696446740e+00 8.096383308185888694e+00
2.455149913225530778e+00 8.077949253798138329e+00
2.457412684300847250e+00 8.059557287610369158e+00
2.459677540842680532e+00 8.041207226861894597e+00
2.461944484773086472e+00 8.022898889800137212e+00
2.464213518015891946e+00 8.004632095675601633e+00
2.466484642496695301e+00 7.986406664736947825e+00
2.468757860142872129e+00 7.968222418226028836e+00
2.471033172883572160e+00 7.950079178373047561e+00
2.473310582649724143e+00 7.931976768391639787e+00
2.475590091374037183e+00 7.913915012474081578e+00
2.477871700990999848e+00 7.895893735786448708e+00
2.480155413436885059e+00 7.877912764463857798e+00
2.482441230649749198e+00 7.859971925605734988e+00
2.484729154569436549e+00 7.842071047271057971e+00
2.487019187137577081e+00 7.824209958473701931e+00
2.489311330297592217e+00 7.806388489177766843e+00
2.491605585994693506e+00 7.788606470292933182e+00
2.493901956175884393e+00 7.770863733669902906e+00
2.496200442789964669e+00 7.753160112095750733e+00
2.498501047787528684e+00 7.735495439289433506e+00
2.500803773120970241e+00 7.717869549897248049e+00
2.503108620744480817e+00 7.700282279488328996e+00
2.505415592614053555e+00 7.682733464550225655e+00
2.507724690687484603e+00 7.665222942484374968e+00
2.510035916924374000e+00 7.647750551601797397e+00
2.512349273286128337e+00 7.630316131118620504e+00
2.514664761735962095e+00 7.612919521151754410e+00
2.516982384238898085e+00 7.595560562714573472e+00
2.519302142761771446e+00 7.578239097712562433e+00
2.521624039273228313e+00 7.560954968939107346e+00
2.523948075743732034e+00 7.543708020071116849e+00
2.526274254145558729e+00 7.526498095664940102e+00
2.528602576452805284e+00 7.509325041152031588e+00
2.530933044641385354e+00 7.492188702834846836e+00
2.533265660689035137e+00 7.475088927882651113e+00
2.535600426575314259e+00 7.458025564327385837e+00
2.537937344281604446e+00 7.440998461059590952e+00
2.540276415791115738e+00 7.424007467824266016e+00
2.542617643088885604e+00 7.407052435216858299e+00
2.544961028161779382e+00 7.390133214679214468e+00
2.547306572998496055e+00 7.373249658495546477e+00
2.549654279589565586e+00 7.356401619788455193e+00
2.552004149927353804e+00 7.339588952514978892e+00
2.554356186006061069e+00 7.322811511462619549e+00
2.556710389821728047e+00 7.306069152245447285e+00
2.559066763372233044e+00 7.289361731300198599e+00
2.561425308657296451e+00 7.272689105882371052e+00
2.563786027678481627e+00 7.256051134062420083e+00
2.566148922439196234e+00 7.239447674721883885e+00
2.568513994944696233e+00 7.222878587549598883e+00
2.570881247202082776e+00 7.206343733037908095e+00
2.573250681220308866e+00 7.189842972478887262e+00
2.575622299010178917e+00 7.173376167960614502e+00
2.577996102584349192e+00 7.156943182363436406e+00
2.580372093957333135e+00 7.140543879356267887e+00
2.582750275145499153e+00 7.124178123392909789e+00
2.585130648167073719e+00 7.107845779708407363e+00
2.587513215042145376e+00 7.091546714315386524e+00
2.589897977792662509e+00 7.075280794000447848e+00
2.592284938442438236e+00 7.059047886320569454e+00
2.594674099017149516e+00 7.042847859599529414e+00
2.597065461544342480e+00 7.026680582924330842e+00
2.599459028053429765e+00 7.010545926141695361e+00
2.601854800575695403e+00 6.994443759854521048e+00
2.604252781144295703e+00 6.978373955418387453e+00
2.606652971794260143e+00 6.962336384938081935e+00
2.609055374562494478e+00 6.946330921264139313e+00
2.611459991487781185e+00 6.930357437989397518e+00
2.613866824610781681e+00 6.914415809445585204e+00
2.616275875974039877e+00 6.898505910699883614e+00
2.618687147621978628e+00 6.882627617551614563e+00
2.621100641600909498e+00 6.866780806528786307e+00
2.623516359959025657e+00 6.850965354884818836e+00
2.625934304746411652e+00 6.835181140595175009e+00
2.628354478015038964e+00 6.819428042354054753e+00
2.630776881818770896e+00 6.803705939571123906e+00
2.633201518213364345e+00 6.788014712368202197e+00
2.635628389256470694e+00 6.772354241576043599e+00
2.638057497007637142e+00 6.756724408731069609e+00
2.640488843528309815e+00 6.741125096072161149e+00
2.642922430881833318e+00 6.725556186537448689e+00
2.645358261133456068e+00 6.710017563761114801e+00
2.647796336350328517e+00 6.694509112070236689e+00
2.650236658601506257e+00 6.679030716481633156e+00
2.652679229957952689e+00 6.663582262698711567e+00
2.655124052492538578e+00 6.648163637108361002e+00
2.657571128280046935e+00 6.632774726777830310e+00
2.660020459397170356e+00 6.617415419451683434e+00
2.662472047922518570e+00 6.602085603548657922e+00
2.664925895936614886e+00 6.586785168158663772e+00
2.667382005521900634e+00 6.571514003039733431e+00
2.669840378762736499e+00 6.556271998614980667e+00
2.672301017745403851e+00 6.541059045969599417e+00
2.674763924558107853e+00 6.525875036847881283e+00
2.677229101290976576e+00 6.510719863650221484e+00
2.679696550036066771e+00 6.495593419430175430e+00
2.682166272887361202e+00 6.480495597891491322e+00
2.684638271940772647e+00 6.465426293385195144e+00
2.687112549294147890e+00 6.450385400906641920e+00
2.689589107047264172e+00 6.435372816092673531e+00
2.692067947301836295e+00 6.420388435218673528e+00
2.694549072161513958e+00 6.405432155195724953e+00
2.697032483731888419e+00 6.390503873567720206e+00
2.699518184120488939e+00 6.375603488508567729e+00
2.702006175436787672e+00 6.360730898819317858e+00
2.704496459792202767e+00 6.345886003925361507e+00
2.706989039300096156e+00 6.331068703873628856e+00
2.709483916075779319e+00 6.316278899329802243e+00
2.711981092236511959e+00 6.301516491575534396e+00
2.714480569901504659e+00 6.286781382505711946e+00
2.716982351191923772e+00 6.272073474625671885e+00
2.719486438230887426e+00 6.257392671048491728e+00
2.721992833143473067e+00 6.242738875492261919e+00
2.724501538056715688e+00 6.228111992277376885e+00
2.727012555099609603e+00 6.213511926323860735e+00
2.729525886403112889e+00 6.198938583148646764e+00
2.732041534100146940e+00 6.184391868862946673e+00
2.734559500325599579e+00 6.169871690169571821e+00
2.737079787216324611e+00 6.155377954360307768e+00
2.739602396911147597e+00 6.140910569313266620e+00
2.742127331550863190e+00 6.126469443490276667e+00
2.744654593278239574e+00 6.112054485934293346e+00
2.747184184238021132e+00 6.097665606266765792e+00
2.749716106576927555e+00 6.083302714685109969e+00
2.752250362443657394e+00 6.068965721960082327e+00
2.754786953988890286e+00 6.054654539433265370e+00
2.757325883365286057e+00 6.040369079014507037e+00
2.759867152727490947e+00 6.026109253179387615e+00
2.762410764232134941e+00 6.011874974966699092e+00
2.764956720037837545e+00 5.997666157975926282e+00
2.767505022305206008e+00 5.983482716364763476e+00
2.770055673196840651e+00 5.969324564846612446e+00
2.772608674877333090e+00 5.955191618688127519e+00
2.775164029513270680e+00 5.941083793706720684e+00
2.777721739273238288e+00 5.927001006268133310e+00
2.780281806327818295e+00 5.912943173283969678e+00
2.782844232849595034e+00 5.898910212209291792e+00
2.785409021013153907e+00 5.884902041040174225e+00
2.787976172995084045e+00 5.870918578311314029e+00
2.790545690973982751e+00 5.856959743093603343e+00
2.793117577130452833e+00 5.843025454991781942e+00
2.795691833647108826e+00 5.829115634142004509e+00
2.798268462708575210e+00 5.815230201209517169e+00
2.800847466501491745e+00 5.801369077386280715e+00
2.803428847214511244e+00 5.787532184388613388e+00
2.806012607038305351e+00 5.773719444454882499e+00
2.808598748165564540e+00 5.759930780343125001e+00
2.811187272790999003e+00 5.746166115328787960e+00
2.813778183111343534e+00 5.732425373202387320e+00
2.816371481325355752e+00 5.718708478267192419e+00
2.818967169633820546e+00 5.705015355336993110e+00
2.821565250239551847e+00 5.691345929733751419e+00
2.824165725347391742e+00 5.677700127285387310e+00
2.826768597164217134e+00 5.664077874323483641e+00
2.829373867898936634e+00 5.650479097681049723e+00
2.831981539762495448e+00 5.636903724690279560e+00
2.834591614967876705e+00 5.623351683180303873e+00
2.837204095730102793e+00 5.609822901474995405e+00
2.839818984266238022e+00 5.596317308390710288e+00
2.842436282795389069e+00 5.582834833234132432e+00
2.845055993538709860e+00 5.569375405800026435e+00
2.847678118719398466e+00 5.555938956369093518e+00
2.850302660562704204e+00 5.542525415705761738e+00
2.852929621295926754e+00 5.529134715056017946e+00
2.855559003148417929e+00 5.515766786145260170e+00
2.858190808351585677e+00 5.502421561176130460e+00
2.860825039138892745e+00 5.489098972826368161e+00
2.863461697745860679e+00 5.475798954246689831e+00
2.866100786410072931e+00 5.462521439058633632e+00
2.868742307371173528e+00 5.449266361352443688e+00
2.871386262870871509e+00 5.436033655684986421e+00
2.874032655152940929e+00 5.422823257077601156e+00
2.876681486463225745e+00 5.409635101014032443e+00
2.879332759049638035e+00 5.396469123438329518e+00
2.881986475162161554e+00 5.383325260752775065e+00
2.884642637052855285e+00 5.370203449815791785e+00
2.887301246975852109e+00 5.357103627939896029e+00
2.889962307187364132e+00 5.344025732889624791e+00
2.892625819945681354e+00 5.330969702879488459e+00
2.895291787511175663e+00 5.317935476571942210e+00
2.897960212146303061e+00 5.304922993075314785e+00
2.900631096115602325e+00 5.291932191941819852e+00
2.903304441685702564e+00 5.278963013165501650e+00
2.905980251125319658e+00 5.266015397180241031e+00
2.908658526705260705e+00 5.253089284857737518e+00
2.911339270698426240e+00 5.240184617505511788e+00
2.914022485379811567e+00 5.227301336864906389e+00
2.916708173026508089e+00 5.214439385109117531e+00
2.919396335917706864e+00 5.201598704841187804e+00
2.922086976334698605e+00 5.188779239092053075e+00
2.924780096560877674e+00 5.175980931318574285e+00
2.927475698881740751e+00 5.163203725401567468e+00
2.930173785584893942e+00 5.150447565643865744e+00
2.932874358960048777e+00 5.137712396768355561e+00
2.935577421299029321e+00 5.124998163916055560e+00
2.938282974895770838e+00 5.112304812644162588e+00
2.940991022046322456e+00 5.099632288924140333e+00
2.943701565048850721e+00 5.086980539139794644e+00
2.946414606203638709e+00 5.074349510085359505e+00
2.949130147813090908e+00 5.061739148963577684e+00
2.951848192181732777e+00 5.049149403383814239e+00
2.954568741616214744e+00 5.036580221360154930e+00
2.957291798425311757e+00 5.024031551309506405e+00
2.960017364919927285e+00 5.011503342049734577e+00
2.962745443413095536e+00 4.998995542797756819e+00
2.965476036219981015e+00 4.986508103167693662e+00
2.968209145657883852e+00 4.974040973168980528e+00
2.970944774046237580e+00 4.961594103204541639e+00
2.973682923706614467e+00 4.949167444068898192e+00
2.976423596962727292e+00 4.936760946946333384e+00
2.979166796140429341e+00 4.924374563409047667e+00
2.981912523567718409e+00 4.912008245415318441e+00
2.984660781574736799e+00 4.899661945307683730e+00
2.987411572493774425e+00 4.887335615811092993e+00
2.990164898659272374e+00 4.875029210031076587e+00
2.992920762407821567e+00 4.862742681451968529e+00
2.995679166078167199e+00 4.850475983935063518e+00
2.998440112011209191e+00 4.838229071716808605e+00
3.001203602550006178e+00 4.826001899407024176e+00
3.003969640039775513e+00 4.813794421987088512e+00
3.006738226827895044e+00 4.801606594808164097e+00
3.009509365263908443e+00 4.789438373589381293e+00
3.012283057699522093e+00 4.777289714416109945e+00
3.015059306488612645e+00 4.765160573738112859e+00
3.017838113987223903e+00 4.753050908367843164e+00
3.020619482553571267e+00 4.740960675478646635e+00
3.023403414548045731e+00 4.728889832602979126e+00
3.026189912333210774e+00 4.716838337630698597e+00
3.028978978273809464e+00 4.704806148807274546e+00
3.031770614736763125e+00 4.692793224732058732e+00
3.034564824091175783e+00 4.680799524356535457e+00
3.037361608708333716e+00 4.668825006982585180e+00
3.040160970961709008e+00 4.656869632260761449e+00
3.042962913226961330e+00 4.644933367978327787e+00
3.045767437881940154e+00 4.633016292805906211e+00
3.048574547306685645e+00 4.621118566688187101e+00
3.051384243883433101e+00 4.609240349809063275e+00
3.054196529996611176e+00 4.597381800625130133e+00
3.057011408032848099e+00 4.585543075872484664e+00
3.059828880380970340e+00 4.573724330573587515e+00
3.062648949432007495e+00 4.561925718044200551e+00
3.065471617579190955e+00 4.550147389900338624e+00
3.068296887217959235e+00 4.538389496065281747e+00
3.071124760745958415e+00 4.526652184776666310e+00
3.073955240563043478e+00 4.514935602593594943e+00
3.076788329071282302e+00 4.503239894403801458e+00
3.079624028674955660e+00 4.491565203430872621e+00
3.082462341780561665e+00 4.479911671241513460e+00
3.085303270796813990e+00 4.468279437752849859e+00
3.088146818134648530e+00 4.456668641239771134e+00
3.090992986207222515e+00 4.445079418342348987e+00
3.093841777429916284e+00 4.433511904073245802e+00
3.096693194220338174e+00 4.421966231825209981e+00
3.099547238998322740e+00 4.410442533378604146e+00
3.102403914185935196e+00 4.398940938908935117e+00
3.105263222207474971e+00 4.387461576994461154e+00
3.108125165489473041e+00 4.376004574623833854e+00
3.110989746460698591e+00 4.364570057203761344e+00
3.113856967552158572e+00 4.353158148566708796e+00
3.116726831197100811e+00 4.341768970978644226e+00
3.119599339831015339e+00 4.330402645146798513e+00
3.122474495891636614e+00 4.319059290227487580e+00
3.125352301818947520e+00 4.307739023833927483e+00
3.128232760055176698e+00 4.296441962044133867e+00
3.131115873044806541e+00 4.285168219408768131e+00
3.134001643234571421e+00 4.273917908959114165e+00
3.136890073073459462e+00 4.262691142215000006e+00
3.139781165012717867e+00 4.251488029192787010e+00
3.142674921505851593e+00 4.240308678413380328e+00
3.145571345008627784e+00 4.229153196910251822e+00
3.148470437979075776e+00 4.218021690237500287e+00
3.151372202877491979e+00 4.206914262477928546e+00
3.154276642166438993e+00 4.195831016251154288e+00
3.157183758310749155e+00 4.184772052721718261e+00
3.160093553777526765e+00 4.173737471607252836e+00
3.163006031036150301e+00 4.162727371186610625e+00
3.165921192558273756e+00 4.151741848308082794e+00
3.168839040817828856e+00 4.140780998397589840e+00
3.171759578291027282e+00 4.129844915466895472e+00
3.174682807456362887e+00 4.118933692121855117e+00
3.177608730794616143e+00 4.108047419570652004e+00
3.180537350788850137e+00 4.097186187632090082e+00
3.183468669924419014e+00 4.086350084743864741e+00
3.186402690688966644e+00 4.075539197970848626e+00
3.189339415572428393e+00 4.064753613013420974e+00
3.192278847067038239e+00 4.053993414215780966e+00
3.195220987667323431e+00 4.043258684574270845e+00
3.198165839870111604e+00 4.032549505745757656e+00
3.201113406174531217e+00 4.021865958055932389e+00
3.204063689082014221e+00 4.011208120507725461e+00
3.207016691096298722e+00 4.000576070789641392e+00
3.209972414723429868e+00 3.989969885284160966e+00
3.212930862471761628e+00 3.979389639076122087e+00
3.215892036851960345e+00 3.968835405961123275e+00
3.218855940377007840e+00 3.958307258453893862e+00
3.221822575562199198e+00 3.947805267796741013e+00
3.224791944925150311e+00 3.937329503967922140e+00
3.227764050985795219e+00 3.926880035690079929e+00
3.230738896266390991e+00 3.916456930438663164e+00
3.233716483291521726e+00 3.906060254450305802e+00
3.236696814588094995e+00 3.895690072731307740e+00
3.239679892685349394e+00 3.885346449066007679e+00
3.242665720114852768e+00 3.875029446025234581e+00
3.245654299410507093e+00 3.864739124974713835e+00
3.248645633108551589e+00 3.854475546083486748e+00
3.251639723747560051e+00 3.844238768332357115e+00
3.254636573868447069e+00 3.834028849522275184e+00
3.257636186014468915e+00 3.823845846282784677e+00
3.260638562731225321e+00 3.813689814080420515e+00
3.263643706566664804e+00 3.803560807227103435e+00
3.266651620071081119e+00 3.793458878888583463e+00
3.269662305797119028e+00 3.783384081092818985e+00
3.272675766299777411e+00 3.773336464738363816e+00
3.275692004136407487e+00 3.763316079602779141e+00
3.278711021866720365e+00 3.753322974350994379e+00
3.281732822052784826e+00 3.743357196543704468e+00
3.284757407259030426e+00 3.733418792645727624e+00
3.287784780052251055e+00 3.723507808034366651e+00
3.290814943001604931e+00 3.713624287007777802e+00
3.293847898678620822e+00 3.703768272793285465e+00
3.296883649657195381e+00 3.693939807555742139e+00
3.299922198513597582e+00 3.684138932405852884e+00
3.302963547826470503e+00 3.674365687408473136e+00
3.306007700176836206e+00 3.664620111590926044e+00
3.309054658148093075e+00 3.654902242951288294e+00
3.312104424326021146e+00 3.645212118466683915e+00
3.315157001298783879e+00 3.635549774101529685e+00
3.318212391656928606e+00 3.625915244815823613e+00
3.321270597993393636e+00 3.616308564573349038e+00
3.324331622903503369e+00 3.606729766349938693e+00
3.327395468984976734e+00 3.597178882141663259e+00
3.330462138837924968e+00 3.587655942973062562e+00
3.333531635064856502e+00 3.578160978905301270e+00
3.336603960270679181e+00 3.568694019044351240e+00
3.339679117062700708e+00 3.559255091549164973e+00
3.342757108050631754e+00 3.549844223639782470e+00
3.345837935846588174e+00 3.540461441605482484e+00
3.348921603065092345e+00 3.531106770812885376e+00
3.352008112323079825e+00 3.521780235714012441e+00
3.355097466239894466e+00 3.512481859854405641e+00
3.358189667437295522e+00 3.503211665881148296e+00
3.361284718539458094e+00 3.493969675550912424e+00
3.364382622172975346e+00 3.484755909737981661e+00
3.367483380966864726e+00 3.475570388442225322e+00
3.370586997552561748e+00 3.466413130797115105e+00
3.373693474563930650e+00 3.457284155077659182e+00
3.376802814637261285e+00 3.448183478708354954e+00
3.379915020411273563e+00 3.439111118271098722e+00
3.383030094527121001e+00 3.430067089513089140e+00
3.386148039628388950e+00 3.421051407354718243e+00
3.389268858361100811e+00 3.412064085897411836e+00
3.392392553373717146e+00 3.403105138431475218e+00
3.395519127317141894e+00 3.394174577443906049e+00
3.398648582844720156e+00 3.385272414626191217e+00
3.401780922612242630e+00 3.376398660882074410e+00
3.404916149277948278e+00 3.367553326335302799e+00
3.408054265502525215e+00 3.358736420337358197e+00
3.411195273949115592e+00 3.349947951475159780e+00
3.414339177283314264e+00 3.341187927578728178e+00
3.417485978173173677e+00 3.332456355728869113e+00
3.420635679289204312e+00 3.323753242264791297e+00
3.423788283304378233e+00 3.315078592791711465e+00
3.426943792894132645e+00 3.306432412188433645e+00
3.430102210736368562e+00 3.297814704614938641e+00
3.433263539511456131e+00 3.289225473519884702e+00
3.436427781902234635e+00 3.280664721648143267e+00
3.439594940594016492e+00 3.272132451048275659e+00
3.442765018274590805e+00 3.263628663079982672e+00
3.445938017634221584e+00 3.255153358421563059e+00
3.449113941365653524e+00 3.246706537077306276e+00
3.452292792164112001e+00 3.238288198384884353e+00
3.455474572727306626e+00 3.229898341022704678e+00
3.458659285755435242e+00 3.221536963017249899e+00
3.461846933951182148e+00 3.213204061750369434e+00
3.465037520019723427e+00 3.204899633966580286e+00
3.468231046668727391e+00 3.196623675780304819e+00
3.471427516608359021e+00 3.188376182683091642e+00
3.474626932551281300e+00 3.180157149550837836e+00
3.477829297212656545e+00 3.171966570650931683e+00
3.481034613310149517e+00 3.163804439649425593e+00
3.484242883563929194e+00 3.155670749618137982e+00
3.487454110696673659e+00 3.147565493041743601e+00
3.490668297433568323e+00 3.139488661824842541e+00
3.493885446502310810e+00 3.131440247298991064e+00
3.497105560633112287e+00 3.123420240229723088e+00
3.500328642558700576e+00 3.115428630823500189e+00
3.503554695014323261e+00 3.107465408734690460e+00
3.506783720737746801e+00 3.099530563072483869e+00
3.510015722469262744e+00 3.091624082407780083e+00
3.513250702951686399e+00 3.083745954780070520e+00
3.516488664930361274e+00 3.075896167704267548e+00
3.519729611153163962e+00 3.068074708177505716e+00
3.522973544370499699e+00 3.060281562685949197e+00
3.526220467335310804e+00 3.052516717211522401e+00
3.529470382803076234e+00 3.044780157238642371e+00
3.532723293531813802e+00 3.037071867760921418e+00
3.535979202282085510e+00 3.029391833287817803e+00
3.539238111816995769e+00 3.021740037851291749e+00
3.542500024902194955e+00 3.014116465012411261e+00
3.545764944305884292e+00 3.006521097867921100e+00
3.549032872798814076e+00 2.998953919056811745e+00
3.552303813154291223e+00 2.991414910766823532e+00
3.555577768148176165e+00 2.983904054740959655e+00
3.558854740558889063e+00 2.976421332283935239e+00
3.562134733167409362e+00 2.968966724268625956e+00
3.565417748757279792e+00 2.961540211142462020e+00
3.568703790114610808e+00 2.954141772933811083e+00
3.571992860028078809e+00 2.946771389258334928e+00
3.575284961288929697e+00 2.939429039325294202e+00
3.578580096690982426e+00 2.932114701943847379e+00
3.581878269030632556e+00 2.924828355529303092e+00
3.585179481106850918e+00 2.917569978109367135e+00
3.588483735721188506e+00 2.910339547330330845e+00
3.591791035677778687e+00 2.903137040463248830e+00
3.595101383783337656e+00 2.895962434410088715e+00
3.598414782847171978e+00 2.888815705709830262e+00
3.601731235681174148e+00 2.881696830544573373e+00
3.605050745099829701e+00 2.874605784745576820e+00
3.608373313920216763e+00 2.867542543799299626e+00
3.611698944962010049e+00 2.860507082853388727e+00
3.615027641047486195e+00 2.853499376722652858e+00
3.618359405001518869e+00 2.846519399895004909e+00
3.621694239651586766e+00 2.839567126537376751e+00
3.625032147827775386e+00 2.832642530501593647e+00
3.628373132362775699e+00 2.825745585330238452e+00
3.631717196091893918e+00 2.818876264262466957e+00
3.635064341853045722e+00 2.812034540239809477e+00
3.638414572486764254e+00 2.805220385911945336e+00
3.641767890836198784e+00 2.798433773642428513e+00
3.645124299747120045e+00 2.791674675514414616e+00
3.648483802067922888e+00 2.784943063336320801e+00
3.651846400649625846e+00 2.778238908647506555e+00
3.655212098345874239e+00 2.771562182723878998e+00
3.658580898012944171e+00 2.764912856583501277e+00
3.661952802509746085e+00 2.758290900992151240e+00
3.665327814697823428e+00 2.751696286468874320e+00
3.668705937441356646e+00 2.745128983291483138e+00
3.672087173607166299e+00 2.738588961502061547e+00
3.675471526064715277e+00 2.732076190912397173e+00
3.678858997686112797e+00 2.725590641109427281e+00
3.682249591346112627e+00 2.719132281460634459e+00
3.685643309922118860e+00 2.712701081119428093e+00
3.689040156294187245e+00 2.706297009030474321e+00
3.692440133345028297e+00 2.699920033935037100e+00
3.695843243960010405e+00 2.693570124376241548e+00
3.699249491027159387e+00 2.687247248704367930e+00
3.702658877437163820e+00 2.680951375082067045e+00
3.706071406083376374e+00 2.674682471489582269e+00
3.709487079861814696e+00 2.668440505729931633e+00
3.712905901671169406e+00 2.662225445434051263e+00
3.716327874412799659e+00 2.656037258065951701e+00
3.719753000990738467e+00 2.649875910927788958e+00
3.723181284311696260e+00 2.643741371164975096e+00
3.726612727285062210e+00 2.637633605771201761e+00
3.730047332822908235e+00 2.631552581593470830e+00
3.733485103839987662e+00 2.625498265337113502e+00
3.736926043253742336e+00 2.619470623570729018e+00
3.740370153984300838e+00 2.613469622731165121e+00
3.743817438954484711e+00 2.607495229128411918e+00
3.747267901089809339e+00 2.601547408950514395e+00
3.750721543318486173e+00 2.595626128268438748e+00
3.754178368571424063e+00 2.589731353040917394e+00
3.757638379782234139e+00 2.583863049119267785e+00
3.761101579887232482e+00 2.578021182252190346e+00
3.764567971825439674e+00 2.572205718090532223e+00
3.768037558538585685e+00 2.566416622192047026e+00
3.771510342971111651e+00 2.560653860026102624e+00
3.774986328070170760e+00 2.554917396978390265e+00
3.778465516785637135e+00 2.549207198355584403e+00
3.781947912070098283e+00 2.543523229390001195e+00
3.785433516878866644e+00 2.537865455244225465e+00
3.788922334169975592e+00 2.532233841015705700e+00
3.792414366904186096e+00 2.526628351741337042e+00
3.795909618044989386e+00 2.521048952402011878e+00
3.799408090558605622e+00 2.515495607927159316e+00
3.802909787413990106e+00 2.509968283199244254e+00
3.806414711582833288e+00 2.504466943058259787e+00
3.809922866039564759e+00 2.498991552306193853e+00
3.813434253761357251e+00 2.493542075711459027e+00
3.816948877728125744e+00 2.488118478013323642e+00
3.820466740922531468e+00 2.482720723926293172e+00
3.823987846329985008e+00 2.477348778144509822e+00
3.827512196938647193e+00 2.472002605346080184e+00
3.831039795739437093e+00 2.466682149196332663e+00
3.834570645726025351e+00 2.461387106356016208e+00
3.838104749894844403e+00 2.456117014944553922e+00
3.841642111245087143e+00 2.450871413971538626e+00
3.845182732778710921e+00 2.445649846073748801e+00
3.848726617500441094e+00 2.440451857476955588e+00
3.852273768417770583e+00 2.435276997958565115e+00
3.855824188540965203e+00 2.430124820811060626e+00
3.859377880883063661e+00 2.424994882806250640e+00
3.862934848459884662e+00 2.419886744160307135e+00
3.866495094290023360e+00 2.414799968499607097e+00
3.870058621394858012e+00 2.409734122827307701e+00
3.873625432798551760e+00 2.404688777490729290e+00
3.877195531528053962e+00 2.399663506149461334e+00
3.880768920613106410e+00 2.394657885744218007e+00
3.884345603086240217e+00 2.389671496466443834e+00
3.887925581982782930e+00 2.384703921728624554e+00
3.891508860340858522e+00 2.379754748135330278e+00
3.895095441201391839e+00 2.374823565454954100e+00
3.898685327608111262e+00 2.369909966592156358e+00
3.902278522607548705e+00 2.365013547560997687e+00
3.905875029249044950e+00 2.360133907458755509e+00
3.909474850584750527e+00 2.355270648440410231e+00
3.913077989669628387e+00 2.350423375693793115e+00
3.916684449561459669e+00 2.345591697415394972e+00
3.920294233320841482e+00 2.340775224786825426e+00
3.923907344011191789e+00 2.335973571951905470e+00
3.927523784698752518e+00 2.331186355994395942e+00
3.931143558452590003e+00 2.326413196916348625e+00
3.934766668344603424e+00 2.321653717617066626e+00
3.938393117449518144e+00 2.316907543872696262e+00
3.942022908844896367e+00 2.312174304316390927e+00
3.945656045611135809e+00 2.307453630419082469e+00
3.949292530831471471e+00 2.302745156470850763e+00
3.952932367591984075e+00 2.298048519562835956e+00
3.956575558981595631e+00 2.293363359569761784e+00
3.960222108092075644e+00 2.288689319133002442e+00
3.963872018018041565e+00 2.284026043644204584e+00
3.967525291856967229e+00 2.279373181229463974e+00
3.971181932709176632e+00 2.274730382734050149e+00
3.974841943677854150e+00 2.270097301707652893e+00
3.978505327869042763e+00 2.265473594390173151e+00
3.982172088391647602e+00 2.260858919698025105e+00
3.985842228357441286e+00 2.256252939210950714e+00
3.989515750881063028e+00 2.251655317159357850e+00
3.993192659080022189e+00 2.247065720412147360e+00
3.996872956074701388e+00 2.242483818465037082e+00
4.000556644988359167e+00 2.237909283429373453e+00
4.004243728947135317e+00 2.233341790021429407e+00
4.007934211080047326e+00 2.228781015552177447e+00
4.011628094518997045e+00 2.224226639917527670e+00
4.015325382398773790e+00 2.219678345589029878e+00
4.019026077857054347e+00 2.215135817605030866e+00
4.022730184034411849e+00 2.210598743562284252e+00
4.026437704074308677e+00 2.206066813608001276e+00
4.030148641123107112e+00 2.201539720432339475e+00
4.033862998330068450e+00 2.197017159261324348e+00
4.037580778847354779e+00 2.192498827850193788e+00
4.041301985830037857e+00 2.187984426477150635e+00
4.045026622436093788e+00 2.183473657937553991e+00
4.048754691826409235e+00 2.178966227538490230e+00
4.052486197164785864e+00 2.174461843093754787e+00
4.056221141617939452e+00 2.169960214919232300e+00
4.059959528355505221e+00 2.165461055828651560e+00
4.063701360550040498e+00 2.160964081129735703e+00
4.067446641377024719e+00 2.156469008620726768e+00
4.071195374014864754e+00 2.151975558587262860e+00
4.074947561644898464e+00 2.147483453799645670e+00
4.078703207451392920e+00 2.142992419510443280e+00
4.082462314621551513e+00 2.138502183452456684e+00
4.086224886345515728e+00 2.134012475837024692e+00
4.089990925816364253e+00 2.129523029352683672e+00
4.093760436230122757e+00 2.125033579164130604e+00
4.097533420785761216e+00 2.120543862911550281e+00
4.101309882685195696e+00 2.116053620710239613e+00
4.105089825133294568e+00 2.111562595150556554e+00
4.108873251337881172e+00 2.107070531298173677e+00
4.112660164509733818e+00 2.102577176694645722e+00
4.116450567862592003e+00 2.098082281358264467e+00
4.120244464613153745e+00 2.093585597785215136e+00
4.124041857981084469e+00 2.089086880951005476e+00
4.127842751189015225e+00 2.084585888312191049e+00
4.131647147462549796e+00 2.080082379808363857e+00
4.135455050030262925e+00 2.075576117864410541e+00
4.139266462123704748e+00 2.071066867393041466e+00
4.143081386977403469e+00 2.066554395797560506e+00
4.146899827828868013e+00 2.062038472974902614e+00
4.150721787918595140e+00 2.057518871318895215e+00
4.154547270490064115e+00 2.052995365723784271e+00
4.158376278789744696e+00 2.048467733587965967e+00
4.162208816067097139e+00 2.043935754817969741e+00
4.166044885574579304e+00 2.039399211832631842e+00
4.169884490567645763e+00 2.034857889567514455e+00
4.173727634304750467e+00 2.030311575479517572e+00
4.177574320047351186e+00 2.025760059551686254e+00
4.181424551059911288e+00 2.021203134298229287e+00
4.185278330609904174e+00 2.016640594769720352e+00
4.189135661967813284e+00 2.012072238558482162e+00
4.192996548407136537e+00 2.007497865804149129e+00
4.196860993204388102e+00 2.002917279199411649e+00
4.200728999639101957e+00 1.998330283995907175e+00
4.204600570993837216e+00 1.993736688010280922e+00
4.208475710554176352e+00 1.989136301630412662e+00
4.212354421608729638e+00 1.984528937821765204e+00
4.216236707449138699e+00 1.979914412133901180e+00
4.220122571370078290e+00 1.975292542707106191e+00
4.224012016669261627e+00 1.970663150279166054e+00
4.227905046647439491e+00 1.966026058192255066e+00
4.231801664608404678e+00 1.961381092399937964e+00
4.235701873858996436e+00 1.956728081474290670e+00
4.239605677709098686e+00 1.952066856613121404e+00
4.243513079471650684e+00 1.947397251647273730e+00
4.247424082462640804e+00 1.942719103048058393e+00
4.251338690001116305e+00 1.938032249934729778e+00
4.255256905409179780e+00 1.933336534082072733e+00
4.259178732011999813e+00 1.928631799928029134e+00
4.263104173137807429e+00 1.923917894581426369e+00
4.267033232117901420e+00 1.919194667829740908e+00
4.270965912286651012e+00 1.914461972146923374e+00
4.274902216981498526e+00 1.909719662701272247e+00
4.278842149542961160e+00 1.904967597363343756e+00
4.282785713314637199e+00 1.900205636713900192e+00
4.286732911643205135e+00 1.895433644051880639e+00
4.290683747878426324e+00 1.890651485402404131e+00
4.294638225373151208e+00 1.885859029524774577e+00
4.298596347483321978e+00 1.881056147920500354e+00
4.302558117567971685e+00 1.876242714841320547e+00
4.306523538989227795e+00 1.871418607297220760e+00
4.310492615112319292e+00 1.866583705064436272e+00
4.314465349305574016e+00 1.861737890693452968e+00
4.318441744940428428e+00 1.856881049516952320e+00
4.322421805391422289e+00 1.852013069657773014e+00
4.326405534036206646e+00 1.847133842036793538e+00
4.330392934255545612e+00 1.842243260380791448e+00
4.334384009433318141e+00 1.837341221230260668e+00
4.338378762956525136e+00 1.832427623947146200e+00
4.342377198215285894e+00 1.827502370722541292e+00
4.346379318602845210e+00 1.822565366584314006e+00
4.350385127515576045e+00 1.817616519404638975e+00
4.354394628352977747e+00 1.812655739907470087e+00
4.358407824517690266e+00 1.807682941675901933e+00
4.362424719415482599e+00 1.802698041159463305e+00
4.366445316455265235e+00 1.797700957681287237e+00
4.370469619049091037e+00 1.792691613445182020e+00
4.374497630612156129e+00 1.787669933542586298e+00
4.378529354562807008e+00 1.782635845959407384e+00
4.382564794322536983e+00 1.777589281582725222e+00
4.386603953315995064e+00 1.772530174207368692e+00
4.390646834970985957e+00 1.767458460542355336e+00
4.394693442718471843e+00 1.762374080217169459e+00
4.398743779992582148e+00 1.757276975787903872e+00
4.402797850230606436e+00 1.752167092743235344e+00
4.406855656873003291e+00 1.747044379510238610e+00
4.410917203363401207e+00 1.741908787460021868e+00
4.414982493148607468e+00 1.736760270913180415e+00
4.419051529678601042e+00 1.731598787145093077e+00
4.423124316406541467e+00 1.726424296390990154e+00
4.427200856788771510e+00 1.721236761850849950e+00
4.431281154284818946e+00 1.716036149694083912e+00
4.435365212357401887e+00 1.710822429064014605e+00
4.439453034472427007e+00 1.705595572082133415e+00
4.443544624098998419e+00 1.700355553852142654e+00
4.447639984709413241e+00 1.695102352463771389e+00
4.451739119779172249e+00 1.689835948996346149e+00
4.455842032786979878e+00 1.684556327522129360e+00
4.459948727214744224e+00 1.679263475109422643e+00
4.464059206547583258e+00 1.673957381825396551e+00
4.468173474273827495e+00 1.668638040738677608e+00
4.472291533885020876e+00 1.663305447921671343e+00
4.476413388875929655e+00 1.657959602452603765e+00
4.480539042744535294e+00 1.652600506417306381e+00
4.484668498992047780e+00 1.647228164910708781e+00
4.488801761122900302e+00 1.641842586038041452e+00
4.492938832644757241e+00 1.636443780915757040e+00
4.497079717068518612e+00 1.631031763672140533e+00
4.501224417908315623e+00 1.625606551447637660e+00
4.505372938681521333e+00 1.620168164394846677e+00
4.509525282908749766e+00 1.614716625678217499e+00
4.513681454113856795e+00 1.609251961473429526e+00
4.517841455823953467e+00 1.603774200966419761e+00
4.522005291569393570e+00 1.598283376352123586e+00
4.526172964883789618e+00 1.592779522832841410e+00
4.530344479304006633e+00 1.587262678616295553e+00
4.534519838370174583e+00 1.581732884913306769e+00
4.538699045625682160e+00 1.576190185935157695e+00
4.542882104617185668e+00 1.570634628890580142e+00
4.547069018894609904e+00 1.565066263982382910e+00
4.551259792011149052e+00 1.559485144403726764e+00
4.555454427523276451e+00 1.553891326334011502e+00
4.559652928990740151e+00 1.548284868934410641e+00
4.563855299976570024e+00 1.542665834343012632e+00
4.568061544047079536e+00 1.537034287669581945e+00
4.572271664771867528e+00 1.531390296989943334e+00
4.576485665723826202e+00 1.525733933339957549e+00
4.580703550479138464e+00 1.520065270709114680e+00
4.584925322617282362e+00 1.514384386033727603e+00
4.589150985721037301e+00 1.508691359189715975e+00
4.593380543376481384e+00 1.502986272984988991e+00
4.597613999173002064e+00 1.497269213151408707e+00
4.601851356703292595e+00 1.491540268336351227e+00
4.606092619563357360e+00 1.485799530093845355e+00
4.610337791352513648e+00 1.480047092875285131e+00
4.614586875673397870e+00 1.474283054019711825e+00
4.618839876131969113e+00 1.468507513743689818e+00
4.623096796337504699e+00 1.462720575130735057e+00
4.627357639902611730e+00 1.456922344120308743e+00
4.631622410443226201e+00 1.451112929496378712e+00
4.635891111578613888e+00 1.445292442875549588e+00
4.640163746931383670e+00 1.439460998694720217e+00
4.644440320127475985e+00 1.433618714198342969e+00
4.648720834796174373e+00 1.427765709425198093e+00
4.653005294570109029e+00 1.421902107194725318e+00
4.657293703085259473e+00 1.416028033092914695e+00
4.661586063980952765e+00 1.410143615457745803e+00
4.665882380899872395e+00 1.404248985364147106e+00
4.670182657488057387e+00 1.398344276608535441e+00
4.674486897394907636e+00 1.392429625692855444e+00
4.678795104273188343e+00 1.386505171808187109e+00
4.683107281779030906e+00 1.380571056817886166e+00
4.687423433571932918e+00 1.374627425240253054e+00
4.691743563314768828e+00 1.368674424230744480e+00
4.696067674673785497e+00 1.362712203563717805e+00
4.700395771318612859e+00 1.356740915613709131e+00
4.704727856922259477e+00 1.350760715336241091e+00
4.709063935161120540e+00 1.344771760248178349e+00
4.713404009714978748e+00 1.338774210407592147e+00
4.717748084267008757e+00 1.332768228393174104e+00
4.722096162503780725e+00 1.326753979283179952e+00
4.726448248115260320e+00 1.320731630633897424e+00
4.730804344794816707e+00 1.314701352457654293e+00
4.735164456239220776e+00 1.308663317200355447e+00
4.739528586148650469e+00 1.302617699718560340e+00
4.743896738226696996e+00 1.296564677256067721e+00
4.748268916180362176e+00 1.290504429420081811e+00
4.752645123720063758e+00 1.284437138156871772e+00
4.757025364559640757e+00 1.278362987726987088e+00
4.761409642416356114e+00 1.272282164679994443e+00
4.765797961010896699e+00 1.266194857828795373e+00
4.770190324067378640e+00 1.260101258223428777e+00
4.774586735313351760e+00 1.254001559124455989e+00
4.778987198479797804e+00 1.247895955975881321e+00
4.783391717301143764e+00 1.241784646377603218e+00
4.787800295515252103e+00 1.235667830057439076e+00
4.792212936863433193e+00 1.229545708842690876e+00
4.796629645090445315e+00 1.223418486631248747e+00
4.801050423944496437e+00 1.217286369362285958e+00
4.805475277177252202e+00 1.211149564986476523e+00
4.809904208543834159e+00 1.205008283435799576e+00
4.814337221802823308e+00 1.198862736592908540e+00
4.818774320716266324e+00 1.192713138260051098e+00
4.823215509049677330e+00 1.186559748501711642e+00
4.827660790572040561e+00 1.180403264405534003e+00
4.832110169055814808e+00 1.174244622163926222e+00
4.836563648276933414e+00 1.168084747399053658e+00
4.841021232014812270e+00 1.161924552199017358e+00
4.845482924052346263e+00 1.155764935083576361e+00
4.849948728175924373e+00 1.149606780976223819e+00
4.854418648175419015e+00 1.143450961182558290e+00
4.858892687844196701e+00 1.137298333374782811e+00
4.863370850979121585e+00 1.131149741582202939e+00
4.867853141380553694e+00 1.125006016187630076e+00
4.872339562852362249e+00 1.118867973929505322e+00
4.876830119201915892e+00 1.112736417909695463e+00
4.881324814240096011e+00 1.106612137606737267e+00
4.885823651781291410e+00 1.100495908894477903e+00
4.890326635643414299e+00 1.094388494065936301e+00
4.894833769647889632e+00 1.088290641862289077e+00
4.899345057619665766e+00 1.082203087506823369e+00
4.903860503387215353e+00 1.076126552743737586e+00
4.908380110782541550e+00 1.070061745881675463e+00
4.912903883641178915e+00 1.064009361841838697e+00
4.917431825802196954e+00 1.057970082210581531e+00
4.921963941108201013e+00 1.051944575296337669e+00
4.926500233405342044e+00 1.045933496190740719e+00
4.931040706543309504e+00 1.039937486833878877e+00
4.935585364375350004e+00 1.033957176083443397e+00
4.940134210758253985e+00 1.027993179787782596e+00
4.944687249552369046e+00 1.022046100862624707e+00
4.949244484621600826e+00 1.016116529371416055e+00
4.953805919833414784e+00 1.010205042609115145e+00
4.958371559058842415e+00 1.004312205189349827e+00
4.962941406172483916e+00 9.984385691347984482e-01
4.967515465052506407e+00 9.925846739706991606e-01
4.972093739580655480e+00 9.867510468213375185e-01
4.976676233642250757e+00 9.809382025094397495e-01
4.981262951126196548e+00 9.751466436583088315e-01
4.985853895924978296e+00 9.693768607966491979e-01
4.990449071934670577e+00 9.636293324659145343e-01
4.995048483054937982e+00 9.579045253301019525e-01
4.999652133189037784e+00 9.522028942878743019e-01
5.004260026243829707e+00 9.465248825869058136e-01
5.008872166129767933e+00 9.408709219403452728e-01
5.013488556760915316e+00 9.352414326452946902e-01
5.018109202054937157e+00 9.296368237032036630e-01
5.022734105933116311e+00 9.240574929420681816e-01
5.027363272320345189e+00 9.185038271403662691e-01
5.031996705145132864e+00 9.129762021525862359e-01
5.036634408339611291e+00 9.074749830362990322e-01
5.041276385839534413e+00 9.020005241806541285e-01
5.045922641584286161e+00 8.965531694362166570e-01
5.050573179516880451e+00 8.911332522460569949e-01
5.055228003583963847e+00 8.857410957780019745e-01
5.059887117735820894e+00 8.803770130579631203e-01
5.064550525926375002e+00 8.750413071042643098e-01
5.069218232113199107e+00 8.697342710628651608e-01
5.073890240257509454e+00 8.644561883434297433e-01
5.078566554324172699e+00 8.592073327561502438e-01
5.083247178281712131e+00 8.539879686492228839e-01
5.087932116102305002e+00 8.487983510469527815e-01
5.092621371761794968e+00 8.436387257883584123e-01
5.097314949239685866e+00 8.385093296662541329e-01
5.102012852519149710e+00 8.334103905667037404e-01
5.106715085587029357e+00 8.283421276088048790e-01
5.111421652433842944e+00 8.233047512847089244e-01
5.116132557053788332e+00 8.182984635998393763e-01
5.120847803444741331e+00 8.133234582132420343e-01
5.125567395608263688e+00 8.083799205779871322e-01
5.130291337549605757e+00 8.034680280815824638e-01
5.135019633277705609e+00 7.985879501863472063e-01
5.139752286805203241e+00 7.937398485696496309e-01
5.144489302148430809e+00 7.889238772640239095e-01
5.149230683327425062e+00 7.841401827970466698e-01
5.153976434365923787e+00 7.793889043309680797e-01
5.158726559291380021e+00 7.746701738020160821e-01
5.163481062134954058e+00 7.699841160593650091e-01
5.168239946931521445e+00 7.653308490036856426e-01
5.173003217719677416e+00 7.607104837252601781e-01
5.177770878541737787e+00 7.561231246416019181e-01
5.182542933443748723e+00 7.515688696345497188e-01
5.187319386475480520e+00 7.470478101868054388e-01
5.192100241690437379e+00 7.425600315178545463e-01
5.196885503145858287e+00 7.381056127192606731e-01
5.201675174902723242e+00 7.336846268892771583e-01
5.206469261025756801e+00 7.292971412667570430e-01
5.211267765583425415e+00 7.249432173643359789e-01
5.216070692647948093e+00 7.206229111008358723e-01
5.220878046295294617e+00 7.163362729328879297e-01
5.225689830605193542e+00 7.120833479857233694e-01
5.230506049661133972e+00 7.078641761831284684e-01
5.235326707550367331e+00 7.036787923765281949e-01
5.240151808363910924e+00 6.995272264731806633e-01
5.244981356196554145e+00 6.954095035634512145e-01
5.249815355146858487e+00 6.913256440471630127e-01
5.254653809317166413e+00 6.872756637589946260e-01
5.259496722813597813e+00 6.832595740929080508e-01
5.264344099746059769e+00 6.792773821255899680e-01
5.269195944228243000e+00 6.753290907389131181e-01
5.274052260377633417e+00 6.714146987413510681e-01
5.278913052315511223e+00 6.675342009884062122e-01
5.283778324166954476e+00 6.636875885019741794e-01
5.288648080060842638e+00 6.598748485886849480e-01
5.293522324129858347e+00 6.560959649571709296e-01
5.298401060510499860e+00 6.523509178342821180e-01
5.303284293343072164e+00 6.486396840802362007e-01
5.308172026771695862e+00 6.449622373026905331e-01
5.313064264944314274e+00 6.413185479697290914e-01
5.317961012012689892e+00 6.377085835217822796e-01
5.322862272132415917e+00 6.341323084824433964e-01
5.327768049462913602e+00 6.305896845682130714e-01
5.332678348167435800e+00 6.270806707971552374e-01
5.337593172413074072e+00 6.236052235964550938e-01
5.342512526370760462e+00 6.201632969089070357e-01
5.347436414215272826e+00 6.167548422983024636e-01
5.352364840125233947e+00 6.133798090537536662e-01
5.357297808283118634e+00 6.100381442929301290e-01
5.362235322875257282e+00 6.067297930642253645e-01
5.367177388091835866e+00 6.034546984478602605e-01
5.372124008126907491e+00 6.002128016559219459e-01
5.377075187178386173e+00 5.970040421313529411e-01
5.382030929448056611e+00 5.938283576458933677e-01
5.386991239141574184e+00 5.906856843969894300e-01
5.391956120468472058e+00 5.875759571036696105e-01
5.396925577642165628e+00 5.844991091014065665e-01
5.401899614879948075e+00 5.814550724359763834e-01
5.406878236403003690e+00 5.784437779563165183e-01
5.411861446436405210e+00 5.754651554064048602e-01
5.416849249209118256e+00 5.725191335161707862e-01
5.421841648954010218e+00 5.696056400914409901e-01
5.426838649907846701e+00 5.667246021029558323e-01
5.431840256311296855e+00 5.638759457744479953e-01
5.436846472408940478e+00 5.610595966698141979e-01
5.441857302449269795e+00 5.582754797793880730e-01
5.446872750684690345e+00 5.555235196053347480e-01
5.451892821371528974e+00 5.528036402461823373e-01
5.456917518770034725e+00 5.501157654805080011e-01
5.461946847144379724e+00 5.474598188498007723e-01
5.466980810762672505e+00 5.448357237405071496e-01
5.472019413896951789e+00 5.422434034653016433e-01
5.477062660823192708e+00 5.396827813435771670e-01
5.482110555821313014e+00 5.371537807811922471e-01
5.487163103175172196e+00 5.346563253494928114e-01
5.492220307172583027e+00 5.321903388636186616e-01
5.497282172105306230e+00 5.297557454601393712e-01
5.502348702269059366e+00 5.273524696740166107e-01
5.507419901963517717e+00 5.249804365149367547e-01
5.512495775492318728e+00 5.226395715430206534e-01
5.517576327163071781e+00 5.203298009439449867e-01
5.522661561287351084e+00 5.180510516035004009e-01
5.527751482180704556e+00 5.158032511816029730e-01
5.532846094162660044e+00 5.135863281857880880e-01
5.537945401556722658e+00 5.114002120442179278e-01
5.543049408690389868e+00 5.092448331782183368e-01
5.548158119895138185e+00 5.071201230743870303e-01
5.553271539506442700e+00 5.050260143562796955e-01
5.558389671863771753e+00 5.029624408557231696e-01
5.563512521310591374e+00 5.009293376837680167e-01
5.568640092194375946e+00 4.989266413013176971e-01
5.573772388866602867e+00 4.969542895894618062e-01
5.578909415682758777e+00 4.950122219195428053e-01
5.584051177002347544e+00 4.931003792229820548e-01
5.589197677188890268e+00 4.912187040609044542e-01
5.594348920609929721e+00 4.893671406935869994e-01
5.599504911637032123e+00 4.875456351497661212e-01
5.604665654645796025e+00 4.857541352958297254e-01
5.609831154015846977e+00 4.839925909049370145e-01
5.615001414130855295e+00 4.822609537260889034e-01
5.620176439378524513e+00 4.805591775531951049e-01
5.625356234150604706e+00 4.788872182941561473e-01
5.630540802842894266e+00 4.772450340400113955e-01
5.635730149855239901e+00 4.756325851341792754e-01
5.640924279591549073e+00 4.740498342418272282e-01
5.646123196459782001e+00 4.724967464194138600e-01
5.651326904871964985e+00 4.709732891844308766e-01
5.656535409244188628e+00 4.694794325853920425e-01
5.661748713996614946e+00 4.680151492721038586e-01
5.666966823553480914e+00 4.665804145662559854e-01
5.672189742343098473e+00 4.651752065323782048e-01
5.677417474797862518e+00 4.637995060491940102e-01
5.682650025354251788e+00 4.624532968814234479e-01
5.687887398452834198e+00 4.611365657520708483e-01
5.693129598538272163e+00 4.598493024152415787e-01
5.698376630059323489e+00 4.585914997295353901e-01
5.703628497468844039e+00 4.573631537320570484e-01
5.708885205223795722e+00 4.561642637130893241e-01
5.714146757785247388e+00 4.549948322914805776e-01
5.719413159618381037e+00 4.538548654907884061e-01
5.724684415192491826e+00 4.527443728162297010e-01
5.729960528980995171e+00 4.516633673324887410e-01
5.735241505461426748e+00 4.506118657424308949e-01
5.740527349115454925e+00 4.495898884667703377e-01
5.745818064428873662e+00 4.485974597247551765e-01
5.751113655891612275e+00 4.476346076159111176e-01
5.756414127997737218e+00 4.467013642029035725e-01
5.761719485245458294e+00 4.457977655955769891e-01
5.767029732137132214e+00 4.449238520362226446e-01
5.772344873179263480e+00 4.440796679861376828e-01
5.777664912882508830e+00 4.432652622135331844e-01
5.782989855761685227e+00 4.424806878828521084e-01
5.788319706335767201e+00 4.417260026455600008e-01
5.793654469127898388e+00 4.410012687324724734e-01
5.798994148665387982e+00 4.403065530476840683e-01
5.804338749479718729e+00 4.396419272641653997e-01
5.809688276106548699e+00 4.390074679210990705e-01
5.815042733085716620e+00 4.384032565230189249e-01
5.820402124961248980e+00 4.378293796408334604e-01
5.825766456281355588e+00 4.372859290147962374e-01
5.831135731598438454e+00 4.367730016595094411e-01
5.836509955469098010e+00 4.362906999710270961e-01
5.841889132454131328e+00 4.358391318361478639e-01
5.847273267118541007e+00 4.354184107439704188e-01
5.852662364031537834e+00 4.350286558997986108e-01
5.858056427766539009e+00 4.346699923414820144e-01
5.863455462901181470e+00 4.343425510582781812e-01
5.868859474017320110e+00 4.340464691123282481e-01
5.874268465701031339e+00 4.337818897628373249e-01
5.879682442542620180e+00 4.335489625930558644e-01
5.885101409136620276e+00 4.333478436401584921e-01
5.890525370081798329e+00 4.331786955281217710e-01
5.895954329981166531e+00 4.330416876037035956e-01
5.901388293441971911e+00 4.329369960756300206e-01
5.906827265075711431e+00 4.328648041570989369e-01
5.912271249498130210e+00 4.328253022117130588e-01
5.917720251329227743e+00 4.328186879029560230e-01
5.923174275193265004e+00 4.328451663473325550e-01
5.928633325718760894e+00 4.329049502712929987e-01
5.934097407538501123e+00 4.329982601720682167e-01
5.939566525289541765e+00 4.331253244825445936e-01
5.945040683613211030e+00 4.332863797403126993e-01
5.950519887155118148e+00 4.334816707610253395e-01
5.956004140565150706e+00 4.337114508162072668e-01
5.961493448497483527e+00 4.339759818156617710e-01
5.966987815610580448e+00 4.342755344946246931e-01
5.972487246567196095e+00 4.346103886058187982e-01
5.977991746034388321e+00 4.349808331165686548e-01
5.983501318683511982e+00 4.353871664111409467e-01
5.989015969190228716e+00 4.358296964984766930e-01
5.994535702234507824e+00 4.363087412254929576e-01
6.000060522500633375e+00 4.368246284961323500e-01
6.005590434677207767e+00 4.373776964963446146e-01
6.011125443457152606e+00 4.379682939251946516e-01
6.016665553537714928e+00 4.385967802322918718e-01
6.022210769620469861e+00 4.392635258617446081e-01
6.027761096411331287e+00 4.399689125028545811e-01
6.033316538620542957e+00 4.407133333477586956e-01
6.038877100962694477e+00 4.414971933562535922e-01
6.044442788156718649e+00 4.423209095280256631e-01
6.050013604925895905e+00 4.431849111825290621e-01
6.055589555997865858e+00 4.440896402467613413e-01
6.061170646104619308e+00 4.450355515511815185e-01
6.066756879982510675e+00 4.460231131340465782e-01
6.072348262372257999e+00 4.470527259263550324e-01
6.077944798018950046e+00 4.481241294554532129e-01
6.083546491672050749e+00 4.492367336602059447e-01
6.089153348085398321e+00 4.503899488192906198e-01
6.094765372017212357e+00 4.515831872989257145e-01
6.100382568230099167e+00 4.528158628874980329e-01
6.106004941491052662e+00 4.540873901405684254e-01
6.111632496571464124e+00 4.553971837359418462e-01
6.117265238247118653e+00 4.567446578384989353e-01
6.122903171298204050e+00 4.581292254745384374e-01
6.128546300509313483e+00 4.595502979153883172e-01
6.134194630669449033e+00 4.610072840700943919e-01
6.139848166572030586e+00 4.624995898870075117e-01
6.145506913014890493e+00 4.640266177641288459e-01
6.151170874800286015e+00 4.655877659680963121e-01
6.156840056734899314e+00 4.671824280617309366e-01
6.162514463629841899e+00 4.688099923400703140e-01
6.168194100300663507e+00 4.704698412748748448e-01
6.173878971567347662e+00 4.721613509675805509e-01
6.179569082254320556e+00 4.738838906107350479e-01
6.185264437190455489e+00 4.756368219579490408e-01
6.190965041209079089e+00 4.774194988024505482e-01
6.196670899147968647e+00 4.792312664643158526e-01
6.202382015849361885e+00 4.810714612865201190e-01
6.208098396159958732e+00 4.829394101399424599e-01
6.213820044930924880e+00 4.848344299374919841e-01
6.219546967017901551e+00 4.867558271575639917e-01
6.225279167281001058e+00 4.887028973770153883e-01
6.231016650584815686e+00 4.906749248139327113e-01
6.236759421798421243e+00 4.926711818804290210e-01
6.242507485795379729e+00 4.946909287457667004e-01
6.248260847453749989e+00 4.967334129101113604e-01
6.254019511656081498e+00 4.987978687892429819e-01
6.259783483289425909e+00 5.008835173105768979e-01
6.265552767245337940e+00 5.029895655208591609e-01
6.271327368419878923e+00 5.051152062059366399e-01
6.277107291713628356e+00 5.072596175230010829e-01
6.282892542031677685e+00 5.094219626457400230e-01
6.288683124283640069e+00 5.116013894228480519e-01
6.294479043383653050e+00 5.137970300503519328e-01
6.300280304250382102e+00 5.160080007582504846e-01
6.306086911807032180e+00 5.182334015119526294e-01
6.311898870981337950e+00 5.204723157290367386e-01
6.317716186705579773e+00 5.227238100118640762e-01
6.323538863916582820e+00 5.249869338965987842e-01
6.329366907555721511e+00 5.272607196191750889e-01
6.335200322568927511e+00 5.295441818988119165e-01
6.341039113906687064e+00 5.318363177396372432e-01
6.346883286524051648e+00 5.341361062510323610e-01
6.352732845380636206e+00 5.364425084873056804e-01
6.358587795440632462e+00 5.387544673072974799e-01
6.364448141672801817e+00 5.410709072545587528e-01
6.370313889050487788e+00 5.433907344587253219e-01
6.376185042551616000e+00 5.457128365587272656e-01
6.382061607158700411e+00 5.480360826484818038e-01
6.387943587858849526e+00 5.503593232457053563e-01
6.393830989643764617e+00 5.526813902845096882e-01
6.399723817509750390e+00 5.550010971324152997e-01
6.405622076457713199e+00 5.573172386324418692e-01
6.411525771493170822e+00 5.596285911709184546e-01
6.417434907626255125e+00 5.619339127716619364e-01
6.423349489871712947e+00 5.642319432171540861e-01
6.429269523248914986e+00 5.665214041973551939e-01
6.435195012781856683e+00 5.688009994867823105e-01
6.441125963499162665e+00 5.710694151504503990e-01
6.447062380434096518e+00 5.733253197792979039e-01
6.453004268624558115e+00 5.755673647556684980e-01
6.458951633113088064e+00 5.777941845494249939e-01
6.464904478946878363e+00 5.800043970452630759e-01
6.470862811177768847e+00 5.821966039017416605e-01
6.476826634862261400e+00 5.843693909425602406e-01
6.482795955061511073e+00 5.865213285805594978e-01
6.488770776841342958e+00 5.886509722749306839e-01
6.494751105272246861e+00 5.907568630220481065e-01
6.500736945429387070e+00 5.928375278803557080e-01
6.506728302392608576e+00 5.948914805296697805e-01
6.512725181246435291e+00 5.969172218652467610e-01
6.518727587080076269e+00 5.989132406269216391e-01
6.524735524987431923e+00 6.008780140635890943e-01
6.530749000067099352e+00 6.028100086332501828e-01
6.536768017422373234e+00 6.047076807388118702e-01
6.542792582161250259e+00 6.065694774997870686e-01
6.548822699396437130e+00 6.083938375599776682e-01
6.554858374245349673e+00 6.101791919311938539e-01
6.560899611830125266e+00 6.119239648730013803e-01
6.566946417277618409e+00 6.136265748084303029e-01
6.572998795719407816e+00 6.152854352755399159e-01
6.579056752291804422e+00 6.168989559146592638e-01
6.585120292135848707e+00 6.184655434910706351e-01
6.591189420397327581e+00 6.199836029528444925e-01
6.597264142226761940e+00 6.214515385234625766e-01
6.603344462779424440e+00 6.228677548288109600e-01
6.609430387215336822e+00 6.242306580580476716e-01
6.615521920699276137e+00 6.255386571577852273e-01
6.621619068400783625e+00 6.267901650589622342e-01
6.627721835494160274e+00 6.279835999356941922e-01
6.633830227158478365e+00 6.291173864953311101e-01
6.639944248577583252e+00 6.301899572988751697e-01
6.646063904940094247e+00 6.311997541108206322e-01
6.652189201439420607e+00 6.321452292774264459e-01
6.658320143273751768e+00 6.330248471323240977e-01
6.664456735646069774e+00 6.338370854283122968e-01
6.670598983764151058e+00 6.345804367940947044e-01
6.676746892840570879e+00 6.352534102146364381e-01
6.682900468092714874e+00 6.358545325337450205e-01
6.689059714742770169e+00 6.363823499773912928e-01
6.695224638017739593e+00 6.368354296962134287e-01
6.701395243149441683e+00 6.372123613255579189e-01
6.707571535374522220e+00 6.375117585613410132e-01
6.713753519934446246e+00 6.377322607499310569e-01
6.719941202075514930e+00 6.378725344901721162e-01
6.726134587048861135e+00 6.379312752455943425e-01
6.732333680110456520e+00 6.379072089647814803e-01
6.738538486521123971e+00 6.377990937077918643e-01
6.744749011546528727e+00 6.376057212764525417e-01
6.750965260457189032e+00 6.373259188462780944e-01
6.757187238528482354e+00 6.369585505977019002e-01
6.763414951040647161e+00 6.365025193442332974e-01
6.769648403278791804e+00 6.359567681550936102e-01
6.775887600532891852e+00 6.353202819698327009e-01
6.782132548097798974e+00 6.345920892023498849e-01
6.788383251273246266e+00 6.337712633317134081e-01
6.794639715363847365e+00 6.328569244771109492e-01
6.800901945679112437e+00 6.318482409542002243e-01
6.807169947533437515e+00 6.307444308101367580e-01
6.813443726246121379e+00 6.295447633344515292e-01
6.819723287141362000e+00 6.282485605429779518e-01
6.826008635548265424e+00 6.268551986319610414e-01
6.832299776800851987e+00 6.253641093994772859e-01
6.838596716238054540e+00 6.237747816312737559e-01
6.844899459203728220e+00 6.220867624481112301e-01
6.851208011046653112e+00 6.202996586117069944e-01
6.857522377120536028e+00 6.184131377863736345e-01
6.863842562784023826e+00 6.164269297534148428e-01
6.870168573400698975e+00 6.143408275754319581e-01
6.876500414339085765e+00 6.121546887076249055e-01
6.882838090972656531e+00 6.098684360532611315e-01
6.889181608679840529e+00 6.074820589604812415e-01
6.895530972844019502e+00 6.049956141576807722e-01
6.901886188853538329e+00 6.024092266247238481e-01
6.908247262101706809e+00 5.997230903973067573e-01
6.914614197986805877e+00 5.969374693018666411e-01
6.920987001912094705e+00 5.940526976184830055e-01
6.927365679285808042e+00 5.910691806692923711e-01
6.933750235521167760e+00 5.879873953300223111e-01
6.940140676036383738e+00 5.848078904623641439e-01
6.946537006254657420e+00 5.815312872649501807e-01
6.952939231604195136e+00 5.781582795408576336e-01
6.959347357518199217e+00 5.746896338796546599e-01
6.965761389434883100e+00 5.711261897520936159e-01
6.972181332797470432e+00 5.674688595157409976e-01
6.978607193054200408e+00 5.637186283299167044e-01
6.985038975658339311e+00 5.598765539784673617e-01
6.991476686068173407e+00 5.559437665990679678e-01
6.997920329747023160e+00 5.519214683178720326e-01
7.004369912163241452e+00 5.478109327884782553e-01
7.010825438790221575e+00 5.436135046343995025e-01
7.017286915106404344e+00 5.393305987943264324e-01
7.023754346595277198e+00 5.349636997696930463e-01
7.030227738745381316e+00 5.305143607742214273e-01
7.036707097050316939e+00 5.259842027852971169e-01
7.043192427008745149e+00 5.213749134972356369e-01
7.049683734124401191e+00 5.166882461766640899e-01
7.056181023906085592e+00 5.119260184204840192e-01
7.062684301867680148e+00 5.070901108170049465e-01
7.069193573528145258e+00 5.021824655111417623e-01
7.075708844411534137e+00 4.972050846746532970e-01
7.082230120046983934e+00 4.921600288827293612e-01
7.088757405968730829e+00 4.870494153983148111e-01
7.095290707716112699e+00 4.818754163658698908e-01
7.101830030833569118e+00 4.766402569164075453e-01
7.108375380870654681e+00 4.713462131858634496e-01
7.114926763382036334e+00 4.659956102490913077e-01
7.121484183927498712e+00 4.605908199719412899e-01
7.128047648071952125e+00 4.551342587840703224e-01
7.134617161385433448e+00 4.496283853753937909e-01
7.141192729443120335e+00 4.440756983191776475e-01
7.147774357825321445e+00 4.384787336250884349e-01
7.154362052117490656e+00 4.328400622255617614e-01
7.160955817910228838e+00 4.271622873991360869e-01
7.167555660799290074e+00 4.214480421345113692e-01
7.174161586385589651e+00 4.156999864393048916e-01
7.180773600275197843e+00 4.099208045975694659e-01
7.187391708079356789e+00 4.041132023803533091e-01
7.194015915414477824e+00 3.982799042136859757e-01
7.200646227902147700e+00 3.924236503085327121e-01
7.207282651169139243e+00 3.865471937573348171e-01
7.213925190847406022e+00 3.806532976019592618e-01
7.220573852574094786e+00 3.747447318778753811e-01
7.227228641991546354e+00 3.688242706395570281e-01
7.233889564747300049e+00 3.628946889721381130e-01
7.240556626494107029e+00 3.569587599944482048e-01
7.247229832889922285e+00 3.510192518586134347e-01
7.253909189597915308e+00 3.450789247514297053e-01
7.260594702286476299e+00 3.391405279027621678e-01
7.267286376629223277e+00 3.332067966062761122e-01
7.273984218304998528e+00 3.272804492577767177e-01
7.280688232997878373e+00 3.213641844164077943e-01
7.287398426397181161e+00 3.154606778940374778e-01
7.294114804197462831e+00 3.095725798780054050e-01
7.300837372098537337e+00 3.037025120924592425e-01
7.307566135805462437e+00 2.978530650034058036e-01
7.314301101028558350e+00 2.920267950725214945e-01
7.321042273483407747e+00 2.862262220647218136e-01
7.327789658890858426e+00 2.804538264143472404e-01
7.334543262977036626e+00 2.747120466547492978e-01
7.341303091473340814e+00 2.690032769159233506e-01
7.348069150116453230e+00 2.633298644946790446e-01
7.354841444648343440e+00 2.576941075017334937e-01
7.361619980816271003e+00 2.520982525899033710e-01
7.368404764372797899e+00 2.465444927674527442e-01
7.375195801075783208e+00 2.410349653004164039e-01
7.381993096688393763e+00 2.355717497075890954e-01
7.388796656979107702e+00 2.301568658515832366e-01
7.395606487721718025e+00 2.247922721292522352e-01
7.402422594695345914e+00 2.194798637644302108e-01
7.409244983684431851e+00 2.142214712058664594e-01
7.416073660478749829e+00 2.090188586327980658e-01
7.422908630873408242e+00 2.038737225705715417e-01
7.429749900668858764e+00 1.987876906182911296e-01
7.436597475670899904e+00 1.937623202903411002e-01
7.443451361690679668e+00 1.887990979733140395e-01
7.450311564544700005e+00 1.838994379996102546e-01
7.457178090054823905e+00 1.790646818387294781e-01
7.464050944048285174e+00 1.742960974069746316e-01
7.470930132357682218e+00 1.695948784960829014e-01
7.477815660820993138e+00 1.649621443209157989e-01
7.484707535281572177e+00 1.603989391861922742e-01
7.491605761588161272e+00 1.559062322718609006e-01
7.498510345594897153e+00 1.514849175365550193e-01
7.505421293161305130e+00 1.471358137382123288e-01
7.512338610152313301e+00 1.428596645707108093e-01
7.519262302438256995e+00 1.386571389151434464e-01
7.526192375894877884e+00 1.345288312040548440e-01
7.533128836403339079e+00 1.304752618967444100e-01
7.540071689850218917e+00 1.264968780634867784e-01
7.547020942127522503e+00 1.225940540762942010e-01
7.553976599132685266e+00 1.187670924036127312e-01
7.560938666768576510e+00 1.150162245061385063e-01
7.567907150943511851e+00 1.113416118307014868e-01
7.574882057571244331e+00 1.077433468990371263e-01
7.581863392570982185e+00 1.042214544879725147e-01
7.588851161867387951e+00 1.007758928974835377e-01
7.595845371390581136e+00 9.740655530285156904e-02
7.602846027076154201e+00 9.411327118699697181e-02
7.609853134865165458e+00 9.089580784898020072e-02
7.616866700704147064e+00 8.775387198445583348e-02
7.623886730545113011e+00 8.468711133380837919e-02
7.630913230345568010e+00 8.169511639357693311e-02
7.637946206068500388e+00 7.877742218669656071e-02
7.644985663682397181e+00 7.593355124536067813e-02
7.652031609161245918e+00 7.316324976799185031e-02
7.659084048484539053e+00 7.046628422031210592e-02
7.666142987637284634e+00 6.784231220903476356e-02
7.673208432610000962e+00 6.529088828051606008e-02
7.680280389398730811e+00 6.281147018923101399e-02
7.687358864005040537e+00 6.040342509481109318e-02
7.694443862436028070e+00 5.806603567068506500e-02
7.701535390704332684e+00 5.579850610878978046e-02
7.708633454828130560e+00 5.359996800617781998e-02
7.715738060831143663e+00 5.146948612069513623e-02
7.722849214742649515e+00 4.940606398422080214e-02
7.729966922597476753e+00 4.740864936327250645e-02
7.737091190436024668e+00 4.547613955798070901e-02
7.744222024304251661e+00 4.360738653169786427e-02
7.751359430253691229e+00 4.180120186462108617e-02
7.758503414341455517e+00 4.005636152595101751e-02
7.765653982630234431e+00 3.837161046015932081e-02
7.772811141188314288e+00 3.674566698394177849e-02
7.779974896089566272e+00 3.517722699141032083e-02
7.787145253413461532e+00 3.366496796595355029e-02
7.794322219245076511e+00 3.220755279805299215e-02
7.801505799675090280e+00 3.080363340914523892e-02
7.808696000799804970e+00 2.945185418232047769e-02
7.815892828721133334e+00 2.815085520136813985e-02
7.823096289546613846e+00 2.689927530027134278e-02
7.830306389389413368e+00 2.569575492583939594e-02
7.837523134368336031e+00 2.453893881668345670e-02
7.844746530607824120e+00 2.342747850220712816e-02
7.851976584237960743e+00 2.236003462569703323e-02
7.859213301394484041e+00 2.133527909597140310e-02
7.866456688218780968e+00 2.035189707237152965e-02
7.873706750857906833e+00 1.940858878815063596e-02
7.880963495464576418e+00 1.850407121756218395e-02
7.888226928197175525e+00 1.763707959213619766e-02
7.895497055219768079e+00 1.680636877180012242e-02
7.902773882702094355e+00 1.601071447661579772e-02
7.910057416819589626e+00 1.524891438499998558e-02
7.917347663753372622e+00 1.451978910435127584e-02
7.924644629690262398e+00 1.382218302003208193e-02
7.931948320822779230e+00 1.315496502866186912e-02
7.939258743349148162e+00 1.251702916165161467e-02
7.946575903473313218e+00 1.190729510486098451e-02
7.953899807404932076e+00 1.132470862020131148e-02
7.961230461359384059e+00 1.076824187491122985e-02
7.968567871557779903e+00 1.023689368413896982e-02
7.975912044226959985e+00 9.729689672341140794e-03
7.983262985599510309e+00 9.245682358882040264e-03
7.990620701913756285e+00 8.783951173074053265e-03
7.997985199413772506e+00 8.343602403743594423e-03
8.005356484349389845e+00 7.923769088253840645e-03
8.012734562976197239e+00 7.523610845742083157e-03
8.020119441555554118e+00 7.142313659157123809e-03
8.027511126354585969e+00 6.779089610508546790e-03
8.034909623646194987e+00 6.433176573552684165e-03
8.042314939709065413e+00 6.103837867961934074e-03
8.049727080827670633e+00 5.790361878837168783e-03
8.057146053292271404e+00 5.492061645241158585e-03
8.064571863398928286e+00 5.208274421242760008e-03
8.072004517449505201e+00 4.938361212784928185e-03
8.079444021751669425e+00 4.681706293504662303e-03
8.086890382618912909e+00 4.437716702457510966e-03
8.094343606370534516e+00 4.205821726525682709e-03
8.101803699331661335e+00 3.985472370115088203e-03
8.109270667833252233e+00 3.776140814584628795e-03
8.116744518212096082e+00 3.577319869685412906e-03
8.124225256810829521e+00 3.388522419132468030e-03
8.131712889977928072e+00 3.209280862279673564e-03
8.139207424067720353e+00 3.039146553721014301e-03
8.146708865440391634e+00 2.877689242500947389e-03
8.154217220461985605e+00 2.724496512481240900e-03
8.161732495504423923e+00 2.579173225281285956e-03
8.169254696945490224e+00 2.441340967086077195e-03
8.176783831168847883e+00 2.310637500495765426e-03
8.184319904564045345e+00 2.186716222480201803e-03
8.191862923526521456e+00 2.069245629394086700e-03
8.199412894457607237e+00 1.957908789907402466e-03
8.206969823764534766e+00 1.852402826610556868e-03
8.214533717860438955e+00 1.752438406962856902e-03
8.222104583164368208e+00 1.657739244169160672e-03
8.229682426101284420e+00 1.568041608489518374e-03
8.237267253102075415e+00 1.483093849412316090e-03
8.244859070603549611e+00 1.402655929052088564e-03
8.252457885048452013e+00 1.326498967068526560e-03
8.260063702885464210e+00 1.254404797342670384e-03
8.267676530569215032e+00 1.186165536591513719e-03
8.275296374560275225e+00 1.121583165050020958e-03
8.282923241325173436e+00 1.060469119302406144e-03
8.290557137336399762e+00 1.002643897301351821e-03
8.298198069072405758e+00 9.479366755742000151e-04
8.305846043017620417e+00 8.961849385779984811e-04
8.313501065662441292e+00 8.472341201338508786e-04
8.321163143503250481e+00 8.009372568400267237e-04
8.328832283042419959e+00 7.571546533371402562e-04
8.336508490788311576e+00 7.157535592750581934e-04
8.344191773255287714e+00 6.766078578092826670e-04
8.351882136963713066e+00 6.395977654361861093e-04
8.359579588439963516e+00 6.046095429602290619e-04
8.367284134216426139e+00 5.715352173714998915e-04
8.374995780831511638e+00 5.402723144000630114e-04
8.382714534829659669e+00 5.107236015031806336e-04
8.390440402761335292e+00 4.827968410328552467e-04
8.398173391183044956e+00 4.564045533240168573e-04
8.405913506657334722e+00 4.314637894384397345e-04
8.413660755752800924e+00 4.078959132950776096e-04
8.421415145044097272e+00 3.856263929148677125e-04
8.429176681111929526e+00 3.645846005062407529e-04
8.436945370543075029e+00 3.447036211167673627e-04
8.444721219930375611e+00 3.259200695769549796e-04
8.452504235872753569e+00 3.081739154630691938e-04
8.460294424975216998e+00 2.914083158079003376e-04
8.468091793848852689e+00 2.755694552910245305e-04
8.475896349110845662e+00 2.606063936432325714e-04
8.483708097384473845e+00 2.464709200036475272e-04
8.491527045299132936e+00 2.331174139722815551e-04
8.499353199490315092e+00 2.205027131055605470e-04
8.507186566599632016e+00 2.085859866070679982e-04
8.515027153274818517e+00 1.973286149715430685e-04
8.522874966169732502e+00 1.866940753454466228e-04
8.530730011944370972e+00 1.766478323732939527e-04
8.538592297264862907e+00 1.671572343051529966e-04
8.546461828803483485e+00 1.581914141464848915e-04
8.554338613238655853e+00 1.497211956380959861e-04
8.562222657254958236e+00 1.417190038600376722e-04
8.570113967543136368e+00 1.341587802597356727e-04
8.578012550800092839e+00 1.270159019109952045e-04
8.585918413728906629e+00 1.202671048168358400e-04
8.593831563038834886e+00 1.138904110754643538e-04
8.601752005445316485e+00 1.078650597349911622e-04
8.609679747669982675e+00 1.021714411686574001e-04
8.617614796440658864e+00 9.679103480849544363e-05
8.625557158491368170e+00 9.170635008141049473e-05
8.633506840562342077e+00 8.690087039752557730e-05
8.641463849400020436e+00 8.235900004655420680e-05
8.649428191757072781e+00 7.806601386354896136e-05
8.657399874392378791e+00 7.400800953106098569e-05
8.665378904071053157e+00 7.017186239003769376e-05
8.673365287564445580e+00 6.654518263719832755e-05
8.681359031650144331e+00 6.311627479169235424e-05
8.689360143111988677e+00 5.987409931887105582e-05
8.697368628740065333e+00 5.680823630384908979e-05
8.705384495330720895e+00 5.390885107221768429e-05
8.713407749686563619e+00 5.116666165983543282e-05
8.721438398616479404e+00 4.857290803798120703e-05
8.729476448935621136e+00 4.611932300445924931e-05
8.737521907465424675e+00 4.379810465525428738e-05
8.745574781033614187e+00 4.160189035536502081e-05
8.753635076474202137e+00 3.952373213118890664e-05
8.761702800627510612e+00 3.755707341050158819e-05
8.769777960340153555e+00 3.569572703960762481e-05
8.777860562465059857e+00 3.393385451058174816e-05
8.785950613861478686e+00 3.226594633478888270e-05
8.794048121394970607e+00 3.068680350196795425e-05
8.802153091937437779e+00 2.919151996713385244e-05
8.810265532367104413e+00 2.777546611043805194e-05
8.818385449568536316e+00 2.643427311780986356e-05
8.826512850432649770e+00 2.516381823286303892e-05
8.834647741856700875e+00 2.396021083301972778e-05
8.842790130744319299e+00 2.281977928519520442e-05
8.850940024005481632e+00 2.173905853868095869e-05
8.859097428556541587e+00 2.071477841501896127e-05
8.867262351320222891e+00 1.974385255674659202e-05
8.875434799225631721e+00 1.882336799887240520e-05
8.883614779208262036e+00 1.795057532881780607e-05
8.891802298209997346e+00 1.712287940236919924e-05
8.899997363179121379e+00 1.633783058488102742e-05
8.908199981070318074e+00 1.559311648861068316e-05
8.916410158844680467e+00 1.488655417860660214e-05
8.924627903469726675e+00 1.421608282104234273e-05
8.932853221919385689e+00 1.357975674929812310e-05
8.941086121174018686e+00 1.297573892440776788e-05
8.949326608220415480e+00 1.240229476776137505e-05
8.957574690051815836e+00 1.185778634515074234e-05
8.965830373667895259e+00 1.134066688238146853e-05
8.974093666074782760e+00 1.084947559375543388e-05
8.982364574285066183e+00 1.038283280575351567e-05
8.990643105317792205e+00 9.939435359218316935e-06
8.998929266198485877e+00 9.518052274255861406e-06
9.007223063959136411e+00 9.117520662952635237e-06
9.015524505638218500e+00 8.736741875824358827e-06
9.023833598280697643e+00 8.374677868699558815e-06
9.032150348938023043e+00 8.030347777484512158e-06
9.040474764668154251e+00 7.702824688949952482e-06
9.048806852535546952e+00 7.391232596354203488e-06
9.057146619611172511e+00 7.094743529336962257e-06
9.065494072972516193e+00 6.812574848117742695e-06
9.073849219703582492e+00 6.543986692592883200e-06
9.082212066894920000e+00 6.288279577456213989e-06
9.090582621643594763e+00 6.044792124974387674e-06
9.098960891053222255e+00 5.812898927516401144e-06
9.107346882233963825e+00 5.592008532392310111e-06
9.115740602302533802e+00 5.381561541975956021e-06
9.124142058382204823e+00 5.181028822488458252e-06
9.132551257602818495e+00 4.989909815197084234e-06
9.140968207100781839e+00 4.807730944142641362e-06
9.149392914019081502e+00 4.634044114842766181e-06
9.157825385507285532e+00 4.468425298741177057e-06
9.166265628721557590e+00 4.310473198468938653e-06
9.174713650824651623e+00 4.159807989271628684e-06
9.183169458985922518e+00 4.016070132220238775e-06
9.191633060381331433e+00 3.878919255079040355e-06
9.200104462193461785e+00 3.748033096939855198e-06
9.208583671611510368e+00 3.623106512958480032e-06
9.217070695831296234e+00 3.503850535739647652e-06
9.225565542055278456e+00 3.389991490117453389e-06
9.234068217492545472e+00 3.281270158267018022e-06
9.242578729358839951e+00 3.177440992260048751e-06
9.251097084876549914e+00 3.078271371345546924e-06
9.259623291274715839e+00 2.983540901393978667e-06
9.268157355789046647e+00 2.893040754092980401e-06
9.276699285661916150e+00 2.806573043622868316e-06
9.285249088142379037e+00 2.723950238672397835e-06
9.293806770486163771e+00 2.644994607780645581e-06
9.302372339955690350e+00 2.569537696107593591e-06
9.310945803820070310e+00 2.497419831848140497e-06
9.319527169355113827e+00 2.428489660607515635e-06
9.328116443843340377e+00 2.362603706155831341e-06
9.336713634573978737e+00 2.299625956071633683e-06
9.345318748842977641e+00 2.239427470872145797e-06
9.353931793953005780e+00 2.181886015310708211e-06
9.362552777213462463e+00 2.126885710599400282e-06
9.371181705940495377e+00 2.074316706388584012e-06
9.379818587456979273e+00 2.024074871404639318e-06
9.388463429092546164e+00 1.976061501711497954e-06
9.397116238183579995e+00 1.930183045624452565e-06
9.405777022073234406e+00 1.886350844362263966e-06
9.414445788111418523e+00 1.844480887578633933e-06
9.423122543654825378e+00 1.804493582965796553e-06
9.431807296066921253e+00 1.766313539172545924e-06
9.440500052717961665e+00 1.729869361324652352e-06
9.449200820984998472e+00 1.695093458479881716e-06
9.457909608251878097e+00 1.661921862391192452e-06
9.466626421909253963e+00 1.630294056990580380e-06
9.475351269354590045e+00 1.600152818043680956e-06
9.484084157992164421e+00 1.571444062460166596e-06
9.492825095233090593e+00 1.544116706778353611e-06
9.501574088495303272e+00 1.518122534374637721e-06
9.510331145203574366e+00 1.493416070977957585e-06
9.519096272789520086e+00 1.469954468098877027e-06
9.527869478691604499e+00 1.447697394009897153e-06
9.536650770355153739e+00 1.426606931940153922e-06
9.545440155232350676e+00 1.406647485172633568e-06
9.554237640782243801e+00 1.387785688756195271e-06
9.563043234470759657e+00 1.369990327567809353e-06
9.571856943770704618e+00 1.353232260483007774e-06
9.580678776161775545e+00 1.337484350433900555e-06
9.589508739130559789e+00 1.322721400155336708e-06
9.598346840170545846e+00 1.308920093440041680e-06
9.607193086782125135e+00 1.296058941743658078e-06
9.616047486472604433e+00 1.284118236000222975e-06
9.624910046756212978e+00 1.273078824987044090e-06
9.633780775154100695e+00 1.262916201015849487e-06
9.642659679194350630e+00 1.253605119324898111e-06
9.651546766411980727e+00 1.245122221890383648e-06
9.660442044348963364e+00 1.237445948343512966e-06
9.669345520554212925e+00 1.230556449245255014e-06
9.678257202583601781e+00 1.224435506030458168e-06
9.687177097999970954e+00 1.219066457177129077e-06
9.696105214373123005e+00 1.214434130192782054e-06
9.705041559279852237e+00 1.210524779042874572e-06
9.713986140303919825e+00 1.207326026676935003e-06
9.722938965036087566e+00 1.204826812336010293e-06
9.731900041074107222e+00 1.203017343350937905e-06
9.740869376022731174e+00 1.201889051164855134e-06
9.749846977493730193e+00 1.201434551335243064e-06
9.758832853105884553e+00 1.201647607291245997e-06
9.767827010484992911e+00 1.202523097640660313e-06
9.776829457263886525e+00 1.204056986838382275e-06
9.785840201082427470e+00 1.206246299044265002e-06
9.794859249587529959e+00 1.209089095013035766e-06
9.803886610433142579e+00 1.212584451872980182e-06
9.812922291280273157e+00 1.216732445662673677e-06
9.821966299796994093e+00 1.221534136507224956e-06
9.831018643658435252e+00 1.226991556326369561e-06
9.840079330546814163e+00 1.233107698977262221e-06
9.849148368151416477e+00 1.239886512744353887e-06
9.858225764168620842e+00 1.247332895097867357e-06
9.867311526301895341e+00 1.255452689650722152e-06
9.876405662261809937e+00 1.264252685251692353e-06
9.885508179766045345e+00 1.273740617160092652e-06
9.894619086539387709e+00 1.283925170254072335e-06
9.903738390313746365e+00 1.294815984231355019e-06
9.912866098828153838e+00 1.306423660767333457e-06
9.922002219828781833e+00 1.318759772601254007e-06
9.931146761068937678e+00 1.331836874526874434e-06
9.940299730309069659e+00 1.345668516269016204e-06
9.949461135316786553e+00 1.360269257232656335e-06
9.958630983866846975e+00 1.375654683115641868e-06
9.967809283741186022e+00 1.391841424380879249e-06
9.976996042728902836e+00 1.408847176587867963e-06
9.986191268626280149e+00 1.426690722587857645e-06
9.995394969236780724e+00 1.445391956590460529e-06
1.000460715237105980e+01 1.464971910113646531e-06
1.001382782584698283e+01 1.485452779832524463e-06
1.002305699748960244e+01 1.506857957345508110e-06
1.003229467513119388e+01 1.529212060880356098e-06
1.004154086661125689e+01 1.552540968965229746e-06
1.005079557977649785e+01 1.576871856093209485e-06
1.006005882248087602e+01 1.602233230411903584e-06
1.006933060258556978e+01 1.628654973472011653e-06
1.007861092795901570e+01 1.656168382072337243e-06
1.008789980647690498e+01 1.684806212240474805e-06
1.009719724602217106e+01 1.714602725391628329e-06
1.010650325448503217e+01 1.745593736710291339e-06
1.011581783976295768e+01 1.777816665801424398e-06
1.012514100976071418e+01 1.811310589660968718e-06
1.013447277239034960e+01 1.846116298016515483e-06
1.014381313557119135e+01 1.882276351091835354e-06
1.015316210722988544e+01 1.919835139850968170e-06
1.016251969530036270e+01 1.958838948778253056e-06
1.017188590772387968e+01 1.999336021254136751e-06
1.018126075244901685e+01 2.041376627586558536e-06
1.019064423743165904e+01 2.085013135759947634e-06
1.020003637063504875e+01 2.130300084965526131e-06
1.020943716002974533e+01 2.177294261976387725e-06
1.021884661359367108e+01 2.226054780433745700e-06
1.022826473931209534e+01 2.276643163109656378e-06
1.023769154517764157e+01 2.329123427213490662e-06
1.024712703919031043e+01 2.383562172809535574e-06
1.025657122935746024e+01 2.440028674412676966e-06
1.026602412369384609e+01 2.498594975830405032e-06
1.027548573022160383e+01 2.559335988317746938e-06
1.028495605697025361e+01 2.622329592112351779e-06
1.029443511197673367e+01 2.687656741415762102e-06
1.030392290328536653e+01 2.755401572885254569e-06
1.031341943894791058e+01 2.825651517700961795e-06
1.032292472702353869e+01 2.898497417268666696e-06
1.033243877557884005e+01 2.974033642619290020e-06
1.034196159268785031e+01 3.052358217561858276e-06
1.035149318643204985e+01 3.133572945644155384e-06
1.036103356490034955e+01 3.217783540972420011e-06
1.037058273618913873e+01 3.305099762937574105e-06
1.038014070840224434e+01 3.395635554890171650e-06
1.038970748965097890e+01 3.489509186803164557e-06
1.039928308805413337e+01 3.586843401954727156e-06
1.040886751173796121e+01 3.687765567657498956e-06
1.041846076883623162e+01 3.792407830055765393e-06
1.042806286749018341e+01 3.900907273001261036e-06
1.043767381584857823e+01 4.013406081015055919e-06
1.044729362206768997e+01 4.130051706329368340e-06
1.045692229431128695e+01 4.250997039996738815e-06
1.046655984075068879e+01 4.376400587043790596e-06
1.047620626956472201e+01 4.506426645632553775e-06
1.048586158893976972e+01 4.641245490184461942e-06
1.049552580706975569e+01 4.781033558405232017e-06
1.050519893215614431e+01 4.925973642136869334e-06
1.051488097240797792e+01 5.076255081948553239e-06
1.052457193604184127e+01 5.232073965358501356e-06
1.053427183128191125e+01 5.393633328567308045e-06
1.054398066635994269e+01 5.561143361557753470e-06
1.055369844951526304e+01 5.734821616402948167e-06
1.056342518899481142e+01 5.914893218599627826e-06
1.057316089305310847e+01 6.101591081221835701e-06
1.058290556995229892e+01 6.295156121668279198e-06
1.059265922796214277e+01 6.495837480749199089e-06
1.060242187536000280e+01 6.703892743833329571e-06
1.061219352043089614e+01 6.919588163749256696e-06
1.062197417146744804e+01 7.143198885100752602e-06
1.063176383676995229e+01 7.375009169633043862e-06
1.064156252464634278e+01 7.615312622244102195e-06
1.065137024341219885e+01 7.864412417210074418e-06
1.066118700139078612e+01 8.122621524153840348e-06
1.067101280691301746e+01 8.390262933245777683e-06
1.068084766831750265e+01 8.667669879093490139e-06
1.069069159395053425e+01 8.955186062729274916e-06
1.070054459216608045e+01 9.253165871065144619e-06
1.071040667132583479e+01 9.561974593143670920e-06
1.072027783979917004e+01 9.881988632457351895e-06
1.073015810596319319e+01 1.021359571457605381e-05
1.074004747820272776e+01 1.055719508925823047e-05
1.074994596491031373e+01 1.091319772618040148e-05
1.075985357448624491e+01 1.128202650336648049e-05
1.076977031533853513e+01 1.166411638733570806e-05
1.077969619588296446e+01 1.205991460394780961e-05
1.078963122454306856e+01 1.246988079885133232e-05
1.079957540975013153e+01 1.289448718639501536e-05
1.080952875994322859e+01 1.333421868579858698e-05
1.081949128356919232e+01 1.378957304331625904e-05
1.082946298908265526e+01 1.426106093907308243e-05
1.083944388494604461e+01 1.474920607718411117e-05
1.084943397962956624e+01 1.525454525770792681e-05
1.085943328161125265e+01 1.577762842892860024e-05
1.086944179937694877e+01 1.631901871838468539e-05
1.087945954142030303e+01 1.687929244101182152e-05
1.088948651624281538e+01 1.745903908270508308e-05
1.089952273235379998e+01 1.805886125752725977e-05
1.090956819827042601e+01 1.867937463675736534e-05
1.091962292251771771e+01 1.932120784788409992e-05
1.092968691362853484e+01 1.998500234161015426e-05
1.093976018014362772e+01 2.067141222487591705e-05
1.094984273061159463e+01 2.138110405784113415e-05
1.095993457358892620e+01 2.211475661273579058e-05
1.097003571764000540e+01 2.287306059242246001e-05
1.098014617133708448e+01 2.365671830647755986e-05
1.099026594326034534e+01 2.446644330256613631e-05
1.100039504199784979e+01 2.530295995082352230e-05
1.101053347614559463e+01 2.616700297896430968e-05
1.102068125430749745e+01 2.705931695577765337e-05
1.103083838509539305e+01 2.798065572067231623e-05
1.104100487712907075e+01 2.893178175692045717e-05
1.105118073903624065e+01 2.991346550623218020e-05
1.106136597945258870e+01 3.092648462231946925e-05
1.107156060702175360e+01 3.197162316109642397e-05
1.108176463039532322e+01 3.304967070520796739e-05
1.109197805823288796e+01 3.416142142059855222e-05
1.110220089920198738e+01 3.530767304287730948e-05
1.111243316197817599e+01 3.648922579130889051e-05
1.112267485524499655e+01 3.770688120829327351e-05
1.113292598769398190e+01 3.896144092232106296e-05
1.114318656802469576e+01 4.025370533245428999e-05
1.115345660494470081e+01 4.158447221250528408e-05
1.116373610716959774e+01 4.295453523322163755e-05
1.117402508342302170e+01 4.436468240089610273e-05
1.118432354243663163e+01 4.581569441102054151e-05
1.119463149295015647e+01 4.730834291574375570e-05
1.120494894371135608e+01 4.884338870410070575e-05
1.121527590347606917e+01 5.042157979420166706e-05
1.122561238100820624e+01 5.204364943678201072e-05
1.123595838507973710e+01 5.371031402976950625e-05
1.124631392447073885e+01 5.542227094382676066e-05
1.125667900796935861e+01 5.718019625905199706e-05
1.126705364437185963e+01 5.898474241341986068e-05
1.127743784248261250e+01 6.083653576378715409e-05
1.128783161111408262e+01 6.273617406071215006e-05
1.129823495908688358e+01 6.468422383868714794e-05
1.130864789522973268e+01 6.668121772374274237e-05
1.131907042837950605e+01 6.872765166088181266e-05
1.132950256738121908e+01 7.082398206413729645e-05
1.133994432108802464e+01 7.297062289258648331e-05
1.135039569836125750e+01 7.516794265609849093e-05
1.136085670807039349e+01 7.741626135504594132e-05
1.137132735909310632e+01 7.971584735882251819e-05
1.138180766031524627e+01 8.206691422841199237e-05
1.139229762063084017e+01 8.446961748889671910e-05
1.140279724894213054e+01 8.692405135831691488e-05
1.141330655415954531e+01 8.943024543981044610e-05
1.142382554520173876e+01 9.198816138464704776e-05
1.143435423099558967e+01 9.459768953425342817e-05
1.144489262047618006e+01 9.725864554996383621e-05
1.145544072258685198e+01 9.997076703986678282e-05
1.146599854627918269e+01 1.027337101926098468e-04
1.147656610051298642e+01 1.055470464287336987e-04
1.148714339425636055e+01 1.084102590806409881e-04
1.149773043648563764e+01 1.113227401128516226e-04
1.150832723618544762e+01 1.142837868948813032e-04
1.151893380234869824e+01 1.172925990394894550e-04
1.152955014397656441e+01 1.203482753197036880e-04
1.154017627007854685e+01 1.234498106784909200e-04
1.155081218967242407e+01 1.265960933453881467e-04
1.156145791178429860e+01 1.297859020749743614e-04
1.157211344544860054e+01 1.330179035223756005e-04
1.158277879970805913e+01 1.362906497714148262e-04
1.159345398361377022e+01 1.396025760314170737e-04
1.160413900622514305e+01 1.429519985188247469e-04
1.161483387660995525e+01 1.463371125401948468e-04
1.162553860384434046e+01 1.497559907931395138e-04
1.163625319701278116e+01 1.532065819020317918e-04
1.164697766520815669e+01 1.566867092052824022e-04
1.165771201753170061e+01 1.601940698109123183e-04
1.166845626309305395e+01 1.637262339371894145e-04
1.167921041101025459e+01 1.672806445547319189e-04
1.168997447040972304e+01 1.708546173463576425e-04
1.170074845042631750e+01 1.744453410005475293e-04
1.171153236020329125e+01 1.780498778538819012e-04
1.172232620889234234e+01 1.816651648973994354e-04
1.173313000565360120e+01 1.852880151610469025e-04
1.174394375965562531e+01 1.889151194897049988e-04
1.175476748007544359e+01 1.925430487234776615e-04
1.176560117609852441e+01 1.961682562938411130e-04
1.177644485691881293e+01 1.997870812463630071e-04
1.178729853173873110e+01 2.033957516993995982e-04
1.179816220976916519e+01 2.069903887469603718e-04
1.180903590022951200e+01 2.105670108126099407e-04
1.181991961234764332e+01 2.141215384596834763e-04
1.183081335535995571e+01 2.176497996616193003e-04
1.184171713851135266e+01 2.211475355344826336e-04
1.185263097105524288e+01 2.246104065319646733e-04
1.186355486225359179e+01 2.280339991013706090e-04
1.187448882137687001e+01 2.314138327970066504e-04
1.188543285770411373e+01 2.347453678455337263e-04
1.189638698052291232e+01 2.380240131556006966e-04
1.190735119912939410e+01 2.412451347619799617e-04
1.191832552282828139e+01 2.444040646922508915e-04
1.192930996093284612e+01 2.474961102416785145e-04
1.194030452276496135e+01 2.505165636398049120e-04
1.195130921765509768e+01 2.534607120898078577e-04
1.196232405494229845e+01 2.563238481593951802e-04
1.197334904397424182e+01 2.591012804997040557e-04
1.198438419410720002e+01 2.617883448662662355e-04
1.199542951470608365e+01 2.643804154138580838e-04
1.200648501514443467e+01 2.668729162347841985e-04
1.201755070480441390e+01 2.692613331078965951e-04
1.202862659307685789e+01 2.715412254235933468e-04
1.203971268936123096e+01 2.737082382478939094e-04
1.205080900306567848e+01 2.757581144868096520e-04
1.206191554360701801e+01 2.776867071103523380e-04
1.207303232041072683e+01 2.794899913938342752e-04
1.208415934291098814e+01 2.811640771325432794e-04
1.209529662055068222e+01 2.827052207844919372e-04
1.210644416278136681e+01 2.841098374946907307e-04
1.211760197906334291e+01 2.853747945396554455e-04
1.212877007886560321e+01 2.864986169511943358e-04
1.213994847166588542e+01 2.874805251023928882e-04
1.215113716695065982e+01 2.883199639696966974e-04
1.216233617421512747e+01 2.890166020230570151e-04
1.217354550296326110e+01 2.895703297788316372e-04
1.218476516270776777e+01 2.899812577833487857e-04
1.219599516297014041e+01 2.902497140425468972e-04
1.220723551328065071e+01 2.903762409149185071e-04
1.221848622317833311e+01 2.903615914866709423e-04
1.222974730221103457e+01 2.902067254496189350e-04
1.224101875993538435e+01 2.899128045037569867e-04
1.225230060591683490e+01 2.894811873077997116e-04
1.226359284972964936e+01 2.889134240021667271e-04
1.227489550095690696e+01 2.882112503299486873e-04
1.228620856919053317e+01 2.873765813823133796e-04
1.229753206403127663e+01 2.864115049955934440e-04
1.230886599508874824e+01 2.853182748279604734e-04
1.232021037198141933e+01 2.840993031440746806e-04
1.233156520433660575e+01 2.827571533365253516e-04
1.234293050179051754e+01 2.812945322130541931e-04
1.235430627398822878e+01 2.797142820787482435e-04
1.236569253058371487e+01 2.780193726423126326e-04
1.237708928123985253e+01 2.762128927754387182e-04
1.238849653562840203e+01 2.742980421540353844e-04
1.239991430343006584e+01 2.722781228096850942e-04
1.241134259433444242e+01 2.701565306192782998e-04
1.242278141804007774e+01 2.679367467601608465e-04
1.243423078425445816e+01 2.656223291574727344e-04
1.244569070269399980e+01 2.632169039496346907e-04
1.245716118308409470e+01 2.607241569970180804e-04
1.246864223515907533e+01 2.581478254580344659e-04
1.248013386866226604e+01 2.554916894557834775e-04
1.249163609334596892e+01 2.527595638574329910e-04
1.250314891897145486e+01 2.499552901873964119e-04
1.251467235530901867e+01 2.470827286941502444e-04
1.252620641213793107e+01 2.441457505894862093e-04
1.253775109924650089e+01 2.411482304776136677e-04
1.254930642643205196e+01 2.380940389904456658e-04
1.256087240350092138e+01 2.349870356439884983e-04
1.257244904026851096e+01 2.318310619295526286e-04
1.258403634655923931e+01 2.286299346522604223e-04
1.259563433220660222e+01 2.253874395278905802e-04
1.260724300705315848e+01 2.221073250480051200e-04
1.261886238095051738e+01 2.187932966218970518e-04
1.263049246375939383e+01 2.154490110026755130e-04
1.264213326534956749e+01 2.120780710036257878e-04
1.265378479559992897e+01 2.086840205097044995e-04
1.266544706439847623e+01 2.052703397878871087e-04
1.267712008164230397e+01 2.018404410989490117e-04
1.268880385723764981e+01 1.983976646121030953e-04
1.270049840109985695e+01 1.949452746229564804e-04
1.271220372315342928e+01 1.914864560740709679e-04
1.272391983333201182e+01 1.880243113766096508e-04
1.273564674157838894e+01 1.845618575304834683e-04
1.274738445784453056e+01 1.811020235395867991e-04
1.275913299209157437e+01 1.776476481179323577e-04
1.277089235428981873e+01 1.742014776816186200e-04
1.278266255441878307e+01 1.707661646209327280e-04
1.279444360246715284e+01 1.673442658461802093e-04
1.280623550843283986e+01 1.639382416002321450e-04
1.281803828232297171e+01 1.605504545302248454e-04
1.282985193415387926e+01 1.571831690103401224e-04
1.284167647395115175e+01 1.538385507071400463e-04
1.285351191174958707e+01 1.505186663785603894e-04
1.286535825759326102e+01 1.472254838972509780e-04
1.287721552153549531e+01 1.439608724887751269e-04
1.288908371363886829e+01 1.407266031748006141e-04
1.290096284397524862e+01 1.375243494113161850e-04
1.291285292262576867e+01 1.343556879117232552e-04
1.292475395968086893e+01 1.312220996445131657e-04
1.293666596524028911e+01 1.281249709952592358e-04
1.294858894941306104e+01 1.250655950825295545e-04
1.296052292231755310e+01 1.220451732174140735e-04
1.297246789408143819e+01 1.190648164963927110e-04
1.298442387484174354e+01 1.161255475173141510e-04
1.299639087474483645e+01 1.132283022084702246e-04
1.300836890394641543e+01 1.103739317607834738e-04
1.302035797261156702e+01 1.075632046533663971e-04
1.303235809091471964e+01 1.047968087629398833e-04
1.304436926903969862e+01 1.020753535477107754e-04
1.305639151717971380e+01 9.939937229669945206e-05
1.306842484553735240e+01 9.676932443564418391e-05
1.308046926432463053e+01 9.418559788094906134e-05
1.309252478376294526e+01 9.164851143347011895e-05
1.310459141408314032e+01 8.915831720413061330e-05
1.311666916552548656e+01 8.671520306381646614e-05
1.312875804833966953e+01 8.431929511021004926e-05
1.314085807278485341e+01 8.197066014460731634e-05
1.315296924912962417e+01 7.966930815213106273e-05
1.316509158765206067e+01 7.741519477900480456e-05
1.317722509863970437e+01 7.520822380100958715e-05
1.318936979238956830e+01 7.304824957749709257e-05
1.320152567920817255e+01 7.093507948571654961e-05
1.321369276941151760e+01 6.886847633058499317e-05
1.322587107332512701e+01 6.684816072529206491e-05
1.323806060128404205e+01 6.487381343854148731e-05
1.325026136363280926e+01 6.294507770453481091e-05
1.326247337072553734e+01 6.106156149208147148e-05
1.327469663292584556e+01 5.922283972963514798e-05
1.328693116060693313e+01 5.742845648324323374e-05
1.329917696415155248e+01 5.567792708480940239e-05
1.331143405395200752e+01 5.397074020827397447e-05
1.332370244041020868e+01 5.230635989164136043e-05
1.333598213393762677e+01 5.068422750305093499e-05
1.334827314495534267e+01 4.910376364933277514e-05
1.336057548389404914e+01 4.756437002574654842e-05
1.337288916119402593e+01 4.606543120585567680e-05
1.338521418730520018e+01 4.460631637067724776e-05
1.339755057268712868e+01 4.318638097650814948e-05
1.340989832780898361e+01 4.180496836101302088e-05
1.342225746314962187e+01 4.046141128732830934e-05
1.343462798919752110e+01 3.915503342618017942e-05
1.344700991645085253e+01 3.788515077610626831e-05
1.345940325541746141e+01 3.665107302210691444e-05
1.347180801661485816e+01 3.545210483314185413e-05
1.348422421057026810e+01 3.428754709904954106e-05
1.349665184782059946e+01 3.315669810761238674e-05
1.350909093891248780e+01 3.205885466255572379e-05
1.352154149440229070e+01 3.099331314343900800e-05
1.353400352485607172e+01 2.995937050844291183e-05
1.354647704084966264e+01 2.895632524116442650e-05
1.355896205296861368e+01 2.798347824262735356e-05
1.357145857180825210e+01 2.704013366974346172e-05
1.358396660797367161e+01 2.612559972156242770e-05
1.359648617207971633e+01 2.523918937468437753e-05
1.360901727475104295e+01 2.438022106924036427e-05
1.362155992662207282e+01 2.354801934692249022e-05
1.363411413833704877e+01 2.274191544253059563e-05
1.364667992055002621e+01 2.196124783056579765e-05
1.365925728392485183e+01 2.120536272840355506e-05
1.367184623913523822e+01 2.047361455757925632e-05
1.368444679686469811e+01 1.976536636476299125e-05
1.369705896780661902e+01 1.907999020395713749e-05
1.370968276266423835e+01 1.841686748148610702e-05
1.372231819215064164e+01 1.777538926532373897e-05
1.373496526698881404e+01 1.715495656028565090e-05
1.374762399791159417e+01 1.655498055062053195e-05
1.376029439566173451e+01 1.597488281149732920e-05
1.377297647099188893e+01 1.541409549087193899e-05
1.378567023466460029e+01 1.487206146319775419e-05
1.379837569745235903e+01 1.434823445640187453e-05
1.381109287013755527e+01 1.384207915354518606e-05
1.382382176351253911e+01 1.335307127052525727e-05
1.383656238837960295e+01 1.288069761117167843e-05
1.384931475555097968e+01 1.242445610103950319e-05
1.386207887584889242e+01 1.198385580116601911e-05
1.387485476010551189e+01 1.155841690303240088e-05
1.388764241916300968e+01 1.114767070592366989e-05
1.390044186387355296e+01 1.075115957784693965e-05
1.391325310509929025e+01 1.036843690112861734e-05
1.392607615371240826e+01 9.999067003771829507e-06
1.393891102059508391e+01 9.642625077616513807e-06
1.395175771663954833e+01 9.298697084305039879e-06
1.396461625274806906e+01 8.966879650015810872e-06
1.397748663983294115e+01 8.646779949893058131e-06
1.399036888881654406e+01 8.338015583052115322e-06
1.400326301063129719e+01 8.040214439014536864e-06
1.401616901621971500e+01 7.753014556375551541e-06
1.402908691653440165e+01 7.476063974480670293e-06
1.404201672253802613e+01 7.209020578845250613e-06
1.405495844520339688e+01 6.951551941010662994e-06
1.406791209551340494e+01 6.703335153509040315e-06
1.408087768446108434e+01 6.464056660558200206e-06
1.409385522304959970e+01 6.233412085085104798e-06
1.410684472229223729e+01 6.011106052638940103e-06
1.411984619321245304e+01 5.796852012724449833e-06
1.413285964684386542e+01 5.590372058053961026e-06
1.414588509423023588e+01 5.391396742189012011e-06
1.415892254642553993e+01 5.199664896008053682e-06
1.417197201449390498e+01 5.014923443417256541e-06
1.418503350950968134e+01 4.836927216684348260e-06
1.419810704255742628e+01 4.665438771757319851e-06
1.421119262473188805e+01 4.500228203901977907e-06
1.422429026713807154e+01 4.341072963965334759e-06
1.423739998089118686e+01 4.187757675554528591e-06
1.425052177711671320e+01 4.040073953393913027e-06
1.426365566695037579e+01 3.897820223104427688e-06
1.427680166153815122e+01 3.760801542628248084e-06
1.428995977203630829e+01 3.628829425502823959e-06
1.430313000961137782e+01 3.501721666169888446e-06
1.431631238544019524e+01 3.379302167487763828e-06
1.432950691070990246e+01 3.261400770598735676e-06
1.434271359661792999e+01 3.147853087287417061e-06
1.435593245437205567e+01 3.038500334951627909e-06
1.436916349519035840e+01 2.933189174292738442e-06
1.438240673030127859e+01 2.831771549819682848e-06
1.439566217094360212e+01 2.734104533247882535e-06
1.440892982836645686e+01 2.640050169863733377e-06
1.442220971382936412e+01 2.549475327911962972e-06
1.443550183860219072e+01 2.462251551056150056e-06
1.444880621396521825e+01 2.378254913949367642e-06
1.446212285120911822e+01 2.297365880946664054e-06
1.447545176163495384e+01 2.219469167979070300e-06
1.448879295655422439e+01 2.144453607603696816e-06
1.450214644728883151e+01 2.072212017235855169e-06
1.451551224517113070e+01 2.002641070562808721e-06
1.452889036154392244e+01 1.935641172132436146e-06
1.454228080776043974e+01 1.871116335104430303e-06
1.455568359518440857e+01 1.808974062146373113e-06
1.456909873518999810e+01 1.749125229452050099e-06
1.458252623916188284e+01 1.691483973855193278e-06
1.459596611849522851e+01 1.635967583007679119e-06
1.460941838459568309e+01 1.582496388587495609e-06
1.462288304887943546e+01 1.530993662498736304e-06
1.463636012277316745e+01 1.481385516022813237e-06
1.464984961771411065e+01 1.433600801877044350e-06
1.466335154515004291e+01 1.387571019135598402e-06
1.467686591653926698e+01 1.343230220964141653e-06
1.469039274335067802e+01 1.300514925119020532e-06
1.470393203706370855e+01 1.259364027159788761e-06
1.471748380916839594e+01 1.219718716322189595e-06
1.473104807116536641e+01 1.181522393998658469e-06
1.474462483456582440e+01 1.144720594771335499e-06
1.475821411089161117e+01 1.109260909942357913e-06
1.477181591167516039e+01 1.075092913506380760e-06
1.478543024845955323e+01 1.042168090508192479e-06
1.479905713279851298e+01 1.010439767730090562e-06
1.481269657625638558e+01 9.798630466519882841e-07
1.482634859040820707e+01 9.503947386279148515e-07
1.484001318683965209e+01 9.219933022232135896e-07
1.485369037714709428e+01 8.946187826556667394e-07
1.486738017293759384e+01 8.682327532857839604e-07
1.488108258582889043e+01 8.427982591005980141e-07
1.489479762744944757e+01 8.182797621363931918e-07
1.490852530943845267e+01 7.946430887867623234e-07
1.492226564344579209e+01 7.718553789422649608e-07
1.493601864113212230e+01 7.498850369091364957e-07
1.494978431416881648e+01 7.287016840556373338e-07
1.496356267423802500e+01 7.082761131344382323e-07
1.497735373303266826e+01 6.885802442315671354e-07
1.499115750225642074e+01 6.695870822922402952e-07
1.500497399362376783e+01 6.512706761755775933e-07
1.501880321885997027e+01 6.336060791908688009e-07
1.503264518970110863e+01 6.165693110689111167e-07
1.504649991789408858e+01 6.001373213234095098e-07
1.506036741519661426e+01 5.842879539578974755e-07
1.507424769337725756e+01 5.689999134749238313e-07
1.508814076421540662e+01 5.542527321455431176e-07
1.510204663950132975e+01 5.400267384975147788e-07
1.511596533103615947e+01 5.263030269824557406e-07
1.512989685063188539e+01 5.130634287826068906e-07
1.514384121011140927e+01 5.002904837191591297e-07
1.515779842130850241e+01 4.879674132253247207e-07
1.517176849606786426e+01 4.760780943478587827e-07
1.518575144624511175e+01 4.646070347422701290e-07
1.519974728370676509e+01 4.535393486277596098e-07
1.521375602033031171e+01 4.428607336687229779e-07
1.522777766800415478e+01 4.325574487511507340e-07
1.524181223862767531e+01 4.226162926226568355e-07
1.525585974411122869e+01 4.130242908507380542e-07
1.526992019637611442e+01 4.037677153469774561e-07
1.528399360735465784e+01 3.948331060338760636e-07
1.529807998899014621e+01 3.862076209786384789e-07
1.531217935323689971e+01 3.778790051656590345e-07
1.532629171206025553e+01 3.698355609663318957e-07
1.534041707743655536e+01 3.620661202225642791e-07
1.535455546135320937e+01 3.545600178494188028e-07
1.536870687580864470e+01 3.473070668683180404e-07
1.538287133281237118e+01 3.402975347874138430e-07
1.539704884438496535e+01 3.335221212512711616e-07
1.541123942255806156e+01 3.269719368865227919e-07
1.542544307937441239e+01 3.206384832747372481e-07
1.543965982688783889e+01 3.145136339881056215e-07
1.545388967716329276e+01 3.085896166271563984e-07
1.546813264227685103e+01 3.028589958037221483e-07
1.548238873431568940e+01 2.973146570156465636e-07
1.549665796537816043e+01 2.919497913628916785e-07
1.551094034757373485e+01 2.867578810579613506e-07
1.552523589302306561e+01 2.817326856860697091e-07
1.553954461385797892e+01 2.768682291733907131e-07
1.555386652222145649e+01 2.721587874240926846e-07
1.556820163026770487e+01 2.675988765891237892e-07
1.558254995016209676e+01 2.631832419320799875e-07
1.559691149408124922e+01 2.589068472592938625e-07
1.561128627421299164e+01 2.547648648834027966e-07
1.562567430275636937e+01 2.507526660913573489e-07
1.564007559192170227e+01 2.468658120894566200e-07
1.565449015393052790e+01 2.431000453997613858e-07
1.566891800101567434e+01 2.394512816834984450e-07
1.568335914542124243e+01 2.359156019686426469e-07
1.569781359940259868e+01 2.324892452600942251e-07
1.571228137522642143e+01 2.291686015120712676e-07
1.572676248517069908e+01 2.259502049435638466e-07
1.574125694152471056e+01 2.228307276787518604e-07
1.575576475658909459e+01 2.198069736952581812e-07
1.577028594267579287e+01 2.168758730641804327e-07
1.578482051210811932e+01 2.140344764666115269e-07
1.579936847722074234e+01 2.112799499723415426e-07
1.581392985035968124e+01 2.086095700671223204e-07
1.582850464388235956e+01 2.060207189156780310e-07
1.584309287015756240e+01 2.035108798483835276e-07
1.585769454156549507e+01 2.010776330601019254e-07
1.587230967049777419e+01 1.987186515104038681e-07
1.588693826935741349e+01 1.964316970149292280e-07
1.590158035055889130e+01 1.942146165181769110e-07
1.591623592652809194e+01 1.920653385386331760e-07
1.593090500970237855e+01 1.899818697775109857e-07
1.594558761253057710e+01 1.879622918829576488e-07
1.596028374747296041e+01 1.860047583619557594e-07
1.597499342700132274e+01 1.841074916325557907e-07
1.598971666359891408e+01 1.822687802095376061e-07
1.600445346976052008e+01 1.804869760168547504e-07
1.601920385799243363e+01 1.787604918206778099e-07
1.603396784081246196e+01 1.770877987771028459e-07
1.604874543074996751e+01 1.754674240889174640e-07
1.606353664034584128e+01 1.738979487661404635e-07
1.607834148215254544e+01 1.723780054852824619e-07
1.609315996873411692e+01 1.709062765425656612e-07
1.610799211266614961e+01 1.694814918965751252e-07
1.612283792653585834e+01 1.681024272960459486e-07
1.613769742294202203e+01 1.667679024887205041e-07
1.615257061449506182e+01 1.654767795073961470e-07
1.616745751381701623e+01 1.642279610295091959e-07
1.618235813354153407e+01 1.630203888067621335e-07
1.619727248631394545e+01 1.618530421614890353e-07
1.621220058479119075e+01 1.607249365466148564e-07
1.622714244164191655e+01 1.596351221662243187e-07
1.624209806954642588e+01 1.585826826539102253e-07
1.625706748119670308e+01 1.575667338061941090e-07
1.627205068929644582e+01 1.565864223684663388e-07
1.628704770656104017e+01 1.556409248710081084e-07
1.630205854571761037e+01 1.547294465127730058e-07
1.631708321950500817e+01 1.538512200907326304e-07
1.633212174067380573e+01 1.530055049726875200e-07
1.634717412198635955e+01 1.521915861115430400e-07
1.636224037621675009e+01 1.514087730991602147e-07
1.637732051615086348e+01 1.506563992579731889e-07
1.639241455458636310e+01 1.499338207686448191e-07
1.640752250433268600e+01 1.492404158321354657e-07
1.642264437821111045e+01 1.485755838646090555e-07
1.643778018905468841e+01 1.479387447237072364e-07
1.645292994970833789e+01 1.473293379647538908e-07
1.646809367302880034e+01 1.467468221255637934e-07
1.648327137188465841e+01 1.461906740385464815e-07
1.649846305915637146e+01 1.456603881688936580e-07
1.651366874773625071e+01 1.451554759776693111e-07
1.652888845052850542e+01 1.446754653086952643e-07
1.654412218044924288e+01 1.442198997981598687e-07
1.655936995042644355e+01 1.437883383059379231e-07
1.657463177340003568e+01 1.433803543676506185e-07
1.658990766232186687e+01 1.429955356665391724e-07
1.660519763015570049e+01 1.426334835242685637e-07
1.662050168987728327e+01 1.422938124098180415e-07
1.663581985447427769e+01 1.419761494656508684e-07
1.665115213694635443e+01 1.416801340503935024e-07
1.666649855030515681e+01 1.414054172972873012e-07
1.668185910757429369e+01 1.411516616877115888e-07
1.669723382178942117e+01 1.409185406391017559e-07
1.671262270599816091e+01 1.407057381066230171e-07
1.672802577326019602e+01 1.405129481979851161e-07
1.674344303664724620e+01 1.403398748008032564e-07
1.675887450924304645e+01 1.401862312219566455e-07
1.677432020414342873e+01 1.400517398383897124e-07
1.678978013445625805e+01 1.399361317588549532e-07
1.680525431330151065e+01 1.398391464960956159e-07
1.682074275381124906e+01 1.397605316490036547e-07
1.683624546912961861e+01 1.397000425942942311e-07
1.685176247241290426e+01 1.396574421872713148e-07
1.686729377682949504e+01 1.396325004712646239e-07
1.688283939555992674e+01 1.396249943953457850e-07
1.689839934179689962e+01 1.396347075399427291e-07
1.691397362874523225e+01 1.396614298499876266e-07
1.692956226962195743e+01 1.397049573752508377e-07
1.694516527765625469e+01 1.397650920175288413e-07
1.696078266608951424e+01 1.398416412843641645e-07
1.697641444817533340e+01 1.399344180489908721e-07
1.699206063717950599e+01 1.400432403162171481e-07
1.700772124638007554e+01 1.401679309939579049e-07
1.702339628906729985e+01 1.403083176701503655e-07
1.703908577854370066e+01 1.404642323947999135e-07
1.705478972812406369e+01 1.406355114669002463e-07
1.707050815113542797e+01 1.408219952259982606e-07
1.708624106091713912e+01 1.410235278481785171e-07
1.710198847082080675e+01 1.412399571462432185e-07
1.711775039421036837e+01 1.414711343738894416e-07
1.713352684446208940e+01 1.417169140336784040e-07
1.714931783496452056e+01 1.419771536886125080e-07
1.716512337911860087e+01 1.422517137771377605e-07
1.718094349033758306e+01 1.425404574313935835e-07
1.719677818204709752e+01 1.428432502985544549e-07
1.721262746768515939e+01 1.431599603650984442e-07
1.722849136070214016e+01 1.434904577838531434e-07
1.724436987456084580e+01 1.438346147036828051e-07
1.726026302273644220e+01 1.441923051016681930e-07
1.727617081871655813e+01 1.445634046176630743e-07
1.729209327600124269e+01 1.449477903910971755e-07
1.730803040810295812e+01 1.453453408999076535e-07
1.732398222854666869e+01 1.457559358014965627e-07
1.733994875086975540e+01 1.461794557756002081e-07
1.735592998862210479e+01 1.466157823689818429e-07
1.737192595536610185e+01 1.470647978418490843e-07
1.738793666467659094e+01 1.475263850159097808e-07
1.740396213014096460e+01 1.480004271239880630e-07
1.742000236535912805e+01 1.484868076611243158e-07
1.743605738394350624e+01 1.489854102370823104e-07
1.745212719951909364e+01 1.494961184302145805e-07
1.746821182572341158e+01 1.500188156425985862e-07
1.748431127620658287e+01 1.505533849564272804e-07
1.750042556463129984e+01 1.510997089915625721e-07
1.751655470467283138e+01 1.516576697642402785e-07
1.753269871001907276e+01 1.522271485468701048e-07
1.754885759437051007e+01 1.528080257288967449e-07
1.756503137144028059e+01 1.534001806787025677e-07
1.758122005495415863e+01 1.540034916065102792e-07
1.759742365865053770e+01 1.546178354282811387e-07
1.761364219628051941e+01 1.552430876305817844e-07
1.762987568160783525e+01 1.558791221364136320e-07
1.764612412840892830e+01 1.565258111720006915e-07
1.766238755047294262e+01 1.571830251345275164e-07
1.767866596160170189e+01 1.578506324608334798e-07
1.769495937560979115e+01 1.585284994970778295e-07
1.771126780632447861e+01 1.592164903693698314e-07
1.772759126758581871e+01 1.599144668554036261e-07
1.774392977324661302e+01 1.606222882571006051e-07
1.776028333717240670e+01 1.613398112742930548e-07
1.777665197324155244e+01 1.620668898794777624e-07
1.779303569534517138e+01 1.628033751936775931e-07
1.780943451738719929e+01 1.635491153634425391e-07
1.782584845328439727e+01 1.643039554390456140e-07
1.784227751696631969e+01 1.650677372539049072e-07
1.785872172237539957e+01 1.658402993053075804e-07
1.787518108346688450e+01 1.666214766364672532e-07
1.789165561420890427e+01 1.674111007199947686e-07
1.790814532858246366e+01 1.682089993428456288e-07
1.792465024058143541e+01 1.690149964928020684e-07
1.794117036421261346e+01 1.698289122465796057e-07
1.795770571349567035e+01 1.706505626596266528e-07
1.797425630246322825e+01 1.714797596577058074e-07
1.799082214516083766e+01 1.723163109303413165e-07
1.800740325564697386e+01 1.731600198262219958e-07
1.802399964799309728e+01 1.740106852506625174e-07
1.804061133628361091e+01 1.748681015652135684e-07
1.805723833461591354e+01 1.757320584895314689e-07
1.807388065710040692e+01 1.766023410056132889e-07
1.809053831786046374e+01 1.774787292645030515e-07
1.810721133103251290e+01 1.783609984955942501e-07
1.812389971076597561e+01 1.792489189186398019e-07
1.814060347122334349e+01 1.801422556585979458e-07
1.815732262658015372e+01 1.810407686634349479e-07
1.817405719102498907e+01 1.819442126250137328e-07
1.819080717875953823e+01 1.828523369032144222e-07
1.820757260399854616e+01 1.837648854534021629e-07
1.822435348096988861e+01 1.846815967574013792e-07
1.824114982391454731e+01 1.856022037581056499e-07
1.825796164708660996e+01 1.865264337978758347e-07
1.827478896475333414e+01 1.874540085608716091e-07
1.829163179119508698e+01 1.883846440194637664e-07
1.830849014070543035e+01 1.893180503848926953e-07
1.832536402759109251e+01 1.902539320623107039e-07
1.834225346617196806e+01 1.911919876103790504e-07
1.835915847078117125e+01 1.921319097055720959e-07
1.837607905576502887e+01 1.930733851113542779e-07
1.839301523548306250e+01 1.940160946523824783e-07
1.840996702430805954e+01 1.949597131939128520e-07
1.842693443662602704e+01 1.959039096265597928e-07
1.844391748683625210e+01 1.968483468565835097e-07
1.846091618935129119e+01 1.977926818018660111e-07
1.847793055859695954e+01 1.987365653937441110e-07
1.849496060901240568e+01 1.996796425848642563e-07
1.851200635505004399e+01 2.006215523632229455e-07
1.852906781117564705e+01 2.015619277725603168e-07
1.854614499186830301e+01 2.025003959392685588e-07
1.856323791162043335e+01 2.034365781059771112e-07
1.858034658493784264e+01 2.043700896719782907e-07
1.859747102633967231e+01 2.053005402406476111e-07
1.861461125035847175e+01 2.062275336740237270e-07
1.863176727154018408e+01 2.071506681546862288e-07
1.864893910444413549e+01 2.080695362551051419e-07
1.866612676364309564e+01 2.089837250145879675e-07
1.868333026372324213e+01 2.098928160239795356e-07
1.870054961928421733e+01 2.107963855182513093e-07
1.871778484493911421e+01 2.116940044771184962e-07
1.873503595531447630e+01 2.125852387338110165e-07
1.875230296505035454e+01 2.134696490921206455e-07
1.876958588880026468e+01 2.143467914518550889e-07
1.878688474123124763e+01 2.152162169427955035e-07
1.880419953702386948e+01 2.160774720672782932e-07
1.882153029087218954e+01 2.169300988514869731e-07
1.883887701748385979e+01 2.177736350055610901e-07
1.885623973158003963e+01 2.186076140925879511e-07
1.887361844789548471e+01 2.194315657065657011e-07
1.889101318117853623e+01 2.202450156593986052e-07
1.890842394619109612e+01 2.210474861769796961e-07
1.892585075770871228e+01 2.218384961044138608e-07
1.894329363052050752e+01 2.226175611204073061e-07
1.896075257942926839e+01 2.233841939608662831e-07
1.897822761925142387e+01 2.241379046516995404e-07
1.899571876481702404e+01 2.248782007508440657e-07
1.901322603096983244e+01 2.256045875994997163e-07
1.903074943256724794e+01 2.263165685825489432e-07
1.904828898448040420e+01 2.270136453981324378e-07
1.906584470159412348e+01 2.276953183363293777e-07
1.908341659880692731e+01 2.283610865668844598e-07
1.910100469103111109e+01 2.290104484359049867e-07
1.911860899319266593e+01 2.296429017714375317e-07
1.913622952023137103e+01 2.302579441978232262e-07
1.915386628710077943e+01 2.308550734587090630e-07
1.917151930876818966e+01 2.314337877485766180e-07
1.918918860021474160e+01 2.319935860527880592e-07
1.920687417643534189e+01 2.325340393594591227e-07
1.922457605243873502e+01 2.330549942799241094e-07
1.924229424324751747e+01 2.335563681723193391e-07
1.926002876389808094e+01 2.340380837915164799e-07
1.927777962944073309e+01 2.345000693009661860e-07
1.929554685493960520e+01 2.349422582819862644e-07
1.931333045547273741e+01 2.353645897405224005e-07
1.933113044613207165e+01 2.357670081113723111e-07
1.934894684202343029e+01 2.361494632599040043e-07
1.936677965826658721e+01 2.365119104812647828e-07
1.938462890999524646e+01 2.368543104971085200e-07
1.940249461235703876e+01 2.371766294498496007e-07
1.942037678051358540e+01 2.374788388944653892e-07
1.943827542964045207e+01 2.377609157878683477e-07
1.945619057492721282e+01 2.380228424758631851e-07
1.947412223157743938e+01 2.382646066777148164e-07
1.949207041480869762e+01 2.384862014683535242e-07
1.951003513985260440e+01 2.386876252582357709e-07
1.952801642195478493e+01 2.388688817708944111e-07
1.954601427637494027e+01 2.390299800182027617e-07
1.956402871838683666e+01 2.391709342733762741e-07
1.958205976327828779e+01 2.392917640417563028e-07
1.960010742635123648e+01 2.393924940293900539e-07
1.961817172292168721e+01 2.394731541094551517e-07
1.963625266831979843e+01 2.395337792865515357e-07
1.965435027788984357e+01 2.395744096588979032e-07
1.967246456699022161e+01 2.395950903784784394e-07
1.969059555099351400e+01 2.395958716091609018e-07
1.970874324528644195e+01 2.395768084828350315e-07
1.972690766526993400e+01 2.395379610536089284e-07
1.974508882635910467e+01 2.394793942501003443e-07
1.976328674398325802e+01 2.394011778258653500e-07
1.978150143358595159e+01 2.393033863080057761e-07
1.979973291062493601e+01 2.391860989439996842e-07
1.981798119057224028e+01 2.390493996467918738e-07
1.983624628891415043e+01 2.388933769381991641e-07
1.985452822115120242e+01 2.387181238906611560e-07
1.987282700279825320e+01 2.385237380673961896e-07
1.989114264938441323e+01 2.383103214609973582e-07
1.990947517645314591e+01 2.380779804305174951e-07
1.992782459956223562e+01 2.378268256370963638e-07
1.994619093428377354e+01 2.375569719781659973e-07
1.996457419620424290e+01 2.372685385202950141e-07
1.998297440092445854e+01 2.369616484307063754e-07
2.000139156405963448e+01 2.366364289075319509e-07
2.001982570123938032e+01 2.362930111088378811e-07
2.003827682810768351e+01 2.359315300804809020e-07
2.005674496032298393e+01 2.355521246828392537e-07
2.007523011355811704e+01 2.351549375164740516e-07
2.009373230350039563e+01 2.347401148467546303e-07
2.011225154585158492e+01 2.343078065275277988e-07
2.013078785632789192e+01 2.338581659238442425e-07
2.014934125066005066e+01 2.333913498338210835e-07
2.016791174459325475e+01 2.329075184096777374e-07
2.018649935388723549e+01 2.324068350779949078e-07
2.020510409431624765e+01 2.318894664592515652e-07
2.022372598166906599e+01 2.313555822866859140e-07
2.024236503174903845e+01 2.308053553245300049e-07
2.026102126037405426e+01 2.302389612856700856e-07
2.027969468337660430e+01 2.296565787487791445e-07
2.029838531660376688e+01 2.290583890749743739e-07
2.031709317591720776e+01 2.284445763240450824e-07
2.033581827719323698e+01 2.278153271702950746e-07
2.035456063632276624e+01 2.271708308180634760e-07
2.037332026921138350e+01 2.265112789169520877e-07
2.039209719177933167e+01 2.258368654768191974e-07
2.041089141996149792e+01 2.251477867825879709e-07
2.042970296970748478e+01 2.244442413089024821e-07
2.044853185698159592e+01 2.237264296346931120e-07
2.046737809776282191e+01 2.229945543576907270e-07
2.048624170804491129e+01 2.222488200089286299e-07
2.050512270383632085e+01 2.214894329672906726e-07
2.052402110116028666e+01 2.207166013741312356e-07
2.054293691605482053e+01 2.199305350480288260e-07
2.056187016457267092e+01 2.191314453997034441e-07
2.058082086278144018e+01 2.183195453471425859e-07
2.059978902676348156e+01 2.174950492309843979e-07
2.061877467261600927e+01 2.166581727301836095e-07
2.063777781645107368e+01 2.158091327780163051e-07
2.065679847439554351e+01 2.149481474784560669e-07
2.067583666259119113e+01 2.140754360229519554e-07
2.069489239719462148e+01 2.131912186076652113e-07
2.071396569437736801e+01 2.122957163511787873e-07
2.073305657032586069e+01 2.113891512127368308e-07
2.075216504124142247e+01 2.104717459110350298e-07
2.077129112334035099e+01 2.095437238436015518e-07
2.079043483285384042e+01 2.086053090068037294e-07
2.080959618602807737e+01 2.076567259165158007e-07
2.082877519912423026e+01 2.066981995294621334e-07
2.084797188841841376e+01 2.057299551653033754e-07
2.086718627020178829e+01 2.047522184294466334e-07
2.088641836078048541e+01 2.037652151366616830e-07
2.090566817647570375e+01 2.027691712354865602e-07
2.092493573362366988e+01 2.017643127334818804e-07
2.094422104857565259e+01 2.007508656233390720e-07
2.096352413769801615e+01 1.997290558098877887e-07
2.098284501737218122e+01 1.986991090380089058e-07
2.100218370399468881e+01 1.976612508214917201e-07
2.102154021397719319e+01 1.966157063728472116e-07
2.104091456374644054e+01 1.955627005341121487e-07
2.106030676974436844e+01 1.945024577086500449e-07
2.107971684842801352e+01 1.934352017939860523e-07
2.109914481626961802e+01 1.923611561156801047e-07
2.111859068975660847e+01 1.912805433622641734e-07
2.113805448539156728e+01 1.901935855212706591e-07
2.115753621969233933e+01 1.891005038163445374e-07
2.117703590919193601e+01 1.880015186454797536e-07
2.119655357043865251e+01 1.868968495203796318e-07
2.121608921999602870e+01 1.857867150069647215e-07
2.123564287444283849e+01 1.846713326670353619e-07
2.125521455037317509e+01 1.835509190010981229e-07
2.127480426439639416e+01 1.824256893923829094e-07
2.129441203313717423e+01 1.812958580520399030e-07
2.131403787323553445e+01 1.801616379655448232e-07
2.133368180134678127e+01 1.790232408403104155e-07
2.135334383414162929e+01 1.778808770545147033e-07
2.137302398830609818e+01 1.767347556071573843e-07
2.139272228054163349e+01 1.755850840693422536e-07
2.141243872756506761e+01 1.744320685367990488e-07
2.143217334610860547e+01 1.732759135836501944e-07
2.145192615291991700e+01 1.721168222174135530e-07
2.147169716476206602e+01 1.709549958352636027e-07
2.149148639841359909e+01 1.697906341815339413e-07
2.151129387066852416e+01 1.686239353064826104e-07
2.153111959833629641e+01 1.674550955262989059e-07
2.155096359824189634e+01 1.662843093843762900e-07
2.157082588722580851e+01 1.651117696138244867e-07
2.159070648214400734e+01 1.639376671012477061e-07
2.161060539986804230e+01 1.627621908517577893e-07
2.163052265728498114e+01 1.615855279552455421e-07
2.165045827129747025e+01 1.604078635538902451e-07
2.167041225882374889e+01 1.592293808109069437e-07
2.169038463679761009e+01 1.580502608805374473e-07
2.171037542216850014e+01 1.568706828792561586e-07
2.173038463190143332e+01 1.556908238582171777e-07
2.175041228297710916e+01 1.545108587769011213e-07
2.177045839239185909e+01 1.533309604779868584e-07
2.179052297715766429e+01 1.521512996634158413e-07
2.181060605430221244e+01 1.509720448716562854e-07
2.183070764086885163e+01 1.497933624561511307e-07
2.185082775391666843e+01 1.486154165649415526e-07
2.187096641052046664e+01 1.474383691214592191e-07
2.189112362777076015e+01 1.462623798064734510e-07
2.191129942277385467e+01 1.450876060411866945e-07
2.193149381265178022e+01 1.439142029714621855e-07
2.195170681454237993e+01 1.427423234531743552e-07
2.197193844559929232e+01 1.415721180386737211e-07
2.199218872299192640e+01 1.404037349643505631e-07
2.201245766390556469e+01 1.392373201392787003e-07
2.203274528554128864e+01 1.380730171349391550e-07
2.205305160511605678e+01 1.369109671760009662e-07
2.207337663986270115e+01 1.357513091321464488e-07
2.209372040702989892e+01 1.345941795109294349e-07
2.211408292388227537e+01 1.334397124516471491e-07
2.213446420770031864e+01 1.322880397202214302e-07
2.215486427578047923e+01 1.311392907050560246e-07
2.217528314543514156e+01 1.299935924138777365e-07
2.219572083399262041e+01 1.288510694715268361e-07
2.221617735879724265e+01 1.277118441186832810e-07
2.223665273720927971e+01 1.265760362115329322e-07
2.225714698660502933e+01 1.254437632223218845e-07
2.227766012437680843e+01 1.243151402408185510e-07
2.229819216793292824e+01 1.231902799766432417e-07
2.231874313469779381e+01 1.220692927624559992e-07
2.233931304211181512e+01 1.209522865579911748e-07
2.235990190763152086e+01 1.198393669549063480e-07
2.238050974872951571e+01 1.187306371824495995e-07
2.240113658289448750e+01 1.176261981139094813e-07
2.242178242763127827e+01 1.165261482738399962e-07
2.244244730046082026e+01 1.154305838460423745e-07
2.246313121892022835e+01 1.143395986822759874e-07
2.248383420056277870e+01 1.132532843117025523e-07
2.250455626295789813e+01 1.121717299510239265e-07
2.252529742369123866e+01 1.110950225153015497e-07
2.254605770036463142e+01 1.100232466294550755e-07
2.256683711059614694e+01 1.089564846403982623e-07
2.258763567202010236e+01 1.078948166298107212e-07
2.260845340228703648e+01 1.068383204275296128e-07
2.262929031906378441e+01 1.057870716255255456e-07
2.265014644003346334e+01 1.047411435924686305e-07
2.267102178289545478e+01 1.037006074888518178e-07
2.269191636536550050e+01 1.026655322826525625e-07
2.271283020517562079e+01 1.016359847655319193e-07
2.273376332007421752e+01 1.006120295695308856e-07
2.275471572782604568e+01 9.959372918426637427e-08
2.277568744621219921e+01 9.858114397460172437e-08
2.279667849303020688e+01 9.757433219876552966e-08
2.281768888609395773e+01 9.657335002692459625e-08
2.283871864323378631e+01 9.557825156016674512e-08
2.285976778229646555e+01 9.458908884990271052e-08
2.288083632114518196e+01 9.360591191764904445e-08
2.290192427765962790e+01 9.262876877518900959e-08
2.292303166973593420e+01 9.165770544509319653e-08
2.294415851528675532e+01 9.069276598157311759e-08
2.296530483224125163e+01 8.973399249167072860e-08
2.298647063854508588e+01 8.878142515675057969e-08
2.300765595216049419e+01 8.783510225428657471e-08
2.302886079106622219e+01 8.689506017993158675e-08
2.305008517325762796e+01 8.596133346984221581e-08
2.307132911674665010e+01 8.503395482325953577e-08
2.309259263956178998e+01 8.411295512532012836e-08
2.311387575974821829e+01 8.319836347008039748e-08
2.313517849536768622e+01 8.229020718375685040e-08
2.315650086449862144e+01 8.138851184814006039e-08
2.317784288523612446e+01 8.049330132419849711e-08
2.319920457569193317e+01 7.960459777583772141e-08
2.322058595399451875e+01 7.872242169380286097e-08
2.324198703828902168e+01 7.784679191972715948e-08
2.326340784673733708e+01 7.697772567029217531e-08
2.328484839751810043e+01 7.611523856149696952e-08
2.330630870882666272e+01 7.525934463303199509e-08
2.332778879887520063e+01 7.441005637272200608e-08
2.334928868589261697e+01 7.356738474105385537e-08
2.337080838812465799e+01 7.273133919575232185e-08
2.339234792383388140e+01 7.190192771640731540e-08
2.341390731129964919e+01 7.107915682913893371e-08
2.343548656881820591e+01 7.026303163127928766e-08
2.345708571470262527e+01 6.945355581607693194e-08
2.347870476728287770e+01 6.865073169739371199e-08
2.350034374490584455e+01 6.785456023439836853e-08
2.352200266593526834e+01 6.706504105624384978e-08
2.354368154875187003e+01 6.628217248670624267e-08
2.356538041175326015e+01 6.550595156879682379e-08
2.358709927335404544e+01 6.473637408931604911e-08
2.360883815198580393e+01 6.397343460335178488e-08
2.363059706609705302e+01 6.321712645871686999e-08
2.365237603415338086e+01 6.246744182029935435e-08
2.367417507463733273e+01 6.172437169434035585e-08
2.369599420604852824e+01 6.098790595260913498e-08
2.371783344690363293e+01 6.025803335648070784e-08
2.373969281573634760e+01 5.953474158090757338e-08
2.376157233109750422e+01 5.881801723826802528e-08
2.378347201155497714e+01 5.810784590209507191e-08
2.380539187569378967e+01 5.740421213067261034e-08
2.382733194211610339e+01 5.670709949049059580e-08
2.384929222944117910e+01 5.601649057956057652e-08
2.387127275630547629e+01 5.533236705057257521e-08
2.389327354136263182e+01 5.465470963389775773e-08
2.391529460328343859e+01 5.398349816042877572e-08
2.393733596075594150e+01 5.331871158424309929e-08
2.395939763248536991e+01 5.266032800509978194e-08
2.398147963719421938e+01 5.200832469074692028e-08
2.400358199362224454e+01 5.136267809904663104e-08
2.402570472052643424e+01 5.072336389991095451e-08
2.404784783668111814e+01 5.009035699703654788e-08
2.407001136087787074e+01 4.946363154944196701e-08
2.409219531192563579e+01 4.884316099279991990e-08
2.411439970865067650e+01 4.822891806055981992e-08
2.413662456989658267e+01 4.762087480485688677e-08
2.415886991452435595e+01 4.701900261663390384e-08
2.418113576141232812e+01 4.642326949775022398e-08
2.420342212945627480e+01 4.583363396766120964e-08
2.422572903756937990e+01 4.525005270023777816e-08
2.424805650468222140e+01 4.467248246238106440e-08
2.427040454974288508e+01 4.410088011594143350e-08
2.429277319171685789e+01 4.353520261962652842e-08
2.431516244958714523e+01 4.297540703089534813e-08
2.433757234235425315e+01 4.242145050784119525e-08
2.436000288903615996e+01 4.187329031106567684e-08
2.438245410866841567e+01 4.133088380553396469e-08
2.440492602030407809e+01 4.079418846242188960e-08
2.442741864301379096e+01 4.026316186094870231e-08
2.444993199588577681e+01 3.973776169019430325e-08
2.447246609802581219e+01 3.921794575090748589e-08
2.449502096855733768e+01 3.870367195729285855e-08
2.451759662662136208e+01 3.819489833879194961e-08
2.454019309137657956e+01 3.769158304184258093e-08
2.456281038199933775e+01 3.719368433162668064e-08
2.458544851768361994e+01 3.670116059380419929e-08
2.460810751764115167e+01 3.621397033622770968e-08
2.463078740110131193e+01 3.573207219064653789e-08
2.465348818731123970e+01 3.525542491438875894e-08
2.467620989553581978e+01 3.478398739203384863e-08
2.469895254505765081e+01 3.431771863706399418e-08
2.472171615517714827e+01 3.385657779350112427e-08
2.474450074521246989e+01 3.340052413752674714e-08
2.476730633449961516e+01 3.294951707908434497e-08
2.479013294239240750e+01 3.250351616346433799e-08
2.481298058826246233e+01 3.206248107287396740e-08
2.483584929149930787e+01 3.162637162798575097e-08
2.485873907151028561e+01 3.119514778947169798e-08
2.488164994772066407e+01 3.076876965951574610e-08
2.490458193957361743e+01 3.034719748331206338e-08
2.492753506653019357e+01 2.993039165054171788e-08
2.495050934806943843e+01 2.951831269683195659e-08
2.497350480368828940e+01 2.911092130519757761e-08
2.499652145290169969e+01 2.870817830746098414e-08
2.501955931524259924e+01 2.831004468565501338e-08
2.504261841026189117e+01 2.791648157340654495e-08
2.506569875752854770e+01 2.752745025729889053e-08
2.508880037662951423e+01 2.714291217821737521e-08
2.511192328716984079e+01 2.676282893267092721e-08
2.513506750877264295e+01 2.638716227409890749e-08
2.515823306107907342e+01 2.601587411415345474e-08
2.518141996374843927e+01 2.564892652396437689e-08
2.520462823645815575e+01 2.528628173538244990e-08
2.522785789890374275e+01 2.492790214220303957e-08
2.525110897079892069e+01 2.457375030136768725e-08
2.527438147187552531e+01 2.422378893414730238e-08
2.529767542188362128e+01 2.387798092730271343e-08
2.532099084059147032e+01 2.353628933422500253e-08
2.534432774778552044e+01 2.319867737605471397e-08
2.536768616327050552e+01 2.286510844278004229e-08
2.539106610686935284e+01 2.253554609431430788e-08
2.541446759842331460e+01 2.220995406155081734e-08
2.543789065779191461e+01 2.188829624739764330e-08
2.546133530485294472e+01 2.157053672779161879e-08
2.548480155950257497e+01 2.125663975268769163e-08
2.550828944165525414e+01 2.094656974703079869e-08
2.553179897124382691e+01 2.064029131170290506e-08
2.555533016821950909e+01 2.033776922445020399e-08
2.557888305255186268e+01 2.003896844078854880e-08
2.560245764422890957e+01 1.974385409488471455e-08
2.562605396325703921e+01 1.945239150042023601e-08
2.564967202966112225e+01 1.916454615142843170e-08
2.567331186348447858e+01 1.888028372311397776e-08
2.569697348478887022e+01 1.859957007264731898e-08
2.572065691365459372e+01 1.832237123993883043e-08
2.574436217018040551e+01 1.804865344839113824e-08
2.576808927448362496e+01 1.777838310562752491e-08
2.579183824670010239e+01 1.751152680420136244e-08
2.581560910698422262e+01 1.724805132228140828e-08
2.583940187550899026e+01 1.698792362431506521e-08
2.586321657246594441e+01 1.673111086167182532e-08
2.588705321806527948e+01 1.647758037326156765e-08
2.591091183253582031e+01 1.622729968613395640e-08
2.593479243612498664e+01 1.598023651605416860e-08
2.595869504909892100e+01 1.573635876805669480e-08
2.598261969174237862e+01 1.549563453697883421e-08
2.600656638435886592e+01 1.525803210796954310e-08
2.603053514727058726e+01 1.502351995697983379e-08
2.605452600081844494e+01 1.479206675122941040e-08
2.607853896536214222e+01 1.456364134965048102e-08
2.610257406128008739e+01 1.433821280331375742e-08
2.612663130896951813e+01 1.411575035582856388e-08
2.615071072884646597e+01 1.389622344372408813e-08
2.617481234134573853e+01 1.367960169680859111e-08
2.619893616692102967e+01 1.346585493850597519e-08
2.622308222604483419e+01 1.325495318617339172e-08
2.624725053920855800e+01 1.304686665139467016e-08
2.627144112692248257e+01 1.284156574025509422e-08
2.629565400971576139e+01 1.263902105359384910e-08
2.631988920813651944e+01 1.243920338723496043e-08
2.634414674275176438e+01 1.224208373219878777e-08
2.636842663414750021e+01 1.204763327489125874e-08
2.639272890292870954e+01 1.185582339727283221e-08
2.641705356971931451e+01 1.166662567700760595e-08
2.644140065516230820e+01 1.148001188758991487e-08
2.646577017991964809e+01 1.129595399845316325e-08
2.649016216467238394e+01 1.111442417505592760e-08
2.651457663012061516e+01 1.093539477894856122e-08
2.653901359698349083e+01 1.075883836782149497e-08
2.656347308599928070e+01 1.058472769553006920e-08
2.658795511792538591e+01 1.041303571210288830e-08
2.661245971353828565e+01 1.024373556372845675e-08
2.663698689363366157e+01 1.007680059272291410e-08
2.666153667902631241e+01 9.912204337478528142e-09
2.668610909055026426e+01 9.749920532391890614e-09
2.671070414905873491e+01 9.589923107774019238e-09
2.673532187542413041e+01 9.432186189741414718e-09
2.675996229053813735e+01 9.276684100087083431e-09
2.678462541531165186e+01 9.123391356134095024e-09
2.680931127067488262e+01 8.972282670569597047e-09
2.683401987757732243e+01 8.823332951261276810e-09
2.685875125698773758e+01 8.676517301055213324e-09
2.688350542989427083e+01 8.531811017554651164e-09
2.690828241730435622e+01 8.389189592882859361e-09
2.693308224024482556e+01 8.248628713426104883e-09
2.695790491976189429e+01 8.110104259560224772e-09
2.698275047692113304e+01 7.973592305359928409e-09
2.700761893280758486e+01 7.839069118289218552e-09
2.703251030852566217e+01 7.706511158877253995e-09
2.705742462519928182e+01 7.575895080374877707e-09
2.708236190397181531e+01 7.447197728395460802e-09
2.710732216600609235e+01 7.320396140539732291e-09
2.713230543248449322e+01 7.195467546002788051e-09
2.715731172460886711e+01 7.072389365166476076e-09
2.718234106360065638e+01 6.951139209174499436e-09
2.720739347070084335e+01 6.831694879492050136e-09
2.723246896716995735e+01 6.714034367450647191e-09
2.725756757428817778e+01 6.598135853776179633e-09
2.728268931335523462e+01 6.483977708102593789e-09
2.730783420569053632e+01 6.371538488470368716e-09
2.733300227263314142e+01 6.260796940809577948e-09
2.735819353554172650e+01 6.151731998409521965e-09
2.738340801579471062e+01 6.044322781372456466e-09
2.740864573479016997e+01 5.938548596053974076e-09
2.743390671394593028e+01 5.834388934489085756e-09
2.745919097469956682e+01 5.731823473804219470e-09
2.748449853850836178e+01 5.630832075616220525e-09
2.750982942684944277e+01 5.531394785416930853e-09
2.753518366121966210e+01 5.433491831945392838e-09
2.756056126313573174e+01 5.337103626546479113e-09
2.758596225413419845e+01 5.242210762516840022e-09
2.761138665577140827e+01 5.148794014438593096e-09
2.763683448962363443e+01 5.056834337499886819e-09
2.766230577728698137e+01 4.966312866803804462e-09
2.768780054037749494e+01 4.877210916665174540e-09
2.771331880053114816e+01 4.789509979895440908e-09
2.773886057940381278e+01 4.703191727076177327e-09
2.776442589867136945e+01 4.618238005821010748e-09
2.779001478002962244e+01 4.534630840026811098e-09
2.781562724519442042e+01 4.452352429113202934e-09
2.784126331590162096e+01 4.371385147252296507e-09
2.786692301390706916e+01 4.291711542587256031e-09
2.789260636098670787e+01 4.213314336440782134e-09
2.791831337893654919e+01 4.136176422513437360e-09
2.794404408957265318e+01 4.060280866072539329e-09
2.796979851473123446e+01 3.985610903130545399e-09
2.799557667626858759e+01 3.912149939615077004e-09
2.802137859606118298e+01 3.839881550528726669e-09
2.804720429600565978e+01 3.768789479100599003e-09
2.807305379801879397e+01 3.698857635928653439e-09
2.809892712403761905e+01 3.630070098113697009e-09
2.812482429601932665e+01 3.562411108384810417e-09
2.815074533594138728e+01 3.495865074216868748e-09
2.817669026580153613e+01 3.430416566939837106e-09
2.820265910761772332e+01 3.366050320840758112e-09
2.822865188342826670e+01 3.302751232257716580e-09
2.825466861529172391e+01 3.240504358666909636e-09
2.828070932528703096e+01 3.179294917762472809e-09
2.830677403551347737e+01 3.119108286529432662e-09
2.833286276809066706e+01 3.059930000309981591e-09
2.835897554515866048e+01 3.001745751863347776e-09
2.838511238887785382e+01 2.944541390419444715e-09
2.841127332142912110e+01 2.888302920726178369e-09
2.843745836501376800e+01 2.833016502091447933e-09
2.846366754185352477e+01 2.778668447419027127e-09
2.848990087419066697e+01 2.725245222239253688e-09
2.851615838428789473e+01 2.672733443734475365e-09
2.854244009442848551e+01 2.621119879759439774e-09
2.856874602691624432e+01 2.570391447856833659e-09
2.859507620407549311e+01 2.520535214268298311e-09
2.862143064825118799e+01 2.471538392940876050e-09
2.864780938180881975e+01 2.423388344529541247e-09
2.867421242713453466e+01 2.376072575395143806e-09
2.870063980663510605e+01 2.329578736599185780e-09
2.872709154273793075e+01 2.283894622894506758e-09
2.875356765789111435e+01 2.239008171712634053e-09
2.878006817456340372e+01 2.194907462148051235e-09
2.880659311524430066e+01 2.151580713939093000e-09
2.883314250244402643e+01 2.109016286446277446e-09
2.885971635869351104e+01 2.067202677627753125e-09
2.888631470654449984e+01 2.026128523012356392e-09
2.891293756856947894e+01 1.985782594670271562e-09
2.893958496736176400e+01 1.946153800181650431e-09
2.896625692553550735e+01 1.907231181603157218e-09
2.899295346572565535e+01 1.869003914432960064e-09
2.901967461058807629e+01 1.831461306573740815e-09
2.904642038279945027e+01 1.794592797294871622e-09
2.907319080505741837e+01 1.758387956192690274e-09
2.909998590008052588e+01 1.722836482150231242e-09
2.912680569060822222e+01 1.687928202295844161e-09
2.915365019940096403e+01 1.653653070960992171e-09
2.918051944924013696e+01 1.620001168637763223e-09
2.920741346292815521e+01 1.586962700935645394e-09
2.923433226328845791e+01 1.554527997538377075e-09
2.926127587316547363e+01 1.522687511160593454e-09
2.928824431542474116e+01 1.491431816504495751e-09
2.931523761295281716e+01 1.460751609216979337e-09
2.934225578865738981e+01 1.430637704846874544e-09
2.936929886546726820e+01 1.401081037803094077e-09
2.939636686633234319e+01 1.372072660313185530e-09
2.942345981422370826e+01 1.343603741382973715e-09
2.945057773213362040e+01 1.315665565757001637e-09
2.947772064307548590e+01 1.288249532880500299e-09
2.950488857008398114e+01 1.261347155862107730e-09
2.953208153621494958e+01 1.234950060438635494e-09
2.955929956454553675e+01 1.209049983940905977e-09
2.958654267817415118e+01 1.183638774261746557e-09
2.961381090022044305e+01 1.158708388825558510e-09
2.964110425382543212e+01 1.134250893559964211e-09
2.966842276215140828e+01 1.110258461869730948e-09
2.969576644838205226e+01 1.086723373612644185e-09
2.972313533572241440e+01 1.063638014078132651e-09
2.975052944739887906e+01 1.040994872968136956e-09
2.977794880665930677e+01 1.018786543380782545e-09
2.980539343677292052e+01 9.970057207967039842e-10
2.983286336103042657e+01 9.756452020683673517e-10
2.986035860274401088e+01 9.546978844122730885e-10
2.988787918524729292e+01 9.341567644043951872e-10
2.991542513189545005e+01 9.140149369787279964e-10
2.994299646606513932e+01 8.942655944293316898e-10
2.997059321115460051e+01 8.749020254156406516e-10
2.999821539058363129e+01 8.559176139715000688e-10
3.002586302779358363e+01 8.373058385178127530e-10
3.005353614624746328e+01 8.190602708788546121e-10
3.008123476942984098e+01 8.011745753026714305e-10
3.010895892084698389e+01 7.836425074851785239e-10
3.013670862402681294e+01 7.664579135985816886e-10
3.016448390251890288e+01 7.496147293238187657e-10
3.019228477989457815e+01 7.331069788871872564e-10
3.022011127974683475e+01 7.169287741015451083e-10
3.024796342569045748e+01 7.010743134116605366e-10
3.027584124136199861e+01 6.855378809443250612e-10
3.030374475041973881e+01 6.703138455629180166e-10
3.033167397654383990e+01 6.553966599266653116e-10
3.035962894343620988e+01 6.407808595547661466e-10
3.038760967482066278e+01 6.264610618952356948e-10
3.041561619444286535e+01 6.124319655120013170e-10
3.044364852607033711e+01 5.986884552568027409e-10
3.047170669349254624e+01 5.852257828883415840e-10
3.049979072052083851e+01 5.720392942336896278e-10
3.052790063098855100e+01 5.591243737776342401e-10
3.055603644875097658e+01 5.464764457868294425e-10
3.058419819768535675e+01 5.340909753672413746e-10
3.061238590169100249e+01 5.219634694565770528e-10
3.064059958468917699e+01 5.100894777535090846e-10
3.066883927062325554e+01 4.984645935850308928e-10
3.069710498345866156e+01 4.870844547139105179e-10
3.072539674718287728e+01 4.759447440876112596e-10
3.075371458580553963e+01 4.650411905303941084e-10
3.078205852335835857e+01 4.543695693802802669e-10
3.081042858389524142e+01 4.439257030723172924e-10
3.083882479149226086e+01 4.337054616698461856e-10
3.086724717024763365e+01 4.237047633453566794e-10
3.089569574428184850e+01 4.139195748123476907e-10
3.092417053773756308e+01 4.043459117098906699e-10
3.095267157477973541e+01 3.949798389413327126e-10
3.098119887959558483e+01 3.858174709686168314e-10
3.100975247639458843e+01 3.768549720638432961e-10
3.103833238940857697e+01 3.680885565193020100e-10
3.106693864289171358e+01 3.595144888176789832e-10
3.109557126112046532e+01 3.511290837636854280e-10
3.112423026839374529e+01 3.429287065785261280e-10
3.115291568903278829e+01 3.349097729586822524e-10
3.118162754738130005e+01 3.270687491002636570e-10
3.121036586780541811e+01 3.194021516902817667e-10
3.123913067469368698e+01 3.119065478662308939e-10
3.126792199245720383e+01 3.045785551450884837e-10
3.129673984552948696e+01 2.974148413232126623e-10
3.132558425836662508e+01 2.904121243481538512e-10
3.135445525544725243e+01 2.835671721637415707e-10
3.138335286127250967e+01 2.768768025295756913e-10
3.141227710036618603e+01 2.703378828160373773e-10
3.144122799727460560e+01 2.639473297760115363e-10
3.147020557656676942e+01 2.577021092944088782e-10
3.149920986283431290e+01 2.515992361165187685e-10
3.152824088069149866e+01 2.456357735563411560e-10
3.155729865477533380e+01 2.398088331857905706e-10
3.158638320974546687e+01 2.341155745059202120e-10
3.161549457028432286e+01 2.285532046010118715e-10
3.164463276109707479e+01 2.231189777765517032e-10
3.167379780691161884e+01 2.178101951820285495e-10
3.170298973247870578e+01 2.126242044193624325e-10
3.173220856257182731e+01 2.075583991379484116e-10
3.176145432198736529e+01 2.026102186170850042e-10
3.179072703554454904e+01 1.977771473366301737e-10
3.182002672808543409e+01 1.930567145367167155e-10
3.184935342447503714e+01 1.884464937672300684e-10
3.187870714960122598e+01 1.839441024278751885e-10
3.190808792837485441e+01 1.795472012995037689e-10
3.193749578572974102e+01 1.752534940674284061e-10
3.196693074662262646e+01 1.710607268374104012e-10
3.199639283603332274e+01 1.669666876449451756e-10
3.202588207896459949e+01 1.629692059585174878e-10
3.205539850044232253e+01 1.590661521774201616e-10
3.208494212551541125e+01 1.552554371247190210e-10
3.211451297925582793e+01 1.515350115359702529e-10
3.214411108675871276e+01 1.479028655441700659e-10
3.217373647314227014e+01 1.443570281615597439e-10
3.220338916354788239e+01 1.408955667586949035e-10
3.223306918314013814e+01 1.375165865413368625e-10
3.226277655710673997e+01 1.342182300256211203e-10
3.229251131065868208e+01 1.309986765119218651e-10
3.232227346903012943e+01 1.278561415578764806e-10
3.235206305747854572e+01 1.247888764509819075e-10
3.238188010128469330e+01 1.217951676811271839e-10
3.241172462575255508e+01 1.188733364134999745e-10
3.244159665620951927e+01 1.160217379621475677e-10
3.247149621800625141e+01 1.132387612646243355e-10
3.250142333651682236e+01 1.105228283579785280e-10
3.253137803713870113e+01 1.078723938564435386e-10
3.256136034529270518e+01 1.052859444311249232e-10
3.259137028642314249e+01 1.027619982919260799e-10
3.262140788599771923e+01 1.002991046720415882e-10
3.265147316950765344e+01 9.789584331522041458e-11
3.268156616246765367e+01 9.555082396608286097e-11
3.271168689041591193e+01 9.326268586368898039e-11
3.274183537891418183e+01 9.103009723858939651e-11
3.277201165354779988e+01 8.885175481355075695e-11
3.280221573992562156e+01 8.672638330817118428e-11
3.283244766368016343e+01 8.465273494752376066e-11
3.286270745046751784e+01 8.262958897504214353e-11
3.289299512596745245e+01 8.065575116976186886e-11
3.292331071588342439e+01 7.873005336810087272e-11
3.295365424594251635e+01 7.685135299030108498e-11
3.298402574189558578e+01 7.501853257163715548e-11
3.301442522951717251e+01 7.323049929854621980e-11
3.304485273460559824e+01 7.148618454976080227e-11
3.307530828298298786e+01 6.978454344254964986e-11
3.310579190049518417e+01 6.812455438416264355e-11
3.313630361301195393e+01 6.650521862854437203e-11
3.316684344642681026e+01 6.492555983842480588e-11
3.319741142665719025e+01 6.338462365280282745e-11
3.322800757964441942e+01 6.188147725993511307e-11
3.325863193135368334e+01 6.041520897584251660e-11
3.328928450777416259e+01 5.898492782839843593e-11
3.331996533491892620e+01 5.758976314703100863e-11
3.335067443882505955e+01 5.622886415807811778e-11
3.338141184555365015e+01 5.490139958581125390e-11
3.341217758118975922e+01 5.360655725916053189e-11
3.344297167184255670e+01 5.234354372414788751e-11
3.347379414364520045e+01 5.111158386204148790e-11
3.350464502275497836e+01 4.990992051323801892e-11
3.353552433535330835e+01 4.873781410687151804e-11
3.356643210764566732e+01 4.759454229614510791e-11
3.359736836586176167e+01 4.647939959937629270e-11
3.362833313625540654e+01 4.539169704674613002e-11
3.365932644510465366e+01 4.433076183273347297e-11
3.369034831871177715e+01 4.329593697421488894e-11
3.372139878340325936e+01 4.228658097420732661e-11
3.375247786552988316e+01 4.130206749122722302e-11
3.378358559146667517e+01 4.034178501423553544e-11
3.381472198761300518e+01 3.940513654313227630e-11
3.384588708039258620e+01 3.849153927477404254e-11
3.387708089625342467e+01 3.760042429447053096e-11
3.390830346166797682e+01 3.673123627291069281e-11
3.393955480313302076e+01 3.588343316850069826e-11
3.397083494716981988e+01 3.505648593503512201e-11
3.400214392032405897e+01 3.424987823468642841e-11
3.403348174916586544e+01 3.346310615624206462e-11
3.406484846028989466e+01 3.269567793854359568e-11
3.409624408031527310e+01 3.194711369908597319e-11
3.412766863588567645e+01 3.121694516770680168e-11
3.415912215366937943e+01 3.050471542532185271e-11
3.419060466035914203e+01 2.980997864765021636e-11
3.422211618267242272e+01 2.913229985386224369e-11
3.425365674735122212e+01 2.847125466010530217e-11
3.428522638116224641e+01 2.782642903783379288e-11
3.431682511089686471e+01 2.719741907689692963e-11
3.434845296337109488e+01 2.658383075331143326e-11
3.438010996542570297e+01 2.598527970166515128e-11
3.441179614392621744e+01 2.540139099208498907e-11
3.444351152576285102e+01 2.483179891171117893e-11
3.447525613785069254e+01 2.427614675060593510e-11
3.450703000712955060e+01 2.373408659204680902e-11
3.453883316056412411e+01 2.320527910712456653e-11
3.457066562514395258e+01 2.268939335359668958e-11
3.460252742788340896e+01 2.218610657892165875e-11
3.463441859582182758e+01 2.169510402741620772e-11
3.466633915602340466e+01 2.121607875146710689e-11
3.469828913557731198e+01 2.074873142673758638e-11
3.473026856159770404e+01 2.029277017129989417e-11
3.476227746122366824e+01 1.984791036863472665e-11
3.479431586161936707e+01 1.941387449442790594e-11
3.482638378997395279e+01 1.899039194710881528e-11
3.485848127350165271e+01 1.857719888205854038e-11
3.489060833944180473e+01 1.817403804943142971e-11
3.492276501505878628e+01 1.778065863552643582e-11
3.495495132764217772e+01 1.739681610764055095e-11
3.498716730450664159e+01 1.702227206235258646e-11
3.501941297299205758e+01 1.665679407716562880e-11
3.505168836046351544e+01 1.630015556545406245e-11
3.508399349431125813e+01 1.595213563465435917e-11
3.511632840195086658e+01 1.561251894763461242e-11
3.514869311082309622e+01 1.528109558719195829e-11
3.518108764839405467e+01 1.495766092361017383e-11
3.521351204215515907e+01 1.464201548522704951e-11
3.524596631962312898e+01 1.433396483195065571e-11
3.527845050834007878e+01 1.403331943166549397e-11
3.531096463587348211e+01 1.373989453947788752e-11
3.534350872981623581e+01 1.345351007974028021e-11
3.537608281778668129e+01 1.317399053080155440e-11
3.540868692742856183e+01 1.290116481243048642e-11
3.544132108641116474e+01 1.263486617585517518e-11
3.547398532242922187e+01 1.237493209636974063e-11
3.550667966320302327e+01 1.212120416845391930e-11
3.553940413647841723e+01 1.187352800335432508e-11
3.557215877002677473e+01 1.163175312907877366e-11
3.560494359164512446e+01 1.139573289275001680e-11
3.563775862915603909e+01 1.116532436527414933e-11
3.567060391040780587e+01 1.094038824827169597e-11
3.570347946327435551e+01 1.072078878322537587e-11
3.573638531565527643e+01 1.050639366279882356e-11
3.576932149547592132e+01 1.029707394427601530e-11
3.580228803068732901e+01 1.009270396508100936e-11
3.583528494926633812e+01 9.893161260329416423e-12
3.586831227921557286e+01 9.698326482369265158e-12
3.590137004856342173e+01 9.508083322268792510e-12
3.593445828536416542e+01 9.322318433206093436e-12
3.596757701769788440e+01 9.140921355721507082e-12
3.600072627367057265e+01 8.963784444790436842e-12
3.603390608141414475e+01 8.790802798675868889e-12
3.606711646908637192e+01 8.621874189522874923e-12
3.610035746487107389e+01 8.456898995652725503e-12
3.613362909697794834e+01 8.295780135523628527e-12
3.616693139364276277e+01 8.138423003313990562e-12
3.620026438312729766e+01 7.984735406097886147e-12
3.623362809371933224e+01 7.834627502572946386e-12
3.626702255373277239e+01 7.688011743304812112e-12
3.630044779150762224e+01 7.544802812456563657e-12
3.633390383540993440e+01 7.404917570966120588e-12
3.636739071383199473e+01 7.268275001139036333e-12
3.640090845519217311e+01 7.134796152625107808e-12
3.643445708793509397e+01 7.004404089745036702e-12
3.646803664053160077e+01 6.877023840136447874e-12
3.650164714147869915e+01 6.752582344689458093e-12
3.653528861929976301e+01 6.631008408738847647e-12
3.656896110254436394e+01 6.512232654486846479e-12
3.660266461978843466e+01 6.396187474624402435e-12
3.663639919963426195e+01 6.282806987124355233e-12
3.667016487071042974e+01 6.172026991178798314e-12
3.670396166167197549e+01 6.063784924251870321e-12
3.673778960120029069e+01 5.958019820223660821e-12
3.677164871800322743e+01 5.854672268596943748e-12
3.680553904081512684e+01 5.753684374742692179e-12
3.683946059839673381e+01 5.654999721159500056e-12
3.687341341953538887e+01 5.558563329721026714e-12
3.690739753304487891e+01 5.464321624889631179e-12
3.694141296776562200e+01 5.372222397870938154e-12
3.697545975256458917e+01 5.282214771688408970e-12
3.700953791633532575e+01 5.194249167153800043e-12
3.704364748799805795e+01 5.108277269712914931e-12
3.707778849649961472e+01 5.024251997144837953e-12
3.711196097081354850e+01 4.942127468093951281e-12
3.714616493994011392e+01 4.861858971413978436e-12
3.718040043290623231e+01 4.783402936305298834e-12
3.721466747876566217e+01 4.706716903224028314e-12
3.724896610659886420e+01 4.631759495546255776e-12
3.728329634551315763e+01 4.558490391966812989e-12
3.731765822464267046e+01 4.486870299616037963e-12
3.735205177314835367e+01 4.416860927875489787e-12
3.738647702021808072e+01 4.348424962876340321e-12
3.742093399506658358e+01 4.281526042663118776e-12
3.745542272693553798e+01 4.216128733006154124e-12
3.748994324509360609e+01 4.152198503846978690e-12
3.752449557883634412e+01 4.089701706360824640e-12
3.755907975748639416e+01 4.028605550620852357e-12
3.759369581039334918e+01 3.968878083849121291e-12
3.762834376693390226e+01 3.910488169239872862e-12
3.766302365651181816e+01 3.853405465340572193e-12
3.769773550855791910e+01 3.797600405977270239e-12
3.773247935253021978e+01 3.743044180710069935e-12
3.776725521791380658e+01 3.689708715806299171e-12
3.780206313422099385e+01 3.637566655717588619e-12
3.783690313099131686e+01 3.586591345049008126e-12
3.787177523779143939e+01 3.536756811007856390e-12
3.790667948421539535e+01 3.488037746319537880e-12
3.794161589988439687e+01 3.440409492599824129e-12
3.797658451444699779e+01 3.393848024171349399e-12
3.801158535757910784e+01 3.348329932313852306e-12
3.804661845898391448e+01 3.303832409936794119e-12
3.808168384839204634e+01 3.260333236664454638e-12
3.811678155556148795e+01 3.217810764322802778e-12
3.815191161027767208e+01 3.176243902818296470e-12
3.818707404235350822e+01 3.135612106399106585e-12
3.822226888162931147e+01 3.095895360289003489e-12
3.825749615797295888e+01 3.057074167684771713e-12
3.829275590127986817e+01 3.019129533555876032e-12
3.832804814147293371e+01 2.982041689002604934e-12
3.836337290850271842e+01 2.945788304645778667e-12
3.839873023234729743e+01 2.910347261119999043e-12
3.843412014301244994e+01 2.875697115273407250e-12
3.846954267053159526e+01 2.841817076739518449e-12
3.850499784496578570e+01 2.808686985395651409e-12
3.854048569640385580e+01 2.776287289672096041e-12
3.857600625496228020e+01 2.744599025676749741e-12
3.861155955078536550e+01 2.713603797101907536e-12
3.864714561404518633e+01 2.683283755881883019e-12
3.868276447494158532e+01 2.653621583570274394e-12
3.871841616370228678e+01 2.624600473408399706e-12
3.875410071058283279e+01 2.596204113056708037e-12
3.878981814586668264e+01 2.568416667962358834e-12
3.882556849986521286e+01 2.541222765338057014e-12
3.886135180291767455e+01 2.514607478727059030e-12
3.889716808539137105e+01 2.488556313131531741e-12
3.893301737768150872e+01 2.463055190681492799e-12
3.896889971021135324e+01 2.438090436823261260e-12
3.900481511343222962e+01 2.413648767006700113e-12
3.904076361782345828e+01 2.389717273851877431e-12
3.907674525389252551e+01 2.366283414775982449e-12
3.911276005217497698e+01 2.343335000062842231e-12
3.914880804323453134e+01 2.320860181357762663e-12
3.918488925766310160e+01 2.298847440570848832e-12
3.922100372608070984e+01 2.277285579173593654e-12
3.925715147913570746e+01 2.256163707872764249e-12
3.929333254750459048e+01 2.235471236647873786e-12
3.932954696189220556e+01 2.215197865137760298e-12
3.936579475303167186e+01 2.195333573363061409e-12
3.940207595168440946e+01 2.175868612771938155e-12
3.943839058864023173e+01 2.156793497596555384e-12
3.947473869471728136e+01 2.138098996508723247e-12
3.951112030076214410e+01 2.119776124563193167e-12
3.954753543764984158e+01 2.101816135418106170e-12
3.958398413628379586e+01 2.084210513821940394e-12
3.962046642759598569e+01 2.066950968357036446e-12
3.965698234254681864e+01 2.050029424430258322e-12
3.969353191212528742e+01 2.033438017501513577e-12
3.973011516734896986e+01 2.017169086541305198e-12
3.976673213926394368e+01 2.001215167709086163e-12
3.980338285894500672e+01 1.985568988243867421e-12
3.984006735749548511e+01 1.970223460559900420e-12
3.987678566604746067e+01 1.955171676539189043e-12
3.991353781576169268e+01 1.940406902014586302e-12
3.995032383782759666e+01 1.925922571435656737e-12
3.998714376346342902e+01 1.911712282711298607e-12
4.002399762391612370e+01 1.897769792222636427e-12
4.006088545046147686e+01 1.884089009999788577e-12
4.009780727440411141e+01 1.870663995057091287e-12
4.013476312707744142e+01 1.857488950880825572e-12
4.017175303984384271e+01 1.844558221064067197e-12
4.020877704409451070e+01 1.831866285083626329e-12
4.024583517124963095e+01 1.819407754213828619e-12
4.028292745275835074e+01 1.807177367572536141e-12
4.032005392009874356e+01 1.795169988294672280e-12
4.035721460477795830e+01 1.783380599828797204e-12
4.039440953833216952e+01 1.771804302352593389e-12
4.043163875232656324e+01 1.760436309303004297e-12
4.046890227835550036e+01 1.749271944017051089e-12
4.050620014804238167e+01 1.738306636479768205e-12
4.054353239303980416e+01 1.727535920175326500e-12
4.058089904502954681e+01 1.716955429037963920e-12
4.061830013572252085e+01 1.706560894499363497e-12
4.065573569685895450e+01 1.696348142629170952e-12
4.069320576020822955e+01 1.686313091365540893e-12
4.073071035756908742e+01 1.676451747832664809e-12
4.076824952076957231e+01 1.666760205742486300e-12
4.080582328166698858e+01 1.657234642877733654e-12
4.084343167214809966e+01 1.647871318653540642e-12
4.088107472412896470e+01 1.638666571755276374e-12
4.091875246955513035e+01 1.629616817849788850e-12
4.095646494040156682e+01 1.620718547367995257e-12
4.099421216867268214e+01 1.611968323356277708e-12
4.103199418640242868e+01 1.603362779394603125e-12
4.106981102565422503e+01 1.594898617579161396e-12
4.110766271852109099e+01 1.586572606567430221e-12
4.114554929712563336e+01 1.578381579683938578e-12
4.118347079361999619e+01 1.570322433084386410e-12
4.122142724018603843e+01 1.562392123976760805e-12
4.125941866903519184e+01 1.554587668897290262e-12
4.129744511240865990e+01 1.546906142039774513e-12
4.133550660257732545e+01 1.539344673636562856e-12
4.137360317184178626e+01 1.531900448389649411e-12
4.141173485253247577e+01 1.524570703950228516e-12
4.144990167700953521e+01 1.517352729445488483e-12
4.148810367766301255e+01 1.510243864050952181e-12
4.152634088691278436e+01 1.503241495607206892e-12
4.156461333720856288e+01 1.496343059279694811e-12
4.160292106103003817e+01 1.489546036260125514e-12
4.164126409088676439e+01 1.482847952508508729e-12
4.167964245931830902e+01 1.476246377534547861e-12
4.171805619889423156e+01 1.469738923217193076e-12
4.175650534221404797e+01 1.463323242661383788e-12
4.179498992190741546e+01 1.456997029090855092e-12
4.183350997063394772e+01 1.450758014776023840e-12
4.187206552108346358e+01 1.444603969995935136e-12
4.191065660597587339e+01 1.438532702033391370e-12
4.194928325806120029e+01 1.432542054202301518e-12
4.198794551011973653e+01 1.426629904906384941e-12
4.202664339496189427e+01 1.420794166728443315e-12
4.206537694542839034e+01 1.415032785549214557e-12
4.210414619439020356e+01 1.409343739695300255e-12
4.214295117474855346e+01 1.403725039115094461e-12
4.218179191943507078e+01 1.398174724582218851e-12
4.222066846141164120e+01 1.392690866925674255e-12
4.225958083367059714e+01 1.387271566285912261e-12
4.229852906923468225e+01 1.381914951396436117e-12
4.233751320115700167e+01 1.376619178889965841e-12
4.237653326252122810e+01 1.371382432628818345e-12
4.241558928644141702e+01 1.366202923058800616e-12
4.245468130606221990e+01 1.361078886585943266e-12
4.249380935455883446e+01 1.356008584975761211e-12
4.253297346513697619e+01 1.350990304774257540e-12
4.257217367103301342e+01 1.346022356750276150e-12
4.261141000551396019e+01 1.341103075358669198e-12
4.265068250187741938e+01 1.336230818223850244e-12
4.268999119345176751e+01 1.331403965643111064e-12
4.272933611359601969e+01 1.326620920109422648e-12
4.276871729569999303e+01 1.321880105853175125e-12
4.280813477318427829e+01 1.317179968402394947e-12
4.284758857950021138e+01 1.312518974161181666e-12
4.288707874813003684e+01 1.307895610005713808e-12
4.292660531258677281e+01 1.303308382897687943e-12
4.296616830641438867e+01 1.298755819514640044e-12
4.300576776318776950e+01 1.294236465896766622e-12
4.304540371651268771e+01 1.289748887110103689e-12
4.308507620002596639e+01 1.285291666925392669e-12
4.312478524739534436e+01 1.280863407512490271e-12
4.316453089231965379e+01 1.276462729150034152e-12
4.320431316852878467e+01 1.272088269949844760e-12
4.324413210978365640e+01 1.267738685595916722e-12
4.328398774987638120e+01 1.263412649097603588e-12
4.332388012263013621e+01 1.259108850556720034e-12
4.336380926189932694e+01 1.254825996948258018e-12
4.340377520156957303e+01 1.250562811914412957e-12
4.344377797555765852e+01 1.246318035571702408e-12
4.348381761781169530e+01 1.242090424330747932e-12
4.352389416231101649e+01 1.237878750728646617e-12
4.356400764306632567e+01 1.233681803273446791e-12
4.360415809411968269e+01 1.229498386300659036e-12
4.364434554954444678e+01 1.225327319841417822e-12
4.368457004344547556e+01 1.221167439502035850e-12
4.372483160995896156e+01 1.217017596354771375e-12
4.376513028325263122e+01 1.212876656839479344e-12
4.380546609752570930e+01 1.208743502675973062e-12
4.384583908700885502e+01 1.204617030786714308e-12
4.388624928596438224e+01 1.200496153229809483e-12
4.392669672868608188e+01 1.196379797141792992e-12
4.396718144949942086e+01 1.192266904690203491e-12
4.400770348276151367e+01 1.188156433035533792e-12
4.404826286286105130e+01 1.184047354302475017e-12
4.408885962421852156e+01 1.179938655560017218e-12
4.412949380128605270e+01 1.175829338810369878e-12
4.417016542854757688e+01 1.171718420986347082e-12
4.421087454051881593e+01 1.167604933956988552e-12
4.425162117174723875e+01 1.163487924541246094e-12
4.429240535681223889e+01 1.159366454529383052e-12
4.433322713032499962e+01 1.155239600712022576e-12
4.437408652692865019e+01 1.151106454916364429e-12
4.441498358129826585e+01 1.146966124049599661e-12
4.445591832814081101e+01 1.142817730149086697e-12
4.449689080219531689e+01 1.138660410439108537e-12
4.453790103823276070e+01 1.134493317394045436e-12
4.457894907105622195e+01 1.130315618807527897e-12
4.462003493550083988e+01 1.126126497867611147e-12
4.466115866643382759e+01 1.121925153237403440e-12
4.470232029875457158e+01 1.117710799141217441e-12
4.474351986739463172e+01 1.113482665455691761e-12
4.478475740731769861e+01 1.109239997805897192e-12
4.482603295351977124e+01 1.104982057666015249e-12
4.486734654102902198e+01 1.100708122464394952e-12
4.490869820490596709e+01 1.096417485692667160e-12
4.495008798024343122e+01 1.092109457018813658e-12
4.499151590216651897e+01 1.087783362403730149e-12
4.503298200583280675e+01 1.083438544221184214e-12
4.507448632643217223e+01 1.079074361380784302e-12
4.511602889918699333e+01 1.074690189453816404e-12
4.515760975935211263e+01 1.070285420801573171e-12
4.519922894221480192e+01 1.065859464705952517e-12
4.524088648309494687e+01 1.061411747502040181e-12
4.528258241734488365e+01 1.056941712712493447e-12
4.532431678034960498e+01 1.052448821183216141e-12
4.536608960752671749e+01 1.047932551220354963e-12
4.540790093432640617e+01 1.043392398728111290e-12
4.544975079623160497e+01 1.038827877347150345e-12
4.549163922875786881e+01 1.034238518593381345e-12
4.553356626745356550e+01 1.029623871996745722e-12
4.557553194789979756e+01 1.024983505239783407e-12
4.561753630571041640e+01 1.020317004295658098e-12
4.565957937653217869e+01 1.015623973565354122e-12
4.570166119604459709e+01 1.010904036013803596e-12
4.574378179996015348e+01 1.006156833304559944e-12
4.578594122402423494e+01 1.001382025932847562e-12
4.582813950401509118e+01 9.965792933565851224e-13
4.587037667574406186e+01 9.917483341251335339e-13
4.591265277505538478e+01 9.868888660055427645e-13
4.595496783782640904e+01 9.820006261058397202e-13
4.599732189996754528e+01 9.770833709952701344e-13
4.603971499742223017e+01 9.721368768210211035e-13
4.608214716616712536e+01 9.671609394212415043e-13
4.612461844221195406e+01 9.621553744340347528e-13
4.616712886159969997e+01 9.571200174021349158e-13
4.620967846040657179e+01 9.520547238729668887e-13
4.625226727474193211e+01 9.469593694938377987e-13
4.629489534074854618e+01 9.418338501018718944e-13
4.633756269460238286e+01 9.366780818086246999e-13
4.638026937251282789e+01 9.314920010787770527e-13
4.642301541072262694e+01 9.262755648029193235e-13
4.646580084550787859e+01 9.210287503640029386e-13
4.650862571317818350e+01 9.157515556971768802e-13
4.655149005007653784e+01 9.104439993428112565e-13
4.659439389257948960e+01 9.051061204923769466e-13
4.663733727709711019e+01 8.997379790269496875e-13
4.668032024007297309e+01 8.943396555480962622e-13
4.672334281798431022e+01 8.889112514007787801e-13
4.676640504734190529e+01 8.834528886882158569e-13
4.680950696469024308e+01 8.779647102782765027e-13
4.685264860660749520e+01 8.724468798012445533e-13
4.689583000970547744e+01 8.668995816387559374e-13
4.693905121062983454e+01 8.613230209035653661e-13
4.698231224605989809e+01 8.557174234100711573e-13
4.702561315270887832e+01 8.500830356352419583e-13
4.706895396732382153e+01 8.444201246698105648e-13
4.711233472668556033e+01 8.387289781595549020e-13
4.715575546760889836e+01 8.330099042364022201e-13
4.719921622694258900e+01 8.272632314392064563e-13
4.724271704156925722e+01 8.214893086240760812e-13
4.728625794840561269e+01 8.156885048639432449e-13
4.732983898440230774e+01 8.098612093374096655e-13
4.737346018654412205e+01 8.040078312065008054e-13
4.741712159184989872e+01 7.981287994833913428e-13
4.746082323737255848e+01 7.922245628858499070e-13
4.750456516019924180e+01 7.862955896812715082e-13
4.754834739745119521e+01 7.803423675193057397e-13
4.759216998628393469e+01 7.743654032528417464e-13
4.763603296388722441e+01 7.683652227473535950e-13
4.767993636748503405e+01 7.623423706785234488e-13
4.772388023433573068e+01 7.562974103180058280e-13
4.776786460173194371e+01 7.502309233073718305e-13
4.781188950700072127e+01 7.441435094201460720e-13
4.785595498750351595e+01 7.380357863118948441e-13
4.790006108063616352e+01 7.319083892584161806e-13
4.794420782382903923e+01 7.257619708819013723e-13
4.798839525454692989e+01 7.195972008652717977e-13
4.803262341028921867e+01 7.134147656545057818e-13
4.807689232858985662e+01 7.072153681491289570e-13
4.812120204701730586e+01 7.009997273809105346e-13
4.816555260317475273e+01 6.947685781807436775e-13
4.820994403469995859e+01 6.885226724164428294e-13
4.825437637926542322e+01 6.822630614483578029e-13
4.829884967457837774e+01 6.759914077737282163e-13
4.834336395838073486e+01 6.697094332070831323e-13
4.838791926844928781e+01 6.634188373267673062e-13
4.843251564259554698e+01 6.571212969680520355e-13
4.847715311866594590e+01 6.508184657408572576e-13
4.852183173454179155e+01 6.445119735720293605e-13
4.856655152813925014e+01 6.382034262719883081e-13
4.861131253740950342e+01 6.318944051256045334e-13
4.865611480033864211e+01 6.255864665071291972e-13
4.870095835494782222e+01 6.192811415190079756e-13
4.874584323929323659e+01 6.129799356542812066e-13
4.879076949146610076e+01 6.066843284825167809e-13
4.883573714959280920e+01 6.003957733587677740e-13
4.888074625183481459e+01 5.941156971555588598e-13
4.892579683638880539e+01 5.878455000174240988e-13
4.897088894148668459e+01 5.815865551378132370e-13
4.901602260539550571e+01 5.753402085580094709e-13
4.906119786641770020e+01 5.691077789877495962e-13
4.910641476289088558e+01 5.628905576471981798e-13
4.915167333318809995e+01 5.566898081299657637e-13
4.919697361571775218e+01 5.505067662867621553e-13
4.924231564892356516e+01 5.443426401293639091e-13
4.928769947128478890e+01 5.381986097544562559e-13
4.933312512131605843e+01 5.320758272870321178e-13
4.937859263756755013e+01 5.259754168429087711e-13
4.942410205862500305e+01 5.198984745099288734e-13
4.946965342310961944e+01 5.138460683475228421e-13
4.951524676967829919e+01 5.078192384040867153e-13
4.956088213702349066e+01 5.018189967518969081e-13
4.960655956387333987e+01 4.958463275389514756e-13
4.965227908899172604e+01 4.899021870574952412e-13
4.969804075117816211e+01 4.839875038286437459e-13
4.974384458926798658e+01 4.781031787027008086e-13
4.978969064213234219e+01 4.722500849747457081e-13
4.983557894867811910e+01 4.664290685150311583e-13
4.988150954784816804e+01 4.606409479136989200e-13
4.992748247862112265e+01 4.548865146394319720e-13
4.997349778001163401e+01 4.491665332114990416e-13
5.001955549107029242e+01 4.434817413848012280e-13
5.006565565088360614e+01 4.378328503474830483e-13
5.011179829857421453e+01 4.322205449305342684e-13
5.015798347330071039e+01 4.266454838290677357e-13
5.020421121425786026e+01 4.211082998347490521e-13
5.025048156067653338e+01 4.156096000789105813e-13
5.029679455182370162e+01 4.101499662859707799e-13
5.034315022700261721e+01 4.047299550366114232e-13
5.038954862555265635e+01 3.993500980403858209e-13
5.043598978684953238e+01 3.940109024171972116e-13
5.048247375030523898e+01 3.887128509873259356e-13
5.052900055536802881e+01 3.834564025694894593e-13
5.057557024152261249e+01 3.782419922865244354e-13
5.062218284828997383e+01 3.730700318783251236e-13
5.066883841522762566e+01 3.679409100215127499e-13
5.071553698192951032e+01 3.628549926555405584e-13
5.076227858802599258e+01 3.578126233147555826e-13
5.080906327318407989e+01 3.528141234659976399e-13
5.085589107710722345e+01 3.478597928514335351e-13
5.090276203953554557e+01 3.429499098361407878e-13
5.094967620024578991e+01 3.380847317601073640e-13
5.099663359905128601e+01 3.332644952942730021e-13
5.104363427580216950e+01 3.284894168002134855e-13
5.109067827038518317e+01 3.237596926931552962e-13
5.113776562272392567e+01 3.190754998079049903e-13
5.118489637277878757e+01 3.144369957674185431e-13
5.123207056054689446e+01 3.098443193535931371e-13
5.127928822606235570e+01 3.052975908800256739e-13
5.132654940939607258e+01 3.007969125663605197e-13
5.137385415065595140e+01 2.963423689139314370e-13
5.142120248998686094e+01 2.919340270823932144e-13
5.146859446757059686e+01 2.875719372670356807e-13
5.151603012362608780e+01 2.832561330764935372e-13
5.156350949840922482e+01 2.789866319105734719e-13
5.161103263221309589e+01 2.747634353378852829e-13
5.165859956536789355e+01 2.705865294730810196e-13
5.170621033824092905e+01 2.664558853533902834e-13
5.175386499123680295e+01 2.623714593141865297e-13
5.180156356479727009e+01 2.583331933634056465e-13
5.184930609940142432e+01 2.543410155545272666e-13
5.189709263556566299e+01 2.503948403579071705e-13
5.194492321384365141e+01 2.464945690302587827e-13
5.199279787482654314e+01 2.426400899820462180e-13
5.204071665914278810e+01 2.388312791426196967e-13
5.208867960745835290e+01 2.350680003228513432e-13
5.213668676047670658e+01 2.313501055751474735e-13
5.218473815893872825e+01 2.276774355506104814e-13
5.223283384362296999e+01 2.240498198531862673e-13
5.228097385534544372e+01 2.204670773906654869e-13
5.232915823495988406e+01 2.169290167223432611e-13
5.237738702335764884e+01 2.134354364032047680e-13
5.242566026146772629e+01 2.099861253245301381e-13
5.247397799025689125e+01 2.065808630507033510e-13
5.252234025072968393e+01 2.032194201521991575e-13
5.257074708392836015e+01 1.999015585345482761e-13
5.261919853093309030e+01 1.966270317632183586e-13
5.266769463286181718e+01 1.933955853842795367e-13
5.271623543087044794e+01 1.902069572407635195e-13
5.276482096615283979e+01 1.870608777846301369e-13
5.281345127994070765e+01 1.839570703842630989e-13
5.286212641350390129e+01 1.808952516273728179e-13
5.291084640815017792e+01 1.778751316193089177e-13
5.295961130522545801e+01 1.748964142766251647e-13
5.300842114611377554e+01 1.719587976159308208e-13
5.305727597223719982e+01 1.690619740378940245e-13
5.310617582505610557e+01 1.662056306063786192e-13
5.315512074606897386e+01 1.633894493227078406e-13
5.320411077681259826e+01 1.606131073949353352e-13
5.325314595886205637e+01 1.578762775021622075e-13
5.330222633383067432e+01 1.551786280538468081e-13
5.335135194337022568e+01 1.525198234440664675e-13
5.340052282917077520e+01 1.498995243007526343e-13
5.344973903296089190e+01 1.473173877298310061e-13
5.349900059650758521e+01 1.447730675543202215e-13
5.354830756161629779e+01 1.422662145483415280e-13
5.359765997013110450e+01 1.397964766660290255e-13
5.364705786393453479e+01 1.373634992654100829e-13
5.369650128494780716e+01 1.349669253271639389e-13
5.374599027513075811e+01 1.326063956683704182e-13
5.379552487648184211e+01 1.302815491511915350e-13
5.384510513103830220e+01 1.279920228865314222e-13
5.389473108087603492e+01 1.257374524327014467e-13
5.394440276810978929e+01 1.235174719891001774e-13
5.399412023489313839e+01 1.213317145849509190e-13
5.404388352341840829e+01 1.191798122631187985e-13
5.409369267591693387e+01 1.170613962590366112e-13
5.414354773465885273e+01 1.149760971747882217e-13
5.419344874195335393e+01 1.129235451483841927e-13
5.424339574014860688e+01 1.109033700182588469e-13
5.429338877163174715e+01 1.089152014830611375e-13
5.434342787882906833e+01 1.069586692567416344e-13
5.439351310420586572e+01 1.050334032190341039e-13
5.444364449026664232e+01 1.031390335613418777e-13
5.449382207955510182e+01 1.012751909280922360e-13
5.454404591465404195e+01 9.944150655363098671e-14
5.459431603818563872e+01 9.763761239468383651e-14
5.464463249281123325e+01 9.586314125845552445e-14
5.469499532123157337e+01 9.411772692642996699e-14
5.474540456618675677e+01 9.240100427391434051e-14
5.479586027045618124e+01 9.071260938541667826e-14
5.484636247685880761e+01 8.905217966587009570e-14
5.489691122825291814e+01 8.741935394782735019e-14
5.494750656753640072e+01 8.581377259463642587e-14
5.499814853764667788e+01 8.423507759969205920e-14
5.504883718156064987e+01 8.268291268182214904e-14
5.509957254229494339e+01 8.115692337686481429e-14
5.515035466290571975e+01 7.965675712551776175e-14
5.520118358648891643e+01 7.818206335751668675e-14
5.525205935618016895e+01 7.673249357221321152e-14
5.530298201515480372e+01 7.530770141561990061e-14
5.535395160662801572e+01 7.390734275399322447e-14
5.540496817385482586e+01 7.253107574401390730e-14
5.545603176013004543e+01 7.117856089965109285e-14
5.550714240878848926e+01 6.984946115575009966e-14
5.555830016320480524e+01 6.854344192844964951e-14
5.560950506679370875e+01 6.726017117245770040e-14
5.566075716300990450e+01 6.599931943528610078e-14
5.571205649534809368e+01 6.476055990849351720e-14
5.576340310734315153e+01 6.354356847601458746e-14
5.581479704256997820e+01 6.234802375963420508e-14
5.586623834464371896e+01 6.117360716168478621e-14
5.591772705721970027e+01 6.002000290502120905e-14
5.596926322399342268e+01 5.888689807035974621e-14
5.602084688870075269e+01 5.777398263101489205e-14
5.607247809511775216e+01 5.668094948514148995e-14
5.612415688706094130e+01 5.560749448550798368e-14
5.617588330838717781e+01 5.455331646689285615e-14
5.622765740299369952e+01 5.351811727115483093e-14
5.627947921481828786e+01 5.250160177004447665e-14
5.633134878783911148e+01 5.150347788582230472e-14
5.638326616607496078e+01 5.052345660973750790e-14
5.643523139358519103e+01 4.956125201843775021e-14
5.648724451446968686e+01 4.861658128837023289e-14
5.653930557286907543e+01 4.768916470822255476e-14
5.659141461296457010e+01 4.677872568947837159e-14
5.664357167897818357e+01 4.588499077513702279e-14
5.669577681517267820e+01 4.500768964665262962e-14
5.674803006585152332e+01 4.414655512916214148e-14
5.680033147535915106e+01 4.330132319503863046e-14
5.685268108808073606e+01 4.247173296584533767e-14
5.690507894844244419e+01 4.165752671272850706e-14
5.695752510091139698e+01 4.085844985531229855e-14
5.701001958999560770e+01 4.007425095914671573e-14
5.706256246024421586e+01 3.930468173175138008e-14
5.711515375624731661e+01 3.854949701732166842e-14
5.716779352263618819e+01 3.780845479012874919e-14
5.722048180408322793e+01 3.708131614667959879e-14
5.727321864530193807e+01 3.636784529667149326e-14
5.732600409104713890e+01 3.566780955279428982e-14
5.737883818611476983e+01 3.498097931942816422e-14
5.743172097534216647e+01 3.430712808027295273e-14
5.748465250360796830e+01 3.364603238496606097e-14
5.753763281583209732e+01 3.299747183472255111e-14
5.759066195697599966e+01 3.236122906703932460e-14
5.764373997204242528e+01 3.173708973951484029e-14
5.769686690607571222e+01 3.112484251281238207e-14
5.775004280416168712e+01 3.052427903281403098e-14
5.780326771142766518e+01 2.993519391200207739e-14
5.785654167304265627e+01 2.935738471010489299e-14
5.790986473421718017e+01 2.879065191404539922e-14
5.796323694020352946e+01 2.823479891722406217e-14
5.801665833629567715e+01 2.768963199817953927e-14
5.807012896782928379e+01 2.715496029865195951e-14
5.812364888018185383e+01 2.663059580108720420e-14
5.817721811877273552e+01 2.611635330561445269e-14
5.823083672906302866e+01 2.561205040652630391e-14
5.828450475655586871e+01 2.511750746829353633e-14
5.833822224679619239e+01 2.463254760114555573e-14
5.839198924537102187e+01 2.415699663624121277e-14
5.844580579790937946e+01 2.369068310046405340e-14
5.849967195008225218e+01 2.323343819086453815e-14
5.855358774760284746e+01 2.278509574877797970e-14
5.860755323622638002e+01 2.234549223364335068e-14
5.866156846175032058e+01 2.191446669654899732e-14
5.871563347001435318e+01 2.149186075352737220e-14
5.876974830690031126e+01 2.107751855862428224e-14
5.882391301833245478e+01 2.067128677676459790e-14
5.887812765027722861e+01 2.027301455643696301e-14
5.893239224874354676e+01 1.988255350221580987e-14
5.898670685978271422e+01 1.949975764714761779e-14
5.904107152948839854e+01 1.912448342501409031e-14
5.909548630399686431e+01 1.875658964249637461e-14
5.914995122948677420e+01 1.839593745125770635e-14
5.920446635217945897e+01 1.804239031995932638e-14
5.925903171833882510e+01 1.769581400623317100e-14
5.931364737427134060e+01 1.735607652862212114e-14
5.936831336632626943e+01 1.702304813850521896e-14
5.942302974089547263e+01 1.669660129202731153e-14
5.947779654441366404e+01 1.637661062204068531e-14
5.953261382335833929e+01 1.606295291007987995e-14
5.958748162424975447e+01 1.575550705837920169e-14
5.964239999365115352e+01 1.545415406194702205e-14
5.969736897816857635e+01 1.515877698071067643e-14
5.975238862445110755e+01 1.486926091174120178e-14
5.980745897919081955e+01 1.458549296157346959e-14
5.986258008912273709e+01 1.430736221862915482e-14
5.991775200102507171e+01 1.403475972575372677e-14
5.997297476171903696e+01 1.376757845288096879e-14
6.002824841806907585e+01 1.350571326982830217e-14
6.008357301698283237e+01 1.324906091923892337e-14
6.013894860541108756e+01 1.299751998967460576e-14
6.019437523034802240e+01 1.275099088886802324e-14
6.024985293883099757e+01 1.250937581714674741e-14
6.030538177794082344e+01 1.227257874102916584e-14
6.036096179480171031e+01 1.204050536700591209e-14
6.041659303658118318e+01 1.181306311551061284e-14
6.047227555049039438e+01 1.159016109508450552e-14
6.052800938378385354e+01 1.137171007674624807e-14
6.058379458375974025e+01 1.115762246856519967e-14
6.063963119775980459e+01 1.094781229044993735e-14
6.069551927316936002e+01 1.074219513668645227e-14
6.075145885741748941e+01 1.054068685459670618e-14
6.080744999797688166e+01 1.034320251679781249e-14
6.086349274236407325e+01 1.014965872315939381e-14
6.091958713813937720e+01 9.959973842982964810e-15
6.097573323290686886e+01 9.774067976987037529e-15
6.103193107431460618e+01 9.591862920110299215e-15
6.108818071005443784e+01 9.413282125119043256e-15
6.114448218786226619e+01 9.238250666996686295e-15
6.120083555551799748e+01 9.066695208101746316e-15
6.125724086084545661e+01 8.898543964078182613e-15
6.131369815171266424e+01 8.733726670498716909e-15
6.137020747603173731e+01 8.572174550229432095e-15
6.142676888175887484e+01 8.413820281497446404e-15
6.148338241689457817e+01 8.258597966646900281e-15
6.154004812948348757e+01 8.106443101570593145e-15
6.159676606761460249e+01 7.957292545799096285e-15
6.165353627942123893e+01 7.811084493237020407e-15
6.171035881308099391e+01 7.667758443530163658e-15
6.176723371681597996e+01 7.527255174049662467e-15
6.182416103889264036e+01 7.389516712482755913e-15
6.188114082762199075e+01 7.254486310013662228e-15
6.193817313135956226e+01 7.122108415083408203e-15
6.199525799850538021e+01 6.992328647717448339e-15
6.205239547750417728e+01 6.865093774405756410e-15
6.210958561684523005e+01 6.740351683526886328e-15
6.216682846506259352e+01 6.618051361301366559e-15
6.222412407073505136e+01 6.498142868265071418e-15
6.228147248248605905e+01 6.380577316250633777e-15
6.233887374898402811e+01 6.265306845865266634e-15
6.239632791894207742e+01 6.152284604455978459e-15
6.245383504111833872e+01 6.041464724549409058e-15
6.251139516431586429e+01 5.932802302758247487e-15
6.256900833738259848e+01 5.826253379143196618e-15
6.262667460921163354e+01 5.721774917019370902e-15
6.268439402874098931e+01 5.619324783200890583e-15
6.274216664495389750e+01 5.518861728670100019e-15
6.279999250687871637e+01 5.420345369665509424e-15
6.285787166358891653e+01 5.323736169178032875e-15
6.291580416420330124e+01 5.228995418845925293e-15
6.297379005788584294e+01 5.136085221242328402e-15
6.303182939384588934e+01 5.044968472543786012e-15
6.308992222133817762e+01 4.955608845573524250e-15
6.314806858966270653e+01 4.867970773211724859e-15
6.320626854816507745e+01 4.782019432162702062e-15
6.326452214623621018e+01 4.697720727073510642e-15
6.332282943331266978e+01 4.615041274995079000e-15
6.338119045887655290e+01 4.533948390178804532e-15
6.343960527245549486e+01 4.454410069201924928e-15
6.349807392362288283e+01 4.376394976413137811e-15
6.355659646199768531e+01 4.299872429693071331e-15
6.361517293724467947e+01 4.224812386521899329e-15
6.367380339907442988e+01 4.151185430347537747e-15
6.373248789724321028e+01 4.078962757248501102e-15
6.379122648155328790e+01 4.008116162883950078e-15
6.385001920185268887e+01 3.938618029725821582e-15
6.390886610803548962e+01 3.870441314566298864e-15
6.396776725004176001e+01 3.803559536294679215e-15
6.402672267785746385e+01 3.737946763938289973e-15
6.408573244151482129e+01 3.673577604960707297e-15
6.414479659109196064e+01 3.610427193813477754e-15
6.420391517671333759e+01 3.548471180733193000e-15
6.426308824854955049e+01 3.487685720781522981e-15
6.432231585681736874e+01 3.428047463120978114e-15
6.438159805177994599e+01 3.369533540521701624e-15
6.444093488374666379e+01 3.312121559094816015e-15
6.450032640307335896e+01 3.255789588246675457e-15
6.455977266016225258e+01 3.200516150850050569e-15
6.461927370546193572e+01 3.146280213626599751e-15
6.467882958946762528e+01 3.093061177736878363e-15
6.473844036272103608e+01 3.040838869572861532e-15
6.479810607581036663e+01 2.989593531749002728e-15
6.485782677937058338e+01 2.939305814286855931e-15
6.491760252408322174e+01 2.889956765989941074e-15
6.497743336067655662e+01 2.841527826003976415e-15
6.503731933992565928e+01 2.794000815558972532e-15
6.509726051265229785e+01 2.747357929888790053e-15
6.515725692972520733e+01 2.701581730324759929e-15
6.521730864205987643e+01 2.656655136559234609e-15
6.527741570061880338e+01 2.612561419075754921e-15
6.533757815641146749e+01 2.569284191741517581e-15
6.539779606049427230e+01 2.526807404559678557e-15
6.545806946397077297e+01 2.485115336577026520e-15
6.551839841799154840e+01 2.444192588944168360e-15
6.557878297375435750e+01 2.404024078124975071e-15
6.563922318250419607e+01 2.364595029251617040e-15
6.569971909553316891e+01 2.325890969622664002e-15
6.576027076418075978e+01 2.287897722340358197e-15
6.582087823983370356e+01 2.250601400084916214e-15
6.588154157392611410e+01 2.213988399022101400e-15
6.594226081793958372e+01 2.178045392841564153e-15
6.600303602340298426e+01 2.142759326923510170e-15
6.606386724189287918e+01 2.108117412629705792e-15
6.612475452503318252e+01 2.074107121717577993e-15
6.618569792449549993e+01 2.040716180873676128e-15
6.624669749199908608e+01 2.007932566364330796e-15
6.630775327931073093e+01 1.975744498801166517e-15
6.636886533824505818e+01 1.944140438018347872e-15
6.643003372066436896e+01 1.913109078059861495e-15
6.649125847847879811e+01 1.882639342273874875e-15
6.655253966364637108e+01 1.852720378512236524e-15
6.661387732817287599e+01 1.823341554432620746e-15
6.667527152411217628e+01 1.794492452901173684e-15
6.673672230356594071e+01 1.766162867493508232e-15
6.679822971868402703e+01 1.738342798091714557e-15
6.685979382166429730e+01 1.711022446575771448e-15
6.692141466475264622e+01 1.684192212606688365e-15
6.698309230024324279e+01 1.657842689499963598e-15
6.704482678047831712e+01 1.631964660187027823e-15
6.710661815784847306e+01 1.606549093262866765e-15
6.716846648479256032e+01 1.581587139118109764e-15
6.723037181379767446e+01 1.557070126153548988e-15
6.729233419739941269e+01 1.532989557075357327e-15
6.735435368818167490e+01 1.509337105269440093e-15
6.741643033877689106e+01 1.486104611252784864e-15
6.747856420186604964e+01 1.463284079200699744e-15
6.754075533017854127e+01 1.440867673547857654e-15
6.760300377649252823e+01 1.418847715661735564e-15
6.766530959363463182e+01 1.397216680586929532e-15
6.772767283448033027e+01 1.375967193858500584e-15
6.779009355195375974e+01 1.355092028383494953e-15
6.785257179902779967e+01 1.334584101388304214e-15
6.791510762872424323e+01 1.314436471431351589e-15
6.797770109411362682e+01 1.294642335478910005e-15
6.804035224831550011e+01 1.275195026043143712e-15
6.810306114449838333e+01 1.256088008381000676e-15
6.816582783587966787e+01 1.237314877752412310e-15
6.822865237572592889e+01 1.218869356736703257e-15
6.829153481735281161e+01 1.200745292605976064e-15
6.835447521412500294e+01 1.182936654754101268e-15
6.841747361945650141e+01 1.165437532180189983e-15
6.848053008681041831e+01 1.148242131025463078e-15
6.854364466969923342e+01 1.131344772162127805e-15
6.860681742168472397e+01 1.114739888833426247e-15
6.867004839637795044e+01 1.098422024343557719e-15
6.873333764743952656e+01 1.082385829796424370e-15
6.879668522857937774e+01 1.066626061882214683e-15
6.886009119355701102e+01 1.051137580710796807e-15
6.892355559618151517e+01 1.035915347690809013e-15
6.898707849031144690e+01 1.020954423453590984e-15
6.905065992985515777e+01 1.006249965820824305e-15
6.911429996877053838e+01 9.917972278152489040e-16
6.917799866106527418e+01 9.775915557131145714e-16
6.924175606079690226e+01 9.636283871377851830e-16
6.930557222207259827e+01 9.499032491935773942e-16
6.936944719904961687e+01 9.364117566387092825e-16
6.943338104593492233e+01 9.231496100969290095e-16
6.949737381698560057e+01 9.101125943066122063e-16
6.956142556650868869e+01 8.972965764067721337e-16
6.962553634886121756e+01 8.846975042590885399e-16
6.968970621845042501e+01 8.723114048051293788e-16
6.975393522973355687e+01 8.601343824582019444e-16
6.981822343721817958e+01 8.481626175288542469e-16
6.988257089546205236e+01 8.363923646834566806e-16
6.994697765907316978e+01 8.248199514351832919e-16
7.001144378270993229e+01 8.134417766664676135e-16
7.007596932108101839e+01 8.022543091826191927e-16
7.014055432894562614e+01 7.912540862955503500e-16
7.020519886111340213e+01 7.804377124373033413e-16
7.026990297244444150e+01 7.698018578024993304e-16
7.033466671784948687e+01 7.593432570192263885e-16
7.039949015228980045e+01 7.490587078476641390e-16
7.046437333077737719e+01 7.389450699059722245e-16
7.052931630837491639e+01 7.289992634227186177e-16
7.059431914019577903e+01 7.192182680154350064e-16
7.065938188140421516e+01 7.095991214945134465e-16
7.072450458721523603e+01 7.001389186922501268e-16
7.078968731289479877e+01 6.908348103161043033e-16
7.085493011375982064e+01 6.816840018259298290e-16
7.092023304517809379e+01 6.726837523346615896e-16
7.098559616256855520e+01 6.638313735317130469e-16
7.105101952140113042e+01 6.551242286289074958e-16
7.111650317719691827e+01 6.465597313282678677e-16
7.118204718552821930e+01 6.381353448112602969e-16
7.124765160201843628e+01 6.298485807490629992e-16
7.131331648234237264e+01 6.216969983332903137e-16
7.137904188222603352e+01 6.136782033269701572e-16
7.144482785744685316e+01 6.057898471350590973e-16
7.151067446383369486e+01 5.980296258943068038e-16
7.157658175726673733e+01 5.903952795819632308e-16
7.164254979367781573e+01 5.828845911429022505e-16
7.170857862905027957e+01 5.754953856348492499e-16
7.177466831941897851e+01 5.682255293912702384e-16
7.184081892087054655e+01 5.610729292015530827e-16
7.190703048954317467e+01 5.540355315081533920e-16
7.197330308162690926e+01 5.471113216202942558e-16
7.203963675336353845e+01 5.402983229438860457e-16
7.210603156104662048e+01 5.335945962273867300e-16
7.217248756102173957e+01 5.269982388231171565e-16
7.223900480968625004e+01 5.205073839638724474e-16
7.230558336348958903e+01 5.141202000544120000e-16
7.237222327893323381e+01 5.078348899774927310e-16
7.243892461257061655e+01 5.016496904142229068e-16
7.250568742100745112e+01 4.955628711783597803e-16
7.257251176090146316e+01 4.895727345643276884e-16
7.263939768896271687e+01 4.836776147085320060e-16
7.270634526195351555e+01 4.778758769639046632e-16
7.277335453668840159e+01 4.721659172871778354e-16
7.284042557003441232e+01 4.665461616387634327e-16
7.290755841891083833e+01 4.610150653949389189e-16
7.297475314028957882e+01 4.555711127720164197e-16
7.304200979119497106e+01 4.502128162623759050e-16
7.310932842870387560e+01 4.449387160819685078e-16
7.317670910994586109e+01 4.397473796291342277e-16
7.324415189210299104e+01 4.346374009544923330e-16
7.331165683241017916e+01 4.296074002416343255e-16
7.337922398815504721e+01 4.246560232984221539e-16
7.344685341667796763e+01 4.197819410586853892e-16
7.351454517537221989e+01 4.149838490940286381e-16
7.358229932168391940e+01 4.102604671356304226e-16
7.365011591311217387e+01 4.056105386057491410e-16
7.371799500720911169e+01 4.010328301587810984e-16
7.378593666157979669e+01 3.965261312316583555e-16
7.385394093388251235e+01 3.920892536033523487e-16
7.392200788182856286e+01 3.877210309633599244e-16
7.399013756318251467e+01 3.834203184889518927e-16
7.405833003576222495e+01 3.791859924309562670e-16
7.412658535743867105e+01 3.750169497080247653e-16
7.419490358613634839e+01 3.709121075090313839e-16
7.426328477983297205e+01 3.668704029035862287e-16
7.433172899655983201e+01 3.628907924604271588e-16
7.440023629440167952e+01 3.589722518735054855e-16
7.446880673149667018e+01 3.551137755956815175e-16
7.453744036603674772e+01 3.513143764797805721e-16
7.460613725626726023e+01 3.475730854269301732e-16
7.467489746048742916e+01 3.438889510419725913e-16
7.474372103705016457e+01 3.402610392958623529e-16
7.481260804436202250e+01 3.366884331948561381e-16
7.488155854088360286e+01 3.331702324563674188e-16
7.495057258512917997e+01 3.297055531913696281e-16
7.501965023566710045e+01 3.262935275931815604e-16
7.508879155111965531e+01 3.229333036325166713e-16
7.515799659016310841e+01 3.196240447586784427e-16
7.522726541152789537e+01 3.163649296067674101e-16
7.529659807399845306e+01 3.131551517107466656e-16
7.536599463641351804e+01 3.099939192222983887e-16
7.543545515766606968e+01 3.068804546353166401e-16
7.550497969670318810e+01 3.038139945159442210e-16
7.557456831252646623e+01 3.007937892379692508e-16
7.564422106419182512e+01 2.978191027236128685e-16
7.571393801080954233e+01 2.948892121894413268e-16
7.578371921154450774e+01 2.920034078973938477e-16
7.585356472561595353e+01 2.891609929108159000e-16
7.592347461229788053e+01 2.863612828553323355e-16
7.599344893091883080e+01 2.836036056845292238e-16
7.606348774086198716e+01 2.808873014503393201e-16
7.613359110156538634e+01 2.782117220779693495e-16
7.620375907252166314e+01 2.755762311453784775e-16
7.627399171327844840e+01 2.729802036671139046e-16
7.634428908343824105e+01 2.704230258824979668e-16
7.641465124265832287e+01 2.679040941928315826e-16
7.648507825065114218e+01 2.654227565408536356e-16
7.655557016718402963e+01 2.629782774415064077e-16
7.662612705207951080e+01 2.605699286516672308e-16
7.669674896521524943e+01 2.581969979257553136e-16
7.676743596652394785e+01 2.558587886134913195e-16
7.683818811599374499e+01 2.535546192688640454e-16
7.690900547366788942e+01 2.512838232700780924e-16
7.697988809964508050e+01 2.490457484499918593e-16
7.705083605407942571e+01 2.468397567368745753e-16
7.712184939718034116e+01 2.446652238050964240e-16
7.719292818921289268e+01 2.425215387354604687e-16
7.726407249049754000e+01 2.404081036849231581e-16
7.733528236141042100e+01 2.383243335653799280e-16
7.740655786238338010e+01 2.362696557312933413e-16
7.747789905390379772e+01 2.342435096758646913e-16
7.754930599651495982e+01 2.322453467355173389e-16
7.762077875081581624e+01 2.302746298024384610e-16
7.769231737746125077e+01 2.283308330449406786e-16
7.776392193716209533e+01 2.264134416354379182e-16
7.783559249068497365e+01 2.245219514857873608e-16
7.790732909885268498e+01 2.226558689897635806e-16
7.797913182254396247e+01 2.208147107725342925e-16
7.805100072269371481e+01 2.189980034468520677e-16
7.812293586029304038e+01 2.172052833758020985e-16
7.819493729638912782e+01 2.154360964419326872e-16
7.826700509208556866e+01 2.136899978225596063e-16
7.833913930854214414e+01 2.119665517710684884e-16
7.841134000697510942e+01 2.102653314040619123e-16
7.848360724865710836e+01 2.085859184941795313e-16
7.855594109491718768e+01 2.069279032684003431e-16
7.862834160714103859e+01 2.052908842117200833e-16
7.870080884677079780e+01 2.036744678760174269e-16
7.877334287530531753e+01 2.020782686939584961e-16
7.884594375430015134e+01 2.005019087978277053e-16
7.891861154536745460e+01 1.989450178431378224e-16
7.899134631017635400e+01 1.974072328368324317e-16
7.906414811045260649e+01 1.958881979700587627e-16
7.913701700797901140e+01 1.943875644552619714e-16
7.920995306459531093e+01 1.929049903675829055e-16
7.928295634219810495e+01 1.914401404903741911e-16
7.935602690274122040e+01 1.899926861647431096e-16
7.942916480823538450e+01 1.885623051430299045e-16
7.950237012074863685e+01 1.871486814460579277e-16
7.957564290240620153e+01 1.857515052241253535e-16
7.964898321539044446e+01 1.843704726215704814e-16
7.972239112194117183e+01 1.830052856448413314e-16
7.979586668435554486e+01 1.816556520339897597e-16
7.986940996498800871e+01 1.803212851374608417e-16
7.994302102625064776e+01 1.790019037901151075e-16
8.001669993061290143e+01 1.776972321943795954e-16
8.009044674060191937e+01 1.764069998044621521e-16
8.016426151880247630e+01 1.751309412135213718e-16
8.023814432785688666e+01 1.738687960437401609e-16
8.031209523046537413e+01 1.726203088391830931e-16
8.038611428938578740e+01 1.713852289614368417e-16
8.046020156743394125e+01 1.701633104878512646e-16
8.053435712748354547e+01 1.689543121124359670e-16
8.060858103246610540e+01 1.677579970492312996e-16
8.068287334537134825e+01 1.665741329381495020e-16
8.075723412924682520e+01 1.654024917532235476e-16
8.083166344719836616e+01 1.642428497131495778e-16
8.090616136238993761e+01 1.630949871941250688e-16
8.098072793804360003e+01 1.619586886448759395e-16
8.105536323743987737e+01 1.608337425038263294e-16
8.113006732391740172e+01 1.597199411183844209e-16
8.120484026087332552e+01 1.586170806662262258e-16
8.127968211176325042e+01 1.575249610785985586e-16
8.135459294010111364e+01 1.564433859655317194e-16
8.142957280945955745e+01 1.553721625429293948e-16
8.150462178346965914e+01 1.543111015615127511e-16
8.157973992582125788e+01 1.532600172375167854e-16
8.165492730026288370e+01 1.522187271851480297e-16
8.173018397060172902e+01 1.511870523507240093e-16
8.180551000070390444e+01 1.501648169484582137e-16
8.188090545449428248e+01 1.491518483978581424e-16
8.195637039595672491e+01 1.481479772626788837e-16
8.203190488913409695e+01 1.471530371914021304e-16
8.210750899812811099e+01 1.461668648592072996e-16
8.218318278709980973e+01 1.451892999113699256e-16
8.225892632026911144e+01 1.442201849080879875e-16
8.233473966191532156e+01 1.432593652706612341e-16
8.241062287637694794e+01 1.423066892290262135e-16
8.248657602805168665e+01 1.413620077705756932e-16
8.256259918139672038e+01 1.404251745902523359e-16
8.263869240092851953e+01 1.394960460418920795e-16
8.271485575122311218e+01 1.385744810907348832e-16
8.279108929691604146e+01 1.376603412671511576e-16
8.286739310270230874e+01 1.367534906214833726e-16
8.294376723333671464e+01 1.358537956800048162e-16
8.302021175363353223e+01 1.349611254019746722e-16
8.309672672846694752e+01 1.340753511377242626e-16
8.317331222277090319e+01 1.331963465877989339e-16
8.324996830153907013e+01 1.323239877630903089e-16
8.332669502982520271e+01 1.314581529459408832e-16
8.340349247274282618e+01 1.305987226522020099e-16
8.348036069546560611e+01 1.297455795942210143e-16
8.355729976322727737e+01 1.288986086447297052e-16
8.363430974132157303e+01 1.280576968016083748e-16
8.371139069510257968e+01 1.272227331534989318e-16
8.378854268998441057e+01 1.263936088462723727e-16
8.386576579144166033e+01 1.255702170502800344e-16
8.394306006500919182e+01 1.247524529284114821e-16
8.402042557628220720e+01 1.239402136049199345e-16
8.409786239091644688e+01 1.231333981349825127e-16
8.417537057462818950e+01 1.223319074750117802e-16
8.425295019319413825e+01 1.215356444536485143e-16
8.433060131245179036e+01 1.207445137434704913e-16
8.440832399829913868e+01 1.199584218333539314e-16
8.448611831669508376e+01 1.191772770014937654e-16
8.456398433365926337e+01 1.184009892890574308e-16
8.464192211527205245e+01 1.176294704744654916e-16
8.471993172767493263e+01 1.168626340482566320e-16
8.479801323707010852e+01 1.161003951885503102e-16
8.487616670972099087e+01 1.153426707370687396e-16
8.495439221195202606e+01 1.145893791757152391e-16
8.503268981014865346e+01 1.138404406036900680e-16
8.511105957075770334e+01 1.130957767151184540e-16
8.518950156028702736e+01 1.123553107771979388e-16
8.526801584530595335e+01 1.116189676088215779e-16
8.534660249244512897e+01 1.108866735596902975e-16
8.542526156839647911e+01 1.101583564898904190e-16
8.550399313991360373e+01 1.094339457498977487e-16
8.558279727381139423e+01 1.087133721610537016e-16
8.566167403696650240e+01 1.079965679964293851e-16
8.574062349631721247e+01 1.072834669621208314e-16
8.581964571886332749e+01 1.065740041789371817e-16
8.589874077166662403e+01 1.058681161644645408e-16
8.597790872185049693e+01 1.051657408155147589e-16
8.605714963660031458e+01 1.044668173909285592e-16
8.613646358316340468e+01 1.037712864947257653e-16
8.621585062884888373e+01 1.030790900596026389e-16
8.629531084102815441e+01 1.023901713307380199e-16
8.637484428713447926e+01 1.017044748499383440e-16
8.645445103466340697e+01 1.010219464400676607e-16
8.653413115117271559e+01 1.003425331897768271e-16
8.661388470428231301e+01 9.966618343852874590e-17
8.669371176167457804e+01 9.899284676187359905e-17
8.677361239109413305e+01 9.832247395701546624e-17
8.685358666034812813e+01 9.765501702860600017e-17
8.693363463730622698e+01 9.699042917480228377e-17
8.701375638990052153e+01 9.632866477355378987e-17
8.709395198612587308e+01 9.566967936910699266e-17
8.717422149403964227e+01 9.501342965874185477e-17
8.725456498176204434e+01 9.435987347970183192e-17
8.733498251747606389e+01 9.370896979632867322e-17
8.741547416942741222e+01 9.306067868739725935e-17
8.749604000592488262e+01 9.241496133361159016e-17
8.757668009534002351e+01 9.177178000530019398e-17
8.765739450610753636e+01 9.113109805025667486e-17
8.773818330672520460e+01 9.049287988174742448e-17
8.781904656575379420e+01 8.985709096667825250e-17
8.789998435181747993e+01 8.922369781388507762e-17
8.798099673360343331e+01 8.859266796257964215e-17
8.806208377986233415e+01 8.796396997090984557e-17
8.814324555940817163e+01 8.733757340465070858e-17
8.822448214111827269e+01 8.671344882600855095e-17
8.830579359393352945e+01 8.609156778252680925e-17
8.838717998685841337e+01 8.547190279609780834e-17
8.846864138896083318e+01 8.485442735207591396e-17
8.855017786937254698e+01 8.423911588846026519e-17
8.863178949728883538e+01 8.362594378518783658e-17
8.871347634196889942e+01 8.301488735347204462e-17
8.879523847273577530e+01 8.240592382523570943e-17
8.887707595897623492e+01 8.179903134259855873e-17
8.895898887014119794e+01 8.119418894742148051e-17
8.904097727574541921e+01 8.059137657091190012e-17
8.912304124536781558e+01 7.999057502327221185e-17
8.920518084865149433e+01 7.939176598338838085e-17
8.928739615530356843e+01 7.879493198856816930e-17
8.936968723509556867e+01 7.820005642429792547e-17
8.945205415786320202e+01 7.760712351403986351e-17
8.953449699350660751e+01 7.701611830904434395e-17
8.961701581199039879e+01 7.642702667818505584e-17
8.969961068334352206e+01 7.583983529781086348e-17
8.978228167765962553e+01 7.525453164160678683e-17
8.986502886509680366e+01 7.467110397045545013e-17
8.994785231587793817e+01 7.408954132231578704e-17
9.003075210029064124e+01 7.350983350207840025e-17
9.011372828868714180e+01 7.293197107144373656e-17
9.019678095148471186e+01 7.235594533876581086e-17
9.027991015916533968e+01 7.178174834889839532e-17
9.036311598227611341e+01 7.120937287302591203e-17
9.044639849142912169e+01 7.063881239846692515e-17
9.052975775730139674e+01 7.007006111846957179e-17
9.061319385063532650e+01 6.950311392197071765e-17
9.069670684223828516e+01 6.893796638333446668e-17
9.078029680298303106e+01 6.837461475206165551e-17
9.086396380380767823e+01 6.781305594246319576e-17
9.094770791571556856e+01 6.725328752330791402e-17
9.103152920977564122e+01 6.669530770742064431e-17
9.111542775712219111e+01 6.613911534125459623e-17
9.119940362895519570e+01 6.558470989441906619e-17
9.128345689654024397e+01 6.503209144916235619e-17
9.136758763120847959e+01 6.448126068981415243e-17
9.145179590435697037e+01 6.393221889218357996e-17
9.153608178744839563e+01 6.338496791290822454e-17
9.162044535201144413e+01 6.283951017875610644e-17
9.170488666964072877e+01 6.229584867588482149e-17
9.178940581199670135e+01 6.175398693903906478e-17
9.187400285080605045e+01 6.121392904070986989e-17
9.195867785786138882e+01 6.067567958023675429e-17
9.204343090502162283e+01 6.013924367286046243e-17
9.212826206421189568e+01 5.960462693872055008e-17
9.221317140742348784e+01 5.907183549180636434e-17
9.229815900671425766e+01 5.854087592885086813e-17
9.238322493420822923e+01 5.801175531817604842e-17
9.246836926209607554e+01 5.748448118848307946e-17
9.255359206263501903e+01 5.695906151759414373e-17
9.263889340814867523e+01 5.643550472114020351e-17
9.272427337102757861e+01 5.591381964119980145e-17
9.280973202372874198e+01 5.539401553488750354e-17
9.289526943877611131e+01 5.487610206289300119e-17
9.298088568876049465e+01 5.436008927797358430e-17
9.306658084633941996e+01 5.384598761339733518e-17
9.315235498423756155e+01 5.333380787134218319e-17
9.323820817524661209e+01 5.282356121124939040e-17
9.332414049222518315e+01 5.231525913813754484e-17
9.341015200809924579e+01 5.180891349086930223e-17
9.349624279586181785e+01 5.130453643038377534e-17
9.358241292857326243e+01 5.080214042788983151e-17
9.366866247936137313e+01 5.030173825301970063e-17
9.375499152142110404e+01 4.980334296195941657e-17
9.384140012801512398e+01 4.930696788553541507e-17
9.392788837247341860e+01 4.881262661727881558e-17
9.401445632819367404e+01 4.832033300146502041e-17
9.410110406864126276e+01 4.783010112112015080e-17
9.418783166734910139e+01 4.734194528602215210e-17
9.427463919791806291e+01 4.685588002066406443e-17
9.436152673401666391e+01 4.637192005221710842e-17
9.444849434938147681e+01 4.589008029847364270e-17
9.453554211781703032e+01 4.541037585578127135e-17
9.462267011319570997e+01 4.493282198697431975e-17
9.470987840945819869e+01 4.445743410929567771e-17
9.479716708061312147e+01 4.398422778232719062e-17
9.488453620073747175e+01 4.351321869591767791e-17
9.497198584397649768e+01 4.304442265811884624e-17
9.505951608454364532e+01 4.257785558313662860e-17
9.514712699672095653e+01 4.211353347929304368e-17
9.523481865485872788e+01 4.165147243700904009e-17
9.532259113337595124e+01 4.119168861680653215e-17
9.541044450676018585e+01 4.073419823734448608e-17
9.549837884956748724e+01 4.027901756347600350e-17
9.558639423642286204e+01 3.982616289434644412e-17
9.567449074201984160e+01 3.937565055152911178e-17
9.576266844112097942e+01 3.892749686720336034e-17
9.585092740855773741e+01 3.848171817238046868e-17
9.593926771923038643e+01 3.803833078518150045e-17
9.602768944810841845e+01 3.759735099917032862e-17
9.611619267023024804e+01 3.715879507174909716e-17
9.620477746070356773e+01 3.672267944598568567e-17
9.629344389470530530e+01 3.628903180468276515e-17
9.638219204748152436e+01 3.585789523295510138e-17
9.647102199434785064e+01 3.542931264942853249e-17
9.655993381068910253e+01 3.500332553400479677e-17
9.664892757195974582e+01 3.457997393762280503e-17
9.673800335368376579e+01 3.415929649253238911e-17
9.682716123145462461e+01 3.374133042306778144e-17
9.691640128093565920e+01 3.332611155689904562e-17
9.700572357785971178e+01 3.291367433675019234e-17
9.709512819802958461e+01 3.250405183256197850e-17
9.718461521731798314e+01 3.209727575408865387e-17
9.727418471166731706e+01 3.169337646390343012e-17
9.736383675709024033e+01 3.129238299080684824e-17
9.745357142966926745e+01 3.089432304361370674e-17
9.754338880555714297e+01 3.049922302530279190e-17
9.763328896097682730e+01 3.010710804751977738e-17
9.772327197222138295e+01 2.971800194540769215e-17
9.781333791565437252e+01 2.933192729275699415e-17
9.790348686770953179e+01 2.894890541745585486e-17
9.799371890489123871e+01 2.856895641722468034e-17
9.808403410377431442e+01 2.819209917562026236e-17
9.817443254100403749e+01 2.781835137829523712e-17
9.826491429329649918e+01 2.744772952949625746e-17
9.835547943743844712e+01 2.708024896878500907e-17
9.844612805028728530e+01 2.671592388797132249e-17
9.853686020877144358e+01 2.635476734823918619e-17
9.862767598989003659e+01 2.599679129745362756e-17
9.871857547071331851e+01 2.564200658763518687e-17
9.880955872838256937e+01 2.529042299258564909e-17
9.890062584010999558e+01 2.494204922565347495e-17
9.899177688317918467e+01 2.459689295762411550e-17
9.908301193494475001e+01 2.425496083472458516e-17
9.917433107283274296e+01 2.391625849672286133e-17
9.926573437434059599e+01 2.358079059511938362e-17
9.935722191703696637e+01 2.324856081140876159e-17
9.944879377856226199e+01 2.291957187540428639e-17
9.954045003662820079e+01 2.259382558361371214e-17
9.963219076901829396e+01 2.227132281765154369e-17
9.972401605358774646e+01 2.195206356267898693e-17
9.981592596826334329e+01 2.163604692585959312e-17
9.990792059104393275e+01 2.132327115481836987e-17
1.000000000000000000e+02 2.101373365609706799e-17
