1.000000000000000000e+00 6.751976231977458554e+01
1.000921642732741867e+00 6.736843377660514420e+01
1.001844134890810478e+00 6.721738838003895466e+01
1.002767477257072715e+00 6.706662551806731187e+01
1.003691670615116660e+00 6.691614458088746176e+01
1.004616715749252709e+00 6.676594496089327890e+01
1.005542613444514011e+00 6.661602605266720900e+01
1.006469364486657359e+00 6.646638725297125916e+01
1.007396969662163855e+00 6.631702796073859929e+01
1.008325429758239133e+00 6.616794757706500718e+01
1.009254745562814692e+00 6.601914550520052671e+01
1.010184917864547893e+00 6.587062120299586354e+01
1.011115947452823294e+00 6.572237441095226984e+01
1.012047835117752648e+00 6.557440496238019989e+01
1.012980581650176015e+00 6.542671268894562786e+01
1.013914187841662651e+00 6.527929742061331808e+01
1.014848654484510782e+00 6.513215898565660211e+01
1.015783982371749161e+00 6.498529721066644527e+01
1.016720172297137736e+00 6.483871192056128052e+01
1.017657225055167425e+00 6.469240293859641611e+01
1.018595141441061891e+00 6.454637008637362783e+01
1.019533922250777325e+00 6.440061318385016875e+01
1.020473568281003551e+00 6.425513204934878786e+01
1.021414080329164920e+00 6.410992649956691025e+01
1.022355459193420524e+00 6.396499634958554026e+01
1.023297705672665092e+00 6.382034141287955009e+01
1.024240820566529653e+00 6.367596150132627031e+01
1.025184804675382422e+00 6.353185642521513898e+01
1.026129658800329025e+00 6.338802599325676823e+01
1.027075383743213166e+00 6.324447001259293444e+01
1.028021980306618177e+00 6.310118828880478503e+01
1.028969449293866800e+00 6.295818062592282160e+01
1.029917791509021852e+00 6.281544682643605171e+01
1.030867007756887777e+00 6.267298669130077826e+01
1.031817098843010205e+00 6.253080001995029846e+01
1.032768065573677729e+00 6.238888661030368610e+01
1.033719908755921457e+00 6.224724625877524176e+01
1.034672629197517013e+00 6.210587876028329646e+01
1.035626227706983871e+00 6.196478390825954818e+01
1.036580705093586907e+00 6.182396149465789392e+01
1.037536062167336848e+00 6.168341130996392252e+01
1.038492299738990932e+00 6.154313314320351935e+01
1.039449418620053800e+00 6.140312678195192575e+01
1.040407419622777718e+00 6.126339201234296183e+01
1.041366303560163908e+00 6.112392861907785857e+01
1.042326071245962327e+00 6.098473638543426034e+01
1.043286723494673662e+00 6.084581509327496462e+01
1.044248261121548671e+00 6.070716452305717326e+01
1.045210684942589507e+00 6.056878445384100473e+01
1.046173995774551058e+00 6.043067466329834048e+01
1.047138194434940273e+00 6.029283492772250952e+01
1.048103281742017723e+00 6.015526502203565684e+01
1.049069258514798042e+00 6.001796471979886860e+01
1.050036125573051260e+00 5.988093379322013021e+01
1.051003883737302136e+00 5.974417201316357051e+01
1.051972533828832157e+00 5.960767914915774668e+01
1.052942076669679539e+00 5.947145496940475340e+01
1.053912513082640334e+00 5.933549924078852911e+01
1.054883843891268658e+00 5.919981172888407173e+01
1.055856069919877793e+00 5.906439219796536833e+01
1.056829191993540862e+00 5.892924041101456112e+01
1.057803210938091265e+00 5.879435612973032477e+01
1.058778127580123352e+00 5.865973911453653500e+01
1.059753942746993527e+00 5.852538912459051801e+01
1.060730657266820920e+00 5.839130591779221646e+01
1.061708271968487383e+00 5.825748925079194862e+01
1.062686787681639045e+00 5.812393887899943934e+01
1.063666205236686757e+00 5.799065455659198420e+01
1.064646525464806315e+00 5.785763603652316078e+01
1.065627749197939789e+00 5.772488307053073697e+01
1.066609877268796192e+00 5.759239540914582278e+01
1.067592910510851700e+00 5.746017280170040209e+01
1.068576849758350766e+00 5.732821499633634232e+01
1.069561695846306781e+00 5.719652174001344491e+01
1.070547449610502522e+00 5.706509277851773732e+01
1.071534111887491481e+00 5.693392785646984322e+01
1.072521683514597646e+00 5.680302671733294773e+01
1.073510165329916832e+00 5.667238910342159386e+01
1.074499558172317792e+00 5.654201475590931381e+01
1.075489862881441550e+00 5.641190341483725490e+01
1.076481080297703841e+00 5.628205481912191033e+01
1.077473211262294450e+00 5.615246870656370248e+01
1.078466256617178320e+00 5.602314481385485578e+01
1.079460217205096884e+00 5.589408287658737606e+01
1.080455093869568062e+00 5.576528262926142787e+01
1.081450887454886711e+00 5.563674380529327834e+01
1.082447598806126843e+00 5.550846613702307053e+01
1.083445228769140511e+00 5.538044935572319361e+01
1.084443778190559371e+00 5.525269319160603487e+01
1.085443247917795784e+00 5.512519737383185259e+01
1.086443638799043043e+00 5.499796163051716036e+01
1.087444951683275818e+00 5.487098568874192495e+01
1.088447187420251483e+00 5.474426927455816383e+01
1.089450346860510788e+00 5.461781211299728511e+01
1.090454430855377854e+00 5.449161392807810245e+01
1.091459440256961955e+00 5.436567444281489259e+01
1.092465375918157289e+00 5.423999337922477082e+01
1.093472238692644538e+00 5.411457045833554957e+01
1.094480029434890422e+00 5.398940540019383860e+01
1.095488749000150364e+00 5.386449792387227831e+01
1.096498398244466710e+00 5.373984774747753335e+01
1.097508978024671844e+00 5.361545458815790255e+01
1.098520489198387295e+00 5.349131816211094304e+01
1.099532932624025072e+00 5.336743818459103750e+01
1.100546309160788327e+00 5.324381436991711070e+01
1.101560619668672247e+00 5.312044643148022516e+01
1.102575865008464717e+00 5.299733408175092109e+01
1.103592046041746322e+00 5.287447703228687601e+01
1.104609163630892343e+00 5.275187499374062838e+01
1.105627218639072984e+00 5.262952767586653380e+01
1.106646211930253143e+00 5.250743478752887938e+01
1.107666144369195083e+00 5.238559603670871212e+01
1.108687016821457094e+00 5.226401113051163350e+01
1.109708830153395942e+00 5.214267977517507546e+01
1.110731585232166196e+00 5.202160167607565455e+01
1.111755282925722454e+00 5.190077653773635546e+01
1.112779924102818230e+00 5.178020406383429020e+01
1.113805509633008617e+00 5.165988395720742687e+01
1.114832040386649847e+00 5.153981591986237021e+01
1.115859517234899956e+00 5.141999965298108322e+01
1.116887941049720334e+00 5.130043485692873162e+01
1.117917312703875954e+00 5.118112123126017821e+01
1.118947633070935810e+00 5.106205847472778458e+01
1.119978903025274475e+00 5.094324628528818266e+01
1.121011123442071877e+00 5.082468436010960033e+01
1.122044295197315078e+00 5.070637239557864717e+01
1.123078419167798270e+00 5.058831008730783196e+01
1.124113496231123444e+00 5.047049713014244077e+01
1.125149527265701943e+00 5.035293321816715206e+01
1.126186513150754243e+00 5.023561804471378167e+01
1.127224454766311501e+00 5.011855130236774869e+01
1.128263352993216007e+00 5.000173268297515961e+01
1.129303208713121176e+00 4.988516187764980714e+01
1.130344022808493554e+00 4.976883857678009804e+01
1.131385796162613255e+00 4.965276247003556875e+01
1.132428529659573968e+00 4.953693324637440298e+01
1.133472224184284283e+00 4.942135059404981945e+01
1.134516880622468582e+00 4.930601420061677942e+01
1.135562499860667263e+00 4.919092375293922004e+01
1.136609082786238067e+00 4.907607893719649184e+01
1.137656630287356307e+00 4.896147943889015863e+01
1.138705143253016416e+00 4.884712494285074058e+01
1.139754622573031284e+00 4.873301513324454248e+01
1.140805069138034700e+00 4.861914969358001315e+01
1.141856483839480907e+00 4.850552830671466609e+01
1.142908867569645714e+00 4.839215065486166623e+01
1.143962221221627606e+00 4.827901641959618928e+01
1.145016545689347742e+00 4.816612528186238507e+01
1.146071841867551511e+00 4.805347692197965870e+01
1.147128110651808752e+00 4.794107101964917206e+01
1.148185352938515091e+00 4.782890725396056553e+01
1.149243569624891492e+00 4.771698530339820365e+01
1.150302761608986701e+00 4.760530484584793953e+01
1.151362929789676359e+00 4.749386555860312598e+01
1.152424075066665443e+00 4.738266711837130885e+01
1.153486198340487601e+00 4.727170920128059350e+01
1.154549300512506038e+00 4.716099148288595444e+01
1.155613382484915741e+00 4.705051363817558752e+01
1.156678445160742141e+00 4.694027534157727644e+01
1.157744489443843783e+00 4.683027626696438261e+01
1.158811516238911654e+00 4.672051608766271613e+01
1.159879526451470744e+00 4.661099447645615612e+01
1.160948520987880928e+00 4.650171110559320198e+01
1.162018500755336747e+00 4.639266564679318350e+01
1.163089466661869631e+00 4.628385777125212286e+01
1.164161419616347226e+00 4.617528714964935688e+01
1.165234360528474955e+00 4.606695345215334925e+01
1.166308290308797124e+00 4.595885634842780831e+01
1.167383209868696925e+00 4.585099550763778353e+01
1.168459120120397321e+00 4.574337059845588982e+01
1.169536021976962159e+00 4.563598128906809137e+01
1.170613916352297279e+00 4.552882724717975549e+01
1.171692804161149848e+00 4.542190814002189114e+01
1.172772686319110802e+00 4.531522363435677647e+01
1.173853563742615069e+00 4.520877339648402682e+01
1.174935437348941569e+00 4.510255709224662723e+01
1.176018308056215211e+00 4.499657438703661683e+01
1.177102176783406673e+00 4.489082494580109994e+01
1.178187044450333731e+00 4.478530843304798736e+01
1.179272911977661931e+00 4.468002451285197196e+01
1.180359780286905469e+00 4.457497284886013489e+01
1.181447650300427865e+00 4.447015310429782886e+01
1.182536522941442181e+00 4.436556494197450462e+01
1.183626399134013019e+00 4.426120802428919632e+01
1.184717279803056300e+00 4.415708201323645454e+01
1.185809165874340598e+00 4.405318657041190278e+01
1.186902058274487359e+00 4.394952135701807805e+01
1.187995957930972457e+00 4.384608603386968895e+01
1.189090865772126193e+00 4.374288026139974050e+01
1.190186782727134851e+00 4.363990369966454352e+01
1.191283709726040696e+00 4.353715600834988919e+01
1.192381647699743530e+00 4.343463684677601577e+01
1.193480597580000913e+00 4.333234587390360559e+01
1.194580560299428829e+00 4.323028274833902174e+01
1.195681536791503463e+00 4.312844712833964422e+01
1.196783527990561202e+00 4.302683867181979593e+01
1.197886534831798855e+00 4.292545703635580168e+01
1.198990558251275873e+00 4.282430187919132436e+01
1.200095599185914352e+00 4.272337285724302802e+01
1.201201658573499476e+00 4.262266962710582874e+01
1.202308737352681289e+00 4.252219184505811000e+01
1.203416836462974482e+00 4.242193916706726498e+01
1.204525956844759715e+00 4.232191124879473421e+01
1.205636099439284736e+00 4.222210774560149815e+01
1.206747265188664153e+00 4.212252831255315044e+01
1.207859455035881435e+00 4.202317260442519142e+01
1.208972669924788912e+00 4.192404027570835723e+01
1.210086910800108662e+00 4.182513098061343726e+01
1.211202178607433622e+00 4.172644437307698695e+01
1.212318474293228254e+00 4.162798010676580418e+01
1.213435798804829435e+00 4.152973783508262784e+01
1.214554153090446675e+00 4.143171721117074213e+01
1.215673538099163897e+00 4.133391788791955435e+01
1.216793954780939657e+00 4.123633951796914232e+01
1.217915404086607811e+00 4.113898175371546273e+01
1.219037886967878626e+00 4.104184418169286630e+01
1.220161404377339665e+00 4.094492580170477680e+01
1.221285957268456013e+00 4.084822531042215843e+01
1.222411546595572274e+00 4.075174141056016452e+01
1.223538173313911903e+00 4.065547281363810583e+01
1.224665838379578986e+00 4.055941823993349971e+01
1.225794542749558680e+00 4.046357641843690800e+01
1.226924287381718548e+00 4.036794608680639129e+01
1.228055073234808336e+00 4.027252599132346234e+01
1.229186901268461973e+00 4.017731488684832186e+01
1.230319772443197568e+00 4.008231153677591152e+01
1.231453687720418522e+00 3.998751471299237181e+01
1.232588648062414194e+00 3.989292319583150004e+01
1.233724654432361012e+00 3.979853577403206089e+01
1.234861707794323138e+00 3.970435124469486254e+01
1.235999809113253134e+00 3.961036841324037283e+01
1.237138959354992629e+00 3.951658609336710271e+01
1.238279159486274095e+00 3.942300310700938581e+01
1.239420410474720402e+00 3.932961828429649387e+01
1.240562713288846375e+00 3.923643046351110542e+01
1.241706068898059456e+00 3.914343849104902517e+01
1.242850478272660819e+00 3.905064122137837046e+01
1.243995942383845588e+00 3.895803751699957473e+01
1.245142462203704170e+00 3.886562624840560431e+01
1.246290038705222480e+00 3.877340629404243089e+01
1.247438672862283715e+00 3.868137654026965322e+01
1.248588365649668575e+00 3.858953588132163759e+01
1.249739118043055486e+00 3.849788321926897794e+01
1.250890931019023267e+00 3.840641746397989209e+01
1.252043805555049572e+00 3.831513753308230008e+01
1.253197742629514000e+00 3.822404235192600197e+01
1.254352743221696986e+00 3.813313085354518961e+01
1.255508808311782021e+00 3.804240197862105788e+01
1.256665938880856093e+00 3.795185467544497016e+01
1.257824135910909913e+00 3.786148789988173746e+01
1.258983400384839468e+00 3.777130061533308236e+01
1.260143733286446910e+00 3.768129179270167128e+01
1.261305135600440552e+00 3.759146041035498342e+01
1.262467608312436651e+00 3.750180545408976229e+01
1.263631152408959846e+00 3.741232591709660937e+01
1.264795768877443827e+00 3.732302079992486199e+01
1.265961458706232445e+00 3.723388911044783356e+01
1.267128222884580380e+00 3.714492986382779094e+01
1.268296062402654023e+00 3.705614208248203312e+01
1.269464978251532594e+00 3.696752479604833752e+01
1.270634971423208581e+00 3.687907704135141529e+01
1.271806042910588408e+00 3.679079786236897576e+01
1.272978193707494210e+00 3.670268631019829542e+01
1.274151424808663613e+00 3.661474144302322742e+01
1.275325737209751287e+00 3.652696232608107607e+01
1.276501131907329167e+00 3.643934803162986213e+01
1.277677609898888456e+00 3.635189763891574444e+01
1.278855172182838729e+00 3.626461023414098150e+01
1.280033819758510383e+00 3.617748491043160897e+01
1.281213553626154633e+00 3.609052076780556462e+01
1.282394374786944624e+00 3.600371691314136768e+01
1.283576284242976095e+00 3.591707246014624388e+01
1.284759282997268492e+00 3.583058652932529498e+01
1.285943372053765632e+00 3.574425824795036988e+01
1.287128552417336591e+00 3.565808675002919159e+01
1.288314825093776594e+00 3.557207117627476833e+01
1.289502191089807903e+00 3.548621067407517415e+01
1.290690651413080481e+00 3.540050439746316613e+01
1.291880207072173325e+00 3.531495150708630604e+01
1.293070859076594470e+00 3.522955117017713178e+01
1.294262608436782758e+00 3.514430256052350643e+01
1.295455456164108066e+00 3.505920485843925150e+01
1.296649403270872414e+00 3.497425725073499336e+01
1.297844450770311076e+00 3.488945893068893156e+01
1.299040599676593022e+00 3.480480909801821099e+01
1.300237851004821588e+00 3.472030695885008100e+01
1.301436205771036025e+00 3.463595172569349501e+01
1.302635664992212172e+00 3.455174261741070296e+01
1.303836229686262671e+00 3.446767885918924890e+01
1.305037900872038525e+00 3.438375968251402526e+01
1.306240679569329988e+00 3.429998432513914253e+01
1.307444566798866781e+00 3.421635203106080780e+01
1.308649563582319875e+00 3.413286205048942890e+01
1.309855670942301487e+00 3.404951363982264922e+01
1.311062889902366191e+00 3.396630606161807719e+01
1.312271221487012252e+00 3.388323858456618609e+01
1.313480666721682066e+00 3.380031048346386058e+01
1.314691226632763055e+00 3.371752103918733923e+01
1.315902902247588546e+00 3.363486953866617313e+01
1.317115694594439113e+00 3.355235527485642422e+01
1.318329604702542346e+00 3.346997754671475889e+01
1.319544633602074857e+00 3.338773565917239239e+01
1.320760782324162941e+00 3.330562892310918244e+01
1.321978051900882356e+00 3.322365665532779389e+01
1.323196443365260988e+00 3.314181817852819023e+01
1.324415957751278627e+00 3.306011282128214646e+01
1.325636596093867414e+00 3.297853991800803897e+01
1.326858359428914058e+00 3.289709880894542238e+01
1.328081248793259617e+00 3.281578884013023867e+01
1.329305265224700605e+00 3.273460936336987004e+01
1.330530409761990551e+00 3.265355973621818464e+01
1.331756683444839773e+00 3.257263932195109390e+01
1.332984087313917154e+00 3.249184748954201751e+01
1.334212622410850591e+00 3.241118361363736255e+01
1.335442289778227876e+00 3.233064707453246456e+01
1.336673090459598257e+00 3.225023725814725850e+01
1.337905025499471989e+00 3.216995355600241879e+01
1.339138095943322337e+00 3.208979536519546372e+01
1.340372302837586460e+00 3.200976208837684567e+01
1.341607647229665190e+00 3.192985313372646416e+01
1.342844130167925254e+00 3.185006791493005451e+01
1.344081752701699717e+00 3.177040585115578608e+01
1.345320515881288204e+00 3.169086636703088899e+01
1.346560420757958676e+00 3.161144889261860058e+01
1.347801468383948098e+00 3.153215286339492707e+01
1.349043659812463103e+00 3.145297772022577831e+01
1.350286996097680658e+00 3.137392290934400663e+01
1.351531478294750066e+00 3.129498788232670847e+01
1.352777107459792294e+00 3.121617209607254395e+01
1.354023884649902199e+00 3.113747501277908825e+01
1.355271810923148745e+00 3.105889609992056677e+01
1.356520887338575898e+00 3.098043483022522437e+01
1.357771114956204173e+00 3.090209068165338735e+01
1.359022494837030415e+00 3.082386313737478645e+01
1.360275028043029577e+00 3.074575168574718731e+01
1.361528715637155829e+00 3.066775582029373126e+01
1.362783558683342111e+00 3.058987503968143074e+01
1.364039558246502803e+00 3.051210884769921705e+01
1.365296715392533056e+00 3.043445675323633637e+01
1.366555031188311009e+00 3.035691827026061418e+01
1.367814506701697574e+00 3.027949291779691166e+01
1.369075143001538208e+00 3.020218021990567792e+01
1.370336941157663135e+00 3.012497970566167638e+01
1.371599902240888680e+00 3.004789090913254057e+01
1.372864027323018599e+00 2.997091336935765327e+01
1.374129317476843637e+00 2.989404663032699716e+01
1.375395773776143749e+00 2.981729024095996650e+01
1.376663397295688318e+00 2.974064375508460500e+01
1.377932189111237715e+00 2.966410673141645660e+01
1.379202150299543073e+00 2.958767873353796674e+01
1.380473281938348729e+00 2.951135932987747879e+01
1.381745585106391561e+00 2.943514809368872776e+01
1.383019060883402984e+00 2.935904460303003560e+01
1.384293710350109841e+00 2.928304844074396485e+01
1.385569534588234175e+00 2.920715919443664177e+01
1.386846534680496124e+00 2.913137645645740648e+01
1.388124711710612580e+00 2.905569982387841677e+01
1.389404066763300083e+00 2.898012889847437634e+01
1.390684600924274594e+00 2.890466328670227014e+01
1.391966315280252386e+00 2.882930259968120978e+01
1.393249210918952041e+00 2.875404645317225416e+01
1.394533288929093784e+00 2.867889446755852845e+01
1.395818550400401925e+00 2.860384626782483153e+01
1.397104996423604639e+00 2.852890148353818134e+01
1.398392628090435963e+00 2.845405974882749334e+01
1.399681446493635351e+00 2.837932070236398374e+01
1.400971452726949895e+00 2.830468398734132407e+01
1.402262647885134550e+00 2.823014925145583121e+01
1.403555033063953239e+00 2.815571614688680668e+01
1.404848609360179745e+00 2.808138433027700387e+01
1.406143377871599265e+00 2.800715346271284290e+01
1.407439339697007741e+00 2.793302320970498442e+01
1.408736495936214528e+00 2.785899324116888565e+01
1.410034847690042392e+00 2.778506323140514311e+01
1.411334396060328622e+00 2.771123285908022282e+01
1.412635142149926359e+00 2.763750180720710503e+01
1.413937087062704601e+00 2.756386976312585446e+01
1.415240231903550194e+00 2.749033641848439657e+01
1.416544577778368064e+00 2.741690146921918725e+01
1.417850125794082317e+00 2.734356461553613116e+01
1.419156877058637578e+00 2.727032556189130474e+01
1.420464832680999434e+00 2.719718401697180354e+01
1.421773993771155320e+00 2.712413969367666411e+01
1.423084361440115853e+00 2.705119230909779660e+01
1.424395936799915940e+00 2.697834158450099906e+01
1.425708720963614562e+00 2.690558724530683321e+01
1.427022715045297430e+00 2.683292902107167421e+01
1.428337920160076546e+00 2.676036664546888133e+01
1.429654337424091759e+00 2.668789985626966299e+01
1.430971967954511426e+00 2.661552839532445347e+01
1.432290812869534191e+00 2.654325200854387390e+01
1.433610873288388321e+00 2.647107044587990998e+01
1.434932150331334366e+00 2.639898346130714302e+01
1.436254645119664941e+00 2.632699081280398801e+01
1.437578358775706278e+00 2.625509226233382520e+01
1.438903292422818891e+00 2.618328757582644428e+01
1.440229447185398692e+00 2.611157652315918654e+01
1.441556824188877872e+00 2.603995887813821852e+01
1.442885424559726015e+00 2.596843441848004730e+01
1.444215249425450764e+00 2.589700292579265550e+01
1.445546299914598709e+00 2.582566418555702370e+01
1.446878577156756940e+00 2.575441798710843599e+01
1.448212082282553492e+00 2.568326412361792066e+01
1.449546816423658013e+00 2.561220239207361260e+01
1.450882780712783982e+00 2.554123259326221174e+01
1.452219976283688485e+00 2.547035453175053021e+01
1.453558404271172888e+00 2.539956801586680868e+01
1.454898065811085273e+00 2.532887285768225638e+01
1.456238962040320217e+00 2.525826887299258416e+01
1.457581094096820351e+00 2.518775588129940246e+01
1.458924463119576576e+00 2.511733370579184310e+01
1.460269070248630063e+00 2.504700217332803547e+01
1.461614916625072480e+00 2.497676111441660396e+01
1.462962003391047094e+00 2.490661036319836441e+01
1.464310331689750111e+00 2.483654975742759063e+01
1.465659902665430669e+00 2.476657913845398795e+01
1.467010717463393510e+00 2.469669835120375723e+01
1.468362777229998084e+00 2.462690724416161103e+01
1.469716083112660776e+00 2.455720566935215032e+01
1.471070636259855569e+00 2.448759348232150401e+01
1.472426437821114265e+00 2.441807054211880157e+01
1.473783488947029152e+00 2.434863671127802576e+01
1.475141790789252338e+00 2.427929185579926141e+01
1.476501344500497082e+00 2.421003584513066187e+01
1.477862151234539567e+00 2.414086855214978655e+01
1.479224212146219131e+00 2.407178985314535424e+01
1.480587528391439589e+00 2.400279962779872633e+01
1.481952101127169685e+00 2.393389775916571693e+01
1.483317931511445309e+00 2.386508413365794823e+01
1.484685020703368385e+00 2.379635864102464637e+01
1.486053369863110429e+00 2.372772117433420291e+01
1.487422980151911434e+00 2.365917162995579304e+01
1.488793852732081646e+00 2.359070990754086239e+01
1.490165988767002903e+00 2.352233591000490875e+01
1.491539389421129291e+00 2.345404954350903282e+01
1.492914055859987377e+00 2.338585071744139299e+01
1.494289989250179085e+00 2.331773934439903329e+01
1.495667190759380372e+00 2.324971534016921737e+01
1.497045661556344109e+00 2.318177862371128128e+01
1.498425402810900309e+00 2.311392911713800657e+01
1.499806415693957007e+00 2.304616674569722079e+01
1.501188701377500934e+00 2.297849143775351521e+01
1.502572261034599732e+00 2.291090312476968904e+01
1.503957095839401736e+00 2.284340174128820067e+01
1.505343206967137748e+00 2.277598722491297067e+01
1.506730595594121258e+00 2.270865951629069457e+01
1.508119262897750668e+00 2.264141855909254630e+01
1.509509210056508399e+00 2.257426429999556561e+01
1.510900438249963784e+00 2.250719668866428336e+01
1.512292948658773506e+00 2.244021567773207693e+01
1.513686742464681600e+00 2.237332122278293056e+01
1.515081820850521899e+00 2.230651328233260955e+01
1.516478185000218248e+00 2.223979181781038506e+01
1.517875836098785181e+00 2.217315679354039659e+01
1.519274775332330130e+00 2.210660817672313172e+01
1.520675003888053212e+00 2.204014593741681693e+01
1.522076522954248778e+00 2.197377004851896842e+01
1.523479333720306750e+00 2.190748048574767992e+01
1.524883437376712614e+00 2.184127723206483296e+01
1.526288835115049203e+00 2.177516069045527658e+01
1.527695528127998026e+00 2.170913201270612447e+01
1.529103517609339491e+00 2.164319241775256941e+01
1.530512804753954237e+00 2.157734311212356459e+01
1.531923390757824244e+00 2.151158528997469332e+01
1.533335276818033277e+00 2.144592013312188783e+01
1.534748464132769552e+00 2.138034881107560992e+01
1.536162953901324180e+00 2.131487248107589494e+01
1.537578747324094719e+00 2.124949228812775459e+01
1.538995845602584289e+00 2.118420936503749274e+01
1.540414249939403790e+00 2.111902483244942630e+01
1.541833961538272568e+00 2.105393979888321354e+01
1.543254981604018861e+00 2.098895536077198543e+01
1.544677311342582016e+00 2.092407260250066159e+01
1.546100951961012049e+00 2.085929259644535350e+01
1.547525904667472307e+00 2.079461640301278180e+01
1.548952170671239026e+00 2.073004507068074176e+01
1.550379751182702881e+00 2.066557963603878534e+01
1.551808647413370545e+00 2.060122112382947890e+01
1.553238860575865132e+00 2.053697054699039271e+01
1.554670391883927083e+00 2.047282890669633915e+01
1.556103242552415944e+00 2.040879719240233214e+01
1.557537413797310366e+00 2.034487638188687342e+01
1.558972906835710326e+00 2.028106744129575389e+01
1.560409722885836903e+00 2.021737132518652302e+01
1.561847863167034500e+00 2.015378897657320678e+01
1.563287328899770845e+00 2.009032132697153727e+01
1.564728121305638764e+00 2.002696929644470103e+01
1.566170241607357072e+00 1.996373379364943190e+01
1.567613691028771017e+00 1.990061571588266531e+01
1.569058470794854276e+00 1.983761594912849446e+01
1.570504582131709403e+00 1.977473536810558485e+01
1.571952026266568936e+00 1.971197483631503999e+01
1.573400804427796507e+00 1.964933520608859396e+01
1.574850917844887510e+00 1.958681731863721609e+01
1.576302367748471323e+00 1.952442200410012774e+01
1.577755155370310414e+00 1.946215008159414950e+01
1.579209281943303456e+00 1.940000235926351735e+01
1.580664748701485101e+00 1.933797963432978051e+01
1.582121556880027091e+00 1.927608269314238854e+01
1.583579707715239815e+00 1.921431231122944183e+01
1.585039202444573192e+00 1.915266925334874415e+01
1.586500042306617120e+00 1.909115427353929562e+01
1.587962228541103693e+00 1.902976811517284972e+01
1.589425762388907204e+00 1.896851151100625188e+01
1.590890645092045697e+00 1.890738518323349737e+01
1.592356877893681855e+00 1.884638984353850688e+01
1.593824462038124112e+00 1.878552619314805838e+01
1.595293398770827764e+00 1.872479492288484337e+01
1.596763689338396075e+00 1.866419671322105955e+01
1.598235334988580947e+00 1.860373223433201417e+01
1.599708336970284472e+00 1.854340214615011817e+01
1.601182696533559602e+00 1.848320709841917520e+01
1.602658414929611919e+00 1.842314773074865286e+01
1.604135493410799418e+00 1.836322467266850467e+01
1.605613933230634727e+00 1.830343854368397061e+01
1.607093735643785992e+00 1.824378995333073306e+01
1.608574901906077104e+00 1.818427950123015790e+01
1.610057433274489691e+00 1.812490777714485546e+01
1.611541331007164235e+00 1.806567536103438698e+01
1.613026596363400067e+00 1.800658282311107783e+01
1.614513230603657812e+00 1.794763072389615033e+01
1.616001234989559388e+00 1.788881961427595257e+01
1.617490610783889338e+00 1.783015003555831157e+01
1.618981359250596608e+00 1.777162251952905336e+01
1.620473481654794545e+00 1.771323758850884289e+01
1.621966979262762454e+00 1.765499575540988175e+01
1.623461853341947370e+00 1.759689752379290439e+01
1.624958105160963617e+00 1.753894338792439811e+01
1.626455735989595253e+00 1.748113383283378397e+01
1.627954747098796506e+00 1.742346933437068301e+01
1.629455139760692672e+00 1.736595035926248087e+01
1.630956915248582106e+00 1.730857736517181067e+01
1.632460074836936004e+00 1.725135080075439120e+01
1.633964619801400842e+00 1.719427110571646722e+01
1.635470551418798157e+00 1.713733871087302774e+01
1.636977870967126547e+00 1.708055403820539198e+01
1.638486579725562775e+00 1.702391750091939571e+01
1.639996678974461997e+00 1.696742950350338219e+01
1.641508169995359534e+00 1.691109044178635656e+01
1.643021054070972209e+00 1.685490070299614018e+01
1.644535332485198564e+00 1.679886066581761739e+01
1.646051006523120863e+00 1.674297070045095026e+01
1.647568077471005310e+00 1.668723116866995326e+01
1.649086546616304050e+00 1.663164242388038971e+01
1.650606415247655390e+00 1.657620481117841038e+01
1.652127684654885575e+00 1.652091866740883574e+01
1.653650356129009458e+00 1.646578432122362656e+01
1.655174430962231602e+00 1.641080209314035088e+01
1.656699910447948287e+00 1.635597229560049470e+01
1.658226795880746618e+00 1.630129523302793970e+01
1.659755088556408076e+00 1.624677120188743373e+01
1.661284789771907411e+00 1.619240049074292997e+01
1.662815900825415305e+00 1.613818338031598287e+01
1.664348423016298817e+00 1.608412014354420094e+01
1.665882357645122047e+00 1.603021104563952548e+01
1.667417706013648582e+00 1.597645634414653948e+01
1.668954469424841269e+00 1.592285628900079786e+01
1.670492649182863776e+00 1.586941112258713105e+01
1.672032246593081917e+00 1.581612107979768211e+01
1.673573262962064545e+00 1.576298638809023522e+01
1.675115699597584662e+00 1.571000726754623500e+01
1.676659557808620526e+00 1.565718393092886096e+01
1.678204838905357210e+00 1.560451658374099004e+01
1.679751544199186597e+00 1.555200542428311117e+01
1.681299675002709604e+00 1.549965064371123269e+01
1.682849232629737291e+00 1.544745242609459446e+01
1.684400218395290638e+00 1.539541094847340652e+01
1.685952633615603435e+00 1.534352638091641019e+01
1.687506479608122500e+00 1.529179888657846398e+01
1.689061757691508125e+00 1.524022862175798743e+01
1.690618469185636741e+00 1.518881573595422196e+01
1.692176615411600693e+00 1.513756037192457171e+01
1.693736197691710688e+00 1.508646266574164763e+01
1.695297217349495122e+00 1.503552274685041468e+01
1.696859675709702753e+00 1.498474073812499441e+01
1.698423574098303357e+00 1.493411675592560606e+01
1.699988913842488625e+00 1.488365091015514530e+01
1.701555696270673268e+00 1.483334330431586068e+01
1.703123922712496796e+00 1.478319403556569789e+01
1.704693594498823517e+00 1.473320319477472040e+01
1.706264712961744978e+00 1.468337086658126545e+01
1.707837279434580191e+00 1.463369712944796319e+01
1.709411295251876739e+00 1.458418205571773463e+01
1.710986761749412555e+00 1.453482571166951232e+01
1.712563680264196364e+00 1.448562815757392030e+01
1.714142052134469685e+00 1.443658944774870712e+01
1.715721878699706604e+00 1.438770963061415920e+01
1.717303161300616443e+00 1.433898874874824081e+01
1.718885901279143757e+00 1.429042683894166288e+01
1.720470099978470113e+00 1.424202393225268892e+01
1.722055758743014975e+00 1.419378005406194454e+01
1.723642878918437038e+00 1.414569522412689473e+01
1.725231461851634451e+00 1.409776945663625369e+01
1.726821508890747703e+00 1.405000276026422057e+01
1.728413021385159176e+00 1.400239513822444692e+01
1.730006000685495149e+00 1.395494658832399004e+01
1.731600448143626902e+00 1.390765710301697666e+01
1.733196365112671167e+00 1.386052666945804823e+01
1.734793752946991674e+00 1.381355526955581503e+01
1.736392613002201379e+00 1.376674288002588753e+01
1.737992946635161573e+00 1.372008947244388466e+01
1.739594755203984544e+00 1.367359501329819516e+01
1.741198040068034025e+00 1.362725946404260213e+01
1.742802802587927413e+00 1.358108278114853285e+01
1.744409044125534658e+00 1.353506491615743990e+01
1.746016766043982038e+00 1.348920581573262822e+01
1.747625969707651938e+00 1.344350542171113183e+01
1.749236656482183960e+00 1.339796367115530806e+01
1.750848827734476476e+00 1.335258049640419387e+01
1.752462484832687739e+00 1.330735582512472170e+01
1.754077629146236550e+00 1.326228958036264949e+01
1.755694262045804255e+00 1.321738168059340346e+01
1.757312384903335412e+00 1.317263203977256936e+01
1.758931999092038900e+00 1.312804056738625036e+01
1.760553105986389255e+00 1.308360716850127581e+01
1.762175706962127775e+00 1.303933174381497473e+01
1.763799803396263632e+00 1.299521418970502040e+01
1.765425396667075431e+00 1.295125439827884328e+01
1.767052488154111645e+00 1.290745225742287161e+01
1.768681079238192178e+00 1.286380765085163524e+01
1.770311171301410358e+00 1.282032045815655152e+01
1.771942765727132052e+00 1.277699055485452106e+01
1.773575863899998994e+00 1.273381781243627842e+01
1.775210467205928788e+00 1.269080209841457574e+01
1.776846577032116459e+00 1.264794327637208760e+01
1.778484194767035342e+00 1.260524120600905107e+01
1.780123321800438863e+00 1.256269574319079929e+01
1.781763959523360308e+00 1.252030673999491128e+01
1.783406109328116607e+00 1.247807404475828186e+01
1.785049772608306551e+00 1.243599750212378297e+01
1.786694950758813238e+00 1.239407695308691792e+01
1.788341645175806960e+00 1.235231223504195874e+01
1.789989857256742756e+00 1.231070318182814205e+01
1.791639588400365080e+00 1.226924962377539963e+01
1.793290840006706910e+00 1.222795138774996104e+01
1.794943613477091748e+00 1.218680829719972536e+01
1.796597910214134508e+00 1.214582017219926335e+01
1.798253731621742402e+00 1.210498682949485527e+01
1.799911079105117606e+00 1.206430808254887843e+01
1.801569954070756374e+00 1.202378374158442575e+01
1.803230357926451921e+00 1.198341361362925284e+01
1.804892292081294425e+00 1.194319750255978363e+01
1.806555757945673024e+00 1.190313520914471823e+01
1.808220756931276707e+00 1.186322653108845593e+01
1.809887290451095199e+00 1.182347126307421625e+01
1.811555359919421626e+00 1.178386919680702682e+01
1.813224966751850964e+00 1.174442012105633815e+01
1.814896112365283809e+00 1.170512382169849097e+01
1.816568798177926825e+00 1.166598008175884971e+01
1.818243025609293184e+00 1.162698868145379016e+01
1.819918796080204570e+00 1.158814939823236223e+01
1.821596111012792063e+00 1.154946200681774293e+01
1.823274971830498137e+00 1.151092627924838396e+01
1.824955379958075996e+00 1.147254198491904020e+01
1.826637336821592239e+00 1.143430889062141453e+01
1.828320843848429078e+00 1.139622676058462680e+01
1.830005902467282342e+00 1.135829535651539857e+01
1.831692514108166137e+00 1.132051443763806375e+01
1.833380680202411739e+00 1.128288376073418320e+01
1.835070402182669591e+00 1.124540308018213786e+01
1.836761681482911079e+00 1.120807214799618556e+01
1.838454519538428311e+00 1.117089071386559596e+01
1.840148917785837446e+00 1.113385852519322405e+01
1.841844877663077584e+00 1.109697532713403056e+01
1.843542400609413656e+00 1.106024086263337125e+01
1.845241488065437085e+00 1.102365487246485465e+01
1.846942141473066235e+00 1.098721709526815538e+01
1.848644362275549735e+00 1.095092726758643487e+01
1.850348151917464934e+00 1.091478512390366262e+01
1.852053511844722333e+00 1.087879039668146319e+01
1.853760443504563149e+00 1.084294281639599866e+01
1.855468948345563307e+00 1.080724211157438752e+01
1.857179027817634331e+00 1.077168800883092814e+01
1.858890683372022901e+00 1.073628023290317834e+01
1.860603916461314400e+00 1.070101850668764243e+01
1.862318728539432255e+00 1.066590255127530895e+01
1.864035121061639488e+00 1.063093208598692385e+01
1.865753095484541824e+00 1.059610682840799534e+01
1.867472653266085691e+00 1.056142649442359094e+01
1.869193795865562668e+00 1.052689079825283969e+01
1.870916524743608145e+00 1.049249945248325844e+01
1.872640841362204878e+00 1.045825216810478331e+01
1.874366747184682103e+00 1.042414865454357731e+01
1.876094243675717976e+00 1.039018861969559993e+01
1.877823332301340464e+00 1.035637176995994579e+01
1.879554014528929118e+00 1.032269781027187783e+01
1.881286291827215740e+00 1.028916644413574133e+01
1.883020165666285273e+00 1.025577737365752462e+01
1.884755637517577798e+00 1.022253029957723491e+01
1.886492708853890310e+00 1.018942492130102728e+01
1.888231381149375832e+00 1.015646093693309737e+01
1.889971655879547408e+00 1.012363804330733252e+01
1.891713534521276996e+00 1.009095593601874796e+01
1.893457018552797910e+00 1.005841430945466008e+01
1.895202109453706374e+00 1.002601285682560928e+01
1.896948808704961298e+00 9.993751270196126413e+00
1.898697117788887834e+00 9.961629240515172512e+00
1.900447038189175597e+00 9.929646457646406077e+00
1.902198571390883775e+00 9.897802610398214185e+00
1.903951718880438237e+00 9.866097386553468240e+00
1.905706482145635539e+00 9.834530472899125186e+00
1.907462862675644466e+00 9.803101555255508970e+00
1.909220861961004267e+00 9.771810318505457005e+00
1.910980481493629979e+00 9.740656446623152220e+00
1.912741722766809982e+00 9.709639622702814776e+00
1.914504587275210223e+00 9.678759528987070482e+00
1.916269076514873548e+00 9.648015846895216185e+00
1.918035191983221477e+00 9.617408257051121012e+00
1.919802935179055980e+00 9.586936378968532679e+00
1.921572307602560148e+00 9.556598521248687916e+00
1.923343310755300184e+00 9.526391741273831926e+00
1.925115946140225631e+00 9.496313076886567117e+00
1.926890215261671147e+00 9.466359598718872448e+00
1.928666119625358721e+00 9.436528409863946365e+00
1.930443660738396794e+00 9.406816645556807188e+00
1.932222840109284023e+00 9.377221472863277896e+00
1.934003659247908624e+00 9.347740090377488542e+00
1.935786119665550586e+00 9.318369727927517943e+00
1.937570222874883008e+00 9.289107646289176401e+00
1.939355970389972761e+00 9.259951136907647040e+00
1.941143363726282267e+00 9.230897521627042579e+00
1.942932404400670610e+00 9.201944152427500967e+00
1.944723093931395308e+00 9.173088411169874945e+00
1.946515433838112541e+00 9.144327709347832567e+00
1.948309425641879145e+00 9.115659487847096898e+00
1.950105070865154611e+00 9.087081216711947462e+00
1.951902371031800421e+00 9.058590394918619282e+00
1.953701327667083820e+00 9.030184550155569312e+00
1.955501942297676488e+00 9.001861238610583626e+00
1.957304216451657419e+00 8.973618044764311463e+00
1.959108151658515373e+00 8.945452581190430408e+00
1.960913749449146648e+00 8.917362488362160278e+00
1.962721011355860190e+00 8.889345434464944518e+00
1.964529938912376039e+00 8.861399115215318645e+00
1.966340533653828659e+00 8.833521253685752583e+00
1.968152797116766495e+00 8.805709600135401161e+00
1.969966730839154634e+00 8.777961931846581578e+00
1.971782336360375920e+00 8.750276052966968976e+00
1.973599615221231174e+00 8.722649794357256070e+00
1.975418568963942079e+00 8.695081013444307061e+00
1.977239199132151182e+00 8.667567594079573112e+00
1.979061507270923670e+00 8.640107446402753411e+00
1.980885494926749146e+00 8.612698506710492197e+00
1.982711163647542074e+00 8.585338737330141967e+00
1.984538514982643997e+00 8.558026126498329944e+00
1.986367550482824429e+00 8.530758688244294063e+00
1.988198271700281072e+00 8.503534462277963613e+00
1.990030680188643597e+00 8.476351513882459443e+00
1.991864777502972750e+00 8.449207933811177185e+00
1.993700565199763020e+00 8.422101838189091083e+00
1.995538044836942637e+00 8.395031368418441886e+00
1.997377217973876684e+00 8.367994691088410875e+00
1.999218086171366426e+00 8.340989997888923924e+00
2.001060650991652423e+00 8.314015505528383088e+00
2.002904913998414749e+00 8.287069455655176498e+00
2.004750876756774325e+00 8.260150114782970121e+00
2.006598540833294919e+00 8.233255774219628620e+00
2.008447907795984477e+00 8.206384749999608985e+00
2.010298979214295123e+00 8.179535382819874911e+00
2.012151756659126711e+00 8.152706037979053022e+00
2.014006241702825051e+00 8.125895105319910883e+00
2.015862435919187678e+00 8.099100999174879689e+00
2.017720340883459862e+00 8.072322158314710450e+00
2.019579958172340373e+00 8.045557045899990101e+00
2.021441289363981486e+00 8.018804149435537099e+00
2.023304336037988094e+00 7.992061980727579673e+00
2.025169099775422588e+00 7.965329075843522233e+00
2.027035582158803972e+00 7.938603995074307029e+00
2.028903784772109642e+00 7.911885322899234296e+00
2.030773709200777599e+00 7.885171667953153829e+00
2.032645357031705569e+00 7.858461662995934738e+00
2.034518729853255437e+00 7.831753964884042851e+00
2.036393829255251919e+00 7.805047254544336788e+00
2.038270656828985672e+00 7.778340236949738085e+00
2.040149214167213287e+00 7.751631641096854430e+00
2.042029502864159074e+00 7.724920219985384584e+00
2.043911524515518607e+00 7.698204750599246360e+00
2.045795280718455622e+00 7.671484033889342413e+00
2.047680773071607341e+00 7.644756894757808396e+00
2.049568003175084030e+00 7.618022182043707069e+00
2.051456972630470776e+00 7.591278768510147934e+00
2.053347683040828375e+00 7.564525550832508216e+00
2.055240136010695107e+00 7.537761449587960350e+00
2.057134333146088956e+00 7.510985409245958699e+00
2.059030276054506725e+00 7.484196398159785879e+00
2.060927966344928031e+00 7.457393408558944614e+00
2.062827405627814414e+00 7.430575456542371171e+00
2.064728595515112008e+00 7.403741582072314920e+00
2.066631537620252868e+00 7.376890848968900904e+00
2.068536233558155857e+00 7.350022344905181804e+00
2.070442684945227985e+00 7.323135181402639304e+00
2.072350893399366178e+00 7.296228493827034534e+00
2.074260860539959062e+00 7.269301441384514284e+00
2.076172587987886953e+00 7.242353207117954383e+00
2.078086077365523643e+00 7.215382997903310169e+00
2.080001330296739503e+00 7.188390044445986504e+00
2.081918348406901043e+00 7.161373601277180256e+00
2.083837133322872237e+00 7.134332946749971427e+00
2.085757686673017197e+00 7.107267383035220654e+00
2.087680010087199722e+00 7.080176236117104338e+00
2.089604105196787298e+00 7.053058855788129300e+00
2.091529973634649320e+00 7.025914615643833017e+00
2.093457617035161533e+00 6.998742913076668515e+00
2.095387037034205147e+00 6.971543169269351026e+00
2.097318235269169051e+00 6.944314829187357319e+00
2.099251213378952041e+00 6.917057361570623009e+00
2.101185973003962371e+00 6.889770258924261981e+00
2.103122515786120861e+00 6.862453037508300824e+00
2.105060843368860457e+00 6.835105237326340344e+00
2.107000957397131113e+00 6.807726422112912346e+00
2.108942859517396684e+00 6.780316179319772374e+00
2.110886551377638476e+00 6.752874120100659461e+00
2.112832034627358357e+00 6.725399879294758243e+00
2.114779310917576982e+00 6.697893115408613873e+00
2.116728381900836897e+00 6.670353510596474855e+00
2.118679249231204320e+00 6.642780770638984755e+00
2.120631914564269138e+00 6.615174624920121538e+00
2.122586379557148017e+00 6.587534826402364097e+00
2.124542645868483515e+00 6.559861151599957196e+00
2.126500715158448518e+00 6.532153400550153144e+00
2.128460589088744914e+00 6.504411396782555421e+00
2.130422269322605811e+00 6.476634987286236544e+00
2.132385757524798642e+00 6.448824042474682550e+00
2.134351055361623839e+00 6.420978456148584534e+00
2.136318164500917938e+00 6.393098145456185044e+00
2.138287086612054466e+00 6.365183050851315194e+00
2.140257823365946166e+00 6.337233136048909365e+00
2.142230376435045436e+00 6.309248387978040995e+00
2.144204747493345664e+00 6.281228816732341791e+00
2.146180938216383893e+00 6.253174455517734209e+00
2.148158950281239932e+00 6.225085360597481632e+00
2.150138785366541239e+00 6.196961611234366174e+00
2.152120445152460704e+00 6.168803309630139786e+00
2.154103931320720644e+00 6.140610580861908474e+00
2.156089245554593248e+00 6.112383572815629940e+00
2.158076389538901463e+00 6.084122456116566546e+00
2.160065364960021661e+00 6.055827424056610120e+00
2.162056173505884527e+00 6.027498692518444834e+00
2.164048816865975944e+00 5.999136499896563279e+00
2.166043296731339218e+00 5.970741107014946536e+00
2.168039614794575964e+00 5.942312797041461536e+00
2.170037772749847882e+00 5.913851875398848712e+00
2.172037772292878088e+00 5.885358669672370091e+00
2.174039615120952895e+00 5.856833529513880698e+00
2.176043302932922252e+00 5.828276826542465372e+00
2.178048837429201523e+00 5.799688954241475791e+00
2.180056220311775483e+00 5.771070327851890447e+00
2.182065453284194323e+00 5.742421384262209827e+00
2.184076538051580751e+00 5.713742581894402761e+00
2.186089476320628222e+00 5.685034400586302716e+00
2.188104269799602708e+00 5.656297341470187590e+00
2.190120920198344923e+00 5.627531926847465726e+00
2.192139429228271652e+00 5.598738700059612050e+00
2.194159798602377087e+00 5.569918225355148245e+00
2.196182030035232824e+00 5.541071087752785118e+00
2.198206125242993636e+00 5.512197892900478458e+00
2.200232085943392590e+00 5.483299266930716342e+00
2.202259913855747708e+00 5.454375856311599158e+00
2.204289610700961521e+00 5.425428327693980535e+00
2.206321178201522404e+00 5.396457367754591949e+00
2.208354618081506349e+00 5.367463683035031963e+00
2.210389932066577856e+00 5.338447999776683162e+00
2.212427121883993042e+00 5.309411063751487525e+00
2.214466189262598750e+00 5.280353640088674361e+00
2.216507135932835215e+00 5.251276513097256959e+00
2.218549963626738286e+00 5.222180486084407214e+00
2.220594674077939423e+00 5.193066381169674450e+00
2.222641269021668808e+00 5.163935039095003177e+00
2.224689750194754900e+00 5.134787319030628794e+00
2.226740119335627099e+00 5.105624098376714493e+00
2.228792378184317524e+00 5.076446272560835915e+00
2.230846528482461455e+00 5.047254754831298484e+00
2.232902571973299999e+00 5.018050476046237662e+00
2.234960510401680089e+00 4.988834384458542992e+00
2.237020345514056707e+00 4.959607445496633460e+00
2.239082079058495545e+00 4.930370641541028220e+00
2.241145712784672117e+00 4.901124971696781962e+00
2.243211248443876205e+00 4.871871451561768041e+00
2.245278687789009187e+00 4.842611112990875988e+00
2.247348032574590260e+00 4.813345003855990178e+00
2.249419284556754217e+00 4.784074187802011657e+00
2.251492445493255445e+00 4.754799743998685102e+00
2.253567517143467480e+00 4.725522766888464510e+00
2.255644501268385671e+00 4.696244365930310138e+00
2.257723399630628958e+00 4.666965665339493974e+00
2.259804213994440314e+00 4.637687803823465238e+00
2.261886946125687636e+00 4.608411934313768832e+00
2.263971597791868184e+00 4.579139223694038030e+00
2.266058170762106805e+00 4.549870852524177778e+00
2.268146666807160372e+00 4.520608014760662208e+00
2.270237087699415568e+00 4.491351917473147104e+00
2.272329435212895099e+00 4.462103780557215238e+00
2.274423711123254588e+00 4.432864836443567214e+00
2.276519917207787014e+00 4.403636329803441107e+00
2.278618055245423601e+00 4.374419517250550449e+00
2.280718127016735153e+00 4.345215667039367347e+00
2.282820134303932935e+00 4.316026058760058959e+00
2.284924078890870902e+00 4.286851983029849045e+00
2.287029962563047469e+00 4.257694741181094145e+00
2.289137787107606847e+00 4.228555644946048631e+00
2.291247554313339041e+00 4.199436016138349714e+00
2.293359265970684735e+00 4.170337186331330770e+00
2.295472923871733073e+00 4.141260496533237578e+00
2.297588529810225211e+00 4.112207296859403449e+00
2.299706085581556092e+00 4.083178946201416970e+00
2.301825592982774449e+00 4.054176811893425381e+00
2.303947053812586354e+00 4.025202269375619757e+00
2.306070469871354334e+00 3.996256701854944637e+00
2.308195842961102251e+00 3.967341499963148443e+00
2.310323174885512643e+00 3.938458061412327904e+00
2.312452467449930715e+00 3.909607790647857684e+00
2.314583722461367010e+00 3.880792098498981879e+00
2.316716941728496071e+00 3.852012401827057175e+00
2.318852127061660440e+00 3.823270123171599977e+00
2.320989280272869770e+00 3.794566690394137964e+00
2.323128403175804824e+00 3.765903536320034384e+00
2.325269497585818357e+00 3.737282098378366779e+00
2.327412565319934679e+00 3.708703818239972527e+00
2.329557608196854090e+00 3.680170141453657173e+00
2.331704628036951998e+00 3.651682517080853785e+00
2.333853626662282910e+00 3.623242397328619191e+00
2.336004605896579545e+00 3.594851237181281967e+00
2.338157567565255501e+00 3.566510494030660894e+00
2.340312513495407476e+00 3.538221627305079942e+00
2.342469445515815263e+00 3.509986098097279239e+00
2.344628365456945307e+00 3.481805368791230038e+00
2.346789275150948928e+00 3.453680902688137877e+00
2.348952176431668537e+00 3.425614163631550468e+00
2.351117071134634973e+00 3.397606615631854066e+00
2.353283961097071497e+00 3.369659722490167209e+00
2.355452848157894685e+00 3.341774947421777497e+00
2.357623734157715756e+00 3.313953752679273723e+00
2.359796620938841905e+00 3.286197599175433304e+00
2.361971510345278968e+00 3.258507946106002251e+00
2.364148404222731870e+00 3.230886250572547080e+00
2.366327304418607280e+00 3.203333967205376442e+00
2.368508212782013178e+00 3.175852547786824687e+00
2.370691131163763288e+00 3.148443440874811650e+00
2.372876061416376192e+00 3.121108091427025499e+00
2.375063005394077553e+00 3.093847940425662024e+00
2.377251964952803220e+00 3.066664424502942854e+00
2.379442941950198342e+00 3.039558975567575594e+00
2.381635938245620920e+00 3.012533020432143882e+00
2.383830955700141807e+00 2.985587980441701372e+00
2.386027996176547816e+00 2.958725271103609611e+00
2.388227061539343055e+00 2.931946301718744596e+00
2.390428153654748034e+00 2.905252475014298064e+00
2.392631274390705443e+00 2.878645186778136189e+00
2.394836425616878373e+00 2.852125825494998157e+00
2.397043609204653869e+00 2.825695771984586102e+00
2.399252827027142931e+00 2.799356399041664112e+00
2.401464080959182734e+00 2.773109071078367904e+00
2.403677372877339735e+00 2.746955143768718521e+00
2.405892704659907899e+00 2.720895963695652231e+00
2.408110078186914471e+00 2.694932868000492476e+00
2.410329495340118200e+00 2.669067184035180507e+00
2.412550958003011559e+00 2.643300229017232272e+00
2.414774468060824741e+00 2.617633309687630305e+00
2.417000027400523443e+00 2.592067774498726163e+00
2.419227637910814188e+00 2.566605864633740630e+00
2.421457301482142999e+00 2.541250533442383386e+00
2.423689020006698946e+00 2.516004678681496465e+00
2.425922795378414154e+00 2.490871118048062716e+00
2.428158629492967346e+00 2.465852589638071191e+00
2.430396524247784296e+00 2.440951752434908695e+00
2.432636481542038265e+00 2.416171186826383543e+00
2.434878503276654449e+00 2.391513395149210019e+00
2.437122591354309087e+00 2.366980802260288286e+00
2.439368747679431682e+00 2.342575756133499887e+00
2.441616974158208109e+00 2.318300528481304745e+00
2.443867272698580173e+00 2.294157315400060071e+00
2.446119645210248716e+00 2.270148238038149469e+00
2.448374093604674062e+00 2.246275343286022963e+00
2.450630619795077791e+00 2.222540604487132754e+00
2.452889225696446740e+00 2.198945922168930700e+00
2.455149913225530778e+00 2.175493124792992283e+00
2.457412684300847250e+00 2.152183969523342011e+00
2.459677540842680532e+00 2.129020143012098298e+00
2.461944484773086472e+00 2.106003262201566972e+00
2.464213518015891946e+00 2.083134875141924525e+00
2.466484642496695301e+00 2.060416461823624701e+00
2.468757860142872129e+00 2.037849435023611822e+00
2.471033172883572160e+00 2.015435141164678257e+00
2.473310582649724143e+00 1.993174861186939317e+00
2.475590091374037183e+00 1.971069811430761209e+00
2.477871700990999848e+00 1.949121144530311822e+00
2.480155413436885059e+00 1.927329950316895690e+00
2.482441230649749198e+00 1.905697256731402112e+00
2.484729154569436549e+00 1.884224030745000444e+00
2.487019187137577081e+00 1.862911179287469299e+00
2.489311330297592217e+00 1.841759550182287430e+00
2.491605585994693506e+00 1.820769933087946990e+00
2.493901956175884393e+00 1.799943060444619380e+00
2.496200442789964669e+00 1.779279608425583969e+00
2.498501047787528684e+00 1.758780197892782837e+00
2.500803773120970241e+00 1.738445395355767920e+00
2.503108620744480817e+00 1.718275713933467896e+00
2.505415592614053555e+00 1.698271614318112910e+00
2.507724690687484603e+00 1.678433505740725584e+00
2.510035916924374000e+00 1.658761746937613246e+00
2.512349273286128337e+00 1.639256647117233179e+00
2.514664761735962095e+00 1.619918466926934419e+00
2.516982384238898085e+00 1.600747419418982354e+00
2.519302142761771446e+00 1.581743671015328756e+00
2.521624039273228313e+00 1.562907342470717165e+00
2.523948075743732034e+00 1.544238509833425477e+00
2.526274254145558729e+00 1.525737205403437047e+00
2.528602576452805284e+00 1.507403418687265795e+00
2.530933044641385354e+00 1.489237097349270567e+00
2.533265660689035137e+00 1.471238148158807268e+00
2.535600426575314259e+00 1.453406437932888595e+00
2.537937344281604446e+00 1.435741794473989419e+00
2.540276415791115738e+00 1.418244007502459381e+00
2.542617643088885604e+00 1.400912829583326191e+00
2.544961028161779382e+00 1.383747977047044886e+00
2.547306572998496055e+00 1.366749130903787135e+00
2.549654279589565586e+00 1.349915937751094974e+00
2.552004149927353804e+00 1.333248010674408235e+00
2.554356186006061069e+00 1.316744930140276937e+00
2.556710389821728047e+00 1.300406244881868290e+00
2.559066763372233044e+00 1.284231472776618421e+00
2.561425308657296451e+00 1.268220101715592518e+00
2.563786027678481627e+00 1.252371590464454343e+00
2.566148922439196234e+00 1.236685369515703625e+00
2.568513994944696233e+00 1.221160841931984153e+00
2.570881247202082776e+00 1.205797384180286924e+00
2.573250681220308866e+00 1.190594346956751481e+00
2.575622299010178917e+00 1.175551056001954864e+00
2.577996102584349192e+00 1.160666812906490319e+00
2.580372093957333135e+00 1.145940895906615742e+00
2.582750275145499153e+00 1.131372560669895666e+00
2.585130648167073719e+00 1.116961041070639649e+00
2.587513215042145376e+00 1.102705549954966280e+00
2.589897977792662509e+00 1.088605279895481726e+00
2.592284938442438236e+00 1.074659403935332103e+00
2.594674099017149516e+00 1.060867076321612146e+00
2.597065461544342480e+00 1.047227433227970517e+00
2.599459028053429765e+00 1.033739593466405093e+00
2.601854800575695403e+00 1.020402659188085481e+00
2.604252781144295703e+00 1.007215716573194531e+00
2.606652971794260143e+00 9.941778365097201364e-01
2.609055374562494478e+00 9.812880752611395918e-01
2.611459991487781185e+00 9.685454751229448656e-01
2.613866824610781681e+00 9.559490650680134705e-01
2.616275875974039877e+00 9.434978613807554204e-01
2.618687147621978628e+00 9.311908682800797976e-01
2.621100641600909498e+00 9.190270785310736823e-01
2.623516359959025657e+00 9.070054740455250064e-01
2.625934304746411652e+00 8.951250264711622107e-01
2.628354478015038964e+00 8.833846977697266123e-01
2.630776881818770896e+00 8.717834407838287447e-01
2.633201518213364345e+00 8.603201997926434030e-01
2.635628389256470694e+00 8.489939110564748148e-01
2.638057497007637142e+00 8.378035033502296836e-01
2.640488843528309815e+00 8.267478984858172009e-01
2.642922430881833318e+00 8.158260118235730607e-01
2.645358261133456068e+00 8.050367527726913774e-01
2.647796336350328517e+00 7.943790252807991781e-01
2.650236658601506257e+00 7.838517283126965607e-01
2.652679229957952689e+00 7.734537563183088160e-01
2.655124052492538578e+00 7.631839996899939527e-01
2.657571128280046935e+00 7.530413452091937465e-01
2.660020459397170356e+00 7.430246764826053951e-01
2.662472047922518570e+00 7.331328743678524607e-01
2.664925895936614886e+00 7.233648173888532762e-01
2.667382005521900634e+00 7.137193821408992500e-01
2.669840378762736499e+00 7.041954436855625277e-01
2.672301017745403851e+00 6.947918759355554696e-01
2.674763924558107853e+00 6.855075520295998981e-01
2.677229101290976576e+00 6.763413446974556598e-01
2.679696550036066771e+00 6.672921266151772279e-01
2.682166272887361202e+00 6.583587707507476683e-01
2.684638271940772647e+00 6.495401507001495878e-01
2.687112549294147890e+00 6.408351410140370463e-01
2.689589107047264172e+00 6.322426175151127925e-01
2.692067947301836295e+00 6.237614576062977534e-01
2.694549072161513958e+00 6.153905405698592013e-01
2.697032483731888419e+00 6.071287478575689844e-01
2.699518184120488939e+00 5.989749633720812261e-01
2.702006175436787672e+00 5.909280737395762317e-01
2.704496459792202767e+00 5.829869685738445773e-01
2.706989039300096156e+00 5.751505407319457142e-01
2.709483916075779319e+00 5.674176865615218057e-01
2.711981092236511959e+00 5.597873061399498695e-01
2.714480569901504659e+00 5.522583035054070555e-01
2.716982351191923772e+00 5.448295868800263619e-01
2.719486438230887426e+00 5.375000688852439312e-01
2.721992833143473067e+00 5.302686667494739270e-01
2.724501538056715688e+00 5.231343025082498821e-01
2.727012555099609603e+00 5.160959031969580835e-01
2.729525886403112889e+00 5.091524010362767916e-01
2.732041534100146940e+00 5.023027336104920471e-01
2.734559500325599579e+00 4.955458440387777719e-01
2.737079787216324611e+00 4.888806811396061991e-01
2.739602396911147597e+00 4.823061995883816677e-01
2.742127331550863190e+00 4.758213600684734201e-01
2.744654593278239574e+00 4.694251294157338328e-01
2.747184184238021132e+00 4.631164807566494068e-01
2.749716106576927555e+00 4.568943936402723449e-01
2.752250362443657394e+00 4.507578541640148706e-01
2.754786953988890286e+00 4.447058550934797072e-01
2.757325883365286057e+00 4.387373959764275799e-01
2.759867152727490947e+00 4.328514832510016452e-01
2.762410764232134941e+00 4.270471303483673875e-01
2.764956720037837545e+00 4.213233577898449767e-01
2.767505022305206008e+00 4.156791932787008981e-01
2.770055673196840651e+00 4.101136717866862291e-01
2.772608674877333090e+00 4.046258356354722752e-01
2.775164029513270680e+00 3.992147345730705510e-01
2.777721739273238288e+00 3.938794258453869324e-01
2.780281806327818295e+00 3.886189742630066779e-01
2.782844232849595034e+00 3.834324522633358878e-01
2.785409021013153907e+00 3.783189399682139187e-01
2.787976172995084045e+00 3.732775252371041130e-01
2.790545690973982751e+00 3.683073037159754204e-01
2.793117577130452833e+00 3.634073788820071371e-01
2.795691833647108826e+00 3.585768620841848775e-01
2.798268462708575210e+00 3.538148725799387107e-01
2.800847466501491745e+00 3.491205375679051759e-01
2.803428847214511244e+00 3.444929922169264747e-01
2.806012607038305351e+00 3.399313796913856489e-01
2.808598748165564540e+00 3.354348511729877691e-01
2.811187272790999003e+00 3.310025658790883285e-01
2.813778183111343534e+00 3.266336910776546087e-01
2.816371481325355752e+00 3.223274020989782551e-01
2.818967169633820546e+00 3.180828823442224396e-01
2.821565250239551847e+00 3.138993232908948161e-01
2.824165725347391742e+00 3.097759244953642299e-01
2.826768597164217134e+00 3.057118935924708070e-01
2.829373867898936634e+00 3.017064462923729207e-01
2.831981539762495448e+00 2.977588063746695046e-01
2.834591614967876705e+00 2.938682056799205022e-01
2.837204095730102793e+00 2.900338840986343980e-01
2.839818984266238022e+00 2.862550895578128696e-01
2.842436282795389069e+00 2.825310780051314974e-01
2.845055993538709860e+00 2.788611133908451278e-01
2.847678118719398466e+00 2.752444676474923302e-01
2.850302660562704204e+00 2.716804206674700017e-01
2.852929621295926754e+00 2.681682602785762093e-01
2.855559003148417929e+00 2.647072822175731699e-01
2.858190808351585677e+00 2.612967901018595773e-01
2.860825039138892745e+00 2.579360953993164451e-01
2.863461697745860679e+00 2.546245173964042374e-01
2.866100786410072931e+00 2.513613831645707397e-01
2.868742307371173528e+00 2.481460275250489955e-01
2.871386262870871509e+00 2.449777930121065650e-01
2.874032655152940929e+00 2.418560298348057525e-01
2.876681486463225745e+00 2.387800958373470506e-01
2.879332759049638035e+00 2.357493564580577794e-01
2.881986475162161554e+00 2.327631846870764354e-01
2.884642637052855285e+00 2.298209610228050259e-01
2.887301246975852109e+00 2.269220734271806816e-01
2.889962307187364132e+00 2.240659172798205312e-01
2.892625819945681354e+00 2.212518953311047032e-01
2.895291787511175663e+00 2.184794176542438071e-01
2.897960212146303061e+00 2.157479015963792435e-01
2.900631096115602325e+00 2.130567717287888685e-01
2.903304441685702564e+00 2.104054597962156659e-01
2.905980251125319658e+00 2.077934046653996947e-01
2.908658526705260705e+00 2.052200522728426513e-01
2.911339270698426240e+00 2.026848555718539224e-01
2.914022485379811567e+00 2.001872744789297831e-01
2.916708173026508089e+00 1.977267758195038749e-01
2.919396335917706864e+00 1.953028332731126804e-01
2.922086976334698605e+00 1.929149273180215951e-01
2.924780096560877674e+00 1.905625451753459043e-01
2.927475698881740751e+00 1.882451807527140419e-01
2.930173785584893942e+00 1.859623345874995559e-01
2.932874358960048777e+00 1.837135137896751536e-01
2.935577421299029321e+00 1.814982319843108372e-01
2.938282974895770838e+00 1.793160092537572636e-01
2.940991022046322456e+00 1.771663720795519370e-01
2.943701565048850721e+00 1.750488532840716593e-01
2.946414606203638709e+00 1.729629919719739839e-01
2.949130147813090908e+00 1.709083334714511238e-01
2.951848192181732777e+00 1.688844292753314824e-01
2.954568741616214744e+00 1.668908369820555071e-01
2.957291798425311757e+00 1.649271202365526490e-01
2.960017364919927285e+00 1.629928486710530700e-01
2.962745443413095536e+00 1.610875978458518598e-01
2.965476036219981015e+00 1.592109491900608187e-01
2.968209145657883852e+00 1.573624899423638479e-01
2.970944774046237580e+00 1.555418130918092279e-01
2.973682923706614467e+00 1.537485173186506349e-01
2.976423596962727292e+00 1.519822069352702587e-01
2.979166796140429341e+00 1.502424918272004528e-01
2.981912523567718409e+00 1.485289873942635952e-01
2.984660781574736799e+00 1.468413144918538915e-01
2.987411572493774425e+00 1.451790993723782730e-01
2.990164898659272374e+00 1.435419736268728763e-01
2.992920762407821567e+00 1.419295741268214173e-01
2.995679166078167199e+00 1.403415429661820091e-01
2.998440112011209191e+00 1.387775274036466555e-01
3.001203602550006178e+00 1.372371798051461311e-01
3.003969640039775513e+00 1.357201575866174570e-01
3.006738226827895044e+00 1.342261231570474334e-01
3.009509365263908443e+00 1.327547438618042197e-01
3.012283057699522093e+00 1.313056919262803879e-01
3.015059306488612645e+00 1.298786443998423135e-01
3.017838113987223903e+00 1.284732831001206277e-01
3.020619482553571267e+00 1.270892945576354571e-01
3.023403414548045731e+00 1.257263699607730489e-01
3.026189912333210774e+00 1.243842051011360833e-01
3.028978978273809464e+00 1.230625003192560851e-01
3.031770614736763125e+00 1.217609604506991461e-01
3.034564824091175783e+00 1.204792947725613489e-01
3.037361608708333716e+00 1.192172169503686457e-01
3.040160970961709008e+00 1.179744449853869642e-01
3.042962913226961330e+00 1.167506975382034407e-01
3.045767437881940154e+00 1.155456465931622850e-01
3.048574547306685645e+00 1.143589329361920925e-01
3.051384243883433101e+00 1.131902042884199294e-01
3.054196529996611176e+00 1.120391160379193146e-01
3.057011408032848099e+00 1.109053310517836427e-01
3.059828880380970340e+00 1.097885194932750746e-01
3.062648949432007495e+00 1.086883586438917443e-01
3.065471617579190955e+00 1.076045327302151827e-01
3.068296887217959235e+00 1.065367327553962823e-01
3.071124760745958415e+00 1.054846563351505423e-01
3.073955240563043478e+00 1.044480075381244710e-01
3.076788329071282302e+00 1.034264967305138783e-01
3.079624028674955660e+00 1.024198404248079092e-01
3.082462341780561665e+00 1.014277611325415801e-01
3.085303270796813990e+00 1.004499872209418249e-01
3.088146818134648530e+00 9.948625277335559902e-02
3.090992986207222515e+00 9.853629745335223955e-02
3.093841777429916284e+00 9.759986637239494167e-02
3.096693194220338174e+00 9.667670996098125247e-02
3.099547238998322740e+00 9.576658384315345218e-02
3.102403914185935196e+00 9.486924871428273343e-02
3.105263222207474971e+00 9.398447022203491874e-02
3.108125165489473041e+00 9.311201885043236814e-02
3.110989746460698591e+00 9.225166980691755503e-02
3.113856967552158572e+00 9.140320291233991479e-02
3.116726831197100811e+00 9.056640249378278273e-02
3.119599339831015339e+00 8.974105728015054073e-02
3.122474495891636614e+00 8.892696030043918676e-02
3.125352301818947520e+00 8.812390878461569266e-02
3.128232760055176698e+00 8.733170406703635869e-02
3.131115873044806541e+00 8.655015149232780924e-02
3.134001643234571421e+00 8.577906032367114963e-02
3.136890073073459462e+00 8.501824365341482947e-02
3.139781165012717867e+00 8.426751831595799547e-02
3.142674921505851593e+00 8.352670480283981569e-02
3.145571345008627784e+00 8.279562717997361598e-02
3.148470437979075776e+00 8.207411300696952627e-02
3.151372202877491979e+00 8.136199325848705866e-02
3.154276642166438993e+00 8.065910224756321634e-02
3.157183758310749155e+00 7.996527755086098310e-02
3.160093553777526765e+00 7.928035993579024554e-02
3.163006031036150301e+00 7.860419328944449890e-02
3.165921192558273756e+00 7.793662454931034322e-02
3.168839040817828856e+00 7.727750363569903247e-02
3.171759578291027282e+00 7.662668338585355843e-02
3.174682807456362887e+00 7.598401948968823427e-02
3.177608730794616143e+00 7.534937042711474520e-02
3.180537350788850137e+00 7.472259740691709895e-02
3.183468669924419014e+00 7.410356430712732034e-02
3.186402690688966644e+00 7.349213761686744506e-02
3.189339415572428393e+00 7.288818637961860802e-02
3.192278847067038239e+00 7.229158213787544029e-02
3.195220987667323431e+00 7.170219887915492418e-02
3.198165839870111604e+00 7.111991298331990508e-02
3.201113406174531217e+00 7.054460317118352308e-02
3.204063689082014221e+00 6.997615045436286763e-02
3.207016691096298722e+00 6.941443808634700785e-02
3.209972414723429868e+00 6.885935151474932570e-02
3.212930862471761628e+00 6.831077833471187188e-02
3.215892036851960345e+00 6.776860824343358680e-02
3.218855940377007840e+00 6.723273299579067552e-02
3.221822575562199198e+00 6.670304636102478146e-02
3.224791944925150311e+00 6.617944408046669280e-02
3.227764050985795219e+00 6.566182382627304415e-02
3.230738896266390991e+00 6.515008516114809134e-02
3.233716483291521726e+00 6.464412949902320626e-02
3.236696814588094995e+00 6.414386006667592566e-02
3.239679892685349394e+00 6.364918186625685703e-02
3.242665720114852768e+00 6.316000163870680306e-02
3.245654299410507093e+00 6.267622782803836112e-02
3.248645633108551589e+00 6.219777054646214581e-02
3.251639723747560051e+00 6.172454154033581164e-02
3.254636573868447069e+00 6.125645415691265833e-02
3.257636186014468915e+00 6.079342331187366499e-02
3.260638562731225321e+00 6.033536545762014508e-02
3.263643706566664804e+00 5.988219855230787758e-02
3.266651620071081119e+00 5.943384202960821233e-02
3.269662305797119028e+00 5.899021676917137746e-02
3.272675766299777411e+00 5.855124506777984600e-02
3.275692004136407487e+00 5.811685061117249917e-02
3.278711021866720365e+00 5.768695844652220461e-02
3.281732822052784826e+00 5.726149495555217517e-02
3.284757407259030426e+00 5.684038782827428860e-02
3.287784780052251055e+00 5.642356603733358900e-02
3.290814943001604931e+00 5.601095981294557796e-02
3.293847898678620822e+00 5.560250061840898983e-02
3.296883649657195381e+00 5.519812112618346922e-02
3.299922198513597582e+00 5.479775519451481752e-02
3.302963547826470503e+00 5.440133784459646321e-02
3.306007700176836206e+00 5.400880523825302842e-02
3.309054658148093075e+00 5.362009465613424425e-02
3.312104424326021146e+00 5.323514447640524672e-02
3.315157001298783879e+00 5.285389415392257456e-02
3.318212391656928606e+00 5.247628419988345505e-02
3.321270597993393636e+00 5.210225616193579073e-02
3.324331622903503369e+00 5.173175260474081882e-02
3.327395468984976734e+00 5.136471709097283761e-02
3.330462138837924968e+00 5.100109416275053903e-02
3.333531635064856502e+00 5.064082932348450139e-02
3.336603960270679181e+00 5.028386902013480542e-02
3.339679117062700708e+00 4.993016062586710241e-02
3.342757108050631754e+00 4.957965242309674697e-02
3.345837935846588174e+00 4.923229358691409707e-02
3.348921603065092345e+00 4.888803416887894243e-02
3.352008112323079825e+00 4.854682508117719175e-02
3.355097466239894466e+00 4.820861808113118679e-02
3.358189667437295522e+00 4.787336575605349864e-02
3.361284718539458094e+00 4.754102150843750318e-02
3.364382622172975346e+00 4.721153954147613852e-02
3.367483380966864726e+00 4.688487484490073270e-02
3.370586997552561748e+00 4.656098318113368467e-02
3.373693474563930650e+00 4.623982107174465228e-02
3.376802814637261285e+00 4.592134578420652147e-02
3.379915020411273563e+00 4.560551531894073418e-02
3.383030094527121001e+00 4.529228839664759670e-02
3.386148039628388950e+00 4.498162444591368575e-02
3.389268858361100811e+00 4.467348359108914285e-02
3.392392553373717146e+00 4.436782664042997898e-02
3.395519127317141894e+00 4.406461507449757620e-02
3.398648582844720156e+00 4.376381103481053608e-02
3.401780922612242630e+00 4.346537731274176253e-02
3.404916149277948278e+00 4.316927733865556782e-02
3.408054265502525215e+00 4.287547517127918151e-02
3.411195273949115592e+00 4.258393548730250028e-02
3.414339177283314264e+00 4.229462357120148536e-02
3.417485978173173677e+00 4.200750530527886523e-02
3.420635679289204312e+00 4.172254715991804974e-02
3.423788283304378233e+00 4.143971618404412166e-02
3.426943792894132645e+00 4.115897999578745775e-02
3.430102210736368562e+00 4.088030677334610064e-02
3.433263539511456131e+00 4.060366524603972738e-02
3.436427781902234635e+00 4.032902468555311232e-02
3.439594940594016492e+00 4.005635489736329713e-02
3.442765018274590805e+00 3.978562621234567331e-02
3.445938017634221584e+00 3.951680947855630566e-02
3.449113941365653524e+00 3.924987605318452227e-02
3.452292792164112001e+00 3.898479779467244055e-02
3.455474572727306626e+00 3.872154705499748772e-02
3.458659285755435242e+00 3.846009667211369720e-02
3.461846933951182148e+00 3.820041996254824879e-02
3.465037520019723427e+00 3.794249071414919350e-02
3.468231046668727391e+00 3.768628317898069929e-02
3.471427516608359021e+00 3.743177206636193188e-02
3.474626932551281300e+00 3.717893253604770409e-02
3.477829297212656545e+00 3.692774019154439202e-02
3.481034613310149517e+00 3.667817107356105555e-02
3.484242883563929194e+00 3.643020165358995532e-02
3.487454110696673659e+00 3.618380882761437073e-02
3.490668297433568323e+00 3.593896990994099178e-02
3.493885446502310810e+00 3.569566262715249960e-02
3.497105560633112287e+00 3.545386511217839265e-02
3.500328642558700576e+00 3.521355589848042256e-02
3.503554695014323261e+00 3.497471391435044707e-02
3.506783720737746801e+00 3.473731847731729994e-02
3.510015722469262744e+00 3.450134928865986744e-02
3.513250702951686399e+00 3.426678642802429703e-02
3.516488664930361274e+00 3.403361034814184061e-02
3.519729611153163962e+00 3.380180186964500122e-02
3.522973544370499699e+00 3.357134217598058828e-02
3.526220467335310804e+00 3.334221280841487972e-02
3.529470382803076234e+00 3.311439566113029420e-02
3.532723293531813802e+00 3.288787297641107554e-02
3.535979202282085510e+00 3.266262733991408956e-02
3.539238111816995769e+00 3.243864167602494158e-02
3.542500024902194955e+00 3.221589924329468918e-02
3.545764944305884292e+00 3.199438362995631752e-02
3.549032872798814076e+00 3.177407874951895111e-02
3.552303813154291223e+00 3.155496883643649220e-02
3.555577768148176165e+00 3.133703844185053294e-02
3.558854740558889063e+00 3.112027242940326038e-02
3.562134733167409362e+00 3.090465597112031226e-02
3.565417748757279792e+00 3.069017454336040243e-02
3.568703790114610808e+00 3.047681392283041468e-02
3.571992860028078809e+00 3.026456018266413320e-02
3.575284961288929697e+00 3.005339968856225036e-02
3.578580096690982426e+00 2.984331909499244803e-02
3.581878269030632556e+00 2.963430534144747761e-02
3.585179481106850918e+00 2.942634564875975731e-02
3.588483735721188506e+00 2.921942751547056127e-02
3.591791035677778687e+00 2.901353871425231198e-02
3.595101383783337656e+00 2.880866728838249805e-02
3.598414782847171978e+00 2.860480154826686855e-02
3.601731235681174148e+00 2.840193006801201847e-02
3.605050745099829701e+00 2.820004168204401016e-02
3.608373313920216763e+00 2.799912548177260763e-02
3.611698944962010049e+00 2.779917081229950696e-02
3.615027641047486195e+00 2.760016726916884183e-02
3.618359405001518869e+00 2.740210469515930516e-02
3.621694239651586766e+00 2.720497317711583624e-02
3.625032147827775386e+00 2.700876304281932261e-02
3.628373132362775699e+00 2.681346485789431675e-02
3.631717196091893918e+00 2.661906942275184956e-02
3.635064341853045722e+00 2.642556776956767745e-02
3.638414572486764254e+00 2.623295115929350982e-02
3.641767890836198784e+00 2.604121107870053381e-02
3.645124299747120045e+00 2.585033923745445189e-02
3.648483802067922888e+00 2.566032756522009309e-02
3.651846400649625846e+00 2.547116820879527510e-02
3.655212098345874239e+00 2.528285352927251220e-02
3.658580898012944171e+00 2.509537609922731644e-02
3.661952802509746085e+00 2.490872869993221786e-02
3.665327814697823428e+00 2.472290431859612211e-02
3.668705937441356646e+00 2.453789614562694107e-02
3.672087173607166299e+00 2.435369757191742715e-02
3.675471526064715277e+00 2.417030218615254938e-02
3.678858997686112797e+00 2.398770377213843563e-02
3.682249591346112627e+00 2.380589630615140284e-02
3.685643309922118860e+00 2.362487395430609705e-02
3.689040156294187245e+00 2.344463106994223306e-02
3.692440133345028297e+00 2.326516219102931285e-02
3.695843243960010405e+00 2.308646203758779603e-02
3.699249491027159387e+00 2.290852550912723939e-02
3.702658877437163820e+00 2.273134768209890411e-02
3.706071406083376374e+00 2.255492380736400307e-02
3.709487079861814696e+00 2.237924930767562492e-02
3.712905901671169406e+00 2.220431977517382111e-02
3.716327874412799659e+00 2.203013096889412312e-02
3.719753000990738467e+00 2.185667881228749165e-02
3.723181284311696260e+00 2.168395939075246082e-02
3.726612727285062210e+00 2.151196894917757271e-02
3.730047332822908235e+00 2.134070388949474428e-02
3.733485103839987662e+00 2.117016076824261225e-02
3.736926043253742336e+00 2.100033629413849273e-02
3.740370153984300838e+00 2.083122732566028076e-02
3.743817438954484711e+00 2.066283086863579185e-02
3.747267901089809339e+00 2.049514407384067649e-02
3.750721543318486173e+00 2.032816423460368990e-02
3.754178368571424063e+00 2.016188878441916091e-02
3.757638379782234139e+00 1.999631529456583415e-02
3.761101579887232482e+00 1.983144147173272753e-02
3.764567971825439674e+00 1.966726515565032918e-02
3.768037558538585685e+00 1.950378431672818505e-02
3.771510342971111651e+00 1.934099705369718078e-02
3.774986328070170760e+00 1.917890159125755500e-02
3.778465516785637135e+00 1.901749627773104481e-02
3.781947912070098283e+00 1.885677958271848170e-02
3.785433516878866644e+00 1.869675009476103045e-02
3.788922334169975592e+00 1.853740651900581682e-02
3.792414366904186096e+00 1.837874767487565272e-02
3.795909618044989386e+00 1.822077249374216140e-02
3.799408090558605622e+00 1.806348001660303473e-02
3.802909787413990106e+00 1.790686939176225345e-02
3.806414711582833288e+00 1.775093987251421396e-02
3.809922866039564759e+00 1.759569081483060293e-02
3.813434253761357251e+00 1.744112167505078304e-02
3.816948877728125744e+00 1.728723200757525252e-02
3.820466740922531468e+00 1.713402146256211636e-02
3.823987846329985008e+00 1.698148978362670064e-02
3.827512196938647193e+00 1.682963680554420624e-02
3.831039795739437093e+00 1.667846295566761949e-02
3.834570645726025351e+00 1.652797461674046856e-02
3.838104749894844403e+00 1.637818182801345501e-02
3.841642111245087143e+00 1.622909440811183893e-02
3.845182732778710921e+00 1.608072189010098171e-02
3.848726617500441094e+00 1.593307352362685267e-02
3.852273768417770583e+00 1.578615827711683101e-02
3.855824188540965203e+00 1.563998484003846501e-02
3.859377880883063661e+00 1.549456162521434428e-02
3.862934848459884662e+00 1.534989677119050905e-02
3.866495094290023360e+00 1.520599814465727062e-02
3.870058621394858012e+00 1.506287334291905172e-02
3.873625432798551760e+00 1.492052969641230985e-02
3.877195531528053962e+00 1.477897427126925213e-02
3.880768920613106410e+00 1.463821387192460431e-02
3.884345603086240217e+00 1.449825504376487176e-02
3.887925581982782930e+00 1.435910407581652767e-02
3.891508860340858522e+00 1.422076700347251269e-02
3.895095441201391839e+00 1.408324961125426676e-02
3.898685327608111262e+00 1.394655743560789009e-02
3.902278522607548705e+00 1.381069576773228183e-02
3.905875029249044950e+00 1.367566965643755676e-02
3.909474850584750527e+00 1.354148391103198422e-02
3.913077989669628387e+00 1.340814310423537464e-02
3.916684449561459669e+00 1.327565157511731257e-02
3.920294233320841482e+00 1.314401343205874075e-02
3.923907344011191789e+00 1.301323255573478936e-02
3.927523784698752518e+00 1.288331260211723894e-02
3.931143558452590003e+00 1.275425700549518218e-02
3.934766668344603424e+00 1.262606898151191759e-02
3.938393117449518144e+00 1.249875153021704453e-02
3.942022908844896367e+00 1.237230743913129288e-02
3.945656045611135809e+00 1.224673928632339162e-02
3.949292530831471471e+00 1.212204944349708387e-02
3.952932367591984075e+00 1.199824007908659694e-02
3.956575558981595631e+00 1.187531316135959601e-02
3.960222108092075644e+00 1.175327046152589185e-02
3.963872018018041565e+00 1.163211355685049055e-02
3.967525291856967229e+00 1.151184383376945876e-02
3.971181932709176632e+00 1.139246249100802320e-02
3.974841943677854150e+00 1.127397054269841867e-02
3.978505327869042763e+00 1.115636882149736650e-02
3.982172088391647602e+00 1.103965798170098225e-02
3.985842228357441286e+00 1.092383850235641336e-02
3.989515750881063028e+00 1.080891069036908798e-02
3.993192659080022189e+00 1.069487468360406056e-02
3.996872956074701388e+00 1.058173045398050349e-02
4.000556644988359167e+00 1.046947781055814972e-02
4.004243728947135317e+00 1.035811640261481877e-02
4.007934211080047326e+00 1.024764572271383463e-02
4.011628094518997045e+00 1.013806510976030494e-02
4.015325382398773790e+00 1.002937375204523279e-02
4.019026077857054347e+00 9.921570690276666771e-03
4.022730184034411849e+00 9.814654820596749318e-03
4.026437704074308677e+00 9.708624897584143196e-03
4.030148641123107112e+00 9.603479537240366612e-03
4.033862998330068450e+00 9.499217219959766451e-03
4.037580778847354779e+00 9.395836293482024565e-03
4.041301985830037857e+00 9.293334975826232636e-03
4.045026622436093788e+00 9.191711358206412427e-03
4.048754691826409235e+00 9.090963407927043355e-03
4.052486197164785864e+00 8.991088971258184501e-03
4.056221141617939452e+00 8.892085776289677598e-03
4.059959528355505221e+00 8.793951435763421379e-03
4.063701360550040498e+00 8.696683449883302677e-03
4.067446641377024719e+00 8.600279209102395725e-03
4.071195374014864754e+00 8.504735996886177152e-03
4.074947561644898464e+00 8.410050992451987423e-03
4.078703207451392920e+00 8.316221273483713483e-03
4.082462314621551513e+00 8.223243818821340465e-03
4.086224886345515728e+00 8.131115511124858974e-03
4.089990925816364253e+00 8.039833139512252147e-03
4.093760436230122757e+00 7.949393402170610093e-03
4.097533420785761216e+00 7.859792908940817571e-03
4.101309882685195696e+00 7.771028183874506036e-03
4.105089825133294568e+00 7.683095667763639551e-03
4.108873251337881172e+00 7.595991720641757060e-03
4.112660164509733818e+00 7.509712624257260452e-03
4.116450567862592003e+00 7.424254584517748362e-03
4.120244464613153745e+00 7.339613733905643762e-03
4.124041857981084469e+00 7.255786133864404984e-03
4.127842751189015225e+00 7.172767777155591648e-03
4.131647147462549796e+00 7.090554590185995341e-03
4.135455050030262925e+00 7.009142435305230553e-03
4.139266462123704748e+00 6.928527113073024331e-03
4.143081386977403469e+00 6.848704364496520369e-03
4.146899827828868013e+00 6.769669873237055442e-03
4.150721787918595140e+00 6.691419267786546075e-03
4.154547270490064115e+00 6.613948123613407407e-03
4.158376278789744696e+00 6.537251965277585293e-03
4.162208816067097139e+00 6.461326268515030398e-03
4.166044885574579304e+00 6.386166462291078226e-03
4.169884490567645763e+00 6.311767930823260729e-03
4.173727634304750467e+00 6.238126015573120138e-03
4.177574320047351186e+00 6.165236017206845477e-03
4.181424551059911288e+00 6.093093197525442130e-03
4.185278330609904174e+00 6.021692781363574901e-03
4.189135661967813284e+00 5.951029958457763717e-03
4.192996548407136537e+00 5.881099885283598040e-03
4.196860993204388102e+00 5.811897686862270949e-03
4.200728999639101957e+00 5.743418458536206535e-03
4.204600570993837216e+00 5.675657267714116251e-03
4.208475710554176352e+00 5.608609155585544959e-03
4.212354421608729638e+00 5.542269138804777409e-03
4.216236707449138699e+00 5.476632211144520646e-03
4.220122571370078290e+00 5.411693345119194913e-03
4.224012016669261627e+00 5.347447493578147068e-03
4.227905046647439491e+00 5.283889591269051028e-03
4.231801664608404678e+00 5.221014556371130974e-03
4.235701873858996436e+00 5.158817291999009610e-03
4.239605677709098686e+00 5.097292687676978525e-03
4.243513079471650684e+00 5.036435620783714928e-03
4.247424082462640804e+00 4.976240957968247960e-03
4.251338690001116305e+00 4.916703556536619439e-03
4.255256905409179780e+00 4.857818265810075198e-03
4.259178732011999813e+00 4.799579928454344654e-03
4.263104173137807429e+00 4.741983381781004342e-03
4.267033232117901420e+00 4.685023459020462230e-03
4.270965912286651012e+00 4.628694990567151779e-03
4.274902216981498526e+00 4.572992805197071894e-03
4.278842149542961160e+00 4.517911731257887031e-03
4.282785713314637199e+00 4.463446597831949129e-03
4.286732911643205135e+00 4.409592235872305567e-03
4.290683747878426324e+00 4.356343479312142428e-03
4.294638225373151208e+00 4.303695166147780173e-03
4.298596347483321978e+00 4.251642139495522693e-03
4.302558117567971685e+00 4.200179248622753526e-03
4.306523538989227795e+00 4.149301349953361633e-03
4.310492615112319292e+00 4.099003308047815056e-03
4.314465349305574016e+00 4.049279996558374263e-03
4.318441744940428428e+00 4.000126299159297710e-03
4.322421805391422289e+00 3.951537110452949496e-03
4.326405534036206646e+00 3.903507336851398408e-03
4.330392934255545612e+00 3.856031897434323685e-03
4.334384009433318141e+00 3.809105724783363230e-03
4.338378762956525136e+00 3.762723765793025716e-03
4.342377198215285894e+00 3.716880982458749001e-03
4.346379318602845210e+00 3.671572352642317807e-03
4.350385127515576045e+00 3.626792870814710915e-03
4.354394628352977747e+00 3.582537548777092132e-03
4.358407824517690266e+00 3.538801416359766382e-03
4.362424719415482599e+00 3.495579522100013790e-03
4.366445316455265235e+00 3.452866933898424487e-03
4.370469619049091037e+00 3.410658739654579344e-03
4.374497630612156129e+00 3.368950047882116570e-03
4.378529354562807008e+00 3.327735988303577499e-03
4.382564794322536983e+00 3.287011712425299149e-03
4.386603953315995064e+00 3.246772394092688804e-03
4.390646834970985957e+00 3.207013230026224508e-03
4.394693442718471843e+00 3.167729440338365367e-03
4.398743779992582148e+00 3.128916269031794054e-03
4.402797850230606436e+00 3.090568984479298564e-03
4.406855656873003291e+00 3.052682879885551710e-03
4.410917203363401207e+00 3.015253273731034658e-03
4.414982493148607468e+00 2.978275510198499614e-03
4.419051529678601042e+00 2.941744959582391454e-03
4.423124316406541467e+00 2.905657018681164112e-03
4.427200856788771510e+00 2.870007111173171737e-03
4.431281154284818946e+00 2.834790687976235669e-03
4.435365212357401887e+00 2.800003227591206425e-03
4.439453034472427007e+00 2.765640236429865034e-03
4.443544624098998419e+00 2.731697249127408751e-03
4.447639984709413241e+00 2.698169828839876768e-03
4.451739119779172249e+00 2.665053567526668582e-03
4.455842032786979878e+00 2.632344086218608645e-03
4.459948727214744224e+00 2.600037035271812302e-03
4.464059206547583258e+00 2.568128094607460572e-03
4.468173474273827495e+00 2.536612973938024134e-03
4.472291533885020876e+00 2.505487412980038440e-03
4.476413388875929655e+00 2.474747181653737856e-03
4.480539042744535294e+00 2.444388080269910106e-03
4.484668498992047780e+00 2.414405939704148806e-03
4.488801761122900302e+00 2.384796621558751308e-03
4.492938832644757241e+00 2.355556018312668191e-03
4.497079717068518612e+00 2.326680053459595499e-03
4.501224417908315623e+00 2.298164681634673294e-03
4.505372938681521333e+00 2.270005888729791869e-03
4.509525282908749766e+00 2.242199691997992603e-03
4.513681454113856795e+00 2.214742140147159082e-03
4.517841455823953467e+00 2.187629313423058303e-03
4.522005291569393570e+00 2.160857323682362999e-03
4.526172964883789618e+00 2.134422314455490261e-03
4.530344479304006633e+00 2.108320460999818079e-03
4.534519838370174583e+00 2.082547970343234280e-03
4.538699045625682160e+00 2.057101081318575119e-03
4.542882104617185668e+00 2.031976064588897173e-03
4.547069018894609904e+00 2.007169222663980190e-03
4.551259792011149052e+00 1.982676889908234399e-03
4.555454427523276451e+00 1.958495432540216519e-03
4.559652928990740151e+00 1.934621248624045046e-03
4.563855299976570024e+00 1.911050768052864656e-03
4.568061544047079536e+00 1.887780452524572645e-03
4.572271664771867528e+00 1.864806795510109928e-03
4.576485665723826202e+00 1.842126322214382049e-03
4.580703550479138464e+00 1.819735589530156088e-03
4.584925322617282362e+00 1.797631185985044911e-03
4.589150985721037301e+00 1.775809731681816201e-03
4.593380543376481384e+00 1.754267878232217527e-03
4.597613999173002064e+00 1.733002308684478783e-03
4.601851356703292595e+00 1.712009737444761953e-03
4.606092619563357360e+00 1.691286910192654931e-03
4.610337791352513648e+00 1.670830603790954402e-03
4.614586875673397870e+00 1.650637626189855765e-03
4.618839876131969113e+00 1.630704816325821357e-03
4.623096796337504699e+00 1.611029044015258385e-03
4.627357639902611730e+00 1.591607209843099585e-03
4.631622410443226201e+00 1.572436245046588896e-03
4.635891111578613888e+00 1.553513111394385542e-03
4.640163746931383670e+00 1.534834801061042264e-03
4.644440320127475985e+00 1.516398336497269033e-03
4.648720834796174373e+00 1.498200770295879045e-03
4.653005294570109029e+00 1.480239185053669818e-03
4.657293703085259473e+00 1.462510693229463182e-03
4.661586063980952765e+00 1.445012436998401083e-03
4.665882380899872395e+00 1.427741588102508265e-03
4.670182657488057387e+00 1.410695347697967644e-03
4.674486897394907636e+00 1.393870946198902177e-03
4.678795104273188343e+00 1.377265643118064792e-03
4.683107281779030906e+00 1.360876726904462200e-03
4.687423433571932918e+00 1.344701514778029461e-03
4.691743563314768828e+00 1.328737352561523786e-03
4.696067674673785497e+00 1.312981614509760959e-03
4.700395771318612859e+00 1.297431703136292611e-03
4.704727856922259477e+00 1.282085049037660083e-03
4.709063935161120540e+00 1.266939110715389677e-03
4.713404009714978748e+00 1.251991374395718028e-03
4.717748084267008757e+00 1.237239353847325142e-03
4.722096162503780725e+00 1.222680590197057103e-03
4.726448248115260320e+00 1.208312651743813663e-03
4.730804344794816707e+00 1.194133133770678345e-03
4.735164456239220776e+00 1.180139658355412692e-03
4.739528586148650469e+00 1.166329874179423531e-03
4.743896738226696996e+00 1.152701456335209103e-03
4.748268916180362176e+00 1.139252106132593919e-03
4.752645123720063758e+00 1.125979550903585379e-03
4.757025364559640757e+00 1.112881543806130361e-03
4.761409642416356114e+00 1.099955863626767873e-03
4.765797961010896699e+00 1.087200314582367506e-03
4.770190324067378640e+00 1.074612726120874762e-03
4.774586735313351760e+00 1.062190952721305459e-03
4.778987198479797804e+00 1.049932873693003527e-03
4.783391717301143764e+00 1.037836392974196900e-03
4.787800295515252103e+00 1.025899438930041006e-03
4.792212936863433193e+00 1.014119964150124930e-03
4.796629645090445315e+00 1.002495945245523946e-03
4.801050423944496437e+00 9.910253826455705899e-04
4.805475277177252202e+00 9.797063003942386734e-04
4.809904208543834159e+00 9.685367459463857000e-04
4.814337221802823308e+00 9.575147899638064130e-04
4.818774320716266324e+00 9.466385261111844290e-04
4.823215509049677330e+00 9.359060210671071725e-04
4.827660790572040561e+00 9.253148801657764145e-04
4.832110169055814808e+00 9.148624812672301798e-04
4.836563648276933414e+00 9.045462569761868535e-04
4.841021232014812270e+00 8.943636965592969114e-04
4.845482924052346263e+00 8.843123446013451258e-04
4.849948728175924373e+00 8.743897996974362482e-04
4.854418648175419015e+00 8.645937131802321901e-04
4.858892687844196701e+00 8.549217878811082513e-04
4.863370850979121585e+00 8.453717769242663840e-04
4.867853141380553694e+00 8.359414825528489008e-04
4.872339562852362249e+00 8.266287549860353197e-04
4.876830119201915892e+00 8.174314913063471418e-04
4.881324814240096011e+00 8.083476343761151735e-04
4.885823651781291410e+00 7.993751717823748470e-04
4.890326635643414299e+00 7.905121348092961553e-04
4.894833769647889632e+00 7.817565974373769013e-04
4.899345057619665766e+00 7.731066753686015054e-04
4.903860503387215353e+00 7.645605250768019827e-04
4.908380110782541550e+00 7.561163428825128921e-04
4.912903883641178915e+00 7.477723640515866830e-04
4.917431825802196954e+00 7.395268619169027662e-04
4.921963941108201013e+00 7.313781470224842238e-04
4.926500233405342044e+00 7.233245662893611223e-04
4.931040706543309504e+00 7.153645022026216280e-04
4.935585364375350004e+00 7.074963720189211521e-04
4.940134210758253985e+00 6.997186269939999030e-04
4.944687249552369046e+00 6.920297516295185374e-04
4.949244484621600826e+00 6.844282629387273779e-04
4.953805919833414784e+00 6.769127097303900180e-04
4.958371559058842415e+00 6.694816719104667007e-04
4.962941406172483916e+00 6.621337598010232839e-04
4.967515465052506407e+00 6.548676134759171506e-04
4.972093739580655480e+00 6.476819021127110240e-04
4.976676233642250757e+00 6.405753233604328297e-04
4.981262951126196548e+00 6.335466027226555530e-04
4.985853895924978296e+00 6.265944929555338806e-04
4.990449071934670577e+00 6.197177734803097386e-04
4.995048483054937982e+00 6.129152498099138665e-04
4.999652133189037784e+00 6.061857529892510001e-04
5.004260026243829707e+00 5.995281390487863706e-04
5.008872166129767933e+00 5.929412884710527501e-04
5.013488556760915316e+00 5.864241056697108235e-04
5.018109202054937157e+00 5.799755184808263499e-04
5.022734105933116311e+00 5.735944776659798738e-04
5.027363272320345189e+00 5.672799564269435718e-04
5.031996705145132864e+00 5.610309499315119372e-04
5.036634408339611291e+00 5.548464748502490804e-04
5.041276385839534413e+00 5.487255689038100358e-04
5.045922641584286161e+00 5.426672904205403049e-04
5.050573179516880451e+00 5.366707179040746713e-04
5.055228003583963847e+00 5.307349496106482985e-04
5.059887117735820894e+00 5.248591031358576259e-04
5.064550525926375002e+00 5.190423150105984932e-04
5.069218232113199107e+00 5.132837403059194430e-04
5.073890240257509454e+00 5.075825522465599168e-04
5.078566554324172699e+00 5.019379418329300482e-04
5.083247178281712131e+00 4.963491174712632813e-04
5.087932116102305002e+00 4.908153046117683408e-04
5.092621371761794968e+00 4.853357453945045708e-04
5.097314949239685866e+00 4.799096983028200165e-04
5.102012852519149710e+00 4.745364378240933979e-04
5.106715085587029357e+00 4.692152541176156620e-04
5.111421652433842944e+00 4.639454526893876615e-04
5.116132557053788332e+00 4.587263540736615701e-04
5.120847803444741331e+00 4.535572935210368975e-04
5.125567395608263688e+00 4.484376206929208781e-04
5.130291337549605757e+00 4.433666993621889255e-04
5.135019633277705609e+00 4.383439071198853387e-04
5.139752286805203241e+00 4.333686350877530595e-04
5.144489302148430809e+00 4.284402876365175071e-04
5.149230683327425062e+00 4.235582821096738233e-04
5.153976434365923787e+00 4.187220485527097112e-04
5.158726559291380021e+00 4.139310294475444783e-04
5.163481062134954058e+00 4.091846794521171731e-04
5.168239946931521445e+00 4.044824651449222073e-04
5.173003217719677416e+00 3.998238647744036672e-04
5.177770878541737787e+00 3.952083680130493164e-04
5.182542933443748723e+00 3.906354757160774953e-04
5.187319386475480520e+00 3.861046996845976021e-04
5.192100241690437379e+00 3.816155624331053764e-04
5.196885503145858287e+00 3.771675969612289596e-04
5.201675174902723242e+00 3.727603465295791494e-04
5.206469261025756801e+00 3.683933644396354332e-04
5.211267765583425415e+00 3.640662138175395409e-04
5.216070692647948093e+00 3.597784674016985050e-04
5.220878046295294617e+00 3.555297073341120084e-04
5.225689830605193542e+00 3.513195249553123490e-04
5.230506049661133972e+00 3.471475206028426974e-04
5.235326707550367331e+00 3.430133034131781851e-04
5.240151808363910924e+00 3.389164911270057959e-04
5.244981356196554145e+00 3.348567098977725314e-04
5.249815355146858487e+00 3.308335941034389657e-04
5.254653809317166413e+00 3.268467861613487966e-04
5.259496722813597813e+00 3.228959363461417534e-04
5.264344099746059769e+00 3.189807026106368927e-04
5.269195944228243000e+00 3.151007504096387402e-04
5.274052260377633417e+00 3.112557525265419764e-04
5.278913052315511223e+00 3.074453889027540707e-04
5.283778324166954476e+00 3.036693464697896622e-04
5.288648080060842638e+00 2.999273189840464420e-04
5.293522324129858347e+00 2.962190068641470725e-04
5.298401060510499860e+00 2.925441170308335339e-04
5.303284293343072164e+00 2.889023627493435362e-04
5.308172026771695862e+00 2.852934634742158686e-04
5.313064264944314274e+00 2.817171446964744337e-04
5.317961012012689892e+00 2.781731377931584426e-04
5.322862272132415917e+00 2.746611798791252041e-04
5.327768049462913602e+00 2.711810136611116345e-04
5.332678348167435800e+00 2.677323872939981592e-04
5.337593172413074072e+00 2.643150542392224810e-04
5.342512526370760462e+00 2.609287731253354049e-04
5.347436414215272826e+00 2.575733076106225027e-04
5.352364840125233947e+00 2.542484262477990426e-04
5.357297808283118634e+00 2.509539023507068446e-04
5.362235322875257282e+00 2.476895138630033025e-04
5.367177388091835866e+00 2.444550432288015366e-04
5.372124008126907491e+00 2.412502772652398567e-04
5.377075187178386173e+00 2.380750070369428329e-04
5.382030929448056611e+00 2.349290277323549188e-04
5.386991239141574184e+00 2.318121385419236429e-04
5.391956120468472058e+00 2.287241425380930103e-04
5.396925577642165628e+00 2.256648465571019929e-04
5.401899614879948075e+00 2.226340610825627104e-04
5.406878236403003690e+00 2.196316001307844481e-04
5.411861446436405210e+00 2.166572811378421283e-04
5.416849249209118256e+00 2.137109248483615349e-04
5.421841648954010218e+00 2.107923552059973030e-04
5.426838649907846701e+00 2.079013992456104493e-04
5.431840256311296855e+00 2.050378869871011809e-04
5.436846472408940478e+00 2.022016513309053589e-04
5.441857302449269795e+00 1.993925279551282150e-04
5.446872750684690345e+00 1.966103552143094941e-04
5.451892821371528974e+00 1.938549740398046823e-04
5.456917518770034725e+00 1.911262278417728323e-04
5.461946847144379724e+00 1.884239624127642644e-04
5.466980810762672505e+00 1.857480258328849960e-04
5.472019413896951789e+00 1.830982683765542708e-04
5.477062660823192708e+00 1.804745424208189749e-04
5.482110555821313014e+00 1.778767023552391157e-04
5.487163103175172196e+00 1.753046044933268552e-04
5.492220307172583027e+00 1.727581069855309368e-04
5.497282172105306230e+00 1.702370697337736633e-04
5.502348702269059366e+00 1.677413543075198792e-04
5.507419901963517717e+00 1.652708238613844090e-04
5.512495775492318728e+00 1.628253430542646156e-04
5.517576327163071781e+00 1.604047779700019276e-04
5.522661561287351084e+00 1.580089960395682702e-04
5.527751482180704556e+00 1.556378659647673424e-04
5.532846094162660044e+00 1.532912576434541311e-04
5.537945401556722658e+00 1.509690420962681327e-04
5.543049408690389868e+00 1.486710913948780346e-04
5.548158119895138185e+00 1.463972785917401866e-04
5.553271539506442700e+00 1.441474776513564700e-04
5.558389671863771753e+00 1.419215633830459293e-04
5.563512521310591374e+00 1.397194113752176989e-04
5.568640092194375946e+00 1.375408979311459022e-04
5.573772388866602867e+00 1.353859000062505348e-04
5.578909415682758777e+00 1.332542951468761183e-04
5.584051177002347544e+00 1.311459614305685592e-04
5.589197677188890268e+00 1.290607774078515952e-04
5.594348920609929721e+00 1.269986220455022585e-04
5.599504911637032123e+00 1.249593746713204793e-04
5.604665654645796025e+00 1.229429149203892496e-04
5.609831154015846977e+00 1.209491226828354721e-04
5.615001414130855295e+00 1.189778780530728733e-04
5.620176439378524513e+00 1.170290612805458035e-04
5.625356234150604706e+00 1.151025527219499115e-04
5.630540802842894266e+00 1.131982327949455479e-04
5.635730149855239901e+00 1.113159819333536116e-04
5.640924279591549073e+00 1.094556805438291096e-04
5.646123196459782001e+00 1.076172089640206440e-04
5.651326904871964985e+00 1.058004474221971075e-04
5.656535409244188628e+00 1.040052759983521206e-04
5.661748713996614946e+00 1.022315745867761393e-04
5.666966823553480914e+00 1.004792228600910159e-04
5.672189742343098473e+00 9.874810023475147206e-05
5.677417474797862518e+00 9.703808583799518783e-05
5.682650025354251788e+00 9.534905847624839119e-05
5.687887398452834198e+00 9.368089660497889851e-05
5.693129598538272163e+00 9.203347829998325617e-05
5.698376630059323489e+00 9.040668123011520697e-05
5.703628497468844039e+00 8.880038263143848654e-05
5.708885205223795722e+00 8.721445928279676684e-05
5.714146757785247388e+00 8.564878748280258989e-05
5.719413159618381037e+00 8.410324302822729404e-05
5.724684415192491826e+00 8.257770119378942547e-05
5.729960528980995171e+00 8.107203671332935640e-05
5.735241505461426748e+00 7.958612376236528531e-05
5.740527349115454925e+00 7.811983594201134739e-05
5.745818064428873662e+00 7.667304626426194177e-05
5.751113655891612275e+00 7.524562713861847720e-05
5.756414127997737218e+00 7.383745036004963215e-05
5.761719485245458294e+00 7.244838709828095526e-05
5.767029732137132214e+00 7.107830788838975030e-05
5.772344873179263480e+00 6.972708262270317214e-05
5.777664912882508830e+00 6.839458054397631827e-05
5.782989855761685227e+00 6.708067023984341760e-05
5.788319706335767201e+00 6.578521963852344118e-05
5.793654469127898388e+00 6.450809600576610798e-05
5.798994148665387982e+00 6.324916594302305265e-05
5.804338749479718729e+00 6.200829538682607622e-05
5.809688276106548699e+00 6.078534960935954391e-05
5.815042733085716620e+00 5.958019322020154600e-05
5.820402124961248980e+00 5.839269016922796728e-05
5.825766456281355588e+00 5.722270375064836181e-05
5.831135731598438454e+00 5.607009660816588120e-05
5.836509955469098010e+00 5.493473074123005821e-05
5.841889132454131328e+00 5.381646751237594749e-05
5.847273267118541007e+00 5.271516765561686001e-05
5.852662364031537834e+00 5.163069128587758608e-05
5.858056427766539009e+00 5.056289790944431531e-05
5.863455462901181470e+00 4.951164643540621540e-05
5.868859474017320110e+00 4.847679518807345692e-05
5.874268465701031339e+00 4.745820192034181430e-05
5.879682442542620180e+00 4.645572382798398198e-05
5.885101409136620276e+00 4.546921756484480329e-05
5.890525370081798329e+00 4.449853925891275168e-05
5.895954329981166531e+00 4.354354452924703037e-05
5.901388293441971911e+00 4.260408850373419501e-05
5.906827265075711431e+00 4.168002583764756041e-05
5.912271249498130210e+00 4.077121073298680586e-05
5.917720251329227743e+00 3.987749695856824812e-05
5.923174275193265004e+00 3.899873787084245154e-05
5.928633325718760894e+00 3.813478643541368959e-05
5.934097407538501123e+00 3.728549524922982958e-05
5.939566525289541765e+00 3.645071656342134287e-05
5.945040683613211030e+00 3.563030230675678553e-05
5.950519887155118148e+00 3.482410410969192724e-05
5.956004140565150706e+00 3.403197332898357999e-05
5.961493448497483527e+00 3.325376107283713900e-05
5.966987815610580448e+00 3.248931822656512831e-05
5.972487246567196095e+00 3.173849547872483509e-05
5.977991746034388321e+00 3.100114334770853730e-05
5.983501318683511982e+00 3.027711220875659059e-05
5.989015969190228716e+00 2.956625232136870867e-05
5.994535702234507824e+00 2.886841385707903431e-05
6.000060522500633375e+00 2.818344692757224603e-05
6.005590434677207767e+00 2.751120161310968902e-05
6.011125443457152606e+00 2.685152799123688707e-05
6.016665553537714928e+00 2.620427616574556414e-05
6.022210769620469861e+00 2.556929629586127150e-05
6.027761096411331287e+00 2.494643862562604582e-05
6.033316538620542957e+00 2.433555351345455326e-05
6.038877100962694477e+00 2.373649146182758160e-05
6.044442788156718649e+00 2.314910314710159279e-05
6.050013604925895905e+00 2.257323944940395805e-05
6.055589555997865858e+00 2.200875148258490680e-05
6.061170646104619308e+00 2.145549062420491220e-05
6.066756879982510675e+00 2.091330854552374347e-05
6.072348262372257999e+00 2.038206041363993374e-05
6.077944798018950046e+00 1.986162721890860121e-05
6.083546491672050749e+00 1.935189987478443078e-05
6.089153348085398321e+00 1.885276570441757395e-05
6.094765372017212357e+00 1.836410858924133387e-05
6.100382568230099167e+00 1.788580920981204178e-05
6.106004941491052662e+00 1.741774528077375025e-05
6.111632496571464124e+00 1.695979177984981943e-05
6.117265238247118653e+00 1.651182117078354736e-05
6.122903171298204050e+00 1.607370362015684588e-05
6.128546300509313483e+00 1.564530720804127660e-05
6.134194630669449033e+00 1.522649813243503806e-05
6.139848166572030586e+00 1.481714090746449617e-05
6.145506913014890493e+00 1.441709855533331715e-05
6.151170874800286015e+00 1.402623279201681277e-05
6.156840056734899314e+00 1.364440420670860953e-05
6.162514463629841899e+00 1.327147243504045511e-05
6.168194100300663507e+00 1.290729632609936679e-05
6.173878971567347662e+00 1.255173410328439912e-05
6.179569082254320556e+00 1.220464351904522479e-05
6.185264437190455489e+00 1.186588200356004740e-05
6.190965041209079089e+00 1.153530680741256533e-05
6.196670899147968647e+00 1.121277513834071461e-05
6.202382015849361885e+00 1.089814429213050326e-05
6.208098396159958732e+00 1.059127177773829354e-05
6.213820044930924880e+00 1.029201543673117533e-05
6.219546967017901551e+00 1.000023355713570914e-05
6.225279167281001058e+00 9.715784981797968405e-06
6.231016650584815686e+00 9.438529211352510241e-06
6.236759421798421243e+00 9.168326501910791925e-06
6.242507485795379729e+00 8.905037957577238361e-06
6.248260847453749989e+00 8.648525617907199751e-06
6.254019511656081498e+00 8.398652540422538095e-06
6.259783483289425909e+00 8.155282878303379691e-06
6.265552767245337940e+00 7.918281953377225414e-06
6.271327368419878923e+00 7.687516324526546185e-06
6.277107291713628356e+00 7.462853851639905161e-06
6.282892542031677685e+00 7.244163755230619914e-06
6.288683124283640069e+00 7.031316671848507566e-06
6.294479043383653050e+00 6.824184705411407846e-06
6.300280304250382102e+00 6.622641474581800900e-06
6.306086911807032180e+00 6.426562156315759438e-06
6.311898870981337950e+00 6.235823525710172936e-06
6.317716186705579773e+00 6.050303992273402319e-06
6.323538863916582820e+00 5.869883632744097516e-06
6.329366907555721511e+00 5.694444220583733560e-06
6.335200322568927511e+00 5.523869252263470039e-06
6.341039113906687064e+00 5.358043970469418283e-06
6.346883286524051648e+00 5.196855384345215160e-06
6.352732845380636206e+00 5.040192286890862466e-06
6.358587795440632462e+00 4.887945269635961683e-06
6.364448141672801817e+00 4.740006734701395382e-06
6.370313889050487788e+00 4.596270904363891978e-06
6.376185042551616000e+00 4.456633828234348738e-06
6.382061607158700411e+00 4.320993388159495407e-06
6.387943587858849526e+00 4.189249300954070976e-06
6.393830989643764617e+00 4.061303119067976474e-06
6.399723817509750390e+00 3.937058229291609680e-06
6.405622076457713199e+00 3.816419849598989413e-06
6.411525771493170822e+00 3.699295024226713921e-06
6.417434907626255125e+00 3.585592617083694722e-06
6.423349489871712947e+00 3.475223303584959395e-06
6.429269523248914986e+00 3.368099560999230457e-06
6.435195012781856683e+00 3.264135657397919853e-06
6.441125963499162665e+00 3.163247639291382051e-06
6.447062380434096518e+00 3.065353318033853976e-06
6.453004268624558115e+00 2.970372255078065325e-06
6.458951633113088064e+00 2.878225746156455283e-06
6.464904478946878363e+00 2.788836804463578992e-06
6.470862811177768847e+00 2.702130142912639675e-06
6.476826634862261400e+00 2.618032155535257517e-06
6.482795955061511073e+00 2.536470898092503492e-06
6.488770776841342958e+00 2.457376067960941170e-06
6.494751105272246861e+00 2.380678983357223464e-06
6.500736945429387070e+00 2.306312561960021619e-06
6.506728302392608576e+00 2.234211298987708434e-06
6.512725181246435291e+00 2.164311244786456428e-06
6.518727587080076269e+00 2.096549981981798113e-06
6.524735524987431923e+00 2.030866602244369940e-06
6.530749000067099352e+00 1.967201682717937450e-06
6.536768017422373234e+00 1.905497262156444686e-06
6.542792582161250259e+00 1.845696816813500879e-06
6.548822699396437130e+00 1.787745236126949309e-06
6.554858374245349673e+00 1.731588798238208207e-06
6.560899611830125266e+00 1.677175145384300494e-06
6.566946417277618409e+00 1.624453259199038801e-06
6.572998795719407816e+00 1.573373435957175744e-06
6.579056752291804422e+00 1.523887261794066269e-06
6.585120292135848707e+00 1.475947587931597394e-06
6.591189420397327581e+00 1.429508505939046213e-06
6.597264142226761940e+00 1.384525323056289256e-06
6.603344462779424440e+00 1.340954537604867174e-06
6.609430387215336822e+00 1.298753814511053647e-06
6.615521920699276137e+00 1.257881960963506384e-06
6.621619068400783625e+00 1.218298902226379175e-06
6.627721835494160274e+00 1.179965657628003110e-06
6.633830227158478365e+00 1.142844316743118013e-06
6.639944248577583252e+00 1.106898015785783404e-06
6.646063904940094247e+00 1.072090914229002286e-06
6.652189201439420607e+00 1.038388171665180961e-06
6.658320143273751768e+00 1.005755924921438186e-06
6.664456735646069774e+00 9.741612654414872493e-07
6.670598983764151058e+00 9.435722169458116694e-07
6.676746892840570879e+00 9.139577133801894431e-07
6.682900468092714874e+00 8.852875771617187664e-07
6.689059714742770169e+00 8.575324977309899447e-07
6.695224638017739593e+00 8.306640104175586979e-07
6.701395243149441683e+00 8.046544756254762623e-07
6.707571535374522220e+00 7.794770583446567642e-07
6.713753519934446246e+00 7.551057079931073073e-07
6.719941202075514930e+00 7.315151385943073998e-07
6.726134587048861135e+00 7.086808092934100294e-07
6.732333680110456520e+00 6.865789052151344533e-07
6.738538486521123971e+00 6.651863186657521473e-07
6.744749011546528727e+00 6.444806306809998454e-07
6.750965260457189032e+00 6.244400929208756530e-07
6.757187238528482354e+00 6.050436099122939101e-07
6.763414951040647161e+00 5.862707216395203470e-07
6.769648403278791804e+00 5.681015864823241125e-07
6.775887600532891852e+00 5.505169645010108635e-07
6.782132548097798974e+00 5.334982010672309026e-07
6.788383251273246266e+00 5.170272108390985867e-07
6.794639715363847365e+00 5.010864620788387293e-07
6.800901945679112437e+00 4.856589613105291198e-07
6.807169947533437515e+00 4.707282383158483634e-07
6.813443726246121379e+00 4.562783314646383755e-07
6.819723287141362000e+00 4.422937733775543486e-07
6.826008635548265424e+00 4.287595769173751488e-07
6.832299776800851987e+00 4.156612215054873855e-07
6.838596716238054540e+00 4.029846397599235685e-07
6.844899459203728220e+00 3.907162044509153309e-07
6.851208011046653112e+00 3.788427157700373064e-07
6.857522377120536028e+00 3.673513889086994038e-07
6.863842562784023826e+00 3.562298419415100624e-07
6.870168573400698975e+00 3.454660840102771747e-07
6.876500414339085765e+00 3.350485038038330445e-07
6.882838090972656531e+00 3.249658583291464558e-07
6.889181608679840529e+00 3.152072619688801639e-07
6.895530972844019502e+00 3.057621758206715959e-07
6.901886188853538329e+00 2.966203973131246045e-07
6.908247262101706809e+00 2.877720500936371236e-07
6.914614197986805877e+00 2.792075741830934881e-07
6.920987001912094705e+00 2.709177163924059261e-07
6.927365679285808042e+00 2.628935209958618810e-07
6.933750235521167760e+00 2.551263206562443614e-07
6.940140676036383738e+00 2.476077275967204095e-07
6.946537006254657420e+00 2.403296250143934703e-07
6.952939231604195136e+00 2.332841587305357716e-07
6.959347357518199217e+00 2.264637290724924199e-07
6.965761389434883100e+00 2.198609829822113324e-07
6.972181332797470432e+00 2.134688063465028632e-07
6.978607193054200408e+00 2.072803165440653775e-07
6.985038975658339311e+00 2.012888552043606482e-07
6.991476686068173407e+00 1.954879811735439687e-07
6.997920329747023160e+00 1.898714636826139578e-07
7.004369912163241452e+00 1.844332757130003722e-07
7.010825438790221575e+00 1.791675875549456964e-07
7.017286915106404344e+00 1.740687605539916534e-07
7.023754346595277198e+00 1.691313410410007096e-07
7.030227738745381316e+00 1.643500544411867687e-07
7.036707097050316939e+00 1.597197995576922784e-07
7.043192427008745149e+00 1.552356430253159651e-07
7.049683734124401191e+00 1.508928139300627265e-07
7.056181023906085592e+00 1.466866985902717291e-07
7.062684301867680148e+00 1.426128354950998549e-07
7.069193573528145258e+00 1.386669103962919592e-07
7.075708844411534137e+00 1.348447515491459494e-07
7.082230120046983934e+00 1.311423250987479596e-07
7.088757405968730829e+00 1.275557306075384122e-07
7.095290707716112699e+00 1.240811967204210637e-07
7.101830030833569118e+00 1.207150769636552397e-07
7.108375380870654681e+00 1.174538456738469573e-07
7.114926763382036334e+00 1.142940940534684794e-07
7.121484183927498712e+00 1.112325263493698054e-07
7.128047648071952125e+00 1.082659561508249604e-07
7.134617161385433448e+00 1.053913028037692481e-07
7.141192729443120335e+00 1.026055879378947371e-07
7.147774357825321445e+00 9.990593210342102835e-08
7.154362052117490656e+00 9.728955151435385404e-08
7.160955817910228838e+00 9.475375489517505443e-08
7.167555660799290074e+00 9.229594042794784773e-08
7.174161586385589651e+00 8.991359279692009181e-08
7.180773600275197843e+00 8.760428032774115273e-08
7.187391708079356789e+00 8.536565221851289424e-08
7.194015915414477824e+00 8.319543585994685247e-08
7.200646227902147700e+00 8.109143424197149908e-08
7.207282651169139243e+00 7.905152344419659995e-08
7.213925190847406022e+00 7.707365020772058305e-08
7.220573852574094786e+00 7.515582958581350845e-08
7.227228641991546354e+00 7.329614267108737821e-08
7.233889564747300049e+00 7.149273439681974702e-08
7.240556626494107029e+00 6.974381141016216046e-08
7.247229832889922285e+00 6.804764001503079088e-08
7.253909189597915308e+00 6.640254418252182525e-08
7.260594702286476299e+00 6.480690362676501850e-08
7.267286376629223277e+00 6.325915194418612020e-08
7.273984218304998528e+00 6.175777481420278760e-08
7.280688232997878373e+00 6.030130825942116195e-08
7.287398426397181161e+00 5.888833696348460406e-08
7.294114804197462831e+00 5.751749264474356219e-08
7.300837372098537337e+00 5.618745248399474249e-08
7.307566135805462437e+00 5.489693760457544546e-08
7.314301101028558350e+00 5.364471160314804657e-08
7.321042273483407747e+00 5.242957912956449733e-08
7.327789658890858426e+00 5.125038451424087127e-08
7.334543262977036626e+00 5.010601044152382037e-08
7.341303091473340814e+00 4.899537666757535606e-08
7.348069150116453230e+00 4.791743878133794423e-08
7.354841444648343440e+00 4.687118700720025652e-08
7.361619980816271003e+00 4.585564504800784863e-08
7.368404764372797899e+00 4.486986896712142887e-08
7.375195801075783208e+00 4.391294610824924252e-08
7.381993096688393763e+00 4.298399405183401680e-08
7.388796656979107702e+00 4.208215960679531899e-08
7.395606487721718025e+00 4.120661783648546139e-08
7.402422594695345914e+00 4.035657111773065209e-08
7.409244983684431851e+00 3.953124823188856845e-08
7.416073660478749829e+00 3.872990348685935988e-08
7.422908630873408242e+00 3.795181586904915854e-08
7.429749900668858764e+00 3.719628822429258752e-08
7.436597475670899904e+00 3.646264646678875314e-08
7.443451361690679668e+00 3.575023881512741537e-08
7.450311564544700005e+00 3.505843505451484695e-08
7.457178090054823905e+00 3.438662582433402438e-08
7.464050944048285174e+00 3.373422193020592194e-08
7.470930132357682218e+00 3.310065367974726045e-08
7.477815660820993138e+00 3.248537024123639442e-08
7.484707535281572177e+00 3.188783902443889141e-08
7.491605761588161272e+00 3.130754508285583187e-08
7.498510345594897153e+00 3.074399053669292381e-08
7.505421293161305130e+00 3.019669401586648624e-08
7.512338610152313301e+00 2.966519012238328635e-08
7.519262302438256995e+00 2.914902891146003427e-08
7.526192375894877884e+00 2.864777539076260018e-08
7.533128836403339079e+00 2.816100903717384024e-08
7.540071689850218917e+00 2.768832333050932440e-08
7.547020942127522503e+00 2.722932530362989151e-08
7.553976599132685266e+00 2.678363510841320236e-08
7.560938666768576510e+00 2.635088559706593952e-08
7.567907150943511851e+00 2.593072191827629896e-08
7.574882057571244331e+00 2.552280112772974849e-08
7.581863392570982185e+00 2.512679181251433979e-08
7.588851161867387951e+00 2.474237372897439893e-08
7.595845371390581136e+00 2.436923745357737264e-08
7.602846027076154201e+00 2.400708404637480718e-08
7.609853134865165458e+00 2.365562472666136589e-08
7.616866700704147064e+00 2.331458056043824025e-08
7.623886730545113011e+00 2.298368215931263058e-08
7.630913230345568010e+00 2.266266939047299660e-08
7.637946206068500388e+00 2.235129109739585469e-08
7.644985663682397181e+00 2.204929905231042263e-08
7.652031609161245918e+00 2.175641332039727876e-08
7.659084048484539053e+00 2.147234729201579978e-08
7.666142987637284634e+00 2.119682534926181168e-08
7.673208432610000962e+00 2.092958246711377748e-08
7.680280389398730811e+00 2.067036376489022887e-08
7.687358864005040537e+00 2.041892407860547277e-08
7.694443862436028070e+00 2.017502755316415611e-08
7.701535390704332684e+00 1.993844725339600396e-08
7.708633454828130560e+00 1.970896479299013072e-08
7.715738060831143663e+00 1.948636998042949110e-08
7.722849214742649515e+00 1.927046048108295450e-08
7.729966922597476753e+00 1.906104149465354400e-08
7.737091190436024668e+00 1.885792544722055344e-08
7.744222024304251661e+00 1.866093169716260891e-08
7.751359430253691229e+00 1.846988625427505495e-08
7.758503414341455517e+00 1.828462151144077945e-08
7.765653982630234431e+00 1.810497598824067596e-08
7.772811141188314288e+00 1.793079408592447874e-08
7.779974896089566272e+00 1.776192585319403967e-08
7.787145253413461532e+00 1.759822676227552752e-08
7.794322219245076511e+00 1.743955749478717947e-08
7.801505799675090280e+00 1.728578373693519156e-08
7.808696000799804970e+00 1.713677598358977022e-08
7.815892828721133334e+00 1.699240935082194441e-08
7.823096289546613846e+00 1.685256339649793092e-08
7.830306389389413368e+00 1.671712194855214779e-08
7.837523134368336031e+00 1.658597294057621011e-08
7.844746530607824120e+00 1.645900825438119404e-08
7.851976584237960743e+00 1.633612356920702498e-08
7.859213301394484041e+00 1.621721821726852254e-08
7.866456688218780968e+00 1.610219504534424469e-08
7.873706750857906833e+00 1.599096028212720741e-08
7.880963495464576418e+00 1.588342341107284150e-08
7.888226928197175525e+00 1.577949704848904443e-08
7.895497055219768079e+00 1.567909682662907347e-08
7.902773882702094355e+00 1.558214128155760512e-08
7.910057416819589626e+00 1.548855174557180685e-08
7.917347663753372622e+00 1.539825224397085106e-08
7.924644629690262398e+00 1.531116939597536761e-08
7.931948320822779230e+00 1.522723231960917427e-08
7.939258743349148162e+00 1.514637254036509046e-08
7.946575903473313218e+00 1.506852390348314133e-08
7.953899807404932076e+00 1.499362248967927302e-08
7.961230461359384059e+00 1.492160653417036276e-08
7.968567871557779903e+00 1.485241634884676046e-08
7.975912044226959985e+00 1.478599424745318518e-08
7.983262985599510309e+00 1.472228447364287324e-08
7.990620701913756285e+00 1.466123313177783854e-08
7.997985199413772506e+00 1.460278812035306394e-08
8.005356484349389845e+00 1.454689906792844949e-08
8.012734562976197239e+00 1.449351727145764387e-08
8.020119441555554118e+00 1.444259563690735218e-08
8.027511126354585969e+00 1.439408862206745804e-08
8.034909623646194987e+00 1.434795218145348750e-08
8.042314939709065413e+00 1.430414371321107334e-08
8.049727080827670633e+00 1.426262200793374271e-08
8.057146053292271404e+00 1.422334719930951516e-08
8.064571863398928286e+00 1.418628071651709011e-08
8.072004517449505201e+00 1.415138523829399310e-08
8.079444021751669425e+00 1.411862464860357274e-08
8.086890382618912909e+00 1.408796399383161352e-08
8.094343606370534516e+00 1.405936944144373457e-08
8.101803699331661335e+00 1.403280824004162546e-08
8.109270667833252233e+00 1.400824868075476323e-08
8.116744518212096082e+00 1.398566005991075562e-08
8.124225256810829521e+00 1.396501264292737039e-08
8.131712889977928072e+00 1.394627762937156435e-08
8.139207424067720353e+00 1.392942711913683407e-08
8.146708865440391634e+00 1.391443407968655756e-08
8.154217220461985605e+00 1.390127231431856322e-08
8.161732495504423923e+00 1.388991643140448151e-08
8.169254696945490224e+00 1.388034181456154587e-08
8.176783831168847883e+00 1.387252459371470638e-08
8.184319904564045345e+00 1.386644161701024803e-08
8.191862923526521456e+00 1.386207042354206110e-08
8.199412894457607237e+00 1.385938921685464230e-08
8.206969823764534766e+00 1.385837683918877845e-08
8.214533717860438955e+00 1.385901274643430246e-08
8.222104583164368208e+00 1.386127698376068579e-08
8.229682426101284420e+00 1.386515016189223948e-08
8.237267253102075415e+00 1.387061343400018683e-08
8.244859070603549611e+00 1.387764847318307326e-08
8.252457885048452013e+00 1.388623745050767365e-08
8.260063702885464210e+00 1.389636301358573091e-08
8.267676530569215032e+00 1.390800826566041961e-08
8.275296374560275225e+00 1.392115674518009191e-08
8.282923241325173436e+00 1.393579240583526111e-08
8.290557137336399762e+00 1.395189959703773972e-08
8.298198069072405758e+00 1.396946304482078603e-08
8.305846043017620417e+00 1.398846783314004609e-08
8.313501065662441292e+00 1.400889938555635872e-08
8.321163143503250481e+00 1.403074344728185323e-08
8.328832283042419959e+00 1.405398606757197576e-08
8.336508490788311576e+00 1.407861358244621902e-08
8.344191773255287714e+00 1.410461259772172142e-08
8.351882136963713066e+00 1.413196997234436843e-08
8.359579588439963516e+00 1.416067280200274006e-08
8.367284134216426139e+00 1.419070840301072485e-08
8.374995780831511638e+00 1.422206429644506613e-08
8.382714534829659669e+00 1.425472819252649130e-08
8.390440402761335292e+00 1.428868797522972706e-08
8.398173391183044956e+00 1.432393168711406410e-08
8.405913506657334722e+00 1.436044751436031328e-08
8.413660755752800924e+00 1.439822377200637784e-08
8.421415145044097272e+00 1.443724888936978658e-08
8.429176681111929526e+00 1.447751139564818999e-08
8.436945370543075029e+00 1.451899990568991320e-08
8.444721219930375611e+00 1.456170310592544673e-08
8.452504235872753569e+00 1.460560974045157368e-08
8.460294424975216998e+00 1.465070859726229659e-08
8.468091793848852689e+00 1.469698849461830221e-08
8.475896349110845662e+00 1.474443826754906463e-08
8.483708097384473845e+00 1.479304675448240872e-08
8.491527045299132936e+00 1.484280278399469800e-08
8.499353199490315092e+00 1.489369516167743658e-08
8.507186566599632016e+00 1.494571265711593588e-08
8.515027153274818517e+00 1.499884399097556282e-08
8.522874966169732502e+00 1.505307782219162878e-08
8.530730011944370972e+00 1.510840273526036331e-08
8.538592297264862907e+00 1.516480722762723215e-08
8.546461828803483485e+00 1.522227969717096992e-08
8.554338613238655853e+00 1.528080842978076335e-08
8.562222657254958236e+00 1.534038158702595624e-08
8.570113967543136368e+00 1.540098719391492784e-08
8.578012550800092839e+00 1.546261312674511988e-08
8.585918413728906629e+00 1.552524710104184994e-08
8.593831563038834886e+00 1.558887665958680762e-08
8.601752005445316485e+00 1.565348916053614442e-08
8.609679747669982675e+00 1.571907176562970560e-08
8.617614796440658864e+00 1.578561142849179125e-08
8.625557158491368170e+00 1.585309488302568330e-08
8.633506840562342077e+00 1.592150863190351325e-08
8.641463849400020436e+00 1.599083893515426678e-08
8.649428191757072781e+00 1.606107179885269759e-08
8.657399874392378791e+00 1.613219296391136432e-08
8.665378904071053157e+00 1.620418789498112404e-08
8.673365287564445580e+00 1.627704176946239515e-08
8.681359031650144331e+00 1.635073946663219581e-08
8.689360143111988677e+00 1.642526555689218892e-08
8.697368628740065333e+00 1.650060429114149576e-08
8.705384495330720895e+00 1.657673959028125631e-08
8.713407749686563619e+00 1.665365503485550237e-08
8.721438398616479404e+00 1.673133385483571518e-08
8.729476448935621136e+00 1.680975891955451383e-08
8.737521907465424675e+00 1.688891272779599185e-08
8.745574781033614187e+00 1.696877739805130124e-08
8.753635076474202137e+00 1.704933465894371267e-08
8.761702800627510612e+00 1.713056583983562887e-08
8.769777960340153555e+00 1.721245186162198503e-08
8.777860562465059857e+00 1.729497322772204014e-08
8.785950613861478686e+00 1.737811001527563420e-08
8.794048121394970607e+00 1.746184186655608730e-08
8.802153091937437779e+00 1.754614798060776428e-08
8.810265532367104413e+00 1.763100710511876383e-08
8.818385449568536316e+00 1.771639752853982285e-08
8.826512850432649770e+00 1.780229707245884608e-08
8.834647741856700875e+00 1.788868308424384597e-08
8.842790130744319299e+00 1.797553242996369270e-08
8.850940024005481632e+00 1.806282148760001869e-08
8.859097428556541587e+00 1.815052614056073948e-08
8.867262351320222891e+00 1.823862177150887945e-08
8.875434799225631721e+00 1.832708325651680365e-08
8.883614779208262036e+00 1.841588495956188014e-08
8.891802298209997346e+00 1.850500072737212892e-08
8.899997363179121379e+00 1.859440388464019138e-08
8.908199981070318074e+00 1.868406722961304144e-08
8.916410158844680467e+00 1.877396303007662590e-08
8.924627903469726675e+00 1.886406301974444680e-08
8.932853221919385689e+00 1.895433839506735412e-08
8.941086121174018686e+00 1.904475981247596383e-08
8.949326608220415480e+00 1.913529738607161633e-08
8.957574690051815836e+00 1.922592068577906701e-08
8.965830373667895259e+00 1.931659873597532857e-08
8.974093666074782760e+00 1.940730001460915710e-08
8.982364574285066183e+00 1.949799245282588922e-08
8.990643105317792205e+00 1.958864343511083227e-08
8.998929266198485877e+00 1.967921979996718175e-08
9.007223063959136411e+00 1.976968784114166485e-08
9.015524505638218500e+00 1.986001330941246479e-08
9.023833598280697643e+00 1.995016141495422951e-08
9.032150348938023043e+00 2.004009683029305856e-08
9.040474764668154251e+00 2.012978369386722120e-08
9.048806852535546952e+00 2.021918561420529528e-08
9.057146619611172511e+00 2.030826567473769160e-08
9.065494072972516193e+00 2.039698643925235338e-08
9.073849219703582492e+00 2.048530995801082386e-08
9.082212066894920000e+00 2.057319777453428715e-08
9.090582621643594763e+00 2.066061093307532855e-08
9.098960891053222255e+00 2.074750998678446048e-08
9.107346882233963825e+00 2.083385500658688545e-08
9.115740602302533802e+00 2.091960559077670594e-08
9.124142058382204823e+00 2.100472087534375155e-08
9.132551257602818495e+00 2.108915954503989568e-08
9.140968207100781839e+00 2.117287984519745155e-08
9.149392914019081502e+00 2.125583959430766434e-08
9.157825385507285532e+00 2.133799619736845823e-08
9.166265628721557590e+00 2.141930666000976957e-08
9.174713650824651623e+00 2.149972760340351054e-08
9.183169458985922518e+00 2.157921527996585928e-08
9.191633060381331433e+00 2.165772558985649887e-08
9.200104462193461785e+00 2.173521409828196191e-08
9.208583671611510368e+00 2.181163605360577392e-08
9.217070695831296234e+00 2.188694640626984921e-08
9.225565542055278456e+00 2.196109982852976965e-08
9.234068217492545472e+00 2.203405073500621925e-08
9.242578729358839951e+00 2.210575330405153262e-08
9.251097084876549914e+00 2.217616149993394438e-08
9.259623291274715839e+00 2.224522909583504660e-08
9.268157355789046647e+00 2.231290969766203556e-08
9.276699285661916150e+00 2.237915676866618178e-08
9.285249088142379037e+00 2.244392365486934954e-08
9.293806770486163771e+00 2.250716361128530799e-08
9.302372339955690350e+00 2.256882982893632016e-08
9.310945803820070310e+00 2.262887546265061359e-08
9.319527169355113827e+00 2.268725365963513102e-08
9.328116443843340377e+00 2.274391758881088195e-08
9.336713634573978737e+00 2.279882047089900376e-08
9.345318748842977641e+00 2.285191560924427404e-08
9.353931793953005780e+00 2.290315642136117855e-08
9.362552777213462463e+00 2.295249647118558731e-08
9.371181705940495377e+00 2.299988950201460864e-08
9.379818587456979273e+00 2.304528947011575137e-08
9.388463429092546164e+00 2.308865057898408715e-08
9.397116238183579995e+00 2.312992731422522780e-08
9.405777022073234406e+00 2.316907447904076145e-08
9.414445788111418523e+00 2.320604723029107739e-08
9.423122543654825378e+00 2.324080111510768023e-08
9.431807296066921253e+00 2.327329210802849739e-08
9.440500052717961665e+00 2.330347664862465757e-08
9.449200820984998472e+00 2.333131167958881947e-08
9.457909608251878097e+00 2.335675468525145061e-08
9.466626421909253963e+00 2.337976373049016593e-08
9.475351269354590045e+00 2.340029749999820498e-08
9.484084157992164421e+00 2.341831533787204537e-08
9.492825095233090593e+00 2.343377728748169023e-08
9.501574088495303272e+00 2.344664413158162558e-08
9.510331145203574366e+00 2.345687743262155838e-08
9.519096272789520086e+00 2.346443957321383577e-08
9.527869478691604499e+00 2.346929379671231203e-08
9.536650770355153739e+00 2.347140424785707234e-08
9.545440155232350676e+00 2.347073601343883358e-08
9.554237640782243801e+00 2.346725516293215368e-08
9.563043234470759657e+00 2.346092878905058500e-08
9.571856943770704618e+00 2.345172504817100080e-08
9.580678776161775545e+00 2.343961320057512800e-08
9.589508739130559789e+00 2.342456365045636251e-08
9.598346840170545846e+00 2.340654798563765700e-08
9.607193086782125135e+00 2.338553901694264787e-08
9.616047486472604433e+00 2.336151081716947753e-08
9.624910046756212978e+00 2.333444347811233756e-08
9.633780775154100695e+00 2.330434698972350465e-08
9.642659679194350630e+00 2.327124322956426740e-08
9.651546766411980727e+00 2.323515520343996205e-08
9.660442044348963364e+00 2.319610700498319318e-08
9.669345520554212925e+00 2.315412379370039081e-08
9.678257202583601781e+00 2.310923177247039005e-08
9.687177097999970954e+00 2.306145816451614638e-08
9.696105214373123005e+00 2.301083118987811097e-08
9.705041559279852237e+00 2.295738004141379700e-08
9.713986140303919825e+00 2.290113486034923569e-08
9.722938965036087566e+00 2.284212671140924198e-08
9.731900041074107222e+00 2.278038755755125551e-08
9.740869376022731174e+00 2.271595023432972297e-08
9.749846977493730193e+00 2.264884842391786570e-08
9.758832853105884553e+00 2.257911662881084367e-08
9.767827010484992911e+00 2.250679014523894964e-08
9.776829457263886525e+00 2.243190503631545049e-08
9.785840201082427470e+00 2.235449810494490339e-08
9.794859249587529959e+00 2.227460686651923741e-08
9.803886610433142579e+00 2.219226952142534702e-08
9.812922291280273157e+00 2.210752492739207367e-08
9.821966299796994093e+00 2.202041257169921358e-08
9.831018643658435252e+00 2.193097254327657009e-08
9.840079330546814163e+00 2.183924550471545728e-08
9.849148368151416477e+00 2.174527266421862482e-08
9.858225764168620842e+00 2.164909574751250982e-08
9.867311526301895341e+00 2.155075696974657800e-08
9.876405662261809937e+00 2.145029900740101277e-08
9.885508179766045345e+00 2.134776497022946685e-08
9.894619086539387709e+00 2.124319837325654016e-08
9.903738390313746365e+00 2.113664310885482254e-08
9.912866098828153838e+00 2.102814341892209812e-08
9.922002219828781833e+00 2.091774386718050262e-08
9.931146761068937678e+00 2.080548931162001039e-08
9.940299730309069659e+00 2.069142487710495213e-08
9.949461135316786553e+00 2.057559592816518915e-08
9.958630983866846975e+00 2.045804804199180299e-08
9.967809283741186022e+00 2.033882698165418829e-08
9.976996042728902836e+00 2.021797866956042276e-08
9.986191268626280149e+00 2.009554916117674976e-08
9.995394969236780724e+00 1.997158461902386868e-08
1.000460715237105980e+01 1.984613128696849571e-08
1.001382782584698283e+01 1.971923546482426031e-08
1.002305699748960244e+01 1.959094348328006267e-08
1.003229467513119388e+01 1.946130167916945135e-08
1.004154086661125689e+01 1.933035637109650234e-08
1.005079557977649785e+01 1.919815383543204693e-08
1.006005882248087602e+01 1.906474028269345649e-08
1.006933060258556978e+01 1.893016183432100084e-08
1.007861092795901570e+01 1.879446449986326398e-08
1.008789980647690498e+01 1.865769415458220836e-08
1.009719724602217106e+01 1.851989651749116898e-08
1.010650325448503217e+01 1.838111712983247746e-08
1.011581783976295768e+01 1.824140133400874165e-08
1.012514100976071418e+01 1.810079425297332637e-08
1.013447277239034960e+01 1.795934077009082491e-08
1.014381313557119135e+01 1.781708550947497254e-08
1.015316210722988544e+01 1.767407281681049051e-08
1.016251969530036270e+01 1.753034674066708923e-08
1.017188590772387968e+01 1.738595101431034891e-08
1.018126075244901685e+01 1.724092903801603233e-08
1.019064423743165904e+01 1.709532386189317643e-08
1.020003637063504875e+01 1.694917816921791511e-08
1.020943716002974533e+01 1.680253426028631475e-08
1.021884661359367108e+01 1.665543403678471716e-08
1.022826473931209534e+01 1.650791898668403192e-08
1.023769154517764157e+01 1.636003016965768696e-08
1.024712703919031043e+01 1.621180820302694661e-08
1.025657122935746024e+01 1.606329324823341483e-08
1.026602412369384609e+01 1.591452499783931295e-08
1.027548573022160383e+01 1.576554266305673593e-08
1.028495605697025361e+01 1.561638496180500733e-08
1.029443511197673367e+01 1.546709010729414422e-08
1.030392290328536653e+01 1.531769579713591118e-08
1.031341943894791058e+01 1.516823920297726858e-08
1.032292472702353869e+01 1.501875696065713839e-08
1.033243877557884005e+01 1.486928516088161199e-08
1.034196159268785031e+01 1.471985934041560659e-08
1.035149318643204985e+01 1.457051447378777896e-08
1.036103356490034955e+01 1.442128496550379616e-08
1.037058273618913873e+01 1.427220464276421963e-08
1.038014070840224434e+01 1.412330674868352003e-08
1.038970748965097890e+01 1.397462393600294546e-08
1.039928308805413337e+01 1.382618826129381005e-08
1.040886751173796121e+01 1.367803117964534347e-08
1.041846076883623162e+01 1.353018353983007493e-08
1.042806286749018341e+01 1.338267557994211484e-08
1.043767381584857823e+01 1.323553692350000415e-08
1.044729362206768997e+01 1.308879657600868045e-08
1.045692229431128695e+01 1.294248292197398954e-08
1.046655984075068879e+01 1.279662372235941279e-08
1.047620626956472201e+01 1.265124611248210511e-08
1.048586158893976972e+01 1.250637660033558277e-08
1.049552580706975569e+01 1.236204106533546613e-08
1.050519893215614431e+01 1.221826475747696974e-08
1.051488097240797792e+01 1.207507229689702928e-08
1.052457193604184127e+01 1.193248767383352820e-08
1.053427183128191125e+01 1.179053424897004674e-08
1.054398066635994269e+01 1.164923475416130926e-08
1.055369844951526304e+01 1.150861129352701809e-08
1.056342518899481142e+01 1.136868534490649861e-08
1.057316089305310847e+01 1.122947776166555125e-08
1.058290556995229892e+01 1.109100877484467757e-08
1.059265922796214277e+01 1.095329799564064360e-08
1.060242187536000280e+01 1.081636441821202337e-08
1.061219352043089614e+01 1.068022642279824387e-08
1.062197417146744804e+01 1.054490177914371247e-08
1.063176383676995229e+01 1.041040765021675473e-08
1.064156252464634278e+01 1.027676059621445898e-08
1.065137024341219885e+01 1.014397657884342203e-08
1.066118700139078612e+01 1.001207096586691320e-08
1.067101280691301746e+01 9.881058535909005304e-09
1.068084766831750265e+01 9.750953483506016102e-09
1.069069159395053425e+01 9.621769424395797274e-09
1.070054459216608045e+01 9.493519401035851320e-09
1.071040667132583479e+01 9.366215888339286481e-09
1.072027783979917004e+01 9.239870799621737449e-09
1.073015810596319319e+01 9.114495492747095641e-09
1.074004747820272776e+01 8.990100776465032863e-09
1.074994596491031373e+01 8.866696916930509689e-09
1.075985357448624491e+01 8.744293644394530062e-09
1.076977031533853513e+01 8.622900160060295636e-09
1.077969619588296446e+01 8.502525143092542379e-09
1.078963122454306856e+01 8.383176757773609092e-09
1.079957540975013153e+01 8.264862660796391084e-09
1.080952875994322859e+01 8.147590008685257037e-09
1.081949128356919232e+01 8.031365465338088269e-09
1.082946298908265526e+01 7.916195209678819401e-09
1.083944388494604461e+01 7.802084943413869607e-09
1.084943397962956624e+01 7.689039898884212475e-09
1.085943328161125265e+01 7.577064847003879637e-09
1.086944179937694877e+01 7.466164105278356800e-09
1.087945954142030303e+01 7.356341545895489611e-09
1.088948651624281538e+01 7.247600603878638994e-09
1.089952273235379998e+01 7.139944285299211511e-09
1.090956819827042601e+01 7.033375175536434978e-09
1.091962292251771771e+01 6.927895447581001112e-09
1.092968691362853484e+01 6.823506870374078431e-09
1.093976018014362772e+01 6.720210817174521253e-09
1.094984273061159463e+01 6.618008273949034615e-09
1.095993457358892620e+01 6.516899847777429448e-09
1.097003571764000540e+01 6.416885775267576440e-09
1.098014617133708448e+01 6.317965930974280742e-09
1.099026594326034534e+01 6.220139835814131608e-09
1.100039504199784979e+01 6.123406665473840471e-09
1.101053347614559463e+01 6.027765258802968467e-09
1.102068125430749745e+01 5.933214126188139173e-09
1.103083838509539305e+01 5.839751457902455784e-09
1.104100487712907075e+01 5.747375132424901553e-09
1.105118073903624065e+01 5.656082724725324559e-09
1.106136597945258870e+01 5.565871514509630954e-09
1.107156060702175360e+01 5.476738494421243508e-09
1.108176463039532322e+01 5.388680378193974056e-09
1.109197805823288796e+01 5.301693608751858771e-09
1.110220089920198738e+01 5.215774366252892400e-09
1.111243316197817599e+01 5.130918576070990300e-09
1.112267485524499655e+01 5.047121916714363449e-09
1.113292598769398190e+01 4.964379827675170468e-09
1.114318656802469576e+01 4.882687517207923740e-09
1.115345660494470081e+01 4.802039970032943879e-09
1.116373610716959774e+01 4.722431954961509963e-09
1.117402508342302170e+01 4.643858032440683087e-09
1.118432354243663163e+01 4.566312562013868345e-09
1.119463149295015647e+01 4.489789709694965375e-09
1.120494894371135608e+01 4.414283455253918771e-09
1.121527590347606917e+01 4.339787599410334812e-09
1.122561238100820624e+01 4.266295770933889825e-09
1.123595838507973710e+01 4.193801433649252127e-09
1.124631392447073885e+01 4.122297893342688587e-09
1.125667900796935861e+01 4.051778304570089461e-09
1.126705364437185963e+01 3.982235677363048172e-09
1.127743784248261250e+01 3.913662883832858740e-09
1.128783161111408262e+01 3.846052664670209037e-09
1.129823495908688358e+01 3.779397635539099980e-09
1.130864789522973268e+01 3.713690293365030779e-09
1.131907042837950605e+01 3.648923022514497603e-09
1.132950256738121908e+01 3.585088100866732138e-09
1.133994432108802464e+01 3.522177705775705518e-09
1.135039569836125750e+01 3.460183919921769834e-09
1.136085670807039349e+01 3.399098737053151438e-09
1.137132735909310632e+01 3.338914067615458879e-09
1.138180766031524627e+01 3.279621744270156326e-09
1.139229762063084017e+01 3.221213527300935814e-09
1.140279724894213054e+01 3.163681109907483323e-09
1.141330655415954531e+01 3.107016123387731406e-09
1.142382554520173876e+01 3.051210142207146647e-09
1.143435423099558967e+01 2.996254688956050374e-09
1.144489262047618006e+01 2.942141239195112399e-09
1.145544072258685198e+01 2.888861226188330013e-09
1.146599854627918269e+01 2.836406045525105203e-09
1.147656610051298642e+01 2.784767059630893631e-09
1.148714339425636055e+01 2.733935602166862909e-09
1.149773043648563764e+01 2.683902982320026391e-09
1.150832723618544762e+01 2.634660488982954129e-09
1.151893380234869824e+01 2.586199394825265454e-09
1.152955014397656441e+01 2.538510960256580146e-09
1.154017627007854685e+01 2.491586437281740927e-09
1.155081218967242407e+01 2.445417073250139033e-09
1.156145791178429860e+01 2.399994114498582893e-09
1.157211344544860054e+01 2.355308809889714160e-09
1.158277879970805913e+01 2.311352414246785868e-09
1.159345398361377022e+01 2.268116191685168333e-09
1.160413900622514305e+01 2.225591418842731394e-09
1.161483387660995525e+01 2.183769388009129056e-09
1.162553860384434046e+01 2.142641410156017669e-09
1.163625319701278116e+01 2.102198817868989756e-09
1.164697766520815669e+01 2.062432968182111037e-09
1.165771201753170061e+01 2.023335245317402414e-09
1.166845626309305395e+01 1.984897063329099398e-09
1.167921041101025459e+01 1.947109868655338453e-09
1.168997447040972304e+01 1.909965142577747941e-09
1.170074845042631750e+01 1.873454403590535993e-09
1.171153236020329125e+01 1.837569209680794404e-09
1.172232620889234234e+01 1.802301160520784919e-09
1.173313000565360120e+01 1.767641899574191920e-09
1.174394375965562531e+01 1.733583116117670773e-09
1.175476748007544359e+01 1.700116547178601758e-09
1.176560117609852441e+01 1.667233979391565634e-09
1.177644485691881293e+01 1.634927250773850635e-09
1.178729853173873110e+01 1.603188252422267092e-09
1.179816220976916519e+01 1.572008930132637194e-09
1.180903590022951200e+01 1.541381285943017685e-09
1.181991961234764332e+01 1.511297379602739330e-09
1.183081335535995571e+01 1.481749329968362089e-09
1.184171713851135266e+01 1.452729316328182151e-09
1.185263097105524288e+01 1.424229579657006812e-09
1.186355486225359179e+01 1.396242423802052714e-09
1.187448882137687001e+01 1.368760216602476903e-09
1.188543285770411373e+01 1.341775390942979107e-09
1.189638698052291232e+01 1.315280445743705111e-09
1.190735119912939410e+01 1.289267946887766243e-09
1.191832552282828139e+01 1.263730528087507575e-09
1.192930996093284612e+01 1.238660891691637474e-09
1.194030452276496135e+01 1.214051809433990456e-09
1.195130921765509768e+01 1.189896123125928025e-09
1.196232405494229845e+01 1.166186745293576696e-09
1.197334904397424182e+01 1.142916659761304243e-09
1.198438419410720002e+01 1.120078922182958660e-09
1.199542951470608365e+01 1.097666660522285567e-09
1.200648501514443467e+01 1.075673075483787352e-09
1.201755070480441390e+01 1.054091440895653621e-09
1.202862659307685789e+01 1.032915104045803113e-09
1.203971268936123096e+01 1.012137485972656088e-09
1.205080900306567848e+01 9.917520817118994681e-10
1.206191554360701801e+01 9.717524605005179703e-10
1.207303232041072683e+01 9.521322659393921681e-10
1.208415934291098814e+01 9.328852161158819039e-10
1.209529662055068222e+01 9.140051036874396695e-10
1.210644416278136681e+01 8.954857959277955121e-10
1.211760197906334291e+01 8.773212242715764845e-10
1.212877007886560321e+01 8.595053422556837756e-10
1.213994847166588542e+01 8.420321661599895606e-10
1.215113716695065982e+01 8.248957929829304146e-10
1.216233617421512747e+01 8.080904000204825134e-10
1.217354550296326110e+01 7.916102444157854683e-10
1.218476516270776777e+01 7.754496626900021885e-10
1.219599516297014041e+01 7.596030702549759108e-10
1.220723551328065071e+01 7.440649609086052551e-10
1.221848622317833311e+01 7.288299063138942491e-10
1.222974730221103457e+01 7.138925554621401322e-10
1.224101875993538435e+01 6.992476341213951720e-10
1.225230060591683490e+01 6.848899442707143132e-10
1.226359284972964936e+01 6.708143635210501666e-10
1.227489550095690696e+01 6.570158445234764183e-10
1.228620856919053317e+01 6.434894143654391439e-10
1.229753206403127663e+01 6.302301739558013760e-10
1.230886599508874824e+01 6.172332973991758901e-10
1.232021037198141933e+01 6.044940313604382184e-10
1.233156520433660575e+01 5.920076944199177529e-10
1.234293050179051754e+01 5.797696764198326235e-10
1.235430627398822878e+01 5.677754378027395958e-10
1.236569253058371487e+01 5.560205089424794752e-10
1.237708928123985253e+01 5.445004894681612706e-10
1.238849653562840203e+01 5.332110475819354710e-10
1.239991430343006584e+01 5.221479193707611643e-10
1.241134259433444242e+01 5.113069081130784477e-10
1.242278141804007774e+01 5.006838835806024363e-10
1.243423078425445816e+01 4.902747813358635992e-10
1.244569070269399980e+01 4.800756020260167873e-10
1.245716118308409470e+01 4.700824106732354526e-10
1.246864223515907533e+01 4.602913359623202849e-10
1.248013386866226604e+01 4.506985695258055244e-10
1.249163609334596892e+01 4.413003652270942571e-10
1.250314891897145486e+01 4.320930384420401107e-10
1.251467235530901867e+01 4.230729653392302766e-10
1.252620641213793107e+01 4.142365821595545197e-10
1.253775109924650089e+01 4.055803844952461889e-10
1.254930642643205196e+01 3.971009265689039438e-10
1.256087240350092138e+01 3.887948205127749739e-10
1.257244904026851096e+01 3.806587356485477092e-10
1.258403634655923931e+01 3.726893977681934991e-10
1.259563433220660222e+01 3.648835884159089592e-10
1.260724300705315848e+01 3.572381441716607732e-10
1.261886238095051738e+01 3.497499559365329724e-10
1.263049246375939383e+01 3.424159682201202484e-10
1.264213326534956749e+01 3.352331784303073692e-10
1.265378479559992897e+01 3.281986361656443935e-10
1.266544706439847623e+01 3.213094425105645936e-10
1.267712008164230397e+01 3.145627493336999629e-10
1.268880385723764981e+01 3.079557585894523515e-10
1.270049840109985695e+01 3.014857216231710055e-10
1.271220372315342928e+01 2.951499384799379071e-10
1.272391983333201182e+01 2.889457572173632849e-10
1.273564674157838894e+01 2.828705732224490964e-10
1.274738445784453056e+01 2.769218285326907246e-10
1.275913299209157437e+01 2.710970111616945645e-10
1.277089235428981873e+01 2.653936544293416896e-10
1.278266255441878307e+01 2.598093362967327274e-10
1.279444360246715284e+01 2.543416787060310389e-10
1.280623550843283986e+01 2.489883469253249196e-10
1.281803828232297171e+01 2.437470488986651091e-10
1.282985193415387926e+01 2.386155346013714911e-10
1.284167647395115175e+01 2.335915954007465060e-10
1.285351191174958707e+01 2.286730634222818948e-10
1.286535825759326102e+01 2.238578109214478266e-10
1.287721552153549531e+01 2.191437496612105366e-10
1.288908371363886829e+01 2.145288302952964392e-10
1.290096284397524862e+01 2.100110417573188835e-10
1.291285292262576867e+01 2.055884106558600928e-10
1.292475395968086893e+01 2.012590006755054952e-10
1.293666596524028911e+01 1.970209119839940212e-10
1.294858894941306104e+01 1.928722806454473515e-10
1.296052292231755310e+01 1.888112780397827278e-10
1.297246789408143819e+01 1.848361102883531664e-10
1.298442387484174354e+01 1.809450176858137578e-10
1.299639087474483645e+01 1.771362741383160525e-10
1.300836890394641543e+01 1.734081866080180221e-10
1.302035797261156702e+01 1.697590945639179208e-10
1.303235809091471964e+01 1.661873694391236366e-10
1.304436926903969862e+01 1.626914140944449600e-10
1.305639151717971380e+01 1.592696622884563442e-10
1.306842484553735240e+01 1.559205781539482386e-10
1.308046926432463053e+01 1.526426556807983274e-10
1.309252478376294526e+01 1.494344182053056325e-10
1.310459141408314032e+01 1.462944179059140964e-10
1.311666916552548656e+01 1.432212353053922061e-10
1.312875804833966953e+01 1.402134787794277901e-10
1.314085807278485341e+01 1.372697840716046694e-10
1.315296924912962417e+01 1.343888138148253200e-10
1.316509158765206067e+01 1.315692570590625006e-10
1.317722509863970437e+01 1.288098288055098213e-10
1.318936979238956830e+01 1.261092695470640432e-10
1.320152567920817255e+01 1.234663448151073919e-10
1.321369276941151760e+01 1.208798447326136163e-10
1.322587107332512701e+01 1.183485835734911428e-10
1.323806060128404205e+01 1.158713993281660035e-10
1.325026136363280926e+01 1.134471532753814131e-10
1.326247337072553734e+01 1.110747295601315236e-10
1.327469663292584556e+01 1.087530347777630521e-10
1.328693116060693313e+01 1.064809975641312234e-10
1.329917696415155248e+01 1.042575681918359299e-10
1.331143405395200752e+01 1.020817181724566057e-10
1.332370244041020868e+01 9.995243986475085263e-11
1.333598213393762677e+01 9.786874608878130190e-11
1.334827314495534267e+01 9.582966974592062815e-11
1.336057548389404914e+01 9.383426344467806660e-11
1.337288916119402593e+01 9.188159913232595265e-11
1.338521418730520018e+01 8.997076773223290306e-11
1.339755057268712868e+01 8.810087878689756394e-11
1.340989832780898361e+01 8.627106010661476081e-11
1.342225746314962187e+01 8.448045742369928132e-11
1.343462798919752110e+01 8.272823405226471863e-11
1.344700991645085253e+01 8.101357055344167357e-11
1.345940325541746141e+01 7.933566440603952893e-11
1.347180801661485816e+01 7.769372968255677371e-11
1.348422421057026810e+01 7.608699673049044014e-11
1.349665184782059946e+01 7.451471185891345344e-11
1.350909093891248780e+01 7.297613703022313987e-11
1.352154149440229070e+01 7.147054955703972260e-11
1.353400352485607172e+01 6.999724180417664954e-11
1.354647704084966264e+01 6.855552089562065017e-11
1.355896205296861368e+01 6.714470842649331956e-11
1.357145857180825210e+01 6.576414017989190476e-11
1.358396660797367161e+01 6.441316584858341836e-11
1.359648617207971633e+01 6.309114876148932979e-11
1.360901727475104295e+01 6.179746561487768979e-11
1.362155992662207282e+01 6.053150620823816986e-11
1.363411413833704877e+01 5.929267318475402881e-11
1.364667992055002621e+01 5.808038177631762719e-11
1.365925728392485183e+01 5.689405955304935221e-11
1.367184623913523822e+01 5.573314617722322448e-11
1.368444679686469811e+01 5.459709316158409716e-11
1.369705896780661902e+01 5.348536363195633276e-11
1.370968276266423835e+01 5.239743209411529053e-11
1.372231819215064164e+01 5.133278420485173429e-11
1.373496526698881404e+01 5.029091654716308955e-11
1.374762399791159417e+01 4.927133640952815524e-11
1.376029439566173451e+01 4.827356156919753181e-11
1.377297647099188893e+01 4.729712007944108743e-11
1.378567023466460029e+01 4.634155006070854430e-11
1.379837569745235903e+01 4.540639949562040236e-11
1.381109287013755527e+01 4.449122602776419746e-11
1.382382176351253911e+01 4.359559676421169589e-11
1.383656238837960295e+01 4.271908808171609263e-11
1.384931475555097968e+01 4.186128543653418650e-11
1.386207887584889242e+01 4.102178317780802325e-11
1.387485476010551189e+01 4.020018436445953610e-11
1.388764241916300968e+01 3.939610058554280106e-11
1.390044186387355296e+01 3.860915178399639245e-11
1.391325310509929025e+01 3.783896608374570350e-11
1.392607615371240826e+01 3.708517962009994674e-11
1.393891102059508391e+01 3.634743637339190272e-11
1.395175771663954833e+01 3.562538800581001725e-11
1.396461625274806906e+01 3.491869370136604297e-11
1.397748663983294115e+01 3.422702000895655627e-11
1.399036888881654406e+01 3.355004068845424925e-11
1.400326301063129719e+01 3.288743655979442984e-11
1.401616901621971500e+01 3.223889535499078173e-11
1.402908691653440165e+01 3.160411157304560367e-11
1.404201672253802613e+01 3.098278633770189246e-11
1.405495844520339688e+01 3.037462725797737650e-11
1.406791209551340494e+01 2.977934829145492837e-11
1.408087768446108434e+01 2.919666961026279432e-11
1.409385522304959970e+01 2.862631746970931413e-11
1.410684472229223729e+01 2.806802407952308551e-11
1.411984619321245304e+01 2.752152747765249632e-11
1.413285964684386542e+01 2.698657140658053539e-11
1.414588509423023588e+01 2.646290519211403327e-11
1.415892254642553993e+01 2.595028362459569249e-11
1.417197201449390498e+01 2.544846684250719960e-11
1.418503350950968134e+01 2.495722021840966211e-11
1.419810704255742628e+01 2.447631424718657695e-11
1.421119262473188805e+01 2.400552443654814273e-11
1.422429026713807154e+01 2.354463119975082305e-11
1.423739998089118686e+01 2.309341975049687000e-11
1.425052177711671320e+01 2.265167999997329219e-11
1.426365566695037579e+01 2.221920645598916342e-11
1.427680166153815122e+01 2.179579812417472115e-11
1.428995977203630829e+01 2.138125841120402003e-11
1.430313000961137782e+01 2.097539503000282876e-11
1.431631238544019524e+01 2.057801990690532873e-11
1.432950691070990246e+01 2.018894909072379406e-11
1.434271359661792999e+01 1.980800266369537689e-11
1.435593245437205567e+01 1.943500465426966049e-11
1.436916349519035840e+01 1.906978295170333052e-11
1.438240673030127859e+01 1.871216922242823427e-11
1.439566217094360212e+01 1.836199882815688436e-11
1.440892982836645686e+01 1.801911074569659446e-11
1.442220971382936412e+01 1.768334748843329514e-11
1.443550183860219072e+01 1.735455502946041825e-11
1.444880621396521825e+01 1.703258272631344212e-11
1.446212285120911822e+01 1.671728324728702075e-11
1.447545176163495384e+01 1.640851249929732194e-11
1.448879295655422439e+01 1.610612955726321113e-11
1.450214644728883151e+01 1.580999659497629580e-11
1.451551224517113070e+01 1.551997881742917936e-11
1.452889036154392244e+01 1.523594439457572630e-11
1.454228080776043974e+01 1.495776439649256153e-11
1.455568359518440857e+01 1.468531272991682065e-11
1.456909873518999810e+01 1.441846607613034494e-11
1.458252623916188284e+01 1.415710383016613765e-11
1.459596611849522851e+01 1.390110804130871799e-11
1.460941838459568309e+01 1.365036335486362563e-11
1.462288304887943546e+01 1.340475695517084958e-11
1.463636012277316745e+01 1.316417850983722574e-11
1.464984961771411065e+01 1.292852011516140757e-11
1.466335154515004291e+01 1.269767624273141364e-11
1.467686591653926698e+01 1.247154368716676546e-11
1.469039274335067802e+01 1.225002151498520317e-11
1.470393203706370855e+01 1.203301101456955300e-11
1.471748380916839594e+01 1.182041564721192165e-11
1.473104807116536641e+01 1.161214099921597254e-11
1.474462483456582440e+01 1.140809473503270281e-11
1.475821411089161117e+01 1.120818655140879456e-11
1.477181591167516039e+01 1.101232813253031779e-11
1.478543024845955323e+01 1.082043310613555963e-11
1.479905713279851298e+01 1.063241700058265254e-11
1.481269657625638558e+01 1.044819720284863862e-11
1.482634859040820707e+01 1.026769291744124690e-11
1.484001318683965209e+01 1.009082512620703074e-11
1.485369037714709428e+01 9.917516549012670234e-12
1.486738017293759384e+01 9.747691605286347064e-12
1.488108258582889043e+01 9.581276376397313306e-12
1.489479762744944757e+01 9.418198568857558297e-12
1.490852530943845267e+01 9.258387478329403026e-12
1.492226564344579209e+01 9.101773954420740120e-12
1.493601864113212230e+01 8.948290366250823264e-12
1.494978431416881648e+01 8.797870568773290383e-12
1.496356267423802500e+01 8.650449869836469711e-12
1.497735373303266826e+01 8.505964997969170113e-12
1.499115750225642074e+01 8.364354070873744747e-12
1.500497399362376783e+01 8.225556564613280439e-12
1.501880321885997027e+01 8.089513283477395043e-12
1.503264518970110863e+01 7.956166330511711533e-12
1.504649991789408858e+01 7.825459078698662510e-12
1.506036741519661426e+01 7.697336142773873150e-12
1.507424769337725756e+01 7.571743351664976563e-12
1.508814076421540662e+01 7.448627721541025763e-12
1.510204663950132975e+01 7.327937429456743827e-12
1.511596533103615947e+01 7.209621787581778953e-12
1.512989685063188539e+01 7.093631218000391029e-12
1.514384121011140927e+01 6.979917228069255705e-12
1.515779842130850241e+01 6.868432386323748979e-12
1.517176849606786426e+01 6.759130298917470862e-12
1.518575144624511175e+01 6.651965586585994762e-12
1.519974728370676509e+01 6.546893862123039087e-12
1.521375602033031171e+01 6.443871708356743860e-12
1.522777766800415478e+01 6.342856656617219910e-12
1.524181223862767531e+01 6.243807165682742405e-12
1.525585974411122869e+01 6.146681856882095920e-12
1.526992019637611442e+01 6.051437006024329134e-12
1.528399360735465784e+01 5.958029099967617266e-12
1.529807998899014621e+01 5.866415763253640637e-12
1.531217935323689971e+01 5.776555725300768739e-12
1.532629171206025553e+01 5.688408788587629918e-12
1.534041707743655536e+01 5.601935797833575057e-12
1.535455546135320937e+01 5.517098610143501370e-12
1.536870687580864470e+01 5.433860066085132513e-12
1.538287133281237118e+01 5.352183961665746130e-12
1.539704884438496535e+01 5.272035021180290943e-12
1.541123942255806156e+01 5.193378870900277998e-12
1.542544307937441239e+01 5.116182013575338095e-12
1.543965982688783889e+01 5.040411803722078250e-12
1.545388967716329276e+01 4.966036423671995926e-12
1.546813264227685103e+01 4.893024860354357777e-12
1.548238873431568940e+01 4.821346882790549035e-12
1.549665796537816043e+01 4.750973020274254183e-12
1.551094034757373485e+01 4.681874541217396036e-12
1.552523589302306561e+01 4.614023432638034841e-12
1.553954461385797892e+01 4.547392380270223179e-12
1.555386652222145649e+01 4.481954749275650112e-12
1.556820163026770487e+01 4.417684565536265819e-12
1.558254995016209676e+01 4.354556497510788137e-12
1.559691149408124922e+01 4.292545838634957576e-12
1.561128627421299164e+01 4.231628490249314651e-12
1.562567430275636937e+01 4.171780945037002723e-12
1.564007559192170227e+01 4.112980270954592300e-12
1.565449015393052790e+01 4.055204095641392968e-12
1.566891800101567434e+01 3.998430591290489619e-12
1.568335914542124243e+01 3.942638459967511199e-12
1.569781359940259868e+01 3.887806919363112701e-12
1.571228137522642143e+01 3.833915688964304584e-12
1.572676248517069908e+01 3.780944976632343889e-12
1.574125694152471056e+01 3.728875465573952160e-12
1.575576475658909459e+01 3.677688301693032405e-12
1.577028594267579287e+01 3.627365081311716145e-12
1.578482051210811932e+01 3.577887839247951156e-12
1.579936847722074234e+01 3.529239037239790976e-12
1.581392985035968124e+01 3.481401552704407413e-12
1.582850464388235956e+01 3.434358667821551314e-12
1.584309287015756240e+01 3.388094058932297597e-12
1.585769454156549507e+01 3.342591786241628895e-12
1.587230967049777419e+01 3.297836283816792014e-12
1.588693826935741349e+01 3.253812349871878275e-12
1.590158035055889130e+01 3.210505137329067084e-12
1.591623592652809194e+01 3.167900144649296932e-12
1.593090500970237855e+01 3.125983206922823790e-12
1.594558761253057710e+01 3.084740487212319992e-12
1.596028374747296041e+01 3.044158468141058098e-12
1.597499342700132274e+01 3.004223943717532708e-12
1.598971666359891408e+01 2.964924011390895137e-12
1.600445346976052008e+01 2.926246064328713496e-12
1.601920385799243363e+01 2.888177783911128534e-12
1.603396784081246196e+01 2.850707132434859727e-12
1.604874543074996751e+01 2.813822346020104052e-12
1.606353664034584128e+01 2.777511927714859930e-12
1.607834148215254544e+01 2.741764640790412267e-12
1.609315996873411692e+01 2.706569502222236833e-12
1.610799211266614961e+01 2.671915776350833371e-12
1.612283792653585834e+01 2.637792968717166533e-12
1.613769742294202203e+01 2.604190820067222018e-12
1.615257061449506182e+01 2.571099300521074329e-12
1.616745751381701623e+01 2.538508603901109637e-12
1.618235813354153407e+01 2.506409142215125308e-12
1.619727248631394545e+01 2.474791540289298139e-12
1.621220058479119075e+01 2.443646630546983991e-12
1.622714244164191655e+01 2.412965447928723757e-12
1.624209806954642588e+01 2.382739224949542750e-12
1.625706748119670308e+01 2.352959386889408788e-12
1.627205068929644582e+01 2.323617547112904138e-12
1.628704770656104017e+01 2.294705502514436657e-12
1.630205854571761037e+01 2.266215229085310629e-12
1.631708321950500817e+01 2.238138877599003656e-12
1.633212174067380573e+01 2.210468769411376810e-12
1.634717412198635955e+01 2.183197392372400702e-12
1.636224037621675009e+01 2.156317396846140016e-12
1.637732051615086348e+01 2.129821591835918419e-12
1.639241455458636310e+01 2.103702941211699654e-12
1.640752250433268600e+01 2.077954560036629332e-12
1.642264437821111045e+01 2.052569710989903681e-12
1.643778018905468841e+01 2.027541800883400511e-12
1.645292994970833789e+01 2.002864377268989046e-12
1.646809367302880034e+01 1.978531125134498331e-12
1.648327137188465841e+01 1.954535863685272981e-12
1.649846305915637146e+01 1.930872543209228135e-12
1.651366874773625071e+01 1.907535242023003643e-12
1.652888845052850542e+01 1.884518163496611962e-12
1.654412218044924288e+01 1.861815633155033241e-12
1.655936995042644355e+01 1.839422095853711794e-12
1.657463177340003568e+01 1.817332113026699480e-12
1.658990766232186687e+01 1.795540360004847495e-12
1.660519763015570049e+01 1.774041623402372450e-12
1.662050168987728327e+01 1.752830798569754205e-12
1.663581985447427769e+01 1.731902887111236797e-12
1.665115213694635443e+01 1.711252994464989310e-12
1.666649855030515681e+01 1.690876327544251518e-12
1.668185910757429369e+01 1.670768192437977575e-12
1.669723382178942117e+01 1.650923992168794257e-12
1.671262270599816091e+01 1.631339224507395114e-12
1.672802577326019602e+01 1.612009479841181784e-12
1.674344303664724620e+01 1.592930439096144562e-12
1.675887450924304645e+01 1.574097871710175994e-12
1.677432020414342873e+01 1.555507633656618327e-12
1.678978013445625805e+01 1.537155665516617638e-12
1.680525431330151065e+01 1.519037990598824165e-12
1.682074275381124906e+01 1.501150713105416366e-12
1.683624546912961861e+01 1.483490016342955292e-12
1.685176247241290426e+01 1.466052160976925257e-12
1.686729377682949504e+01 1.448833483328813717e-12
1.688283939555992674e+01 1.431830393714573803e-12
1.689839934179689962e+01 1.415039374823275002e-12
1.691397362874523225e+01 1.398456980134998859e-12
1.692956226962195743e+01 1.382079832376765203e-12
1.694516527765625469e+01 1.365904622015626569e-12
1.696078266608951424e+01 1.349928105787821114e-12
1.697641444817533340e+01 1.334147105262982961e-12
1.699206063717950599e+01 1.318558505442810394e-12
1.700772124638007554e+01 1.303159253392613068e-12
1.702339628906729985e+01 1.287946356905645948e-12
1.703908577854370066e+01 1.272916883198786642e-12
1.705478972812406369e+01 1.258067957638925047e-12
1.707050815113542797e+01 1.243396762499334865e-12
1.708624106091713912e+01 1.228900535745066710e-12
1.710198847082080675e+01 1.214576569846750311e-12
1.711775039421036837e+01 1.200422210621923692e-12
1.713352684446208940e+01 1.186434856103295197e-12
1.714931783496452056e+01 1.172611955433185708e-12
1.716512337911860087e+01 1.158951007783352133e-12
1.718094349033758306e+01 1.145449561299788882e-12
1.719677818204709752e+01 1.132105212071556160e-12
1.721262746768515939e+01 1.118915603123230961e-12
1.722849136070214016e+01 1.105878423430336969e-12
1.724436987456084580e+01 1.092991406956977673e-12
1.726026302273644220e+01 1.080252331715401680e-12
1.727617081871655813e+01 1.067659018846633876e-12
1.729209327600124269e+01 1.055209331721835173e-12
1.730803040810295812e+01 1.042901175063822155e-12
1.732398222854666869e+01 1.030732494088058192e-12
1.733994875086975540e+01 1.018701273662961717e-12
1.735592998862210479e+01 1.006805537488638259e-12
1.737192595536610185e+01 9.950433472938653825e-13
1.738793666467659094e+01 9.834128020507848557e-13
1.740396213014096460e+01 9.719120372067283346e-13
1.742000236535912805e+01 9.605392239329497543e-13
1.743605738394350624e+01 9.492925683897034256e-13
1.745212719951909364e+01 9.381703110071748788e-13
1.746821182572341158e+01 9.271707257822167939e-13
1.748431127620658287e+01 9.162921195899626711e-13
1.750042556463129984e+01 9.055328315104640473e-13
1.751655470467283138e+01 8.948912321696354545e-13
1.753269871001907276e+01 8.843657230942589230e-13
1.754885759437051007e+01 8.739547360807844888e-13
1.756503137144028059e+01 8.636567325773405486e-13
1.758122005495415863e+01 8.534702030789732489e-13
1.759742365865053770e+01 8.433936665354854344e-13
1.761364219628051941e+01 8.334256697716661407e-13
1.762987568160783525e+01 8.235647869197083783e-13
1.764612412840892830e+01 8.138096188633622402e-13
1.766238755047294262e+01 8.041587926935767506e-13
1.767866596160170189e+01 7.946109611754950520e-13
1.769495937560979115e+01 7.851648022262390876e-13
1.771126780632447861e+01 7.758190184035567859e-13
1.772759126758581871e+01 7.665723364047651793e-13
1.774392977324661302e+01 7.574235065759643157e-13
1.776028333717240670e+01 7.483713024311539107e-13
1.777665197324155244e+01 7.394145201810718968e-13
1.779303569534517138e+01 7.305519782714680017e-13
1.780943451738719929e+01 7.217825169306542293e-13
1.782584845328439727e+01 7.131049977260637538e-13
1.784227751696631969e+01 7.045183031296364734e-13
1.785872172237539957e+01 6.960213360917666706e-13
1.787518108346688450e+01 6.876130196237275572e-13
1.789165561420890427e+01 6.792922963882211122e-13
1.790814532858246366e+01 6.710581282979711200e-13
1.792465024058143541e+01 6.629094961221943164e-13
1.794117036421261346e+01 6.548453991006357134e-13
1.795770571349567035e+01 6.468648545651361956e-13
1.797425630246322825e+01 6.389668975684719744e-13
1.799082214516083766e+01 6.311505805203484689e-13
1.800740325564697386e+01 6.234149728303482788e-13
1.802399964799309728e+01 6.157591605577127888e-13
1.804061133628361091e+01 6.081822460677726197e-13
1.805723833461591354e+01 6.006833476948912193e-13
1.807388065710040692e+01 5.932615994117928491e-13
1.809053831786046374e+01 5.859161505051119951e-13
1.810721133103251290e+01 5.786461652570153669e-13
1.812389971076597561e+01 5.714508226328068198e-13
1.814060347122334349e+01 5.643293159743591949e-13
1.815732262658015372e+01 5.572808526992271692e-13
1.817405719102498907e+01 5.503046540053710401e-13
1.819080717875953823e+01 5.433999545813206964e-13
1.820757260399854616e+01 5.365660023216887985e-13
1.822435348096988861e+01 5.298020580479295678e-13
1.824114982391454731e+01 5.231073952342094961e-13
1.825796164708660996e+01 5.164812997382978859e-13
1.827478896475333414e+01 5.099230695373750362e-13
1.829163179119508698e+01 5.034320144686730528e-13
1.830849014070543035e+01 4.970074559747994390e-13
1.832536402759109251e+01 4.906487268536940879e-13
1.834225346617196806e+01 4.843551710131465730e-13
1.835915847078117125e+01 4.781261432297113704e-13
1.837607905576502887e+01 4.719610089120032392e-13
1.839301523548306250e+01 4.658591438682657306e-13
1.840996702430805954e+01 4.598199340781047803e-13
1.842693443662602704e+01 4.538427754683481576e-13
1.844391748683625210e+01 4.479270736929287361e-13
1.846091618935129119e+01 4.420722439167303454e-13
1.847793055859695954e+01 4.362777106033052256e-13
1.849496060901240568e+01 4.305429073064092156e-13
1.851200635505004399e+01 4.248672764652781356e-13
1.852906781117564705e+01 4.192502692035807422e-13
1.854614499186830301e+01 4.136913451319759561e-13
1.856323791162043335e+01 4.081899721542288758e-13
1.858034658493784264e+01 4.027456262767927304e-13
1.859747102633967231e+01 3.973577914218553070e-13
1.861461125035847175e+01 3.920259592436870838e-13
1.863176727154018408e+01 3.867496289483890117e-13
1.864893910444413549e+01 3.815283071168140171e-13
1.866612676364309564e+01 3.763615075307551201e-13
1.868333026372324213e+01 3.712487510022461329e-13
1.870054961928421733e+01 3.661895652059933161e-13
1.871778484493911421e+01 3.611834845148392889e-13
1.873503595531447630e+01 3.562300498382540969e-13
1.875230296505035454e+01 3.513288084637756337e-13
1.876958588880026468e+01 3.464793139013643803e-13
1.878688474123124763e+01 3.416811257306446943e-13
1.880419953702386948e+01 3.369338094509711543e-13
1.882153029087218954e+01 3.322369363342796721e-13
1.883887701748385979e+01 3.275900832806983307e-13
1.885623973158003963e+01 3.229928326768780128e-13
1.887361844789548471e+01 3.184447722569709258e-13
1.889101318117853623e+01 3.139454949662801466e-13
1.890842394619109612e+01 3.094945988274921883e-13
1.892585075770871228e+01 3.050916868094822871e-13
1.894329363052050752e+01 3.007363666986718131e-13
1.896075257942926839e+01 2.964282509728455126e-13
1.897822761925142387e+01 2.921669566774943177e-13
1.899571876481702404e+01 2.879521053045557375e-13
1.901322603096983244e+01 2.837833226735838394e-13
1.903074943256724794e+01 2.796602388153020707e-13
1.904828898448040420e+01 2.755824878574776786e-13
1.906584470159412348e+01 2.715497079131669032e-13
1.908341659880692731e+01 2.675615409712237092e-13
1.910100469103111109e+01 2.636176327890747825e-13
1.911860899319266593e+01 2.597176327877721512e-13
1.913622952023137103e+01 2.558611939492151361e-13
1.915386628710077943e+01 2.520479727156131714e-13
1.917151930876818966e+01 2.482776288910834211e-13
1.918918860021474160e+01 2.445498255454970413e-13
1.920687417643534189e+01 2.408642700277417482e-13
1.922457605243873502e+01 2.372208261651199856e-13
1.924229424324751747e+01 2.336193858350548798e-13
1.926002876389808094e+01 2.300598300246479264e-13
1.927777962944073309e+01 2.265420291500233395e-13
1.929554685493960520e+01 2.230658433731269926e-13
1.931333045547273741e+01 2.196311229157801245e-13
1.933113044613207165e+01 2.162377083709007934e-13
1.934894684202343029e+01 2.128854310107481080e-13
1.936677965826658721e+01 2.095741130920201273e-13
1.938462890999524646e+01 2.063035681577664035e-13
1.940249461235703876e+01 2.030736013359339691e-13
1.942037678051358540e+01 1.998840096344758596e-13
1.943827542964045207e+01 1.967345822329177141e-13
1.945619057492721282e+01 1.936251007702647174e-13
1.947412223157743938e+01 1.905553396292097561e-13
1.949207041480869762e+01 1.875250662165060959e-13
1.951003513985260440e+01 1.845340412394589631e-13
1.952801642195478493e+01 1.815820189784704243e-13
1.954601427637494027e+01 1.786687475555246995e-13
1.956402871838683666e+01 1.757939691986365514e-13
1.958205976327828779e+01 1.729574205021181069e-13
1.960010742635123648e+01 1.701588326826637809e-13
1.961817172292168721e+01 1.673979318312178121e-13
1.963625266831979843e+01 1.646744391605262864e-13
1.965435027788984357e+01 1.619880712484110112e-13
1.967246456699022161e+01 1.593385402766856453e-13
1.969059555099351400e+01 1.567255542656741255e-13
1.970874324528644195e+01 1.541488173043827595e-13
1.972690766526993400e+01 1.516080297762085279e-13
1.974508882635910467e+01 1.491028885802531147e-13
1.976328674398325802e+01 1.466330873481870306e-13
1.978150143358595159e+01 1.441983166566499700e-13
1.979973291062493601e+01 1.417982642352399589e-13
1.981798119057224028e+01 1.394326151700187683e-13
1.983624628891415043e+01 1.371010521025822896e-13
1.985452822115120242e+01 1.348032554247134137e-13
1.987282700279825320e+01 1.325389034685737453e-13
1.989114264938441323e+01 1.303076726925137683e-13
1.990947517645314591e+01 1.281092378624589026e-13
1.992782459956223562e+01 1.259432722289412764e-13
1.994619093428377354e+01 1.238094476997640106e-13
1.996457419620424290e+01 1.217074350083261878e-13
1.998297440092445854e+01 1.196369038776686612e-13
2.000139156405963448e+01 1.175975231802172773e-13
2.001982570123938032e+01 1.155889610933029279e-13
2.003827682810768351e+01 1.136108852504684932e-13
2.005674496032298393e+01 1.116629628885974201e-13
2.007523011355811704e+01 1.097448609909205991e-13
2.009373230350039563e+01 1.078562464259089827e-13
2.011225154585158492e+01 1.059967860821352642e-13
2.013078785632789192e+01 1.041661469991159004e-13
2.014934125066005066e+01 1.023639964941804929e-13
2.016791174459325475e+01 1.005900022854398176e-13
2.018649935388723549e+01 9.884383261086970435e-14
2.020510409431624765e+01 9.712515634357987264e-14
2.022372598166906599e+01 9.543364310331067311e-14
2.024236503174903845e+01 9.376896336420755499e-14
2.026102126037405426e+01 9.213078855892958933e-14
2.027969468337660430e+01 9.051879117914075571e-14
2.029838531660376688e+01 8.893264487244578884e-14
2.031709317591720776e+01 8.737202453582020088e-14
2.033581827719323698e+01 8.583660640558114254e-14
2.035456063632276624e+01 8.432606814397639849e-14
2.037332026921138350e+01 8.284008892243364858e-14
2.039209719177933167e+01 8.137834950151944708e-14
2.041089141996149792e+01 7.994053230769867040e-14
2.042970296970748478e+01 7.852632150690761054e-14
2.044853185698159592e+01 7.713540307503201996e-14
2.046737809776282191e+01 7.576746486534443232e-14
2.048624170804491129e+01 7.442219667293938140e-14
2.050512270383632085e+01 7.309929029625427758e-14
2.052402110116028666e+01 7.179843959571090417e-14
2.054293691605482053e+01 7.051934054954728149e-14
2.056187016457267092e+01 6.926169130690757662e-14
2.058082086278144018e+01 6.802519223822032592e-14
2.059978902676348156e+01 6.680954598296528815e-14
2.061877467261600927e+01 6.561445749484503351e-14
2.063777781645107368e+01 6.443963408445047940e-14
2.065679847439554351e+01 6.328478545946771712e-14
2.067583666259119113e+01 6.214962376247614963e-14
2.069489239719462148e+01 6.103386360641353212e-14
2.071396569437736801e+01 5.993722210774550311e-14
2.073305657032586069e+01 5.885941891740854621e-14
2.075216504124142247e+01 5.780017624958622224e-14
2.077129112334035099e+01 5.675921890835480805e-14
2.079043483285384042e+01 5.573627431228057280e-14
2.080959618602807737e+01 5.473107251699925522e-14
2.082877519912423026e+01 5.374334623584796335e-14
2.084797188841841376e+01 5.277283085860047587e-14
2.086718627020178829e+01 5.181926446834531872e-14
2.088641836078048541e+01 5.088238785658646876e-14
2.090566817647570375e+01 4.996194453658636796e-14
2.092493573362366988e+01 4.905768075502985040e-14
2.094422104857565259e+01 4.816934550204322477e-14
2.096352413769801615e+01 4.729669051962330364e-14
2.098284501737218122e+01 4.643947030852764909e-14
2.100218370399468881e+01 4.559744213367180757e-14
2.102154021397719319e+01 4.477036602807816456e-14
2.104091456374644054e+01 4.395800479543643562e-14
2.106030676974436844e+01 4.316012401130084798e-14
2.107971684842801352e+01 4.237649202299173494e-14
2.109914481626961802e+01 4.160687994822877431e-14
2.111859068975660847e+01 4.085106167255251774e-14
2.113805448539156728e+01 4.010881384556951373e-14
2.115753621969233933e+01 3.937991587606501142e-14
2.117703590919193601e+01 3.866414992602918202e-14
2.119655357043865251e+01 3.796130090362941572e-14
2.121608921999602870e+01 3.727115645517837350e-14
2.123564287444283849e+01 3.659350695613324193e-14
2.125521455037317509e+01 3.592814550115732273e-14
2.127480426439639416e+01 3.527486789329516352e-14
2.129441203313717423e+01 3.463347263228822143e-14
2.131403787323553445e+01 3.400376090207096340e-14
2.133368180134678127e+01 3.338553655748169643e-14
2.135334383414162929e+01 3.277860611022343092e-14
2.137302398830609818e+01 3.218277871410912098e-14
2.139272228054163349e+01 3.159786614962045687e-14
2.141243872756506761e+01 3.102368280781921725e-14
2.143217334610860547e+01 3.046004567363782576e-14
2.145192615291991700e+01 2.990677430857814827e-14
2.147169716476206602e+01 2.936369083285668655e-14
2.149148639841359909e+01 2.883061990701317609e-14
2.151129387066852416e+01 2.830738871302524656e-14
2.153111959833629641e+01 2.779382693494396919e-14
2.155096359824189634e+01 2.728976673908652816e-14
2.157082588722580851e+01 2.679504275380524525e-14
2.159070648214400734e+01 2.630949204886820736e-14
2.161060539986804230e+01 2.583295411446237658e-14
2.163052265728498114e+01 2.536527083985800458e-14
2.165045827129747025e+01 2.490628649174839277e-14
2.167041225882374889e+01 2.445584769228986009e-14
2.169038463679761009e+01 2.401380339686860088e-14
2.171037542216850014e+01 2.358000487160831352e-14
2.173038463190143332e+01 2.315430567064642471e-14
2.175041228297710916e+01 2.273656161319421941e-14
2.177045839239185909e+01 2.232663076040526185e-14
2.179052297715766429e+01 2.192437339206585899e-14
2.181060605430221244e+01 2.152965198313044968e-14
2.183070764086885163e+01 2.114233118011769995e-14
2.185082775391666843e+01 2.076227777738361799e-14
2.187096641052046664e+01 2.038936069329146408e-14
2.189112362777076015e+01 2.002345094629093520e-14
2.191129942277385467e+01 1.966442163092492901e-14
2.193149381265178022e+01 1.931214789377824461e-14
2.195170681454237993e+01 1.896650690938048503e-14
2.197193844559929232e+01 1.862737785608106895e-14
2.199218872299192640e+01 1.829464189190773927e-14
2.201245766390556469e+01 1.796818213041846748e-14
2.203274528554128864e+01 1.764788361656661077e-14
2.205305160511605678e+01 1.733363330258380602e-14
2.207337663986270115e+01 1.702532002389677834e-14
2.209372040702989892e+01 1.672283447508698493e-14
2.211408292388227537e+01 1.642606918590408750e-14
2.213446420770031864e+01 1.613491849734550925e-14
2.215486427578047923e+01 1.584927853780689462e-14
2.217528314543514156e+01 1.556904719931887988e-14
2.219572083399262041e+01 1.529412411387514762e-14
2.221617735879724265e+01 1.502441062985963779e-14
2.223665273720927971e+01 1.475980978858641762e-14
2.225714698660502933e+01 1.450022630095154771e-14
2.227766012437680843e+01 1.424556652421368071e-14
2.229819216793292824e+01 1.399573843890278993e-14
2.231874313469779381e+01 1.375065162586775647e-14
2.233931304211181512e+01 1.351021724346871859e-14
2.235990190763152086e+01 1.327434800491826809e-14
2.238050974872951571e+01 1.304295815578017276e-14
2.240113658289448750e+01 1.281596345162859571e-14
2.242178242763127827e+01 1.259328113587398687e-14
2.244244730046082026e+01 1.237482991776048067e-14
2.246313121892022835e+01 1.216052995053795070e-14
2.248383420056277870e+01 1.195030280981611143e-14
2.250455626295789813e+01 1.174407147210097766e-14
2.252529742369123866e+01 1.154176029351888995e-14
2.254605770036463142e+01 1.134329498873356158e-14
2.256683711059614694e+01 1.114860261005551932e-14
2.258763567202010236e+01 1.095761152674930527e-14
2.260845340228703648e+01 1.077025140454242831e-14
2.262929031906378441e+01 1.058645318533420339e-14
2.265014644003346334e+01 1.040614906711182784e-14
2.267102178289545478e+01 1.022927248407287250e-14
2.269191636536550050e+01 1.005575808695572293e-14
2.271283020517562079e+01 9.885541723582492470e-15
2.273376332007421752e+01 9.718560419612291251e-15
2.275471572782604568e+01 9.554752359509417333e-15
2.277568744621219921e+01 9.394056867725958575e-15
2.279667849303020688e+01 9.236414390099289719e-15
2.281768888609395773e+01 9.081766475467629545e-15
2.283871864323378631e+01 8.930055757501330981e-15
2.285976778229646555e+01 8.781225936752963364e-15
2.288083632114518196e+01 8.635221762925525776e-15
2.290192427765962790e+01 8.491989017358704701e-15
2.292303166973593420e+01 8.351474495734277232e-15
2.294415851528675532e+01 8.213625990999282496e-15
2.296530483224125163e+01 8.078392276508794589e-15
2.298647063854508588e+01 7.945723089385930457e-15
2.300765595216049419e+01 7.815569114100610483e-15
2.302886079106622219e+01 7.687881966265191134e-15
2.305008517325762796e+01 7.562614176646871853e-15
2.307132911674665010e+01 7.439719175397150717e-15
2.309259263956178998e+01 7.319151276496143720e-15
2.311387575974821829e+01 7.200865662411210739e-15
2.313517849536768622e+01 7.084818368970688093e-15
2.315650086449862144e+01 6.970966270448623256e-15
2.317784288523612446e+01 6.859267064862614811e-15
2.319920457569193317e+01 6.749679259481617208e-15
2.322058595399451875e+01 6.642162156542543589e-15
2.324198703828902168e+01 6.536675839176014578e-15
2.326340784673733708e+01 6.433181157537865651e-15
2.328484839751810043e+01 6.331639715145984751e-15
2.330630870882666272e+01 6.232013855422066781e-15
2.332778879887520063e+01 6.134266648433712724e-15
2.334928868589261697e+01 6.038361877839472708e-15
2.337080838812465799e+01 5.944264028031276267e-15
2.339234792383388140e+01 5.851938271475287142e-15
2.341390731129964919e+01 5.761350456248648826e-15
2.343548656881820591e+01 5.672467093769543619e-15
2.345708571470262527e+01 5.585255346720667757e-15
2.347870476728287770e+01 5.499683017162340819e-15
2.350034374490584455e+01 5.415718534834675107e-15
2.352200266593526834e+01 5.333330945647146832e-15
2.354368154875187003e+01 5.252489900352077594e-15
2.356538041175326015e+01 5.173165643402602027e-15
2.358709927335404544e+01 5.095329001990542277e-15
2.360883815198580393e+01 5.018951375264395987e-15
2.363059706609705302e+01 4.944004723724683096e-15
2.365237603415338086e+01 4.870461558794005599e-15
2.367417507463733273e+01 4.798294932561314624e-15
2.369599420604852824e+01 4.727478427696946957e-15
2.371783344690363293e+01 4.657986147537348706e-15
2.373969281573634760e+01 4.589792706337461882e-15
2.376157233109750422e+01 4.522873219687997901e-15
2.378347201155497714e+01 4.457203295096502269e-15
2.380539187569378967e+01 4.392759022729647458e-15
2.382733194211610339e+01 4.329516966314807041e-15
2.384929222944117910e+01 4.267454154199353112e-15
2.387127275630547629e+01 4.206548070564675354e-15
2.389327354136263182e+01 4.146776646793948307e-15
2.391529460328343859e+01 4.088118252991243185e-15
2.393733596075594150e+01 4.030551689649373100e-15
2.395939763248536991e+01 3.974056179465906092e-15
2.398147963719421938e+01 3.918611359303564937e-15
2.400358199362224454e+01 3.864197272294395293e-15
2.402570472052643424e+01 3.810794360085481507e-15
2.404784783668111814e+01 3.758383455223359965e-15
2.407001136087787074e+01 3.706945773676399463e-15
2.409219531192563579e+01 3.656462907492286644e-15
2.411439970865067650e+01 3.606916817589192585e-15
2.413662456989658267e+01 3.558289826678355726e-15
2.415886991452435595e+01 3.510564612199965385e-15
2.418113576141232812e+01 3.463723640059241424e-15
2.420342212945627480e+01 3.417747916005932896e-15
2.422572903756937990e+01 3.372618531477747726e-15
2.424805650468222140e+01 3.328317045158554094e-15
2.427040454974288508e+01 3.284825470206441151e-15
2.429277319171685789e+01 3.242126261861397347e-15
2.431516244958714523e+01 3.200202305419905724e-15
2.433757234235425315e+01 3.159036904565299301e-15
2.436000288903615996e+01 3.118613770042594660e-15
2.438245410866841567e+01 3.078917008666132934e-15
2.440492602030407809e+01 3.039931112650374513e-15
2.442741864301379096e+01 3.001640949253182054e-15
2.444993199588577681e+01 2.964031750721910128e-15
2.447246609802581219e+01 2.927089104532681328e-15
2.449502096855733768e+01 2.890798943913614830e-15
2.451759662662136208e+01 2.855147538643460498e-15
2.454019309137657956e+01 2.820121486116326029e-15
2.456281038199933775e+01 2.785707702665096438e-15
2.458544851768361994e+01 2.751893415134909819e-15
2.460810751764115167e+01 2.718666152698857596e-15
2.463078740110131193e+01 2.686013738908971598e-15
2.465348818731123970e+01 2.653924283974552175e-15
2.467620989553581978e+01 2.622386177261456644e-15
2.469895254505765081e+01 2.591388080004939886e-15
2.472171615517714827e+01 2.560918918230077364e-15
2.474450074521246989e+01 2.530967875872923278e-15
2.476730633449961516e+01 2.501524388096594271e-15
2.479013294239240750e+01 2.472578134795996998e-15
2.481298058826246233e+01 2.444119034286127168e-15
2.483584929149930787e+01 2.416137237167300630e-15
2.485873907151028561e+01 2.388623120363032586e-15
2.488164994772066407e+01 2.361567281324598760e-15
2.490458193957361743e+01 2.334960532397641633e-15
2.492753506653019357e+01 2.308793895345815599e-15
2.495050934806943843e+01 2.283058596026609306e-15
2.497350480368828940e+01 2.257746059215143327e-15
2.499652145290169969e+01 2.232847903570918879e-15
2.501955931524259924e+01 2.208355936744161006e-15
2.504261841026189117e+01 2.184262150616550141e-15
2.506569875752854770e+01 2.160558716673144380e-15
2.508880037662951423e+01 2.137237981501177024e-15
2.511192328716984079e+01 2.114292462412093125e-15
2.513506750877264295e+01 2.091714843183298437e-15
2.515823306107907342e+01 2.069497969915915882e-15
2.518141996374843927e+01 2.047634847005119569e-15
2.520462823645815575e+01 2.026118633219959946e-15
2.522785789890374275e+01 2.004942637889245382e-15
2.525110897079892069e+01 1.984100317190550750e-15
2.527438147187552531e+01 1.963585270539140366e-15
2.529767542188362128e+01 1.943391237074080177e-15
2.532099084059147032e+01 1.923512092238742274e-15
2.534432774778552044e+01 1.903941844452676465e-15
2.536768616327050552e+01 1.884674631872627076e-15
2.539106610686935284e+01 1.865704719239719784e-15
2.541446759842331460e+01 1.847026494810558011e-15
2.543789065779191461e+01 1.828634467369848482e-15
2.546133530485294472e+01 1.810523263322120748e-15
2.548480155950257497e+01 1.792687623860188270e-15
2.550828944165525414e+01 1.775122402208438884e-15
2.553179897124382691e+01 1.757822560938421012e-15
2.555533016821950909e+01 1.740783169355200557e-15
2.557888305255186268e+01 1.723999400951914825e-15
2.560245764422890957e+01 1.707466530930980655e-15
2.562605396325703921e+01 1.691179933789908486e-15
2.564967202966112225e+01 1.675135080969996916e-15
2.567331186348447858e+01 1.659327538565962631e-15
2.569697348478887022e+01 1.643752965095027364e-15
2.572065691365459372e+01 1.628407109323606694e-15
2.574436217018040551e+01 1.613285808150146220e-15
2.576808927448362496e+01 1.598384984542276122e-15
2.579183824670010239e+01 1.583700645527168882e-15
2.581560910698422262e+01 1.569228880233296014e-15
2.583940187550899026e+01 1.554965857982185172e-15
2.586321657246594441e+01 1.540907826428984674e-15
2.588705321806527948e+01 1.527051109750393396e-15
2.591091183253582031e+01 1.513392106878513429e-15
2.593479243612498664e+01 1.499927289779555772e-15
2.595869504909892100e+01 1.486653201776092347e-15
2.598261969174237862e+01 1.473566455911716178e-15
2.600656638435886592e+01 1.460663733356655288e-15
2.603053514727058726e+01 1.447941781853850236e-15
2.605452600081844494e+01 1.435397414203677738e-15
2.607853896536214222e+01 1.423027506786766230e-15
2.610257406128008739e+01 1.410828998123618087e-15
2.612663130896951813e+01 1.398798887470288317e-15
2.615071072884646597e+01 1.386934233448736055e-15
2.617481234134573853e+01 1.375232152711472380e-15
2.619893616692102967e+01 1.363689818638968134e-15
2.622308222604483419e+01 1.352304460069576437e-15
2.624725053920855800e+01 1.341073360060419551e-15
2.627144112692248257e+01 1.329993854679168928e-15
2.629565400971576139e+01 1.319063331825159839e-15
2.631988920813651944e+01 1.308279230079567835e-15
2.634414674275176438e+01 1.297639037583700011e-15
2.636842663414750021e+01 1.287140290944604524e-15
2.639272890292870954e+01 1.276780574167398638e-15
2.641705356971931451e+01 1.266557517613521096e-15
2.644140065516230820e+01 1.256468796984227656e-15
2.646577017991964809e+01 1.246512132328756269e-15
2.649016216467238394e+01 1.236685287076390614e-15
2.651457663012061516e+01 1.226986067091887310e-15
2.653901359698349083e+01 1.217412319753670266e-15
2.656347308599928070e+01 1.207961933054016084e-15
2.658795511792538591e+01 1.198632834721037678e-15
2.661245971353828565e+01 1.189422991361448259e-15
2.663698689363366157e+01 1.180330407623858773e-15
2.666153667902631241e+01 1.171353125382072574e-15
2.668610909055026426e+01 1.162489222937680959e-15
2.671070414905873491e+01 1.153736814241657431e-15
2.673532187542413041e+01 1.145094048134393358e-15
2.675996229053813735e+01 1.136559107603571556e-15
2.678462541531165186e+01 1.128130209059761434e-15
2.680931127067488262e+01 1.119805601628786700e-15
2.683401987757732243e+01 1.111583566461005263e-15
2.685875125698773758e+01 1.103462416056597483e-15
2.688350542989427083e+01 1.095440493606661032e-15
2.690828241730435622e+01 1.087516172349823039e-15
2.693308224024482556e+01 1.079687854943675124e-15
2.695790491976189429e+01 1.071953972851022266e-15
2.698275047692113304e+01 1.064312985740211249e-15
2.700761893280758486e+01 1.056763380899500246e-15
2.703251030852566217e+01 1.049303672664920287e-15
2.705742462519928182e+01 1.041932401861353311e-15
2.708236190397181531e+01 1.034648135256475740e-15
2.710732216600609235e+01 1.027449465027372151e-15
2.713230543248449322e+01 1.020335008239257767e-15
2.715731172460886711e+01 1.013303406336262824e-15
2.718234106360065638e+01 1.006353324643825620e-15
2.720739347070084335e+01 9.994834518824972275e-16
2.723246896716995735e+01 9.926924996927669856e-16
2.725756757428817778e+01 9.859792021707726930e-16
2.728268931335523462e+01 9.793423154145714833e-16
2.730783420569053632e+01 9.727806170806161903e-16
2.733300227263314142e+01 9.662929059503853415e-16
2.735819353554172650e+01 9.598780015067853620e-16
2.738340801579471062e+01 9.535347435200630885e-16
2.740864573479016997e+01 9.472619916431339303e-16
2.743390671394593028e+01 9.410586250159298652e-16
2.745919097469956682e+01 9.349235418787165877e-16
2.748449853850836178e+01 9.288556591940719539e-16
2.750982942684944277e+01 9.228539122772515975e-16
2.753518366121966210e+01 9.169172544349245556e-16
2.756056126313573174e+01 9.110446566119359493e-16
2.758596225413419845e+01 9.052351070458724851e-16
2.761138665577140827e+01 8.994876109294725857e-16
2.763683448962363443e+01 8.938011900803636580e-16
2.766230577728698137e+01 8.881748826182979783e-16
2.768780054037749494e+01 8.826077426493603309e-16
2.771331880053114816e+01 8.770988399573601012e-16
2.773886057940381278e+01 8.716472597018418108e-16
2.776442589867136945e+01 8.662521021229585472e-16
2.779001478002962244e+01 8.609124822526555894e-16
2.781562724519442042e+01 8.556275296323763354e-16
2.784126331590162096e+01 8.503963880368488693e-16
2.786692301390706916e+01 8.452182152040076955e-16
2.789260636098670787e+01 8.400921825708157587e-16
2.791831337893654919e+01 8.350174750148170454e-16
2.794404408957265318e+01 8.299932906014623651e-16
2.796979851473123446e+01 8.250188403368235449e-16
2.799557667626858759e+01 8.200933479257411001e-16
2.802137859606118298e+01 8.152160495353109161e-16
2.804720429600565978e+01 8.103861935633941987e-16
2.807305379801879397e+01 8.056030404122630086e-16
2.809892712403761905e+01 8.008658622671185882e-16
2.812482429601932665e+01 7.961739428793733246e-16
2.815074533594138728e+01 7.915265773547346075e-16
2.817669026580153613e+01 7.869230719457285929e-16
2.820265910761772332e+01 7.823627438488416636e-16
2.822865188342826670e+01 7.778449210059839590e-16
2.825466861529172391e+01 7.733689419102177834e-16
2.828070932528703096e+01 7.689341554156914318e-16
2.830677403551347737e+01 7.645399205517198600e-16
2.833286276809066706e+01 7.601856063407677510e-16
2.835897554515866048e+01 7.558705916204004536e-16
2.838511238887785382e+01 7.515942648690853503e-16
2.841127332142912110e+01 7.473560240356674441e-16
2.843745836501376800e+01 7.431552763725407585e-16
2.846366754185352477e+01 7.389914382723926856e-16
2.848990087419066697e+01 7.348639351084611319e-16
2.851615838428789473e+01 7.307722010781365330e-16
2.854244009442848551e+01 7.267156790500273620e-16
2.856874602691624432e+01 7.226938204141448928e-16
2.859507620407549311e+01 7.187060849354659639e-16
2.862143064825118799e+01 7.147519406104282342e-16
2.864780938180881975e+01 7.108308635266636149e-16
2.867421242713453466e+01 7.069423377255762340e-16
2.870063980663510605e+01 7.030858550679839430e-16
2.872709154273793075e+01 6.992609151024558540e-16
2.875356765789111435e+01 6.954670249366526763e-16
2.878006817456340372e+01 6.917036991112257224e-16
2.880659311524430066e+01 6.879704594765062146e-16
2.883314250244402643e+01 6.842668350717576987e-16
2.885971635869351104e+01 6.805923620070484624e-16
2.888631470654449984e+01 6.769465833475881575e-16
2.891293756856947894e+01 6.733290490005284296e-16
2.893958496736176400e+01 6.697393156041877169e-16
2.896625692553550735e+01 6.661769464196101901e-16
2.899295346572565535e+01 6.626415112244388158e-16
2.901967461058807629e+01 6.591325862089973289e-16
2.904642038279945027e+01 6.556497538746553657e-16
2.907319080505741837e+01 6.521926029342698789e-16
2.909998590008052588e+01 6.487607282147689018e-16
2.912680569060822222e+01 6.453537305618316114e-16
2.915365019940096403e+01 6.419712167465113561e-16
2.918051944924013696e+01 6.386127993739225407e-16
2.920741346292815521e+01 6.352780967937843915e-16
2.923433226328845791e+01 6.319667330129237589e-16
2.926127587316547363e+01 6.286783376096015687e-16
2.928824431542474116e+01 6.254125456496283116e-16
2.931523761295281716e+01 6.221689976043158044e-16
2.934225578865738981e+01 6.189473392701001516e-16
2.936929886546726820e+01 6.157472216899089782e-16
2.939636686633234319e+01 6.125683010761973002e-16
2.942345981422370826e+01 6.094102387355496782e-16
2.945057773213362040e+01 6.062727009949650119e-16
2.947772064307548590e+01 6.031553591296340556e-16
2.950488857008398114e+01 6.000578892922749353e-16
2.953208153621494958e+01 5.969799724439447220e-16
2.955929956454553675e+01 5.939212942863181885e-16
2.958654267817415118e+01 5.908815451954249725e-16
2.961381090022044305e+01 5.878604201567430869e-16
2.964110425382543212e+01 5.848576187016637674e-16
2.966842276215140828e+01 5.818728448453705492e-16
2.969576644838205226e+01 5.789058070259156381e-16
2.972313533572241440e+01 5.759562180446808309e-16
2.975052944739887906e+01 5.730237950080232063e-16
2.977794880665930677e+01 5.701082592701876276e-16
2.980539343677292052e+01 5.672093363774360637e-16
2.983286336103042657e+01 5.643267560132897955e-16
2.986035860274401088e+01 5.614602519449970187e-16
2.988787918524729292e+01 5.586095619710633387e-16
2.991542513189545005e+01 5.557744278699217749e-16
2.994299646606513932e+01 5.529545953496798555e-16
2.997059321115460051e+01 5.501498139988841462e-16
2.999821539058363129e+01 5.473598372383498394e-16
3.002586302779358363e+01 5.445844222739969304e-16
3.005353614624746328e+01 5.418233300506407173e-16
3.008123476942984098e+01 5.390763252067703498e-16
3.010895892084698389e+01 5.363431760302591210e-16
3.013670862402681294e+01 5.336236544149999951e-16
3.016448390251890288e+01 5.309175358184491125e-16
3.019228477989457815e+01 5.282245992200132796e-16
3.022011127974683475e+01 5.255446270803450409e-16
3.024796342569045748e+01 5.228774053014054131e-16
3.027584124136199861e+01 5.202227231874505713e-16
3.030374475041973881e+01 5.175803734067260459e-16
3.033167397654383990e+01 5.149501519539572734e-16
3.035962894343620988e+01 5.123318581136629302e-16
3.038760967482066278e+01 5.097252944241650271e-16
3.041561619444286535e+01 5.071302666431515812e-16
3.044364852607033711e+01 5.045465845358485493e-16
3.047170669349254624e+01 5.019740633466724861e-16
3.049979072052083851e+01 4.994125217875540816e-16
3.052790063098855100e+01 4.968617815825400019e-16
3.055603644875097658e+01 4.943216674366814970e-16
3.058419819768535675e+01 4.917920070055145555e-16
3.061238590169100249e+01 4.892726308650884165e-16
3.064059958468917699e+01 4.867633724826473571e-16
3.066883927062325554e+01 4.842640681877698212e-16
3.069710498345866156e+01 4.817745571441338064e-16
3.072539674718287728e+01 4.792946813217840640e-16
3.075371458580553963e+01 4.768242854698869142e-16
3.078205852335835857e+01 4.743632170900394335e-16
3.081042858389524142e+01 4.719113264100070914e-16
3.083882479149226086e+01 4.694684663580024479e-16
3.086724717024763365e+01 4.670344925373538436e-16
3.089569574428184850e+01 4.646092632017036129e-16
3.092417053773756308e+01 4.621926392305659190e-16
3.095267157477973541e+01 4.597844841053453825e-16
3.098119887959558483e+01 4.573846638857789338e-16
3.100975247639458843e+01 4.549930471867456688e-16
3.103833238940857697e+01 4.526095051554826728e-16
3.106693864289171358e+01 4.502339114491890619e-16
3.109557126112046532e+01 4.478661422129561201e-16
3.112423026839374529e+01 4.455060760580841755e-16
3.115291568903278829e+01 4.431535940407257690e-16
3.118162754738130005e+01 4.408085796408548690e-16
3.121036586780541811e+01 4.384709187415774659e-16
3.123913067469368698e+01 4.361404996087260084e-16
3.126792199245720383e+01 4.338172128707443870e-16
3.129673984552948696e+01 4.315009514989136566e-16
3.132558425836662508e+01 4.291916107877835032e-16
3.135445525544725243e+01 4.268890883359102827e-16
3.138335286127250967e+01 4.245932840268732302e-16
3.141227710036618603e+01 4.223041000104705808e-16
3.144122799727460560e+01 4.200214406842109198e-16
3.147020557656676942e+01 4.177452126750282749e-16
3.149920986283431290e+01 4.154753248211647419e-16
3.152824088069149866e+01 4.132116881543370024e-16
3.155729865477533380e+01 4.109542158820331507e-16
3.158638320974546687e+01 4.087028233700546107e-16
3.161549457028432286e+01 4.064574281251945248e-16
3.164463276109707479e+01 4.042179497781166133e-16
3.167379780691161884e+01 4.019843100664035887e-16
3.170298973247870578e+01 3.997564328177410566e-16
3.173220856257182731e+01 3.975342439332467164e-16
3.176145432198736529e+01 3.953176713709757716e-16
3.179072703554454904e+01 3.931066451295064611e-16
3.182002672808543409e+01 3.909010972316912989e-16
3.184935342447503714e+01 3.887009617085009561e-16
3.187870714960122598e+01 3.865061745829849444e-16
3.190808792837485441e+01 3.843166738543179391e-16
3.193749578572974102e+01 3.821323994819616215e-16
3.196693074662262646e+01 3.799532933699057037e-16
3.199639283603332274e+01 3.777792993509629894e-16
3.202588207896459949e+01 3.756103631711735940e-16
3.205539850044232253e+01 3.734464324742408174e-16
3.208494212551541125e+01 3.712874567860408250e-16
3.211451297925582793e+01 3.691333874991957330e-16
3.214411108675871276e+01 3.669841778576491588e-16
3.217373647314227014e+01 3.648397829413181930e-16
3.220338916354788239e+01 3.627001596507775168e-16
3.223306918314013814e+01 3.605652666919264602e-16
3.226277655710673997e+01 3.584350645607321862e-16
3.229251131065868208e+01 3.563095155279347125e-16
3.232227346903012943e+01 3.541885836237977378e-16
3.235206305747854572e+01 3.520722346228406823e-16
3.238188010128469330e+01 3.499604360285716164e-16
3.241172462575255508e+01 3.478531570582061864e-16
3.244159665620951927e+01 3.457503686273893021e-16
3.247149621800625141e+01 3.436520433348767889e-16
3.250142333651682236e+01 3.415581554471926839e-16
3.253137803713870113e+01 3.394686808832760314e-16
3.256136034529270518e+01 3.373835971990759568e-16
3.259137028642314249e+01 3.353028835721051791e-16
3.262140788599771923e+01 3.332265207859833168e-16
3.265147316950765344e+01 3.311544912148646746e-16
3.268156616246765367e+01 3.290867788078878233e-16
3.271168689041591193e+01 3.270233690735138016e-16
3.274183537891418183e+01 3.249642490638527812e-16
3.277201165354779988e+01 3.229094073588562804e-16
3.280221573992562156e+01 3.208588340505177100e-16
3.283244766368016343e+01 3.188125207269590763e-16
3.286270745046751784e+01 3.167704604564403274e-16
3.289299512596745245e+01 3.147326477712984900e-16
3.292331071588342439e+01 3.126990786518121113e-16
3.295365424594251635e+01 3.106697505099736010e-16
3.298402574189558578e+01 3.086446621731748981e-16
3.301442522951717251e+01 3.066238138677879224e-16
3.304485273460559824e+01 3.046072072026750643e-16
3.307530828298298786e+01 3.025948451525943620e-16
3.310579190049518417e+01 3.005867320414979846e-16
3.313630361301195393e+01 2.985828735257339321e-16
3.316684344642681026e+01 2.965832765771597779e-16
3.319741142665719025e+01 2.945879494661192474e-16
3.322800757964441942e+01 2.925969017443525323e-16
3.325863193135368334e+01 2.906101442277553911e-16
3.328928450777416259e+01 2.886276889790706034e-16
3.331996533491892620e+01 2.866495492904293935e-16
3.335067443882505955e+01 2.846757396658079039e-16
3.338141184555365015e+01 2.827062758033462086e-16
3.341217758118975922e+01 2.807411745775809476e-16
3.344297167184255670e+01 2.787804540215376905e-16
3.347379414364520045e+01 2.768241333087106425e-16
3.350464502275497836e+01 2.748722327349308239e-16
3.353552433535330835e+01 2.729247737001246477e-16
3.356643210764566732e+01 2.709817786899263120e-16
3.359736836586176167e+01 2.690432712572115023e-16
3.362833313625540654e+01 2.671092760034677515e-16
3.365932644510465366e+01 2.651798185600890685e-16
3.369034831871177715e+01 2.632549255695239374e-16
3.372139878340325936e+01 2.613346246663132215e-16
3.375247786552988316e+01 2.594189444580223108e-16
3.378358559146667517e+01 2.575079145060399019e-16
3.381472198761300518e+01 2.556015653062705786e-16
3.384588708039258620e+01 2.536999282697054632e-16
3.387708089625342467e+01 2.518030357029010647e-16
3.390830346166797682e+01 2.499109207883076024e-16
3.393955480313302076e+01 2.480236175645297338e-16
3.397083494716981988e+01 2.461411609064331095e-16
3.400214392032405897e+01 2.442635865051875239e-16
3.403348174916586544e+01 2.423909308481753670e-16
3.406484846028989466e+01 2.405232311987914114e-16
3.409624408031527310e+01 2.386605255761730311e-16
3.412766863588567645e+01 2.368028527347959202e-16
3.415912215366937943e+01 2.349502521439864380e-16
3.419060466035914203e+01 2.331027639673452572e-16
3.422211618267242272e+01 2.312604290420682132e-16
3.425365674735122212e+01 2.294232888581844714e-16
3.428522638116224641e+01 2.275913855376906139e-16
3.431682511089686471e+01 2.257647618136341895e-16
3.434845296337109488e+01 2.239434610090814992e-16
3.438010996542570297e+01 2.221275270160259203e-16
3.441179614392621744e+01 2.203170042742264909e-16
3.444351152576285102e+01 2.185119377499580434e-16
3.447525613785069254e+01 2.167123729147055504e-16
3.450703000712955060e+01 2.149183557237958796e-16
3.453883316056412411e+01 2.131299325949611889e-16
3.457066562514395258e+01 2.113471503868659107e-16
3.460252742788340896e+01 2.095700563775519415e-16
3.463441859582182758e+01 2.077986982428646515e-16
3.466633915602340466e+01 2.060331240348166489e-16
3.469828913557731198e+01 2.042733821599227259e-16
3.473026856159770404e+01 2.025195213574990840e-16
3.476227746122366824e+01 2.007715906779312760e-16
3.479431586161936707e+01 1.990296394609114319e-16
3.482638378997395279e+01 1.972937173136680894e-16
3.485848127350165271e+01 1.955638740891735164e-16
3.489060833944180473e+01 1.938401598643294395e-16
3.492276501505878628e+01 1.921226249181771525e-16
3.495495132764217772e+01 1.904113197100709186e-16
3.498716730450664159e+01 1.887062948578888183e-16
3.501941297299205758e+01 1.870076011162331952e-16
3.505168836046351544e+01 1.853152893546527696e-16
3.508399349431125813e+01 1.836294105358967266e-16
3.511632840195086658e+01 1.819500156941709485e-16
3.514869311082309622e+01 1.802771559134595005e-16
3.518108764839405467e+01 1.786108823058561505e-16
3.521351204215515907e+01 1.769512459899554966e-16
3.524596631962312898e+01 1.752982980692928807e-16
3.527845050834007878e+01 1.736520896108328174e-16
3.531096463587348211e+01 1.720126716235292337e-16
3.534350872981623581e+01 1.703800950369427776e-16
3.537608281778668129e+01 1.687544106799432258e-16
3.540868692742856183e+01 1.671356692594882622e-16
3.544132108641116474e+01 1.655239213394837067e-16
3.547398532242922187e+01 1.639192173197414888e-16
3.550667966320302327e+01 1.623216074150335908e-16
3.553940413647841723e+01 1.607311416342527095e-16
3.557215877002677473e+01 1.591478697596907288e-16
3.560494359164512446e+01 1.575718413264155541e-16
3.563775862915603909e+01 1.560031056017972131e-16
3.567060391040780587e+01 1.544417115651412922e-16
3.570347946327435551e+01 1.528877078874753855e-16
3.573638531565527643e+01 1.513411429114758892e-16
3.576932149547592132e+01 1.498020646315281115e-16
3.580228803068732901e+01 1.482705206739738618e-16
3.583528494926633812e+01 1.467465582774867111e-16
3.586831227921557286e+01 1.452302242736384037e-16
3.590137004856342173e+01 1.437215650676392864e-16
3.593445828536416542e+01 1.422206266192430925e-16
3.596757701769788440e+01 1.407274544238615375e-16
3.600072627367057265e+01 1.392420934938573208e-16
3.603390608141414475e+01 1.377645883400416402e-16
3.606711646908637192e+01 1.362949829533859548e-16
3.610035746487107389e+01 1.348333207869262068e-16
3.613362909697794834e+01 1.333796447379187627e-16
3.616693139364276277e+01 1.319339971301847205e-16
3.620026438312729766e+01 1.304964196967114836e-16
3.623362809371933224e+01 1.290669535624799493e-16
3.626702255373277239e+01 1.276456392275394485e-16
3.630044779150762224e+01 1.262325165503272576e-16
3.633390383540993440e+01 1.248276247312511209e-16
3.636739071383199473e+01 1.234310022965216450e-16
3.640090845519217311e+01 1.220426870822564312e-16
3.643445708793509397e+01 1.206627162188616893e-16
3.646803664053160077e+01 1.192911261156764442e-16
3.650164714147869915e+01 1.179279524459247428e-16
3.653528861929976301e+01 1.165732301319221945e-16
3.656896110254436394e+01 1.152269933306085336e-16
3.660266461978843466e+01 1.138892754193644675e-16
3.663639919963426195e+01 1.125601089821212899e-16
3.667016487071042974e+01 1.112395257958119983e-16
3.670396166167197549e+01 1.099275568170934208e-16
3.673778960120029069e+01 1.086242321694295560e-16
3.677164871800322743e+01 1.073295811304645969e-16
3.680553904081512684e+01 1.060436321197436204e-16
3.683946059839673381e+01 1.047664126867570182e-16
3.687341341953538887e+01 1.034979494993250382e-16
3.690739753304487891e+01 1.022382683323230756e-16
3.694141296776562200e+01 1.009873940567422310e-16
3.697545975256458917e+01 9.974535062911734132e-17
3.700953791633532575e+01 9.851216108128858886e-17
3.704364748799805795e+01 9.728784751053262896e-17
3.707778849649961472e+01 9.607243107004262920e-17
3.711196097081354850e+01 9.486593195977865382e-17
3.714616493994011392e+01 9.366836941767812616e-17
3.718040043290623231e+01 9.247976171124699056e-17
3.721466747876566217e+01 9.130012612950216377e-17
3.724896610659886420e+01 9.012947897531111625e-17
3.728329634551315763e+01 8.896783555808939911e-17
3.731765822464267046e+01 8.781521018689144283e-17
3.735205177314835367e+01 8.667161616387885060e-17
3.738647702021808072e+01 8.553706577816462087e-17
3.742093399506658358e+01 8.441157030005823447e-17
3.745542272693553798e+01 8.329513997568236916e-17
3.748994324509360609e+01 8.218778402199042957e-17
3.752449557883634412e+01 8.108951062216489960e-17
3.755907975748639416e+01 8.000032692141940681e-17
3.759369581039334918e+01 7.892023902317745557e-17
3.762834376693390226e+01 7.784925198565616627e-17
3.766302365651181816e+01 7.678736981884363151e-17
3.769773550855791910e+01 7.573459548185978197e-17
3.773247935253021978e+01 7.469093088072606702e-17
3.776725521791380658e+01 7.365637686652294691e-17
3.780206313422099385e+01 7.263093323393726696e-17
3.783690313099131686e+01 7.161459872021474894e-17
3.787177523779143939e+01 7.060737100450204406e-17
3.790667948421539535e+01 6.960924670757372549e-17
3.794161589988439687e+01 6.862022139197042530e-17
3.797658451444699779e+01 6.764028956250644180e-17
3.801158535757910784e+01 6.666944466718533585e-17
3.804661845898391448e+01 6.570767909849812478e-17
3.808168384839204634e+01 6.475498419510313703e-17
3.811678155556148795e+01 6.381135024390591785e-17
3.815191161027767208e+01 6.287676648250382299e-17
3.818707404235350822e+01 6.195122110202903644e-17
3.822226888162931147e+01 6.103470125036675310e-17
3.825749615797295888e+01 6.012719303573780294e-17
3.829275590127986817e+01 5.922868158075437078e-17
3.832804814147293371e+01 5.833916877630070062e-17
3.836337290850271842e+01 5.745869787748705274e-17
3.839873023234729743e+01 5.658731395050115393e-17
3.843412014301244994e+01 5.572505705646879635e-17
3.846954267053159526e+01 5.487196236374570988e-17
3.850499784496578570e+01 5.402806026061663454e-17
3.854048569640385580e+01 5.319337646828145214e-17
3.857600625496228020e+01 5.236793215401192130e-17
3.861155955078536550e+01 5.155174404436090872e-17
3.864714561404518633e+01 5.074482453834110150e-17
3.868276447494158532e+01 4.994718182042871540e-17
3.871841616370228678e+01 4.915881997333570347e-17
3.875410071058283279e+01 4.837973909042106060e-17
3.878981814586668264e+01 4.760993538766410708e-17
3.882556849986521286e+01 4.684940131511030755e-17
3.886135180291767455e+01 4.609812566769917776e-17
3.889716808539137105e+01 4.535609369539723570e-17
3.893301737768150872e+01 4.462328721255769639e-17
3.896889971021135324e+01 4.389968470642509703e-17
3.900481511343222962e+01 4.318526144473222664e-17
3.904076361782345828e+01 4.247998958230146400e-17
3.907674525389252551e+01 4.178383826659710928e-17
3.911276005217497698e+01 4.109677374217429037e-17
3.914880804323453134e+01 4.041875945395268822e-17
3.918488925766310160e+01 3.974975614927447359e-17
3.922100372608070984e+01 3.908972197869226388e-17
3.925715147913570746e+01 3.843861259543428362e-17
3.929333254750459048e+01 3.779638125351476717e-17
3.932954696189220556e+01 3.716297890443493825e-17
3.936579475303167186e+01 3.653835429245021619e-17
3.940207595168440946e+01 3.592245404835514031e-17
3.943839058864023173e+01 3.531522278176651262e-17
3.947473869471728136e+01 3.471660317186737428e-17
3.951112030076214410e+01 3.412653605658524728e-17
3.954753543764984158e+01 3.354496052018706445e-17
3.958398413628379586e+01 3.297181397926375089e-17
3.962046642759598569e+01 3.240703226708646091e-17
3.965698234254681864e+01 3.185054971631832342e-17
3.969353191212528742e+01 3.130229924006975826e-17
3.973011516734896986e+01 3.076221241127838744e-17
3.976673213926394368e+01 3.023021954042008038e-17
3.980338285894500672e+01 2.970624975151683611e-17
3.984006735749548511e+01 2.919023105646567366e-17
3.987678566604746067e+01 2.868209042766150594e-17
3.991353781576169268e+01 2.818175386892593486e-17
3.995032383782759666e+01 2.768914648473750871e-17
3.998714376346342902e+01 2.720419254776202132e-17
4.002399762391612370e+01 2.672681556469498467e-17
4.006088545046147686e+01 2.625693834041093186e-17
4.009780727440411141e+01 2.579448304043463414e-17
4.013476312707744142e+01 2.533937125173978182e-17
4.017175303984384271e+01 2.489152404187880531e-17
4.020877704409451070e+01 2.445086201646656225e-17
4.024583517124963095e+01 2.401730537501791226e-17
4.028292745275835074e+01 2.359077396515846943e-17
4.032005392009874356e+01 2.317118733522478133e-17
4.035721460477795830e+01 2.275846478526147479e-17
4.039440953833216952e+01 2.235252541644110824e-17
4.043163875232656324e+01 2.195328817891899796e-17
4.046890227835550036e+01 2.156067191813654291e-17
4.050620014804238167e+01 2.117459541960741285e-17
4.054353239303980416e+01 2.079497745218596812e-17
4.058089904502954681e+01 2.042173680985490428e-17
4.061830013572252085e+01 2.005479235204534428e-17
4.065573569685895450e+01 1.969406304251400546e-17
4.069320576020822955e+01 1.933946798679643871e-17
4.073071035756908742e+01 1.899092646826194694e-17
4.076824952076957231e+01 1.864835798279503820e-17
4.080582328166698858e+01 1.831168227212194854e-17
4.084343167214809966e+01 1.798081935580967220e-17
4.088107472412896470e+01 1.765568956196347921e-17
4.091875246955513035e+01 1.733621355664164031e-17
4.095646494040156682e+01 1.702231237201909865e-17
4.099421216867268214e+01 1.671390743332181577e-17
4.103199418640242868e+01 1.641092058455392927e-17
4.106981102565422503e+01 1.611327411305049073e-17
4.110766271852109099e+01 1.582089077287450087e-17
4.114554929712563336e+01 1.553369380708731877e-17
4.118347079361999619e+01 1.525160696891732210e-17
4.122142724018603843e+01 1.497455454185175991e-17
4.125941866903519184e+01 1.470246135867678571e-17
4.129744511240865990e+01 1.443525281949498812e-17
4.133550660257732545e+01 1.417285490873835042e-17
4.137360317184178626e+01 1.391519421121216211e-17
4.141173485253247577e+01 1.366219792718338122e-17
4.144990167700953521e+01 1.341379388655033414e-17
4.148810367766301255e+01 1.316991056210812359e-17
4.152634088691278436e+01 1.293047708194127594e-17
4.156461333720856288e+01 1.269542324096660209e-17
4.160292106103003817e+01 1.246467951164737835e-17
4.164126409088676439e+01 1.223817705390748689e-17
4.167964245931830902e+01 1.201584772426627242e-17
4.171805619889423156e+01 1.179762408421755933e-17
4.175650534221404797e+01 1.158343940787826207e-17
4.179498992190741546e+01 1.137322768892669727e-17
4.183350997063394772e+01 1.116692364685523085e-17
4.187206552108346358e+01 1.096446273255836067e-17
4.191065660597587339e+01 1.076578113327875423e-17
4.194928325806120029e+01 1.057081577693273786e-17
4.198794551011973653e+01 1.037950433583589729e-17
4.202664339496189427e+01 1.019178522985060799e-17
4.206537694542839034e+01 1.000759762897543257e-17
4.210414619439020356e+01 9.826881455396829373e-18
4.214295117474855346e+01 9.649577385022400699e-18
4.218179191943507078e+01 9.475626848515973846e-18
4.222066846141164120e+01 9.304972031853122500e-18
4.225958083367059714e+01 9.137555876415244565e-18
4.229852906923468225e+01 8.973322078642042741e-18
4.233751320115700167e+01 8.812215089258114198e-18
4.237653326252122810e+01 8.654180112093310782e-18
4.241558928644141702e+01 8.499163102512529871e-18
4.245468130606221990e+01 8.347110765472296989e-18
4.249380935455883446e+01 8.197970553220251732e-18
4.253297346513697619e+01 8.051690662653895082e-18
4.257217367103301342e+01 7.908220032354199698e-18
4.261141000551396019e+01 7.767508339307221085e-18
4.265068250187741938e+01 7.629505995333511303e-18
4.268999119345176751e+01 7.494164143233240761e-18
4.272933611359601969e+01 7.361434652666396788e-18
4.276871729569999303e+01 7.231270115779522125e-18
4.280813477318427829e+01 7.103623842591507257e-18
4.284758857950021138e+01 6.978449856154363240e-18
4.288707874813003684e+01 6.855702887497486124e-18
4.292660531258677281e+01 6.735338370371475196e-18
4.296616830641438867e+01 6.617312435800646297e-18
4.300576776318776950e+01 6.501581906457200173e-18
4.304540371651268771e+01 6.388104290868509763e-18
4.308507620002596639e+01 6.276837777466229327e-18
4.312478524739534436e+01 6.167741228490530498e-18
4.316453089231965379e+01 6.060774173757672027e-18
4.320431316852878467e+01 5.955896804301495860e-18
4.324413210978365640e+01 5.853069965898142504e-18
4.328398774987638120e+01 5.752255152483730162e-18
4.332388012263013621e+01 5.653414499473035663e-18
4.336380926189932694e+01 5.556510776988145102e-18
4.340377520156957303e+01 5.461507383005693115e-18
4.344377797555765852e+01 5.368368336430889078e-18
4.348381761781169530e+01 5.277058270104385361e-18
4.352389416231101649e+01 5.187542423751883831e-18
4.356400764306632567e+01 5.099786636881370932e-18
4.360415809411968269e+01 5.013757341636758946e-18
4.364434554954444678e+01 4.929421555613288311e-18
4.368457004344547556e+01 4.846746874641383199e-18
4.372483160995896156e+01 4.765701465545519313e-18
4.376513028325263122e+01 4.686254058883004230e-18
4.380546609752570930e+01 4.608373941669984982e-18
4.384583908700885502e+01 4.532030950097997004e-18
4.388624928596438224e+01 4.457195462247789824e-18
4.392669672868608188e+01 4.383838390805084070e-18
4.396718144949942086e+01 4.311931175782044640e-18
4.400770348276151367e+01 4.241445777250451194e-18
4.404826286286105130e+01 4.172354668090018024e-18
4.408885962421852156e+01 4.104630826755668142e-18
4.412949380128605270e+01 4.038247730068970865e-18
4.417016542854757688e+01 3.973179346035729668e-18
4.421087454051881593e+01 3.909400126695124488e-18
4.425162117174723875e+01 3.846885001002453781e-18
4.429240535681223889e+01 3.785609367748783581e-18
4.433322713032499962e+01 3.725549088521670464e-18
4.437408652692865019e+01 3.666680480708399045e-18
4.441498358129826585e+01 3.608980310545387854e-18
4.445591832814081101e+01 3.552425786216100155e-18
4.449689080219531689e+01 3.496994550999421054e-18
4.453790103823276070e+01 3.442664676471950637e-18
4.457894907105622195e+01 3.389414655764709630e-18
4.462003493550083988e+01 3.337223396878045898e-18
4.466115866643382759e+01 3.286070216054980587e-18
4.470232029875457158e+01 3.235934831216102369e-18
4.474351986739463172e+01 3.186797355456709276e-18
4.478475740731769861e+01 3.138638290608176072e-18
4.482603295351977124e+01 3.091438520864965781e-18
4.486734654102902198e+01 3.045179306478486014e-18
4.490869820490596709e+01 2.999842277518723385e-18
4.495008798024343122e+01 2.955409427705461787e-18
4.499151590216651897e+01 2.911863108309378015e-18
4.503298200583280675e+01 2.869186022124446114e-18
4.507448632643217223e+01 2.827361217512121897e-18
4.511602889918699333e+01 2.786372082518101515e-18
4.515760975935211263e+01 2.746202339062864713e-18
4.519922894221480192e+01 2.706836037205660344e-18
4.524088648309494687e+01 2.668257549483308094e-18
4.528258241734488365e+01 2.630451565323689323e-18
4.532431678034960498e+01 2.593403085534602609e-18
4.536608960752671749e+01 2.557097416868226307e-18
4.540790093432640617e+01 2.521520166661500491e-18
4.544975079623160497e+01 2.486657237552382450e-18
4.549163922875786881e+01 2.452494822272545036e-18
4.553356626745356550e+01 2.419019398515999023e-18
4.557553194789979756e+01 2.386217723884454920e-18
4.561753630571041640e+01 2.354076830908673109e-18
4.565957937653217869e+01 2.322584022146136679e-18
4.570166119604459709e+01 2.291726865355081583e-18
4.574378179996015348e+01 2.261493188744099146e-18
4.578594122402423494e+01 2.231871076298118640e-18
4.582813950401509118e+01 2.202848863179577389e-18
4.587037667574406186e+01 2.174415131205197111e-18
4.591265277505538478e+01 2.146558704397840324e-18
4.595496783782640904e+01 2.119268644613078973e-18
4.599732189996754528e+01 2.092534247240292298e-18
4.603971499742223017e+01 2.066345036978026264e-18
4.608214716616712536e+01 2.040690763682617663e-18
4.612461844221195406e+01 2.015561398290855210e-18
4.616712886159969997e+01 1.990947128814809469e-18
4.620967846040657179e+01 1.966838356409623162e-18
4.625226727474193211e+01 1.943225691513158705e-18
4.629489534074854618e+01 1.920099950057039188e-18
4.633756269460238286e+01 1.897452149749031196e-18
4.638026937251282789e+01 1.875273506425699422e-18
4.642301541072262694e+01 1.853555430475201721e-18
4.646580084550787859e+01 1.832289523329720402e-18
4.650862571317818350e+01 1.811467574026706216e-18
4.655149005007653784e+01 1.791081555838806414e-18
4.659439389257948960e+01 1.771123622971421823e-18
4.663733727709711019e+01 1.751586107328037013e-18
4.668032024007297309e+01 1.732461515342189381e-18
4.672334281798431022e+01 1.713742524875710631e-18
4.676640504734190529e+01 1.695421982182965256e-18
4.680950696469024308e+01 1.677492898940021555e-18
4.685264860660749520e+01 1.659948449338859374e-18
4.689583000970547744e+01 1.642781967245509871e-18
4.693905121062983454e+01 1.625986943421811430e-18
4.698231224605989809e+01 1.609557022810505962e-18
4.702561315270887832e+01 1.593486001882623226e-18
4.706895396732382153e+01 1.577767826047204055e-18
4.711233472668556033e+01 1.562396587122460543e-18
4.715575546760889836e+01 1.547366520868081814e-18
4.719921622694258900e+01 1.532672004577987992e-18
4.724271704156925722e+01 1.518307554733637915e-18
4.728625794840561269e+01 1.504267824716398757e-18
4.732983898440230774e+01 1.490547602579721755e-18
4.737346018654412205e+01 1.477141808879709040e-18
4.741712159184989872e+01 1.464045494564330247e-18
4.746082323737255848e+01 1.451253838920452447e-18
4.750456516019924180e+01 1.438762147578555735e-18
4.754834739745119521e+01 1.426565850574690152e-18
4.759216998628393469e+01 1.414660500469210168e-18
4.763603296388722441e+01 1.403041770522209325e-18
4.767993636748503405e+01 1.391705452925195879e-18
4.772388023433573068e+01 1.380647457088533553e-18
4.776786460173194371e+01 1.369863807984914330e-18
4.781188950700072127e+01 1.359350644547953101e-18
4.785595498750351595e+01 1.349104218126272970e-18
4.790006108063616352e+01 1.339120890992554677e-18
4.794420782382903923e+01 1.329397134907420712e-18
4.798839525454692989e+01 1.319929529738173576e-18
4.803262341028921867e+01 1.310714762132061351e-18
4.807689232858985662e+01 1.301749624244163995e-18
4.812120204701730586e+01 1.293031012519776906e-18
4.816555260317475273e+01 1.284555926531209129e-18
4.820994403469995859e+01 1.276321463579459890e-18
4.825437637926542322e+01 1.268324049106675760e-18
4.829884967457837774e+01 1.260558573411180229e-18
4.834336395838073486e+01 1.253019869428528032e-18
4.838791926844928781e+01 1.245702926041970087e-18
4.843251564259554698e+01 1.238602882682160381e-18
4.847715311866594590e+01 1.231715024124632354e-18
4.852183173454179155e+01 1.225034775476909482e-18
4.856655152813925014e+01 1.218557697347453487e-18
4.861131253740950342e+01 1.212279481188700063e-18
4.865611480033864211e+01 1.206195944807283028e-18
4.870095835494782222e+01 1.200303028034318483e-18
4.874584323929323659e+01 1.194596788549379322e-18
4.879076949146610076e+01 1.189073397851744265e-18
4.883573714959280920e+01 1.183729137372947168e-18
4.888074625183481459e+01 1.178560394724829183e-18
4.892579683638880539e+01 1.173563660077692101e-18
4.897088894148668459e+01 1.168735522663182821e-18
4.901602260539550571e+01 1.164072667396840463e-18
4.906119786641770020e+01 1.159571871615604942e-18
4.910641476289088558e+01 1.155230001925531099e-18
4.915167333318809995e+01 1.151044011155289931e-18
4.919697361571775218e+01 1.147010935411353528e-18
4.924231564892356516e+01 1.143127891230608953e-18
4.928769947128478890e+01 1.139392072826633565e-18
4.933312512131605843e+01 1.135800749425805534e-18
4.937859263756755013e+01 1.132351262689873781e-18
4.942410205862500305e+01 1.129041024221271261e-18
4.946965342310961944e+01 1.125867513148102047e-18
4.951524676967829919e+01 1.122828273785662356e-18
4.956088213702349066e+01 1.119920913371332390e-18
4.960655956387333987e+01 1.117143099870025768e-18
4.965227908899172604e+01 1.114492559847558621e-18
4.969804075117816211e+01 1.111967076409033831e-18
4.974384458926798658e+01 1.109564487199869237e-18
4.978969064213234219e+01 1.107282682466991110e-18
4.983557894867811910e+01 1.105119603177858307e-18
4.988150954784816804e+01 1.103073239194956668e-18
4.992748247862112265e+01 1.101141627503910146e-18
4.997349778001163401e+01 1.099322850492735592e-18
5.001955549107029242e+01 1.097615034280594123e-18
5.006565565088360614e+01 1.096016347094032846e-18
5.011179829857421453e+01 1.094524997688822974e-18
5.015798347330071039e+01 1.093139233815725899e-18
5.020421121425786026e+01 1.091857340728613735e-18
5.025048156067653338e+01 1.090677639733061169e-18
5.029679455182370162e+01 1.089598486774141723e-18
5.034315022700261721e+01 1.088618271061892138e-18
5.038954862555265635e+01 1.087735413732923559e-18
5.043598978684953238e+01 1.086948366546864910e-18
5.048247375030523898e+01 1.086255610616539115e-18
5.052900055536802881e+01 1.085655655170323345e-18
5.057557024152261249e+01 1.085147036345683913e-18
5.062218284828997383e+01 1.084728316012733324e-18
5.066883841522762566e+01 1.084398080626735411e-18
5.071553698192951032e+01 1.084154940108372360e-18
5.076227858802599258e+01 1.083997526751008652e-18
5.080906327318407989e+01 1.083924494153837194e-18
5.085589107710722345e+01 1.083934516179933307e-18
5.090276203953554557e+01 1.084026285938618187e-18
5.094967620024578991e+01 1.084198514791027512e-18
5.099663359905128601e+01 1.084449931378157195e-18
5.104363427580216950e+01 1.084779280670780374e-18
5.109067827038518317e+01 1.085185323040317952e-18
5.113776562272392567e+01 1.085666833350075259e-18
5.118489637277878757e+01 1.086222600066189849e-18
5.123207056054689446e+01 1.086851424387657157e-18
5.127928822606235570e+01 1.087552119394829308e-18
5.132654940939607258e+01 1.088323509215840663e-18
5.137385415065595140e+01 1.089164428210440500e-18
5.142120248998686094e+01 1.090073720170772728e-18
5.146859446757059686e+01 1.091050237538444723e-18
5.151603012362608780e+01 1.092092840637727570e-18
5.156350949840922482e+01 1.093200396924242505e-18
5.161103263221309589e+01 1.094371780248805207e-18
5.165859956536789355e+01 1.095605870136122658e-18
5.170621033824092905e+01 1.096901551077796782e-18
5.175386499123680295e+01 1.098257711839710154e-18
5.180156356479727009e+01 1.099673244782950999e-18
5.184930609940142432e+01 1.101147045198533434e-18
5.189709263556566299e+01 1.102678010655281439e-18
5.194492321384365141e+01 1.104265040360779878e-18
5.199279787482654314e+01 1.105907034535280102e-18
5.204071665914278810e+01 1.107602893798145077e-18
5.208867960745835290e+01 1.109351518566897232e-18
5.213668676047670658e+01 1.111151808468473994e-18
5.218473815893872825e+01 1.113002661762821810e-18
5.223283384362296999e+01 1.114902974778489656e-18
5.228097385534544372e+01 1.116851641360234008e-18
5.232915823495988406e+01 1.118847552328510262e-18
5.237738702335764884e+01 1.120889594950897408e-18
5.242566026146772629e+01 1.122976652425186908e-18
5.247397799025689125e+01 1.125107603374378247e-18
5.252234025072968393e+01 1.127281321353286308e-18
5.257074708392836015e+01 1.129496674367086615e-18
5.261919853093309030e+01 1.131752524401457572e-18
5.266769463286181718e+01 1.134047726964669042e-18
5.271623543087044794e+01 1.136381130641424118e-18
5.276482096615283979e+01 1.138751576658686720e-18
5.281345127994070765e+01 1.141157898463520636e-18
5.286212641350390129e+01 1.143598921312886672e-18
5.291084640815017792e+01 1.146073461875742438e-18
5.295961130522545801e+01 1.148580327847433046e-18
5.300842114611377554e+01 1.151118317576413332e-18
5.305727597223719982e+01 1.153686219703600917e-18
5.310617582505610557e+01 1.156282812814488159e-18
5.315512074606897386e+01 1.158906865104001453e-18
5.320411077681259826e+01 1.161557134054536593e-18
5.325314595886205637e+01 1.164232366127123382e-18
5.330222633383067432e+01 1.166931296466100841e-18
5.335135194337022568e+01 1.169652648617374074e-18
5.340052282917077520e+01 1.172395134260463097e-18
5.344973903296089190e+01 1.175157452954802787e-18
5.349900059650758521e+01 1.177938291900046840e-18
5.354830756161629779e+01 1.180736325711159790e-18
5.359765997013110450e+01 1.183550216208195399e-18
5.364705786393453479e+01 1.186378612221008713e-18
5.369650128494780716e+01 1.189220149409406362e-18
5.374599027513075811e+01 1.192073450098819867e-18
5.379552487648184211e+01 1.194937123131693949e-18
5.384510513103830220e+01 1.197809763735100033e-18
5.389473108087603492e+01 1.200689953404721499e-18
5.394440276810978929e+01 1.203576259805438336e-18
5.399412023489313839e+01 1.206467236688935090e-18
5.404388352341840829e+01 1.209361423828549153e-18
5.409369267591693387e+01 1.212257346971659469e-18
5.414354773465885273e+01 1.215153517809884114e-18
5.419344874195335393e+01 1.218048433967471173e-18
5.424339574014860688e+01 1.220940579008174121e-18
5.429338877163174715e+01 1.223828422460718779e-18
5.434342787882906833e+01 1.226710419863421140e-18
5.439351310420586572e+01 1.229585012828148849e-18
5.444364449026664232e+01 1.232450629123832610e-18
5.449382207955510182e+01 1.235305682779953717e-18
5.454404591465404195e+01 1.238148574210276391e-18
5.459431603818563872e+01 1.240977690356964341e-18
5.464463249281123325e+01 1.243791404855578462e-18
5.469499532123157337e+01 1.246588078221126481e-18
5.474540456618675677e+01 1.249366058055345593e-18
5.479586027045618124e+01 1.252123679275600783e-18
5.484636247685880761e+01 1.254859264365728913e-18
5.489691122825291814e+01 1.257571123648800286e-18
5.494750656753640072e+01 1.260257555582271841e-18
5.499814853764667788e+01 1.262916847075708586e-18
5.504883718156064987e+01 1.265547273831236394e-18
5.509957254229494339e+01 1.268147100706954782e-18
5.515035466290571975e+01 1.270714582103464689e-18
5.520118358648891643e+01 1.273247962373796504e-18
5.525205935618016895e+01 1.275745476256799005e-18
5.530298201515480372e+01 1.278205349334111101e-18
5.535395160662801572e+01 1.280625798511000494e-18
5.540496817385482586e+01 1.283005032520975221e-18
5.545603176013004543e+01 1.285341252454471274e-18
5.550714240878848926e+01 1.287632652311521492e-18
5.555830016320480524e+01 1.289877419578602591e-18
5.560950506679370875e+01 1.292073735829509898e-18
5.566075716300990450e+01 1.294219777350581427e-18
5.571205649534809368e+01 1.296313715789916920e-18
5.576340310734315153e+01 1.298353718830816040e-18
5.581479704256997820e+01 1.300337950889266998e-18
5.586623834464371896e+01 1.302264573835377177e-18
5.591772705721970027e+01 1.304131747738855171e-18
5.596926322399342268e+01 1.305937631638064650e-18
5.602084688870075269e+01 1.307680384332833036e-18
5.607247809511775216e+01 1.309358165200619790e-18
5.612415688706094130e+01 1.310969135035852853e-18
5.617588330838717781e+01 1.312511456912356996e-18
5.622765740299369952e+01 1.313983297068340007e-18
5.627947921481828786e+01 1.315382825813844468e-18
5.633134878783911148e+01 1.316708218460260091e-18
5.638326616607496078e+01 1.317957656271399348e-18
5.643523139358519103e+01 1.319129327436091712e-18
5.648724451446968686e+01 1.320221428061363764e-18
5.653930557286907543e+01 1.321232163186190949e-18
5.659141461296457010e+01 1.322159747815040747e-18
5.664357167897818357e+01 1.323002407970761436e-18
5.669577681517267820e+01 1.323758381766302208e-18
5.674803006585152332e+01 1.324425920494483489e-18
5.680033147535915106e+01 1.325003289735433619e-18
5.685268108808073606e+01 1.325488770480709673e-18
5.690507894844244419e+01 1.325880660273583763e-18
5.695752510091139698e+01 1.326177274364806696e-18
5.701001958999560770e+01 1.326376946882784521e-18
5.706256246024421586e+01 1.326478032017517189e-18
5.711515375624731661e+01 1.326478905217608695e-18
5.716779352263618819e+01 1.326377964398950669e-18
5.722048180408322793e+01 1.326173631164730432e-18
5.727321864530193807e+01 1.325864352035321766e-18
5.732600409104713890e+01 1.325448599687285343e-18
5.737883818611476983e+01 1.324924874200374460e-18
5.743172097534216647e+01 1.324291704311505336e-18
5.748465250360796830e+01 1.323547648674409276e-18
5.753763281583209732e+01 1.322691297124052677e-18
5.759066195697599966e+01 1.321721271944479594e-18
5.764373997204242528e+01 1.320636229138847180e-18
5.769686690607571222e+01 1.319434859700488601e-18
5.775004280416168712e+01 1.318115890883704786e-18
5.780326771142766518e+01 1.316678087472851919e-18
5.785654167304265627e+01 1.315120253048525592e-18
5.790986473421718017e+01 1.313441231249395822e-18
5.796323694020352946e+01 1.311639907028284117e-18
5.801665833629567715e+01 1.309715207901006750e-18
5.807012896782928379e+01 1.307666105186745091e-18
5.812364888018185383e+01 1.305491615238114534e-18
5.817721811877273552e+01 1.303190800659730414e-18
5.823083672906302866e+01 1.300762771513609620e-18
5.828450475655586871e+01 1.298206686509907596e-18
5.833822224679619239e+01 1.295521754181361403e-18
5.839198924537102187e+01 1.292707234039973578e-18
5.844580579790937946e+01 1.289762437714280129e-18
5.849967195008225218e+01 1.286686730065579079e-18
5.855358774760284746e+01 1.283479530281624488e-18
5.860755323622638002e+01 1.280140312945947050e-18
5.866156846175032058e+01 1.276668609081484716e-18
5.871563347001435318e+01 1.273064007166578918e-18
5.876974830690031126e+01 1.269326154121967443e-18
5.882391301833245478e+01 1.265454756266983422e-18
5.887812765027722861e+01 1.261449580243374042e-18
5.893239224874354676e+01 1.257310453905167036e-18
5.898670685978271422e+01 1.253037267173022843e-18
5.904107152948839854e+01 1.248629972851217359e-18
5.909548630399686431e+01 1.244088587406105711e-18
5.914995122948677420e+01 1.239413191704013234e-18
5.920446635217945897e+01 1.234603931707447014e-18
5.925903171833882510e+01 1.229661019127848432e-18
5.931364737427134060e+01 1.224584732033378330e-18
5.936831336632626943e+01 1.219375415410491990e-18
5.942302974089547263e+01 1.214033481677596977e-18
5.947779654441366404e+01 1.208559411149537944e-18
5.953261382335833929e+01 1.202953752451603971e-18
5.958748162424975447e+01 1.197217122881486489e-18
5.964239999365115352e+01 1.191350208718228875e-18
5.969736897816857635e+01 1.185353765476647764e-18
5.975238862445110755e+01 1.179228618106152966e-18
5.980745897919081955e+01 1.172975661132919995e-18
5.986258008912273709e+01 1.166595858744150468e-18
5.991775200102507171e+01 1.160090244813499391e-18
5.997297476171903696e+01 1.153459922866696919e-18
6.002824841806907585e+01 1.146706065986465197e-18
6.008357301698283237e+01 1.139829916655764421e-18
6.013894860541108756e+01 1.132832786538914360e-18
6.019437523034802240e+01 1.125716056199415197e-18
6.024985293883099757e+01 1.118481174754346136e-18
6.030538177794082344e+01 1.111129659464409067e-18
6.036096179480171031e+01 1.103663095259243840e-18
6.041659303658118318e+01 1.096083134197871484e-18
6.047227555049039438e+01 1.088391494863458394e-18
6.052800938378385354e+01 1.080589961692677286e-18
6.058379458375974025e+01 1.072680384239158210e-18
6.063963119775980459e+01 1.064664676371173868e-18
6.069551927316936002e+01 1.056544823934623662e-18
6.075145885741748941e+01 1.048323781106893807e-18
6.080744999797688166e+01 1.040006220590392704e-18
6.086349274236407325e+01 1.031596975236413079e-18
6.091958713813937720e+01 1.023100844468655456e-18
6.097573323290686886e+01 1.014522590864368735e-18
6.103193107431460618e+01 1.005866936860825104e-18
6.108818071005443784e+01 9.971385615882850101e-19
6.114448218786226619e+01 9.883420978302537839e-19
6.120083555551799748e+01 9.794821291116512075e-19
6.125724086084545661e+01 9.705631869153834102e-19
6.131369815171266424e+01 9.615897480272591216e-19
6.137020747603173731e+01 9.525662320094719556e-19
6.142676888175887484e+01 9.434969988021953612e-19
6.148338241689457817e+01 9.343863464529732337e-19
6.154004812948348757e+01 9.252385089731537230e-19
6.159676606761460249e+01 9.160576543205827730e-19
6.165353627942123893e+01 9.068478825076373739e-19
6.171035881308099391e+01 8.976132238332996808e-19
6.176723371681597996e+01 8.883576372379471512e-19
6.182416103889264036e+01 8.790850087795823883e-19
6.188114082762199075e+01 8.697991502295228327e-19
6.193817313135956226e+01 8.605037977861291602e-19
6.199525799850538021e+01 8.512026109044615658e-19
6.205239547750417728e+01 8.418991712399767153e-19
6.210958561684523005e+01 8.325969817040654710e-19
6.216682846506259352e+01 8.232994656292285127e-19
6.222412407073505136e+01 8.140099660415686272e-19
6.228147248248605905e+01 8.047317450382814243e-19
6.233887374898402811e+01 7.954679832674077328e-19
6.239632791894207742e+01 7.862217795075855754e-19
6.245383504111833872e+01 7.769961503449437389e-19
6.251139516431586429e+01 7.677940299445678458e-19
6.256900833738259848e+01 7.586182699137185946e-19
6.262667460921163354e+01 7.494716392540812158e-19
6.268439402874098931e+01 7.403568244002147374e-19
6.274216664495389750e+01 7.312764293412688311e-19
6.279999250687871637e+01 7.222329758231251828e-19
6.285787166358891653e+01 7.132289036282564907e-19
6.291580416420330124e+01 7.042665709298696419e-19
6.297379005788584294e+01 6.953482547181326900e-19
6.303182939384588934e+01 6.864761512948345543e-19
6.308992222133817762e+01 6.776523768341320415e-19
6.314806858966270653e+01 6.688789680061016357e-19
6.320626854816507745e+01 6.601578826603567097e-19
6.326452214623621018e+01 6.514910005668123749e-19
6.332282943331266978e+01 6.428801242107391171e-19
6.338119045887655290e+01 6.343269796392008228e-19
6.343960527245549486e+01 6.258332173562255721e-19
6.349807392362288283e+01 6.174004132637138986e-19
6.355659646199768531e+01 6.090300696455753170e-19
6.361517293724467947e+01 6.007236161921663788e-19
6.367380339907442988e+01 5.924824110626211112e-19
6.373248789724321028e+01 5.843077419822045884e-19
6.379122648155328790e+01 5.762008273723357629e-19
6.385001920185268887e+01 5.681628175106671314e-19
6.390886610803548962e+01 5.601947957187450637e-19
6.396776725004176001e+01 5.522977795749306305e-19
6.402672267785746385e+01 5.444727221501687963e-19
6.408573244151482129e+01 5.367205132643053593e-19
6.414479659109196064e+01 5.290419807608165519e-19
6.420391517671333759e+01 5.214378917976181340e-19
6.426308824854955049e+01 5.139089541520283378e-19
6.432231585681736874e+01 5.064558175377535273e-19
6.438159805177994599e+01 4.990790749318484405e-19
6.444093488374666379e+01 4.917792639098804128e-19
6.450032640307335896e+01 4.845568679873443013e-19
6.455977266016225258e+01 4.774123179655803305e-19
6.461927370546193572e+01 4.703459932804475579e-19
6.467882958946762528e+01 4.633582233521231425e-19
6.473844036272103608e+01 4.564492889344254263e-19
6.479810607581036663e+01 4.496194234621664057e-19
6.485782677937058338e+01 4.428688143949663639e-19
6.491760252408322174e+01 4.361976045563009621e-19
6.497743336067655662e+01 4.296058934662768753e-19
6.503731933992565928e+01 4.230937386670136877e-19
6.509726051265229785e+01 4.166611570392721951e-19
6.515725692972520733e+01 4.103081261093360098e-19
6.521730864205987643e+01 4.040345853449794975e-19
6.527741570061880338e+01 3.978404374394394347e-19
6.533757815641146749e+01 3.917255495825514977e-19
6.539779606049427230e+01 3.856897547180621376e-19
6.545806946397077297e+01 3.797328527862546142e-19
6.551839841799154840e+01 3.738546119511356672e-19
6.557878297375435750e+01 3.680547698113899693e-19
6.563922318250419607e+01 3.623330345944598691e-19
6.569971909553316891e+01 3.566890863330740867e-19
6.576027076418075978e+01 3.511225780236465718e-19
6.582087823983370356e+01 3.456331367659986553e-19
6.588154157392611410e+01 3.402203648839316323e-19
6.594226081793958372e+01 3.348838410261669441e-19
6.600303602340298426e+01 3.296231212473253485e-19
6.606386724189287918e+01 3.244377400684472735e-19
6.612475452503318252e+01 3.193272115168997016e-19
6.618569792449549993e+01 3.142910301452805963e-19
6.624669749199908608e+01 3.093286720291189348e-19
6.630775327931073093e+01 3.044395957431925867e-19
6.636886533824505818e+01 2.996232433162520388e-19
6.643003372066436896e+01 2.948790411640471235e-19
6.649125847847879811e+01 2.902064010005871276e-19
6.655253966364637108e+01 2.856047207275045703e-19
6.661387732817287599e+01 2.810733853015612648e-19
6.667527152411217628e+01 2.766117675802317608e-19
6.673672230356594071e+01 2.722192291454388441e-19
6.679822971868402703e+01 2.678951211054434068e-19
6.685979382166429730e+01 2.636387848750107893e-19
6.692141466475264622e+01 2.594495529339106522e-19
6.698309230024324279e+01 2.553267495638929434e-19
6.704482678047831712e+01 2.512696915643147876e-19
6.710661815784847306e+01 2.472776889464717427e-19
6.716846648479256032e+01 2.433500456069935711e-19
6.723037181379767446e+01 2.394860599803192606e-19
6.729233419739941269e+01 2.356850256705935315e-19
6.735435368818167490e+01 2.319462320631712130e-19
6.741643033877689106e+01 2.282689649159711913e-19
6.747856420186604964e+01 2.246525069309596247e-19
6.754075533017854127e+01 2.210961383060334503e-19
6.760300377649252823e+01 2.175991372675587435e-19
6.766530959363463182e+01 2.141607805839144006e-19
6.772767283448033027e+01 2.107803440602775284e-19
6.779009355195375974e+01 2.074571030150338979e-19
6.785257179902779967e+01 2.041903327380731240e-19
6.791510762872424323e+01 2.009793089313455983e-19
6.797770109411362682e+01 1.978233081319936550e-19
6.804035224831550011e+01 1.947216081183570069e-19
6.810306114449838333e+01 1.916734882993049485e-19
6.816582783587966787e+01 1.886782300871326490e-19
6.822865237572592889e+01 1.857351172544167356e-19
6.829153481735281161e+01 1.828434362752149684e-19
6.835447521412500294e+01 1.800024766509133408e-19
6.841747361945650141e+01 1.772115312211166003e-19
6.848053008681041831e+01 1.744698964599313611e-19
6.854364466969923342e+01 1.717768727579887407e-19
6.860681742168472397e+01 1.691317646905866268e-19
6.867004839637795044e+01 1.665338812723165624e-19
6.873333764743952656e+01 1.639825361984838308e-19
6.879668522857937774e+01 1.614770480737515958e-19
6.886009119355701102e+01 1.590167406283062434e-19
6.892355559618151517e+01 1.566009429219203002e-19
6.898707849031144690e+01 1.542289895362725956e-19
6.905065992985515777e+01 1.519002207558358155e-19
6.911429996877053838e+01 1.496139827377362287e-19
6.917799866106527418e+01 1.473696276708689152e-19
6.924175606079690226e+01 1.451665139246333636e-19
6.930557222207259827e+01 1.430040061876345161e-19
6.936944719904961687e+01 1.408814755966347320e-19
6.943338104593492233e+01 1.387982998561534113e-19
6.949737381698560057e+01 1.367538633489437288e-19
6.956142556650868869e+01 1.347475572377523929e-19
6.962553634886121756e+01 1.327787795586102476e-19
6.968970621845042501e+01 1.308469353059745296e-19
6.975393522973355687e+01 1.289514365100627080e-19
6.981822343721817958e+01 1.270917023065971715e-19
6.988257089546205236e+01 1.252671589993318449e-19
6.994697765907316978e+01 1.234772401155913860e-19
7.001144378270993229e+01 1.217213864551125766e-19
7.007596932108101839e+01 1.199990461324885442e-19
7.014055432894562614e+01 1.183096746134451693e-19
7.020519886111340213e+01 1.166527347452356305e-19
7.026990297244444150e+01 1.150276967814193463e-19
7.033466671784948687e+01 1.134340384012383239e-19
7.039949015228980045e+01 1.118712447238807157e-19
7.046437333077737719e+01 1.103388083178400692e-19
7.052931630837491639e+01 1.088362292056239849e-19
7.059431914019577903e+01 1.073630148640325450e-19
7.065938188140421516e+01 1.059186802202229413e-19
7.072450458721523603e+01 1.045027476437998363e-19
7.078968731289479877e+01 1.031147469351194687e-19
7.085493011375982064e+01 1.017542153100295343e-19
7.092023304517809379e+01 1.004206973812433740e-19
7.098559616256855520e+01 9.911374513654434446e-20
7.105101952140113042e+01 9.783291791400949981e-20
7.111650317719691827e+01 9.657778237444520091e-20
7.118204718552821930e+01 9.534791247120280976e-20
7.124765160201843628e+01 9.414288941757493437e-20
7.131331648234237264e+01 9.296230165191054214e-20
7.137904188222603352e+01 9.180574480064944290e-20
7.144482785744685316e+01 9.067282163941164289e-20
7.151067446383369486e+01 8.956314205231532471e-20
7.157658175726673733e+01 8.847632298967201463e-20
7.164254979367781573e+01 8.741198842419919301e-20
7.170857862905027957e+01 8.636976930591586971e-20
7.177466831941897851e+01 8.534930351583879854e-20
7.184081892087054655e+01 8.435023581862496736e-20
7.190703048954317467e+01 8.337221781430293069e-20
7.197330308162690926e+01 8.241490788920261842e-20
7.203963675336353845e+01 8.147797116622890804e-20
7.210603156104662048e+01 8.056107945458464558e-20
7.217248756102173957e+01 7.966391119906547229e-20
7.223900480968625004e+01 7.878615142905823856e-20
7.230558336348958903e+01 7.792749170732423133e-20
7.237222327893323381e+01 7.708763007870227075e-20
7.243892461257061655e+01 7.626627101883635043e-20
7.250568742100745112e+01 7.546312538300571308e-20
7.257251176090146316e+01 7.467791035519846000e-20
7.263939768896271687e+01 7.391034939748738709e-20
7.270634526195351555e+01 7.316017219983423203e-20
7.277335453668840159e+01 7.242711463040335386e-20
7.284042557003441232e+01 7.171091868647426859e-20
7.290755841891083833e+01 7.101133244605162413e-20
7.297475314028957882e+01 7.032811002025480372e-20
7.304200979119497106e+01 6.966101150657484787e-20
7.310932842870387560e+01 6.900980294309189770e-20
7.317670910994586109e+01 6.837425626371499418e-20
7.324415189210299104e+01 6.775414925456309908e-20
7.331165683241017916e+01 6.714926551152908245e-20
7.337922398815504721e+01 6.655939439913563575e-20
7.344685341667796763e+01 6.598433101075623616e-20
7.351454517537221989e+01 6.542387613026867762e-20
7.358229932168391940e+01 6.487783619524022180e-20
7.365011591311217387e+01 6.434602326170585429e-20
7.371799500720911169e+01 6.382825497062442289e-20
7.378593666157979669e+01 6.332435451609865093e-20
7.385394093388251235e+01 6.283415061542379705e-20
7.392200788182856286e+01 6.235747748105259108e-20
7.399013756318251467e+01 6.189417479455590293e-20
7.405833003576222495e+01 6.144408768265953974e-20
7.412658535743867105e+01 6.100706669543302915e-20
7.419490358613634839e+01 6.058296778672065431e-20
7.426328477983297205e+01 6.017165229688955130e-20
7.433172899655983201e+01 5.977298693799329571e-20
7.440023629440167952e+01 5.938684378141626762e-20
7.446880673149667018e+01 5.901310024811285810e-20
7.453744036603674772e+01 5.865163910150944233e-20
7.460613725626726023e+01 5.830234844317452799e-20
7.467489746048742916e+01 5.796512171135280964e-20
7.474372103705016457e+01 5.763985768244979583e-20
7.481260804436202250e+01 5.732646047558381678e-20
7.488155854088360286e+01 5.702483956029269326e-20
7.495057258512917997e+01 5.673490976751946966e-20
7.501965023566710045e+01 5.645659130397077542e-20
7.508879155111965531e+01 5.618980976997830866e-20
7.515799659016310841e+01 5.593449618097608462e-20
7.522726541152789537e+01 5.569058699271220683e-20
7.529659807399845306e+01 5.545802413033759538e-20
7.536599463641351804e+01 5.523675502148829947e-20
7.543545515766606968e+01 5.502673263351608249e-20
7.550497969670318810e+01 5.482791551500687347e-20
7.557456831252646623e+01 5.464026784173380464e-20
7.564422106419182512e+01 5.446375946720643263e-20
7.571393801080954233e+01 5.429836597798998258e-20
7.578371921154450774e+01 5.414406875394948405e-20
7.585356472561595353e+01 5.400085503361633888e-20
7.592347461229788053e+01 5.386871798485035985e-20
7.599344893091883080e+01 5.374765678101193698e-20
7.606348774086198716e+01 5.363767668283445699e-20
7.613359110156538634e+01 5.353878912622498189e-20
7.620375907252166314e+01 5.345101181621439172e-20
7.627399171327844840e+01 5.337436882729676386e-20
7.634428908343824105e+01 5.330889071040856427e-20
7.641465124265832287e+01 5.325461379875660558e-20
7.648507825065114218e+01 5.321152464137980609e-20
7.655557016718402963e+01 5.317952427183457514e-20
7.662612705207951080e+01 5.315851229595726346e-20
7.669674896521524943e+01 5.314839529216283540e-20
7.676743596652394785e+01 5.314908663251975390e-20
7.683818811599374499e+01 5.316050631220180010e-20
7.690900547366788942e+01 5.318258078694958887e-20
7.697988809964508050e+01 5.321524281819775488e-20
7.705083605407942571e+01 5.325843132553703090e-20
7.712184939718034116e+01 5.331209124619608795e-20
7.719292818921289268e+01 5.337617340124138016e-20
7.726407249049754000e+01 5.345063436821123879e-20
7.733528236141042100e+01 5.353543635990123593e-20
7.740655786238338010e+01 5.363054710904720924e-20
7.747789905390379772e+01 5.373593975864835433e-20
7.754930599651495982e+01 5.385159275769083547e-20
7.762077875081581624e+01 5.397748976204747140e-20
7.769231737746125077e+01 5.411361954031621572e-20
7.776392193716209533e+01 5.425997588441086938e-20
7.783559249068497365e+01 5.441655752467283557e-20
7.790732909885268498e+01 5.458336804933528354e-20
7.797913182254396247e+01 5.476041582812709900e-20
7.805100072269371481e+01 5.494771393986199873e-20
7.812293586029304038e+01 5.514528010381570870e-20
7.819493729638912782e+01 5.535313661473929795e-20
7.826700509208556866e+01 5.557131028134703444e-20
7.833913930854214414e+01 5.579983236811230256e-20
7.841134000697510942e+01 5.603873854023692348e-20
7.848360724865710836e+01 5.628806881163636140e-20
7.855594109491718768e+01 5.654786749581122479e-20
7.862834160714103859e+01 5.681818315945841493e-20
7.870080884677079780e+01 5.709906857870283927e-20
7.877334287530531753e+01 5.739058069780884374e-20
7.884594375430015134e+01 5.769278059026185102e-20
7.891861154536745460e+01 5.800573342208519699e-20
7.899134631017635400e+01 5.832950841728415672e-20
7.906414811045260649e+01 5.866417882530172476e-20
7.913701700797901140e+01 5.900982189037032894e-20
7.920995306459531093e+01 5.936651882265178222e-20
7.928295634219810495e+01 5.973435477105966669e-20
7.935602690274122040e+01 6.011341879765898206e-20
7.942916480823538450e+01 6.050380385353744523e-20
7.950237012074863685e+01 6.090560675605185588e-20
7.957564290240620153e+01 6.131892816733895525e-20
7.964898321539044446e+01 6.174387257401209216e-20
7.972239112194117183e+01 6.218054826792236247e-20
7.979586668435554486e+01 6.262906732790590899e-20
7.986940996498800871e+01 6.308954560241283982e-20
7.994302102625064776e+01 6.356210269293402347e-20
8.001669993061290143e+01 6.404686193811086672e-20
8.009044674060191937e+01 6.454395039845971709e-20
8.016426151880247630e+01 6.505349884160550513e-20
8.023814432785688666e+01 6.557564172791951913e-20
8.031209523046537413e+01 6.611051719650483414e-20
8.038611428938578740e+01 6.665826705139099341e-20
8.046020156743394125e+01 6.721903674788221045e-20
8.053435712748354547e+01 6.779297537895103507e-20
8.060858103246610540e+01 6.838023566157784063e-20
8.068287334537134825e+01 6.898097392296279062e-20
8.075723412924682520e+01 6.959535008649244183e-20
8.083166344719836616e+01 7.022352765738521065e-20
8.090616136238993761e+01 7.086567370791223206e-20
8.098072793804360003e+01 7.152195886209796479e-20
8.105536323743987737e+01 7.219255727980602747e-20
8.113006732391740172e+01 7.287764664010879366e-20
8.120484026087332552e+01 7.357740812385037111e-20
8.127968211176325042e+01 7.429202639529247746e-20
8.135459294010111364e+01 7.502168958274991269e-20
8.142957280945955745e+01 7.576658925811652760e-20
8.150462178346965914e+01 7.652692041516146179e-20
8.157973992582125788e+01 7.730288144652250221e-20
8.165492730026288370e+01 7.809467411925617373e-20
8.173018397060172902e+01 7.890250354886237297e-20
8.180551000070390444e+01 7.972657817166133286e-20
8.188090545449428248e+01 8.056710971542923361e-20
8.195637039595672491e+01 8.142431316815456340e-20
8.203190488913409695e+01 8.229840674483649453e-20
8.210750899812811099e+01 8.318961185217461899e-20
8.218318278709980973e+01 8.409815305107299428e-20
8.225892632026911144e+01 8.502425801680146400e-20
8.233473966191532156e+01 8.596815749673102891e-20
8.241062287637694794e+01 8.693008526549760806e-20
8.248657602805168665e+01 8.791027807748515810e-20
8.256259918139672038e+01 8.890897561650165350e-20
8.263869240092851953e+01 8.992642044251836059e-20
8.271485575122311218e+01 9.096285793535871546e-20
8.279108929691604146e+01 9.201853623519051922e-20
8.286739310270230874e+01 9.309370617971288842e-20
8.294376723333671464e+01 9.418862123787964919e-20
8.302021175363353223e+01 9.530353744005747390e-20
8.309672672846694752e+01 9.643871330447283512e-20
8.317331222277090319e+01 9.759440975979768668e-20
8.324996830153907013e+01 9.877089006375793086e-20
8.332669502982520271e+01 9.996841971762712429e-20
8.340349247274282618e+01 1.011872663764516008e-19
8.348036069546560611e+01 1.024276997548841970e-19
8.355729976322727737e+01 1.036899915284747097e-19
8.363430974132157303e+01 1.049744152302811131e-19
8.371139069510257968e+01 1.062812461426729211e-19
8.378854268998441057e+01 1.076107611841452357e-19
8.386576579144166033e+01 1.089632387910600034e-19
8.394306006500919182e+01 1.103389587941163998e-19
8.402042557628220720e+01 1.117382022894321718e-19
8.409786239091644688e+01 1.131612515041153173e-19
8.417537057462818950e+01 1.146083896561274515e-19
8.425295019319413825e+01 1.160799008083485357e-19
8.433060131245179036e+01 1.175760697166856199e-19
8.440832399829913868e+01 1.190971816720646150e-19
8.448611831669508376e+01 1.206435223362002757e-19
8.456398433365926337e+01 1.222153775709774170e-19
8.464192211527205245e+01 1.238130332613103540e-19
8.471993172767493263e+01 1.254367751313784421e-19
8.479801323707010852e+01 1.270868885540295741e-19
8.487616670972099087e+01 1.287636583533271256e-19
8.495439221195202606e+01 1.304673685999961169e-19
8.503268981014865346e+01 1.321983023997241271e-19
8.511105957075770334e+01 1.339567416741868389e-19
8.518950156028702736e+01 1.357429669346023235e-19
8.526801584530595335e+01 1.375572570478292563e-19
8.534660249244512897e+01 1.393998889947532518e-19
8.542526156839647911e+01 1.412711376209652413e-19
8.550399313991360373e+01 1.431712753795799384e-19
8.558279727381139423e+01 1.451005720660896446e-19
8.566167403696650240e+01 1.470592945451926819e-19
8.574062349631721247e+01 1.490477064694744421e-19
8.581964571886332749e+01 1.510660679898854684e-19
8.589874077166662403e+01 1.531146354579483652e-19
8.597790872185049693e+01 1.551936611195894411e-19
8.605714963660031458e+01 1.573033928005880301e-19
8.613646358316340468e+01 1.594440735835420678e-19
8.621585062884888373e+01 1.616159414763447938e-19
8.629531084102815441e+01 1.638192290721347851e-19
8.637484428713447926e+01 1.660541632006550415e-19
8.645445103466340697e+01 1.683209645710745200e-19
8.653413115117271559e+01 1.706198474062233195e-19
8.661388470428231301e+01 1.729510190682177318e-19
8.669371176167457804e+01 1.753146796756158699e-19
8.677361239109413305e+01 1.777110217119563979e-19
8.685358666034812813e+01 1.801402296259088242e-19
8.693363463730622698e+01 1.826024794229403147e-19
8.701375638990052153e+01 1.850979382486489342e-19
8.709395198612587308e+01 1.876267639638588433e-19
8.717422149403964227e+01 1.901891047114929782e-19
8.725456498176204434e+01 1.927850984754367501e-19
8.733498251747606389e+01 1.954148726314633515e-19
8.741547416942741222e+01 1.980785434903506912e-19
8.749604000592488262e+01 2.007762158334430515e-19
8.757668009534002351e+01 2.035079824406957200e-19
8.765739450610753636e+01 2.062739236115603623e-19
8.773818330672520460e+01 2.090741066788008833e-19
8.781904656575379420e+01 2.119085855155142227e-19
8.789998435181747993e+01 2.147774000356776668e-19
8.798099673360343331e+01 2.176805756883515931e-19
8.806208377986233415e+01 2.206181229460259671e-19
8.814324555940817163e+01 2.235900367872277134e-19
8.822448214111827269e+01 2.265962961738722471e-19
8.830579359393352945e+01 2.296368635236731896e-19
8.838717998685841337e+01 2.327116841779790361e-19
8.846864138896083318e+01 2.358206858654307958e-19
8.855017786937254698e+01 2.389637781619534318e-19
8.863178949728883538e+01 2.421408519473940645e-19
8.871347634196889942e+01 2.453517788594292060e-19
8.879523847273577530e+01 2.485964107451607346e-19
8.887707595897623492e+01 2.518745791108959098e-19
8.895898887014119794e+01 2.551860945707913290e-19
8.904097727574541921e+01 2.585307462947692684e-19
8.912304124536781558e+01 2.619083014564458198e-19
8.920518084865149433e+01 2.653185046816576552e-19
8.928739615530356843e+01 2.687610774981458890e-19
8.936968723509556867e+01 2.722357177872630827e-19
8.945205415786320202e+01 2.757420992382305652e-19
8.953449699350660751e+01 2.792798708057717641e-19
8.961701581199039879e+01 2.828486561718648607e-19
8.969961068334352206e+01 2.864480532123432506e-19
8.978228167765962553e+01 2.900776334692638768e-19
8.986502886509680366e+01 2.937369416297312306e-19
8.994785231587793817e+01 2.974254950121629540e-19
9.003075210029064124e+01 3.011427830608093516e-19
9.011372828868714180e+01 3.048882668494079256e-19
9.019678095148471186e+01 3.086613785950259350e-19
9.027991015916533968e+01 3.124615211828857640e-19
9.036311598227611341e+01 3.162880677032624996e-19
9.044639849142912169e+01 3.201403610014151930e-19
9.052975775730139674e+01 3.240177132415410569e-19
9.061319385063532650e+01 3.279194054858400764e-19
9.069670684223828516e+01 3.318446872897515566e-19
9.078029680298303106e+01 3.357927763143533551e-19
9.086396380380767823e+01 3.397628579571572594e-19
9.094770791571556856e+01 3.437540850022512942e-19
9.103152920977564122e+01 3.477655772910729271e-19
9.111542775712219111e+01 3.517964214148251526e-19
9.119940362895519570e+01 3.558456704297658348e-19
9.128345689654024397e+01 3.599123435964674643e-19
9.136758763120847959e+01 3.639954261443080879e-19
9.145179590435697037e+01 3.680938690622554692e-19
9.153608178744839563e+01 3.722065889172282535e-19
9.162044535201144413e+01 3.763324677011657677e-19
9.170488666964072877e+01 3.804703527080080893e-19
9.178940581199670135e+01 3.846190564417981323e-19
9.187400285080605045e+01 3.887773565570387267e-19
9.195867785786138882e+01 3.929439958325317490e-19
9.204343090502162283e+01 3.971176821798849548e-19
9.212826206421189568e+01 4.012970886877881934e-19
9.221317140742348784e+01 4.054808537032594365e-19
9.229815900671425766e+01 4.096675809510217644e-19
9.238322493420822923e+01 4.138558396920701857e-19
9.246836926209607554e+01 4.180441649225644449e-19
9.255359206263501903e+01 4.222310576141571536e-19
9.263889340814867523e+01 4.264149849967305615e-19
9.272427337102757861e+01 4.305943808846886193e-19
9.280973202372874198e+01 4.347676460476642591e-19
9.289526943877611131e+01 4.389331486266871926e-19
9.298088568876049465e+01 4.430892245967643094e-19
9.306658084633941996e+01 4.472341782766372225e-19
9.315235498423756155e+01 4.513662828866849318e-19
9.323820817524661209e+01 4.554837811557029795e-19
9.332414049222518315e+01 4.595848859772732789e-19
9.341015200809924579e+01 4.636677811164816032e-19
9.349624279586181785e+01 4.677306219676226264e-19
9.358241292857326243e+01 4.717715363633293149e-19
9.366866247936137313e+01 4.757886254358724876e-19
9.375499152142110404e+01 4.797799645307958853e-19
9.384140012801512398e+01 4.837436041735540837e-19
9.392788837247341860e+01 4.876775710892077545e-19
9.401445632819367404e+01 4.915798692755613636e-19
9.410110406864126276e+01 4.954484811298151443e-19
9.418783166734910139e+01 4.992813686288160856e-19
9.427463919791806291e+01 5.030764745629182402e-19
9.436152673401666391e+01 5.068317238233117586e-19
9.444849434938147681e+01 5.105450247426179451e-19
9.453554211781703032e+01 5.142142704884877368e-19
9.462267011319570997e+01 5.178373405097997352e-19
9.470987840945819869e+01 5.214121020349670658e-19
9.479716708061312147e+01 5.249364116217946420e-19
9.488453620073747175e+01 5.284081167581654747e-19
9.497198584397649768e+01 5.318250575127302873e-19
9.505951608454364532e+01 5.351850682348028105e-19
9.514712699672095653e+01 5.384859793023396739e-19
9.523481865485872788e+01 5.417256189169133734e-19
9.532259113337595124e+01 5.449018149444909790e-19
9.541044450676018585e+01 5.480123968005787564e-19
9.549837884956748724e+01 5.510551973783312055e-19
9.558639423642286204e+01 5.540280550180848287e-19
9.567449074201984160e+01 5.569288155164654267e-19
9.576266844112097942e+01 5.597553341734429550e-19
9.585092740855773741e+01 5.625054778752832104e-19
9.593926771923038643e+01 5.651771272113971372e-19
9.602768944810841845e+01 5.677681786229175172e-19
9.611619267023024804e+01 5.702765465807500922e-19
9.620477746070356773e+01 5.727001757476476364e-19
9.629344389470530530e+01 5.750375236168334359e-19
9.638219204748152436e+01 5.772877856548470948e-19
9.647102199434785064e+01 5.794502565584211428e-19
9.655993381068910253e+01 5.815242767690778381e-19
9.664892757195974582e+01 5.835092327276354161e-19
9.673800335368376579e+01 5.854045570870353863e-19
9.682716123145462461e+01 5.872097288837007041e-19
9.691640128093565920e+01 5.889242736675479827e-19
9.700572357785971178e+01 5.905477635908389235e-19
9.709512819802958461e+01 5.920798174561540748e-19
9.718461521731798314e+01 5.935201007238305811e-19
9.727418471166731706e+01 5.948683254791081293e-19
9.736383675709024033e+01 5.961242503594940413e-19
9.745357142966926745e+01 5.972876804427432925e-19
9.754338880555714297e+01 5.983584670959197226e-19
9.763328896097682730e+01 5.993365077861230555e-19
9.772327197222138295e+01 6.002217458534029810e-19
9.781333791565437252e+01 6.010141702465280186e-19
9.790348686770953179e+01 6.017138152221911783e-19
9.799371890489123871e+01 6.023207600083958290e-19
9.808403410377431442e+01 6.028351284327419744e-19
9.817443254100403749e+01 6.032570885163231247e-19
9.826491429329649918e+01 6.035868520341010085e-19
9.835547943743844712e+01 6.038246740425253208e-19
9.844612805028728530e+01 6.039708523752492854e-19
9.853686020877144358e+01 6.040257271078493010e-19
9.862767598989003659e+01 6.039896799924497175e-19
9.871857547071331851e+01 6.038631338631591800e-19
9.880955872838256937e+01 6.036465520133005743e-19
9.890062584010999558e+01 6.033404375454086113e-19
9.899177688317918467e+01 6.029453326949127564e-19
9.908301193494475001e+01 6.024618181286797440e-19
9.917433107283274296e+01 6.018905122192715594e-19
9.926573437434059599e+01 6.012320702960337130e-19
9.935722191703696637e+01 6.004871838741460617e-19
9.944879377856226199e+01 5.996565798625000523e-19
9.954045003662820079e+01 5.987410197517305087e-19
9.963219076901829396e+01 5.977412987832577501e-19
9.972401605358774646e+01 5.966582451005786052e-19
9.981592596826334329e+01 5.954927188838393919e-19
9.990792059104393275e+01 5.942456114687915305e-19
1.000000000000000000e+02 5.929178444512144755e-19
