1.000000000000000056e-01 5.432041235399045036e+03
1.000921642732741923e-01 5.422926997987970935e+03
1.001844134890810673e-01 5.413846022772140714e+03
1.002767477257072715e-01 5.404798391964079201e+03
1.003691670615116660e-01 5.395784186978137768e+03
1.004616715749252626e-01 5.386803488440235014e+03
1.005542613444514038e-01 5.377856376197661120e+03
1.006469364486657497e-01 5.368942929328757600e+03
1.007396969662163744e-01 5.360063226152846255e+03
1.008325429758239189e-01 5.351217344239783415e+03
1.009254745562814803e-01 5.342405360419942554e+03
1.010184917864548060e-01 5.333627350793835831e+03
1.011115947452823349e-01 5.324883390741913900e+03
1.012047835117752537e-01 5.316173554934358435e+03
1.012980581650175932e-01 5.307497917340831918e+03
1.013914187841662568e-01 5.298856551240205590e+03
1.014848654484510754e-01 5.290249529230366534e+03
1.015783982371749050e-01 5.281676923237923802e+03
1.016720172297137653e-01 5.273138804528012770e+03
1.017657225055167564e-01 5.264635243713994896e+03
1.018595141441061974e-01 5.256166310767267532e+03
1.019533922250777380e-01 5.247732075026940038e+03
1.020473568281003302e-01 5.239332605209619942e+03
1.021414080329164781e-01 5.230967969419152723e+03
1.022355459193420441e-01 5.222638233585323178e+03
1.023297705672665120e-01 5.214343428474898246e+03
1.024240820566529875e-01 5.206083550785414445e+03
1.025184804675382394e-01 5.197858595678411803e+03
1.026129658800328942e-01 5.189668558195077821e+03
1.027075383743213111e-01 5.181513433261149657e+03
1.028021980306618177e-01 5.173393215691787191e+03
1.028969449293866828e-01 5.165307900196546143e+03
1.029917791509021713e-01 5.157257481384162020e+03
1.030867007756887666e-01 5.149241953767558698e+03
1.031817098843010178e-01 5.141261311768513224e+03
1.032768065573677757e-01 5.133315549722740798e+03
1.033719908755921651e-01 5.125404661884555935e+03
1.034672629197516958e-01 5.117528642431766457e+03
1.035626227706983871e-01 5.109687485470503816e+03
1.036580705093586852e-01 5.101881185040029777e+03
1.037536062167336987e-01 5.094109735117535820e+03
1.038492299738990876e-01 5.086373129622901615e+03
1.039449418620053828e-01 5.078671362423512619e+03
1.040407419622777774e-01 5.071004427338979440e+03
1.041366303560163908e-01 5.063372318146007274e+03
1.042326071245962410e-01 5.055775028582993400e+03
1.043286723494673551e-01 5.048212552354896616e+03
1.044248261121548532e-01 5.040684883137899305e+03
1.045210684942589618e-01 5.033192014584135904e+03
1.046173995774551113e-01 5.025733940326448646e+03
1.047138194434940328e-01 5.018310653983039629e+03
1.048103281742017584e-01 5.010922149162201094e+03
1.049069258514798153e-01 5.003568419466958403e+03
1.050036125573051288e-01 4.996249458499815773e+03
1.051003883737302164e-01 4.988965259867370150e+03
1.051972533828832157e-01 4.981715817184995103e+03
1.052942076669679400e-01 4.974501124081503804e+03
1.053912513082640168e-01 4.967321174203741975e+03
1.054883843891268602e-01 4.960175956801483153e+03
1.055856069919877821e-01 4.953065406056204665e+03
1.056829191993541028e-01 4.945989419113750046e+03
1.057803210938091099e-01 4.938947892991982371e+03
1.058778127580123213e-01 4.931940725296118217e+03
1.059753942746993610e-01 4.924967814216527586e+03
1.060730657266820975e-01 4.918029058526620247e+03
1.061708271968487549e-01 4.911124357580612923e+03
1.062686787681638989e-01 4.904253611311480199e+03
1.063666205236686729e-01 4.897416720228738086e+03
1.064646525464806315e-01 4.890613585416394926e+03
1.065627749197939900e-01 4.883844108530804988e+03
1.066609877268796247e-01 4.877108191798639382e+03
1.067592910510851562e-01 4.870405738014761482e+03
1.068576849758350739e-01 4.863736650540177834e+03
1.069561695846306809e-01 4.857100833300055456e+03
1.070547449610502605e-01 4.850498190781596350e+03
1.071534111887491314e-01 4.843928628032088454e+03
1.072521683514597451e-01 4.837392050656874744e+03
1.073510165329916860e-01 4.830888364817389629e+03
1.074499558172317820e-01 4.824417477229163524e+03
1.075489862881441744e-01 4.817979295159839239e+03
1.076481080297703730e-01 4.811573726427255679e+03
1.077473211262294367e-01 4.805200679397516069e+03
1.078466256617178348e-01 4.798860062983056196e+03
1.079460217205096967e-01 4.792551786640701721e+03
1.080455093869568117e-01 4.786275760369830095e+03
1.081450887454886711e-01 4.780031894710431516e+03
1.082447598806126760e-01 4.773820100741309943e+03
1.083445228769140400e-01 4.767640290078128601e+03
1.084443778190559426e-01 4.761492374871657375e+03
1.085443247917795978e-01 4.755376267805903808e+03
1.086443638799042960e-01 4.749291882096251356e+03
1.087444951683275846e-01 4.743239123304059831e+03
1.088447187420251566e-01 4.737217830952419718e+03
1.089450346860510871e-01 4.731227813043676178e+03
1.090454430855378049e-01 4.725268878422997659e+03
1.091459440256961899e-01 4.719340836988546471e+03
1.092465375918157261e-01 4.713443499682650327e+03
1.093472238692644455e-01 4.707576678483183969e+03
1.094480029434890533e-01 4.701740186395077217e+03
1.095488749000150114e-01 4.695933837441721153e+03
1.096498398244466765e-01 4.690157446656644424e+03
1.097508978024671900e-01 4.684410830075074955e+03
1.098520489198387406e-01 4.678693804725744485e+03
1.099532932624025239e-01 4.673006188622624904e+03
1.100546309160788244e-01 4.667347800756819197e+03
1.101560619668672247e-01 4.661718461088485128e+03
1.102575865008464662e-01 4.656117990538797130e+03
1.103592046041746294e-01 4.650546210982068260e+03
1.104609163630892454e-01 4.645002945237862150e+03
1.105627218639072817e-01 4.639488017063179541e+03
1.106646211930253088e-01 4.634001251144694834e+03
1.107666144369194999e-01 4.628542473091173633e+03
1.108687016821457150e-01 4.623111509425781151e+03
1.109708830153396109e-01 4.617708187578568868e+03
1.110731585232166141e-01 4.612332335879003040e+03
1.111755282925722399e-01 4.606983783548543215e+03
1.112779924102818285e-01 4.601662360693278060e+03
1.113805509633008783e-01 4.596367898296632120e+03
1.114832040386650042e-01 4.591100228212182628e+03
1.115859517234899928e-01 4.585859183156420841e+03
1.116887941049720390e-01 4.580644596701669798e+03
1.117917312703875926e-01 4.575456303269070304e+03
1.118947633070935949e-01 4.570294138121530523e+03
1.119978903025274503e-01 4.565157927191899034e+03
1.121011123442071794e-01 4.560047430274775252e+03
1.122044295197315023e-01 4.554962381202430151e+03
1.123078419167798242e-01 4.549902515004551788e+03
1.124113496231123471e-01 4.544867567973292353e+03
1.125149527265702082e-01 4.539857277650978176e+03
1.126186513150754243e-01 4.534871382818021630e+03
1.127224454766311557e-01 4.529909623480941264e+03
1.128263352993215951e-01 4.524971740860556565e+03
1.129303208713121204e-01 4.520057477380357341e+03
1.130344022808493498e-01 4.515166576654942219e+03
1.131385796162613228e-01 4.510298783478663609e+03
1.132428529659574024e-01 4.505453843814465472e+03
1.133472224184284421e-01 4.500631504782675620e+03
1.134516880622468693e-01 4.495831514650173631e+03
1.135562499860667124e-01 4.491053622819551492e+03
1.136609082786237956e-01 4.486297579818447048e+03
1.137656630287356418e-01 4.481563137289033875e+03
1.138705143253016389e-01 4.476850047977599388e+03
1.139754622573031367e-01 4.472158065724380322e+03
1.140805069138034616e-01 4.467486945453341832e+03
1.141856483839480824e-01 4.462836443162288560e+03
1.142908867569645687e-01 4.458206315912957507e+03
1.143962221221627579e-01 4.453596321821351012e+03
1.145016545689347826e-01 4.449006220048093383e+03
1.146071841867551400e-01 4.444435770789039452e+03
1.147128110651808863e-01 4.439884735265911331e+03
1.148185352938515119e-01 4.435352875717117058e+03
1.149243569624891631e-01 4.430839955388672024e+03
1.150302761608986424e-01 4.426345738525288652e+03
1.151362929789676304e-01 4.421869990361464261e+03
1.152424075066665471e-01 4.417412469831932867e+03
1.153486198340487462e-01 4.412972883134300901e+03
1.154549300512506121e-01 4.408550913619939820e+03
1.155613382484915463e-01 4.404146245820887998e+03
1.156678445160742030e-01 4.399758565552067921e+03
1.157744489443843644e-01 4.395387559900057568e+03
1.158811516238911626e-01 4.391032917212009124e+03
1.159879526451470938e-01 4.386694327084908764e+03
1.160948520987880733e-01 4.382371480354936466e+03
1.162018500755336720e-01 4.378064069087081407e+03
1.163089466661869631e-01 4.373771786565062939e+03
1.164161419616347171e-01 4.369494327281300684e+03
1.165234360528475122e-01 4.365231386927289350e+03
1.166308290308797069e-01 4.360982662384001742e+03
1.167383209868696897e-01 4.356747851712596457e+03
1.168459120120397265e-01 4.352526654145367502e+03
1.169536021976962381e-01 4.348318770076840337e+03
1.170613916352297307e-01 4.344123901055061651e+03
1.171692804161149626e-01 4.339941749773151969e+03
1.172772686319110830e-01 4.335772020061046533e+03
1.173853563742615069e-01 4.331614416877367148e+03
1.174935437348941653e-01 4.327468646301653280e+03
1.176018308056215322e-01 4.323334415526575867e+03
1.177102176783406534e-01 4.319211432850549500e+03
1.178187044450333676e-01 4.315099407670423716e+03
1.179272911977661958e-01 4.310998050474421689e+03
1.180359780286905635e-01 4.306907072835243525e+03
1.181447650300427865e-01 4.302826187403354197e+03
1.182536522941442098e-01 4.298755107900551593e+03
1.183626399134012908e-01 4.294693549113551853e+03
1.184717279803056272e-01 4.290641224560245064e+03
1.185809165874340543e-01 4.286597816509915901e+03
1.186902058274487415e-01 4.282562984772638629e+03
1.187995957930972346e-01 4.278536389877334841e+03
1.189090865772126221e-01 4.274517693608705486e+03
1.190186782727134934e-01 4.270506559001121786e+03
1.191283709726040918e-01 4.266502650332661688e+03
1.192381647699743696e-01 4.262505633119490085e+03
1.193480597580000718e-01 4.258515174110464613e+03
1.194580560299428884e-01 4.254530941282028834e+03
1.195681536791503574e-01 4.250552603833288231e+03
1.196783527990561147e-01 4.246579832181479105e+03
1.197886534831798661e-01 4.242612297957601186e+03
1.198990558251275818e-01 4.238649674002229403e+03
1.200095599185914269e-01 4.234691634361801334e+03
1.201201658573499559e-01 4.230737854284957393e+03
1.202308737352681400e-01 4.226788010219207536e+03
1.203416836462974371e-01 4.222841779807818057e+03
1.204525956844759715e-01 4.218898841886979426e+03
1.205636099439284792e-01 4.214958876483219683e+03
1.206747265188664320e-01 4.211021564811025200e+03
1.207859455035881352e-01 4.207086589270711556e+03
1.208972669924788801e-01 4.203153633446563617e+03
1.210086910800108606e-01 4.199222382105191173e+03
1.211202178607433677e-01 4.195292521194124674e+03
1.212318474293228310e-01 4.191363737840658359e+03
1.213435798804829158e-01 4.187435720350899828e+03
1.214554153090446620e-01 4.183508158209069734e+03
1.215673538099164008e-01 4.179580742077062496e+03
1.216793954780939768e-01 4.175653163737641080e+03
1.217915404086607895e-01 4.171725109279193930e+03
1.219037886967878487e-01 4.167796252637656835e+03
1.220161404377339553e-01 4.163866267467320540e+03
1.221285957268456041e-01 4.159934828683533851e+03
1.222411546595572329e-01 4.156001612463748643e+03
1.223538173313911959e-01 4.152066296248736762e+03
1.224665838379578736e-01 4.148128558744065231e+03
1.225794542749558680e-01 4.144188079921920689e+03
1.226924287381718492e-01 4.140244541022992053e+03
1.228055073234808475e-01 4.136297624558828829e+03
1.229186901268462112e-01 4.132347014314209446e+03
1.230319772443197457e-01 4.128392395349966137e+03
1.231453687720418522e-01 4.124433454005904423e+03
1.232588648062414305e-01 4.120469877903975430e+03
1.233724654432361151e-01 4.116501355951762889e+03
1.234861707794323304e-01 4.112527578346188420e+03
1.235999809113252912e-01 4.108548236577302305e+03
1.237138959354992657e-01 4.104563023432546288e+03
1.238279159486274095e-01 4.100571633001069131e+03
1.239420410474720430e-01 4.096573760678287726e+03
1.240562713288846514e-01 4.092569103170760627e+03
1.241706068898059401e-01 4.088557358501232557e+03
1.242850478272660847e-01 4.084538226013855365e+03
1.243995942383845643e-01 4.080511406379716391e+03
1.245142462203704253e-01 4.076476601602494156e+03
1.246290038705222675e-01 4.072433515024460121e+03
1.247438672862283687e-01 4.068381851332508631e+03
1.248588365649668519e-01 4.064321316564591143e+03
1.249739118043055597e-01 4.060251618667561615e+03
1.250890931019023322e-01 4.056172473742331022e+03
1.252043805555049794e-01 4.052083603800674155e+03
1.253197742629513778e-01 4.047984732269765573e+03
1.254352743221696931e-01 4.043875583913666105e+03
1.255508808311782132e-01 4.039755884840634735e+03
1.256665938880856259e-01 4.035625362510532796e+03
1.257824135910910190e-01 4.031483745742415522e+03
1.258983400384839357e-01 4.027330764722352797e+03
1.260143733286446799e-01 4.023166151011391776e+03
1.261305135600440663e-01 4.018989637553658667e+03
1.262467608312436707e-01 4.014800958684733359e+03
1.263631152408959679e-01 4.010599850140080889e+03
1.264795768877443882e-01 4.006386049063697556e+03
1.265961458706232334e-01 4.002159294016977128e+03
1.267128222884580380e-01 3.997919324987636628e+03
1.268296062402654301e-01 3.993665883398879487e+03
1.269464978251532428e-01 3.989398712118716048e+03
1.270634971423208470e-01 3.985117555469365016e+03
1.271806042910588463e-01 3.980822159236935022e+03
1.272978193707494099e-01 3.976512270681144855e+03
1.274151424808663280e-01 3.972187638545269238e+03
1.275325737209750954e-01 3.967848013066201929e+03
1.276501131907329112e-01 3.963493145984646162e+03
1.277677609898888456e-01 3.959122790555502888e+03
1.278855172182838951e-01 3.954736701558391360e+03
1.280033819758510383e-01 3.950334635308211091e+03
1.281213553626154578e-01 3.945916349666047154e+03
1.282394374786944569e-01 3.941481607892659667e+03
1.283576284242976262e-01 3.937030204658069579e+03
1.284759282997268715e-01 3.932561950031591095e+03
1.285943372053765521e-01 3.928076655534686779e+03
1.287128552417336480e-01 3.923574134070094715e+03
1.288314825093776483e-01 3.919054199931143557e+03
1.289502191089808014e-01 3.914516668811264935e+03
1.290690651413080592e-01 3.909961357813506311e+03
1.291880207072172992e-01 3.905388085460107504e+03
1.293070859076594359e-01 3.900796671702208641e+03
1.294262608436782536e-01 3.896186937929541727e+03
1.295455456164107955e-01 3.891558706980262286e+03
1.296649403270872525e-01 3.886911803150762807e+03
1.297844450770311020e-01 3.882246052205588512e+03
1.299040599676593022e-01 3.877561281387447252e+03
1.300237851004821532e-01 3.872857319427178027e+03
1.301436205771036303e-01 3.868133996553875477e+03
1.302635664992212172e-01 3.863391144505003012e+03
1.303836229686262393e-01 3.858628596536558234e+03
1.305037900872038636e-01 3.853846187433297473e+03
1.306240679569329877e-01 3.849043753519039910e+03
1.307444566798866836e-01 3.844221132666961694e+03
1.308649563582320041e-01 3.839378164309938711e+03
1.309855670942301209e-01 3.834514689450973037e+03
1.311062889902366024e-01 3.829630550673596190e+03
1.312271221487012196e-01 3.824725592152370609e+03
1.313480666721682233e-01 3.819799659663360217e+03
1.314691226632763166e-01 3.814852603467563767e+03
1.315902902247588491e-01 3.809884316054322426e+03
1.317115694594439002e-01 3.804894721407641555e+03
1.318329604702542512e-01 3.799883745476542572e+03
1.319544633602074968e-01 3.794851315467645236e+03
1.320760782324162941e-01 3.789797359851580950e+03
1.321978051900882245e-01 3.784721808369410610e+03
1.323196443365260988e-01 3.779624592038895116e+03
1.324415957751278738e-01 3.774505643160867749e+03
1.325636596093867636e-01 3.769364895325564248e+03
1.326858359428914336e-01 3.764202283418831030e+03
1.328081248793259450e-01 3.759017743628399330e+03
1.329305265224700605e-01 3.753811213450096147e+03
1.330530409761990496e-01 3.748582631694062002e+03
1.331756683444839939e-01 3.743331938490856373e+03
1.332984087313917043e-01 3.738059075297622712e+03
1.334212622410850535e-01 3.732763984904151584e+03
1.335442289778228098e-01 3.727446611438944274e+03
1.336673090459598312e-01 3.722106900375241821e+03
1.337905025499471767e-01 3.716744798536991766e+03
1.339138095943322171e-01 3.711360254104817159e+03
1.340372302837586349e-01 3.705953216621891897e+03
1.341607647229665079e-01 3.700523636999821974e+03
1.342844130167925309e-01 3.695071467524473064e+03
1.344081752701699606e-01 3.689596661861747634e+03
1.345320515881288093e-01 3.684099175063319308e+03
1.346560420757958731e-01 3.678578963591598495e+03
1.347801468383948154e-01 3.673036006611693210e+03
1.349043659812463047e-01 3.667470346513357981e+03
1.350286996097680436e-01 3.661882037784629119e+03
1.351531478294749899e-01 3.656271135745313586e+03
1.352777107459792183e-01 3.650637696546584266e+03
1.354023884649902254e-01 3.644981777170571604e+03
1.355271810923148745e-01 3.639303435429817910e+03
1.356520887338575898e-01 3.633602729966794868e+03
1.357771114956204117e-01 3.627879720253243249e+03
1.359022494837030248e-01 3.622134466589602198e+03
1.360275028043029799e-01 3.616367030104316655e+03
1.361528715637155829e-01 3.610577472753075199e+03
1.362783558683342000e-01 3.604765857318087001e+03
1.364039558246502581e-01 3.598932247407211889e+03
1.365296715392533000e-01 3.593076707453109520e+03
1.366555031188310954e-01 3.587199302712350345e+03
1.367814506701697796e-01 3.581300099264422897e+03
1.369075143001537986e-01 3.575379164010715158e+03
1.370336941157662969e-01 3.569436564673453631e+03
1.371599902240888680e-01 3.563472369794655606e+03
1.372864027323018599e-01 3.557486648734896335e+03
1.374129317476843748e-01 3.551479471672138061e+03
1.375395773776143526e-01 3.545450909600489922e+03
1.376663397295688207e-01 3.539401034328884180e+03
1.377932189111237826e-01 3.533329918479740627e+03
1.379202150299543295e-01 3.527237635709119786e+03
1.380473281938348895e-01 3.521124293021066478e+03
1.381745585106391450e-01 3.514990064454765161e+03
1.383019060883403095e-01 3.508835132274505213e+03
1.384293710350109896e-01 3.502659678791912029e+03
1.385569534588234342e-01 3.496463886358103991e+03
1.386846534680496179e-01 3.490247937355837621e+03
1.388124711710612413e-01 3.484012014191745038e+03
1.389404066763300083e-01 3.477756299288499122e+03
1.390684600924274594e-01 3.471480975077145104e+03
1.391966315280252497e-01 3.465186223989297105e+03
1.393249210918952041e-01 3.458872228449525664e+03
1.394533288929093728e-01 3.452539170867717530e+03
1.395818550400401981e-01 3.446187233631420895e+03
1.397104996423604861e-01 3.439816599098289771e+03
1.398392628090436018e-01 3.433427449588531999e+03
1.399681446493635517e-01 3.427019967377429111e+03
1.400971452726949840e-01 3.420594334687814353e+03
1.402262647885134383e-01 3.414150733682678947e+03
1.403555033063953184e-01 3.407689346457712873e+03
1.404848609360179745e-01 3.401210355033983888e+03
1.406143377871599542e-01 3.394713941350581081e+03
1.407439339697007519e-01 3.388200287257344371e+03
1.408736495936214472e-01 3.381669574507528523e+03
1.410034847690042337e-01 3.375121984750691809e+03
1.411334396060328622e-01 3.368557699525412318e+03
1.412635142149926137e-01 3.361976915923002707e+03
1.413937087062704656e-01 3.355379901849509224e+03
1.415240231903550361e-01 3.348766944527538271e+03
1.416544577778368064e-01 3.342138330194300124e+03
1.417850125794082317e-01 3.335494344088277103e+03
1.419156877058637689e-01 3.328835270437596137e+03
1.420464832680999323e-01 3.322161392448473634e+03
1.421773993771155431e-01 3.315472992293878633e+03
1.423084361440115908e-01 3.308770351102431050e+03
1.424395936799915663e-01 3.302053748947389522e+03
1.425708720963614340e-01 3.295323464835897084e+03
1.427022715045297430e-01 3.288579776698401929e+03
1.428337920160076546e-01 3.281822961378225045e+03
1.429654337424091926e-01 3.275053294621362511e+03
1.430971967954511315e-01 3.268271051066401469e+03
1.432290812869534136e-01 3.261476504234700315e+03
1.433610873288388154e-01 3.254669926520682111e+03
1.434932150331334477e-01 3.247851589182342650e+03
1.436254645119665052e-01 3.241021762331919490e+03
1.437578358775706000e-01 3.234180714926773362e+03
1.438903292422818725e-01 3.227328714760409184e+03
1.440229447185398526e-01 3.220466028453682611e+03
1.441556824188877928e-01 3.213592921446201217e+03
1.442885424559726126e-01 3.206709657987904848e+03
1.444215249425450653e-01 3.199816501423322279e+03
1.445546299914598765e-01 3.192913746282551983e+03
1.446878577156756884e-01 3.186001746864861161e+03
1.448212082282553381e-01 3.179080862249335041e+03
1.449546816423658291e-01 3.172151449407511336e+03
1.450882780712783870e-01 3.165213863193490852e+03
1.452219976283688208e-01 3.158268456334386428e+03
1.453558404271172722e-01 3.151315579421144776e+03
1.454898065811085217e-01 3.144355580899647975e+03
1.456238962040320439e-01 3.137388807062301566e+03
1.457581094096820074e-01 3.130415602039844998e+03
1.458924463119576631e-01 3.123436307793608648e+03
1.460269070248630119e-01 3.116451264108035957e+03
1.461614916625072758e-01 3.109460808583618473e+03
1.462962003391047316e-01 3.102465276630117842e+03
1.464310331689749889e-01 3.095465001460159783e+03
1.465659902665430725e-01 3.088460314083147750e+03
1.467010717463393676e-01 3.081451543299477635e+03
1.468362777229998140e-01 3.074439015695188118e+03
1.469716083112660998e-01 3.067423055636756999e+03
1.471070636259855513e-01 3.060403985266421842e+03
1.472426437821114376e-01 3.053382124497634322e+03
1.473783488947029152e-01 3.046357791010993878e+03
1.475141790789252227e-01 3.039331300250355980e+03
1.476501344500497082e-01 3.032302965437611874e+03
1.477862151234539401e-01 3.025273116401290281e+03
1.479224212146219020e-01 3.018242134887577777e+03
1.480587528391439645e-01 3.011210409445816367e+03
1.481952101127169408e-01 3.004178325601177221e+03
1.483317931511445309e-01 2.997146265852732085e+03
1.484685020703368219e-01 2.990114609671969902e+03
1.486053369863110374e-01 2.983083733501760435e+03
1.487422980151911489e-01 2.976054010755884974e+03
1.488793852732081535e-01 2.969025811818897182e+03
1.490165988767002681e-01 2.961999504046545553e+03
1.491539389421129014e-01 2.954975451766568767e+03
1.492914055859987377e-01 2.947954016279985808e+03
1.494289989250179029e-01 2.940935555862807632e+03
1.495667190759380205e-01 2.933920425768125369e+03
1.497045661556344054e-01 2.926908978228762862e+03
1.498425402810900364e-01 2.919901562460197056e+03
1.499806415693956951e-01 2.912898524663946318e+03
1.501188701377501045e-01 2.905900208031432612e+03
1.502572261034599566e-01 2.898906952748179719e+03
1.503957095839401625e-01 2.891919095998370722e+03
1.505343206967137692e-01 2.884936971969923434e+03
1.506730595594121536e-01 2.877960911859816861e+03
1.508119262897750779e-01 2.870991243879931517e+03
1.509509210056508011e-01 2.864028294271335199e+03
1.510900438249963840e-01 2.857072411051517975e+03
1.512292948658773284e-01 2.850123964656143926e+03
1.513686742464681600e-01 2.843183323250639205e+03
1.515081820850522065e-01 2.836250851539909490e+03
1.516478185000217915e-01 2.829326910777931516e+03
1.517875836098785125e-01 2.822411858777807083e+03
1.519274775332330185e-01 2.815506049922258626e+03
1.520675003888053434e-01 2.808609835174580894e+03
1.522076522954249056e-01 2.801723562090019186e+03
1.523479333720306472e-01 2.794847574827609606e+03
1.524883437376712558e-01 2.787982214162400851e+03
1.526288835115049147e-01 2.781127817498172590e+03
1.527695528127998026e-01 2.774284718880462151e+03
1.529103517609339824e-01 2.767453249010083255e+03
1.530512804753954015e-01 2.760633735257017179e+03
1.531923390757823911e-01 2.753826501674639076e+03
1.533335276818033333e-01 2.747031869014419044e+03
1.534748464132769663e-01 2.740250154740943344e+03
1.536162953901324402e-01 2.733481673047321237e+03
1.537578747324094552e-01 2.726726734870921064e+03
1.538995845602584289e-01 2.719985647909534691e+03
1.540414249939403846e-01 2.713258716637810721e+03
1.541833961538272568e-01 2.706546242492710007e+03
1.543254981604019194e-01 2.699848531843671026e+03
1.544677311342581849e-01 2.693165899350959535e+03
1.546100951961012215e-01 2.686498657206033386e+03
1.547525904667472474e-01 2.679847114261040133e+03
1.548952170671238915e-01 2.673211576048525785e+03
1.550379751182703048e-01 2.666592344801444142e+03
1.551808647413370490e-01 2.659989719473547211e+03
1.553238860575865132e-01 2.653403995760023463e+03
1.554670391883927194e-01 2.646835466118608565e+03
1.556103242552415722e-01 2.640284419790838001e+03
1.557537413797310533e-01 2.633751142823762621e+03
1.558972906835710270e-01 2.627235918091889289e+03
1.560409722885836847e-01 2.620739025319418943e+03
1.561847863167034611e-01 2.614260741102823431e+03
1.563287328899770623e-01 2.607801338933657462e+03
1.564728121305639097e-01 2.601361089221683869e+03
1.566170241607356961e-01 2.594940259318241715e+03
1.567613691028771072e-01 2.588539113539906339e+03
1.569058470794854332e-01 2.582157913192392698e+03
1.570504582131709292e-01 2.575796916594721097e+03
1.571952026266568991e-01 2.569456379103601648e+03
1.573400804427796396e-01 2.563136553138120235e+03
1.574850917844887732e-01 2.556837686816055339e+03
1.576302367748471378e-01 2.550560012329506208e+03
1.577755155370310081e-01 2.544303752000261738e+03
1.579209281943303456e-01 2.538069125450181673e+03
1.580664748701484934e-01 2.531856349699434759e+03
1.582121556880027036e-01 2.525665639190503043e+03
1.583579707715239981e-01 2.519497205812433094e+03
1.585039202444572803e-01 2.513351258925248658e+03
1.586500042306616953e-01 2.507228005384402422e+03
1.587962228541103804e-01 2.501127649565565662e+03
1.589425762388907426e-01 2.495050393389375131e+03
1.590890645092045974e-01 2.488996436346454175e+03
1.592356877893681688e-01 2.482965975522491135e+03
1.593824462038123946e-01 2.476959205623543312e+03
1.595293398770827875e-01 2.470976319001304091e+03
1.596763689338396019e-01 2.465017505678733869e+03
1.598235334988581113e-01 2.459082953375566831e+03
1.599708336970284139e-01 2.453172847534111952e+03
1.601182696533559602e-01 2.447287371345070824e+03
1.602658414929611919e-01 2.441426705773536014e+03
1.604135493410799584e-01 2.435591029585017168e+03
1.605613933230634893e-01 2.429780519371624905e+03
1.607093735643785881e-01 2.423995347929087075e+03
1.608574901906076882e-01 2.418235655745485474e+03
1.610057433274489636e-01 2.412501555095768254e+03
1.611541331007164402e-01 2.406793155842474334e+03
1.613026596363400234e-01 2.401110566357805510e+03
1.614513230603657756e-01 2.395453893543937738e+03
1.616001234989559165e-01 2.389823242853293777e+03
1.617490610783889338e-01 2.384218718308895859e+03
1.618981359250596663e-01 2.378640422524667883e+03
1.620473481654794712e-01 2.373088456725792184e+03
1.621966979262762509e-01 2.367562920769041739e+03
1.623461853341947314e-01 2.362063913163183315e+03
1.624958105160963784e-01 2.356591531089281943e+03
1.626455735989595364e-01 2.351145870421146810e+03
1.627954747098796784e-01 2.345727025745651190e+03
1.629455139760692672e-01 2.340335090383151055e+03
1.630956915248581995e-01 2.334970156407881859e+03
1.632460074836936115e-01 2.329632314668299387e+03
1.633964619801401008e-01 2.324321654807517916e+03
1.635470551418798379e-01 2.319038265283694273e+03
1.636977870967126492e-01 2.313782233390386864e+03
1.638486579725562664e-01 2.308553645276989755e+03
1.639996678974461886e-01 2.303352577527696212e+03
1.641508169995359312e-01 2.298179046956849561e+03
1.643021054070972486e-01 2.293033044935714315e+03
1.644535332485198564e-01 2.287914562496571762e+03
1.646051006523120974e-01 2.282823590434820289e+03
1.647568077471005532e-01 2.277760119318202669e+03
1.649086546616303772e-01 2.272724139495992858e+03
1.650606415247655723e-01 2.267715641108110049e+03
1.652127684654885464e-01 2.262734614094244080e+03
1.653650356129009458e-01 2.257781048202915827e+03
1.655174430962231824e-01 2.252854933000543951e+03
1.656699910447947954e-01 2.247956257880427984e+03
1.658226795880746451e-01 2.243085012071753681e+03
1.659755088556408020e-01 2.238241184648516992e+03
1.661284789771907411e-01 2.233424764538465297e+03
1.662815900825415361e-01 2.228635740531952706e+03
1.664348423016298595e-01 2.223874101290824910e+03
1.665882357645122047e-01 2.219139835357226275e+03
1.667417706013648582e-01 2.214432931162404657e+03
1.668954469424841214e-01 2.209753377035470749e+03
1.670492649182863942e-01 2.205101161212141960e+03
1.672032246593081750e-01 2.200476269398886870e+03
1.673573262962064490e-01 2.195878634299403984e+03
1.675115699597584662e-01 2.191308137868820268e+03
1.676659557808620749e-01 2.186764660790796370e+03
1.678204838905357210e-01 2.182248084581221065e+03
1.679751544199186430e-01 2.177758291583433675e+03
1.681299675002709548e-01 2.173295164963533352e+03
1.682849232629737291e-01 2.168858588705647890e+03
1.684400218395290805e-01 2.164448447607324852e+03
1.685952633615603602e-01 2.160064627274904524e+03
1.687506479608122112e-01 2.155707014118931966e+03
1.689061757691507903e-01 2.151375495349636822e+03
1.690618469185636574e-01 2.147069958972416316e+03
1.692176615411600804e-01 2.142790293783362813e+03
1.693736197691710910e-01 2.138536389364850947e+03
1.695297217349494845e-01 2.134308136081132943e+03
1.696859675709702642e-01 2.130105425073955757e+03
1.698423574098303357e-01 2.125928148258259171e+03
1.699988913842488680e-01 2.121776198317880244e+03
1.701555696270673490e-01 2.117649468701266869e+03
1.703123922712496685e-01 2.113547853617313194e+03
1.704693594498823406e-01 2.109471243386501101e+03
1.706264712961745034e-01 2.105419464202141171e+03
1.707837279434580302e-01 2.101392295838675636e+03
1.709411295251876961e-01 2.097389518596062771e+03
1.710986761749412333e-01 2.093410914395997224e+03
1.712563680264196364e-01 2.089456266764404518e+03
1.714142052134469685e-01 2.085525360814118812e+03
1.715721878699706660e-01 2.081617983227828972e+03
1.717303161300616776e-01 2.077733922241141499e+03
1.718885901279143813e-01 2.073872967625943147e+03
1.720470099978470280e-01 2.070034910673855848e+03
1.722055758743015197e-01 2.066219544179994045e+03
1.723642878918437149e-01 2.062426662426828898e+03
1.725231461851634562e-01 2.058656061168293945e+03
1.726821508890747370e-01 2.054907537614083594e+03
1.728413021385159232e-01 2.051180890414094392e+03
1.730006000685495315e-01 2.047475919643117777e+03
1.731600448143626458e-01 2.043792426785643329e+03
1.733196365112671389e-01 2.040130214720908270e+03
1.734793752946991729e-01 2.036489087708089301e+03
1.736392613002201435e-01 2.032868851346387373e+03
1.737992946635161517e-01 2.029269290208992970e+03
1.739594755203984211e-01 2.025690127016289580e+03
1.741198040068034081e-01 2.022131075279312654e+03
1.742802802587927191e-01 2.018591850488144701e+03
1.744409044125534713e-01 2.015072170088851635e+03
1.746016766043982371e-01 2.011571753460800664e+03
1.747625969707651827e-01 2.008090321894326962e+03
1.749236656482184016e-01 2.004627598568825988e+03
1.750848827734476643e-01 2.001183308531188231e+03
1.752462484832687795e-01 1.997757178674621400e+03
1.754077629146236772e-01 1.994348937717830040e+03
1.755694262045804088e-01 1.990958316184554633e+03
1.757312384903335356e-01 1.987585046383484269e+03
1.758931999092038789e-01 1.984228862388490143e+03
1.760553105986389366e-01 1.980889500019256730e+03
1.762175706962127997e-01 1.977566696822235599e+03
1.763799803396263466e-01 1.974260192051890272e+03
1.765425396667075209e-01 1.970969726652394911e+03
1.767052488154111645e-01 1.967695043239551296e+03
1.768681079238192400e-01 1.964435886083108926e+03
1.770311171301410524e-01 1.961191982304366775e+03
1.771942765727131941e-01 1.957962984625819672e+03
1.773575863899998772e-01 1.954748528705677245e+03
1.775210467205928788e-01 1.951548252530188165e+03
1.776846577032116514e-01 1.948361796389550136e+03
1.778484194767035731e-01 1.945188802854448568e+03
1.780123321800438640e-01 1.942028916753245312e+03
1.781763959523360308e-01 1.938881785149810185e+03
1.783406109328116718e-01 1.935747057322046430e+03
1.785049772608306440e-01 1.932624384740968708e+03
1.786694950758813405e-01 1.929513421050470924e+03
1.788341645175806627e-01 1.926413822047674103e+03
1.789989857256742700e-01 1.923325245663893611e+03
1.791639588400365246e-01 1.920247351946249182e+03
1.793290840006706577e-01 1.917179803039833132e+03
1.794943613477091859e-01 1.914122263170470433e+03
1.796597910214134119e-01 1.911074398628105882e+03
1.798253731621742568e-01 1.908035877750744703e+03
1.799911079105117606e-01 1.905006370908970894e+03
1.801569954070756097e-01 1.901985550629834961e+03
1.803230357926452199e-01 1.898973109957216820e+03
1.804892292081294314e-01 1.895968780685174579e+03
1.806555757945672858e-01 1.892972300603601525e+03
1.808220756931276652e-01 1.889983409090139503e+03
1.809887290451095143e-01 1.887001847100201985e+03
1.811555359919421737e-01 1.884027357157334336e+03
1.813224966751850742e-01 1.881059683343947881e+03
1.814896112365283753e-01 1.878098571292373663e+03
1.816568798177926880e-01 1.875143768176286812e+03
1.818243025609292962e-01 1.872195022702458573e+03
1.819918796080204904e-01 1.869252085102843694e+03
1.821596111012792063e-01 1.866314707127010706e+03
1.823274971830498026e-01 1.863382642034901210e+03
1.824955379958075885e-01 1.860455644589917256e+03
1.826637336821592128e-01 1.857533471052305231e+03
1.828320843848429411e-01 1.854615879172913992e+03
1.830005902467282397e-01 1.851702628187216078e+03
1.831692514108166081e-01 1.848793478809692488e+03
1.833380680202411628e-01 1.845888193228466889e+03
1.835070402182669425e-01 1.842986520897332866e+03
1.836761681482911301e-01 1.840088120067911404e+03
1.838454519538428311e-01 1.837192613896660760e+03
1.840148917785837668e-01 1.834299627800209919e+03
1.841844877663077751e-01 1.831408789551459222e+03
1.843542400609413379e-01 1.828519729274823931e+03
1.845241488065437196e-01 1.825632079442207214e+03
1.846942141473066068e-01 1.822745474869724148e+03
1.848644362275549680e-01 1.819859552715153541e+03
1.850348151917465267e-01 1.816973952476121440e+03
1.852053511844722056e-01 1.814088315989013154e+03
1.853760443504563482e-01 1.811202287428567161e+03
1.855468948345563307e-01 1.808315513308182972e+03
1.857179027817634220e-01 1.805427642480937720e+03
1.858890683372023123e-01 1.802538326141256448e+03
1.860603916461314178e-01 1.799647217827278382e+03
1.862318728539432422e-01 1.796753973423884190e+03
1.864035121061639599e-01 1.793858251166402852e+03
1.865753095484541657e-01 1.790959711644915160e+03
1.867472653266085969e-01 1.788058016878418584e+03
1.869193795865562446e-01 1.785152823868578025e+03
1.870916524743608256e-01 1.782243788521868964e+03
1.872640841362205044e-01 1.779330569178943506e+03
1.874366747184682269e-01 1.776412826644276720e+03
1.876094243675718032e-01 1.773490224194636312e+03
1.877823332301340464e-01 1.770562427588105493e+03
1.879554014528929118e-01 1.767629105073807295e+03
1.881286291827215518e-01 1.764689927402168450e+03
1.883020165666285106e-01 1.761744567835866064e+03
1.884755637517578075e-01 1.758792702161323632e+03
1.886492708853890199e-01 1.755834008700812774e+03
1.888231381149375887e-01 1.752868168325121360e+03
1.889971655879547630e-01 1.749894864466811669e+03
1.891713534521276552e-01 1.746913783134031291e+03
1.893457018552798243e-01 1.743924612924856547e+03
1.895202109453706096e-01 1.740927045042194322e+03
1.896948808704961298e-01 1.737920773309221431e+03
1.898697117788887834e-01 1.734905494186675924e+03
1.900447038189175542e-01 1.731880923365345325e+03
1.902198571390883997e-01 1.728846836890891382e+03
1.903951718880438071e-01 1.725803025562166113e+03
1.905706482145635705e-01 1.722749282265362808e+03
1.907462862675644300e-01 1.719685401987133901e+03
1.909220861961004045e-01 1.716611181827836617e+03
1.910980481493630145e-01 1.713526421015092865e+03
1.912741722766810037e-01 1.710430920917483036e+03
1.914504587275210334e-01 1.707324485058440814e+03
1.916269076514873493e-01 1.704206919130394681e+03
1.918035191983221144e-01 1.701078031008990365e+03
1.919802935179056314e-01 1.697937630767611608e+03
1.921572307602560092e-01 1.694785530691970735e+03
1.923343310755300239e-01 1.691621545294926136e+03
1.925115946140225631e-01 1.688445491331421863e+03
1.926890215261670980e-01 1.685257187813598421e+03
1.928666119625358777e-01 1.682056456026043861e+03
1.930443660738396794e-01 1.678843119541178112e+03
1.932222840109283912e-01 1.675617006501796141e+03
1.934003659247908735e-01 1.672377977387611736e+03
1.935786119665550420e-01 1.669125916031316819e+03
1.937570222874883397e-01 1.665860708647211368e+03
1.939355970389972650e-01 1.662582243388016877e+03
1.941143363726282323e-01 1.659290410356473558e+03
1.942932404400670721e-01 1.655985101617014379e+03
1.944723093931395030e-01 1.652666211207382730e+03
1.946515433838112707e-01 1.649333635150287591e+03
1.948309425641879256e-01 1.645987271465020285e+03
1.950105070865154611e-01 1.642627020179068950e+03
1.951902371031800643e-01 1.639252783339711868e+03
1.953701327667083376e-01 1.635864465025596246e+03
1.955501942297676599e-01 1.632461971358268329e+03
1.957304216451657419e-01 1.629045210513697157e+03
1.959108151658515429e-01 1.625614092733733060e+03
1.960913749449146870e-01 1.622168530337546827e+03
1.962721011355859912e-01 1.618708437733011579e+03
1.964529938912376039e-01 1.615233733702232030e+03
1.966340533653828659e-01 1.611744385941262863e+03
1.968152797116766439e-01 1.608240407765303189e+03
1.969966730839154967e-01 1.604721815507848987e+03
1.971782336360375643e-01 1.601188626807674154e+03
1.973599615221231229e-01 1.597640860611073549e+03
1.975418568963941968e-01 1.594078537174077837e+03
1.977239199132151126e-01 1.590501678064453699e+03
1.979061507270923892e-01 1.586910306163676751e+03
1.980885494926748758e-01 1.583304445668773042e+03
1.982711163647541963e-01 1.579684122093990936e+03
1.984538514982644164e-01 1.576049362272445705e+03
1.986367550482824318e-01 1.572400194357590181e+03
1.988198271700281350e-01 1.568736647824571492e+03
1.990030680188643319e-01 1.565058753471506634e+03
1.991864777502972694e-01 1.561366543420565677e+03
1.993700565199763020e-01 1.557660051119034733e+03
1.995538044836942249e-01 1.553939311340161566e+03
1.997377217973876906e-01 1.550204366293615521e+03
1.999218086171366260e-01 1.546455319496458742e+03
2.001060650991652312e-01 1.542692309216761259e+03
2.002904913998414804e-01 1.538915474459884763e+03
2.004750876756773992e-01 1.535124954563240408e+03
2.006598540833295363e-01 1.531320889187536068e+03
2.008447907795984366e-01 1.527503418308024720e+03
2.010298979214295290e-01 1.523672682205745105e+03
2.012151756659126822e-01 1.519828821458781704e+03
2.014006241702825106e-01 1.515971976933445376e+03
2.015862435919187901e-01 1.512102289775514009e+03
2.017720340883459584e-01 1.508219901401475227e+03
2.019579958172340595e-01 1.504324953489682002e+03
2.021441289363981320e-01 1.500417587971601051e+03
2.023304336037987650e-01 1.496497947023012557e+03
2.025169099775422921e-01 1.492566173055178069e+03
2.027035582158803750e-01 1.488622408706092756e+03
2.028903784772109753e-01 1.484666796946293971e+03
2.030773709200777710e-01 1.480699508285144020e+03
2.032645357031705458e-01 1.476720775539811484e+03
2.034518729853255770e-01 1.472730839419033146e+03
2.036393829255251919e-01 1.468729939741758926e+03
2.038270656828985450e-01 1.464718315421219131e+03
2.040149214167213121e-01 1.460696204449257493e+03
2.042029502864159130e-01 1.456663843880924333e+03
2.043911524515518996e-01 1.452621469819311869e+03
2.045795280718455678e-01 1.448569317400693080e+03
2.047680773071607618e-01 1.444507620779849503e+03
2.049568003175084308e-01 1.440436613115699629e+03
2.051456972630470443e-01 1.436356526557201278e+03
2.053347683040828708e-01 1.432267592229445199e+03
2.055240136010695329e-01 1.428170040220086321e+03
2.057134333146089233e-01 1.424064099565953029e+03
2.059030276054507058e-01 1.419949998239959768e+03
2.060927966344927864e-01 1.415827963138269524e+03
2.062827405627814803e-01 1.411698231544834016e+03
2.064728595515112064e-01 1.407561093263858311e+03
2.066631537620252923e-01 1.403416851942017274e+03
2.068536233558156134e-01 1.399265809144957075e+03
2.070442684945227874e-01 1.395108264339917014e+03
2.072350893399366178e-01 1.390944514881026407e+03
2.074260860539959006e-01 1.386774855995087592e+03
2.076172587987886731e-01 1.382599580767958059e+03
2.078086077365523809e-01 1.378418980131400303e+03
2.080001330296739337e-01 1.374233342850523513e+03
2.081918348406900932e-01 1.370042955511697301e+03
2.083837133322872237e-01 1.365848102511020670e+03
2.085757686673017086e-01 1.361649066043284392e+03
2.087680010087199778e-01 1.357446126091467249e+03
2.089604105196786743e-01 1.353239560416704080e+03
2.091529973634649320e-01 1.349029644548784290e+03
2.093457617035161533e-01 1.344816651777143989e+03
2.095387037034205091e-01 1.340600862120346164e+03
2.097318235269169384e-01 1.336382592183934094e+03
2.099251213378951764e-01 1.332162166267335579e+03
2.101185973003962260e-01 1.327939905658755151e+03
2.103122515786120805e-01 1.323716128627761464e+03
2.105060843368860291e-01 1.319491150418810776e+03
2.107000957397131558e-01 1.315265283245466435e+03
2.108942859517396184e-01 1.311038836285319348e+03
2.110886551377638420e-01 1.306812115675598307e+03
2.112832034627358524e-01 1.302585424509469021e+03
2.114779310917576649e-01 1.298359062832986183e+03
2.116728381900837286e-01 1.294133327642707400e+03
2.118679249231204265e-01 1.289908512883987896e+03
2.120631914564269360e-01 1.285684909449860243e+03
2.122586379557148129e-01 1.281462805180609621e+03
2.124542645868483515e-01 1.277242484863915706e+03
2.126500715158448906e-01 1.273024230328284602e+03
2.128460589088744803e-01 1.268808330634463800e+03
2.130422269322606033e-01 1.264595091104388302e+03
2.132385757524798697e-01 1.260384815781910675e+03
2.134351055361623228e-01 1.256177805243442208e+03
2.136318164500917993e-01 1.251974356602598391e+03
2.138287086612054300e-01 1.247774763515608129e+03
2.140257823365946388e-01 1.243579316187327322e+03
2.142230376435045602e-01 1.239388301377978678e+03
2.144204747493345387e-01 1.235202002410534533e+03
2.146180938216384060e-01 1.231020699178731775e+03
2.148158950281239821e-01 1.226844668155749332e+03
2.150138785366541017e-01 1.222674182403464556e+03
2.152120445152460870e-01 1.218509511582354662e+03
2.154103931320720255e-01 1.214350921961994572e+03
2.156089245554593525e-01 1.210198676432101138e+03
2.158076389538901296e-01 1.206053034514219917e+03
2.160065364960021828e-01 1.201914253403928569e+03
2.162056173505884915e-01 1.197782594560045709e+03
2.164048816865975777e-01 1.193658319409564911e+03
2.166043296731339773e-01 1.189541685914046184e+03
2.168039614794576020e-01 1.185432948568205802e+03
2.170037772749847937e-01 1.181332358415592580e+03
2.172037772292878255e-01 1.177240163064842363e+03
2.174039615120952618e-01 1.173156606706434104e+03
2.176043302932922363e-01 1.169081930129965940e+03
2.178048837429201745e-01 1.165016370741931496e+03
2.180056220311775428e-01 1.160960162583987767e+03
2.182065453284194601e-01 1.156913536351698895e+03
2.184076538051580585e-01 1.152876719413747196e+03
2.186089476320628167e-01 1.148849935831581888e+03
2.188104269799602541e-01 1.144833406379537792e+03
2.190120920198344867e-01 1.140827348565342163e+03
2.192139429228271985e-01 1.136831976400618714e+03
2.194159798602376699e-01 1.132847496703045863e+03
2.196182030035233046e-01 1.128874109972871111e+03
2.198206125242993525e-01 1.124912013544318597e+03
2.200232085943392424e-01 1.120961401697554720e+03
2.202259913855747764e-01 1.117022465680743835e+03
2.204289610700961299e-01 1.113095393732466164e+03
2.206321178201522404e-01 1.109180371104401274e+03
2.208354618081506404e-01 1.105277580084347392e+03
2.210389932066577912e-01 1.101387200019536976e+03
2.212427121883993597e-01 1.097509407340213784e+03
2.214466189262598583e-01 1.093644375583518467e+03
2.216507135932835049e-01 1.089792275417602696e+03
2.218549963626738064e-01 1.085953274666028619e+03
2.220594674077939201e-01 1.082127538332407767e+03
2.222641269021669030e-01 1.078315228625278451e+03
2.224689750194754623e-01 1.074516504123083905e+03
2.226740119335627044e-01 1.070731508298597873e+03
2.228792378184317746e-01 1.066960372825405329e+03
2.230846528482461344e-01 1.063203226773910274e+03
2.232902571973300332e-01 1.059460196862349676e+03
2.234960510401679812e-01 1.055731407479856443e+03
2.237020345514056652e-01 1.052016980709608106e+03
2.239082079058495600e-01 1.048317036352104878e+03
2.241145712784672062e-01 1.044631691948575963e+03
2.243211248443876260e-01 1.040961062804449284e+03
2.245278687789009076e-01 1.037305262012969706e+03
2.247348032574590093e-01 1.033664400478873631e+03
2.249419284556754273e-01 1.030038586942159782e+03
2.251492445493255001e-01 1.026427928001967757e+03
2.253567517143467980e-01 1.022832528140473642e+03
2.255644501268385949e-01 1.019252489746937840e+03
2.257723399630629235e-01 1.015687908932500704e+03
2.259804213994440203e-01 1.012138854587839546e+03
2.261886946125687137e-01 1.008605384634520760e+03
2.263971597791868406e-01 1.005087555518649424e+03
2.266058170762106916e-01 1.001585422245030145e+03
2.268146666807160095e-01 9.980990383953169385e+02
2.270237087699415734e-01 9.946284561462204010e+02
2.272329435212894766e-01 9.911737262876505383e+02
2.274423711123254865e-01 9.877348982408577740e+02
2.276519917207786847e-01 9.843120200765544041e+02
2.278618055245423824e-01 9.809051385329906907e+02
2.280718127016735375e-01 9.775142990340358438e+02
2.282820134303932547e-01 9.741395457072002273e+02
2.284924078890871180e-01 9.707809214016334636e+02
2.287029962563047469e-01 9.674384677061094635e+02
2.289137787107606847e-01 9.641122245880744686e+02
2.291247554313339541e-01 9.608022101750287902e+02
2.293359265970684457e-01 9.575084109369306589e+02
2.295472923871733351e-01 9.542308103505040435e+02
2.297588529810224989e-01 9.509693914521023999e+02
2.299706085581555981e-01 9.477241368462322271e+02
2.301825592982774671e-01 9.444950287139951115e+02
2.303947053812585855e-01 9.412820488215131718e+02
2.306070469871354389e-01 9.380851785282640094e+02
2.308195842961102140e-01 9.349043987953969008e+02
2.310323174885512421e-01 9.317396901939556528e+02
2.312452467449931104e-01 9.285910329130961145e+02
2.314583722461366899e-01 9.254584067682063733e+02
2.316716941728496071e-01 9.223417912089939819e+02
2.318852127061660218e-01 9.192411653275279377e+02
2.320989280272869881e-01 9.161565078649757652e+02
2.323128403175805379e-01 9.130877833927403344e+02
2.325269497585817913e-01 9.100349084009453691e+02
2.327412565319934568e-01 9.069977894969472345e+02
2.329557608196853868e-01 9.039763339198149197e+02
2.331704628036951610e-01 9.009704495356486404e+02
2.333853626662283354e-01 8.979800448329046958e+02
2.336004605896579434e-01 8.950050289177969489e+02
2.338157567565255501e-01 8.920453115097014916e+02
2.340312513495407809e-01 8.891008029366192886e+02
2.342469445515815152e-01 8.861714141306683814e+02
2.344628365456945529e-01 8.832570566236000786e+02
2.346789275150948928e-01 8.803576425423841556e+02
2.348952176431668426e-01 8.774730846047926889e+02
2.351117071134634917e-01 8.746032961150409619e+02
2.353283961097071275e-01 8.717481909594604303e+02
2.355452848157895129e-01 8.689076723655707610e+02
2.357623734157715534e-01 8.660815936742180838e+02
2.359796620938841849e-01 8.632697953570062737e+02
2.361971510345279024e-01 8.604721194257739398e+02
2.364148404222731759e-01 8.576884094169830632e+02
2.366327304418607558e-01 8.549185103754983857e+02
2.368508212782013400e-01 8.521622688386202071e+02
2.370691131163763510e-01 8.494195328203271629e+02
2.372876061416376303e-01 8.466901517957688839e+02
2.375063005394077442e-01 8.439739766859770498e+02
2.377251964952803720e-01 8.412708598427965399e+02
2.379442941950198342e-01 8.385806550340527110e+02
2.381635938245620920e-01 8.359032174289237673e+02
2.383830955700141918e-01 8.332384035835302711e+02
2.386027996176547650e-01 8.305860714206775128e+02
2.388227061539343055e-01 8.279460648124328372e+02
2.390428153654747812e-01 8.253181806133168266e+02
2.392631274390705498e-01 8.227022082766374069e+02
2.394836425616878872e-01 8.200979394945085232e+02
2.397043609204653758e-01 8.175051681744638472e+02
2.399252827027143209e-01 8.149236904165600208e+02
2.401464080959182790e-01 8.123533044909700038e+02
2.403677372877339735e-01 8.097938108160484489e+02
2.405892704659908232e-01 8.072450119368705828e+02
2.408110078186914138e-01 8.047067125042315183e+02
2.410329495340118588e-01 8.021787192540959950e+02
2.412550958003011614e-01 7.996608409875025245e+02
2.414774468060824630e-01 7.971528885508936355e+02
2.417000027400523776e-01 7.946546748168947261e+02
2.419227637910813800e-01 7.921660139953975204e+02
2.421457301482142777e-01 7.896866962712456370e+02
2.423689020006698780e-01 7.872164804050029261e+02
2.425922795378414321e-01 7.847551256131489481e+02
2.428158629492967735e-01 7.823023938226351675e+02
2.430396524247784018e-01 7.798580496475617565e+02
2.432636481542038431e-01 7.774218603665384535e+02
2.434878503276654560e-01 7.749935959007510746e+02
2.437122591354309031e-01 7.725730287926930941e+02
2.439368747679431793e-01 7.701599341855728653e+02
2.441616974158207776e-01 7.677540898033662415e+02
2.443867272698579951e-01 7.653552759315119829e+02
2.446119645210248494e-01 7.629632753982408531e+02
2.448374093604673840e-01 7.605778735565110082e+02
2.450630619795078347e-01 7.581988582665662761e+02
2.452889225696446573e-01 7.558260155444772863e+02
2.455149913225530833e-01 7.534591116900398902e+02
2.457412684300847028e-01 7.510979086787078813e+02
2.459677540842680199e-01 7.487421713460795445e+02
2.461944484773087027e-01 7.463916673743458432e+02
2.464213518015891669e-01 7.440461672761375667e+02
2.466484642496695467e-01 7.417054443790859750e+02
2.468757860142871963e-01 7.393692748110798902e+02
2.471033172883571605e-01 7.370374374862051354e+02
2.473310582649724532e-01 7.347097140913488147e+02
2.475590091374036961e-01 7.323858890734684337e+02
2.477871700990999793e-01 7.300657496274844789e+02
2.480155413436885004e-01 7.277490856848096428e+02
2.482441230649748976e-01 7.254356899024819541e+02
2.484729154569436937e-01 7.231253571109426730e+02
2.487019187137577136e-01 7.208178774770976815e+02
2.489311330297592495e-01 7.185130386458619114e+02
2.491605585994693395e-01 7.162106310011317873e+02
2.493901956175883783e-01 7.139104477770629273e+02
2.496200442789965057e-01 7.116122850502606525e+02
2.498501047787528850e-01 7.093159417325543927e+02
2.500803773120970352e-01 7.070212195643302948e+02
2.503108620744480817e-01 7.047279231084370394e+02
2.505415592614053111e-01 7.024358597446155272e+02
2.507724690687485047e-01 7.001448396644607328e+02
2.510035916924374111e-01 6.978546758668903749e+02
2.512349273286128559e-01 6.955651841541086924e+02
2.514664761735961873e-01 6.932761831280429305e+02
2.516982384238897752e-01 6.909874944347392329e+02
2.519302142761771779e-01 6.886989477669958433e+02
2.521624039273228646e-01 6.864103805538002234e+02
2.523948075743732145e-01 6.841216330749767849e+02
2.526274254145559062e-01 6.818325482561266426e+02
2.528602576452804729e-01 6.795429716675026839e+02
2.530933044641385798e-01 6.772527515232295627e+02
2.533265660689035248e-01 6.749617386808403126e+02
2.535600426575314037e-01 6.726697866410937650e+02
2.537937344281604446e-01 6.703767515481025612e+02
2.540276415791115627e-01 6.680824921897262811e+02
2.542617643088885826e-01 6.657868699982265071e+02
2.544961028161779604e-01 6.634897490511701790e+02
2.547306572998496166e-01 6.611909960725660085e+02
2.549654279589566030e-01 6.588904813457764931e+02
2.552004149927353249e-01 6.565880919066335082e+02
2.554356186006060958e-01 6.542837283329224647e+02
2.556710389821728047e-01 6.519772937883353734e+02
2.559066763372233044e-01 6.496686937186459545e+02
2.561425308657296340e-01 6.473578358529960042e+02
2.563786027678481294e-01 6.450446302052295096e+02
2.566148922439196456e-01 6.427289890752956580e+02
2.568513994944696122e-01 6.404108270506868621e+02
2.570881247202082553e-01 6.380900610079145281e+02
2.573250681220309311e-01 6.357666101140097226e+02
2.575622299010178473e-01 6.334403958280501001e+02
2.577996102584348970e-01 6.311113419026769407e+02
2.580372093957333246e-01 6.287793743856287847e+02
2.582750275145498930e-01 6.264444248421345947e+02
2.585130648167073830e-01 6.241064479198911386e+02
2.587513215042144821e-01 6.217654084915355952e+02
2.589897977792662287e-01 6.194212732652707700e+02
2.592284938442437903e-01 6.170740107626655799e+02
2.594674099017149071e-01 6.147235913182498734e+02
2.597065461544342813e-01 6.123699870790086379e+02
2.599459028053429654e-01 6.100131720037574041e+02
2.601854800575695292e-01 6.076531218623977111e+02
2.604252781144295592e-01 6.052898142350509261e+02
2.606652971794259921e-01 6.029232285110680323e+02
2.609055374562494478e-01 6.005533458878898045e+02
2.611459991487780630e-01 5.981801493697849992e+02
2.613866824610782125e-01 5.958036238779135374e+02
2.616275875974039544e-01 5.934237679618667016e+02
2.618687147621978628e-01 5.910406038426209534e+02
2.621100641600909720e-01 5.886541574073331731e+02
2.623516359959025546e-01 5.862644557514960297e+02
2.625934304746411763e-01 5.838715271746907547e+02
2.628354478015038631e-01 5.814754011762015580e+02
2.630776881818770452e-01 5.790761084504501923e+02
2.633201518213365011e-01 5.766736808822824969e+02
2.635628389256470805e-01 5.742681515420960068e+02
2.638057497007637031e-01 5.718595546807918026e+02
2.640488843528309704e-01 5.694479257245676536e+02
2.642922430881832763e-01 5.670333012695557500e+02
2.645358261133456401e-01 5.646157190762687605e+02
2.647796336350328184e-01 5.621952225613796372e+02
2.650236658601506368e-01 5.597718841819997806e+02
2.652679229957952689e-01 5.573457877074465614e+02
2.655124052492538467e-01 5.549170173189241950e+02
2.657571128280046824e-01 5.524856575781803940e+02
2.660020459397170467e-01 5.500517934190136202e+02
2.662472047922518903e-01 5.476155101387208788e+02
2.664925895936615108e-01 5.451768933894633165e+02
2.667382005521899968e-01 5.427360291695692922e+02
2.669840378762736721e-01 5.402930038147648020e+02
2.672301017745403739e-01 5.378479039893429672e+02
2.674763924558107853e-01 5.354008166772570121e+02
2.677229101290977131e-01 5.329518291731591262e+02
2.679696550036066438e-01 5.305010304355630524e+02
2.682166272887361314e-01 5.280485294229508781e+02
2.684638271940772980e-01 5.255944498267882636e+02
2.687112549294147779e-01 5.231389153070700786e+02
2.689589107047264394e-01 5.206820491109610884e+02
2.692067947301836073e-01 5.182239740626852154e+02
2.694549072161513958e-01 5.157648125535238250e+02
2.697032483731888197e-01 5.133046865318905247e+02
2.699518184120488495e-01 5.108437174935100415e+02
2.702006175436788005e-01 5.083820264716783868e+02
2.704496459792202767e-01 5.059197340276300565e+02
2.706989039300096156e-01 5.034569602409846425e+02
2.709483916075779431e-01 5.009938247003061633e+02
2.711981092236511737e-01 4.985304476480265521e+02
2.714480569901505103e-01 4.960669728369763902e+02
2.716982351191923328e-01 4.936035656809801253e+02
2.719486438230887537e-01 4.911403910024770312e+02
2.721992833143473400e-01 4.886776121165714812e+02
2.724501538056715577e-01 4.862153908228294767e+02
2.727012555099609936e-01 4.837538873974517628e+02
2.729525886403112445e-01 4.812932605858179613e+02
2.732041534100146940e-01 4.788336675953952408e+02
2.734559500325599579e-01 4.763752640890107841e+02
2.737079787216324389e-01 4.739182041784899297e+02
2.739602396911147708e-01 4.714626404186385571e+02
2.742127331550862634e-01 4.690087238016003539e+02
2.744654593278239574e-01 4.665566051259893356e+02
2.747184184238021243e-01 4.641064549006410402e+02
2.749716106576927110e-01 4.616584583437396532e+02
2.752250362443657838e-01 4.592127987144427834e+02
2.754786953988889731e-01 4.567696568460399931e+02
2.757325883365285835e-01 4.543292111448130868e+02
2.759867152727490947e-01 4.518916375895187798e+02
2.762410764232134386e-01 4.494571097314497479e+02
2.764956720037837767e-01 4.470257986950692271e+02
2.767505022305206119e-01 4.445978731792407075e+02
2.770055673196840651e-01 4.421734994589866687e+02
2.772608674877333201e-01 4.397528413878272318e+02
2.775164029513270125e-01 4.373360604006456924e+02
2.777721739273238399e-01 4.349233184281001741e+02
2.780281806327818406e-01 4.325147955635537187e+02
2.782844232849595034e-01 4.301106778828425377e+02
2.785409021013153796e-01 4.277111483764412014e+02
2.787976172995083601e-01 4.253163869216679132e+02
2.790545690973982862e-01 4.229265702924765264e+02
2.793117577130452833e-01 4.205418721699738285e+02
2.795691833647108715e-01 4.181624631536025731e+02
2.798268462708575766e-01 4.157885107730190271e+02
2.800847466501490968e-01 4.134201795006201792e+02
2.803428847214511910e-01 4.110576307646977625e+02
2.806012607038305129e-01 4.087010229632451797e+02
2.808598748165564429e-01 4.063505114992684071e+02
2.811187272790999225e-01 4.040062544365677581e+02
2.813778183111342868e-01 4.016684199557379316e+02
2.816371481325355974e-01 3.993371747191473560e+02
2.818967169633820880e-01 3.970126819579325570e+02
2.821565250239551625e-01 3.946951014928258701e+02
2.824165725347392297e-01 3.923845897556477667e+02
2.826768597164217023e-01 3.900812998114361676e+02
2.829373867898937189e-01 3.877853813811881309e+02
2.831981539762495337e-01 3.854969808652029997e+02
2.834591614967876816e-01 3.832162413669900047e+02
2.837204095730103126e-01 3.809433027177416875e+02
2.839818984266237467e-01 3.786783015013306226e+02
2.842436282795389180e-01 3.764213711322456106e+02
2.845055993538709860e-01 3.741726423718683350e+02
2.847678118719398355e-01 3.719322431196649745e+02
2.850302660562704649e-01 3.697002981150911864e+02
2.852929621295926532e-01 3.674769289608343570e+02
2.855559003148417929e-01 3.652622541508058589e+02
2.858190808351585566e-01 3.630563890985525290e+02
2.860825039138892301e-01 3.608594461660360935e+02
2.863461697745861012e-01 3.586715346927850874e+02
2.866100786410072931e-01 3.564927610253911894e+02
2.868742307371173750e-01 3.543232285473301886e+02
2.871386262870871398e-01 3.521630377090996262e+02
2.874032655152940485e-01 3.500122859403625739e+02
2.876681486463226189e-01 3.478710617043565207e+02
2.879332759049637591e-01 3.457394418917093049e+02
2.881986475162161554e-01 3.436175002487188408e+02
2.884642637052854952e-01 3.415053081251318190e+02
2.887301246975851887e-01 3.394029345012404519e+02
2.889962307187364798e-01 3.373104460151073454e+02
2.892625819945681132e-01 3.352279069899262822e+02
2.895291787511175552e-01 3.331553794614592903e+02
2.897960212146302728e-01 3.310929232055976286e+02
2.900631096115602325e-01 3.290405957659917817e+02
2.903304441685702897e-01 3.269984524817583633e+02
2.905980251125319103e-01 3.249665464993366868e+02
2.908658526705260594e-01 3.229449218026736617e+02
2.911339270698426462e-01 3.209336025312154561e+02
2.914022485379810790e-01 3.189326085351297024e+02
2.916708173026508755e-01 3.169419582807925622e+02
2.919396335917706642e-01 3.149616688697191762e+02
2.922086976334699049e-01 3.129917560574183995e+02
2.924780096560877785e-01 3.110322342722293456e+02
2.927475698881740196e-01 3.090831166340917662e+02
2.930173785584894164e-01 3.071444149732701021e+02
2.932874358960048666e-01 3.052161398490247279e+02
2.935577421299029321e-01 3.032983005682098678e+02
2.938282974895770616e-01 3.013909052006444540e+02
2.940991022046322012e-01 2.994939534123508906e+02
2.943701565048851276e-01 2.976074214905235635e+02
2.946414606203638931e-01 2.957312809493059831e+02
2.949130147813091019e-01 2.938655029841507940e+02
2.951848192181732999e-01 2.920100584781775979e+02
2.954568741616214189e-01 2.901649180084718296e+02
2.957291798425312201e-01 2.883300518523336109e+02
2.960017364919927396e-01 2.865054299934849951e+02
2.962745443413095647e-01 2.846910221282154794e+02
2.965476036219981681e-01 2.828867976714853398e+02
2.968209145657883519e-01 2.810927257629765563e+02
2.970944774046238024e-01 2.793087752550931100e+02
2.973682923706614245e-01 2.775349062721772384e+02
2.976423596962727292e-01 2.757710570688755638e+02
2.979166796140430007e-01 2.740171629436098897e+02
2.981912523567717965e-01 2.722731597943907786e+02
2.984660781574737243e-01 2.705389841125198132e+02
2.987411572493774425e-01 2.688145729763631948e+02
2.990164898659272708e-01 2.670998640451752522e+02
2.992920762407821900e-01 2.653947955530048830e+02
2.995679166078166755e-01 2.636993063026521327e+02
2.998440112011209191e-01 2.620133356596891190e+02
3.001203602550006067e-01 2.603368235465483167e+02
3.003969640039775291e-01 2.586697102456650441e+02
3.006738226827895266e-01 2.570119258097703892e+02
3.009509365263908220e-01 2.553633848486167039e+02
3.012283057699522426e-01 2.537240018492927902e+02
3.015059306488612756e-01 2.520936925472446148e+02
3.017838113987224014e-01 2.504723739107105871e+02
3.020619482553572044e-01 2.488599641253666164e+02
3.023403414548045398e-01 2.472563825791791317e+02
3.026189912333210885e-01 2.456615498474521928e+02
3.028978978273809686e-01 2.440753876780802329e+02
3.031770614736762903e-01 2.424978189769911125e+02
3.034564824091176560e-01 2.409287677937741137e+02
3.037361608708333272e-01 2.393681581857595688e+02
3.040160970961708897e-01 2.378159021944004508e+02
3.042962913226961441e-01 2.362719048002280147e+02
3.045767437881939377e-01 2.347360725135041832e+02
3.048574547306686089e-01 2.332083135025097533e+02
3.051384243883432656e-01 2.316885375726006373e+02
3.054196529996611176e-01 2.301766561455701776e+02
3.057011408032848099e-01 2.286725822393288468e+02
3.059828880380969784e-01 2.271762304478723706e+02
3.062648949432008050e-01 2.256875169215503831e+02
3.065471617579190733e-01 2.242063593476200936e+02
3.068296887217959457e-01 2.227326769259595949e+02
3.071124760745958526e-01 2.212663848951102068e+02
3.073955240563043256e-01 2.198073843722268634e+02
3.076788329071282746e-01 2.183555756724667845e+02
3.079624028674955993e-01 2.169108611808706542e+02
3.082462341780561332e-01 2.154731453268838095e+02
3.085303270796814212e-01 2.140423345592956252e+02
3.088146818134648308e-01 2.126183373215825156e+02
3.090992986207222737e-01 2.112010640276398306e+02
3.093841777429916506e-01 2.097904270379018499e+02
3.096693194220337952e-01 2.083863406358157988e+02
3.099547238998322518e-01 2.069887210046857717e+02
3.102403914185934974e-01 2.055974854801233960e+02
3.105263222207475526e-01 2.042125451606519846e+02
3.108125165489473152e-01 2.028338081365972982e+02
3.110989746460698369e-01 2.014611846030824722e+02
3.113856967552158794e-01 2.000945869154674313e+02
3.116726831197100256e-01 1.987339295640814782e+02
3.119599339831015672e-01 1.973791291493456299e+02
3.122474495891636725e-01 1.960301043572611093e+02
3.125352301818947187e-01 1.946867759352539053e+02
3.128232760055176809e-01 1.933490666683646850e+02
3.131115873044806319e-01 1.920169013557637925e+02
3.134001643234571866e-01 1.906902066578352901e+02
3.136890073073459462e-01 1.893689048502498053e+02
3.139781165012717756e-01 1.880529112637583751e+02
3.142674921505851926e-01 1.867421428860973265e+02
3.145571345008627562e-01 1.854365190528050675e+02
3.148470437979075665e-01 1.841359614211237670e+02
3.151372202877492090e-01 1.828403939442637238e+02
3.154276642166439215e-01 1.815497428460031415e+02
3.157183758310749266e-01 1.802639365956085555e+02
3.160093553777526543e-01 1.789829058830625570e+02
3.163006031036150190e-01 1.777065835945778929e+02
3.165921192558273645e-01 1.764349047797583125e+02
3.168839040817828523e-01 1.751678036533023715e+02
3.171759578291027393e-01 1.739052093447533878e+02
3.174682807456363220e-01 1.726470522857309504e+02
3.177608730794616032e-01 1.713932653112931348e+02
3.180537350788850137e-01 1.701437836340698482e+02
3.183468669924419125e-01 1.688985448186523968e+02
3.186402690688966421e-01 1.676574887562132972e+02
3.189339415572428615e-01 1.664205576393495392e+02
3.192278847067038239e-01 1.651876959371216458e+02
3.195220987667323209e-01 1.639588503702774744e+02
3.198165839870111826e-01 1.627339698868139806e+02
3.201113406174531661e-01 1.615130060298998274e+02
3.204063689082013999e-01 1.602959137281267772e+02
3.207016691096298833e-01 1.590826502514514402e+02
3.209972414723429868e-01 1.578731749443282695e+02
3.212930862471761739e-01 1.566674492021037963e+02
3.215892036851960567e-01 1.554654364474765487e+02
3.218855940377007840e-01 1.542671021069994595e+02
3.221822575562199309e-01 1.530724135876272953e+02
3.224791944925149978e-01 1.518813402532766190e+02
3.227764050985795219e-01 1.506938534014032314e+02
3.230738896266391325e-01 1.495099262397910138e+02
3.233716483291521615e-01 1.483295340724476432e+02
3.236696814588095328e-01 1.471526546565690694e+02
3.239679892685349283e-01 1.459792676689354209e+02
3.242665720114852879e-01 1.448093545736571741e+02
3.245654299410507537e-01 1.436428985987849671e+02
3.248645633108551700e-01 1.424798847128529360e+02
3.251639723747559718e-01 1.413202996013452832e+02
3.254636573868446847e-01 1.401641316430781217e+02
3.257636186014468693e-01 1.390113708864877253e+02
3.260638562731225654e-01 1.378620090258179403e+02
3.263643706566664582e-01 1.367160394186906842e+02
3.266651620071081008e-01 1.355734619416573423e+02
3.269662305797119140e-01 1.344342873282257074e+02
3.272675766299777411e-01 1.332985284488404432e+02
3.275692004136407376e-01 1.321661991811849362e+02
3.278711021866720365e-01 1.310373143895565704e+02
3.281732822052784715e-01 1.299118899041157817e+02
3.284757407259030204e-01 1.287899425000226472e+02
3.287784780052250833e-01 1.276714898764430188e+02
3.290814943001604820e-01 1.265565506354410843e+02
3.293847898678620711e-01 1.254451442607484211e+02
3.296883649657195159e-01 1.243372913654225442e+02
3.299922198513597360e-01 1.232330195828089217e+02
3.302963547826470725e-01 1.221323633011369196e+02
3.306007700176836206e-01 1.210353575221533333e+02
3.309054658148093409e-01 1.199420375650879436e+02
3.312104424326021146e-01 1.188524390486688560e+02
3.315157001298784101e-01 1.177665978730903902e+02
3.318212391656928384e-01 1.166845502019475020e+02
3.321270597993393192e-01 1.156063324441329883e+02
3.324331622903503591e-01 1.145319812357082014e+02
3.327395468984976623e-01 1.134615334217499054e+02
3.330462138837925190e-01 1.123950277469893706e+02
3.333531635064856391e-01 1.113325137358456800e+02
3.336603960270679292e-01 1.102740447058231297e+02
3.339679117062701041e-01 1.092196734972942949e+02
3.342757108050631865e-01 1.081694524520501943e+02
3.345837935846587841e-01 1.071234334014065013e+02
3.348921603065092567e-01 1.060816676544540087e+02
3.352008112323079936e-01 1.050442059864570439e+02
3.355097466239894688e-01 1.040110986274001874e+02
3.358189667437295189e-01 1.029823952506920222e+02
3.361284718539457872e-01 1.019581450148322403e+02
3.364382622172975568e-01 1.009384003528157479e+02
3.367483380966864726e-01 9.992321931646945643e+01
3.370586997552562081e-01 9.891265954221559298e+01
3.373693474563930761e-01 9.790677762344202506e+01
3.376802814637261396e-01 9.690562910539517816e+01
3.379915020411273230e-01 9.590926848036646390e+01
3.383030094527120779e-01 9.491774918316379228e+01
3.386148039628388839e-01 9.393112358687434948e+01
3.389268858361100811e-01 9.294944299891494666e+01
3.392392553373717035e-01 9.197275765737241215e+01
3.395519127317142005e-01 9.100111759846775783e+01
3.398648582844719934e-01 9.003457696441192581e+01
3.401780922612242519e-01 8.907319049324786420e+01
3.404916149277948390e-01 8.811701150635904867e+01
3.408054265502525326e-01 8.716609190746343927e+01
3.411195273949115814e-01 8.622048218548395937e+01
3.414339177283314264e-01 8.528023141778781735e+01
3.417485978173173677e-01 8.434538727377832856e+01
3.420635679289204534e-01 8.341599601885150150e+01
3.423788283304378122e-01 8.249210251869541821e+01
3.426943792894132645e-01 8.157375034366259570e+01
3.430102210736368784e-01 8.066098373955880163e+01
3.433263539511455797e-01 7.975384741344714712e+01
3.436427781902234302e-01 7.885238458541354589e+01
3.439594940594016270e-01 7.795663691805495432e+01
3.442765018274590583e-01 7.706664452580828595e+01
3.445938017634221917e-01 7.618244598463135731e+01
3.449113941365653524e-01 7.530407834202658535e+01
3.452292792164112223e-01 7.443157712739647991e+01
3.455474572727306737e-01 7.356497636272966645e+01
3.458659285755435464e-01 7.270430857769356692e+01
3.461846933951182037e-01 7.184960520669469020e+01
3.465037520019723094e-01 7.100089689281551841e+01
3.468231046668727724e-01 7.015821283934445773e+01
3.471427516608359132e-01 6.932158074605523268e+01
3.474626932551281300e-01 6.849102682267391629e+01
3.477829297212656767e-01 6.766657580262655358e+01
3.481034613310149961e-01 6.684825095705149067e+01
3.484242883563929416e-01 6.603607410906866448e+01
3.487454110696673881e-01 6.523006564829702825e+01
3.490668297433568434e-01 6.443024454719434857e+01
3.493885446502310588e-01 6.363662952534890849e+01
3.497105560633112509e-01 6.284924100443759443e+01
3.500328642558700465e-01 6.206809835422953370e+01
3.503554695014323150e-01 6.129321935221732076e+01
3.506783720737746690e-01 6.052462020426816736e+01
3.510015722469262411e-01 5.976231556547325141e+01
3.513250702951686288e-01 5.900631856119037622e+01
3.516488664930361163e-01 5.825664080826615532e+01
3.519729611153163962e-01 5.751329243642172884e+01
3.522973544370499588e-01 5.677628210965016820e+01
3.526220467335310915e-01 5.604561649572838178e+01
3.529470382803076567e-01 5.532129909062739870e+01
3.532723293531813691e-01 5.460333175313896703e+01
3.535979202282085732e-01 5.389171510014703159e+01
3.539238111816995769e-01 5.318644852568296244e+01
3.542500024902194844e-01 5.248753022006144420e+01
3.545764944305884181e-01 5.179495718909716118e+01
3.549032872798814076e-01 5.110872527339127203e+01
3.552303813154291112e-01 5.042882916767474910e+01
3.555577768148176498e-01 4.975526244030007916e+01
3.558854740558888841e-01 4.908801765898959957e+01
3.562134733167409140e-01 4.842708660579452129e+01
3.565417748757279681e-01 4.777246002778259992e+01
3.568703790114610697e-01 4.712412759879474322e+01
3.571992860028078698e-01 4.648207793958710710e+01
3.575284961288929808e-01 4.584629863797197658e+01
3.578580096690981982e-01 4.521677626895233715e+01
3.581878269030632223e-01 4.459349641484227789e+01
3.585179481106851029e-01 4.397644368536296611e+01
3.588483735721188506e-01 4.336560172980018990e+01
3.591791035677778243e-01 4.276095212543867774e+01
3.595101383783337878e-01 4.216247330587376752e+01
3.598414782847171867e-01 4.157014272751496975e+01
3.601731235681174259e-01 4.098393717626417043e+01
3.605050745099829257e-01 4.040383278198046213e+01
3.608373313920216763e-01 3.982980503291543073e+01
3.611698944962010160e-01 3.926182879011505378e+01
3.615027641047486306e-01 3.869987830178158106e+01
3.618359405001518869e-01 3.814392721759589477e+01
3.621694239651587210e-01 3.759394846310122063e+01
3.625032147827775275e-01 3.704991029381108802e+01
3.628373132362775477e-01 3.651177601632748093e+01
3.631717196091893696e-01 3.597950865478850346e+01
3.635064341853045944e-01 3.545307121660229654e+01
3.638414572486763920e-01 3.493242669210405182e+01
3.641767890836198895e-01 3.441753805431250868e+01
3.645124299747120045e-01 3.390836825878749750e+01
3.648483802067923332e-01 3.340488024358140251e+01
3.651846400649625402e-01 3.290703692928939006e+01
3.655212098345874128e-01 3.241480061108227062e+01
3.658580898012944171e-01 3.192812841120181488e+01
3.661952802509746419e-01 3.144697515911057550e+01
3.665327814697823539e-01 3.097129614415250387e+01
3.668705937441356646e-01 3.050104712410995944e+01
3.672087173607166410e-01 3.003618431163802427e+01
3.675471526064715277e-01 2.957666436099660956e+01
3.678858997686113019e-01 2.912244435507726692e+01
3.682249591346112849e-01 2.867348179272232045e+01
3.685643309922118638e-01 2.822973457048313506e+01
3.689040156294187134e-01 2.779115791820414216e+01
3.692440133345027964e-01 2.735769968174578892e+01
3.695843243960010294e-01 2.692930748060388169e+01
3.699249491027159498e-01 2.650593003512168266e+01
3.702658877437163820e-01 2.608751713335583133e+01
3.706071406083376041e-01 2.567401959860611527e+01
3.709487079861814585e-01 2.526538925759847487e+01
3.712905901671169628e-01 2.486157890930607195e+01
3.716327874412799215e-01 2.446254229439926320e+01
3.719753000990738134e-01 2.406823367879641040e+01
3.723181284311696260e-01 2.367860285170606716e+01
3.726612727285061877e-01 2.329359690160838525e+01
3.730047332822907791e-01 2.291316427114504251e+01
3.733485103839987995e-01 2.253725480828051531e+01
3.736926043253742113e-01 2.216581972089168318e+01
3.740370153984300949e-01 2.179881153227013968e+01
3.743817438954484267e-01 2.143618403751548840e+01
3.747267901089809672e-01 2.107789226079739109e+01
3.750721543318485951e-01 2.072389240529851406e+01
3.754178368571424174e-01 2.037413925675813076e+01
3.757638379782233806e-01 2.002858277039884172e+01
3.761101579887232704e-01 1.968717366122975321e+01
3.764567971825439896e-01 1.934986430137551494e+01
3.768037558538585574e-01 1.901660866299559771e+01
3.771510342971111651e-01 1.868736226233558995e+01
3.774986328070171204e-01 1.836208210487594883e+01
3.778465516785636802e-01 1.804072663154809675e+01
3.781947912070098283e-01 1.772325566598863489e+01
3.785433516878866644e-01 1.740962992158944544e+01
3.788922334169975703e-01 1.709980830640871474e+01
3.792414366904185985e-01 1.679374987283246412e+01
3.795909618044989164e-01 1.649141519162127523e+01
3.799408090558605844e-01 1.619276629941124312e+01
3.802909787413989995e-01 1.589776664134286221e+01
3.806414711582833399e-01 1.560638101475800177e+01
3.809922866039564537e-01 1.531857551394133843e+01
3.813434253761357473e-01 1.503431747587769429e+01
3.816948877728125744e-01 1.475357523197510723e+01
3.820466740922531246e-01 1.447631436632768853e+01
3.823987846329984785e-01 1.420249828794509384e+01
3.827512196938647193e-01 1.393209187873815225e+01
3.831039795739437093e-01 1.366506157036120150e+01
3.834570645726025351e-01 1.340137527765842762e+01
3.838104749894844514e-01 1.314100233330102796e+01
3.841642111245087143e-01 1.288391342358663039e+01
3.845182732778710810e-01 1.263008052537436576e+01
3.848726617500440872e-01 1.237947682755790169e+01
3.852273768417771027e-01 1.213207563806686196e+01
3.855824188540965536e-01 1.188784981974590238e+01
3.859377880883063661e-01 1.164677335736868002e+01
3.862934848459884662e-01 1.140882144791080854e+01
3.866495094290023360e-01 1.117397043657344824e+01
3.870058621394857901e-01 1.094219775393065319e+01
3.873625432798551982e-01 1.071348185418839982e+01
3.877195531528054295e-01 1.048780215454509168e+01
3.880768920613106299e-01 1.026513896525019476e+01
3.884345603086239995e-01 1.004547120658795478e+01
3.887925581982782930e-01 9.828773860683275743e+00
3.891508860340858744e-01 9.615022599007081894e+00
3.895095441201391617e-01 9.404194420677551847e+00
3.898685327608111262e-01 9.196267575426348984e+00
3.902278522607549038e-01 8.991221487935439072e+00
3.905875029249045172e-01 8.789036683529417360e+00
3.909474850584750416e-01 8.589694715215719256e+00
3.913077989669628276e-01 8.393178088892215172e+00
3.916684449561460002e-01 8.199468744084695615e+00
3.920294233320841260e-01 8.008545897523259072e+00
3.923907344011191567e-01 7.820389417669606935e+00
3.927523784698752629e-01 7.634980368909362269e+00
3.931143558452590003e-01 7.452300927375098638e+00
3.934766668344603091e-01 7.272334298355408677e+00
3.938393117449518477e-01 7.095064635293530486e+00
3.942022908844896589e-01 6.920476960378270093e+00
3.945656045611135587e-01 6.748557078900438988e+00
3.949292530831471359e-01 6.579289134052074495e+00
3.952932367591984186e-01 6.412652559672505248e+00
3.956575558981595964e-01 6.248627355835719932e+00
3.960222108092075755e-01 6.087194873941401241e+00
3.963872018018041454e-01 5.928337712133320281e+00
3.967525291856967007e-01 5.772039612816610266e+00
3.971181932709176854e-01 5.618285362280216688e+00
3.974841943677854261e-01 5.467060692435797620e+00
3.978505327869042985e-01 5.318352155978216089e+00
3.982172088391647269e-01 5.172144290170037628e+00
3.985842228357441286e-01 5.028417659211560142e+00
3.989515750881063028e-01 4.887153740363359589e+00
3.993192659080022078e-01 4.748335372973470747e+00
3.996872956074701277e-01 4.611946633976154786e+00
4.000556644988359500e-01 4.477972716163240108e+00
4.004243728947135539e-01 4.346399809253097324e+00
4.007934211080046993e-01 4.217214983795201100e+00
4.011628094518996934e-01 4.090405954503878228e+00
4.015325382398773901e-01 3.965957426106012651e+00
4.019026077857054680e-01 3.843850965930356800e+00
4.022730184034412071e-01 3.724069323649504604e+00
4.026437704074308788e-01 3.606596538470600688e+00
4.030148641123107445e-01 3.491417793218763332e+00
4.033862998330068339e-01 3.378519272219195901e+00
4.037580778847354446e-01 3.267888023041298773e+00
4.041301985830037524e-01 3.159511822185197882e+00
4.045026622436093677e-01 3.053378242895568473e+00
4.048754691826409458e-01 2.949466976839510757e+00
4.052486197164786308e-01 2.847754303157795874e+00
4.056221141617938897e-01 2.748218568278810281e+00
4.059959528355505665e-01 2.650840047981116943e+00
4.063701360550040498e-01 2.555600733546147474e+00
4.067446641377024941e-01 2.462484123919291168e+00
4.071195374014864865e-01 2.371475023942895444e+00
4.074947561644898242e-01 2.282559348761171947e+00
4.078703207451392920e-01 2.195723473591350672e+00
4.082462314621551625e-01 2.110952790123508116e+00
4.086224886345515284e-01 2.028233164360769614e+00
4.089990925816363587e-01 1.947551250628131614e+00
4.093760436230122757e-01 1.868894303658756195e+00
4.097533420785761105e-01 1.792249998296550739e+00
4.101309882685195141e-01 1.717606257056356611e+00
4.105089825133295123e-01 1.644951085797536905e+00
4.108873251337880617e-01 1.574272005598289059e+00
4.112660164509733818e-01 1.505538808144884610e+00
4.116450567862591781e-01 1.438700951244349158e+00
4.120244464613153634e-01 1.373712932107923113e+00
4.124041857981084469e-01 1.310535557289605801e+00
4.127842751189015336e-01 1.249135303384072637e+00
4.131647147462550462e-01 1.189483699112373616e+00
4.135455050030262814e-01 1.131556727470633295e+00
4.139266462123704637e-01 1.075334247113781450e+00
4.143081386977403024e-01 1.020804120230805356e+00
4.146899827828868235e-01 9.679861989225225782e-01
4.150721787918595362e-01 9.169072063796548377e-01
4.154547270490064337e-01 8.675864291433361686e-01
4.158376278789744362e-01 8.200360243252985404e-01
4.162208816067097250e-01 7.742613916413351172e-01
4.166044885574579082e-01 7.302615608982484519e-01
4.169884490567645208e-01 6.880295912951355231e-01
4.173727634304750245e-01 6.475515984609752085e-01
4.177574320047351408e-01 6.087359326172749885e-01
4.181424551059911288e-01 5.714007428076183226e-01
4.185278330609904507e-01 5.353939132008348478e-01
4.189135661967813284e-01 5.005993564766137993e-01
4.192996548407136315e-01 4.669332872514723731e-01
4.196860993204387658e-01 4.343407103621618193e-01
4.200728999639101735e-01 4.027920170824334511e-01
4.204600570993837216e-01 3.722796097763875767e-01
4.208475710554176463e-01 3.428544442861516939e-01
4.212354421608729416e-01 3.147535870631613109e-01
4.216236707449138588e-01 2.882038890156174982e-01
4.220122571370077957e-01 2.633571597070687997e-01
4.224012016669261294e-01 2.403003852221511916e-01
4.227905046647439380e-01 2.190663887446991642e-01
4.231801664608404456e-01 1.996442820271169816e-01
4.235701873858996325e-01 1.819892556046714960e-01
4.239605677709099019e-01 1.660089786676060830e-01
4.243513079471650795e-01 1.512569858332638295e-01
4.247424082462641359e-01 1.371441433049239156e-01
4.251338690001115750e-01 1.232741570222213728e-01
4.255256905409180446e-01 1.094346263416152570e-01
4.259178732011999480e-01 9.558294580532045170e-02
4.263104173137807207e-01 8.182838647714715807e-02
4.267033232117901642e-01 6.840383967491667216e-02
4.270965912286651123e-01 5.562652085307900895e-02
4.274902216981498748e-01 4.399687800956231243e-02
4.278842149542961271e-01 3.405364514489107181e-02
4.282785713314637421e-01 2.596896572293050376e-02
4.286732911643204580e-01 1.964456963540356371e-02
4.290683747878426546e-01 1.484139490707352647e-02
4.294638225373151319e-01 1.127453859223777159e-02
4.298596347483322200e-01 8.670860629223212449e-03
4.302558117567971685e-01 6.796925465231919497e-03
4.306523538989227573e-01 5.466157986513707663e-03
4.310492615112319070e-01 4.535369852561384370e-03
4.314465349305574016e-01 3.903575269066871054e-03
4.318441744940428872e-01 3.504210526279286867e-03
4.322421805391422622e-01 3.298785431727537226e-03
4.326405534036206757e-01 3.274256174904574893e-03
4.330392934255545834e-01 3.445279141275944378e-03
4.334384009433318030e-01 3.864095130472420311e-03
4.338378762956525136e-01 4.633614202442900426e-03
4.342377198215285894e-01 5.881264081905190726e-03
4.346379318602845432e-01 7.786623888674855387e-03
4.350385127515575823e-01 1.059747541880309493e-02
4.354394628352977747e-01 1.461091236379352676e-02
4.358407824517689932e-01 2.011041101572065559e-02
4.362424719415482488e-01 2.723204434660955395e-02
4.366445316455265235e-01 3.575215524448843718e-02
4.370469619049091592e-01 4.492426667150096337e-02
4.374497630612156351e-01 5.405041812331769918e-02
4.378529354562806786e-01 6.268180573598863825e-02
4.382564794322537094e-01 7.053564697168965281e-02
4.386603953315995064e-01 7.753554734246566327e-02
4.390646834970985957e-01 8.381436165551818529e-02
4.394693442718471954e-01 8.969365920909597167e-02
4.398743779992582148e-01 9.566015768874167047e-02
4.402797850230605881e-01 1.023038795112238691e-01
4.406855656873002736e-01 1.098519837907116353e-01
4.410917203363401429e-01 1.182859913806939972e-01
4.414982493148607579e-01 1.275596135481986415e-01
4.419051529678600931e-01 1.375917543142485266e-01
4.423124316406541467e-01 1.482572073897134579e-01
4.427200856788771621e-01 1.593779655315350208e-01
4.431281154284819057e-01 1.707161703825224031e-01
4.435365212357401665e-01 1.819939814398592870e-01
4.439453034472427562e-01 1.930920842227030199e-01
4.443544624098997864e-01 2.040010088294161028e-01
4.447639984709413352e-01 2.147325029722230438e-01
4.451739119779172249e-01 2.253191530030881906e-01
4.455842032786979656e-01 2.358145032792459406e-01
4.459948727214743669e-01 2.462930847193236239e-01
4.464059206547583147e-01 2.568505230476107459e-01
4.468173474273827162e-01 2.675886704635225821e-01
4.472291533885021098e-01 2.785226360395048339e-01
4.476413388875929433e-01 2.896255786454013381e-01
4.480539042744535738e-01 3.008672368995579660e-01
4.484668498992047669e-01 3.122139969234623558e-01
4.488801761122900302e-01 3.236288663835582557e-01
4.492938832644757241e-01 3.350714840372542858e-01
4.497079717068518390e-01 3.464981686684082685e-01
4.501224417908315512e-01 3.578683544800663752e-01
4.505372938681521666e-01 3.691685981763163094e-01
4.509525282908749544e-01 3.803953991801446999e-01
4.513681454113857017e-01 3.915477657219103569e-01
4.517841455823953245e-01 4.026272643995957301e-01
4.522005291569393681e-01 4.136380580719203892e-01
4.526172964883789507e-01 4.245869337862885895e-01
4.530344479304006522e-01 4.354833102189108462e-01
4.534519838370174583e-01 4.463332691586029966e-01
4.538699045625682604e-01 4.571291398562750685e-01
4.542882104617185779e-01 4.678612845232355544e-01
4.547069018894610015e-01 4.785204702047563541e-01
4.551259792011149163e-01 4.890978975790856720e-01
4.555454427523276673e-01 4.995852275392784203e-01
4.559652928990740595e-01 5.099746055026858071e-01
4.563855299976570246e-01 5.202586949161046581e-01
4.568061544047079536e-01 5.304311641238278474e-01
4.572271664771867528e-01 5.404869077073369832e-01
4.576485665723826202e-01 5.504215075347567154e-01
4.580703550479138242e-01 5.602312006687167889e-01
4.584925322617282584e-01 5.699128868486285082e-01
4.589150985721037190e-01 5.794641336683900024e-01
4.593380543376481273e-01 5.888831795675851799e-01
4.597613999173002508e-01 5.981686715829508394e-01
4.601851356703292595e-01 6.073170606791313819e-01
4.606092619563357249e-01 6.163235308450240035e-01
4.610337791352513981e-01 6.251836266981403156e-01
4.614586875673398203e-01 6.338932823080061230e-01
4.618839876131968780e-01 6.424488255307977402e-01
4.623096796337504699e-01 6.508469811665856808e-01
4.627357639902611730e-01 6.590848729421883156e-01
4.631622410443225757e-01 6.671596146632957636e-01
4.635891111578614443e-01 6.750672437964498895e-01
4.640163746931383892e-01 6.828037877662633814e-01
4.644440320127475319e-01 6.903655755608822941e-01
4.648720834796174484e-01 6.977492403381453379e-01
4.653005294570109474e-01 7.049517212563513047e-01
4.657293703085259584e-01 7.119702645456790213e-01
4.661586063980953099e-01 7.188024198577931401e-01
4.665882380899872284e-01 7.254459251115845664e-01
4.670182657488057276e-01 7.318986833097199662e-01
4.674486897394907192e-01 7.381588854156292401e-01
4.678795104273189009e-01 7.442250158912347979e-01
4.683107281779030906e-01 7.500958503871107963e-01
4.687423433571933362e-01 7.557704528459417981e-01
4.691743563314769161e-01 7.612481720458845746e-01
4.696067674673785608e-01 7.665278734227802815e-01
4.700395771318612859e-01 7.716046248571342137e-01
4.704727856922260032e-01 7.764723060408739164e-01
4.709063935161120762e-01 7.811249218155771334e-01
4.713404009714979304e-01 7.855566139353331589e-01
4.717748084267008313e-01 7.897616720310026706e-01
4.722096162503780503e-01 7.937345445242189879e-01
4.726448248115260320e-01 7.974700886430334812e-01
4.730804344794816707e-01 8.009716903786990860e-01
4.735164456239220887e-01 8.042534048645327838e-01
4.739528586148650802e-01 8.073304008376122054e-01
4.743896738226697218e-01 8.102182866820084595e-01
4.748268916180362065e-01 8.129330695483297786e-01
4.752645123720063980e-01 8.154911173533960778e-01
4.757025364559641090e-01 8.179091238518174656e-01
4.761409642416356558e-01 8.202000540122371675e-01
4.765797961010896922e-01 8.223600589572044317e-01
4.770190324067378751e-01 8.243808143760001927e-01
4.774586735313351427e-01 8.262539930715904202e-01
4.778987198479797693e-01 8.279712785707619149e-01
4.783391717301143653e-01 8.295243794641750101e-01
4.787800295515252103e-01 8.309050444846968198e-01
4.792212936863433637e-01 8.321050783033002718e-01
4.796629645090445537e-01 8.331163580179111738e-01
4.801050423944496215e-01 8.339308503065293587e-01
4.805475277177252424e-01 8.345406292117739655e-01
4.809904208543833715e-01 8.349378945197164503e-01
4.814337221802822975e-01 8.351149906915017462e-01
4.818774320716266990e-01 8.350644263018114355e-01
4.823215509049676997e-01 8.347788939337567049e-01
4.827660790572040894e-01 8.342512904752872327e-01
4.832110169055814919e-01 8.334747377577255145e-01
4.836563648276933636e-01 8.324426034725957990e-01
4.841021232014812159e-01 8.311485222985368626e-01
4.845482924052346707e-01 8.295864171658398067e-01
4.849948728175924595e-01 8.277505205819999379e-01
4.854418648175418682e-01 8.256353959377418228e-01
4.858892687844196812e-01 8.232359587091933051e-01
4.863370850979121252e-01 8.205474974684132672e-01
4.867853141380553694e-01 8.175656946112347390e-01
4.872339562852362471e-01 8.142866467084799442e-01
4.876830119201916447e-01 8.107068843840837813e-01
4.881324814240095566e-01 8.068233916214573309e-01
4.885823651781291410e-01 8.026336243977679752e-01
4.890326635643414410e-01 7.981355285444943215e-01
4.894833769647889410e-01 7.933275567319127974e-01
4.899345057619665655e-01 7.882086844749014443e-01
4.903860503387215686e-01 7.827784250578364578e-01
4.908380110782541439e-01 7.770368432772450928e-01
4.912903883641179248e-01 7.709845679024687204e-01
4.917431825802197065e-01 7.646228027567605334e-01
4.921963941108201124e-01 7.579533363240843480e-01
4.926500233405341489e-01 7.509785497903948004e-01
4.931040706543309837e-01 7.437014234324123008e-01
4.935585364375350004e-01 7.361255412717441216e-01
4.940134210758254096e-01 7.282550939177894200e-01
4.944687249552369157e-01 7.200949028454877165e-01
4.949244484621601048e-01 7.116564120238492164e-01
4.953805919833414451e-01 7.029652301967513894e-01
4.958371559058842859e-01 6.940484876031611794e-01
4.962941406172483583e-01 6.849327160310162421e-01
4.967515465052506629e-01 6.756437791001964621e-01
4.972093739580655258e-01 6.662068107290295416e-01
4.976676233642250424e-01 6.566461616093337561e-01
4.981262951126196326e-01 6.469853534665358508e-01
4.985853895924978185e-01 6.372470408394382835e-01
4.990449071934670577e-01 6.274529800778965161e-01
4.995048483054937982e-01 6.176240052269214020e-01
4.999652133189038117e-01 6.077800104411935633e-01
5.004260026243829707e-01 5.979399385551852353e-01
5.008872166129768599e-01 5.881217754202960890e-01
5.013488556760914427e-01 5.783425496114397157e-01
5.018109202054936713e-01 5.686183371009543297e-01
5.022734105933116533e-01 5.589642704971626852e-01
5.027363272320345411e-01 5.493945524481130827e-01
5.031996705145133086e-01 5.399224728173105392e-01
5.036634408339610847e-01 5.305604292476702177e-01
5.041276385839533747e-01 5.213199507416966805e-01
5.045922641584286161e-01 5.122117238998348254e-01
5.050573179516880673e-01 5.032456214748917134e-01
5.055228003583963625e-01 4.944307329175242627e-01
5.059887117735820672e-01 4.857753966065468942e-01
5.064550525926374558e-01 4.772872334770746350e-01
5.069218232113199551e-01 4.689731817796834457e-01
5.073890240257509232e-01 4.608395327243353656e-01
5.078566554324173143e-01 4.528919667834568896e-01
5.083247178281712353e-01 4.451355904494921911e-01
5.087932116102305002e-01 4.375749732628175792e-01
5.092621371761795190e-01 4.302141849463029244e-01
5.097314949239685200e-01 4.230568325029699372e-01
5.102012852519148822e-01 4.161060971525274432e-01
5.106715085587029135e-01 4.093647710018081254e-01
5.111421652433842944e-01 4.028352933623970955e-01
5.116132557053788554e-01 3.965197866465938192e-01
5.120847803444741331e-01 3.904200917899693368e-01
5.125567395608263688e-01 3.845378031652672557e-01
5.130291337549605091e-01 3.788743029682423158e-01
5.135019633277705386e-01 3.734307950712779656e-01
5.139752286805203685e-01 3.682083383552520184e-01
5.144489302148430587e-01 3.632078774067628024e-01
5.149230683327424840e-01 3.584216587658988207e-01
5.153976434365923343e-01 3.538144360734792881e-01
5.158726559291380021e-01 3.493470968821078548e-01
5.163481062134953614e-01 3.449824360577073978e-01
5.168239946931521001e-01 3.406850344241870165e-01
5.173003217719677194e-01 3.364211750711091353e-01
5.177770878541738675e-01 3.321587942818615691e-01
5.182542933443748945e-01 3.278674642221213187e-01
5.187319386475480743e-01 3.235184046192842167e-01
5.192100241690437157e-01 3.190845206737382145e-01
5.196885503145858287e-01 3.145404643832123148e-01
5.201675174902723464e-01 3.098627163425509701e-01
5.206469261025756801e-01 3.050296849142625222e-01
5.211267765583426081e-01 3.000218194619913570e-01
5.216070692647948315e-01 2.948217341121032176e-01
5.220878046295295283e-01 2.894143382714651214e-01
5.225689830605193542e-01 2.837869698965284626e-01
5.230506049661134416e-01 2.779295272949958706e-01
5.235326707550367331e-01 2.718345950624489471e-01
5.240151808363910924e-01 2.654975596279574579e-01
5.244981356196554145e-01 2.589167098207695861e-01
5.249815355146858487e-01 2.520933178894341764e-01
5.254653809317166857e-01 2.450316965190896257e-01
5.259496722813598035e-01 2.377392276138470817e-01
5.264344099746058880e-01 2.302263589484856987e-01
5.269195944228243222e-01 2.225065652534312655e-01
5.274052260377632972e-01 2.145962708809150410e-01
5.278913052315511445e-01 2.065147319065593345e-01
5.283778324166954476e-01 1.982838763420892436e-01
5.288648080060842638e-01 1.899281020588210467e-01
5.293522324129859014e-01 1.814740330308584337e-01
5.298401060510500304e-01 1.729502355779533040e-01
5.303284293343072386e-01 1.643868973933438893e-01
5.308172026771695862e-01 1.558154732491943695e-01
5.313064264944313830e-01 1.472683023461095198e-01
5.317961012012689670e-01 1.387782032758812789e-01
5.322862272132415917e-01 1.303780534596574170e-01
5.327768049462913158e-01 1.221003606695430788e-01
5.332678348167435578e-01 1.139768348050052699e-01
5.337593172413074294e-01 1.060379684458031685e-01
5.342512526370760684e-01 9.831263481575512608e-02
5.347436414215273048e-01 9.082771164932107455e-02
5.352364840125233281e-01 8.360773904814050583e-02
5.357297808283119078e-01 7.667461874879431816e-02
5.362235322875257282e-01 7.004748777386053671e-02
5.367177388091836088e-01 6.375008217202954297e-02
5.372124008126907269e-01 5.781130131319819204e-02
5.377075187178386173e-01 5.225078944551751758e-02
5.382030929448056167e-01 4.707880011973854945e-02
5.386991239141574184e-01 4.229749383757871323e-02
5.391956120468471836e-01 3.790224288189773805e-02
5.396925577642165406e-01 3.388289517538589646e-02
5.401899614879948075e-01 3.022496068892426696e-02
5.406878236403004356e-01 2.691069480499676952e-02
5.411861446436405654e-01 2.392006272047151119e-02
5.416849249209118033e-01 2.123157720617271579e-02
5.421841648954011106e-01 1.882300873521298989e-02
5.426838649907846923e-01 1.667197216975918606e-02
5.431840256311297743e-01 1.475639796209884252e-02
5.436846472408940478e-01 1.305489834042655381e-02
5.441857302449270017e-01 1.154704040164431303e-02
5.446872750684690345e-01 1.021353862177306303e-02
5.451892821371528974e-01 9.036379212618154619e-03
5.456917518770034725e-01 7.998888179048035951e-03
5.461946847144379946e-01 7.085754020439039014e-03
5.466980810762672727e-01 6.283014903437814103e-03
5.472019413896951345e-01 5.578018916638846116e-03
5.477062660823193152e-01 4.959364782257205152e-03
5.482110555821312348e-01 4.416829204907916744e-03
5.487163103175172196e-01 3.941285923845302443e-03
5.492220307172582805e-01 3.524620527759320197e-03
5.497282172105306675e-01 3.159644203415525824e-03
5.502348702269058700e-01 2.840008824771161726e-03
5.507419901963517272e-01 2.560125144619744466e-03
5.512495775492318728e-01 2.315085318743965830e-03
5.517576327163071781e-01 2.100590562587587896e-03
5.522661561287350862e-01 1.912884400832240775e-03
5.527751482180705001e-01 1.748691708769951935e-03
5.532846094162660044e-01 1.605163549185759748e-03
5.537945401556723102e-01 1.479827668568061338e-03
5.543049408690389201e-01 1.370544421970838929e-03
5.548158119895137963e-01 1.275467838152066595e-03
5.553271539506442478e-01 1.193011508450143865e-03
5.558389671863771531e-01 1.121818978318171386e-03
5.563512521310591818e-01 1.060738334901904691e-03
5.568640092194375724e-01 1.008800714160632125e-03
5.573772388866602423e-01 9.652024946503855044e-04
5.578909415682758999e-01 9.292910012792550802e-04
5.584051177002347099e-01 9.005536114236413264e-04
5.589197677188890712e-01 8.786102394475379072e-04
5.594348920609929499e-01 8.632092771615743803e-04
5.599504911637032123e-01 8.542174843369599669e-04
5.604665654645795136e-01 8.514366684416668296e-04
5.609831154015846311e-01 8.546204101219314784e-04
5.615001414130854629e-01 8.636406958185018209e-04
5.620176439378524735e-01 8.784838352579704256e-04
5.625356234150604706e-01 8.992432747462003823e-04
5.630540802842894932e-01 9.261157725679096354e-04
5.635730149855240345e-01 9.594004798542408790e-04
5.640924279591549295e-01 9.995006036327197183e-04
5.646123196459781335e-01 1.046927431026161391e-03
5.651326904871964985e-01 1.102306571935604725e-03
5.656535409244188850e-01 1.166386337034625844e-03
5.661748713996614946e-01 1.240048211867867322e-03
5.666966823553480914e-01 1.324319418333947795e-03
5.672189742343098917e-01 1.420387572863297549e-03
5.677417474797862296e-01 1.529617456333703506e-03
5.682650025354252232e-01 1.653569903625352628e-03
5.687887398452834420e-01 1.794022799481972963e-03
5.693129598538272385e-01 1.952994130220553955e-03
5.698376630059323045e-01 2.132766985506836643e-03
5.703628497468844483e-01 2.335916328156347962e-03
5.708885205223795944e-01 2.565337249648529713e-03
5.714146757785246722e-01 2.824274301499142374e-03
5.719413159618380593e-01 3.116351334538714282e-03
5.724684415192491382e-01 3.445601086479581267e-03
5.729960528980995171e-01 3.816493530491525937e-03
5.735241505461426970e-01 4.233961732427037918e-03
5.740527349115455147e-01 4.703423662019220672e-03
5.745818064428873662e-01 5.230798066164360494e-03
5.751113655891612053e-01 5.822512145651368744e-03
5.756414127997737662e-01 6.485498389535020690e-03
5.761719485245457850e-01 7.227177527627277366e-03
5.767029732137132214e-01 8.055424180750501637e-03
5.772344873179263702e-01 8.978511446338826793e-03
5.777664912882508608e-01 1.000503038665456583e-02
5.782989855761685449e-01 1.114378022864045970e-02
5.788319706335767201e-01 1.240362508581782999e-02
5.793654469127897944e-01 1.379331322763404678e-02
5.798994148665387316e-01 1.532125540878801449e-02
5.804338749479718285e-01 1.699525959078283799e-02
5.809688276106548255e-01 1.882222059839352632e-02
5.815042733085716842e-01 2.080776490541750776e-02
5.820402124961249202e-01 2.295585287298484295e-02
5.825766456281354921e-01 2.526834338337431707e-02
5.831135731598439120e-01 2.774452890477492953e-02
5.836509955469098010e-01 3.038065252905459979e-02
5.841889132454131106e-01 3.316942233732064066e-02
5.847273267118541229e-01 3.609954240204445164e-02
5.852662364031537834e-01 3.915528360420596904e-02
5.858056427766539231e-01 4.231612565541805621e-02
5.863455462901181470e-01 4.555949436373429862e-02
5.868859474017319444e-01 4.886714703682133731e-02
5.874268465701031339e-01 5.222044598337855642e-02
5.879682442542619736e-01 5.559939698315960466e-02
5.885101409136620498e-01 5.898287122978793096e-02
5.890525370081798329e-01 6.234885356704665538e-02
5.895954329981166753e-01 6.567471240419311962e-02
5.901388293441971467e-01 6.893748610351868589e-02
5.906827265075711431e-01 7.211418018447494915e-02
5.912271249498129988e-01 7.518206939686489232e-02
5.917720251329228187e-01 7.811899858926563134e-02
5.923174275193264782e-01 8.090367634001179031e-02
5.928633325718760672e-01 8.351595552321801341e-02
5.934097407538501123e-01 8.593709534212945478e-02
5.939566525289542431e-01 8.814999986223771844e-02
5.945040683613210808e-01 9.013942869840058103e-02
5.950519887155117926e-01 9.189217623147169500e-02
5.956004140565150928e-01 9.339721652590605994e-02
5.961493448497483527e-01 9.464581196430239818e-02
5.966987815610580448e-01 9.563158448109616849e-02
5.972487246567195207e-01 9.635054913951246469e-02
5.977991746034387877e-01 9.680111062870007388e-02
5.983501318683511760e-01 9.698402403919868797e-02
5.989015969190228939e-01 9.690232198505580041e-02
5.994535702234508046e-01 9.656121076382166712e-02
6.000060522500633153e-01 9.596793876900863718e-02
6.005590434677208211e-01 9.513164078494693032e-02
6.011125443457152606e-01 9.406316209680938567e-02
6.016665553537714484e-01 9.277486653821212514e-02
6.022210769620469639e-01 9.128043267803341576e-02
6.027761096411331510e-01 8.959464232284854168e-02
6.033316538620543401e-01 8.773316539027625760e-02
6.038877100962694033e-01 8.571234500228994135e-02
6.044442788156718649e-01 8.354898636854370120e-02
6.050013604925895683e-01 8.126015269134345687e-02
6.055589555997865636e-01 7.886297093997361729e-02
6.061170646104618864e-01 7.637444992659833676e-02
6.066756879982510009e-01 7.381131268228159625e-02
6.072348262372257999e-01 7.118984469258428371e-02
6.077944798018950490e-01 6.852575911910262219e-02
6.083546491672051637e-01 6.583407971643703838e-02
6.089153348085398765e-01 6.312904176204897633e-02
6.094765372017212357e-01 6.042401095621090235e-02
6.100382568230099389e-01 5.773141992624594709e-02
6.106004941491053328e-01 5.506272168711996706e-02
6.111632496571464124e-01 5.242835917147389141e-02
6.117265238247119319e-01 4.983774974713440359e-02
6.122903171298204050e-01 4.729928348854783166e-02
6.128546300509314371e-01 4.482033385891013438e-02
6.134194630669449477e-01 4.240727938959512611e-02
6.139848166572030586e-01 4.006553490955240548e-02
6.145506913014889827e-01 3.779959087614794683e-02
6.151170874800285793e-01 3.561306698197098941e-02
6.156840056734899091e-01 3.350911774180396346e-02
6.162514463629842343e-01 3.149053389305905837e-02
6.168194100300663507e-01 2.955922759425609614e-02
6.173878971567346996e-01 2.771626981611992682e-02
6.179569082254320334e-01 2.596197546187617791e-02
6.185264437190455267e-01 2.429598771211484778e-02
6.190965041209078867e-01 2.271736035191155439e-02
6.196670899147969092e-01 2.122463705637287618e-02
6.202382015849362551e-01 1.981592681806227524e-02
6.208098396159958954e-01 1.848897489249905907e-02
6.213820044930925546e-01 1.724122881372228827e-02
6.219546967017901551e-01 1.606989918924308855e-02
6.225279167281001502e-01 1.497201512189990508e-02
6.231016650584815242e-01 1.394447422505004294e-02
6.236759421798421243e-01 1.298408729770420163e-02
6.242507485795379951e-01 1.208761780846600263e-02
6.248260847453750433e-01 1.125181640270717098e-02
6.254019511656081498e-01 1.047345069771897855e-02
6.259783483289426131e-01 9.749330667130785139e-03
6.265552767245338162e-01 9.076329940384684353e-03
6.271327368419878923e-01 8.451403357031258418e-03
6.277107291713628356e-01 7.871601120724111902e-03
6.282892542031678351e-01 7.334079895504605658e-03
6.288683124283640513e-01 6.836111178691468490e-03
6.294479043383652828e-01 6.375087271715813679e-03
6.300280304250381880e-01 5.948525153700202385e-03
6.306086911807031736e-01 5.554068543489855229e-03
6.311898870981337284e-01 5.189488415080711903e-03
6.317716186705579773e-01 4.852682209683792554e-03
6.323538863916583486e-01 4.541671965659113165e-03
6.329366907555721289e-01 4.254601565723188997e-03
6.335200322568927955e-01 3.989733279606576255e-03
6.341039113906687952e-01 3.745443760008189404e-03
6.346883286524052092e-01 3.520219630488188780e-03
6.352732845380636428e-01 3.312652786033965478e-03
6.358587795440632240e-01 3.121435510505467421e-03
6.364448141672801595e-01 2.945355500086553526e-03
6.370313889050487344e-01 2.783290868237272772e-03
6.376185042551616444e-01 2.634205195450453271e-03
6.382061607158699967e-01 2.497142676317495001e-03
6.387943587858848637e-01 2.371223406943658452e-03
6.393830989643765061e-01 2.255638847559414926e-03
6.399723817509750390e-01 2.149647488165002101e-03
6.405622076457713199e-01 2.052570739149704206e-03
6.411525771493170600e-01 1.963789063962688951e-03
6.417434907626254903e-01 1.882738367004100624e-03
6.423349489871712503e-01 1.808906646885099188e-03
6.429269523248914986e-01 1.741830923013693889e-03
6.435195012781856905e-01 1.681094442047427690e-03
6.441125963499162443e-01 1.626324170075389491e-03
6.447062380434096518e-01 1.577188576426168283e-03
6.453004268624558115e-01 1.533395715733441161e-03
6.458951633113088064e-01 1.494691616333213230e-03
6.464904478946879030e-01 1.460858985245427118e-03
6.470862811177768847e-01 1.431716242953532054e-03
6.476826634862261622e-01 1.407116905016449942e-03
6.482795955061511073e-01 1.386949327844009920e-03
6.488770776841342736e-01 1.371094283933392641e-03
6.494751105272247305e-01 1.359323897231987663e-03
6.500736945429387292e-01 1.351419104048626240e-03
6.506728302392609242e-01 1.347197259401116320e-03
6.512725181246435957e-01 1.346507964597121621e-03
6.518727587080076491e-01 1.349229493870835036e-03
6.524735524987431701e-01 1.355265721479407279e-03
6.530749000067099796e-01 1.364543466099965878e-03
6.536768017422373012e-01 1.377010181959924034e-03
6.542792582161249815e-01 1.392631936407320902e-03
6.548822699396437130e-01 1.411391622009289248e-03
6.554858374245349228e-01 1.433287358100482313e-03
6.560899611830125489e-01 1.458331042270259118e-03
6.566946417277618187e-01 1.486547016808183056e-03
6.572998795719408038e-01 1.517970818813143153e-03
6.579056752291804200e-01 1.552647985671550337e-03
6.585120292135848707e-01 1.590632890059909049e-03
6.591189420397327581e-01 1.631987580643076696e-03
6.597264142226761940e-01 1.676780606323119644e-03
6.603344462779424662e-01 1.725085803336578799e-03
6.609430387215337044e-01 1.776981025781238215e-03
6.615521920699275471e-01 1.832546801356092162e-03
6.621619068400783625e-01 1.891864895290872083e-03
6.627721835494160274e-01 1.955016766694927556e-03
6.633830227158478143e-01 2.022081902937564787e-03
6.639944248577582808e-01 2.093136019247366503e-03
6.646063904940094913e-01 2.168249112553360426e-03
6.652189201439421273e-01 2.247483360746235174e-03
6.658320143273751546e-01 2.330890861074290388e-03
6.664456735646069330e-01 2.418511204361510711e-03
6.670598983764151058e-01 2.510368885193671202e-03
6.676746892840571546e-01 2.606470552206110319e-03
6.682900468092715096e-01 2.706802107155423763e-03
6.689059714742769946e-01 2.811325666586388019e-03
6.695224638017739371e-01 2.919976405620122901e-03
6.701395243149441683e-01 3.032659309671367157e-03
6.707571535374522442e-01 3.149245866717469231e-03
6.713753519934446690e-01 3.269570740018937476e-03
6.719941202075514486e-01 3.393428468843634038e-03
6.726134587048860913e-01 3.520570252637202167e-03
6.732333680110457186e-01 3.650700882055863458e-03
6.738538486521123971e-01 3.783475888127039478e-03
6.744749011546528061e-01 3.918498988290975392e-03
6.750965260457189032e-01 4.055319914925634324e-03
6.757187238528482576e-01 4.193432717852014352e-03
6.763414951040647161e-01 4.332274636916586853e-03
6.769648403278791804e-01 4.471225643678719379e-03
6.775887600532891630e-01 4.609608752111371728e-03
6.782132548097798974e-01 4.746691196663572511e-03
6.788383251273245600e-01 4.881686571650447129e-03
6.794639715363847143e-01 5.013758018383310602e-03
6.800901945679111993e-01 5.142022535418986490e-03
6.807169947533437959e-01 5.265556472554226014e-03
6.813443726246121157e-01 5.383402250572375154e-03
6.819723287141362666e-01 5.494576326222705247e-03
6.826008635548265202e-01 5.598078395578407959e-03
6.832299776800851987e-01 5.692901799029767909e-03
6.838596716238054540e-01 5.778045058145462286e-03
6.844899459203728220e-01 5.852524439088502978e-03
6.851208011046653334e-01 5.915387400000216359e-03
6.857522377120535140e-01 5.965726741752278711e-03
6.863842562784023826e-01 6.002695243877522943e-03
6.870168573400698975e-01 6.025520531639546977e-03
6.876500414339085099e-01 6.033534160066625872e-03
6.882838090972656087e-01 6.026567125479494885e-03
6.889181608679840751e-01 6.004997340474469564e-03
6.895530972844019502e-01 5.969328101547963922e-03
6.901886188853538773e-01 5.920155334073501363e-03
6.908247262101707697e-01 5.858156708721354820e-03
6.914614197986805877e-01 5.784080260449315364e-03
6.920987001912094483e-01 5.698732734862273219e-03
6.927365679285808486e-01 5.602967875037515033e-03
6.933750235521167760e-01 5.497674846294985616e-03
6.940140676036383738e-01 5.383766977636699792e-03
6.946537006254657198e-01 5.262170977470739808e-03
6.952939231604194914e-01 5.133816758550282730e-03
6.959347357518199662e-01 4.999627983534700275e-03
6.965761389434883544e-01 4.860513418895556596e-03
6.972181332797470210e-01 4.717359161660735108e-03
6.978607193054200408e-01 4.571021781235628037e-03
6.985038975658338645e-01 4.422322397706398428e-03
6.991476686068174295e-01 4.272041698959470023e-03
6.997920329747022716e-01 4.120915881903504385e-03
7.004369912163241896e-01 3.969633488225324074e-03
7.010825438790221353e-01 3.818833092541529337e-03
7.017286915106404344e-01 3.669101790535924182e-03
7.023754346595277864e-01 3.520974426663592977e-03
7.030227738745381538e-01 3.374933495146730141e-03
7.036707097050317605e-01 3.231409644153606514e-03
7.043192427008745371e-01 3.090782711061580961e-03
7.049683734124401191e-01 2.953383216360721836e-03
7.056181023906086258e-01 2.819494244851623865e-03
7.062684301867681036e-01 2.689353645101497190e-03
7.069193573528145258e-01 2.563156481443553888e-03
7.075708844411533471e-01 2.441057676913653118e-03
7.082230120046983934e-01 2.323174790227431133e-03
7.088757405968730829e-01 2.209590875018086192e-03
7.095290707716113143e-01 2.100357374921714947e-03
7.101830030833569118e-01 1.995497013561880074e-03
7.108375380870655125e-01 1.895006643921589738e-03
7.114926763382035668e-01 1.798860026896406325e-03
7.121484183927497824e-01 1.707010513903455288e-03
7.128047648071951237e-01 1.619393613217094728e-03
7.134617161385433670e-01 1.535929424154157006e-03
7.141192729443121001e-01 1.456524927310871376e-03
7.147774357825321667e-01 1.381076122735221904e-03
7.154362052117489990e-01 1.309470011193127016e-03
7.160955817910229504e-01 1.241586416558370515e-03
7.167555660799290740e-01 1.177299649831348811e-03
7.174161586385588985e-01 1.116480017387767431e-03
7.180773600275197621e-01 1.058995177798916073e-03
7.187391708079357011e-01 1.004711352972385624e-03
7.194015915414477824e-01 9.534944004674457060e-04
7.200646227902147700e-01 9.052107546698934595e-04
7.207282651169139021e-01 8.597282450989524516e-04
7.213925190847406688e-01 8.169168004924280907e-04
7.220573852574094786e-01 7.766490475052294836e-04
7.227228641991546576e-01 7.388008128888967803e-04
7.233889564747300049e-01 7.032515379208468696e-04
7.240556626494106807e-01 6.698846136465042012e-04
7.247229832889922063e-01 6.385876452071692980e-04
7.253909189597915752e-01 6.092526531706895327e-04
7.260594702286476965e-01 5.817762193792558583e-04
7.267286376629223943e-01 5.560595843935912681e-04
7.273984218304998528e-01 5.320087031594327451e-04
7.280688232997878373e-01 5.095342650617588551e-04
7.287398426397181384e-01 4.885516840750078402e-04
7.294114804197463497e-01 4.689810642711750668e-04
7.300837372098537559e-01 4.507471455193993049e-04
7.307566135805462215e-01 4.337792338061421124e-04
7.314301101028558572e-01 4.180111202283899401e-04
7.321042273483407969e-01 4.033809923676270957e-04
7.327789658890858648e-01 3.898313414424991541e-04
7.334543262977036848e-01 3.773088683652418276e-04
7.341303091473341258e-01 3.657643915938087339e-04
7.348069150116453008e-01 3.551527594793149048e-04
7.354841444648343440e-01 3.454305034764964741e-04
7.361619980816270781e-01 3.365399828174317248e-04
7.368404764372797899e-01 3.284204973151379128e-04
7.375195801075783431e-01 3.210173273438958518e-04
7.381993096688393985e-01 3.142811687925203476e-04
7.388796656979107480e-01 3.081675741728016763e-04
7.395606487721718691e-01 3.026364581081966753e-04
7.402422594695345914e-01 2.976516591584475106e-04
7.409244983684432073e-01 2.931805510008335370e-04
7.416073660478749163e-01 2.891936969032818079e-04
7.422908630873408242e-01 2.856645422108794745e-04
7.429749900668858320e-01 2.825691402443653672e-04
7.436597475670899682e-01 2.798859075927641890e-04
7.443451361690679446e-01 2.775954052861208539e-04
7.450311564544699339e-01 2.756801427696214729e-04
7.457178090054823461e-01 2.741244019771024764e-04
7.464050944048284952e-01 2.729140791282411464e-04
7.470930132357682663e-01 2.720365421567017710e-04
7.477815660820993360e-01 2.714805019221888118e-04
7.484707535281572843e-01 2.712358955728749613e-04
7.491605761588161494e-01 2.712937806104569497e-04
7.498510345594896487e-01 2.716462383718957975e-04
7.505421293161305130e-01 2.722862857830092380e-04
7.512338610152313745e-01 2.732077943622610028e-04
7.519262302438256551e-01 2.744054155607830226e-04
7.526192375894877884e-01 2.758745116189411772e-04
7.533128836403338857e-01 2.776110912024144718e-04
7.540071689850218473e-01 2.796117491534199392e-04
7.547020942127522503e-01 2.818736097566834349e-04
7.553976599132685710e-01 2.843942729762936297e-04
7.560938666768577399e-01 2.871717631697154847e-04
7.567907150943511407e-01 2.902044798298737118e-04
7.574882057571244998e-01 2.934911499462405904e-04
7.581863392570982185e-01 2.970307816119538099e-04
7.588851161867387063e-01 3.008226185367914615e-04
7.595845371390580469e-01 3.048660951560064922e-04
7.602846027076154423e-01 3.091607920530008245e-04
7.609853134865165458e-01 3.137063914401496301e-04
7.616866700704146842e-01 3.185026324672132259e-04
7.623886730545113011e-01 3.235492661510110221e-04
7.630913230345567344e-01 3.288460097438577817e-04
7.637946206068499944e-01 3.343925003819194180e-04
7.644985663682396515e-01 3.401882478785214770e-04
7.652031609161246140e-01 3.462325865517357042e-04
7.659084048484539053e-01 3.525246260005753798e-04
7.666142987637284412e-01 3.590632007701469413e-04
7.673208432610001406e-01 3.658468188731292645e-04
7.680280389398730367e-01 3.728736091634638318e-04
7.687358864005040537e-01 3.801412675879716559e-04
7.694443862436027848e-01 3.876470023731078650e-04
7.701535390704332684e-01 3.953874782371939061e-04
7.708633454828129894e-01 4.033587597532879883e-04
7.715738060831144329e-01 4.115562540244688738e-04
7.722849214742649737e-01 4.199746528714021101e-04
7.729966922597476531e-01 4.286078747720156864e-04
7.737091190436024002e-01 4.374490068342126855e-04
7.744222024304251439e-01 4.464902471251148215e-04
7.751359430253691452e-01 4.557228477238294321e-04
7.758503414341455517e-01 4.651370589088465123e-04
7.765653982630235097e-01 4.747220749356958992e-04
7.772811141188313844e-01 4.844659819047940764e-04
7.779974896089566494e-01 4.943557082630322405e-04
7.787145253413462198e-01 5.043769785251397790e-04
7.794322219245075622e-01 5.145142708412533831e-04
7.801505799675090280e-01 5.247507790750740274e-04
7.808696000799805192e-01 5.350683800912735396e-04
7.815892828721132668e-01 5.454476069811137109e-04
7.823096289546613846e-01 5.558676289800634903e-04
7.830306389389413146e-01 5.663062388500704003e-04
7.837523134368336031e-01 5.767398485108101661e-04
7.844746530607823454e-01 5.871434937077263253e-04
7.851976584237960743e-01 5.974908484991683878e-04
7.859213301394484263e-01 6.077542503290411964e-04
7.866456688218780302e-01 6.179047364245386035e-04
7.873706750857907277e-01 6.279120922195526337e-04
7.880963495464575752e-01 6.377449124523679874e-04
7.888226928197176191e-01 6.473706755209040565e-04
7.895497055219767857e-01 6.567558315987351552e-04
7.902773882702094355e-01 6.658659049207068040e-04
7.910057416819589182e-01 6.746656105373628190e-04
7.917347663753372400e-01 6.831189857127442037e-04
7.924644629690262843e-01 6.911895360007219279e-04
7.931948320822779230e-01 6.988403958809988239e-04
7.939258743349147940e-01 7.060345036683842584e-04
7.946575903473314106e-01 7.127347902288351912e-04
7.953899807404931632e-01 7.189043808442594765e-04
7.961230461359384281e-01 7.245068127375917230e-04
7.968567871557780125e-01 7.295124685855555345e-04
7.975912044226960429e-01 7.339119280469896941e-04
7.983262985599510753e-01 7.377010551532724690e-04
7.990620701913756507e-01 7.408773948985663497e-04
7.997985199413771840e-01 7.434401544131312043e-04
8.005356484349389623e-01 7.453901767862468461e-04
8.012734562976197017e-01 7.467299078825532198e-04
8.020119441555553230e-01 7.474633565323408370e-04
8.027511126354586191e-01 7.475960485085931953e-04
8.034909623646195875e-01 7.471349747316104141e-04
8.042314939709065413e-01 7.460885341654280387e-04
8.049727080827669967e-01 7.444664718892915825e-04
8.057146053292271182e-01 7.422798128418979426e-04
8.064571863398928286e-01 7.395407917462524464e-04
8.072004517449504757e-01 7.362627797287672358e-04
8.079444021751670535e-01 7.324602081479460267e-04
8.086890382618913131e-01 7.281484901456551509e-04
8.094343606370534294e-01 7.233439404279668264e-04
8.101803699331662223e-01 7.180636937729758217e-04
8.109270667833252677e-01 7.123256227501745426e-04
8.116744518212096748e-01 7.061482551201091499e-04
8.124225256810829743e-01 6.995506913645552953e-04
8.131712889977927849e-01 6.925525227765119999e-04
8.139207424067720353e-01 6.851737505162275831e-04
8.146708865440390746e-01 6.774347060147077213e-04
8.154217220461986715e-01 6.693559730797469381e-04
8.161732495504424589e-01 6.609583120320971106e-04
8.169254696945489336e-01 6.522625861708590544e-04
8.176783831168847883e-01 6.432896908382385167e-04
8.184319904564045789e-01 6.340604853243375595e-04
8.191862923526520568e-01 6.245957278232917940e-04
8.199412894457607237e-01 6.149160136226395484e-04
8.206969823764533878e-01 6.050417166789840177e-04
8.214533717860439399e-01 5.949929347046160324e-04
8.222104583164369096e-01 5.847894378622127973e-04
8.229682426101284642e-01 5.744506211381839684e-04
8.237267253102075193e-01 5.639954604396403776e-04
8.244859070603549611e-01 5.534424724357947132e-04
8.252457885048453123e-01 5.428096781415420527e-04
8.260063702885463988e-01 5.321145702195848558e-04
8.267676530569214588e-01 5.213740839573435858e-04
8.275296374560274781e-01 5.106045718565893230e-04
8.282923241325174102e-01 4.998217817566741631e-04
8.290557137336400650e-01 4.890408383971618558e-04
8.298198069072405536e-01 4.782762283119466862e-04
8.305846043017619529e-01 4.675417879348768785e-04
8.313501065662440848e-01 4.568506947865626656e-04
8.321163143503250703e-01 4.462154616030127811e-04
8.328832283042419959e-01 4.356479332594146250e-04
8.336508490788310244e-01 4.251592863364634235e-04
8.344191773255287270e-01 4.147600311719474219e-04
8.351882136963713066e-01 4.044600162372426568e-04
8.359579588439962627e-01 3.942684346761596769e-04
8.367284134216426139e-01 3.841938328429140583e-04
8.374995780831512304e-01 3.742441206761835406e-04
8.382714534829659447e-01 3.644265837474192690e-04
8.390440402761335514e-01 3.547478968238413559e-04
8.398173391183044734e-01 3.452141387894377251e-04
8.405913506657335388e-01 3.358308087710896116e-04
8.413660755752800924e-01 3.266028433212988624e-04
8.421415145044096606e-01 3.175346345139676394e-04
8.429176681111929526e-01 3.086300488152067642e-04
8.436945370543074141e-01 2.998924465968786810e-04
8.444721219930375611e-01 2.913247021669791606e-04
8.452504235872754235e-01 2.829292241973210961e-04
8.460294424975216554e-01 2.747079764357668341e-04
8.468091793848852022e-01 2.666624985970849813e-04
8.475896349110845218e-01 2.587939273333757250e-04
8.483708097384474733e-01 2.511030171920889233e-04
8.491527045299133158e-01 2.435901614764595811e-04
8.499353199490314870e-01 2.362554129302373875e-04
8.507186566599631572e-01 2.290985041751800741e-04
8.515027153274817850e-01 2.221188678365780891e-04
8.522874966169732280e-01 2.153156562984525897e-04
8.530730011944370750e-01 2.086877610363872999e-04
8.538592297264863129e-01 2.022338314819864937e-04
8.546461828803483263e-01 1.959522933787641503e-04
8.554338613238655631e-01 1.898413665948113114e-04
8.562222657254958680e-01 1.838990823629096873e-04
8.570113967543137035e-01 1.781232999236795355e-04
8.578012550800092617e-01 1.725117225521937520e-04
8.585918413728906851e-01 1.670619129527286661e-04
8.593831563038835109e-01 1.617713080106587332e-04
8.601752005445315596e-01 1.566372328941687377e-04
8.609679747669982675e-01 1.516569145020966211e-04
8.617614796440659086e-01 1.468274942574816040e-04
8.625557158491367060e-01 1.421460402493136246e-04
8.633506840562341633e-01 1.376095587277633456e-04
8.641463849400021768e-01 1.332150049605818087e-04
8.649428191757072559e-01 1.289592934605602649e-04
8.657399874392378569e-01 1.248393075958928911e-04
8.665378904071053823e-01 1.208519085970115108e-04
8.673365287564446247e-01 1.169939439749352296e-04
8.681359031650144331e-01 1.132622553675044329e-04
8.689360143111988233e-01 1.096536858309118121e-04
8.697368628740064223e-01 1.061650865949046656e-04
8.705384495330720229e-01 1.027933233007088530e-04
8.713407749686563619e-01 9.953528174134123685e-05
8.721438398616480070e-01 9.638787312438073574e-05
8.729476448935621358e-01 9.334803887757252229e-05
8.737521907465425341e-01 9.041275501776705782e-05
8.745574781033613743e-01 8.757903610379919989e-05
8.753635076474202137e-01 8.484393879380280141e-05
8.761702800627509946e-01 8.220456502734163390e-05
8.769777960340152667e-01 7.965806485251078766e-05
8.777860562465060745e-01 7.720163891781839989e-05
8.785950613861478464e-01 7.483254064833959221e-05
8.794048121394971718e-01 7.254807812517153113e-05
8.802153091937438001e-01 7.034561568676149350e-05
8.810265532367104191e-01 6.822255379987261705e-05
8.818385449568536538e-01 6.617599768920198776e-05
8.826512850432649548e-01 6.420286653427087161e-05
8.834647741856701542e-01 6.230020619832754689e-05
8.842790130744319077e-01 6.046519260723401997e-05
8.850940024005481410e-01 5.869512558120918176e-05
8.859097428556540477e-01 5.698742297833689401e-05
8.867262351320223113e-01 5.533961513317845724e-05
8.875434799225631055e-01 5.374933957476240958e-05
8.883614779208262036e-01 5.221433600910510710e-05
8.891802298209998678e-01 5.073244155225014131e-05
8.899997363179121823e-01 4.930158620058464991e-05
8.908199981070318296e-01 4.791978852593706370e-05
8.916410158844680911e-01 4.658515158364720705e-05
8.924627903469726231e-01 4.529585902245401228e-05
8.932853221919385689e-01 4.405017138566275537e-05
8.941086121174017798e-01 4.284642259362636177e-05
8.949326608220415924e-01 4.168301659813060568e-05
8.957574690051816058e-01 4.055842419977802657e-05
8.965830373667895703e-01 3.947118001996165388e-05
8.974093666074782760e-01 3.841987961946306216e-05
8.982364574285066627e-01 3.740317675615408672e-05
8.990643105317792649e-01 3.641978077468057719e-05
8.998929266198485433e-01 3.546845412139159356e-05
9.007223063959135523e-01 3.454800997814166691e-05
9.015524505638219388e-01 3.365731000893436916e-05
9.023833598280697199e-01 3.279526221369779686e-05
9.032150348938022821e-01 3.196081888378463271e-05
9.040474764668154917e-01 3.115297465408375493e-05
9.048806852535548062e-01 3.037076464689501874e-05
9.057146619611172733e-01 2.961326270297583055e-05
9.065494072972515305e-01 2.887957969541535717e-05
9.073849219703583602e-01 2.816886192221544318e-05
9.082212066894919111e-01 2.748028957367508473e-05
9.090582621643593653e-01 2.681307527088125928e-05
9.098960891053221589e-01 2.616646267179960494e-05
9.107346882233964269e-01 2.553972514164093126e-05
9.115740602302533357e-01 2.493216448435432007e-05
9.124142058382205267e-01 2.434310973225791143e-05
9.132551257602818939e-01 2.377191599097401247e-05
9.140968207100781395e-01 2.321796333698129304e-05
9.149392914019081058e-01 2.268065576523323551e-05
9.157825385507285532e-01 2.215942018442437317e-05
9.166265628721557146e-01 2.165370545760885118e-05
9.174713650824650735e-01 2.116298148599083049e-05
9.183169458985921407e-01 2.068673833382113291e-05
9.191633060381331211e-01 2.022448539243275806e-05
9.200104462193462451e-01 1.977575058155486230e-05
9.208583671611509924e-01 1.934007958613269870e-05
9.217070695831296456e-01 1.891703512697106318e-05
9.225565542055278456e-01 1.850619626360546047e-05
9.234068217492545916e-01 1.810715772788396412e-05
9.242578729358841283e-01 1.771952928681413934e-05
9.251097084876549470e-01 1.734293513331009947e-05
9.259623291274715617e-01 1.697701330353247362e-05
9.268157355789047314e-01 1.662141511958527447e-05
9.276699285661916816e-01 1.627580465639336807e-05
9.285249088142379925e-01 1.593985823163881303e-05
9.293806770486164881e-01 1.561326391769447591e-05
9.302372339955691238e-01 1.529572107454059415e-05
9.310945803820070976e-01 1.498693990270164709e-05
9.319527169355112939e-01 1.468664101528811269e-05
9.328116443843340599e-01 1.439455502827036797e-05
9.336713634573978737e-01 1.411042216815594680e-05
9.345318748842976753e-01 1.383399189627941103e-05
9.353931793953005336e-01 1.356502254895461607e-05
9.362552777213463129e-01 1.330328099277236259e-05
9.371181705940494489e-01 1.304854229436297393e-05
9.379818587456979495e-01 1.280058940397461780e-05
9.388463429092546164e-01 1.255921285224946348e-05
9.397116238183580439e-01 1.232421045960850384e-05
9.405777022073233962e-01 1.209538705768487210e-05
9.414445788111418523e-01 1.187255422227154840e-05
9.423122543654824934e-01 1.165553001727243585e-05
9.431807296066920809e-01 1.144413874917411281e-05
9.440500052717960555e-01 1.123821073157340943e-05
9.449200820984998694e-01 1.103758205932080550e-05
9.457909608251877653e-01 1.084209439185976852e-05
9.466626421909253297e-01 1.065159474535947962e-05
9.475351269354589379e-01 1.046593529326005865e-05
9.484084157992164199e-01 1.028497317486487494e-05
9.492825095233090593e-01 1.010857031163181676e-05
9.501574088495302606e-01 9.936593230832591967e-06
9.510331145203573255e-01 9.768912896261789039e-06
9.519096272789520086e-01 9.605404545694954370e-06
9.527869478691605165e-01 9.445947534806422281e-06
9.536650770355153961e-01 9.290425187271120861e-06
9.545440155232349788e-01 9.138724650788823689e-06
9.554237640782242691e-01 8.990736758778185994e-06
9.563043234470759435e-01 8.846355897502288120e-06
9.571856943770703507e-01 8.705479878395860826e-06
9.580678776161776211e-01 8.568009815375647771e-06
9.589508739130560011e-01 8.433850006925823066e-06
9.598346840170545180e-01 8.302907822757789926e-06
9.607193086782125357e-01 8.175093594854416677e-06
9.616047486472604211e-01 8.050320512716238887e-06
9.624910046756212090e-01 7.928504522635484433e-06
9.633780775154100473e-01 7.809564230831626897e-06
9.642659679194349742e-01 7.693420810289072650e-06
9.651546766411981393e-01 7.579997911144907854e-06
9.660442044348963586e-01 7.469221574481235954e-06
9.669345520554212259e-01 7.361020149383140582e-06
9.678257202583602226e-01 7.255324213128750990e-06
9.687177097999970510e-01 7.152066494384568522e-06
9.696105214373124115e-01 7.051181799283943312e-06
9.705041559279852237e-01 6.952606940272376483e-06
9.713986140303920713e-01 6.856280667608076660e-06
9.722938965036087566e-01 6.762143603410874408e-06
9.731900041074106333e-01 6.670138178157756596e-06
9.740869376022731618e-01 6.580208569526780135e-06
9.749846977493731304e-01 6.492300643496193996e-06
9.758832853105884331e-01 6.406361897608715502e-06
9.767827010484991801e-01 6.322341406315633353e-06
9.776829457263885859e-01 6.240189768317858571e-06
9.785840201082428580e-01 6.159859055826079374e-06
9.794859249587529737e-01 6.081302765663712450e-06
9.803886610433142357e-01 6.004475772141007752e-06
9.812922291280273823e-01 5.929334281630964452e-06
9.821966299796993649e-01 5.855835788780302552e-06
9.831018643658435696e-01 5.783939034292689422e-06
9.840079330546813718e-01 5.713603964222404808e-06
9.849148368151415811e-01 5.644791690720864710e-06
9.858225764168619953e-01 5.577464454179324902e-06
9.867311526301895119e-01 5.511585586714436615e-06
9.876405662261810159e-01 5.447119476945160695e-06
9.885508179766044901e-01 5.384031536011526931e-06
9.894619086539386821e-01 5.322288164787860607e-06
9.903738390313745477e-01 5.261856722245287926e-06
9.912866098828153616e-01 5.202705494919715142e-06
9.922002219828782721e-01 5.144803667443353270e-06
9.931146761068936346e-01 5.088121294100228554e-06
9.940299730309070103e-01 5.032629271366349250e-06
9.949461135316786109e-01 4.978299311398363815e-06
9.958630983866846309e-01 4.925103916434694649e-06
9.967809283741185800e-01 4.873016354075288952e-06
9.976996042728903946e-01 4.822010633407420820e-06
9.986191268626279927e-01 4.772061481945918058e-06
9.995394969236780502e-01 4.723144323357741498e-06
1.000460715237105891e+00 4.675235255942205808e-06
1.001382782584698372e+00 4.628311031838457696e-06
1.002305699748960111e+00 4.582349036934387189e-06
1.003229467513119255e+00 4.537327271450249772e-06
1.004154086661125600e+00 4.493224331173255385e-06
1.005079557977649696e+00 4.450019389319108321e-06
1.006005882248087513e+00 4.407692178997214811e-06
1.006933060258556889e+00 4.366222976258851713e-06
1.007861092795901525e+00 4.325592583705934645e-06
1.008789980647690543e+00 4.285782314641153665e-06
1.009719724602217150e+00 4.246773946078725655e-06
1.010650325448503084e+00 4.208548689643112662e-06
1.011581783976295723e+00 4.171087004849184035e-06
1.012514100976071418e+00 4.134369809515343135e-06
1.013447277239035049e+00 4.098378539640543874e-06
1.014381313557119135e+00 4.063095132452856666e-06
1.015316210722988499e+00 4.028502010062543153e-06
1.016251969530036270e+00 3.994582063696633451e-06
1.017188590772388102e+00 3.961318638492211415e-06
1.018126075244901729e+00 3.928695518827337117e-06
1.019064423743165859e+00 3.896696914169052452e-06
1.020003637063505053e+00 3.865307445418539179e-06
1.020943716002974622e+00 3.834512131735230895e-06
1.021884661359367064e+00 3.804296377820951564e-06
1.022826473931209623e+00 3.774645961647649016e-06
1.023769154517764068e+00 3.745547022611675177e-06
1.024712703919031132e+00 3.716986050098650279e-06
1.025657122935746068e+00 3.688949872444119723e-06
1.026602412369384654e+00 3.661425646274818006e-06
1.027548573022160516e+00 3.634400846217056201e-06
1.028495605697025361e+00 3.607863254958437380e-06
1.029443511197673411e+00 3.581800953650116549e-06
1.030392290328536742e+00 3.556202312637315911e-06
1.031341943894791058e+00 3.531055982506089638e-06
1.032292472702353914e+00 3.506350885435044204e-06
1.033243877557884050e+00 3.482076206841150261e-06
1.034196159268784942e+00 3.458221387308894660e-06
1.035149318643205030e+00 3.434776114793030456e-06
1.036103356490035043e+00 3.411730317085169643e-06
1.037058273618913784e+00 3.389074154534653900e-06
1.038014070840224345e+00 3.366798013015336369e-06
1.038970748965097890e+00 3.344892497129210788e-06
1.039928308805413204e+00 3.323348423638952118e-06
1.040886751173796032e+00 3.302156815121495082e-06
1.041846076883623073e+00 3.281308893834871884e-06
1.042806286749018208e+00 3.260796075791279576e-06
1.043767381584857823e+00 3.240609965029117589e-06
1.044729362206768819e+00 3.220742348077632919e-06
1.045692229431128606e+00 3.201185188607323048e-06
1.046655984075068879e+00 3.181930622260107610e-06
1.047620626956472289e+00 3.162970951653434900e-06
1.048586158893976883e+00 3.144298641552194918e-06
1.049552580706975657e+00 3.125906314203320346e-06
1.050519893215614564e+00 3.107786744827671368e-06
1.051488097240797837e+00 3.089932857263831621e-06
1.052457193604183994e+00 3.072337719759431032e-06
1.053427183128191169e+00 3.054994540904760009e-06
1.054398066635994224e+00 3.037896665704518632e-06
1.055369844951526304e+00 3.021037571783179774e-06
1.056342518899481053e+00 3.004410865719672553e-06
1.057316089305310847e+00 2.988010279507678236e-06
1.058290556995229892e+00 2.971829667137178057e-06
1.059265922796214232e+00 2.955863001293963506e-06
1.060242187536000191e+00 2.940104370173223736e-06
1.061219352043089481e+00 2.924547974403788946e-06
1.062197417146744982e+00 2.909188124079850369e-06
1.063176383676995185e+00 2.894019235896586228e-06
1.064156252464634189e+00 2.879035830387001351e-06
1.065137024341219929e+00 2.864232529256757479e-06
1.066118700139078612e+00 2.849604052814003832e-06
1.067101280691301834e+00 2.835145217491813362e-06
1.068084766831750354e+00 2.820850933460014442e-06
1.069069159395053425e+00 2.806716202324377477e-06
1.070054459216608134e+00 2.792736114910212596e-06
1.071040667132583390e+00 2.778905849128229906e-06
1.072027783979917048e+00 2.765220667920217777e-06
1.073015810596319231e+00 2.751675917282361867e-06
1.074004747820272776e+00 2.738267024363942872e-06
1.074994596491031462e+00 2.724989495639393692e-06
1.075985357448624447e+00 2.711838915151638641e-06
1.076977031533853602e+00 2.698810942824797472e-06
1.077969619588296402e+00 2.685901312844243328e-06
1.078963122454306811e+00 2.673105832102251972e-06
1.079957540975013064e+00 2.660420378707568540e-06
1.080952875994322770e+00 2.647840900556843279e-06
1.081949128356919143e+00 2.635363413966601337e-06
1.082946298908265659e+00 2.622984002363921682e-06
1.083944388494604505e+00 2.610698815034234836e-06
1.084943397962956579e+00 2.598504065924884602e-06
1.085943328161125265e+00 2.586396032502672051e-06
1.086944179937694877e+00 2.574371054664225133e-06
1.087945954142030214e+00 2.562425533697560853e-06
1.088948651624281450e+00 2.550555931293548691e-06
1.089952273235379909e+00 2.538758768605976352e-06
1.090956819827042512e+00 2.527030625358771956e-06
1.091962292251771771e+00 2.515368138999248500e-06
1.092968691362853573e+00 2.503768003896039456e-06
1.093976018014362728e+00 2.492226970580466428e-06
1.094984273061159419e+00 2.480741845030283426e-06
1.095993457358892753e+00 2.469309487994448886e-06
1.097003571764000540e+00 2.457926814357889920e-06
1.098014617133708404e+00 2.446590792545115313e-06
1.099026594326034445e+00 2.435298443961504546e-06
1.100039504199784801e+00 2.424046842471287739e-06
1.101053347614559419e+00 2.412833113911041695e-06
1.102068125430749834e+00 2.401654435637672882e-06
1.103083838509539394e+00 2.390508036109956476e-06
1.104100487712907031e+00 2.379391194502373193e-06
1.105118073903624154e+00 2.368301240350501065e-06
1.106136597945258870e+00 2.357235553226718287e-06
1.107156060702175315e+00 2.346191562445401445e-06
1.108176463039532322e+00 2.335166746796552292e-06
1.109197805823288752e+00 2.324158634306861186e-06
1.110220089920198827e+00 2.313164802027363556e-06
1.111243316197817466e+00 2.302182875846552242e-06
1.112267485524499611e+00 2.291210530328128762e-06
1.113292598769398012e+00 2.280245488572477850e-06
1.114318656802469665e+00 2.269285522100731086e-06
1.115345660494470037e+00 2.258328450760759798e-06
1.116373610716959730e+00 2.247372142653886381e-06
1.117402508342302259e+00 2.236414514081616511e-06
1.118432354243663163e+00 2.225453529511380474e-06
1.119463149295015558e+00 2.214487201560245574e-06
1.120494894371135475e+00 2.203513590995949931e-06
1.121527590347606740e+00 2.192530806754046853e-06
1.122561238100820535e+00 2.181537005970450386e-06
1.123595838507973621e+00 2.170530394028397356e-06
1.124631392447073885e+00 2.159509224618835320e-06
1.125667900796935905e+00 2.148471799813513030e-06
1.126705364437186052e+00 2.137416470149604538e-06
1.127743784248261161e+00 2.126341634725207499e-06
1.128783161111408306e+00 2.115245741304616236e-06
1.129823495908688358e+00 2.104127286432534394e-06
1.130864789522973313e+00 2.092984815556311111e-06
1.131907042837950739e+00 2.081816923155268125e-06
1.132950256738121997e+00 2.070622252876191592e-06
1.133994432108802464e+00 2.059399497674156388e-06
1.135039569836125750e+00 2.048147399957594061e-06
1.136085670807039483e+00 2.036864751736944146e-06
1.137132735909310632e+00 2.025550394775653033e-06
1.138180766031524627e+00 2.014203220742954996e-06
1.139229762063084017e+00 2.002822171367265622e-06
1.140279724894213143e+00 1.991406238589312242e-06
1.141330655415954576e+00 1.979954464714288152e-06
1.142382554520174009e+00 1.968465942561823184e-06
1.143435423099558923e+00 1.956939815613063776e-06
1.144489262047618139e+00 1.945375278153983327e-06
1.145544072258685153e+00 1.933771575413846673e-06
1.146599854627918136e+00 1.922128003698063386e-06
1.147656610051298820e+00 1.910443910514556205e-06
1.148714339425636055e+00 1.898718694692643800e-06
1.149773043648563808e+00 1.886951806493657981e-06
1.150832723618544717e+00 1.875142747712360856e-06
1.151893380234869868e+00 1.863291071768315765e-06
1.152955014397656575e+00 1.851396383786370436e-06
1.154017627007854818e+00 1.839458340665285295e-06
1.155081218967242362e+00 1.827476651133882853e-06
1.156145791178429860e+00 1.815451075793602641e-06
1.157211344544859966e+00 1.803381427146851830e-06
1.158277879970806001e+00 1.791267569610291362e-06
1.159345398361377066e+00 1.779109419512116554e-06
1.160413900622514483e+00 1.766906945072761685e-06
1.161483387660995570e+00 1.754660166368051311e-06
1.162553860384434090e+00 1.742369155274168745e-06
1.163625319701278249e+00 1.730034035393659475e-06
1.164697766520815581e+00 1.717654981961655717e-06
1.165771201753170061e+00 1.705232221731766891e-06
1.166845626309305439e+00 1.692766032840793427e-06
1.167921041101025459e+00 1.680256744651656996e-06
1.168997447040972304e+00 1.667704737573931382e-06
1.170074845042631706e+00 1.655110442861183709e-06
1.171153236020329169e+00 1.642474342384771324e-06
1.172232620889234189e+00 1.629796968383172568e-06
1.173313000565360031e+00 1.617078903186640708e-06
1.174394375965562398e+00 1.604320778916348008e-06
1.175476748007544536e+00 1.591523277157652924e-06
1.176560117609852352e+00 1.578687128607047676e-06
1.177644485691881293e+00 1.565813112692099215e-06
1.178729853173873021e+00 1.552902057164278797e-06
1.179816220976916519e+00 1.539954837664021360e-06
1.180903590022951200e+00 1.526972377257704071e-06
1.181991961234764466e+00 1.513955645946333548e-06
1.183081335535995482e+00 1.500905660145452383e-06
1.184171713851135177e+00 1.487823482136105300e-06
1.185263097105524244e+00 1.474710219486666117e-06
1.186355486225359135e+00 1.461567024445148565e-06
1.187448882137686956e+00 1.448395093302045663e-06
1.188543285770411462e+00 1.435195665723433355e-06
1.189638698052291277e+00 1.421970024054250768e-06
1.190735119912939455e+00 1.408719492591836678e-06
1.191832552282828139e+00 1.395445436829495004e-06
1.192930996093284568e+00 1.382149262670314182e-06
1.194030452276496179e+00 1.368832415611170569e-06
1.195130921765509724e+00 1.355496379897087170e-06
1.196232405494229711e+00 1.342142677646117946e-06
1.197334904397424182e+00 1.328772867944820602e-06
1.198438419410720046e+00 1.315388545914742423e-06
1.199542951470608410e+00 1.301991341749975698e-06
1.200648501514443467e+00 1.288582919726288840e-06
1.201755070480441390e+00 1.275164977182107842e-06
1.202862659307685655e+00 1.261739243471649625e-06
1.203971268936123051e+00 1.248307478890905438e-06
1.205080900306567671e+00 1.234871473576668278e-06
1.206191554360701801e+00 1.221433046379349513e-06
1.207303232041072594e+00 1.207994043710093774e-06
1.208415934291098948e+00 1.194556338362704777e-06
1.209529662055068178e+00 1.181121828311225731e-06
1.210644416278136681e+00 1.167692435483753686e-06
1.211760197906334380e+00 1.154270104513198289e-06
1.212877007886560277e+00 1.140856801465923234e-06
1.213994847166588453e+00 1.127454512548887683e-06
1.215113716695066071e+00 1.114065242796353029e-06
1.216233617421512703e+00 1.100691014736948221e-06
1.217354550296326110e+00 1.087333867041966970e-06
1.218476516270776688e+00 1.073995859792408556e-06
1.219599516297014130e+00 1.060679760141061607e-06
1.220723551328065204e+00 1.047389593503220332e-06
1.221848622317833311e+00 1.034129434771688329e-06
1.222974730221103590e+00 1.020903261633146871e-06
1.224101875993538480e+00 1.007714953883049459e-06
1.225230060591683490e+00 9.945682928465426637e-07
1.226359284972964980e+00 9.814669609033450181e-07
1.227489550095690607e+00 9.684145411143560479e-07
1.228620856919053317e+00 9.554145169475733498e-07
1.229753206403127574e+00 9.424702721011183983e-07
1.230886599508874912e+00 9.295850904207238898e-07
1.232021037198141933e+00 9.167621559094146940e-07
1.233156520433660530e+00 9.040045528266743418e-07
1.234293050179051887e+00 8.913152658745875041e-07
1.235430627398822923e+00 8.786971804683832674e-07
1.236569253058371620e+00 8.661530830886347158e-07
1.237708928123985253e+00 8.536856617125255444e-07
1.238849653562840158e+00 8.412975063214907746e-07
1.239991430343006629e+00 8.289911094823806708e-07
1.241134259433444242e+00 8.167688669996702861e-07
1.242278141804007641e+00 8.046330786357030124e-07
1.243423078425445860e+00 7.925859488964268240e-07
1.244569070269399891e+00 7.806295878798633687e-07
1.245716118308409559e+00 7.687660121844050089e-07
1.246864223515907533e+00 7.569971458745139076e-07
1.248013386866226648e+00 7.453248215007688673e-07
1.249163609334596803e+00 7.337507811718582635e-07
1.250314891897145397e+00 7.222766776756996185e-07
1.251467235530901778e+00 7.109040756469595350e-07
1.252620641213793240e+00 6.996344527785709552e-07
1.253775109924650133e+00 6.884692010743689999e-07
1.254930642643205196e+00 6.774096281405191159e-07
1.256087240350092227e+00 6.664569585130612266e-07
1.257244904026850962e+00 6.556123350190892429e-07
1.258403634655923975e+00 6.448768201691544320e-07
1.259563433220660222e+00 6.342513975784294726e-07
1.260724300705315937e+00 6.237369734142714565e-07
1.261886238095051738e+00 6.133343778678890119e-07
1.263049246375939516e+00 6.030443666477283058e-07
1.264213326534956661e+00 5.928676224925182564e-07
1.265378479559992719e+00 5.828047567015745714e-07
1.266544706439847623e+00 5.728563106804186722e-07
1.267712008164230353e+00 5.630227574995792022e-07
1.268880385723764936e+00 5.533045034644154470e-07
1.270049840109985784e+00 5.437018896942579041e-07
1.271220372315342795e+00 5.342151937086732469e-07
1.272391983333201138e+00 5.248446310191957225e-07
1.273564674157839027e+00 5.155903567246563212e-07
1.274738445784453056e+00 5.064524671082998204e-07
1.275913299209157303e+00 4.974310012351272467e-07
1.277089235428982006e+00 4.885259425477718043e-07
1.278266255441878441e+00 4.797372204592938288e-07
1.279444360246715373e+00 4.710647119415030352e-07
1.280623550843283942e+00 4.625082431072282395e-07
1.281803828232297215e+00 4.540675907852176292e-07
1.282985193415387970e+00 4.457424840863601217e-07
1.284167647395115130e+00 4.375326059598162321e-07
1.285351191174958885e+00 4.294375947380118329e-07
1.286535825759326013e+00 4.214570456691838657e-07
1.287721552153549665e+00 4.135905124364461048e-07
1.288908371363886696e+00 4.058375086623544062e-07
1.290096284397524773e+00 3.981975093978317039e-07
1.291285292262576823e+00 3.906699525947059366e-07
1.292475395968087026e+00 3.832542405607916845e-07
1.293666596524029044e+00 3.759497413968041663e-07
1.294858894941306016e+00 3.687557904142685705e-07
1.296052292231755221e+00 3.616716915336609605e-07
1.297246789408143863e+00 3.546967186621975724e-07
1.298442387484174398e+00 3.478301170504971523e-07
1.299639087474483645e+00 3.410711046276624823e-07
1.300836890394641454e+00 3.344188733141678959e-07
1.302035797261156702e+00 3.278725903120378939e-07
1.303235809091471964e+00 3.214313993719713751e-07
1.304436926903969729e+00 3.150944220368526544e-07
1.305639151717971291e+00 3.088607588614302551e-07
1.306842484553735195e+00 3.027294906077618771e-07
1.308046926432463009e+00 2.966996794161265381e-07
1.309252478376294659e+00 2.907703699512400401e-07
1.310459141408314210e+00 2.849405905234698871e-07
1.311666916552548745e+00 2.792093541849537826e-07
1.312875804833967042e+00 2.735756598004529854e-07
1.314085807278485341e+00 2.680384930928224722e-07
1.315296924912962462e+00 2.625968276630792683e-07
1.316509158765206022e+00 2.572496259849640242e-07
1.317722509863970437e+00 2.519958403740461271e-07
1.318936979238956697e+00 2.468344139313721381e-07
1.320152567920817255e+00 2.417642814616697298e-07
1.321369276941151805e+00 2.367843703662582674e-07
1.322587107332512613e+00 2.318936015106867588e-07
1.323806060128404294e+00 2.270908900672691363e-07
1.325026136363280926e+00 2.223751463326753710e-07
1.326247337072553600e+00 2.177452765206821548e-07
1.327469663292584645e+00 2.132001835303595738e-07
1.328693116060693180e+00 2.087387676898286110e-07
1.329917696415155115e+00 2.043599274758538302e-07
1.331143405395200707e+00 2.000625602095402826e-07
1.332370244041021001e+00 1.958455627283111334e-07
1.333598213393762721e+00 1.917078320345576848e-07
1.334827314495534267e+00 1.876482659211463670e-07
1.336057548389404825e+00 1.836657635741629630e-07
1.337288916119402593e+00 1.797592261531854199e-07
1.338521418730520107e+00 1.759275573493884844e-07
1.339755057268712912e+00 1.721696639218669393e-07
1.340989832780898450e+00 1.684844562125047126e-07
1.342225746314962054e+00 1.648708486397216059e-07
1.343462798919752066e+00 1.613277601715223223e-07
1.344700991645085386e+00 1.578541147781636052e-07
1.345940325541746141e+00 1.544488418648590611e-07
1.347180801661485683e+00 1.511108766848899126e-07
1.348422421057026810e+00 1.478391607335041445e-07
1.349665184782059990e+00 1.446326421230382528e-07
1.350909093891248913e+00 1.414902759395985309e-07
1.352154149440229158e+00 1.384110245817621488e-07
1.353400352485607083e+00 1.353938580816801703e-07
1.354647704084966264e+00 1.324377544089598076e-07
1.355896205296861279e+00 1.295416997577977909e-07
1.357145857180825255e+00 1.267046888177002246e-07
1.358396660797367206e+00 1.239257250282545863e-07
1.359648617207971588e+00 1.212038208183320698e-07
1.360901727475104295e+00 1.185379978301235108e-07
1.362155992662207327e+00 1.159272871284430291e-07
1.363411413833705010e+00 1.133707293956632637e-07
1.364667992055002443e+00 1.108673751127213776e-07
1.365925728392485272e+00 1.084162847265722963e-07
1.367184623913523689e+00 1.060165288044848386e-07
1.368444679686469767e+00 1.036671881755917479e-07
1.369705896780661902e+00 1.013673540600581803e-07
1.370968276266423924e+00 9.911612818627469477e-08
1.372231819215064208e+00 9.691262289645158333e-08
1.373496526698881448e+00 9.475596124097086369e-08
1.374762399791159329e+00 9.264527706190736739e-08
1.376029439566173407e+00 9.057971506604246367e-08
1.377297647099188893e+00 8.855843088776679085e-08
1.378567023466459984e+00 8.658059114221483156e-08
1.379837569745235859e+00 8.464537346897166729e-08
1.381109287013755571e+00 8.275196656672521532e-08
1.382382176351253822e+00 8.089957021917262561e-08
1.383656238837960295e+00 7.908739531253680296e-08
1.384931475555098102e+00 7.731466384501749480e-08
1.386207887584889331e+00 7.558060892848087043e-08
1.387485476010551055e+00 7.388447478273287688e-08
1.388764241916300879e+00 7.222551672265336428e-08
1.390044186387355385e+00 7.060300113852181337e-08
1.391325310509929025e+00 6.901620546981212136e-08
1.392607615371240781e+00 6.746441817274928127e-08
1.393891102059508391e+00 6.594693868192273550e-08
1.395175771663954789e+00 6.446307736621335900e-08
1.396461625274806995e+00 6.301215547932259265e-08
1.397748663983294115e+00 6.159350510515906749e-08
1.399036888881654450e+00 6.020646909833067564e-08
1.400326301063129719e+00 5.885040102001559336e-08
1.401616901621971500e+00 5.752466506942770703e-08
1.402908691653440121e+00 5.622863601113670636e-08
1.404201672253802657e+00 5.496169909846435023e-08
1.405495844520339821e+00 5.372324999317381209e-08
1.406791209551340627e+00 5.251269468168794384e-08
1.408087768446108390e+00 5.132944938802919130e-08
1.409385522304960059e+00 5.017294048369875621e-08
1.410684472229223774e+00 4.904260439469386544e-08
1.411984619321245304e+00 4.793788750584419420e-08
1.413285964684386498e+00 4.685824606266928186e-08
1.414588509423023721e+00 4.580314607093285856e-08
1.415892254642554082e+00 4.477206319405906885e-08
1.417197201449390542e+00 4.376448264859956651e-08
1.418503350950968134e+00 4.277989909789399404e-08
1.419810704255742628e+00 4.181781654409784587e-08
1.421119262473188760e+00 4.087774821872297472e-08
1.422429026713807110e+00 3.995921647183360533e-08
1.423739998089118775e+00 3.906175266005186312e-08
1.425052177711671142e+00 3.818489703349353998e-08
1.426365566695037668e+00 3.732819862177754356e-08
1.427680166153814989e+00 3.649121511923188280e-08
1.428995977203630918e+00 3.567351276940973190e-08
1.430313000961137782e+00 3.487466624904543350e-08
1.431631238544019524e+00 3.409425855154877622e-08
1.432950691070990379e+00 3.333188087015393421e-08
1.434271359661793088e+00 3.258713248082141065e-08
1.435593245437205567e+00 3.185962062498908353e-08
1.436916349519035796e+00 3.114896039227233692e-08
1.438240673030127814e+00 3.045477460319498977e-08
1.439566217094360168e+00 2.977669369204256141e-08
1.440892982836645686e+00 2.911435558991795480e-08
1.442220971382936368e+00 2.846740560807253136e-08
1.443550183860219160e+00 2.783549632159515312e-08
1.444880621396521736e+00 2.721828745351846145e-08
1.446212285120911822e+00 2.661544575941894623e-08
1.447545176163495206e+00 2.602664491256880065e-08
1.448879295655422395e+00 2.545156538969725269e-08
1.450214644728883062e+00 2.488989435742497677e-08
1.451551224517113159e+00 2.434132555941553860e-08
1.452889036154392244e+00 2.380555920430306303e-08
1.454228080776044152e+00 2.328230185443762288e-08
1.455568359518440991e+00 2.277126631549310585e-08
1.456909873518999810e+00 2.227217152698335877e-08
1.458252623916188151e+00 2.178474245371955756e-08
1.459596611849522718e+00 2.130870997824963582e-08
1.460941838459568265e+00 2.084381079431280620e-08
1.462288304887943591e+00 2.038978730133715662e-08
1.463636012277316656e+00 1.994638750001505619e-08
1.464984961771411021e+00 1.951336488897701724e-08
1.466335154515004291e+00 1.909047836259407331e-08
1.467686591653926786e+00 1.867749210992838299e-08
1.469039274335067757e+00 1.827417551485069787e-08
1.470393203706370722e+00 1.788030305734981088e-08
1.471748380916839460e+00 1.749565421604150592e-08
1.473104807116536685e+00 1.712001337190133774e-08
1.474462483456582484e+00 1.675316971322782306e-08
1.475821411089161206e+00 1.639491714184983058e-08
1.477181591167516128e+00 1.604505418058943581e-08
1.478543024845955456e+00 1.570338388198670950e-08
1.479905713279851431e+00 1.536971373829474108e-08
1.481269657625638558e+00 1.504385559275112103e-08
1.482634859040820707e+00 1.472562555212766692e-08
1.484001318683965343e+00 1.441484390056589931e-08
1.485369037714709517e+00 1.411133501469541185e-08
1.486738017293759428e+00 1.381492728003957755e-08
1.488108258582889087e+00 1.352545300870755245e-08
1.489479762744944757e+00 1.324274835836888724e-08
1.490852530943845178e+00 1.296665325251217140e-08
1.492226564344579121e+00 1.269701130198296015e-08
1.493601864113212274e+00 1.243366972779424925e-08
1.494978431416881692e+00 1.217647928521065740e-08
1.496356267423802455e+00 1.192529418909370342e-08
1.497735373303267004e+00 1.167997204050711272e-08
1.499115750225642030e+00 1.144037375457311043e-08
1.500497399362376916e+00 1.120636348957024968e-08
1.501880321885997072e+00 1.097780857726794945e-08
1.503264518970111041e+00 1.075457945448507267e-08
1.504649991789408947e+00 1.053654959586587770e-08
1.506036741519661382e+00 1.032359544786207188e-08
1.507424769337725845e+00 1.011559636390979036e-08
1.508814076421540751e+00 9.912434540792935566e-09
1.510204663950132975e+00 9.713994956177854033e-09
1.511596533103616080e+00 9.520165307311705826e-09
1.512989685063188539e+00 9.330835950869807670e-09
1.514384121011140838e+00 9.145899843939466005e-09
1.515779842130850152e+00 8.965252486130109083e-09
1.517176849606786337e+00 8.788791862793303541e-09
1.518575144624511264e+00 8.616418389342719362e-09
1.519974728370676598e+00 8.448034856658460785e-09
1.521375602033031127e+00 8.283546377562872389e-09
1.522777766800415433e+00 8.122860334354456414e-09
1.524181223862767665e+00 7.965886327385364462e-09
1.525585974411122869e+00 7.812535371826282281e-09
1.526992019637611442e+00 7.662715184244091068e-09
1.528399360735465784e+00 7.516333610281690970e-09
1.529807998899014754e+00 7.373301136038858980e-09
1.531217935323690105e+00 7.233530817486997458e-09
1.532629171206025598e+00 7.096938200437848148e-09
1.534041707743655669e+00 6.963441243183767966e-09
1.535455546135320981e+00 6.832960241715466485e-09
1.536870687580864425e+00 6.705417757426548616e-09
1.538287133281237118e+00 6.580738547215637801e-09
1.539704884438496624e+00 6.458849495902510512e-09
1.541123942255806067e+00 6.339679550876760611e-09
1.542544307937441239e+00 6.223159658899318714e-09
1.543965982688783933e+00 6.109222704983624385e-09
1.545388967716329276e+00 5.997803453281085904e-09
1.546813264227685059e+00 5.888838489902812688e-09
1.548238873431568852e+00 5.782266167609599640e-09
1.549665796537815998e+00 5.678026552304288429e-09
1.551094034757373619e+00 5.576061371265772430e-09
1.552523589302306606e+00 5.476313963062246145e-09
1.553954461385797847e+00 5.378729229087467353e-09
1.555386652222145560e+00 5.283253586663185666e-09
1.556820163026770398e+00 5.189834923653512477e-09
1.558254995016209676e+00 5.098422554540423587e-09
1.559691149408124922e+00 5.008967177909034001e-09
1.561128627421299209e+00 4.921420835295366600e-09
1.562567430275636937e+00 4.835736871349945945e-09
1.564007559192170271e+00 4.751869895271485742e-09
1.565449015393052701e+00 4.669775743469370463e-09
1.566891800101567256e+00 4.589411443410846561e-09
1.568335914542124288e+00 4.510735178615024318e-09
1.569781359940259913e+00 4.433706254753690378e-09
1.571228137522642232e+00 4.358285066821641640e-09
1.572676248517069997e+00 4.284433067341173594e-09
1.574125694152471056e+00 4.212112735565652292e-09
1.575576475658909459e+00 4.141287547648271256e-09
1.577028594267579242e+00 4.071921947744740799e-09
1.578482051210811754e+00 4.003981320017519839e-09
1.579936847722074322e+00 3.937431961512600835e-09
1.581392985035968035e+00 3.872241055879276142e-09
1.582850464388235956e+00 3.808376647904900610e-09
1.584309287015756240e+00 3.745807618838298923e-09
1.585769454156549463e+00 3.684503662474583194e-09
1.587230967049777508e+00 3.624435261977640703e-09
1.588693826935741349e+00 3.565573667415217475e-09
1.590158035055889041e+00 3.507890873982935364e-09
1.591623592652809061e+00 3.451359600895892271e-09
1.593090500970237855e+00 3.395953270924319256e-09
1.594558761253057622e+00 3.341645990553826845e-09
1.596028374747296086e+00 3.288412530749033676e-09
1.597499342700132274e+00 3.236228308301053967e-09
1.598971666359891408e+00 3.185069367740304207e-09
1.600445346976052008e+00 3.134912363795633685e-09
1.601920385799243451e+00 3.085734544383045411e-09
1.603396784081246196e+00 3.037513734106105182e-09
1.604874543074996884e+00 2.990228318251971204e-09
1.606353664034583906e+00 2.943857227267197990e-09
1.607834148215254499e+00 2.898379921697564175e-09
1.609315996873411647e+00 2.853776377577626440e-09
1.610799211266614961e+00 2.810027072255113595e-09
1.612283792653585790e+00 2.767112970636756364e-09
1.613769742294202114e+00 2.725015511841746813e-09
1.615257061449506093e+00 2.683716596250235668e-09
1.616745751381701401e+00 2.643198572934228599e-09
1.618235813354153452e+00 2.603444227458773236e-09
1.619727248631394501e+00 2.564436770041716136e-09
1.621220058479119208e+00 2.526159824061025346e-09
1.622714244164191522e+00 2.488597414898313066e-09
1.624209806954642676e+00 2.451733959108402730e-09
1.625706748119670308e+00 2.415554253904690477e-09
1.627205068929644671e+00 2.380043466950211068e-09
1.628704770656104195e+00 2.345187126445074354e-09
1.630205854571761037e+00 2.310971111501074850e-09
1.631708321950500862e+00 2.277381642794480925e-09
1.633212174067380618e+00 2.244405273488461279e-09
1.634717412198635866e+00 2.212028880416716879e-09
1.636224037621675231e+00 2.180239655520375316e-09
1.637732051615086393e+00 2.149025097530242654e-09
1.639241455458636310e+00 2.118373003887038870e-09
1.640752250433268777e+00 2.088271462892150320e-09
1.642264437821110867e+00 2.058708846081872358e-09
1.643778018905468929e+00 2.029673800818530841e-09
1.645292994970833700e+00 2.001155243091466809e-09
1.646809367302880078e+00 1.973142350521957167e-09
1.648327137188465796e+00 1.945624555565613977e-09
1.649846305915637190e+00 1.918591538906204108e-09
1.651366874773625204e+00 1.892033223035468301e-09
1.652888845052850497e+00 1.865939766012885925e-09
1.654412218044924110e+00 1.840301555400224456e-09
1.655936995042644355e+00 1.815109202365765197e-09
1.657463177340003480e+00 1.790353535952633156e-09
1.658990766232186775e+00 1.766025597506812694e-09
1.660519763015570138e+00 1.742116635259859803e-09
1.662050168987728282e+00 1.718618099061617383e-09
1.663581985447427858e+00 1.695521635258744678e-09
1.665115213694635443e+00 1.672819081714383783e-09
1.666649855030515548e+00 1.650502462965068441e-09
1.668185910757429502e+00 1.628563985510782040e-09
1.669723382178941895e+00 1.606996033233902960e-09
1.671262270599816135e+00 1.585791162943834221e-09
1.672802577326019779e+00 1.564942100043007418e-09
1.674344303664724753e+00 1.544441734311155076e-09
1.675887450924304689e+00 1.524283115804173363e-09
1.677432020414342917e+00 1.504459450864197590e-09
1.678978013445626027e+00 1.484964098237857423e-09
1.680525431330151198e+00 1.465790565299282937e-09
1.682074275381125084e+00 1.446932504375048895e-09
1.683624546912961817e+00 1.428383709168039697e-09
1.685176247241290559e+00 1.410138111277207511e-09
1.686729377682949282e+00 1.392189776810784241e-09
1.688283939555992763e+00 1.374532903089894407e-09
1.689839934179689918e+00 1.357161815440233602e-09
1.691397362874523358e+00 1.340070964069222422e-09
1.692956226962195831e+00 1.323254921026017205e-09
1.694516527765625336e+00 1.306708377242307792e-09
1.696078266608951335e+00 1.290426139651293151e-09
1.697641444817533429e+00 1.274403128382874050e-09
1.699206063717950466e+00 1.258634374032700962e-09
1.700772124638007643e+00 1.243115015003016694e-09
1.702339628906729851e+00 1.227840294913452446e-09
1.703908577854369888e+00 1.212805560079445263e-09
1.705478972812406457e+00 1.198006257056732943e-09
1.707050815113542841e+00 1.183437930249833651e-09
1.708624106091713779e+00 1.169096219582770657e-09
1.710198847082080587e+00 1.154976858230354767e-09
1.711775039421036926e+00 1.141075670408273291e-09
1.713352684446208807e+00 1.127388569220316316e-09
1.714931783496452145e+00 1.113911554561253407e-09
1.716512337911860309e+00 1.100640711073691080e-09
1.718094349033758128e+00 1.087572206157501747e-09
1.719677818204709663e+00 1.074702288030311204e-09
1.721262746768515983e+00 1.062027283837651495e-09
1.722849136070214282e+00 1.049543597811470751e-09
1.724436987456084536e+00 1.037247709475499089e-09
1.726026302273644397e+00 1.025136171896429363e-09
1.727617081871655857e+00 1.013205609979364062e-09
1.729209327600124135e+00 1.001452718806613718e-09
1.730803040810295901e+00 9.898742620184250935e-10
1.732398222854666825e+00 9.784670702346310317e-10
1.733994875086975362e+00 9.672280395160521246e-10
1.735592998862210745e+00 9.561541298645746570e-10
1.737192595536610318e+00 9.452423637608720937e-10
1.738793666467659094e+00 9.344898247387766646e-10
1.740396213014096416e+00 9.238936559951972783e-10
1.742000236535912849e+00 9.134510590347859503e-10
1.743605738394350402e+00 9.031592923482985018e-10
1.745212719951909186e+00 8.930156701237672389e-10
1.746821182572341202e+00 8.830175609896876934e-10
1.748431127620658332e+00 8.731623867891936162e-10
1.750042556463130117e+00 8.634476213845930162e-10
1.751655470467283093e+00 8.538707894913089174e-10
1.753269871001907232e+00 8.444294655404906109e-10
1.754885759437051052e+00 8.351212725695520748e-10
1.756503137144028059e+00 8.259438811398825530e-10
1.758122005495415863e+00 8.168950082809735617e-10
1.759742365865053948e+00 8.079724164603631321e-10
1.761364219628051897e+00 7.991739125785805536e-10
1.762987568160783391e+00 7.904973469885793861e-10
1.764612412840892652e+00 7.819406125388600966e-10
1.766238755047294218e+00 7.735016436398458813e-10
1.767866596160170278e+00 7.651784153527134423e-10
1.769495937560978893e+00 7.569689425002326620e-10
1.771126780632447995e+00 7.488712787989703891e-10
1.772759126758582049e+00 7.408835160123392782e-10
1.774392977324661391e+00 7.330037831239067653e-10
1.776028333717240670e+00 7.252302455305226695e-10
1.777665197324155288e+00 7.175611042546155685e-10
1.779303569534516960e+00 7.099945951753301771e-10
1.780943451738719707e+00 7.025289882778743827e-10
1.782584845328439638e+00 6.951625869206924374e-10
1.784227751696632058e+00 6.878937271200149388e-10
1.785872172237540134e+00 6.807207768512241533e-10
1.787518108346688450e+00 6.736421353667964513e-10
1.789165561420890338e+00 6.666562325302002298e-10
1.790814532858246544e+00 6.597615281654863816e-10
1.792465024058143452e+00 6.529565114221262887e-10
1.794117036421261302e+00 6.462397001546524183e-10
1.795770571349566858e+00 6.396096403168507849e-10
1.797425630246322736e+00 6.330649053699946991e-10
1.799082214516083855e+00 6.266040957048869529e-10
1.800740325564697208e+00 6.202258380773163924e-10
1.802399964799309862e+00 6.139287850565187015e-10
1.804061133628360958e+00 6.077116144864880555e-10
1.805723833461591266e+00 6.015730289596170753e-10
1.807388065710040514e+00 5.955117553025082272e-10
1.809053831786046285e+00 5.895265440735994296e-10
1.810721133103251335e+00 5.836161690722712372e-10
1.812389971076597606e+00 5.777794268592280828e-10
1.814060347122334216e+00 5.720151362877967526e-10
1.815732262658015461e+00 5.663221380459416068e-10
1.817405719102498818e+00 5.606992942086788044e-10
1.819080717875953601e+00 5.551454878006457210e-10
1.820757260399854527e+00 5.496596223686018074e-10
1.822435348096988816e+00 5.442406215635848174e-10
1.824114982391454864e+00 5.388874287324831421e-10
1.825796164708661129e+00 5.335990065188415485e-10
1.827478896475333459e+00 5.283743364725998483e-10
1.829163179119508653e+00 5.232124186686242888e-10
1.830849014070542902e+00 5.181122713337508406e-10
1.832536402759109118e+00 5.130729304821810437e-10
1.834225346617196717e+00 5.080934495589932201e-10
1.835915847078117169e+00 5.031728990916020640e-10
1.837607905576502887e+00 4.983103663489495800e-10
1.839301523548306116e+00 4.935049550082591393e-10
1.840996702430806042e+00 4.887557848291538228e-10
1.842693443662602792e+00 4.840619913349822978e-10
1.844391748683625210e+00 4.794227255011430572e-10
1.846091618935129075e+00 4.748371534502990727e-10
1.847793055859695999e+00 4.703044561542502181e-10
1.849496060901240524e+00 4.658238291423397992e-10
1.851200635505004577e+00 4.613944822162662531e-10
1.852906781117564572e+00 4.570156391710579120e-10
1.854614499186830301e+00 4.526865375221935119e-10
1.856323791162043157e+00 4.484064282386000266e-10
1.858034658493784130e+00 4.441745754814401455e-10
1.859747102633967142e+00 4.399902563486035237e-10
1.861461125035847042e+00 4.358527606246502375e-10
1.863176727154018497e+00 4.317613905361921262e-10
1.864893910444413327e+00 4.277154605125153564e-10
1.866612676364309609e+00 4.237142969513372444e-10
1.868333026372324346e+00 4.197572379896034529e-10
1.870054961928421688e+00 4.158436332791565049e-10
1.871778484493911376e+00 4.119728437671998786e-10
1.873503595531447630e+00 4.081442414814663282e-10
1.875230296505035366e+00 4.043572093198909293e-10
1.876958588880026424e+00 4.006111408448064216e-10
1.878688474123124674e+00 3.969054400814406685e-10
1.880419953702386904e+00 3.932395213207054767e-10
1.882153029087219043e+00 3.896128089261286083e-10
1.883887701748385934e+00 3.860247371448345330e-10
1.885623973158003785e+00 3.824747499225097596e-10
1.887361844789548382e+00 3.789623007222324461e-10
1.889101318117853534e+00 3.754868523470807255e-10
1.890842394619109745e+00 3.720478767664657227e-10
1.892585075770871095e+00 3.686448549460409382e-10
1.894329363052050796e+00 3.652772766811731100e-10
1.896075257942926973e+00 3.619446404338475807e-10
1.897822761925142210e+00 3.586464531729499579e-10
1.899571876481702226e+00 3.553822302178491033e-10
1.901322603096983199e+00 3.521514950851786235e-10
1.903074943256724882e+00 3.489537793387938546e-10
1.904828898448040375e+00 3.457886224427733368e-10
1.906584470159412348e+00 3.426555716174498907e-10
1.908341659880692820e+00 3.395541816983773560e-10
1.910100469103111154e+00 3.364840149981402995e-10
1.911860899319266505e+00 3.334446411710113955e-10
1.913622952023136925e+00 3.304356370803193732e-10
1.915386628710077810e+00 3.274565866685124361e-10
1.917151930876819010e+00 3.245070808298476693e-10
1.918918860021474382e+00 3.215867172851464854e-10
1.920687417643534012e+00 3.186950870963410114e-10
1.922457605243873546e+00 3.158317405324738213e-10
1.924229424324751525e+00 3.129962258075489188e-10
1.926002876389808272e+00 3.101881000065662686e-10
1.927777962944073442e+00 3.074069289120004480e-10
1.929554685493960475e+00 3.046522868343013620e-10
1.931333045547273475e+00 3.019237564462814143e-10
1.933113044613206988e+00 2.992209286213193409e-10
1.934894684202342896e+00 2.965434022752629381e-10
1.936677965826658632e+00 2.938907842119135846e-10
1.938462890999524735e+00 2.912626889720289706e-10
1.940249461235703743e+00 2.886587386857557305e-10
1.942037678051358629e+00 2.860785629283431918e-10
1.943827542964045252e+00 2.835217985791447005e-10
1.945619057492721238e+00 2.809880896837122930e-10
1.947412223157743982e+00 2.784770873189993431e-10
1.949207041480869762e+00 2.759884494615323226e-10
1.951003513985260396e+00 2.735218408584830189e-10
1.952801642195478360e+00 2.710769329015779821e-10
1.954601427637493893e+00 2.686534035037499727e-10
1.956402871838683444e+00 2.662509369784876717e-10
1.958205976327828557e+00 2.638692239217796366e-10
1.960010742635123426e+00 2.615079610966030788e-10
1.961817172292168676e+00 2.591668513198830664e-10
1.963625266831979799e+00 2.568456033518659066e-10
1.965435027788984268e+00 2.545439317878207304e-10
1.967246456699021984e+00 2.522615569520478266e-10
1.969059555099351488e+00 2.499982047940712479e-10
1.970874324528644417e+00 2.477536067870264463e-10
1.972690766526993267e+00 2.455274998281257325e-10
1.974508882635910512e+00 2.433196261411841403e-10
1.976328674398325935e+00 2.411297331811357969e-10
1.978150143358595070e+00 2.389575735404844483e-10
1.979973291062493423e+00 2.368029048576448168e-10
1.981798119057223806e+00 2.346654897271207124e-10
1.983624628891414998e+00 2.325450956114616345e-10
1.985452822115120197e+00 2.304414947549800794e-10
1.987282700279825232e+00 2.283544640991275509e-10
1.989114264938441234e+00 2.262837851995575298e-10
1.990947517645314635e+00 2.242292441447453504e-10
1.992782459956223606e+00 2.221906314762111806e-10
1.994619093428377399e+00 2.201677421102284626e-10
1.996457419620424334e+00 2.181603752610206577e-10
1.998297440092445809e+00 2.161683343653951929e-10
2.000139156405963181e+00 2.141914270087634250e-10
2.001982570123937766e+00 2.122294648525291498e-10
2.003827682810768174e+00 2.102822635628030041e-10
2.005674496032298304e+00 2.083496427403795845e-10
2.007523011355811793e+00 2.064314258519951199e-10
2.009373230350039563e+00 2.045274401627757149e-10
2.011225154585158492e+00 2.026375166698826273e-10
2.013078785632789192e+00 2.007614900373053357e-10
2.014934125066004889e+00 1.988991985317687685e-10
2.016791174459325209e+00 1.970504839597379164e-10
2.018649935388723282e+00 1.952151916054646415e-10
2.020510409431624854e+00 1.933931701700829889e-10
2.022372598166906510e+00 1.915842717116906531e-10
2.024236503174904112e+00 1.897883515864031829e-10
2.026102126037405693e+00 1.880052683903717738e-10
2.027969468337660341e+00 1.862348839026913400e-10
2.029838531660376866e+00 1.844770630292315903e-10
2.031709317591720687e+00 1.827316737473246495e-10
2.033581827719323609e+00 1.809985870512919838e-10
2.035456063632276713e+00 1.792776768988102172e-10
2.037332026921138350e+00 1.775688201580622511e-10
2.039209719177933255e+00 1.758718965556711312e-10
2.041089141996149880e+00 1.741867886253955911e-10
2.042970296970748389e+00 1.725133816575449853e-10
2.044853185698159770e+00 1.708515636491270009e-10
2.046737809776282280e+00 1.692012252546845137e-10
2.048624170804491218e+00 1.675622597377977563e-10
2.050512270383631819e+00 1.659345629232654465e-10
2.052402110116028577e+00 1.643180331499028367e-10
2.054293691605482142e+00 1.627125712239819409e-10
2.056187016457267092e+00 1.611180803732654179e-10
2.058082086278143930e+00 1.595344662016324316e-10
2.059978902676347978e+00 1.579616366442821426e-10
2.061877467261600927e+00 1.563995019234862918e-10
2.063777781645107279e+00 1.548479745048963833e-10
2.065679847439554351e+00 1.533069690543731020e-10
2.067583666259118935e+00 1.517764023953318151e-10
2.069489239719461970e+00 1.502561934665917742e-10
2.071396569437736535e+00 1.487462632807128637e-10
2.073305657032586069e+00 1.472465348828070981e-10
2.075216504124142602e+00 1.457569333098235772e-10
2.077129112334035188e+00 1.442773855502741487e-10
2.079043483285383687e+00 1.428078205044139145e-10
2.080959618602807648e+00 1.413481689448360275e-10
2.082877519912423203e+00 1.398983634775091062e-10
2.084797188841841287e+00 1.384583385032111020e-10
2.086718627020178740e+00 1.370280301793646074e-10
2.088641836078048541e+00 1.356073763822763710e-10
2.090566817647570463e+00 1.341963166697485275e-10
2.092493573362367076e+00 1.327947922440715965e-10
2.094422104857565081e+00 1.314027459153879296e-10
2.096352413769801970e+00 1.300201220654064505e-10
2.098284501737218033e+00 1.286468666114842496e-10
2.100218370399468792e+00 1.272829269710380434e-10
2.102154021397719230e+00 1.259282520263115270e-10
2.104091456374644231e+00 1.245827920894662852e-10
2.106030676974436577e+00 1.232464988680003428e-10
2.107971684842801174e+00 1.219193254305017768e-10
2.109914481626961713e+00 1.206012261726997239e-10
2.111859068975660669e+00 1.192921567838475022e-10
2.113805448539156639e+00 1.179920742134009331e-10
2.115753621969233667e+00 1.167009366380029773e-10
2.117703590919193690e+00 1.154187034287770142e-10
2.119655357043865429e+00 1.141453351189028864e-10
2.121608921999603048e+00 1.128807933714948145e-10
2.123564287444283494e+00 1.116250409477701166e-10
2.125521455037317597e+00 1.103780416754965982e-10
2.127480426439639416e+00 1.091397604177360202e-10
2.129441203313717335e+00 1.079101630418619718e-10
2.131403787323553178e+00 1.066892163888584155e-10
2.133368180134678216e+00 1.054768882429040238e-10
2.135334383414162929e+00 1.042731473012255811e-10
2.137302398830609906e+00 1.030779631442340888e-10
2.139272228054163616e+00 1.018913062059279715e-10
2.141243872756506850e+00 1.007131477445806260e-10
2.143217334610860725e+00 9.954345981369321239e-11
2.145192615291991789e+00 9.838221523322550550e-11
2.147169716476206691e+00 9.722938756109887698e-11
2.149148639841360175e+00 9.608495106497073422e-11
2.151129387066852416e+00 9.494888069428310520e-11
2.153111959833629907e+00 9.382115205259144368e-11
2.155096359824189456e+00 9.270174137015647780e-11
2.157082588722580851e+00 9.159062547681979460e-11
2.159070648214400645e+00 9.048778177515527629e-11
2.161060539986804141e+00 8.939318821389382929e-11
2.163052265728497847e+00 8.830682326163253413e-11
2.165045827129747025e+00 8.722866588081757920e-11
2.167041225882375244e+00 8.615869550201547992e-11
2.169038463679761275e+00 8.509689199846595282e-11
2.171037542216849747e+00 8.404323566091360125e-11
2.173038463190143599e+00 8.299770717274011323e-11
2.175041228297710738e+00 8.196028758537408176e-11
2.177045839239185820e+00 8.093095829399877814e-11
2.179052297715766251e+00 7.990970101355343234e-11
2.181060605430221067e+00 7.889649775502968749e-11
2.183070764086885163e+00 7.789133080206710610e-11
2.185082775391666843e+00 7.689418268785373781e-11
2.187096641052046486e+00 7.590503617232421377e-11
2.189112362777076104e+00 7.492387421967549123e-11
2.191129942277385556e+00 7.395067997618043487e-11
2.193149381265178111e+00 7.298543674832649305e-11
2.195170681454237993e+00 7.202812798125878941e-11
2.197193844559929055e+00 7.107873723755108823e-11
2.199218872299192551e+00 7.013724817629693035e-11
2.201245766390556469e+00 6.920364453251870376e-11
2.203274528554128864e+00 6.827791009691669828e-11
2.205305160511605855e+00 6.736002869593926148e-11
2.207337663986269849e+00 6.644998417219313257e-11
2.209372040702989981e+00 6.554776036518897837e-11
2.211408292388227892e+00 6.465334109242788273e-11
2.213446420770031953e+00 6.376671013083474775e-11
2.215486427578047923e+00 6.288785119853260981e-11
2.217528314543514067e+00 6.201674793697330233e-11
2.219572083399262041e+00 6.115338389341859755e-11
2.221617735879724442e+00 6.029774250377654492e-11
2.223665273720928148e+00 5.944980707580092877e-11
2.225714698660502755e+00 5.860956077264905028e-11
2.227766012437681020e+00 5.777698659680676479e-11
2.229819216793293091e+00 5.695206737438304260e-11
2.231874313469779381e+00 5.613478573977243773e-11
2.233931304211181690e+00 5.532512412069506128e-11
2.235990190763152086e+00 5.452306472360938703e-11
2.238050974872951571e+00 5.372858951950643900e-11
2.240113658289448750e+00 5.294168023008720275e-11
2.242178242763127827e+00 5.216231831431908574e-11
2.244244730046081937e+00 5.139048495538418341e-11
2.246313121892022924e+00 5.062616104801420697e-11
2.248383420056277782e+00 4.986932718621348162e-11
2.250455626295789546e+00 4.911996365138208061e-11
2.252529742369123955e+00 4.837805040082448345e-11
2.254605770036462786e+00 4.764356705666408915e-11
2.256683711059614517e+00 4.691649289514815213e-11
2.258763567202010325e+00 4.619680683635733876e-11
2.260845340228703648e+00 4.548448743431678315e-11
2.262929031906378619e+00 4.477951286750540452e-11
2.265014644003346067e+00 4.408186092977418142e-11
2.267102178289545300e+00 4.339150902166531769e-11
2.269191636536549872e+00 4.270843414213858812e-11
2.271283020517562257e+00 4.203261288070328694e-11
2.273376332007421841e+00 4.136402140995786000e-11
2.275471572782604479e+00 4.070263547853415112e-11
2.277568744621219832e+00 4.004843040445262141e-11
2.279667849303020688e+00 3.940138106888116173e-11
2.281768888609395862e+00 3.876146191030357921e-11
2.283871864323378631e+00 3.812864691909297576e-11
2.285976778229646733e+00 3.750290963249295254e-11
2.288083632114518373e+00 3.688422313000481784e-11
2.290192427765962879e+00 3.627256002917612623e-11
2.292303166973593598e+00 3.566789248179785793e-11
2.294415851528675443e+00 3.507019217049999537e-11
2.296530483224125341e+00 3.447943030575033102e-11
2.298647063854508676e+00 3.389557762325237042e-11
2.300765595216049064e+00 3.331860438174033365e-11
2.302886079106622130e+00 3.274848036117039565e-11
2.305008517325762618e+00 3.218517486130508939e-11
2.307132911674664832e+00 3.162865670068817708e-11
2.309259263956179087e+00 3.107889421601129473e-11
2.311387575974821917e+00 3.053585526186033735e-11
2.313517849536768534e+00 2.999950721085189845e-11
2.315650086449862144e+00 2.946981695414287795e-11
2.317784288523612624e+00 2.894675090232085164e-11
2.319920457569193406e+00 2.843027498666645866e-11
2.322058595399451697e+00 2.792035466078186806e-11
2.324198703828902257e+00 2.741695490258936352e-11
2.326340784673733619e+00 2.692004021668712464e-11
2.328484839751809865e+00 2.642957463706247951e-11
2.330630870882666184e+00 2.594552173016037966e-11
2.332778879887519974e+00 2.546784459829482218e-11
2.334928868589261519e+00 2.499650588340782334e-11
2.337080838812465533e+00 2.453146777116151341e-11
2.339234792383388051e+00 2.407269199536771146e-11
2.341390731129964653e+00 2.362013984274102471e-11
2.343548656881820680e+00 2.317377215797449341e-11
2.345708571470262349e+00 2.273354934913314443e-11
2.347870476728287858e+00 2.229943139335431265e-11
2.350034374490584277e+00 2.187137784285495283e-11
2.352200266593526656e+00 2.144934783123544421e-11
2.354368154875186914e+00 2.103330008007448173e-11
2.356538041175326281e+00 2.062319290581064689e-11
2.358709927335404632e+00 2.021898422689948776e-11
2.360883815198580038e+00 1.982063157124484501e-11
2.363059706609705657e+00 1.942809208389413257e-11
2.365237603415338175e+00 1.904132253498942055e-11
2.367417507463733362e+00 1.866027932797114768e-11
2.369599420604852735e+00 1.828491850802287277e-11
2.371783344690363116e+00 1.791519577075323638e-11
2.373969281573634849e+00 1.755106647110532292e-11
2.376157233109750244e+00 1.719248563248481514e-11
2.378347201155497803e+00 1.683940795610377792e-11
2.380539187569378878e+00 1.649178783052685887e-11
2.382733194211610339e+00 1.614957934141412855e-11
2.384929222944117910e+00 1.581273628145511252e-11
2.387127275630547718e+00 1.548121216048006297e-11
2.389327354136263182e+00 1.515496021574648923e-11
2.391529460328343681e+00 1.483393342238849422e-11
2.393733596075594328e+00 1.451808450402168392e-11
2.395939763248537080e+00 1.420736594349735383e-11
2.398147963719421849e+00 1.390172999379324419e-11
2.400358199362224276e+00 1.360112868903667487e-11
2.402570472052643513e+00 1.330551385565031135e-11
2.404784783668111547e+00 1.301483712360891027e-11
2.407001136087786985e+00 1.272904993780460172e-11
2.409219531192563490e+00 1.244810356950561382e-11
2.411439970865067561e+00 1.217194912790475615e-11
2.413662456989658089e+00 1.190053757174754998e-11
2.415886991452435240e+00 1.163381972319806786e-11
2.418113576141232901e+00 1.137175067762675755e-11
2.420342212945627125e+00 1.111429837064316043e-11
2.422572903756937901e+00 1.086143156353786346e-11
2.424805650468222495e+00 1.061311717039746034e-11
2.427040454974288775e+00 1.036932035081391734e-11
2.429277319171685878e+00 1.013000460101992105e-11
2.431516244958714434e+00 9.895131843387101687e-12
2.433757234235425226e+00 9.664662514237226279e-12
2.436000288903615640e+00 9.438555649917406374e-12
2.438245410866841656e+00 9.216768971094437586e-12
2.440492602030408076e+00 8.999258965231950950e-12
2.442741864301379184e+00 8.785980967214098111e-12
2.444993199588577415e+00 8.576889238087239047e-12
2.447246609802581130e+00 8.371937041893765184e-12
2.449502096855733502e+00 8.171076720576331467e-12
2.451759662662136297e+00 7.974259766935133080e-12
2.454019309137657867e+00 7.781436895624192182e-12
2.456281038199933597e+00 7.592558112177394142e-12
2.458544851768361905e+00 7.407572780056999872e-12
2.460810751764114901e+00 7.226429685720604203e-12
2.463078740110130838e+00 7.049077101708693048e-12
2.465348818731123881e+00 6.875462847752939125e-12
2.467620989553582334e+00 6.705534349913026574e-12
2.469895254505765081e+00 6.539238697750869227e-12
2.472171615517714915e+00 6.376522699550378788e-12
2.474450074521246989e+00 6.217332935601068169e-12
2.476730633449961694e+00 6.061615809556708598e-12
2.479013294239240661e+00 5.909317597890396143e-12
2.481298058826246322e+00 5.760384497465497106e-12
2.483584929149930787e+00 5.614762671242571778e-12
2.485873907151028739e+00 5.472398292149448339e-12
2.488164994772066319e+00 5.333237585136250038e-12
2.490458193957361566e+00 5.197226867445607329e-12
2.492753506653019535e+00 5.064312587124400362e-12
2.495050934806943843e+00 4.934441359807074443e-12
2.497350480368829118e+00 4.807560003802029223e-12
2.499652145290169880e+00 4.683615573512168710e-12
2.501955931524260102e+00 4.562555391222831018e-12
2.504261841026189206e+00 4.444327077291261049e-12
2.506569875752854504e+00 4.328878578770573589e-12
2.508880037662951423e+00 4.216158196505427526e-12
2.511192328716984168e+00 4.106114610732893408e-12
2.513506750877264384e+00 3.998696905226357880e-12
2.515823306107907165e+00 3.893854590018285778e-12
2.518141996374843927e+00 3.791537622738069425e-12
2.520462823645815753e+00 3.691696428603283635e-12
2.522785789890374275e+00 3.594281919100829598e-12
2.525110897079892336e+00 3.499245509394729541e-12
2.527438147187552886e+00 3.406539134499487196e-12
2.529767542188362306e+00 3.316115264254270650e-12
2.532099084059147298e+00 3.227926917136793028e-12
2.534432774778552222e+00 3.141927672953211845e-12
2.536768616327050641e+00 3.058071684440372691e-12
2.539106610686935550e+00 2.976313687818027495e-12
2.541446759842331371e+00 2.896609012326078358e-12
2.543789065779191283e+00 2.818913588783714237e-12
2.546133530485294560e+00 2.743183957205482557e-12
2.548480155950257231e+00 2.669377273508986068e-12
2.550828944165525414e+00 2.597451315349758737e-12
2.553179897124382869e+00 2.527364487116264545e-12
2.555533016821950998e+00 2.459075824119530530e-12
2.557888305255186179e+00 2.392544996010059055e-12
2.560245764422890868e+00 2.327732309454102820e-12
2.562605396325703833e+00 2.264598710102065127e-12
2.564967202966112136e+00 2.203105783878965454e-12
2.567331186348448036e+00 2.143215757628796186e-12
2.569697348478887200e+00 2.084891499142133403e-12
2.572065691365459372e+00 2.028096516595863783e-12
2.574436217018040818e+00 1.972794957434590847e-12
2.576808927448362319e+00 1.918951606720654798e-12
2.579183824670010505e+00 1.866531884980709165e-12
2.581560910698422528e+00 1.815501845575020281e-12
2.583940187550898937e+00 1.765828171615102532e-12
2.586321657246594352e+00 1.717478172455440596e-12
2.588705321806528126e+00 1.670419779783011279e-12
2.591091183253582120e+00 1.624621543328646879e-12
2.593479243612498930e+00 1.580052626223328452e-12
2.595869504909892100e+00 1.536682800021195364e-12
2.598261969174238128e+00 1.494482439411583803e-12
2.600656638435886681e+00 1.453422516640143693e-12
2.603053514727058815e+00 1.413474595659969587e-12
2.605452600081844761e+00 1.374610826031861778e-12
2.607853896536214133e+00 1.336803936592442080e-12
2.610257406128008828e+00 1.300027228908703123e-12
2.612663130896951902e+00 1.264254570536076411e-12
2.615071072884646686e+00 1.229460388097125362e-12
2.617481234134573675e+00 1.195619660196960463e-12
2.619893616692102967e+00 1.162707910190937444e-12
2.622308222604483596e+00 1.130701198819767054e-12
2.624725053920855533e+00 1.099576116726048406e-12
2.627144112692248346e+00 1.069309776866327354e-12
2.629565400971576317e+00 1.039879806831772015e-12
2.631988920813651767e+00 1.011264341089767115e-12
2.634414674275176615e+00 9.834420131589530064e-13
2.636842663414750376e+00 9.563919477287290916e-13
2.639272890292871043e+00 9.300937527345319503e-13
2.641705356971931540e+00 9.045275113991849327e-13
2.644140065516230820e+00 8.796737742501486427e-13
2.646577017991964986e+00 8.555135511224042068e-13
2.649016216467238394e+00 8.320283031555615265e-13
2.651457663012061872e+00 8.091999347940159403e-13
2.653901359698349172e+00 7.870107857980712914e-13
2.656347308599928070e+00 7.654436232734763443e-13
2.658795511792538591e+00 7.444816337268607819e-13
2.661245971353828565e+00 7.241084151536806513e-13
2.663698689363366068e+00 7.043079691648909484e-13
2.666153667902631419e+00 6.850646931586862177e-13
2.668610909055026514e+00 6.663633725425829470e-13
2.671070414905873491e+00 6.481891730113000010e-13
2.673532187542412952e+00 6.305276328852858727e-13
2.675996229053813735e+00 6.133646555144065027e-13
2.678462541531165364e+00 5.966865017511837196e-13
2.680931127067488262e+00 5.804797824973351921e-13
2.683401987757732421e+00 5.647314513274440251e-13
2.685875125698773846e+00 5.494287971930054310e-13
2.688350542989426994e+00 5.345594372099350370e-13
2.690828241730435444e+00 5.201113095324271934e-13
2.693308224024482556e+00 5.060726663156211990e-13
2.695790491976189251e+00 4.924320667695083141e-13
2.698275047692113571e+00 4.791783703061185340e-13
2.700761893280758219e+00 4.663007297817972867e-13
2.703251030852566128e+00 4.537885848363870667e-13
2.705742462519928004e+00 4.416316553306142494e-13
2.708236190397181442e+00 4.298199348830236893e-13
2.710732216600609146e+00 4.183436845075644971e-13
2.713230543248449145e+00 4.071934263526486242e-13
2.715731172460886800e+00 3.963599375425534581e-13
2.718234106360065461e+00 3.858342441215981260e-13
2.720739347070084246e+00 3.756076151016839015e-13
2.723246896716995824e+00 3.656715566134226762e-13
2.725756757428817512e+00 3.560178061609737046e-13
2.728268931335523284e+00 3.466383269807543736e-13
2.730783420569053987e+00 3.375253025037877048e-13
2.733300227263314230e+00 3.286711309216472114e-13
2.735819353554172384e+00 3.200684198555959695e-13
2.738340801579471240e+00 3.117099811285383729e-13
2.740864573479016908e+00 3.035888256393818360e-13
2.743390671394593028e+00 2.956981583390929916e-13
2.745919097469956771e+00 2.880313733079161498e-13
2.748449853850836178e+00 2.805820489329893386e-13
2.750982942684944366e+00 2.733439431854737981e-13
2.753518366121966210e+00 2.663109889964906121e-13
2.756056126313573440e+00 2.594772897307724932e-13
2.758596225413419756e+00 2.528371147571657747e-13
2.761138665577140827e+00 2.463848951149112246e-13
2.763683448962363176e+00 2.401152192745858955e-13
2.766230577728697959e+00 2.340228289926693095e-13
2.768780054037749405e+00 2.281026152584775558e-13
2.771331880053114816e+00 2.223496143323416852e-13
2.773886057940381011e+00 2.167590038737797357e-13
2.776442589867136768e+00 2.113260991583696161e-13
2.779001478002962156e+00 2.060463493821227182e-13
2.781562724519442309e+00 2.009153340519556773e-13
2.784126331590162096e+00 1.959287594610270815e-13
2.786692301390707005e+00 1.910824552475600750e-13
2.789260636098670698e+00 1.863723710357712711e-13
2.791831337893655007e+00 1.817945731576038361e-13
2.794404408957265051e+00 1.773452414538634744e-13
2.796979851473123446e+00 1.730206661533435514e-13
2.799557667626858759e+00 1.688172448286293126e-13
2.802137859606117942e+00 1.647314794271233612e-13
2.804720429600565890e+00 1.607599733759448159e-13
2.807305379801879219e+00 1.568994287593271847e-13
2.809892712403761816e+00 1.531466435670720569e-13
2.812482429601932399e+00 1.494985090127535243e-13
2.815074533594138728e+00 1.459520069202412627e-13
2.817669026580153613e+00 1.425042071772031048e-13
2.820265910761772243e+00 1.391522652542351858e-13
2.822865188342826404e+00 1.358934197882240470e-13
2.825466861529172036e+00 1.327249902286693565e-13
2.828070932528703008e+00 1.296443745455679964e-13
2.830677403551347560e+00 1.266490469975994109e-13
2.833286276809066973e+00 1.237365559592842254e-13
2.835897554515866226e+00 1.209045218058053421e-13
2.838511238887785559e+00 1.181506348542753526e-13
2.841127332142912021e+00 1.154726533601171817e-13
2.843745836501376800e+00 1.128684015673729151e-13
2.846366754185352566e+00 1.103357678116935043e-13
2.848990087419066342e+00 1.078727026747679192e-13
2.851615838428789296e+00 1.054772171890602204e-13
2.854244009442848284e+00 1.031473810916086175e-13
2.856874602691624521e+00 1.008813211257856672e-13
2.859507620407549577e+00 9.867721938984866435e-14
2.862143064825118710e+00 9.653331173114973167e-14
2.864780938180881975e+00 9.444788618494141482e-14
2.867421242713453111e+00 9.241928145664636826e-14
2.870063980663510872e+00 9.044588544656002032e-14
2.872709154273792809e+00 8.852613381592672102e-14
2.875356765789111257e+00 8.665850859335032260e-14
2.878006817456340460e+00 8.484153682055835483e-14
2.880659311524430333e+00 8.307378923650076354e-14
2.883314250244402910e+00 8.135387899883368878e-14
2.885971635869351015e+00 7.968046044183204442e-14
2.888631470654450251e+00 7.805222786978729529e-14
2.891293756856947894e+00 7.646791438499986484e-14
2.893958496736176222e+00 7.492629074944930212e-14
2.896625692553550735e+00 7.342616427928240043e-14
2.899295346572565713e+00 7.196637777125781873e-14
2.901967461058807540e+00 7.054580846030476565e-14
2.904642038279944938e+00 6.916336700738526384e-14
2.907319080505741837e+00 6.781799651684565072e-14
2.909998590008052499e+00 6.650867158249103475e-14
2.912680569060821956e+00 6.523439736160154583e-14
2.915365019940096225e+00 6.399420867614685628e-14
2.918051944924013430e+00 6.278716914047636310e-14
2.920741346292815344e+00 6.161237031475739892e-14
2.923433226328846057e+00 6.046893088347816669e-14
2.926127587316547540e+00 5.935599585833056569e-14
2.928824431542474294e+00 5.827273580480289473e-14
2.931523761295281805e+00 5.721834609185225260e-14
2.934225578865738981e+00 5.619204616400674045e-14
2.936929886546726820e+00 5.519307883529728196e-14
2.939636686633234408e+00 5.422070960441184022e-14
2.942345981422370915e+00 5.327422599048933459e-14
2.945057773213362040e+00 5.235293688898431204e-14
2.947772064307548678e+00 5.145617194705232236e-14
2.950488857008398025e+00 5.058328095790368739e-14
2.953208153621495136e+00 4.973363327361869165e-14
2.955929956454554031e+00 4.890661723589402318e-14
2.958654267817415029e+00 4.810163962423597131e-14
2.961381090022044305e+00 4.731812512110876974e-14
2.964110425382543212e+00 4.655551579357199412e-14
2.966842276215140739e+00 4.581327059094387734e-14
2.969576644838205493e+00 4.509086485804970778e-14
2.972313533572241262e+00 4.438778986361963879e-14
2.975052944739887906e+00 4.370355234342077257e-14
2.977794880665930677e+00 4.303767405770458943e-14
2.980539343677291786e+00 4.238969136258637996e-14
2.983286336103042835e+00 4.175915479496149893e-14
2.986035860274401266e+00 4.114562867058872989e-14
2.988787918524729026e+00 4.054869069498163973e-14
2.991542513189545005e+00 3.996793158674626502e-14
2.994299646606513932e+00 3.940295471303946310e-14
2.997059321115460140e+00 3.885337573680120793e-14
2.999821539058363129e+00 3.831882227545318728e-14
3.002586302779358451e+00 3.779893357074936896e-14
3.005353614624746150e+00 3.729336016947513355e-14
3.008123476942984098e+00 3.680176361471035908e-14
3.010895892084698211e+00 3.632381614737203231e-14
3.013670862402681561e+00 3.585920041776645091e-14
3.016448390251890377e+00 3.540760920688738564e-14
3.019228477989457815e+00 3.496874515720713596e-14
3.022011127974683298e+00 3.454232051271738353e-14
3.024796342569045837e+00 3.412805686798202439e-14
3.027584124136199595e+00 3.372568492597529249e-14
3.030374475041973881e+00 3.333494426448771422e-14
3.033167397654383812e+00 3.295558311088627654e-14
3.035962894343620988e+00 3.258735812502939750e-14
3.038760967482066366e+00 3.223003419013786179e-14
3.041561619444286713e+00 3.188338417664978213e-14
3.044364852607033711e+00 3.154716846704800883e-14
3.047170669349254624e+00 3.122110195783602405e-14
3.049979072052083851e+00 3.090490110076350133e-14
3.052790063098854922e+00 3.059829272332166132e-14
3.055603644875097391e+00 3.030101361800321461e-14
3.058419819768535941e+00 3.001281014961117070e-14
3.061238590169100160e+00 2.973343787975418721e-14
3.064059958468917877e+00 2.946266120771154644e-14
3.066883927062325377e+00 2.920025302688980365e-14
3.069710498345866512e+00 2.894599439613284057e-14
3.072539674718287817e+00 2.869967422518819817e-14
3.075371458580553607e+00 2.846108897365841242e-14
3.078205852335835768e+00 2.823004236281377718e-14
3.081042858389523964e+00 2.800634509965983420e-14
3.083882479149226086e+00 2.778981461269274613e-14
3.086724717024763365e+00 2.758027479879981313e-14
3.089569574428185028e+00 2.737755578079089682e-14
3.092417053773756308e+00 2.718149367506886201e-14
3.095267157477973541e+00 2.699193036897593066e-14
3.098119887959558394e+00 2.680871330737103379e-14
3.100975247639458754e+00 2.663169528801928869e-14
3.103833238940857608e+00 2.646073426538854670e-14
3.106693864289171270e+00 2.629569316247630829e-14
3.109557126112046710e+00 2.613643969030054497e-14
3.112423026839374440e+00 2.598284617471022896e-14
3.115291568903278741e+00 2.583478939018485179e-14
3.118162754738130094e+00 2.569215040031189658e-14
3.121036586780541633e+00 2.555481440464120634e-14
3.123913067469368698e+00 2.542267059163229293e-14
3.126792199245720383e+00 2.529561199742470489e-14
3.129673984552948429e+00 2.517353537017155602e-14
3.132558425836662330e+00 2.505634103968907701e-14
3.135445525544725331e+00 2.494393279219023377e-14
3.138335286127250878e+00 2.483621774987509720e-14
3.141227710036618603e+00 2.473310625516582721e-14
3.144122799727460560e+00 2.463451175938178874e-14
3.147020557656676765e+00 2.454035071566085990e-14
3.149920986283431201e+00 2.445054247594017099e-14
3.152824088069150044e+00 2.436500919181879339e-14
3.155729865477533647e+00 2.428367571913543939e-14
3.158638320974546776e+00 2.420646952609483713e-14
3.161549457028432375e+00 2.413332060479316831e-14
3.164463276109707568e+00 2.406416138599098115e-14
3.167379780691161884e+00 2.399892665699588462e-14
3.170298973247870578e+00 2.393755348251590659e-14
3.173220856257183087e+00 2.387998112835928623e-14
3.176145432198736795e+00 2.382615098785375073e-14
3.179072703554454815e+00 2.377600651086831361e-14
3.182002672808543320e+00 2.372949313532619161e-14
3.184935342447503537e+00 2.368655822109749721e-14
3.187870714960122420e+00 2.364715098617274262e-14
3.190808792837485530e+00 2.361122244501355881e-14
3.193749578572973924e+00 2.357872534898923538e-14
3.196693074662262823e+00 2.354961412880621337e-14
3.199639283603332274e+00 2.352384483884529615e-14
3.202588207896460037e+00 2.350137510332122371e-14
3.205539850044232253e+00 2.348216406418559164e-14
3.208494212551541214e+00 2.346617233069788279e-14
3.211451297925582704e+00 2.345336193058797846e-14
3.214411108675871542e+00 2.344369626274337048e-14
3.217373647314226925e+00 2.343714005134918057e-14
3.220338916354788417e+00 2.343365930142137744e-14
3.223306918314013725e+00 2.343322125566565577e-14
3.226277655710673820e+00 2.343579435260537461e-14
3.229251131065868030e+00 2.344134818592049823e-14
3.232227346903012943e+00 2.344985346494198163e-14
3.235206305747854838e+00 2.346128197624817569e-14
3.238188010128469241e+00 2.347560654631432066e-14
3.241172462575255153e+00 2.349280100516253303e-14
3.244159665620951927e+00 2.351284015096975031e-14
3.247149621800625052e+00 2.353569971558543130e-14
3.250142333651682591e+00 2.356135633091448207e-14
3.253137803713870291e+00 2.358978749612765609e-14
3.256136034529270695e+00 2.362097154565478832e-14
3.259137028642314249e+00 2.365488761792531093e-14
3.262140788599771746e+00 2.369151562481681906e-14
3.265147316950764989e+00 2.373083622177546199e-14
3.268156616246765456e+00 2.377283077857645716e-14
3.271168689041590749e+00 2.381748135068806380e-14
3.274183537891418361e+00 2.386477065120822226e-14
3.277201165354779899e+00 2.391468202334429884e-14
3.280221573992561979e+00 2.396719941340354229e-14
3.283244766368016432e+00 2.402230734426796088e-14
3.286270745046751429e+00 2.407999088932482664e-14
3.289299512596745245e+00 2.414023564682688468e-14
3.292331071588342706e+00 2.420302771465565785e-14
3.295365424594251635e+00 2.426835366546407359e-14
3.298402574189558845e+00 2.433620052217475976e-14
3.301442522951717251e+00 2.440655573381056136e-14
3.304485273460560091e+00 2.447940715163543610e-14
3.307530828298298253e+00 2.455474300558471688e-14
3.310579190049518505e+00 2.463255188096380771e-14
3.313630361301195482e+00 2.471282269539785432e-14
3.316684344642680582e+00 2.479554467600939855e-14
3.319741142665718847e+00 2.488070733680987731e-14
3.322800757964441853e+00 2.496830045628603633e-14
3.325863193135368601e+00 2.505831405516394185e-14
3.328928450777416614e+00 2.515073837433567107e-14
3.331996533491892620e+00 2.524556385293237748e-14
3.335067443882505867e+00 2.534278110653027911e-14
3.338141184555365015e+00 2.544238090547336990e-14
3.341217758118976366e+00 2.554435415330211601e-14
3.344297167184255848e+00 2.564869186527383366e-14
3.347379414364519690e+00 2.575538514696086119e-14
3.350464502275497747e+00 2.586442517291955506e-14
3.353552433535330835e+00 2.597580316541390979e-14
3.356643210764566732e+00 2.608951037318638011e-14
3.359736836586176612e+00 2.620553805026660638e-14
3.362833313625540388e+00 2.632387743480491644e-14
3.365932644510465366e+00 2.644451972792747393e-14
3.369034831871177804e+00 2.656745607259947607e-14
3.372139878340325581e+00 2.669267753249289842e-14
3.375247786552987961e+00 2.682017507084928252e-14
3.378358559146667162e+00 2.694993952933257116e-14
3.381472198761300341e+00 2.708196160686457933e-14
3.384588708039258709e+00 2.721623183844051957e-14
3.387708089625342645e+00 2.735274057391567707e-14
3.390830346166797682e+00 2.749147795676308633e-14
3.393955480313302076e+00 2.763243390279627695e-14
3.397083494716981900e+00 2.777559807885420783e-14
3.400214392032406163e+00 2.792095988144720007e-14
3.403348174916586366e+00 2.806850841535942879e-14
3.406484846028989821e+00 2.821823247221010087e-14
3.409624408031526777e+00 2.837012050896820021e-14
3.412766863588567734e+00 2.852416062642671087e-14
3.415912215366937676e+00 2.868034054762838833e-14
3.419060466035914292e+00 2.883864759625215712e-14
3.422211618267242184e+00 2.899906867495744956e-14
3.425365674735122656e+00 2.916159024368872283e-14
3.428522638116224819e+00 2.932619829794480854e-14
3.431682511089686916e+00 2.949287834701517439e-14
3.434845296337109222e+00 2.966161539218700427e-14
3.438010996542570474e+00 2.983239390492889018e-14
3.441179614392621655e+00 3.000519780505545902e-14
3.444351152576285546e+00 3.018001043887998340e-14
3.447525613785069609e+00 3.035681455735955190e-14
3.450703000712955326e+00 3.053559229424232832e-14
3.453883316056412411e+00 3.071632514422397425e-14
3.457066562514395258e+00 3.089899394112121203e-14
3.460252742788340719e+00 3.108357883607225951e-14
3.463441859582183202e+00 3.127005927577471354e-14
3.466633915602340466e+00 3.145841398077030453e-14
3.469828913557730932e+00 3.164862092378840525e-14
3.473026856159770137e+00 3.184065730816051193e-14
3.476227746122366735e+00 3.203449954631826888e-14
3.479431586161937151e+00 3.223012323838736184e-14
3.482638378997394923e+00 3.242750315089366925e-14
3.485848127350165360e+00 3.262661319559404744e-14
3.489060833944180651e+00 3.282742640844859310e-14
3.492276501505878983e+00 3.302991492874946005e-14
3.495495132764217860e+00 3.323404997842588223e-14
3.498716730450664336e+00 3.343980184153855490e-14
3.501941297299205669e+00 3.364713984398571453e-14
3.505168836046351100e+00 3.385603233343948404e-14
3.508399349431126080e+00 3.406644665952593819e-14
3.511632840195086480e+00 3.427834915428308154e-14
3.514869311082309711e+00 3.449170511290044338e-14
3.518108764839405378e+00 3.470647877477741668e-14
3.521351204215516173e+00 3.492263330491255895e-14
3.524596631962312543e+00 3.514013077565284707e-14
3.527845050834008234e+00 3.535893214882428019e-14
3.531096463587348300e+00 3.557899725826778037e-14
3.534350872981623315e+00 3.580028479280900465e-14
3.537608281778667596e+00 3.602275227968244626e-14
3.540868692742856094e+00 3.624635606844166985e-14
3.544132108641116830e+00 3.647105131537891102e-14
3.547398532242922009e+00 3.669679196848415575e-14
3.550667966320302238e+00 3.692353075297004764e-14
3.553940413647842078e+00 3.715121915739234730e-14
3.557215877002677384e+00 3.737980742039547879e-14
3.560494359164512179e+00 3.760924451811214276e-14
3.563775862915603998e+00 3.783947815224799527e-14
3.567060391040780321e+00 3.807045473888229051e-14
3.570347946327435462e+00 3.830211939801587142e-14
3.573638531565527465e+00 3.853441594389414347e-14
3.576932149547592310e+00 3.876728687614744735e-14
3.580228803068732812e+00 3.900067337176699294e-14
3.583528494926633723e+00 3.923451527796124426e-14
3.586831227921557286e+00 3.946875110591936813e-14
3.590137004856342351e+00 3.970331802551562985e-14
3.593445828536416808e+00 3.993815186099106765e-14
3.596757701769788262e+00 4.017318708764130554e-14
3.600072627367057354e+00 4.040835682954912726e-14
3.603390608141414209e+00 4.064359285839270311e-14
3.606711646908637103e+00 4.087882559336178131e-14
3.610035746487107122e+00 4.111398410222121775e-14
3.613362909697794834e+00 4.134899610354828008e-14
3.616693139364276277e+00 4.158378797018455792e-14
3.620026438312729855e+00 4.181828473392847359e-14
3.623362809371933224e+00 4.205241009150834750e-14
3.626702255373277506e+00 4.228608641186462564e-14
3.630044779150761958e+00 4.251923474477442641e-14
3.633390383540993085e+00 4.275177483085099003e-14
3.636739071383199295e+00 4.298362511295188198e-14
3.640090845519217133e+00 4.321470274901950921e-14
3.643445708793509485e+00 4.344492362639613083e-14
3.646803664053159810e+00 4.367420237763017580e-14
3.650164714147870360e+00 4.390245239781339871e-14
3.653528861929976390e+00 4.412958586346993961e-14
3.656896110254436394e+00 4.435551375302897474e-14
3.660266461978843644e+00 4.458014586890439052e-14
3.663639919963426195e+00 4.480339086120760162e-14
3.667016487071042885e+00 4.502515625311881960e-14
3.670396166167197993e+00 4.524534846793665794e-14
3.673778960120028803e+00 4.546387285783098238e-14
3.677164871800322477e+00 4.568063373431718827e-14
3.680553904081512506e+00 4.589553440047017502e-14
3.683946059839672937e+00 4.610847718489689339e-14
3.687341341953538354e+00 4.631936347748374781e-14
3.690739753304487891e+00 4.652809376692649616e-14
3.694141296776562111e+00 4.673456768006644543e-14
3.697545975256459005e+00 4.693868402303032416e-14
3.700953791633532219e+00 4.714034082419121817e-14
3.704364748799806151e+00 4.733943537895315081e-14
3.707778849649961739e+00 4.753586429636428062e-14
3.711196097081355116e+00 4.772952354756009219e-14
3.714616493994011392e+00 4.792030851603829057e-14
3.718040043290623320e+00 4.810811404975918279e-14
3.721466747876566394e+00 4.829283451507059381e-14
3.724896610659886864e+00 4.847436385244891057e-14
3.728329634551315497e+00 4.865259563404146160e-14
3.731765822464267135e+00 4.882742312300633822e-14
3.735205177314834923e+00 4.899873933462474206e-14
3.738647702021808072e+00 4.916643709917768625e-14
3.742093399506658091e+00 4.933040912655317976e-14
3.745542272693553887e+00 4.949054807257655527e-14
3.748994324509360876e+00 4.964674660701983396e-14
3.752449557883634768e+00 4.979889748327291718e-14
3.755907975748639771e+00 4.994689360963924473e-14
3.759369581039334829e+00 5.009062812221715189e-14
3.762834376693390048e+00 5.022999445933278336e-14
3.766302365651181816e+00 5.036488643747930235e-14
3.769773550855792354e+00 5.049519832871547342e-14
3.773247935253022156e+00 5.062082493947848991e-14
3.776725521791380658e+00 5.074166169075654516e-14
3.780206313422099562e+00 5.085760469956449460e-14
3.783690313099131508e+00 5.096855086166625263e-14
3.787177523779144295e+00 5.107439793548144002e-14
3.790667948421539979e+00 5.117504462710763218e-14
3.794161589988439331e+00 5.127039067639424099e-14
3.797658451444700045e+00 5.136033694399242586e-14
3.801158535757910961e+00 5.144478549930632573e-14
3.804661845898391181e+00 5.152363970926760934e-14
3.808168384839204723e+00 5.159680432785089222e-14
3.811678155556148528e+00 5.166418558624443190e-14
3.815191161027767119e+00 5.172569128358782494e-14
3.818707404235350822e+00 5.178123087818680689e-14
3.822226888162930880e+00 5.183071557910709055e-14
3.825749615797296332e+00 5.187405843805386018e-14
3.829275590127986906e+00 5.191117450990115392e-14
3.832804814147293460e+00 5.194199860563149242e-14
3.836337290850271753e+00 5.196650896767924755e-14
3.839873023234730010e+00 5.198469197979976885e-14
3.843412014301244906e+00 5.199653632921500422e-14
3.846954267053159793e+00 5.200203301634777842e-14
3.850499784496578926e+00 5.200117536315622844e-14
3.854048569640385669e+00 5.199395902006103090e-14
3.857600625496228286e+00 5.198038197145211191e-14
3.861155955078536373e+00 5.196044453977464992e-14
3.864714561404518633e+00 5.193414938818125134e-14
3.868276447494158443e+00 5.190150152175322709e-14
3.871841616370228945e+00 5.186250828727752172e-14
3.875410071058283279e+00 5.181717937158742966e-14
3.878981814586668353e+00 5.176552679846129904e-14
3.882556849986521286e+00 5.170756492407491260e-14
3.886135180291767632e+00 5.164331043101982689e-14
3.889716808539137372e+00 5.157278232088020371e-14
3.893301737768150694e+00 5.149600190537653381e-14
3.896889971021135324e+00 5.141299279608330831e-14
3.900481511343222962e+00 5.132378089272168546e-14
3.904076361782345739e+00 5.122839437004039300e-14
3.907674525389252640e+00 5.112686366329072893e-14
3.911276005217497520e+00 5.101922145230548041e-14
3.914880804323453312e+00 5.090550264419558796e-14
3.918488925766309805e+00 5.078574435467374998e-14
3.922100372608070984e+00 5.065998588802298499e-14
3.925715147913571013e+00 5.052826871572103186e-14
3.929333254750459137e+00 5.039063645373820767e-14
3.932954696189220112e+00 5.024713483852700617e-14
3.936579475303167541e+00 5.009781170172119543e-14
3.940207595168440768e+00 4.994271694356134064e-14
3.943839058864023084e+00 4.978190250507413493e-14
3.947473869471727959e+00 4.961542233901790119e-14
3.951112030076214143e+00 4.944333237962593308e-14
3.954753543764984336e+00 4.926569051116346487e-14
3.958398413628379853e+00 4.908255653533152865e-14
3.962046642759598392e+00 4.889399213753639799e-14
3.965698234254681598e+00 4.870006085205251215e-14
3.969353191212528831e+00 4.850082802611181113e-14
3.973011516734897164e+00 4.829636078294126038e-14
3.976673213926394723e+00 4.808672798378090213e-14
3.980338285894500672e+00 4.787200018891575490e-14
3.984006735749548778e+00 4.765224961774546676e-14
3.987678566604746067e+00 4.742755010793139263e-14
3.991353781576169268e+00 4.719797707364646531e-14
3.995032383782759933e+00 4.696360746297092588e-14
3.998714376346343080e+00 4.672451971445288381e-14
4.002399762391612548e+00 4.648079371288665526e-14
4.006088545046147864e+00 4.623251074432727578e-14
4.009780727440411141e+00 4.597975345039007151e-14
4.013476312707743965e+00 4.572260578186214170e-14
4.017175303984384271e+00 4.546115295166925355e-14
4.020877704409451248e+00 4.519548138723167278e-14
4.024583517124963095e+00 4.492567868224748937e-14
4.028292745275835252e+00 4.465183354794247780e-14
4.032005392009874178e+00 4.437403576382569485e-14
4.035721460477796008e+00 4.409237612798438890e-14
4.039440953833216774e+00 4.380694640696629090e-14
4.043163875232655968e+00 4.351783928527843681e-14
4.046890227835550746e+00 4.322514831455146258e-14
4.050620014804238167e+00 4.292896786240001098e-14
4.054353239303980949e+00 4.262939306102602021e-14
4.058089904502955036e+00 4.232651975560287332e-14
4.061830013572252263e+00 4.202044445247571777e-14
4.065573569685895450e+00 4.171126426722346293e-14
4.069320576020823310e+00 4.139907687262129917e-14
4.073071035756909097e+00 4.108398044653808213e-14
4.076824952076957054e+00 4.076607361981516312e-14
4.080582328166698858e+00 4.044545542416147629e-14
4.084343167214809611e+00 4.012222524010461601e-14
4.088107472412896293e+00 3.979648274503941746e-14
4.091875246955512857e+00 3.946832786140629536e-14
4.095646494040156682e+00 3.913786070504601621e-14
4.099421216867267681e+00 3.880518153376178944e-14
4.103199418640242513e+00 3.847039069612878955e-14
4.106981102565422148e+00 3.813358858059038185e-14
4.110766271852109632e+00 3.779487556487040370e-14
4.114554929712563869e+00 3.745435196574742572e-14
4.118347079361999619e+00 3.711211798921816747e-14
4.122142724018603488e+00 3.676827368108872816e-14
4.125941866903519717e+00 3.642291887802899239e-14
4.129744511240865279e+00 3.607615315911911465e-14
4.133550660257732545e+00 3.572807579792695767e-14
4.137360317184178626e+00 3.537878571514605753e-14
4.141173485253247577e+00 3.502838143182320860e-14
4.144990167700953521e+00 3.467696102321186133e-14
4.148810367766301077e+00 3.432462207327631135e-14
4.152634088691278258e+00 3.397146162988102372e-14
4.156461333720856466e+00 3.361757616068840476e-14
4.160292106103003817e+00 3.326306150979458171e-14
4.164126409088676262e+00 3.290801285513386096e-14
4.167964245931830902e+00 3.255252466667002783e-14
4.171805619889423333e+00 3.219669066540618729e-14
4.175650534221404975e+00 3.184060378323498767e-14
4.179498992190740836e+00 3.148435612364916346e-14
4.183350997063395305e+00 3.112803892334123165e-14
4.187206552108346358e+00 3.077174251470585950e-14
4.191065660597587339e+00 3.041555628927135268e-14
4.194928325806119851e+00 3.005956866207703813e-14
4.198794551011974185e+00 2.970386703701050132e-14
4.202664339496189783e+00 2.934853777313377108e-14
4.206537694542838324e+00 2.899366615199786513e-14
4.210414619439020179e+00 2.863933634597546470e-14
4.214295117474855523e+00 2.828563138761874548e-14
4.218179191943507433e+00 2.793263314005462377e-14
4.222066846141164120e+00 2.758042226843455502e-14
4.225958083367059359e+00 2.722907821244307207e-14
4.229852906923468048e+00 2.687867915988001358e-14
4.233751320115699990e+00 2.652930202132601308e-14
4.237653326252122987e+00 2.618102240589066492e-14
4.241558928644141524e+00 2.583391459806283619e-14
4.245468130606221635e+00 2.548805153565650760e-14
4.249380935455883801e+00 2.514350478886491668e-14
4.253297346513697619e+00 2.480034454042457457e-14
4.257217367103301342e+00 2.445863956688841178e-14
4.261141000551396552e+00 2.411845722101384636e-14
4.265068250187741938e+00 2.377986341526617193e-14
4.268999119345177284e+00 2.344292260643125780e-14
4.272933611359602146e+00 2.310769778134482165e-14
4.276871729569998948e+00 2.277425044372790614e-14
4.280813477318428539e+00 2.244264060212975213e-14
4.284758857950021316e+00 2.211292675897386864e-14
4.288707874813003862e+00 2.178516590069679186e-14
4.292660531258676748e+00 2.145941348898283399e-14
4.296616830641438511e+00 2.113572345307617611e-14
4.300576776318776773e+00 2.081414818317353648e-14
4.304540371651269126e+00 2.049473852488021707e-14
4.308507620002596461e+00 2.017754377472465304e-14
4.312478524739534080e+00 1.986261167671922533e-14
4.316453089231965023e+00 1.954998841995485337e-14
4.320431316852878290e+00 1.923971863722169700e-14
4.324413210978365285e+00 1.893184540463785861e-14
4.328398774987637587e+00 1.862641024227556200e-14
4.332388012263013621e+00 1.832345311577088613e-14
4.336380926189932872e+00 1.802301243889949696e-14
4.340377520156957658e+00 1.772512507710603325e-14
4.344377797555765142e+00 1.742982635196979449e-14
4.348381761781169530e+00 1.713715004658603128e-14
4.352389416231101649e+00 1.684712841185446050e-14
4.356400764306632922e+00 1.655979217364590254e-14
4.360415809411968269e+00 1.627517054083806655e-14
4.364434554954445211e+00 1.599329121419495934e-14
4.368457004344547201e+00 1.571418039607458555e-14
4.372483160995896512e+00 1.543786280094228000e-14
4.376513028325263122e+00 1.516436166667052799e-14
4.380546609752570930e+00 1.489369876660429620e-14
4.384583908700885324e+00 1.462589442237137021e-14
4.388624928596438046e+00 1.436096751741408948e-14
4.392669672868607655e+00 1.409893551122363874e-14
4.396718144949942619e+00 1.383981445425159064e-14
4.400770348276150656e+00 1.358361900347994531e-14
4.404826286286104953e+00 1.333036243862344668e-14
4.408885962421852156e+00 1.308005667894318868e-14
4.412949380128605270e+00 1.283271230064972616e-14
4.417016542854757866e+00 1.258833855486901913e-14
4.421087454051881416e+00 1.234694338615153616e-14
4.425162117174724408e+00 1.210853345149925118e-14
4.429240535681223889e+00 1.187311413988689964e-14
4.433322713032499252e+00 1.164068959225541043e-14
4.437408652692864663e+00 1.141126272195166897e-14
4.441498358129826407e+00 1.118483523559408069e-14
4.445591832814081101e+00 1.096140765433769880e-14
4.449689080219531689e+00 1.074097933551611991e-14
4.453790103823276780e+00 1.052354849463860059e-14
4.457894907105622195e+00 1.030911222771577553e-14
4.462003493550084521e+00 1.009766653389341638e-14
4.466115866643383114e+00 9.889206338371336988e-15
4.470232029875456981e+00 9.683725515580529147e-15
4.474351986739462994e+00 9.481216912601779653e-15
4.478475740731769683e+00 9.281672372799061089e-15
4.482603295351977657e+00 9.085082759645171153e-15
4.486734654102902731e+00 8.891437980721552478e-15
4.490869820490596354e+00 8.700727011864783783e-15
4.495008798024342944e+00 8.512937921443428712e-15
4.499151590216651897e+00 8.328057894741008548e-15
4.503298200583280675e+00 8.146073258423938407e-15
4.507448632643217046e+00 7.966969505076458228e-15
4.511602889918699510e+00 7.790731317778648197e-15
4.515760975935211086e+00 7.617342594710822098e-15
4.519922894221480192e+00 7.446786473762860507e-15
4.524088648309494864e+00 7.279045357129383944e-15
4.528258241734488543e+00 7.114100935873272179e-15
4.532431678034960498e+00 6.951934214437254410e-15
4.536608960752672282e+00 6.792525535087273230e-15
4.540790093432640617e+00 6.635854602269323168e-15
4.544975079623160497e+00 6.481900506861691800e-15
4.549163922875787414e+00 6.330641750308805457e-15
4.553356626745356017e+00 6.182056268616628271e-15
4.557553194789980111e+00 6.036121456196761641e-15
4.561753630571041107e+00 5.892814189543757992e-15
4.565957937653217336e+00 5.752110850728207113e-15
4.570166119604460064e+00 5.613987350694887082e-15
4.574378179996015703e+00 5.478419152349423947e-15
4.578594122402423139e+00 5.345381293421401628e-15
4.582813950401509295e+00 5.214848409090727578e-15
4.587037667574406896e+00 5.086794754364431238e-15
4.591265277505538478e+00 4.961194226193487867e-15
4.595496783782641259e+00 4.838020385315599190e-15
4.599732189996754705e+00 4.717246477816509265e-15
4.603971499742223195e+00 4.598845456396582981e-15
4.608214716616712892e+00 4.482790001333718866e-15
4.612461844221195761e+00 4.369052541134299746e-15
4.616712886159969997e+00 4.257605272861465373e-15
4.620967846040656468e+00 4.148420182133538646e-15
4.625226727474193389e+00 4.041469062784732587e-15
4.629489534074854973e+00 3.936723536179585245e-15
4.633756269460238997e+00 3.834155070176073031e-15
4.638026937251282789e+00 3.733734997728811785e-15
4.642301541072263227e+00 3.635434535128273478e-15
4.646580084550787859e+00 3.539224799869822443e-15
4.650862571317818883e+00 3.445076828146705155e-15
4.655149005007653606e+00 3.352961591964193511e-15
4.659439389257949315e+00 3.262850015869223107e-15
4.663733727709710841e+00 3.174712993292679113e-15
4.668032024007296776e+00 3.088521402501279618e-15
4.672334281798431022e+00 3.004246122155311334e-15
4.676640504734190351e+00 2.921858046471381851e-15
4.680950696469023953e+00 2.841328099986539973e-15
4.685264860660749875e+00 2.762627251923905716e-15
4.689583000970547921e+00 2.685726530157687569e-15
4.693905121062983632e+00 2.610597034776956285e-15
4.698231224605989631e+00 2.537209951248444241e-15
4.702561315270887832e+00 2.465536563177753054e-15
4.706895396732382331e+00 2.395548264669727173e-15
4.711233472668555855e+00 2.327216572288953087e-15
4.715575546760890191e+00 2.260513136620797513e-15
4.719921622694259078e+00 2.195409753435347205e-15
4.724271704156925544e+00 2.131878374455552795e-15
4.728625794840561447e+00 2.069891117731491224e-15
4.732983898440231485e+00 2.009420277623654509e-15
4.737346018654411850e+00 1.950438334397572664e-15
4.741712159184990227e+00 1.892917963432900175e-15
4.746082323737256026e+00 1.836832044050509203e-15
4.750456516019924358e+00 1.782153667960264157e-15
4.754834739745119165e+00 1.728856147334458285e-15
4.759216998628392759e+00 1.676913022509834448e-15
4.763603296388722264e+00 1.626298069323099729e-15
4.767993636748503405e+00 1.576985306084297075e-15
4.772388023433573601e+00 1.528949000192274302e-15
4.776786460173194193e+00 1.482163674398011898e-15
4.781188950700071771e+00 1.436604112719727899e-15
4.785595498750351950e+00 1.392245366016103667e-15
4.790006108063616708e+00 1.349062757222400805e-15
4.794420782382903923e+00 1.307031886255025553e-15
4.798839525454693167e+00 1.266128634590723555e-15
4.803262341028921689e+00 1.226329169525615045e-15
4.807689232858985307e+00 1.187609948120641636e-15
4.812120204701730408e+00 1.149947720839259154e-15
4.816555260317475273e+00 1.113319534883288817e-15
4.820994403469995859e+00 1.077702741312861405e-15
4.825437637926542678e+00 1.043075550378966208e-15
4.829884967457838130e+00 1.009417496295799291e-15
4.834336395838073841e+00 9.767083391967758626e-16
4.838791926844929314e+00 9.449279378337786156e-16
4.843251564259555053e+00 9.140562666424186486e-16
4.847715311866593879e+00 8.840734318461314969e-16
4.852183173454179155e+00 8.549596866207380507e-16
4.856655152813925014e+00 8.266954453412809833e-16
4.861131253740950342e+00 7.992612969334240820e-16
4.865611480033864567e+00 7.726380173529531029e-16
4.870095835494781866e+00 7.468065812165909762e-16
4.874584323929323837e+00 7.217481726083436134e-16
4.879076949146609721e+00 6.974441950856408925e-16
4.883573714959281276e+00 6.738762809095443924e-16
4.888074625183481459e+00 6.510262995242784426e-16
4.892579683638881072e+00 6.288763653103090264e-16
4.897088894148668992e+00 6.074088446363111160e-16
4.901602260539550393e+00 5.866063622347493119e-16
4.906119786641769842e+00 5.664518069257181696e-16
4.910641476289088203e+00 5.469283367141584582e-16
4.915167333318810172e+00 5.280193832844158336e-16
4.919697361571775396e+00 5.097086559170774254e-16
4.924231564892355806e+00 4.919801448517758292e-16
4.928769947128478712e+00 4.748181241198131951e-16
4.933312512131605487e+00 4.582071538703345429e-16
4.937859263756755546e+00 4.421320822128114084e-16
4.942410205862500128e+00 4.265780465988989574e-16
4.946965342310961411e+00 4.115304747658501748e-16
4.951524676967830274e+00 3.969750852633527242e-16
4.956088213702348533e+00 3.828978875854117998e-16
4.960655956387333809e+00 3.692851819279970671e-16
4.965227908899173315e+00 3.561235585931756912e-16
4.969804075117815856e+00 3.433998970595718446e-16
4.974384458926798480e+00 3.311013647385654779e-16
4.978969064213234041e+00 3.192154154353004245e-16
4.983557894867812088e+00 3.077297875327735831e-16
4.988150954784816626e+00 2.966325019167961121e-16
4.992748247862112798e+00 2.859118596593383125e-16
4.997349778001163756e+00 2.755564394766480655e-16
5.001955549107028887e+00 2.655550949786722734e-16
5.006565565088360259e+00 2.558969517251551645e-16
5.011179829857421275e+00 2.465714041035710814e-16
5.015798347330071572e+00 2.375681120434517086e-16
5.020421121425785671e+00 2.288769975809095995e-16
5.025048156067652982e+00 2.204882412869876472e-16
5.029679455182369807e+00 2.123922785725462274e-16
5.034315022700261544e+00 2.045797958821114879e-16
5.038954862555265812e+00 1.970417267884602604e-16
5.043598978684952883e+00 1.897692479992917237e-16
5.048247375030523898e+00 1.827537752867040977e-16
5.052900055536802881e+00 1.759869593498670950e-16
5.057557024152260716e+00 1.694606816205696754e-16
5.062218284828997383e+00 1.631670500210525385e-16
5.066883841522762388e+00 1.570983946829459030e-16
5.071553698192950321e+00 1.512472636356922474e-16
5.076227858802599080e+00 1.456064184724224950e-16
5.080906327318408522e+00 1.401688300007766399e-16
5.085589107710722701e+00 1.349276738857810121e-16
5.090276203953554734e+00 1.298763262914309975e-16
5.094967620024578814e+00 1.250083595272881517e-16
5.099663359905128424e+00 1.203175377059826514e-16
5.104363427580216772e+00 1.157978124171143133e-16
5.109067827038518139e+00 1.114433184227752323e-16
5.113776562272392745e+00 1.072483693794256848e-16
5.118489637277878757e+00 1.032074535906896336e-16
5.123207056054689623e+00 9.931522979517923071e-17
5.127928822606235393e+00 9.556652299317709295e-17
5.132654940939607613e+00 9.195632031578347697e-17
5.137385415065595318e+00 8.847976693973927792e-17
5.142120248998685916e+00 8.513216205092995468e-17
5.146859446757059864e+00 8.190895485931332548e-17
5.151603012362608425e+00 7.880574066770255234e-17
5.156350949840923015e+00 7.581825699669859312e-17
5.161103263221309412e+00 7.294237976771248467e-17
5.165859956536789532e+00 7.017411954591809166e-17
5.170621033824092549e+00 6.750961784469910198e-17
5.175386499123680650e+00 6.494514349295308780e-17
5.180156356479727719e+00 6.247708906649484150e-17
5.184930609940142432e+00 6.010196738452441683e-17
5.189709263556566476e+00 5.781640807206689252e-17
5.194492321384365674e+00 5.561715418904301356e-17
5.199279787482654847e+00 5.350105892651629964e-17
5.204071665914278277e+00 5.146508237055225089e-17
5.208867960745835468e+00 4.950628833391785343e-17
5.213668676047670481e+00 4.762184125580855446e-17
5.218473815893872825e+00 4.580900316961360291e-17
5.223283384362296999e+00 4.406513073863940902e-17
5.228097385534544728e+00 4.238767235963188099e-17
5.232915823495988050e+00 4.077416533380275420e-17
5.237738702335764884e+00 3.922223310501331934e-17
5.242566026146772806e+00 3.772958256466983707e-17
5.247397799025689480e+00 3.629400142280347047e-17
5.252234025072969104e+00 3.491335564475746791e-17
5.257074708392836193e+00 3.358558695283183367e-17
5.261919853093308674e+00 3.230871039216074518e-17
5.266769463286181008e+00 3.108081196007822306e-17
5.271623543087044617e+00 2.990004629814379329e-17
5.276482096615283446e+00 2.876463444598313581e-17
5.281345127994071298e+00 2.767286165604881542e-17
5.286212641350389596e+00 2.662307526835792866e-17
5.291084640815017615e+00 2.561368264426316413e-17
5.295961130522545801e+00 2.464314915825542943e-17
5.300842114611377554e+00 2.370999624678901110e-17
5.305727597223720338e+00 2.281279951309774294e-17
5.310617582505610557e+00 2.195018688694648314e-17
5.315512074606897563e+00 2.112083683825891623e-17
5.320411077681259648e+00 2.032347664353624736e-17
5.325314595886205815e+00 1.955688070399015384e-17
5.330222633383066899e+00 1.881986891429199831e-17
5.335135194337023101e+00 1.811130508083805513e-17
5.340052282917078230e+00 1.743009538844554242e-17
5.344973903296089013e+00 1.677518691436197051e-17
5.349900059650758877e+00 1.614556618850616440e-17
5.354830756161629957e+00 1.554025779884361781e-17
5.359765997013110628e+00 1.495832304079895648e-17
5.364705786393454190e+00 1.439885860964184583e-17
5.369650128494780184e+00 1.386099533475231911e-17
5.374599027513076166e+00 1.334389695471860158e-17
5.379552487648183501e+00 1.284675893220475153e-17
5.384510513103830220e+00 1.236880730754592231e-17
5.389473108087603492e+00 1.190929759004594005e-17
5.394440276810978929e+00 1.146751368595584580e-17
5.399412023489313484e+00 1.104276686213550527e-17
5.404388352341841006e+00 1.063439474440766034e-17
5.409369267591692676e+00 1.024176034963113575e-17
5.414354773465885451e+00 9.864251150542552810e-18
5.419344874195335393e+00 9.501278172419940233e-18
5.424339574014861221e+00 9.152275120649878374e-18
5.429338877163174537e+00 8.816697538291677268e-18
5.434342787882907366e+00 8.494021992747280314e-18
5.439351310420586394e+00 8.183745290672126458e-18
5.444364449026664943e+00 7.885383720267243419e-18
5.449382207955509649e+00 7.598472320124981396e-18
5.454404591465404017e+00 7.322564173807558976e-18
5.459431603818563516e+00 7.057229729361127865e-18
5.464463249281123147e+00 6.802056142987780697e-18
5.469499532123156982e+00 6.556646646109759124e-18
5.474540456618675499e+00 6.320619935087318890e-18
5.479586027045618479e+00 6.093609582861396026e-18
5.484636247685880761e+00 5.875263471815045974e-18
5.489691122825291814e+00 5.665243247165302079e-18
5.494750656753640605e+00 5.463223790211705376e-18
5.499814853764667610e+00 5.268892710790521332e-18
5.504883718156064809e+00 5.081949858295432770e-18
5.509957254229494339e+00 4.902106850646217389e-18
5.515035466290571620e+00 4.729086620604791664e-18
5.520118358648891110e+00 4.562622978849218789e-18
5.525205935618016539e+00 4.402460193240669032e-18
5.530298201515480017e+00 4.248352583727709442e-18
5.535395160662801572e+00 4.100064132351005194e-18
5.540496817385482942e+00 3.957368107828874487e-18
5.545603176013004898e+00 3.820046704216427042e-18
5.550714240878848571e+00 3.687890693146691839e-18
5.555830016320480347e+00 3.560699089180297355e-18
5.560950506679370520e+00 3.438278827798879578e-18
5.566075716300990628e+00 3.320444455597917311e-18
5.571205649534809012e+00 3.207017832243035873e-18
5.576340310734315686e+00 3.097827843771277702e-18
5.581479704256998353e+00 2.992710126830706323e-18
5.586623834464371718e+00 2.891506803463145187e-18
5.591772705721970382e+00 2.794066226051074560e-18
5.596926322399341736e+00 2.700242732058576683e-18
5.602084688870075269e+00 2.609896408209368851e-18
5.607247809511775927e+00 2.522892863758335443e-18
5.612415688706093420e+00 2.439103012520975610e-18
5.617588330838717781e+00 2.358402863340244132e-18
5.622765740299369597e+00 2.280673318677665039e-18
5.627947921481828431e+00 2.205799981027752560e-18
5.633134878783911503e+00 2.133672966865685080e-18
5.638326616607495900e+00 2.064186727845752133e-18
5.643523139358519458e+00 1.997239878980409585e-18
5.648724451446968331e+00 1.932735033537378672e-18
5.653930557286908076e+00 1.870578644401783712e-18
5.659141461296457010e+00 1.810680851659653288e-18
5.664357167897818179e+00 1.752955336166748703e-18
5.669577681517267820e+00 1.697319178876116333e-18
5.674803006585152687e+00 1.643692725704696355e-18
5.680033147535914928e+00 1.591999457727724301e-18
5.685268108808073428e+00 1.542165866497632576e-18
5.690507894844244241e+00 1.494121334290258069e-18
5.695752510091139698e+00 1.447798019089499374e-18
5.701001958999560415e+00 1.403130744127900923e-18
5.706256246024421053e+00 1.360056891806884821e-18
5.711515375624731661e+00 1.318516301827949347e-18
5.716779352263618108e+00 1.278451173370753755e-18
5.722048180408322970e+00 1.239805971161692680e-18
5.727321864530193984e+00 1.202527335281118890e-18
5.732600409104713357e+00 1.166563994563426085e-18
5.737883818611477338e+00 1.131866683450117063e-18
5.743172097534216647e+00 1.098388062160126538e-18
5.748465250360796475e+00 1.066082640047881205e-18
5.753763281583209377e+00 1.034906702023870744e-18
5.759066195697600143e+00 1.004818237916894629e-18
5.764373997204242706e+00 9.757768746629687728e-19
5.769686690607571222e+00 9.477438112084421628e-19
5.775004280416169422e+00 9.206817560209736297e-19
5.780326771142767051e+00 8.945548671047090470e-19
5.785654167304265627e+00 8.693286944206665381e-19
5.790986473421718017e+00 8.449701246170311189e-19
5.796323694020352413e+00 8.214473279775406427e-19
5.801665833629567892e+00 7.987297074998572404e-19
5.807012896782928202e+00 7.767878500192276364e-19
5.812364888018185738e+00 7.555934792958383912e-19
5.817721811877273552e+00 7.351194109876641665e-19
5.823083672906302688e+00 7.153395094336792572e-19
5.828450475655587049e+00 6.962286461747334448e-19
5.833822224679619417e+00 6.777626601431715181e-19
5.839198924537102542e+00 6.599183194538569948e-19
5.844580579790937591e+00 6.426732847328766061e-19
5.849967195008225040e+00 6.260060739222610249e-19
5.855358774760285101e+00 6.098960285012048233e-19
5.860755323622638180e+00 5.943232810674893791e-19
5.866156846175032413e+00 5.792687242239622313e-19
5.871563347001434785e+00 5.647139807180570801e-19
5.876974830690031126e+00 5.506413747838325694e-19
5.882391301833245656e+00 5.370339046381120704e-19
5.887812765027723216e+00 5.238752160845441323e-19
5.893239224874355031e+00 5.111495771807215657e-19
5.898670685978271599e+00 4.988418539258528262e-19
5.904107152948840032e+00 4.869374869277583741e-19
5.909548630399686253e+00 4.754224690097780477e-19
5.914995122948677242e+00 4.642833237198705928e-19
5.920446635217945897e+00 4.535070847053933759e-19
5.925903171833882155e+00 4.430812759189358915e-19
5.931364737427133882e+00 4.329938926215917840e-19
5.936831336632627298e+00 4.232333831516307717e-19
5.942302974089547440e+00 4.137886314278504427e-19
5.947779654441366581e+00 4.046489401579060904e-19
5.953261382335834462e+00 3.958040147234583111e-19
5.958748162424975625e+00 3.872439477147725878e-19
5.964239999365115175e+00 3.789592040888187113e-19
5.969736897816857457e+00 3.709406069257891350e-19
5.975238862445110044e+00 3.631793237599823137e-19
5.980745897919081955e+00 3.556668534622030446e-19
5.986258008912273887e+00 3.483950136513911684e-19
5.991775200102507526e+00 3.413559286144734270e-19
5.997297476171903341e+00 3.345420177140641129e-19
6.002824841806907230e+00 3.279459842645711412e-19
6.008357301698283415e+00 3.215608048580449437e-19
6.013894860541109111e+00 3.153797191219033846e-19
6.019437523034802062e+00 3.093962198913416505e-19
6.024985293883099224e+00 3.036040437800390436e-19
6.030538177794082522e+00 2.979971621333877680e-19
6.036096179480170854e+00 2.925697723491577092e-19
6.041659303658118318e+00 2.873162895511600505e-19
6.047227555049039083e+00 2.822313386019683030e-19
6.052800938378385176e+00 2.773097464415567100e-19
6.058379458375974025e+00 2.725465347390398731e-19
6.063963119775980459e+00 2.679369128453770191e-19
6.069551927316935824e+00 2.634762678510879477e-19
6.075145885741749296e+00 2.591598869541199357e-19
6.080744999797688344e+00 2.549827666506898172e-19
6.086349274236407147e+00 2.509400644981754182e-19
6.091958713813937720e+00 2.470271404691144414e-19
6.097573323290687242e+00 2.432395476724745405e-19
6.103193107431460263e+00 2.395730235420496595e-19
6.108818071005443606e+00 2.360234814667251776e-19
6.114448218786226796e+00 2.325870028386655652e-19
6.120083555551799392e+00 2.292598294969567511e-19
6.125724086084545661e+00 2.260383565455336668e-19
6.131369815171266779e+00 2.229191255253360925e-19
6.137020747603173731e+00 2.198988179219000149e-19
6.142676888175887306e+00 2.169742489906360390e-19
6.148338241689457639e+00 2.141423618829016350e-19
6.154004812948349112e+00 2.114002220572337932e-19
6.159676606761459894e+00 2.087450119606200731e-19
6.165353627942123715e+00 2.061740259658489291e-19
6.171035881308099214e+00 2.036846655515705663e-19
6.176723371681598351e+00 2.012744347124914273e-19
6.182416103889264214e+00 1.989409355878707429e-19
6.188114082762198542e+00 1.966818642970640855e-19
6.193817313135956404e+00 1.944950069715298329e-19
6.199525799850537311e+00 1.923782359732793237e-19
6.205239547750418083e+00 1.903295062902755350e-19
6.210958561684523538e+00 1.883468520998716990e-19
6.216682846506259352e+00 1.864283834917549315e-19
6.222412407073504959e+00 1.845722833424276872e-19
6.228147248248605550e+00 1.827768043336213733e-19
6.233887374898402278e+00 1.810402661074513267e-19
6.239632791894207386e+00 1.793610525515636848e-19
6.245383504111833517e+00 1.777376092077850176e-19
6.251139516431586607e+00 1.761684407982071748e-19
6.256900833738259671e+00 1.746521088629603257e-19
6.262667460921162998e+00 1.731872295041404891e-19
6.268439402874099287e+00 1.717724712308024755e-19
6.274216664495389395e+00 1.704065528999896152e-19
6.279999250687871459e+00 1.690882417492704607e-19
6.285787166358892009e+00 1.678163515162692146e-19
6.291580416420329946e+00 1.665897406410365682e-19
6.297379005788584116e+00 1.654073105473198949e-19
6.303182939384589289e+00 1.642680039989005831e-19
6.308992222133817940e+00 1.631708035274772123e-19
6.314806858966271363e+00 1.621147299286589516e-19
6.320626854816508100e+00 1.610988408228827070e-19
6.326452214623621728e+00 1.601222292781585906e-19
6.332282943331266623e+00 1.591840224917478585e-19
6.338119045887655290e+00 1.582833805280260278e-19
6.343960527245549486e+00 1.574194951098811875e-19
6.349807392362288638e+00 1.565915884611624544e-19
6.355659646199768531e+00 1.557989121978217866e-19
6.361517293724467947e+00 1.550407462654628135e-19
6.367380339907443343e+00 1.543163979211707904e-19
6.373248789724320851e+00 1.536252007575942316e-19
6.379122648155328257e+00 1.529665137672998072e-19
6.385001920185268354e+00 1.523397204455919147e-19
6.390886610803549139e+00 1.517442279300089605e-19
6.396776725004175823e+00 1.511794661748395973e-19
6.402672267785747273e+00 1.506448871590493916e-19
6.408573244151481774e+00 1.501399641261172858e-19
6.414479659109196596e+00 1.496641908542936887e-19
6.420391517671333759e+00 1.492170809559601855e-19
6.426308824854955581e+00 1.487981672047164766e-19
6.432231585681736696e+00 1.484070008889737696e-19
6.438159805177995132e+00 1.480431511908554685e-19
6.444093488374666556e+00 1.477062045892398283e-19
6.450032640307335363e+00 1.473957642858838923e-19
6.455977266016224903e+00 1.471114496535779508e-19
6.461927370546193927e+00 1.468528957053226788e-19
6.467882958946762351e+00 1.466197525836074954e-19
6.473844036272103253e+00 1.464116850688500948e-19
6.479810607581035775e+00 1.462283721061763928e-19
6.485782677937058871e+00 1.460695063496591718e-19
6.491760252408321996e+00 1.459347937232718485e-19
6.497743336067655306e+00 1.458239529977681163e-19
6.503731933992566105e+00 1.457367153827745577e-19
6.509726051265229962e+00 1.456728241334068382e-19
6.515725692972520910e+00 1.456320341707423404e-19
6.521730864205987466e+00 1.456141117154954808e-19
6.527741570061880161e+00 1.456188339343346631e-19
6.533757815641147104e+00 1.456459885981844851e-19
6.539779606049426874e+00 1.456953737520258205e-19
6.545806946397077830e+00 1.457667973956154896e-19
6.551839841799155018e+00 1.458600771746083833e-19
6.557878297375435928e+00 1.459750400816148098e-19
6.563922318250419607e+00 1.461115221666945128e-19
6.569971909553316891e+00 1.462693682568375361e-19
6.576027076418077044e+00 1.464484316839964098e-19
6.582087823983370001e+00 1.466485740212565945e-19
6.588154157392611232e+00 1.468696648267073226e-19
6.594226081793958194e+00 1.471115813946768588e-19
6.600303602340298781e+00 1.473742085138980514e-19
6.606386724189287740e+00 1.476574382322934246e-19
6.612475452503318252e+00 1.479611696279917618e-19
6.618569792449550349e+00 1.482853085862743867e-19
6.624669749199909141e+00 1.486297675821009354e-19
6.630775327931072383e+00 1.489944654679187727e-19
6.636886533824505996e+00 1.493793272664505286e-19
6.643003372066436540e+00 1.497842839681635219e-19
6.649125847847880522e+00 1.502092723331576039e-19
6.655253966364637286e+00 1.506542346971747340e-19
6.661387732817288132e+00 1.511191187814884361e-19
6.667527152411216740e+00 1.516038775064187225e-19
6.673672230356594959e+00 1.521084688082144105e-19
6.679822971868402348e+00 1.526328554590709000e-19
6.685979382166429730e+00 1.531770048900612821e-19
6.692141466475264089e+00 1.537408890167625938e-19
6.698309230024323213e+00 1.543244840673239830e-19
6.704482678047831712e+00 1.549277704128248291e-19
6.710661815784847661e+00 1.555507323996762505e-19
6.716846648479256388e+00 1.561933581838912939e-19
6.723037181379766913e+00 1.568556395670119773e-19
6.729233419739941269e+00 1.575375718335484766e-19
6.735435368818166957e+00 1.582391535897032207e-19
6.741643033877689817e+00 1.589603866032346072e-19
6.747856420186605142e+00 1.597012756442868854e-19
6.754075533017854127e+00 1.604618283270285682e-19
6.760300377649252290e+00 1.612420549518975845e-19
6.766530959363463715e+00 1.620419683483824902e-19
6.772767283448032138e+00 1.628615837180926165e-19
6.779009355195376507e+00 1.637009184780495559e-19
6.785257179902780322e+00 1.645599921040018557e-19
6.791510762872424500e+00 1.654388259736700892e-19
6.797770109411362505e+00 1.663374432097578539e-19
6.804035224831550543e+00 1.672558685226144654e-19
6.810306114449837800e+00 1.681941280524169634e-19
6.816582783587967320e+00 1.691522492107484590e-19
6.822865237572592889e+00 1.701302605214797286e-19
6.829153481735280806e+00 1.711281914607954057e-19
6.835447521412500116e+00 1.721460722962874698e-19
6.841747361945650141e+00 1.731839339250184099e-19
6.848053008681041831e+00 1.742418077104042030e-19
6.854364466969922631e+00 1.753197253178781062e-19
6.860681742168472041e+00 1.764177185492042036e-19
6.867004839637795399e+00 1.775358191753402707e-19
6.873333764743953189e+00 1.786740587678029872e-19
6.879668522857937063e+00 1.798324685284128168e-19
6.886009119355700925e+00 1.810110791173769545e-19
6.892355559618151162e+00 1.822099204795756210e-19
6.898707849031145756e+00 1.834290216690482879e-19
6.905065992985516488e+00 1.846684106715820902e-19
6.911429996877052950e+00 1.859281142253171337e-19
6.917799866106527418e+00 1.872081576393457539e-19
6.924175606079689516e+00 1.885085646102342010e-19
6.930557222207260004e+00 1.898293570364222163e-19
6.936944719904961865e+00 1.911705548304338603e-19
6.943338104593492766e+00 1.925321757288875572e-19
6.949737381698559702e+00 1.939142351002658012e-19
6.956142556650869224e+00 1.953167457503664765e-19
6.962553634886121223e+00 1.967397177254812187e-19
6.968970621845041791e+00 1.981831581132149218e-19
6.975393522973355687e+00 1.996470708409771562e-19
6.981822343721817425e+00 2.011314564720801139e-19
6.988257089546205947e+00 2.026363119994998949e-19
6.994697765907316622e+00 2.041616306372521438e-19
7.001144378270993229e+00 2.057074016093973249e-19
7.007596932108102195e+00 2.072736099366943874e-19
7.014055432894561903e+00 2.088602362209283181e-19
7.020519886111340924e+00 2.104672564269012027e-19
7.026990297244443795e+00 2.120946416621339827e-19
7.033466671784948332e+00 2.137423579543364451e-19
7.039949015228979867e+00 2.154103660266356943e-19
7.046437333077737897e+00 2.170986210706650836e-19
7.052931630837492527e+00 2.188070725175203729e-19
7.059431914019577370e+00 2.205356638066838616e-19
7.065938188140422405e+00 2.222843321529657517e-19
7.072450458721523781e+00 2.240530083115221820e-19
7.078968731289480232e+00 2.258416163410968564e-19
7.085493011375982420e+00 2.276500733654824385e-19
7.092023304517808491e+00 2.294782893333985433e-19
7.098559616256856053e+00 2.313261667768102069e-19
7.105101952140112864e+00 2.331936005678597353e-19
7.111650317719691472e+00 2.350804776745196866e-19
7.118204718552821220e+00 2.369866769150680998e-19
7.124765160201842917e+00 2.389120687115727841e-19
7.131331648234238152e+00 2.408565148425124062e-19
7.137904188222603530e+00 2.428198681946667842e-19
7.144482785744685316e+00 2.448019725145002277e-19
7.151067446383368775e+00 2.468026621591634481e-19
7.157658175726673733e+00 2.488217618473082201e-19
7.164254979367781218e+00 2.508590864099317990e-19
7.170857862905027247e+00 2.529144405414292415e-19
7.177466831941897496e+00 2.549876185510793028e-19
7.184081892087054833e+00 2.570784041151753744e-19
7.190703048954318000e+00 2.591865700300419170e-19
7.197330308162690038e+00 2.613118779661851699e-19
7.203963675336353845e+00 2.634540782238079963e-19
7.210603156104662403e+00 2.656129094899431360e-19
7.217248756102174312e+00 2.677880985975396394e-19
7.223900480968624471e+00 2.699793602866863625e-19
7.230558336348958726e+00 2.721863969683244842e-19
7.237222327893323204e+00 2.744088984907586421e-19
7.243892461257061655e+00 2.766465419092007328e-19
7.250568742100745645e+00 2.788989912587721528e-19
7.257251176090146139e+00 2.811658973311827368e-19
7.263939768896270799e+00 2.834468974555113963e-19
7.270634526195351555e+00 2.857416152833885195e-19
7.277335453668840159e+00 2.880496605789251145e-19
7.284042557003441054e+00 2.903706290138122559e-19
7.290755841891084721e+00 2.927041019678967206e-19
7.297475314028956994e+00 2.950496463356569505e-19
7.304200979119497283e+00 2.974068143389473397e-19
7.310932842870387915e+00 2.997751433464307947e-19
7.317670910994585221e+00 3.021541557000868246e-19
7.324415189210299104e+00 3.045433585492075495e-19
7.331165683241017028e+00 3.069422436923343680e-19
7.337922398815504899e+00 3.093502874275086217e-19
7.344685341667796408e+00 3.117669504113323313e-19
7.351454517537222344e+00 3.141916775272088286e-19
7.358229932168391052e+00 3.166238977632972024e-19
7.365011591311216854e+00 3.190630241005577496e-19
7.371799500720911169e+00 3.215084534113560975e-19
7.378593666157978959e+00 3.239595663691252923e-19
7.385394093388250703e+00 3.264157273695199614e-19
7.392200788182855753e+00 3.288762844635251548e-19
7.399013756318251644e+00 3.313405693029972092e-19
7.405833003576222318e+00 3.338078970991187430e-19
7.412658535743866572e+00 3.362775665942284644e-19
7.419490358613634484e+00 3.387488600474888334e-19
7.426328477983297205e+00 3.412210432348832218e-19
7.433172899655983379e+00 3.436933654640034918e-19
7.440023629440167596e+00 3.461650596041006179e-19
7.446880673149667729e+00 3.486353421318544123e-19
7.453744036603674239e+00 3.511034131933510097e-19
7.460613725626726200e+00 3.535684566826907089e-19
7.467489746048743271e+00 3.560296403377141061e-19
7.474372103705015924e+00 3.584861158532835125e-19
7.481260804436202783e+00 3.609370190125218395e-19
7.488155854088360819e+00 3.633814698365135925e-19
7.495057258512917819e+00 3.658185727528301446e-19
7.501965023566709689e+00 3.682474167833055468e-19
7.508879155111965353e+00 3.706670757514905279e-19
7.515799659016310308e+00 3.730766085101226838e-19
7.522726541152788826e+00 3.754750591890401723e-19
7.529659807399845306e+00 3.778614574638726295e-19
7.536599463641352692e+00 3.802348188458407117e-19
7.543545515766606258e+00 3.825941449930304776e-19
7.550497969670318277e+00 3.849384240433953431e-19
7.557456831252646445e+00 3.872666309698493179e-19
7.564422106419183223e+00 3.895777279576376674e-19
7.571393801080954944e+00 3.918706648043035469e-19
7.578371921154450241e+00 3.941443793424345358e-19
7.585356472561596064e+00 3.963977978853879710e-19
7.592347461229786987e+00 3.986298356962092922e-19
7.599344893091883435e+00 4.008393974798411874e-19
7.606348774086199249e+00 4.030253778987532502e-19
7.613359110156538101e+00 4.051866621121395306e-19
7.620375907252166847e+00 4.073221263386624096e-19
7.627399171327845728e+00 4.094306384428201221e-19
7.634428908343823927e+00 4.115110585449261820e-19
7.641465124265831577e+00 4.135622450309069434e-19
7.648507825065114396e+00 4.155833702175176714e-19
7.655557016718403496e+00 4.175741034703287438e-19
7.662612705207951791e+00 4.195341670453323947e-19
7.669674896521524232e+00 4.214632942964842585e-19
7.676743596652395141e+00 4.233612297183496220e-19
7.683818811599374854e+00 4.252277289820731514e-19
7.690900547366789297e+00 4.270625589647043047e-19
7.697988809964508405e+00 4.288654977719126653e-19
7.705083605407943459e+00 4.306363347542122158e-19
7.712184939718034649e+00 4.323748705166591177e-19
7.719292818921289268e+00 4.340809169222303223e-19
7.726407249049753290e+00 4.357542970888114161e-19
7.733528236141042456e+00 4.373948453799798425e-19
7.740655786238338720e+00 4.390024073896104620e-19
7.747789905390379595e+00 4.405768399204049002e-19
7.754930599651496337e+00 4.421180109564467573e-19
7.762077875081581091e+00 4.436257996298403603e-19
7.769231737746125077e+00 4.451000961815867484e-19
7.776392193716208823e+00 4.465408019167490831e-19
7.783559249068496833e+00 4.479478291540091726e-19
7.790732909885268676e+00 4.493211011697906586e-19
7.797913182254395892e+00 4.506605521369688962e-19
7.805100072269371303e+00 4.519661270583406670e-19
7.812293586029303682e+00 4.532377816949403920e-19
7.819493729638912427e+00 4.544754824893712684e-19
7.826700509208557754e+00 4.556792064841727065e-19
7.833913930854214946e+00 4.568489412354551790e-19
7.841134000697510764e+00 4.579846847218688314e-19
7.848360724865711013e+00 4.590864452490380675e-19
7.855594109491718768e+00 4.601542413496119482e-19
7.862834160714104570e+00 4.611881016790285301e-19
7.870080884677079780e+00 4.621880649071518386e-19
7.877334287530531221e+00 4.631541796059127304e-19
7.884594375430014956e+00 4.640865041330642878e-19
7.891861154536745637e+00 4.649851065122295090e-19
7.899134631017634689e+00 4.658500643093310430e-19
7.906414811045261004e+00 4.666814645055272876e-19
7.913701700797902028e+00 4.674794033669193764e-19
7.920995306459531982e+00 4.682439863109693524e-19
7.928295634219811205e+00 4.689753277699330529e-19
7.935602690274121684e+00 4.696735510513443969e-19
7.942916480823537739e+00 4.703387881957616726e-19
7.950237012074863330e+00 4.709711798318576801e-19
7.957564290240619620e+00 4.715708750290027942e-19
7.964898321539044979e+00 4.721380311475215034e-19
7.972239112194118071e+00 4.726728136866915670e-19
7.979586668435554309e+00 4.731753961306689459e-19
7.986940996498800516e+00 4.736459597924675428e-19
7.994302102625064244e+00 4.740846936561078665e-19
8.001669993061289787e+00 4.744917942170977426e-19
8.009044674060191937e+00 4.748674653213381930e-19
8.016426151880247986e+00 4.752119180026288737e-19
8.023814432785687956e+00 4.755253703188868008e-19
8.031209523046536347e+00 4.758080471871687831e-19
8.038611428938578385e+00 4.760601802177007505e-19
8.046020156743393770e+00 4.762820075469876425e-19
8.053435712748354902e+00 4.764737736701084362e-19
8.060858103246610895e+00 4.766357292723891950e-19
8.068287334537133759e+00 4.767681310605313682e-19
8.075723412924682876e+00 4.768712415932563933e-19
8.083166344719835195e+00 4.769453291117456676e-19
8.090616136238994116e+00 4.769906673698013575e-19
8.098072793804361069e+00 4.770075354639805325e-19
8.105536323743987026e+00 4.769962176637240998e-19
8.113006732391740528e+00 4.769570032416777541e-19
8.120484026087332552e+00 4.768901863042072531e-19
8.127968211176325397e+00 4.767960656222913692e-19
8.135459294010111364e+00 4.766749444628670478e-19
8.142957280945955389e+00 4.765271304207503239e-19
8.150462178346966624e+00 4.763529352511369429e-19
8.157973992582125078e+00 4.761526747029407605e-19
8.165492730026288726e+00 4.759266683529008789e-19
8.173018397060172191e+00 4.756752394406547315e-19
8.180551000070391154e+00 4.753987147047993635e-19
8.188090545449428603e+00 4.750974242200818849e-19
8.195637039595672135e+00 4.747717012357236214e-19
8.203190488913408629e+00 4.744218820150895290e-19
8.210750899812811809e+00 4.740483056766069574e-19
8.218318278709981328e+00 4.736513140361592921e-19
8.225892632026912565e+00 4.732312514509261620e-19
8.233473966191532156e+00 4.727884646648367089e-19
8.241062287637694439e+00 4.723233026555553207e-19
8.248657602805167244e+00 4.718361164832675306e-19
8.256259918139672749e+00 4.713272591411095047e-19
8.263869240092851953e+00 4.707970854074958230e-19
8.271485575122310863e+00 4.702459517002320195e-19
8.279108929691604501e+00 4.696742159326215190e-19
8.286739310270231584e+00 4.690822373714947481e-19
8.294376723333671819e+00 4.684703764972761693e-19
8.302021175363353933e+00 4.678389948661266971e-19
8.309672672846694752e+00 4.671884549741892293e-19
8.317331222277090319e+00 4.665191201239911243e-19
8.324996830153907013e+00 4.658313542930393487e-19
8.332669502982520626e+00 4.651255220046520152e-19
8.340349247274282618e+00 4.644019882010637701e-19
8.348036069546560967e+00 4.636611181187963625e-19
8.355729976322727737e+00 4.629032771664009003e-19
8.363430974132157303e+00 4.621288308045343338e-19
8.371139069510256547e+00 4.613381444284076244e-19
8.378854268998441768e+00 4.605315832526732980e-19
8.386576579144165322e+00 4.597095121987001868e-19
8.394306006500919182e+00 4.588722957843344515e-19
8.402042557628220720e+00 4.580202980160945933e-19
8.409786239091644688e+00 4.571538822838439823e-19
8.417537057462819661e+00 4.562734112579825985e-19
8.425295019319413825e+00 4.553792467891175411e-19
8.433060131245179392e+00 4.544717498102462022e-19
8.440832399829913513e+00 4.535512802414902381e-19
8.448611831669508021e+00 4.526181968972838500e-19
8.456398433365926337e+00 4.516728573961803662e-19
8.464192211527205245e+00 4.507156180731121701e-19
8.471993172767492197e+00 4.497468338942297369e-19
8.479801323707011562e+00 4.487668583742589213e-19
8.487616670972098376e+00 4.477760434963609896e-19
8.495439221195201895e+00 4.467747396345446059e-19
8.503268981014866057e+00 4.457632954785783502e-19
8.511105957075770334e+00 4.447420579614082920e-19
8.518950156028703091e+00 4.437113721890934301e-19
8.526801584530595335e+00 4.426715813732180696e-19
8.534660249244513608e+00 4.416230267657585082e-19
8.542526156839647555e+00 4.405660475964721133e-19
8.550399313991359662e+00 4.395009810126634775e-19
8.558279727381139068e+00 4.384281620214492763e-19
8.566167403696651306e+00 4.373479234344254335e-19
8.574062349631720537e+00 4.362605958146830557e-19
8.581964571886333104e+00 4.351665074263029413e-19
8.589874077166662403e+00 4.340659841861178730e-19
8.597790872185049338e+00 4.329593496178970066e-19
8.605714963660032524e+00 4.318469248087789289e-19
8.613646358316339402e+00 4.307290283680699974e-19
8.621585062884889794e+00 4.296059763882710776e-19
8.629531084102815441e+00 4.284780824083859774e-19
8.637484428713447571e+00 4.273456573794316048e-19
8.645445103466339987e+00 4.262090096321825415e-19
8.653413115117272625e+00 4.250684448470636541e-19
8.661388470428232011e+00 4.239242660262011911e-19
8.669371176167459225e+00 4.227767734676186923e-19
8.677361239109412594e+00 4.216262647414864207e-19
8.685358666034812103e+00 4.204730346684875840e-19
8.693363463730623408e+00 4.193173753001722119e-19
8.701375638990052508e+00 4.181595759013765456e-19
8.709395198612588374e+00 4.169999229345816460e-19
8.717422149403963871e+00 4.158387000462367871e-19
8.725456498176203723e+00 4.146761880550258723e-19
8.733498251747606744e+00 4.135126649419879436e-19
8.741547416942742288e+00 4.123484058425327094e-19
8.749604000592487552e+00 4.111836830402707314e-19
8.757668009534000930e+00 4.100187659626594747e-19
8.765739450610752215e+00 4.088539211783944917e-19
8.773818330672520815e+00 4.076894123965817535e-19
8.781904656575379775e+00 4.065255004675906920e-19
8.789998435181747283e+00 4.053624433855655650e-19
8.798099673360344042e+00 4.042004962926471426e-19
8.806208377986232350e+00 4.030399114847559376e-19
8.814324555940817874e+00 4.018809384189926397e-19
8.822448214111826559e+00 4.007238237225859376e-19
8.830579359393352590e+00 3.995688112033561931e-19
8.838717998685840627e+00 3.984161418617034395e-19
8.846864138896082252e+00 3.972660539040311143e-19
8.855017786937255053e+00 3.961187827576292597e-19
8.863178949728883538e+00 3.949745610869504126e-19
8.871347634196890652e+00 3.938336188112810228e-19
8.879523847273576465e+00 3.926961831237283779e-19
8.887707595897623492e+00 3.915624785115782123e-19
8.895898887014119794e+00 3.904327267778917487e-19
8.904097727574541210e+00 3.893071470644116977e-19
8.912304124536781558e+00 3.881859558756716267e-19
8.920518084865149078e+00 3.870693671043318087e-19
8.928739615530355778e+00 3.859575920577140596e-19
8.936968723509556511e+00 3.848508394854384957e-19
8.945205415786318781e+00 3.837493156082539346e-19
8.953449699350660040e+00 3.826532241479407982e-19
8.961701581199040589e+00 3.815627663582830515e-19
8.969961068334351140e+00 3.804781410571509696e-19
8.978228167765962553e+00 3.793995446595283808e-19
8.986502886509681431e+00 3.783271712116328743e-19
8.994785231587794527e+00 3.772612124259809666e-19
9.003075210029063413e+00 3.762018577174080948e-19
9.011372828868713825e+00 3.751492942400500346e-19
9.019678095148471186e+00 3.741037069252463091e-19
9.027991015916533968e+00 3.730652785203337620e-19
9.036311598227610986e+00 3.720341896283164299e-19
9.044639849142910748e+00 3.710106187484022260e-19
9.052975775730139674e+00 3.699947423173861681e-19
9.061319385063532295e+00 3.689867347518447586e-19
9.069670684223828161e+00 3.679867684911620300e-19
9.078029680298303816e+00 3.669950140413020328e-19
9.086396380380767468e+00 3.660116400193951724e-19
9.094770791571555435e+00 3.650368131990709894e-19
9.103152920977564122e+00 3.640706985565204815e-19
9.111542775712219822e+00 3.631134593173056862e-19
9.119940362895519570e+00 3.621652570038760319e-19
9.128345689654024042e+00 3.612262514837845719e-19
9.136758763120848670e+00 3.602966010186190270e-19
9.145179590435697392e+00 3.593764623135700226e-19
9.153608178744839563e+00 3.584659905677099451e-19
9.162044535201143702e+00 3.575653395249196820e-19
9.170488666964072166e+00 3.566746615254532769e-19
9.178940581199670490e+00 3.557941075581618317e-19
9.187400285080604689e+00 3.549238273133557575e-19
9.195867785786138171e+00 3.540639692362706599e-19
9.204343090502161928e+00 3.532146805811897263e-19
9.212826206421189212e+00 3.523761074661645477e-19
9.221317140742348428e+00 3.515483949283550297e-19
9.229815900671425766e+00 3.507316869799776101e-19
9.238322493420822568e+00 3.499261266648671245e-19
9.246836926209608620e+00 3.491318561156520333e-19
9.255359206263500838e+00 3.483490166115009273e-19
9.263889340814868589e+00 3.475777486365210086e-19
9.272427337102758571e+00 3.468181919387317028e-19
9.280973202372873487e+00 3.460704855896669907e-19
9.289526943877611131e+00 3.453347680445518597e-19
9.298088568876048399e+00 3.446111772031366530e-19
9.306658084633941286e+00 3.438998504711294684e-19
9.315235498423756866e+00 3.432009248222465391e-19
9.323820817524660853e+00 3.425145368608922500e-19
9.332414049222517605e+00 3.418408228854838587e-19
9.341015200809925645e+00 3.411799189524165883e-19
9.349624279586180364e+00 3.405319609406849324e-19
9.358241292857327309e+00 3.398970846171573802e-19
9.366866247936137313e+00 3.392754257025168395e-19
9.375499152142110049e+00 3.386671199379292052e-19
9.384140012801513109e+00 3.380723031523395406e-19
9.392788837247341149e+00 3.374911113305540377e-19
9.401445632819367404e+00 3.369236806819827166e-19
9.410110406864125920e+00 3.363701477101691075e-19
9.418783166734909784e+00 3.358306492830519784e-19
9.427463919791804869e+00 3.353053227040292617e-19
9.436152673401666746e+00 3.347943057837781480e-19
9.444849434938147326e+00 3.342977369129169086e-19
9.453554211781701966e+00 3.338157551355164854e-19
9.462267011319571708e+00 3.333485002234243908e-19
9.470987840945820579e+00 3.328961127515137755e-19
9.479716708061312502e+00 3.324587341738157768e-19
9.488453620073746819e+00 3.320365069005914304e-19
9.497198584397649412e+00 3.316295743763470488e-19
9.505951608454363821e+00 3.312380811588673081e-19
9.514712699672095653e+00 3.308621729992336888e-19
9.523481865485873499e+00 3.305019969229027565e-19
9.532259113337595124e+00 3.301577013118619035e-19
9.541044450676018585e+00 3.298294359878912965e-19
9.549837884956749789e+00 3.295173522969890863e-19
9.558639423642285138e+00 3.292216031949563641e-19
9.567449074201983095e+00 3.289423433342226571e-19
9.576266844112097942e+00 3.286797291519123982e-19
9.585092740855774451e+00 3.284339189592294043e-19
9.593926771923038999e+00 3.282050730321577290e-19
9.602768944810842200e+00 3.279933537035943472e-19
9.611619267023025159e+00 3.277989254568492505e-19
9.620477746070356773e+00 3.276219524792261460e-19
9.629344389470530174e+00 3.274624932103763608e-19
9.638219204748152080e+00 3.273204627072099165e-19
9.647102199434785419e+00 3.271957685742562589e-19
9.655993381068910253e+00 3.270883212845046231e-19
9.664892757195973516e+00 3.269980341373230411e-19
9.673800335368376579e+00 3.269248232173162897e-19
9.682716123145462817e+00 3.268686073541142547e-19
9.691640128093565565e+00 3.268293080830578266e-19
9.700572357785970823e+00 3.268068496067742873e-19
9.709512819802959882e+00 3.268011587575995758e-19
9.718461521731796893e+00 3.268121649608489266e-19
9.727418471166730640e+00 3.268398001989033799e-19
9.736383675709024743e+00 3.268839989761060010e-19
9.745357142966925679e+00 3.269446982844264973e-19
9.754338880555714297e+00 3.270218375698983747e-19
9.763328896097682730e+00 3.271153586998017648e-19
9.772327197222137940e+00 3.272252059305625066e-19
9.781333791565437252e+00 3.273513258763854882e-19
9.790348686770954600e+00 3.274936674785581642e-19
9.799371890489123160e+00 3.276521819754466859e-19
9.808403410377430021e+00 3.278268228731405880e-19
9.817443254100403749e+00 3.280175459167609102e-19
9.826491429329649918e+00 3.282243090623764796e-19
9.835547943743844002e+00 3.284470724495650902e-19
9.844612805028727820e+00 3.286857983745440357e-19
9.853686020877143292e+00 3.289404512639014848e-19
9.862767598989004014e+00 3.292109976489141567e-19
9.871857547071332561e+00 3.294974061403956391e-19
9.880955872838256937e+00 3.297996474041083297e-19
9.890062584010998137e+00 3.301176941366980748e-19
9.899177688317918111e+00 3.304515210421711017e-19
9.908301193494475356e+00 3.308011048088234961e-19
9.917433107283274651e+00 3.311664240867445115e-19
9.926573437434059954e+00 3.315474594657119966e-19
9.935722191703696637e+00 3.319441934536407094e-19
9.944879377856226554e+00 3.323566104554247738e-19
9.954045003662820079e+00 3.327846967522625321e-19
9.963219076901829396e+00 3.332284404814123733e-19
9.972401605358774290e+00 3.336878316163639845e-19
9.981592596826335040e+00 3.341628619474227621e-19
9.990792059104393275e+00 3.346535250627078165e-19
1.000000000000000000e+01 3.351598163295425780e-19
