1.000000000000000021e-03 3.775788662663805098e+03
1.001844134890810109e-03 3.782255344370781586e+03
1.003691670615116955e-03 3.788732463304002067e+03
1.005542613444513830e-03 3.795220033654652980e+03
1.007396969662164394e-03 3.801718069625283533e+03
1.009254745562814838e-03 3.808226585429698389e+03
1.011115947452822942e-03 3.814745595293007227e+03
1.012980581650176288e-03 3.821275113451605193e+03
1.014848654484510476e-03 3.827815154153120147e+03
1.016720172297138182e-03 3.834365731656422668e+03
1.018595141441061948e-03 3.840926860231626961e+03
1.020473568281003024e-03 3.847498554160028561e+03
1.022355459193420666e-03 3.854080827734143895e+03
1.024240820566529485e-03 3.860673695257647069e+03
1.026129658800329367e-03 3.867277171045386240e+03
1.028021980306618273e-03 3.873891269423328140e+03
1.029917791509021505e-03 3.880516004728611279e+03
1.031817098843010360e-03 3.887151391309458631e+03
1.033719908755921426e-03 3.893797443524132177e+03
1.035626227706984339e-03 3.900454175690364082e+03
1.037536062167336961e-03 3.907121602062897182e+03
1.039449418620053568e-03 3.913799736900989501e+03
1.041366303560164151e-03 3.920488594474065394e+03
1.043286723494673499e-03 3.927188189061610501e+03
1.045210684942590035e-03 3.933898534953221315e+03
1.047138194434940345e-03 3.940619646448536059e+03
1.049069258514797806e-03 3.947351537857254243e+03
1.051003883737302311e-03 3.954094223499070267e+03
1.052942076669679356e-03 3.960847717703704348e+03
1.054883843891269097e-03 3.967612034810851128e+03
1.056829191993540872e-03 3.974387189170146939e+03
1.058778127580122918e-03 3.981173195141187534e+03
1.060730657266821227e-03 3.987970067093461239e+03
1.062686787681639067e-03 3.994777819406366689e+03
1.064646525464805820e-03 4.001596466469151892e+03
1.066609877268796282e-03 4.008426022680972892e+03
1.068576849758350392e-03 4.015266502450730059e+03
1.070547449610502943e-03 4.022117920197216336e+03
1.072521683514597460e-03 4.028980290348931703e+03
1.074499558172317204e-03 4.035853627344216420e+03
1.076481080297704042e-03 4.042737945631090042e+03
1.078466256617178175e-03 4.049633259667317361e+03
1.080455093869568282e-03 4.056539583920353834e+03
1.082447598806126916e-03 4.063456932867327851e+03
1.084443778190558906e-03 4.070385320995040729e+03
1.086443638799043264e-03 4.077324762799887594e+03
1.088447187420251393e-03 4.084275272787881931e+03
1.090454430855378317e-03 4.091236865474651040e+03
1.092465375918157209e-03 4.098209555385314161e+03
1.094480029434889961e-03 4.105193357054596163e+03
1.096498398244466922e-03 4.112188285026716585e+03
1.098520489198387060e-03 4.119194353855345071e+03
1.100546309160788756e-03 4.126211578103665488e+03
1.102575865008464549e-03 4.133239972344271337e+03
1.104609163630891925e-03 4.140279551153596913e+03
1.106646211930253487e-03 4.147330329036573858e+03
1.108687016821456898e-03 4.154392320446286249e+03
1.110731585232166765e-03 4.161465539842702128e+03
1.112779924102818294e-03 4.168550001694081402e+03
1.114832040386649382e-03 4.175645720476937640e+03
1.116887941049720789e-03 4.182752710676115385e+03
1.118947633070935645e-03 4.189870986784572779e+03
1.121011123442072419e-03 4.197000563303551644e+03
1.123078419167798138e-03 4.204141454742391943e+03
1.125149527265701570e-03 4.211293675618579073e+03
1.127224454766311869e-03 4.218457240457750231e+03
1.129303208713120909e-03 4.225632163793546169e+03
1.131385796162613861e-03 4.232818460167704870e+03
1.133472224184284369e-03 4.240016144129950590e+03
1.135562499860666864e-03 4.247225230238015683e+03
1.137656630287356722e-03 4.254445733057591497e+03
1.139754622573031090e-03 4.261677667162258331e+03
1.141856483839481405e-03 4.268921047133560023e+03
1.143962221221627709e-03 4.276175887560833871e+03
1.146071841867551174e-03 4.283442203041299763e+03
1.148185352938515353e-03 4.290720008179990145e+03
1.150302761608986563e-03 4.298009317589686361e+03
1.152424075066665974e-03 4.305310145890918648e+03
1.154549300512506095e-03 4.312622507711944309e+03
1.156678445160741779e-03 4.319946417688701331e+03
1.158811516238911904e-03 4.327281890464800199e+03
1.160948520987880846e-03 4.334628940691431126e+03
1.163089466661869050e-03 4.341987583027400433e+03
1.165234360528475148e-03 4.349357832139080529e+03
1.167383209868696559e-03 4.356739702700351700e+03
1.169536021976962667e-03 4.364133209392610297e+03
1.171692804161149782e-03 4.371538366904702343e+03
1.173853563742614532e-03 4.378955189932918984e+03
1.176018308056215331e-03 4.386383693180962837e+03
1.178187044450333416e-03 4.393823891359236768e+03
1.180359780286906017e-03 4.401275799131192798e+03
1.182536522941441976e-03 4.408739431071379840e+03
1.184717279803055787e-03 4.416214801750877996e+03
1.186902058274487545e-03 4.423701925746908273e+03
1.189090865772125935e-03 4.431200817642770744e+03
1.191283709726041187e-03 4.438711492027867280e+03
1.193480597580000692e-03 4.446233963497625155e+03
1.195681536791503045e-03 4.453768246653450660e+03
1.197886534831798860e-03 4.461314356102732745e+03
1.200095599185913974e-03 4.468872306458772982e+03
1.202308737352681756e-03 4.476442112340740096e+03
1.204525956844759802e-03 4.484023788373654497e+03
1.206747265188663765e-03 4.491617349188364642e+03
1.208972669924789035e-03 4.499222809421460624e+03
1.211202178607433295e-03 4.506840183715271451e+03
1.213435798804829912e-03 4.514469486717821383e+03
1.215673538099163982e-03 4.522110733082777188e+03
1.217915404086607244e-03 4.529763937469417215e+03
1.220161404377339762e-03 4.537429114542611387e+03
1.222411546595572043e-03 4.545106278972748441e+03
1.224665838379579300e-03 4.552795445435712281e+03
1.226924287381718579e-03 4.560496628612840141e+03
1.229186901268461505e-03 4.568209843190913489e+03
1.231453687720418782e-03 4.575935103862056167e+03
1.233724654432360795e-03 4.583672425323735297e+03
1.235999809113253606e-03 4.591421822278723994e+03
1.238279159486274129e-03 4.599183309435059527e+03
1.240562713288845915e-03 4.606956901505968744e+03
1.242850478272661263e-03 4.614742613209870797e+03
1.245142462203703993e-03 4.622540459270311658e+03
1.247438672862284355e-03 4.630350454415946842e+03
1.249739118043055727e-03 4.638172613380460461e+03
1.252043805555049091e-03 4.646006950902562494e+03
1.254352743221697321e-03 4.653853481725950587e+03
1.256665938880855782e-03 4.661712220596031329e+03
1.258983400384840060e-03 4.669583182183328063e+03
1.261305135600440707e-03 4.677466381078614177e+03
1.263631152408959454e-03 4.685361831872368384e+03
1.265961458706232846e-03 4.693269549158658265e+03
1.268296062402653928e-03 4.701189547535108431e+03
1.270634971423209103e-03 4.709121841602855966e+03
1.272978193707494186e-03 4.717066445966483116e+03
1.275325737209750824e-03 4.725023375233992738e+03
1.277677609898888837e-03 4.732992644016777376e+03
1.280033819758510287e-03 4.740974266929488294e+03
1.282394374786945254e-03 4.748968258590123696e+03
1.284759282997268532e-03 4.756974633619820452e+03
1.287128552417336064e-03 4.764993406642982336e+03
1.289502191089808136e-03 4.773024592287043561e+03
1.291880207072173235e-03 4.781068205182597012e+03
1.294262608436783394e-03 4.789124259963193253e+03
1.296649403270872620e-03 4.797192771265434203e+03
1.299040599676592675e-03 4.805273753728818519e+03
1.301436205771036494e-03 4.813367221995709770e+03
1.303836229686262472e-03 4.821473190711342795e+03
1.306240679569330675e-03 4.829591674523717302e+03
1.308649563582320189e-03 4.837722688083559660e+03
1.311062889902365764e-03 4.845866246044300169e+03
1.313480666721682536e-03 4.854022363062012118e+03
1.315902902247588577e-03 4.862191053795312655e+03
1.318329604702541758e-03 4.870372332905396433e+03
1.320760782324162949e-03 4.878566215055927387e+03
1.323196443365260745e-03 4.886772714913003256e+03
1.325636596093867888e-03 4.894991847145115571e+03
1.328081248793259485e-03 4.903223626423053247e+03
1.330530409761989871e-03 4.911468067419968065e+03
1.332984087313917329e-03 4.919725184811152758e+03
1.335442289778227725e-03 4.927994993274120134e+03
1.337905025499472452e-03 4.936277507487892763e+03
1.340372302837586436e-03 4.944572742073779409e+03
1.342844130167924772e-03 4.952880711547180908e+03
1.345320515881288318e-03 4.961201430413089838e+03
1.347801468383947763e-03 4.969534913177189082e+03
1.350286996097681356e-03 4.977881174345865475e+03
1.352777107459792252e-03 4.986240228426015165e+03
1.355271810923148199e-03 4.994612089925171858e+03
1.357771114956204299e-03 5.002996773351288539e+03
1.360275028043029470e-03 5.011394293212760203e+03
1.362783558683342651e-03 5.019804664018358380e+03
1.365296715392533191e-03 5.028227900277118351e+03
1.367814506701697059e-03 5.036664016498413730e+03
1.370336941157663298e-03 5.045113027191723631e+03
1.372864027323018312e-03 5.053574946866709979e+03
1.375395773776144246e-03 5.062049790033098361e+03
1.377932189111237635e-03 5.070537571200587990e+03
1.380473281938348219e-03 5.079038304878917188e+03
1.383019060883403442e-03 5.087552005577651471e+03
1.385569534588234047e-03 5.096078687806219932e+03
1.388124711710613099e-03 5.104618366073847028e+03
1.390684600924274638e-03 5.113171054889451625e+03
1.393249210918951408e-03 5.121736768761609710e+03
1.395818550400402180e-03 5.130315522198529834e+03
1.398392628090435602e-03 5.138907329707887584e+03
1.400971452726950534e-03 5.147512205796916533e+03
1.403555033063953175e-03 5.156130164972221792e+03
1.406143377871598701e-03 5.164761221739765460e+03
1.408736495936214897e-03 5.173405390604820241e+03
1.411334396060328613e-03 5.182062686071874850e+03
1.413937087062705229e-03 5.190733122644606738e+03
1.416544577778368168e-03 5.199416714825794770e+03
1.419156877058637281e-03 5.208113477117249204e+03
1.421773993771155735e-03 5.216823424019808954e+03
1.424395936799915593e-03 5.225546570019741921e+03
1.427022715045296640e-03 5.234282929485445493e+03
1.429654337424091743e-03 5.243032516723415938e+03
1.432290812869533745e-03 5.251795346037113632e+03
1.434932150331334711e-03 5.260571431727395066e+03
1.437578358775706095e-03 5.269360788092434632e+03
1.440229447185397988e-03 5.278163429427696428e+03
1.442885424559726222e-03 5.286979370025760545e+03
1.445546299914598392e-03 5.295808624176371268e+03
1.448212082282553754e-03 5.304651206166347947e+03
1.450882780712784044e-03 5.313507130279414923e+03
1.453558404271172071e-03 5.322376410796271557e+03
1.456238962040320344e-03 5.331259061994454896e+03
1.458924463119576223e-03 5.340155098148219622e+03
1.461614916625072905e-03 5.349064533528595348e+03
1.464310331689750019e-03 5.357987382403179254e+03
1.467010717463392878e-03 5.366923659036181562e+03
1.469716083112661102e-03 5.375873377688289111e+03
1.472426437821113985e-03 5.384836552616575318e+03
1.475141790789252783e-03 5.393813198074510183e+03
1.477862151234539357e-03 5.402803328311831137e+03
1.480587528391438899e-03 5.411806957574462103e+03
1.483317931511445292e-03 5.420824100104496210e+03
1.486053369863109958e-03 5.429854770140063010e+03
1.488793852732082186e-03 5.438898981915298464e+03
1.491539389421129083e-03 5.447956749660276728e+03
1.494289989250178292e-03 5.457028087600854633e+03
1.497045661556344444e-03 5.466113009958779912e+03
1.499806415693956483e-03 5.475211530951391069e+03
1.502572261034600164e-03 5.484323664791723786e+03
1.505343206967137788e-03 5.493449425688364499e+03
1.508119262897749833e-03 5.502588827845353990e+03
1.510900438249964013e-03 5.511741885462184655e+03
1.513686742464681297e-03 5.520908612702746723e+03
1.516478185000218843e-03 5.530089023588348937e+03
1.519274775332330168e-03 5.539283132095940346e+03
1.522076522954248293e-03 5.548490952196309991e+03
1.524883437376712853e-03 5.557712497853865898e+03
1.527695528127997852e-03 5.566947783026506841e+03
1.530512804753954813e-03 5.576196821665743300e+03
1.533335276818033376e-03 5.585459627716458272e+03
1.536162953901323586e-03 5.594736215116868152e+03
1.538995845602584732e-03 5.604026597798417242e+03
1.541833961538272230e-03 5.613330789685773198e+03
1.544677311342582734e-03 5.622648804696671505e+03
1.547525904667472344e-03 5.631980656741857274e+03
1.550379751182702362e-03 5.641326359724997928e+03
1.553238860575865531e-03 5.650685927542623176e+03
1.556103242552415739e-03 5.660059374084037700e+03
1.558972906835710956e-03 5.669446713231199283e+03
1.561847863167034481e-03 5.678847958858709717e+03
1.564728121305638099e-03 5.688263124833639267e+03
1.567613691028771350e-03 5.697692225015541226e+03
1.570504582131709284e-03 5.707135273256299115e+03
1.573400804427797133e-03 5.716592283400061206e+03
1.576302367748471343e-03 5.726063269283183217e+03
1.579209281943302944e-03 5.735548244734106447e+03
1.582121556880027469e-03 5.745047223573288647e+03
1.585039202444572934e-03 5.754560219613164008e+03
1.587962228541104498e-03 5.764087246657928517e+03
1.590890645092045939e-03 5.773628318503652736e+03
1.593824462038123668e-03 5.783183448938020774e+03
1.596763689338396436e-03 5.792752651740322108e+03
1.599708336970284174e-03 5.802335940681357897e+03
1.602658414929612665e-03 5.811933329523415523e+03
1.605613933230635006e-03 5.821544831986249847e+03
1.608574901906076500e-03 5.831170461631721992e+03
1.611541331007164792e-03 5.840810231970342102e+03
1.614513230603657626e-03 5.850464156502284823e+03
1.617490610783890335e-03 5.860132248717231050e+03
1.620473481654794703e-03 5.869814522094190579e+03
1.623461853341946889e-03 5.879510990101614880e+03
1.626455735989595832e-03 5.889221666197092418e+03
1.629455139760692525e-03 5.898946563827394129e+03
1.632460074836935334e-03 5.908685696428283336e+03
1.635470551418798405e-03 5.918439077424521201e+03
1.638486579725562239e-03 5.928206720229692110e+03
1.641508169995360093e-03 5.937988638246162736e+03
1.644535332485198582e-03 5.947784844864951992e+03
1.647568077471004734e-03 5.957595353465635526e+03
1.650606415247655697e-03 5.967420177416306615e+03
1.653650356129008877e-03 5.977259330073417914e+03
1.656699910447948778e-03 5.987112824781704148e+03
1.659755088556408038e-03 5.996980674874091164e+03
1.662815900825414693e-03 6.006862893671643178e+03
1.665882357645122325e-03 6.016759494483377239e+03
1.668954469424840849e-03 6.026670490606225030e+03
1.672032246593082487e-03 6.036595895324960111e+03
1.675115699597584532e-03 6.046535721912039662e+03
1.678204838905356404e-03 6.056489983627539004e+03
1.681299675002710008e-03 6.066458693719095209e+03
1.684400218395290310e-03 6.076441865421691546e+03
1.687506479608123040e-03 6.086439511957731156e+03
1.690618469185636592e-03 6.096451646536766020e+03
1.693736197691709947e-03 6.106478282355523334e+03
1.696859675709703249e-03 6.116519432597753621e+03
1.699988913842488377e-03 6.126575110413246875e+03
1.703123922712497518e-03 6.136645328782971774e+03
1.706264712961745068e-03 6.146730100603243955e+03
1.709411295251875990e-03 6.156829438755101364e+03
1.712563680264196815e-03 6.166943356104450686e+03
1.715721878699706226e-03 6.177071865502001856e+03
1.718885901279144490e-03 6.187214979783177114e+03
1.722055758743015145e-03 6.197372711767992769e+03
1.725231461851633790e-03 6.207545074260921865e+03
1.728413021385159527e-03 6.217732080050847799e+03
1.731600448143626615e-03 6.227933741910914250e+03
1.734793752946992614e-03 6.238150072598433326e+03
1.737992946635161587e-03 6.248381084854740038e+03
1.741198040068033534e-03 6.258626791405199583e+03
1.744409044125535191e-03 6.268887204958933580e+03
1.747625969707651897e-03 6.279162338208865549e+03
1.750848827734475741e-03 6.289452203831517181e+03
1.754077629146236781e-03 6.299756814486940129e+03
1.757312384903334922e-03 6.310076182818588677e+03
1.760553105986389791e-03 6.320410321453254255e+03
1.763799803396263501e-03 6.330759243000867173e+03
1.767052488154110743e-03 6.341122960054502073e+03
1.770311171301410446e-03 6.351501485190176936e+03
1.773575863899998521e-03 6.361894830966774862e+03
1.776846577032117078e-03 6.372303009925974038e+03
1.780123321800438502e-03 6.382726034592028554e+03
1.783406109328115755e-03 6.393163917471835703e+03
1.786694950758813604e-03 6.403616671054604922e+03
1.789989857256742232e-03 6.414084307811944200e+03
1.793290840006707540e-03 6.424566840197640886e+03
1.796597910214134137e-03 6.435064280642810445e+03
1.799911079105116730e-03 6.445576641442201435e+03
1.803230357926452216e-03 6.456103934747645326e+03
1.806555757945672424e-03 6.466646172685324018e+03
1.809887290451095941e-03 6.477203367361384153e+03
1.813224966751850664e-03 6.487775530861818879e+03
1.816568798177925839e-03 6.498362675252428744e+03
1.819918796080204808e-03 6.508964812578598867e+03
1.823274971830497531e-03 6.519581954865235275e+03
1.826637336821593065e-03 6.530214114116663950e+03
1.830005902467282328e-03 6.540861302316435285e+03
1.833380680202410795e-03 6.551523531427276794e+03
1.836761681482911241e-03 6.562200813390997610e+03
1.840148917785837130e-03 6.572893160128222917e+03
1.843542400609414445e-03 6.583600583538434876e+03
1.846942141473066189e-03 6.594323095499815281e+03
1.850348151917464426e-03 6.605060707868987265e+03
1.853760443504563456e-03 6.615813432481136260e+03
1.857179027817633865e-03 6.626581281149646202e+03
1.860603916461315210e-03 6.637364265666163192e+03
1.864035121061639660e-03 6.648162397800354483e+03
1.867472653266084902e-03 6.658975689299852093e+03
1.870916524743608620e-03 6.669804151890081812e+03
1.874366747184681671e-03 6.680647797274192271e+03
1.877823332301341210e-03 6.691506637132903961e+03
1.881286291827215630e-03 6.702380683124354618e+03
1.884755637517577034e-03 6.713269946884077399e+03
1.888231381149376364e-03 6.724174440024726209e+03
1.891713534521276578e-03 6.735094174136071160e+03
1.895202109453707076e-03 6.746029160784870328e+03
1.898697117788887773e-03 6.756979411464614714e+03
1.902198571390882869e-03 6.767944937465766998e+03
1.905706482145636200e-03 6.778925750013527249e+03
1.909220861961003976e-03 6.789921860307890711e+03
1.912741722766810948e-03 6.800933279523346755e+03
1.916269076514873606e-03 6.811960018808867062e+03
1.919802935179055255e-03 6.823002089287678245e+03
1.923343310755300717e-03 6.834059502057236386e+03
1.926890215261671015e-03 6.845132268188975104e+03
1.930443660738397809e-03 6.856220398728296459e+03
1.934003659247908761e-03 6.867323904694283556e+03
1.937570222874882399e-03 6.878442797079770571e+03
1.941143363726282808e-03 6.889577086850997148e+03
1.944723093931394978e-03 6.900726784947622946e+03
1.948309425641880314e-03 6.911891902282570300e+03
1.951902371031800703e-03 6.923072449741785022e+03
1.955501942297675766e-03 6.934268438184247316e+03
1.959108151658515810e-03 6.945479878441718938e+03
1.962721011355859999e-03 6.956706781318715002e+03
1.966340533653829475e-03 6.967949157592283882e+03
1.969966730839154898e-03 6.979207018011895343e+03
1.973599615221230657e-03 6.990480373299295934e+03
1.977239199132151733e-03 7.001769234148413489e+03
1.980885494926748827e-03 7.013073611225191598e+03
1.984538514982645170e-03 7.024393515167444093e+03
1.988198271700281246e-03 7.035728956584737716e+03
1.991864777502972035e-03 7.047079946058213864e+03
1.995538044836943446e-03 7.058446494140526738e+03
1.999218086171366138e-03 7.069828611351459585e+03
2.002904913998415810e-03 7.081226308066424281e+03
2.006598540833295311e-03 7.092639594504053093e+03
2.010298979214294925e-03 7.104068480845793601e+03
2.014006241702826199e-03 7.115512977242189663e+03
2.017720340883459671e-03 7.126973093812779553e+03
2.021441289363982551e-03 7.138448840645972268e+03
2.025169099775423007e-03 7.149940227798867454e+03
2.028903784772109146e-03 7.161447265297122613e+03
2.032645357031706308e-03 7.172969963134782120e+03
2.036393829255251763e-03 7.184508331274243574e+03
2.040149214167214127e-03 7.196062379645900364e+03
2.043911524515518944e-03 7.207632118148214431e+03
2.047680773071606803e-03 7.219217556647445235e+03
2.051456972630471502e-03 7.230818704977499692e+03
2.055240136010695173e-03 7.242435572939871236e+03
2.059030276054505965e-03 7.254068170303414263e+03
2.062827405627814907e-03 7.265716506804193159e+03
2.066631537620252333e-03 7.277380592145429546e+03
2.070442684945229036e-03 7.289060435997219429e+03
2.074260860539959249e-03 7.300756047996481357e+03
2.078086077365522664e-03 7.312467437746788164e+03
2.081918348406901296e-03 7.324194614818199625e+03
2.085757686673016340e-03 7.335937588747132395e+03
2.089604105196788027e-03 7.347696369036151737e+03
2.093457617035161637e-03 7.359470965153945144e+03
2.097318235269168222e-03 7.371261386535037673e+03
2.101185973003962763e-03 7.383067642579749190e+03
2.105060843368860169e-03 7.394889742633982678e+03
2.108942859517397295e-03 7.406727695840694651e+03
2.112832034627358524e-03 7.418581511222550944e+03
2.116728381900836054e-03 7.430451197764914468e+03
2.120631914564269794e-03 7.442336764416514598e+03
2.124542645868483359e-03 7.454238220089076094e+03
2.128460589088743485e-03 7.466155573657205423e+03
2.132385757524798628e-03 7.478088833958362557e+03
2.136318164500917126e-03 7.490038009792539924e+03
2.140257823365947047e-03 7.502003109922219664e+03
2.144204747493345248e-03 7.513984143072122606e+03
2.148158950281238953e-03 7.525981117929143693e+03
2.152120445152460888e-03 7.537994043142097325e+03
2.156089245554592207e-03 7.550022927321639145e+03
2.160065364960022348e-03 7.562067779040082314e+03
2.164048816865975916e-03 7.574128606831201068e+03
2.168039614794574702e-03 7.586205419190084285e+03
2.172037772292878446e-03 7.598298224573042717e+03
2.176043302932921270e-03 7.610407031397340688e+03
2.180056220311775862e-03 7.622531848041126068e+03
2.184076538051580793e-03 7.634672682843178336e+03
2.188104269799601674e-03 7.646829544102893124e+03
2.192139429228271916e-03 7.659002440079908411e+03
2.196182030035232630e-03 7.671191378994152728e+03
2.200232085943392910e-03 7.683396369025554122e+03
2.204289610700961490e-03 7.695617418313925555e+03
2.208354618081505294e-03 7.707854534958781187e+03
2.212427121883993666e-03 7.720107726984514557e+03
2.216507135932834372e-03 7.732377002195105888e+03
2.220594674077940381e-03 7.744662368294493717e+03
2.224689750194754588e-03 7.756963832943894886e+03
2.228792378184316601e-03 7.769281403761673573e+03
2.232902571973300471e-03 7.781615088323155760e+03
2.237020345514055888e-03 7.793964894160557378e+03
2.241145712784673241e-03 7.806330828762694182e+03
2.245278687789008763e-03 7.818712899574827134e+03
2.249419284556753058e-03 7.831111113998549627e+03
2.253567517143467962e-03 7.843525479391569206e+03
2.257723399630628611e-03 7.855956003067613892e+03
2.261886946125688490e-03 7.868402692296100213e+03
2.266058170762106760e-03 7.880865554302172313e+03
2.270237087699414607e-03 7.893344596266298140e+03
2.274423711123254709e-03 7.905839825324353114e+03
2.278618055245423303e-03 7.918351248567162656e+03
2.282820134303933501e-03 7.930878873040645885e+03
2.287029962563047383e-03 7.943422705745339954e+03
2.291247554313338448e-03 7.955982753636416419e+03
2.295472923871733247e-03 7.968559023623482972e+03
2.299706085581555183e-03 7.981151522570313318e+03
2.303947053812586965e-03 7.993760257294814437e+03
2.308195842961102261e-03 8.006385234568748274e+03
2.312452467449929890e-03 8.019026461117558938e+03
2.316716941728496747e-03 8.031683943620278114e+03
2.320989280272869448e-03 8.044357688672797849e+03
2.325269497585819370e-03 8.057047702632932669e+03
2.329557608196853886e-03 8.069753991747702457e+03
2.333853626662281845e-03 8.082476562215072590e+03
2.338157567565256074e-03 8.095215420183829337e+03
2.342469445515815013e-03 8.107970571753444347e+03
2.346789275150949934e-03 8.120742022973813619e+03
2.351117071134634865e-03 8.133529779845084704e+03
2.355452848157893811e-03 8.146333848317538468e+03
2.359796620938842387e-03 8.159154234291396278e+03
2.364148404222731620e-03 8.171990943616490767e+03
2.368508212782014302e-03 8.184843982092298575e+03
2.372876061416376216e-03 8.197713355467631118e+03
2.377251964952802488e-03 8.210599069440504536e+03
2.381635938245621389e-03 8.223501129657866841e+03
2.386027996176547702e-03 8.236419541715511514e+03
2.390428153654749078e-03 8.249354311157838310e+03
2.394836425616878994e-03 8.262305443477758672e+03
2.399252827027142237e-03 8.275272944116326471e+03
2.403677372877340013e-03 8.288256818462752562e+03
2.408110078186914173e-03 8.301257071854077367e+03
2.412550958003012707e-03 8.314273709575125395e+03
2.417000027400523568e-03 8.327306736858106888e+03
2.421457301482142326e-03 8.340356158882694217e+03
2.425922795378415101e-03 8.353421980775596239e+03
2.430396524247784105e-03 8.366504207591726299e+03
2.434878503276655722e-03 8.379602844155051571e+03
2.439368747679431740e-03 8.392717895137546293e+03
2.443867272698579604e-03 8.405849365154672341e+03
2.448374093604674482e-03 8.418997258766310551e+03
2.452889225696446539e-03 8.432161580476411473e+03
2.457412684300848155e-03 8.445342334733011739e+03
2.461944484773086889e-03 8.458539525927790237e+03
2.466484642496694860e-03 8.471753158396175422e+03
2.471033172883572993e-03 8.484983236416810541e+03
2.475590091374036978e-03 8.498229764211597285e+03
2.480155413436886235e-03 8.511492745945495699e+03
2.484729154569436868e-03 8.524772185726207681e+03
2.489311330297591923e-03 8.538068087604033281e+03
2.493901956175885188e-03 8.551380455571728817e+03
2.498501047787528902e-03 8.564709293564243126e+03
2.503108620744482274e-03 8.578054605458593869e+03
2.507724690687484874e-03 8.591416395073536478e+03
2.512349273286127761e-03 8.604794666169564152e+03
2.516982384238899018e-03 8.618189422448522237e+03
2.521624039273228420e-03 8.631600667553580934e+03
2.526274254145558125e-03 8.645028405068855136e+03
2.530933044641385608e-03 8.658472638519426255e+03
2.535600426575313534e-03 8.671933371370891109e+03
2.540276415791116547e-03 8.685410607027344668e+03
2.544961028161779430e-03 8.698904348712469073e+03
2.549654279589564764e-03 8.712414599405097761e+03
2.554356186006061930e-03 8.725941362006298732e+03
2.559066763372232645e-03 8.739484639354872343e+03
2.563786027678482526e-03 8.753044434227116653e+03
2.568513994944696208e-03 8.766620749336498193e+03
2.573250681220307610e-03 8.780213587333546457e+03
2.577996102584349802e-03 8.793822950805668370e+03
2.582750275145498375e-03 8.807448842276828145e+03
2.587513215042146469e-03 8.821091264207532731e+03
2.592284938442438163e-03 8.834750218994398892e+03
2.597065461544341338e-03 8.848425708970093183e+03
2.601854800575696246e-03 8.862117736403175513e+03
2.606652971794259747e-03 8.875826303497655317e+03
2.611459991487782070e-03 8.889551412393133432e+03
2.616275875974039770e-03 8.903293065164232758e+03
2.621100641600908158e-03 8.917051263820694658e+03
2.625934304746412040e-03 8.930826010306976968e+03
2.630776881818770382e-03 8.944617306502119391e+03
2.635628389256469174e-03 8.958425154219530668e+03
2.640488843528309565e-03 8.972249555206864898e+03
2.645358261133455135e-03 8.986090511145604978e+03
2.650236658601506923e-03 8.999948023651093536e+03
2.655124052492538120e-03 9.013822094253919204e+03
2.660020459397169097e-03 9.027712724242377590e+03
2.664925895936615108e-03 9.041619914738348598e+03
2.669840378762735299e-03 9.055543666793693774e+03
2.674763924558108165e-03 9.069483981391296766e+03
2.679696550036066247e-03 9.083440859444566740e+03
2.684638271940771592e-03 9.097414301797525695e+03
2.689589107047264758e-03 9.111404309224410099e+03
2.694549072161513386e-03 9.125410882429408957e+03
2.699518184120489397e-03 9.139434022046712926e+03
2.704496459792202386e-03 9.153473728639955880e+03
2.709483916075778112e-03 9.167530002702247657e+03
2.714480569901504912e-03 9.181602844655923036e+03
2.719486438230886600e-03 9.195692254852234328e+03
2.724501538056716202e-03 9.209798233571214951e+03
2.729525886403112809e-03 9.223920781021413859e+03
2.734559500325598348e-03 9.238059897339753661e+03
2.739602396911147882e-03 9.252215582591223210e+03
2.744654593278239053e-03 9.266387836768741181e+03
2.749716106576928411e-03 9.280576659792855935e+03
2.754786953988890008e-03 9.294782051511687314e+03
2.759867152727489559e-03 9.309004011700517367e+03
2.764956720037837785e-03 9.323242540061668478e+03
2.770055673196839853e-03 9.337497636189551486e+03
2.775164029513271704e-03 9.351769299379553559e+03
2.780281806327818215e-03 9.366057528761870344e+03
2.785409021013152131e-03 9.380362323390390884e+03
2.790545690973983070e-03 9.394683682242988652e+03
2.795691833647107830e-03 9.409021604221019516e+03
2.800847466501492789e-03 9.423376088149161660e+03
2.806012607038305129e-03 9.437747132775275531e+03
2.811187272790997838e-03 9.452134736770154632e+03
2.816371481325356113e-03 9.466538898727259948e+03
2.821565250239551140e-03 9.480959617162452560e+03
2.826768597164218150e-03 9.495396890513986364e+03
2.831981539762495458e-03 9.509850717141931455e+03
2.837204095730101652e-03 9.524321095328357842e+03
2.842436282795389804e-03 9.538808023276769745e+03
2.847678118719397782e-03 9.553311499112051024e+03
2.852929621295927608e-03 9.567831520880248718e+03
2.858190808351585357e-03 9.582368086548271094e+03
2.863461697745859659e-03 9.596921194003707569e+03
2.868742307371174166e-03 9.611490841054614066e+03
2.874032655152940902e-03 9.626077025429274727e+03
2.879332759049639187e-03 9.640679744775961808e+03
2.884642637052855108e-03 9.655298996645577063e+03
2.889962307187363046e-03 9.669934778315140647e+03
2.895291787511176419e-03 9.684587086857687609e+03
2.900631096115601892e-03 9.699255919261344388e+03
2.905980251125320907e-03 9.713941272431098696e+03
2.911339270698426115e-03 9.728643143188570320e+03
2.916708173026507245e-03 9.743361528271760108e+03
2.922086976334699673e-03 9.758096424334862604e+03
2.927475698881740369e-03 9.772847827947905898e+03
2.932874358960050297e-03 9.787615735596697050e+03
2.938282974895770842e-03 9.802400143682420094e+03
2.943701565048849680e-03 9.817201048521628763e+03
2.949130147813091955e-03 9.832018446345718985e+03
2.954568741616214050e-03 9.846852333300943428e+03
2.960017364919928593e-03 9.861702705448060442e+03
2.965476036219981751e-03 9.876569558762172164e+03
2.970944774046236497e-03 9.891452889132433484e+03
2.976423596962728124e-03 9.906352692361831942e+03
2.981912523567718017e-03 9.921268964167004015e+03
2.987411572493776056e-03 9.936201700177953171e+03
2.992920762407821813e-03 9.951150895937811583e+03
2.998440112011208254e-03 9.966116546902216214e+03
3.003969640039775950e-03 9.981098648338122075e+03
3.009509365263908151e-03 9.996097195192536674e+03
3.015059306488614057e-03 1.001111218229044607e+04
3.020619482553571749e-03 1.002614360436661082e+04
3.026189912333209723e-03 1.004119145606543498e+04
3.031770614736764569e-03 1.005625573194050958e+04
3.037361608708333445e-03 1.007133642645459440e+04
3.042962913226962985e-03 1.008643353397929059e+04
3.048574547306686158e-03 1.010154704879469318e+04
3.054196529996610308e-03 1.011667696508940571e+04
3.059828880380971797e-03 1.013182327696009634e+04
3.065471617579190646e-03 1.014698597841129231e+04
3.071124760745959879e-03 1.016216506335525992e+04
3.076788329071282815e-03 1.017736052561158249e+04
3.082462341780560673e-03 1.019257235890707852e+04
3.088146818134649817e-03 1.020780055687550885e+04
3.093841777429916402e-03 1.022304511305730011e+04
3.099547238998324409e-03 1.023830602089943386e+04
3.105263222207475544e-03 1.025358327375499721e+04
3.110989746460697709e-03 1.026887686488312465e+04
3.116726831197101817e-03 1.028418678744570025e+04
3.122474495891636864e-03 1.029951303435831687e+04
3.128232760055175369e-03 1.031485559822320465e+04
3.134001643234571918e-03 1.033021447152861219e+04
3.139781165012716941e-03 1.034558964666518659e+04
3.145571345008629088e-03 1.036098111592583155e+04
3.151372202877492090e-03 1.037638887150543451e+04
3.157183758310747566e-03 1.039181290550067024e+04
3.163006031036150970e-03 1.040725320990970067e+04
3.168839040817827968e-03 1.042270977663188751e+04
3.174682807456361607e-03 1.043818259746767035e+04
3.180537350788850432e-03 1.045367166411825747e+04
3.186402690688968330e-03 1.046917696818539116e+04
3.192278847067039124e-03 1.048469850117106762e+04
3.198165839870110733e-03 1.050023625447735867e+04
3.204063689082012421e-03 1.051579021940612256e+04
3.209972414723429816e-03 1.053136038715881659e+04
3.215892036851959561e-03 1.054694674883615517e+04
3.221822575562200384e-03 1.056254929543796607e+04
3.227764050985794300e-03 1.057816801786287215e+04
3.233716483291519846e-03 1.059380290690787297e+04
3.239679892685349335e-03 1.060945395316524628e+04
3.245654299410506531e-03 1.062512114686606037e+04
3.251639723747560759e-03 1.064080447809705220e+04
3.257636186014468103e-03 1.065650393684034498e+04
3.263643706566662916e-03 1.067221951297290616e+04
3.269662305797118966e-03 1.068795119626659107e+04
3.275692004136406248e-03 1.070369897638760813e+04
3.281732822052785530e-03 1.071946284289650066e+04
3.287784780052249983e-03 1.073524278524781221e+04
3.293847898678619289e-03 1.075103879278976092e+04
3.299922198513597759e-03 1.076685085476417044e+04
3.306007700176835477e-03 1.078267896030603879e+04
3.312104424326021979e-03 1.079852309844345109e+04
3.318212391656928748e-03 1.081438325809718117e+04
3.324331622903501596e-03 1.083025942808053696e+04
3.330462138837925277e-03 1.084615159709916770e+04
3.336603960270678564e-03 1.086205975375060007e+04
3.342757108050632697e-03 1.087798388652429639e+04
3.348921603065092584e-03 1.089392398380114719e+04
3.355097466239892641e-03 1.090988003384211333e+04
3.361284718539457941e-03 1.092585202459588800e+04
3.367483380966863633e-03 1.094183994372316556e+04
3.373693474563931646e-03 1.095784377876693179e+04
3.379915020411273629e-03 1.097386351715817182e+04
3.386148039628387226e-03 1.098989914621556272e+04
3.392392553373718093e-03 1.100595065314528438e+04
3.398648582844719310e-03 1.102201802504065563e+04
3.404916149277948962e-03 1.103810124888203973e+04
3.411195273949115675e-03 1.105420031153637137e+04
3.417485978173171856e-03 1.107031519975719493e+04
3.423788283304379180e-03 1.108644590018418421e+04
3.430102210736368003e-03 1.110259239934297148e+04
3.436427781902235377e-03 1.111875468364493463e+04
3.442765018274591016e-03 1.113493273938682614e+04
3.449113941365651841e-03 1.115112655275069483e+04
3.455474572727307465e-03 1.116733610980350386e+04
3.461846933951181343e-03 1.118356139649692886e+04
3.468231046668728348e-03 1.119980239866716329e+04
3.474626932551281178e-03 1.121605910202533414e+04
3.481034613310147931e-03 1.123233149197169951e+04
3.487454110696674558e-03 1.124861955360304637e+04
3.493885446502309911e-03 1.126492327188993841e+04
3.500328642558702026e-03 1.128124263168375182e+04
3.506783720737747124e-03 1.129757761771661535e+04
3.513250702951684588e-03 1.131392821460106279e+04
3.519729611153164621e-03 1.133029440682970016e+04
3.526220467335310256e-03 1.134667617877512748e+04
3.532723293531815807e-03 1.136307351468954221e+04
3.539238111816995439e-03 1.137948639870448460e+04
3.545764944305882481e-03 1.139591481483071220e+04
3.552303813154292309e-03 1.141235874695790517e+04
3.558854740558887834e-03 1.142881817885431883e+04
3.565417748757281416e-03 1.144529309416660908e+04
3.571992860028078663e-03 1.146178347641962500e+04
3.578580096690981219e-03 1.147828930901604144e+04
3.585179481106851810e-03 1.149481057523624077e+04
3.591791035677777567e-03 1.151134725823789631e+04
3.598414782847173671e-03 1.152789934097107471e+04
3.605050745099829326e-03 1.154446680595016551e+04
3.611698944962009241e-03 1.156104963549244712e+04
3.618359405001519979e-03 1.157764781178883277e+04
3.625032147827774148e-03 1.159426131690373222e+04
3.631717196091895777e-03 1.161089013277461891e+04
3.638414572486764129e-03 1.162753424121212447e+04
3.645124299747119073e-03 1.164419362389937669e+04
3.651846400649626581e-03 1.166086826239205220e+04
3.658580898012944206e-03 1.167755813811796361e+04
3.665327814697825169e-03 1.169426323237688484e+04
3.672087173607166497e-03 1.171098352634028561e+04
3.678858997686111805e-03 1.172771900105098939e+04
3.685643309922119817e-03 1.174446963742308435e+04
3.692440133345028120e-03 1.176123541624154495e+04
3.699249491027161146e-03 1.177801631816204826e+04
3.706071406083376145e-03 1.179481232371070291e+04
3.712905901671168570e-03 1.181162341328375987e+04
3.719753000990739297e-03 1.182844956708180143e+04
3.726612727285062276e-03 1.184529076495526169e+04
3.733485103839989487e-03 1.186214698657639201e+04
3.740370153984300811e-03 1.187901821148497402e+04
3.747267901089808544e-03 1.189590441908764842e+04
3.754178368571425058e-03 1.191280558865796593e+04
3.761101579887232618e-03 1.192972169933600526e+04
3.768037558538587899e-03 1.194665273012809848e+04
3.774986328070171863e-03 1.196359865990665094e+04
3.781947912070097312e-03 1.198055946740993568e+04
3.788922334169976536e-03 1.199753513124166784e+04
3.795909618044989407e-03 1.201452562987095371e+04
3.802909787413991799e-03 1.203153094163191417e+04
3.809922866039565457e-03 1.204855104472345920e+04
3.816948877728124686e-03 1.206558591720914410e+04
3.823987846329985740e-03 1.208263553701673845e+04
3.831039795739437075e-03 1.209969988193816425e+04
3.838104749894846474e-03 1.211677892961118050e+04
3.845182732778711782e-03 1.213387265725545694e+04
3.852273768417769761e-03 1.215098104172909188e+04
3.859377880883062013e-03 1.216810405974405148e+04
3.866495094290023447e-03 1.218524168787227063e+04
3.873625432798553838e-03 1.220239390254513819e+04
3.880768920613107166e-03 1.221956068005359521e+04
3.887925581982781820e-03 1.223674199654748008e+04
3.895095441201389553e-03 1.225393782803571048e+04
3.902278522607548726e-03 1.227114815038569213e+04
3.909474850584752394e-03 1.228837293932324246e+04
3.916684449561461112e-03 1.230561217043221404e+04
3.923907344011190977e-03 1.232286581915447823e+04
3.931143558452587783e-03 1.234013386078948315e+04
3.938393117449518095e-03 1.235741627049403542e+04
3.945656045611137773e-03 1.237471302328210550e+04
3.952932367591985643e-03 1.239202409402461126e+04
3.960222108092074575e-03 1.240934945743775643e+04
3.967525291856965203e-03 1.242668908792009461e+04
3.974841943677854400e-03 1.244404295958817238e+04
3.982172088391646401e-03 1.246141104640900994e+04
3.989515750881063826e-03 1.247879332220352990e+04
3.996872956074700584e-03 1.249618976064624439e+04
4.004243728947133769e-03 1.251360033526506777e+04
4.011628094518996518e-03 1.253102501944108371e+04
4.019026077857053465e-03 1.254846378640822695e+04
4.026437704074310037e-03 1.256591660925312681e+04
4.033862998330067090e-03 1.258338346091477615e+04
4.041301985830035408e-03 1.260086431418447137e+04
4.048754691826409423e-03 1.261835914170533215e+04
4.056221141617938342e-03 1.263586791597225965e+04
4.063701360550041504e-03 1.265339060933154906e+04
4.071195374014864761e-03 1.267092719398079680e+04
4.078703207451390630e-03 1.268847764196855132e+04
4.086224886345515492e-03 1.270604192510498979e+04
4.093760436230121577e-03 1.272362001474180579e+04
4.101309882685196667e-03 1.274121188201211589e+04
4.108873251337880929e-03 1.275881749789642527e+04
4.116450567862589213e-03 1.277643683322264769e+04
4.124041857981084781e-03 1.279406985866557625e+04
4.131647147462549560e-03 1.281171654474684328e+04
4.139266462123705574e-03 1.282937686183457845e+04
4.146899827828867853e-03 1.284705078014328501e+04
4.154547270490062394e-03 1.286473826973347241e+04
4.162208816067097285e-03 1.288243930051153802e+04
4.169884490567644236e-03 1.290015384222945613e+04
4.177574320047353074e-03 1.291788186448458691e+04
4.185278330609904646e-03 1.293562333671943088e+04
4.192996548407133990e-03 1.295337822822138514e+04
4.200728999639102325e-03 1.297114650812264335e+04
4.208475710554175110e-03 1.298892814534169884e+04
4.216236707449140010e-03 1.300672310836178440e+04
4.224012016669261536e-03 1.302453136542407083e+04
4.231801664608402479e-03 1.304235288461131495e+04
4.239605677709100233e-03 1.306018763384744670e+04
4.247424082462640527e-03 1.307803558089742000e+04
4.255256905409181452e-03 1.309589669336700354e+04
4.263104173137807242e-03 1.311377093870242788e+04
4.270965912286648833e-03 1.313165828419036552e+04
4.278842149542961930e-03 1.314955869695753063e+04
4.286732911643203331e-03 1.316747214397055905e+04
4.294638225373153227e-03 1.318539859203573360e+04
4.302558117567971581e-03 1.320333800779869307e+04
4.310492615112316954e-03 1.322129035774443582e+04
4.318441744940429775e-03 1.323925560819683233e+04
4.326405534036205196e-03 1.325723372531743189e+04
4.334384009433320598e-03 1.327522467495302408e+04
4.342377198215285894e-03 1.329322842248309462e+04
4.350385127515573637e-03 1.331124493308679848e+04
4.358407824517691008e-03 1.332927417177857751e+04
4.366445316455263952e-03 1.334731610340767838e+04
4.374497630612158607e-03 1.336537069265835999e+04
4.382564794322536816e-03 1.338343790404928041e+04
4.390646834970983632e-03 1.340151770193348420e+04
4.398743779992583640e-03 1.341961005049814776e+04
4.406855656873001625e-03 1.343771491376430276e+04
4.414982493148610077e-03 1.345583225558681261e+04
4.423124316406541225e-03 1.347396203965394488e+04
4.431281154284818016e-03 1.349210422948722226e+04
4.439453034472428707e-03 1.351025878844125873e+04
4.447639984709411860e-03 1.352842567970352138e+04
4.455842032786982120e-03 1.354660486627866885e+04
4.464059206547583113e-03 1.356479631092967429e+04
4.472291533885020161e-03 1.358299997622930823e+04
4.480539042744536606e-03 1.360121582458178636e+04
4.488801761122898810e-03 1.361944381822228752e+04
4.497079717068521061e-03 1.363768391921738839e+04
4.505372938681521076e-03 1.365593608946414861e+04
4.513681454113856184e-03 1.367420029069042721e+04
4.522005291569394445e-03 1.369247648445443338e+04
4.530344479304006591e-03 1.371076463214462092e+04
4.538699045625684859e-03 1.372906469497939543e+04
4.547069018894609772e-03 1.374737663400704878e+04
4.555454427523275042e-03 1.376570041010541536e+04
4.563855299976571703e-03 1.378403598398185386e+04
4.572271664771867042e-03 1.380238331617287804e+04
4.580703550479140775e-03 1.382074236666161232e+04
4.589150985721037086e-03 1.383911309380935381e+04
4.597613999173000808e-03 1.385749545545369074e+04
4.606092619563358082e-03 1.387588940924893541e+04
4.614586875673397891e-03 1.389429491266618243e+04
4.623096796337507371e-03 1.391271192299297036e+04
4.631622410443225583e-03 1.393114039733310346e+04
4.640163746931382296e-03 1.394958029260646981e+04
4.648720834796176045e-03 1.396803156554885936e+04
4.657293703085260000e-03 1.398649417271173479e+04
4.665882380899874678e-03 1.400496807046200774e+04
4.674486897394908649e-03 1.402345321498189332e+04
4.683107281779029518e-03 1.404194956226864633e+04
4.691743563314770653e-03 1.406045706813450670e+04
4.700395771318612720e-03 1.407897568825497365e+04
4.709063935161123329e-03 1.409750537949588033e+04
4.717748084267009943e-03 1.411604610008060990e+04
4.726448248115259522e-03 1.413459780814308033e+04
4.735164456239222656e-03 1.415316046164705949e+04
4.743896738226696837e-03 1.417173401838617247e+04
4.752645123720066096e-03 1.419031843598364503e+04
4.761409642416357391e-03 1.420891367189218909e+04
4.770190324067377641e-03 1.422751968339382438e+04
4.778987198479795265e-03 1.424613642759976028e+04
4.787800295515252068e-03 1.426476386145025390e+04
4.796629645090448243e-03 1.428340194171423718e+04
4.805475277177253396e-03 1.430205062498950974e+04
4.814337221802821899e-03 1.432070986770230229e+04
4.823215509049674429e-03 1.433937962609812712e+04
4.832110169055815058e-03 1.435805985507412697e+04
4.841021232014814518e-03 1.437675050702678891e+04
4.849948728175925566e-03 1.439545153389027109e+04
4.858892687844195736e-03 1.441416288740676464e+04
4.867853141380551474e-03 1.443288451912637720e+04
4.876830119201916100e-03 1.445161638040704202e+04
4.885823651781290473e-03 1.447035842241405408e+04
4.894833769647890902e-03 1.448911059612040845e+04
4.903860503387214194e-03 1.450787285230615817e+04
4.912903883641176438e-03 1.452664514155841061e+04
4.921963941108201471e-03 1.454542741427132205e+04
4.931040706543308484e-03 1.456421962064569198e+04
4.940134210758255137e-03 1.458302171068897769e+04
4.949244484621600007e-03 1.460183363421566537e+04
4.958371559058840500e-03 1.462065534087626656e+04
4.967515465052506525e-03 1.463948678017037855e+04
4.976676233642248967e-03 1.465832790140708130e+04
4.985853895924979330e-03 1.467717865370189793e+04
4.995048483054936525e-03 1.469603898597619809e+04
5.004260026243826515e-03 1.471490884695737441e+04
5.013488556760915121e-03 1.473378818517866421e+04
5.022734105933115631e-03 1.475267694897879483e+04
5.031996705145133642e-03 1.477157508650211093e+04
5.041276385839533851e-03 1.479048254569822529e+04
5.050573179516877967e-03 1.480939927432199329e+04
5.059887117735820117e-03 1.482832521993336377e+04
5.069218232113197921e-03 1.484726032989721170e+04
5.078566554324174739e-03 1.486620455141045750e+04
5.087932116102304725e-03 1.488515783167701193e+04
5.097314949239682876e-03 1.490412011779754903e+04
5.106715085587029170e-03 1.492309135667899864e+04
5.116132557053787444e-03 1.494207149503432447e+04
5.125567395608265041e-03 1.496106047938230404e+04
5.135019633277705664e-03 1.498005825604735401e+04
5.144489302148428159e-03 1.499906477115947382e+04
5.153976434365925390e-03 1.501807997065412201e+04
5.163481062134952712e-03 1.503710380027209612e+04
5.173003217719678894e-03 1.505613620555935086e+04
5.182542933443748563e-03 1.507517713186703077e+04
5.192100241690434000e-03 1.509422652435119380e+04
5.201675174902725338e-03 1.511328432785997211e+04
5.211267765583424243e-03 1.513235048488933353e+04
5.220878046295296566e-03 1.515142493578980611e+04
5.230506049661134797e-03 1.517050762062639478e+04
5.240151808363908113e-03 1.518959847924700443e+04
5.249815355146859527e-03 1.520869745128230716e+04
5.259496722813596960e-03 1.522780447614556942e+04
5.269195944228245027e-03 1.524691949303265028e+04
5.278913052315511827e-03 1.526604244092171939e+04
5.288648080060839862e-03 1.528517325857330070e+04
5.298401060510501449e-03 1.530431188453009418e+04
5.308172026771694994e-03 1.532345825711689940e+04
5.317961012012692446e-03 1.534261231444040641e+04
5.327768049462913019e-03 1.536177399460866036e+04
5.337593172413071518e-03 1.538094323913660082e+04
5.347436414215273742e-03 1.540011999231466325e+04
5.357297808283117101e-03 1.541930419833688757e+04
5.367177388091838933e-03 1.543849580121338477e+04
5.377075187178385896e-03 1.545769474476987489e+04
5.386991239141571824e-03 1.547690097264821270e+04
5.396925577642167071e-03 1.549611442830584019e+04
5.406878236403002587e-03 1.551533505501597028e+04
5.416849249209120844e-03 1.553456279586748860e+04
5.426838649907846958e-03 1.555379759376486618e+04
5.436846472408938744e-03 1.557303939142825948e+04
5.446872750684691664e-03 1.559228813139319755e+04
5.456917518770032505e-03 1.561154375520559006e+04
5.466980810762675502e-03 1.563080619975198351e+04
5.477062660823192597e-03 1.565007540016531129e+04
5.487163103175170427e-03 1.566935129135883835e+04
5.497282172105307473e-03 1.568863380802737993e+04
5.507419901963515538e-03 1.570792288464727790e+04
5.517576327163075008e-03 1.572721845547658268e+04
5.527751482180704237e-03 1.574652045455447114e+04
5.537945401556721749e-03 1.576582881570175596e+04
5.548158119895139906e-03 1.578514347252055813e+04
5.558389671863770733e-03 1.580446435839413425e+04
5.568640092194378569e-03 1.582379140648705106e+04
5.578909415682758999e-03 1.584312454973172134e+04
5.589197677188888908e-03 1.586246372049921047e+04
5.599504911637034031e-03 1.588180885057652813e+04
5.609831154015846970e-03 1.590115987151079571e+04
5.620176439378526782e-03 1.592051671462644299e+04
5.630540802842894446e-03 1.593987931102537368e+04
5.640924279591547248e-03 1.595924759158683628e+04
5.651326904871966338e-03 1.597862148696740587e+04
5.661748713996614737e-03 1.599800092760078951e+04
5.672189742343101276e-03 1.601738584369828459e+04
5.682650025354251712e-03 1.603677616524804034e+04
5.693129598538270927e-03 1.605617182201572359e+04
5.703628497468845281e-03 1.607557274356114976e+04
5.714146757785246687e-03 1.609497886032956558e+04
5.724684415192494817e-03 1.611439010431537463e+04
5.735241505461428219e-03 1.613380640746176323e+04
5.745818064428872586e-03 1.615322770150395627e+04
5.756414127997738772e-03 1.617265391796902259e+04
5.767029732137132075e-03 1.619208498817569671e+04
5.777664912882511834e-03 1.621152084323491908e+04
5.788319706335768623e-03 1.623096141404923037e+04
5.798994148665386449e-03 1.625040663131323345e+04
5.809688276106550302e-03 1.626985642551353703e+04
5.820402124961249375e-03 1.628931072692840098e+04
5.831135731598441861e-03 1.630876946558793315e+04
5.841889132454132147e-03 1.632823256989668880e+04
5.852662364031535613e-03 1.634769996628844638e+04
5.863455462901178382e-03 1.636717158086468953e+04
5.874268465701031755e-03 1.638664733950298250e+04
5.885101409136623239e-03 1.640612716785707380e+04
5.895954329981168383e-03 1.642561099135730183e+04
5.906827265075709557e-03 1.644509873520996189e+04
5.917720251329224371e-03 1.646459032439798102e+04
5.928633325718760984e-03 1.648408568368048873e+04
5.939566525289544791e-03 1.650358473759311164e+04
5.950519887155119800e-03 1.652308741044792623e+04
5.961493448497482209e-03 1.654259362632023476e+04
5.972487246567192293e-03 1.656210330894688377e+04
5.983501318683512316e-03 1.658161638178216162e+04
5.994535702234511480e-03 1.660113276805559872e+04
6.005590434677209044e-03 1.662065239077268780e+04
6.016665553537713096e-03 1.664017517271477118e+04
6.027761096411328109e-03 1.665970103643914263e+04
6.038877100962694588e-03 1.667922990427927289e+04
6.050013604925894885e-03 1.669876169834448228e+04
6.061170646104620599e-03 1.671829634052056645e+04
6.072348262372256715e-03 1.673783375246934884e+04
6.083546491672048133e-03 1.675737385561612246e+04
6.094765372017212426e-03 1.677691657030526767e+04
6.106004941491050865e-03 1.679646181527638691e+04
6.117265238247120152e-03 1.681600950891115281e+04
6.128546300509312220e-03 1.683555956935675931e+04
6.139848166572026839e-03 1.685511191452627463e+04
6.151170874800286105e-03 1.687466646209849569e+04
6.162514463629840261e-03 1.689422312951802814e+04
6.173878971567348974e-03 1.691378183399573390e+04
6.185264437190455926e-03 1.693334249250838911e+04
6.196670899147965761e-03 1.695290502179913165e+04
6.208098396159959440e-03 1.697246933837831239e+04
6.219546967017900059e-03 1.699203535934968022e+04
6.231016650584816734e-03 1.701160300397777610e+04
6.242507485795380055e-03 1.703117219173797275e+04
6.254019511656079035e-03 1.705074284188915044e+04
6.265552767245337329e-03 1.707031487347394796e+04
6.277107291713626865e-03 1.708988820531900637e+04
6.288683124283641311e-03 1.710946275603483446e+04
6.300280304250381949e-03 1.712903844401616516e+04
6.311898870981334612e-03 1.714861518744209025e+04
6.323538863916583312e-03 1.716819290427603482e+04
6.335200322568925596e-03 1.718777151226536444e+04
6.346883286524053827e-03 1.720735092823689411e+04
6.358587795440632379e-03 1.722693106678528420e+04
6.370313889050484117e-03 1.724651184192104847e+04
6.382061607158701425e-03 1.726609316742594456e+04
6.393830989643763292e-03 1.728567495685311223e+04
6.405622076457714864e-03 1.730525712352723349e+04
6.417434907626255042e-03 1.732483958054480900e+04
6.429269523248911690e-03 1.734442224077423452e+04
6.441125963499163935e-03 1.736400501685595373e+04
6.453004268624555791e-03 1.738358782120285468e+04
6.464904478946880036e-03 1.740317056597631381e+04
6.476826634862261484e-03 1.742275316159231443e+04
6.488770776841339127e-03 1.744233551582640575e+04
6.500736945429388437e-03 1.746191753599609001e+04
6.512725181246434118e-03 1.748149912917340043e+04
6.524735524987434858e-03 1.750108020218523961e+04
6.536768017422372665e-03 1.752066066161340132e+04
6.548822699396434147e-03 1.754024041379493428e+04
6.560899611830126738e-03 1.755981936482234596e+04
6.572998795719406200e-03 1.757939742054367889e+04
6.585120292135851830e-03 1.759897448656288543e+04
6.597264142226761871e-03 1.761855046853294698e+04
6.609430387215333054e-03 1.763812527453658913e+04
6.621619068400784631e-03 1.765769881385574263e+04
6.633830227158477207e-03 1.767727099556230678e+04
6.646063904940097480e-03 1.769684172850470350e+04
6.658320143273751927e-03 1.771641092130825564e+04
6.670598983764147206e-03 1.773597848237542348e+04
6.682900468092716796e-03 1.775554431988595024e+04
6.695224638017738088e-03 1.777510834179737139e+04
6.707571535374524940e-03 1.779467045584490916e+04
6.719941202075514416e-03 1.781423056951762919e+04
6.732333680110455000e-03 1.783378858868081079e+04
6.744749011546529761e-03 1.785334441683679688e+04
6.757187238528480390e-03 1.787289795707188023e+04
6.769648403278795412e-03 1.789244911223535019e+04
6.782132548097798662e-03 1.791199778493947451e+04
6.794639715363845305e-03 1.793154387756015421e+04
6.807169947533439798e-03 1.795108729223699265e+04
6.819723287141360793e-03 1.797062793087360842e+04
6.832299776800855422e-03 1.799016569513798822e+04
6.844899459203728637e-03 1.800970048646283249e+04
6.857522377120534030e-03 1.802923220606378891e+04
6.870168573400700467e-03 1.804876075497050988e+04
6.882838090972656121e-03 1.806828603398672203e+04
6.895530972844023630e-03 1.808780794368259740e+04
6.908247262101706830e-03 1.810732638439478251e+04
6.920987001912092852e-03 1.812684125622702413e+04
6.933750235521170084e-03 1.814635245905023112e+04
6.946537006254657406e-03 1.816585989250307466e+04
6.959347357518202819e-03 1.818536345599212655e+04
6.972181332797470175e-03 1.820486304869205924e+04
6.985038975658336945e-03 1.822435856918121135e+04
6.997920329747025180e-03 1.824384991472095135e+04
7.010825438790221215e-03 1.826333698213552634e+04
7.023754346595281230e-03 1.828281966801204908e+04
7.036707097050317120e-03 1.830229786870074895e+04
7.049683734124399456e-03 1.832177148031535398e+04
7.062684301867682389e-03 1.834124039873355650e+04
7.075708844411533749e-03 1.836070451959729326e+04
7.088757405968734542e-03 1.838016373831341480e+04
7.101830030833570888e-03 1.839961795005184467e+04
7.114926763382034385e-03 1.841906704953173903e+04
7.128047648071953943e-03 1.843851093080989085e+04
7.141192729443120689e-03 1.845794948765652953e+04
7.154362052117493528e-03 1.847738261360599063e+04
7.167555660799291954e-03 1.849681020195660676e+04
7.180773600275196407e-03 1.851623214577167528e+04
7.194015915414479247e-03 1.853564833787952739e+04
7.207282651169139194e-03 1.855505867087411752e+04
7.220573852574098221e-03 1.857446303711541259e+04
7.233889564747302166e-03 1.859386132870131041e+04
7.247229832889920224e-03 1.861325343698541474e+04
7.260594702286472454e-03 1.863263925264589125e+04
7.273984218304998042e-03 1.865201866611031801e+04
7.287398426397184541e-03 1.867139156757031378e+04
7.300837372098538738e-03 1.869075784698243660e+04
7.314301101028556663e-03 1.871011739406828565e+04
7.327789658890854554e-03 1.872947009831513060e+04
7.341303091473340599e-03 1.874881584897659195e+04
7.354841444648346771e-03 1.876815453507283382e+04
7.368404764372799703e-03 1.878748604516894920e+04
7.381993096688391556e-03 1.880681026678964190e+04
7.395606487721714459e-03 1.882612708704025499e+04
7.409244983684432247e-03 1.884543639278987757e+04
7.422908630873412301e-03 1.886473807067193047e+04
7.436597475670901625e-03 1.888403200708465374e+04
7.450311564544697708e-03 1.890331808819152866e+04
7.464050944048281240e-03 1.892259619992218722e+04
7.477815660820993048e-03 1.894186622797253222e+04
7.491605761588159863e-03 1.896112805775978268e+04
7.505421293161306830e-03 1.898038157393382062e+04
7.519262302438254643e-03 1.899962666056373564e+04
7.533128836403335526e-03 1.901886320147756487e+04
7.547020942127522468e-03 1.903809108026909598e+04
7.560938666768574935e-03 1.905731018029819825e+04
7.574882057571246177e-03 1.907652038469133186e+04
7.588851161867385571e-03 1.909572157634244650e+04
7.602846027076150259e-03 1.911491363791326876e+04
7.616866700704147397e-03 1.913409645181664018e+04
7.630913230345565991e-03 1.915326989971970397e+04
7.644985663682398944e-03 1.917243386247194212e+04
7.659084048484539331e-03 1.919158822065693312e+04
7.673208432609997243e-03 1.921073285462462809e+04
7.687358864005040295e-03 1.922986764449220573e+04
7.701535390704330672e-03 1.924899247014450884e+04
7.715738060831146307e-03 1.926810721123481562e+04
7.729966922597476288e-03 1.928721174718541806e+04
7.744222024304247241e-03 1.930630595718186305e+04
7.758503414341455170e-03 1.932538971990565551e+04
7.772811141188312040e-03 1.934446291343648045e+04
7.787145253413463482e-03 1.936352541559678139e+04
7.801505799675090280e-03 1.938257710397863411e+04
7.815892828721129545e-03 1.940161785594476532e+04
7.830306389389415228e-03 1.942064754862904738e+04
7.844746530607821233e-03 1.943966605893716405e+04
7.859213301394486068e-03 1.945867326354759280e+04
7.873706750857906514e-03 1.947766903888192610e+04
7.888226928197171819e-03 1.949665326030502547e+04
7.902773882702097269e-03 1.951562580203376274e+04
7.917347663753371637e-03 1.953458653800598404e+04
7.931948320822780965e-03 1.955353534192869483e+04
7.946575903473314384e-03 1.957247208727886755e+04
7.961230461359380950e-03 1.959139664730428558e+04
7.975912044226962302e-03 1.961030889502404534e+04
7.990620701913753177e-03 1.962920870322973133e+04
8.005356484349392121e-03 1.964809594447852942e+04
8.020119441555553438e-03 1.966697049101912489e+04
8.034909623646191781e-03 1.968583221482316731e+04
8.049727080827672257e-03 1.970468098763627495e+04
8.064571863398926552e-03 1.972351668097973015e+04
8.079444021751674976e-03 1.974233916615162161e+04
8.094343606370534017e-03 1.976114831422725183e+04
8.109270667833248791e-03 1.977994399606018123e+04
8.124225256810831824e-03 1.979872608228302124e+04
8.139207424067717439e-03 1.981749444301224867e+04
8.154217220461990739e-03 1.983624894705646147e+04
8.169254696945489960e-03 1.985498946275091294e+04
8.184319904564042389e-03 1.987371585820731343e+04
8.199412894457608347e-03 1.989242800131461263e+04
8.214533717860437317e-03 1.991112575973959974e+04
8.229682426101288251e-03 1.992980900092829324e+04
8.244859070603549264e-03 1.994847759210651202e+04
8.260063702885463155e-03 1.996713140025602479e+04
8.275296374560276585e-03 1.998577029159654558e+04
8.290557137336397944e-03 2.000439413159930700e+04
8.305846043017624594e-03 2.002300278549299037e+04
8.321163143503250426e-03 2.004159611828666311e+04
8.336508490788308717e-03 2.006017399477070285e+04
8.351882136963714384e-03 2.007873627951775779e+04
8.367284134216423572e-03 2.009728283688359807e+04
8.382714534829664374e-03 2.011581353100810520e+04
8.398173391183044387e-03 2.013432822567630501e+04
8.413660755752798773e-03 2.015282678406605919e+04
8.429176681111932509e-03 2.017130906907211465e+04
8.444721219930373043e-03 2.018977494337511598e+04
8.460294424975221828e-03 2.020822426944260951e+04
8.475896349110844524e-03 2.022665690953009107e+04
8.491527045299131216e-03 2.024507272568211556e+04
8.507186566599633445e-03 2.026347157973317007e+04
8.522874966169732489e-03 2.028185333309282942e+04
8.538592297264866599e-03 2.030021784560873857e+04
8.554338613238655908e-03 2.031856497639299050e+04
8.570113967543134884e-03 2.033689458434327025e+04
8.585918413728908447e-03 2.035520652814499408e+04
8.601752005445316776e-03 2.037350066627225897e+04
8.617614796440662556e-03 2.039177685698917048e+04
8.633506840562341078e-03 2.041003495835094509e+04
8.649428191757070963e-03 2.042827482817254713e+04
8.665378904071055488e-03 2.044649632373487111e+04
8.681359031650143915e-03 2.046469930192151878e+04
8.697368628740069149e-03 2.048288361940719187e+04
8.713407749686565701e-03 2.050104913266134463e+04
8.729476448935619484e-03 2.051919569794919880e+04
8.745574781033615269e-03 2.053732317133313336e+04
8.761702800627510154e-03 2.055543140867351394e+04
8.777860562465066019e-03 2.057352026554078111e+04
8.794048121394974424e-03 2.059158959629429955e+04
8.810265532367101207e-03 2.060963925445223867e+04
8.826512850432651283e-03 2.062766909331916395e+04
8.842790130744317828e-03 2.064567896599800952e+04
8.859097428556545958e-03 2.066366872539062751e+04
8.875434799225633345e-03 2.068163822419957069e+04
8.891802298209995625e-03 2.069958731492912557e+04
8.908199981070320794e-03 2.071751584979321342e+04
8.924627903469727064e-03 2.073542368001694922e+04
8.941086121174023071e-03 2.075331065622771348e+04
8.957574690051818903e-03 2.077117662885177197e+04
8.974093666074781095e-03 2.078902144811939797e+04
8.990643105317788764e-03 2.080684496406550170e+04
9.007223063959134829e-03 2.082464702653146378e+04
9.023833598280702958e-03 2.084242748516616848e+04
9.040474764668156651e-03 2.086018618924132898e+04
9.057146619611169958e-03 2.087792298697395745e+04
9.073849219703578398e-03 2.089563772613811670e+04
9.090582621643594069e-03 2.091333025431638089e+04
9.107346882233968710e-03 2.093100041890114881e+04
9.124142058382208806e-03 2.094864806709615368e+04
9.140968207100778550e-03 2.096627304591772554e+04
9.157825385507280258e-03 2.098387520219197540e+04
9.174713650824650388e-03 2.100145438203376034e+04
9.191633060381329545e-03 2.101901043035194380e+04
9.208583671611512284e-03 2.103654319175106502e+04
9.225565542055275473e-03 2.105405251065005359e+04
9.242578729358836773e-03 2.107153823128323711e+04
9.259623291274715964e-03 2.108900019770228027e+04
9.276699285661913624e-03 2.110643825377715621e+04
9.293806770486166130e-03 2.112385224309580371e+04
9.310945803820068825e-03 2.114124200782843036e+04
9.328116443843336228e-03 2.115860738913998284e+04
9.345318748842977238e-03 2.117594822799803296e+04
9.362552777213459937e-03 2.119326436518902483e+04
9.379818587456982201e-03 2.121055564131999927e+04
9.397116238183580994e-03 2.122782189681989985e+04
9.414445788111413388e-03 2.124506297194179206e+04
9.431807296066921364e-03 2.126227870695108868e+04
9.449200820984996613e-03 2.127946894240553229e+04
9.466626421909256350e-03 2.129663351876430534e+04
9.484084157992164754e-03 2.131377227631870483e+04
9.501574088495298373e-03 2.133088505519414684e+04
9.519096272789519600e-03 2.134797169535127978e+04
9.536650770355151879e-03 2.136503203658790153e+04
9.554237640782245120e-03 2.138206591824068164e+04
9.571856943770704063e-03 2.139907317702479850e+04
9.589508739130555431e-03 2.141605364828167512e+04
9.607193086782124872e-03 2.143300716717561590e+04
9.624910046756210424e-03 2.144993356870366188e+04
9.642659679194353142e-03 2.146683268769725692e+04
9.660442044348963725e-03 2.148370435882416132e+04
9.678257202583596605e-03 2.150054841659303929e+04
9.696105214373126890e-03 2.151736469543604107e+04
9.713986140303918632e-03 2.153415302971713027e+04
9.731900041074109317e-03 2.155091325364869408e+04
9.749846977493731304e-03 2.156764520128849108e+04
9.767827010484987638e-03 2.158434870654176848e+04
9.785840201082430731e-03 2.160102360316281192e+04
9.803886610433139304e-03 2.161766972474966315e+04
9.821966299796995939e-03 2.163428690403760629e+04
9.840079330546813718e-03 2.165087497228450229e+04
9.858225764168615513e-03 2.166743376045381228e+04
9.876405662261812657e-03 2.168396309936041143e+04
9.894619086539385364e-03 2.170046281967246250e+04
9.912866098828158543e-03 2.171693275191349676e+04
9.931146761068937109e-03 2.173337272646348720e+04
9.949461135316780072e-03 2.174978257332987778e+04
9.967809283741187881e-03 2.176616212179226932e+04
9.986191268626277637e-03 2.178251120089880351e+04
1.000460715237106064e-02 2.179882963955959349e+04
1.002305699748960201e-02 2.181511726654877930e+04
1.004154086661125655e-02 2.183137391050634687e+04
1.006005882248087527e-02 2.184759939993987064e+04
1.007861092795901518e-02 2.186379356287654809e+04
1.009719724602217011e-02 2.187995622626646946e+04
1.011581783976295799e-02 2.189608721677092035e+04
1.013447277239034987e-02 2.191218636092267479e+04
1.015316210722988499e-02 2.192825348512819255e+04
1.017188590772388074e-02 2.194428841566962728e+04
1.019064423743165984e-02 2.196029097870475744e+04
1.020943716002974642e-02 2.197626099980134677e+04
1.022826473931209672e-02 2.199219830334959261e+04
1.024712703919031069e-02 2.200810271347435992e+04
1.026602412369384543e-02 2.202397405418197377e+04
1.028495605697025451e-02 2.203981214936196920e+04
1.030392290328536672e-02 2.205561682278943044e+04
1.032292472702353928e-02 2.207138789812430332e+04
1.034196159268785040e-02 2.208712519876628357e+04
1.036103356490035085e-02 2.210282854778155524e+04
1.038014070840224436e-02 2.211849776811111587e+04
1.039928308805413218e-02 2.213413268259104370e+04
1.041846076883623171e-02 2.214973311395511701e+04
1.043767381584857941e-02 2.216529888483644754e+04
1.045692229431128585e-02 2.218082981765500153e+04
1.047620626956472130e-02 2.219632573286330080e+04
1.049552580706975685e-02 2.221178644929414440e+04
1.051488097240797781e-02 2.222721178563518697e+04
1.053427183128191093e-02 2.224260156047526834e+04
1.055369844951526206e-02 2.225795559230649451e+04
1.057316089305310874e-02 2.227327369952670779e+04
1.059265922796214301e-02 2.228855570057717341e+04
1.061219352043089523e-02 2.230380141455592457e+04
1.063176383676995088e-02 2.231901066073234688e+04
1.065137024341219867e-02 2.233418325829425521e+04
1.067101280691301786e-02 2.234931902634994549e+04
1.069069159395053328e-02 2.236441778393097411e+04
1.071040667132583390e-02 2.237947934998062556e+04
1.073015810596319314e-02 2.239450354221218731e+04
1.074994596491031518e-02 2.240949017623089458e+04
1.076977031533853449e-02 2.242443906736011559e+04
1.078963122454306735e-02 2.243935003084904747e+04
1.080952875994322868e-02 2.245422288187555387e+04
1.082946298908265582e-02 2.246905743554829678e+04
1.084943397962956704e-02 2.248385350669276886e+04
1.086944179937694883e-02 2.249861090822714323e+04
1.088948651624281616e-02 2.251332945207345620e+04
1.090956819827042582e-02 2.252800895007956206e+04
1.092968691362853489e-02 2.254264921402968321e+04
1.094984273061159509e-02 2.255725005564639650e+04
1.097003571764000596e-02 2.257181128660515242e+04
1.099026594326034389e-02 2.258633271939768019e+04
1.101053347614559461e-02 2.260081416792852178e+04
1.103083838509539248e-02 2.261525544619788343e+04
1.105118073903624092e-02 2.262965636816405095e+04
1.107156060702175343e-02 2.264401674774595085e+04
1.109197805823288786e-02 2.265833639882614807e+04
1.111243316197817535e-02 2.267261513431599815e+04
1.113292598769398054e-02 2.268685276237397193e+04
1.115345660494470106e-02 2.270104908963390699e+04
1.117402508342302259e-02 2.271520392268555588e+04
1.119463149295015642e-02 2.272931706807797309e+04
1.121527590347606851e-02 2.274338833232216712e+04
1.123595838507973621e-02 2.275741752198965332e+04
1.125667900796935988e-02 2.277140444496168857e+04
1.127743784248261272e-02 2.278534891008444538e+04
1.129823495908688358e-02 2.279925072620696301e+04
1.131907042837950600e-02 2.281310970216061105e+04
1.133994432108802533e-02 2.282692564676206894e+04
1.136085670807039302e-02 2.284069836877330818e+04
1.138180766031524765e-02 2.285442767505664960e+04
1.140279724894213004e-02 2.286811336986421156e+04
1.142382554520173996e-02 2.288175525724527324e+04
1.144489262047618076e-02 2.289535314123773060e+04
1.146599854627918143e-02 2.290890682587104675e+04
1.148714339425636020e-02 2.292241611516859484e+04
1.150832723618544842e-02 2.293588081298166799e+04
1.152955014397656457e-02 2.294930072279463275e+04
1.155081218967242418e-02 2.296267564804637732e+04
1.157211344544860007e-02 2.297600539218113045e+04
1.159345398361377039e-02 2.298928975865184475e+04
1.161483387660995625e-02 2.300252855092253230e+04
1.163625319701278200e-02 2.301572157182617229e+04
1.165771201753170068e-02 2.302886862234652654e+04
1.167921041101025424e-02 2.304196950314757851e+04
1.170074845042631817e-02 2.305502401491136334e+04
1.172232620889234259e-02 2.306803195834081998e+04
1.174394375965562461e-02 2.308099313416333825e+04
1.176560117609852345e-02 2.309390734343931399e+04
1.178729853173873104e-02 2.310677438823790726e+04
1.180903590022951144e-02 2.311959407086029023e+04
1.183081335535995579e-02 2.313236619364800572e+04
1.185263097105524431e-02 2.314509055898648512e+04
1.187448882137687005e-02 2.315776696930711114e+04
1.189638698052291298e-02 2.317039522571302223e+04
1.191832552282828112e-02 2.318297512532069595e+04
1.194030452276496207e-02 2.319550646455621973e+04
1.196232405494229711e-02 2.320798903989291284e+04
1.198438419410720150e-02 2.322042264785459338e+04
1.200648501514443335e-02 2.323280708502101697e+04
1.202862659307685732e-02 2.324514214846328105e+04
1.205080900306567705e-02 2.325742763628742250e+04
1.207303232041072663e-02 2.326966334679899228e+04
1.209529662055068219e-02 2.328184907837494757e+04
1.211760197906334297e-02 2.329398462946695145e+04
1.213994847166588453e-02 2.330606979861899163e+04
1.216233617421512772e-02 2.331810438520652679e+04
1.218476516270776758e-02 2.333008818979361240e+04
1.220723551328065093e-02 2.334202101312504965e+04
1.222974730221103486e-02 2.335390265604174056e+04
1.225230060591683476e-02 2.336573291948430051e+04
1.227489550095690711e-02 2.337751160427936702e+04
1.229753206403127672e-02 2.338923850767413023e+04
1.232021037198141947e-02 2.340091342394095773e+04
1.234293050179051908e-02 2.341253614735760129e+04
1.236569253058371516e-02 2.342410647230536415e+04
1.238849653562840158e-02 2.343562419327290263e+04
1.241134259433444159e-02 2.344708910482711508e+04
1.243423078425445923e-02 2.345850100144035969e+04
1.245716118308409434e-02 2.346985967762006112e+04
1.248013386866226627e-02 2.348116492799524713e+04
1.250314891897145488e-02 2.349241654732028110e+04
1.252620641213793122e-02 2.350361433048778053e+04
1.254930642643205252e-02 2.351475807512320171e+04
1.257244904026851018e-02 2.352584758517508453e+04
1.259563433220660215e-02 2.353688266564753576e+04
1.261886238095051745e-02 2.354786312170725068e+04
1.264213326534956681e-02 2.355878875868706746e+04
1.266544706439847595e-02 2.356965938145385371e+04
1.268880385723764916e-02 2.358047478420635525e+04
1.271220372315342781e-02 2.359123475221618719e+04
1.273564674157838875e-02 2.360193907061820573e+04
1.275913299209157324e-02 2.361258752469434694e+04
1.278266255441878364e-02 2.362317989987811961e+04
1.280623550843284011e-02 2.363371598553373042e+04
1.282985193415387901e-02 2.364419558567706554e+04
1.285351191174958704e-02 2.365461850799428066e+04
1.287721552153549623e-02 2.366498456037752476e+04
1.290096284397524926e-02 2.367529355092855621e+04
1.292475395968086839e-02 2.368554528737684450e+04
1.294858894941306078e-02 2.369573956508151969e+04
1.297246789408143877e-02 2.370587616748710934e+04
1.299639087474483562e-02 2.371595487772929482e+04
1.302035797261156570e-02 2.372597547912903610e+04
1.304436926903969861e-02 2.373593775519809424e+04
1.306842484553735230e-02 2.374584149260143022e+04
1.309252478376294639e-02 2.375568648783407116e+04
1.311666916552548662e-02 2.376547253956901477e+04
1.314085807278485285e-02 2.377519944671019766e+04
1.316509158765205925e-02 2.378486700839698824e+04
1.318936979238956829e-02 2.379447502298543259e+04
1.321369276941151798e-02 2.380402327759446052e+04
1.323806060128404280e-02 2.381351155235384431e+04
1.326247337072553739e-02 2.382293962750202991e+04
1.328693116060693236e-02 2.383230728350242498e+04
1.331143405395200825e-02 2.384161430105811087e+04
1.333598213393762631e-02 2.385086046168840039e+04
1.336057548389404936e-02 2.386004554805030421e+04
1.338521418730520031e-02 2.386916934312363810e+04
1.340989832780898477e-02 2.387823163013904559e+04
1.343462798919752184e-02 2.388723219258289828e+04
1.345940325541746148e-02 2.389617081514156234e+04
1.348422421057026907e-02 2.390504728606093340e+04
1.350909093891248906e-02 2.391386139458325852e+04
1.353400352485607111e-02 2.392261293023262624e+04
1.355896205296861293e-02 2.393130168281872102e+04
1.358396660797367081e-02 2.393992744203912298e+04
1.360901727475104239e-02 2.394848999493620795e+04
1.363411413833704941e-02 2.395698912753758123e+04
1.365925728392485168e-02 2.396542462616289777e+04
1.368444679686469864e-02 2.397379627743459059e+04
1.370968276266423813e-02 2.398210386866483168e+04
1.373496526698881476e-02 2.399034719295697505e+04
1.376029439566173358e-02 2.399852604783859351e+04
1.378567023466460012e-02 2.400664023127140172e+04
1.381109287013755627e-02 2.401468954155722895e+04
1.383656238837960295e-02 2.402267377715903785e+04
1.386207887584889331e-02 2.403059273191942339e+04
1.388764241916300851e-02 2.403844619459949172e+04
1.391325310509929081e-02 2.404623395403003087e+04
1.393891102059508467e-02 2.405395579939088930e+04
1.396461625274806814e-02 2.406161152027910066e+04
1.399036888881654422e-02 2.406920090962096219e+04
1.401616901621971500e-02 2.407672376490387978e+04
1.404201672253802685e-02 2.408417988430987316e+04
1.406791209551340634e-02 2.409156906640391389e+04
1.409385522304960024e-02 2.409889111001955462e+04
1.411984619321245311e-02 2.410614580631507124e+04
1.414588509423023686e-02 2.411333293376276561e+04
1.417197201449390577e-02 2.412045227001778039e+04
1.419810704255742607e-02 2.412750359311629654e+04
1.422429026713807089e-02 2.413448668161774913e+04
1.425052177711671163e-02 2.414140132424089461e+04
1.427680166153815107e-02 2.414824732622230295e+04
1.430313000961137664e-02 2.415502449473560773e+04
1.432950691070990386e-02 2.416173263739226968e+04
1.435593245437205567e-02 2.416837156206847067e+04
1.438240673030127814e-02 2.417494106745449244e+04
1.440892982836645790e-02 2.418144093832414364e+04
1.443550183860219105e-02 2.418787095871178099e+04
1.446212285120911968e-02 2.419423091308704898e+04
1.448879295655422506e-02 2.420052058643038981e+04
1.451551224517113117e-02 2.420673976647006202e+04
1.454228080776044131e-02 2.421288824415700583e+04
1.456909873518999823e-02 2.421896581106816666e+04
1.459596611849522767e-02 2.422497225924831218e+04
1.462288304887943667e-02 2.423090738137853623e+04
1.464984961771411201e-02 2.423677097357657112e+04
1.467686591653926710e-02 2.424256283501890357e+04
1.470393203706370742e-02 2.424828276546214329e+04
1.473104807116536533e-02 2.425393056516205615e+04
1.475821411089161227e-02 2.425950603423743451e+04
1.478543024845955373e-02 2.426500896712816757e+04
1.481269657625638655e-02 2.427043915532287792e+04
1.484001318683965225e-02 2.427579639078356195e+04
1.486738017293759428e-02 2.428108046598895089e+04
1.489479762744944785e-02 2.428629117449011392e+04
1.492226564344579197e-02 2.429142831310452311e+04
1.494978431416881665e-02 2.429649168003622617e+04
1.497735373303266983e-02 2.430148107403171889e+04
1.500497399362376791e-02 2.430639629437324766e+04
1.503264518970110972e-02 2.431123713738355218e+04
1.506036741519661479e-02 2.431600339154036556e+04
1.508814076421540785e-02 2.432069484464610287e+04
1.511596533103616059e-02 2.432531128506319510e+04
1.514384121011140907e-02 2.432985250205709963e+04
1.517176849606786428e-02 2.433431829475804625e+04
1.519974728370676598e-02 2.433870847310920362e+04
1.522777766800415336e-02 2.434302284817574400e+04
1.525585974411122758e-02 2.434726123162569638e+04
1.528399360735465881e-02 2.435142343416195581e+04
1.531217935323690021e-02 2.435550925510983507e+04
1.534041707743655572e-02 2.435951848888308814e+04
1.536870687580864543e-02 2.436345093047758928e+04
1.539704884438496645e-02 2.436730637550577740e+04
1.542544307937441204e-02 2.437108461979455024e+04
1.545388967716329262e-02 2.437478545876723365e+04
1.548238873431568956e-02 2.437840868832050182e+04
1.551094034757373452e-02 2.438195410499111313e+04
1.553954461385797896e-02 2.438542150649546966e+04
1.556820163026770461e-02 2.438881070062906292e+04
1.559691149408124790e-02 2.439212150392224794e+04
1.562567430275637118e-02 2.439535373383934711e+04
1.565449015393052812e-02 2.439850720852323138e+04
1.568335914542124190e-02 2.440158174127322854e+04
1.571228137522642093e-02 2.440457712397358773e+04
1.574125694152471097e-02 2.440749314366658655e+04
1.577028594267579353e-02 2.441032958807961040e+04
1.579936847722074322e-02 2.441308624631110069e+04
1.582850464388236081e-02 2.441576292556697445e+04
1.585769454156549588e-02 2.441835945223276576e+04
1.588693826935741460e-02 2.442087565431067196e+04
1.591623592652809116e-02 2.442331136053416049e+04
1.594558761253057552e-02 2.442566639252379537e+04
1.597499342700132302e-02 2.442794054034861256e+04
1.600445346976052050e-02 2.443013358650841110e+04
1.603396784081246099e-02 2.443224531423957160e+04
1.606353664034583864e-02 2.443427550898464324e+04
1.609315996873411647e-02 2.443622398510138009e+04
1.612283792653585943e-02 2.443809058313135756e+04
1.615257061449506051e-02 2.443987514530708359e+04
1.618235813354153285e-02 2.444157751463014574e+04
1.621220058479119416e-02 2.444319752285697177e+04
1.624209806954642760e-02 2.444473496907312801e+04
1.627205068929644602e-02 2.444618964738378418e+04
1.630205854571761120e-02 2.444756135268818980e+04
1.633212174067380854e-02 2.444884988310821791e+04
1.636224037621675231e-02 2.445005505933096356e+04
1.639241455458636393e-02 2.445117671436033561e+04
1.642264437821110840e-02 2.445221468213092521e+04
1.645292994970833783e-02 2.445316879688043264e+04
1.648327137188465921e-02 2.445403887210290122e+04
1.651366874773625010e-02 2.445482469349496751e+04
1.654412218044924027e-02 2.445552604562058332e+04
1.657463177340003438e-02 2.445614271389930218e+04
1.660519763015570055e-02 2.445667450048667524e+04
1.663581985447427913e-02 2.445712125896309226e+04
1.666649855030515742e-02 2.445748285382537142e+04
1.669723382178942006e-02 2.445775915045124930e+04
1.672802577326019599e-02 2.445795000857593550e+04
1.675887450924304703e-02 2.445805523958321646e+04
1.678978013445625930e-02 2.445807463328575614e+04
1.682074275381124917e-02 2.445800798028302597e+04
1.685176247241290670e-02 2.445785507380454874e+04
1.688283939555992874e-02 2.445761574060977364e+04
1.691397362874523178e-02 2.445728983753631837e+04
1.694516527765625377e-02 2.445687722337452578e+04
1.697641444817533235e-02 2.445637775767869607e+04
1.700772124638007601e-02 2.445579129019974789e+04
1.703908577854370068e-02 2.445511765455526256e+04
1.707050815113542869e-02 2.445435668379220806e+04
1.710198847082080448e-02 2.445350821189808994e+04
1.713352684446208668e-02 2.445257206461668466e+04
1.716512337911860198e-02 2.445154804400870125e+04
1.719677818204709552e-02 2.445043594903211124e+04
1.722849136070214032e-02 2.444923557963369603e+04
1.726026302273644258e-02 2.444794674580945866e+04
1.729209327600124066e-02 2.444656929719707477e+04
1.732398222854666936e-02 2.444510309474064707e+04
1.735592998862210690e-02 2.444354800038699977e+04
1.738793666467659121e-02 2.444190387737403216e+04
1.742000236535912877e-02 2.444017059173522648e+04
1.745212719951909353e-02 2.443834801121275814e+04
1.748431127620658429e-02 2.443643600457301363e+04
1.751655470467283066e-02 2.443443443487866534e+04
1.754885759437051218e-02 2.443234310831263792e+04
1.758122005495415738e-02 2.443016180258543318e+04
1.761364219628051841e-02 2.442789029625173498e+04
1.764612412840892847e-02 2.442552837580803680e+04
1.767866596160170417e-02 2.442307590340896422e+04
1.771126780632447870e-02 2.442053278806667004e+04
1.774392977324661461e-02 2.441789894051606825e+04
1.777665197324155427e-02 2.441517427006391517e+04
1.780943451738719804e-02 2.441235865579829260e+04
1.784227751696632058e-02 2.440945195653888004e+04
1.787518108346688311e-02 2.440645403179334244e+04
1.790814532858246363e-02 2.440336473981698873e+04
1.794117036421261427e-02 2.440018390905260458e+04
1.797425630246322556e-02 2.439691134733004947e+04
1.800740325564697403e-02 2.439354686318184758e+04
1.804061133628361013e-02 2.439009026975204688e+04
1.807388065710040584e-02 2.438654142382955615e+04
1.810721133103251196e-02 2.438290021193676148e+04
1.814060347122334327e-02 2.437916652226854421e+04
1.817405719102498790e-02 2.437534024483586472e+04
1.820757260399854735e-02 2.437142127785103003e+04
1.824114982391454934e-02 2.436740952489310439e+04
1.827478896475333292e-02 2.436330489074934667e+04
1.830849014070543013e-02 2.435910727291086005e+04
1.834225346617196842e-02 2.435481650030695164e+04
1.837607905576502804e-02 2.435043236875248112e+04
1.840996702430806181e-02 2.434595467507644571e+04
1.844391748683625251e-02 2.434138323480216059e+04
1.847793055859696040e-02 2.433671797000204606e+04
1.851200635505004591e-02 2.433195884326730084e+04
1.854614499186830329e-02 2.432710581841408202e+04
1.858034658493784227e-02 2.432215883239874165e+04
1.861461125035846972e-02 2.431711770724964299e+04
1.864893910444413369e-02 2.431198223620903445e+04
1.868333026372324263e-02 2.430675221390747174e+04
1.871778484493911640e-02 2.430142747405901537e+04
1.875230296505035407e-02 2.429600795206961266e+04
1.878688474123124674e-02 2.429049360106757013e+04
1.882153029087219043e-02 2.428488437499524662e+04
1.885623973158003994e-02 2.427918020153211546e+04
1.889101318117853562e-02 2.427338096472583857e+04
1.892585075770871275e-02 2.426748654577392517e+04
1.896075257942926931e-02 2.426149682645454595e+04
1.899571876481702393e-02 2.425541167437378681e+04
1.903074943256724896e-02 2.424923094356260117e+04
1.906584470159412154e-02 2.424295448879787364e+04
1.910100469103111209e-02 2.423658217262210746e+04
1.913622952023136953e-02 2.423011391661298694e+04
1.917151930876818955e-02 2.422354967417610897e+04
1.920687417643534081e-02 2.421688940026947239e+04
1.924229424324751594e-02 2.421013304134856298e+04
1.927777962944073400e-02 2.420328050483086918e+04
1.931333045547273600e-02 2.419633168908064545e+04
1.934894684202342896e-02 2.418928649370226049e+04
1.938462890999524679e-02 2.418214480699877095e+04
1.942037678051358740e-02 2.417490649497266349e+04
1.945619057492721168e-02 2.416757142244829083e+04
1.949207041480869804e-02 2.416013945987939951e+04
1.952801642195478582e-02 2.415261055268937343e+04
1.956402871838683680e-02 2.414498471028191489e+04
1.960010742635123412e-02 2.413726194533295711e+04
1.963625266831979521e-02 2.412944224944468078e+04
1.967246456699021928e-02 2.412152548800537988e+04
1.970874324528644472e-02 2.411351148271011698e+04
1.974508882635910706e-02 2.410540005709208344e+04
1.978150143358595181e-02 2.409719109064281656e+04
1.981798119057223695e-02 2.408888457707142516e+04
1.985452822115120128e-02 2.408048052541597644e+04
1.989114264938441484e-02 2.407197894229667145e+04
1.992782459956223690e-02 2.406337977830447198e+04
1.996457419620424265e-02 2.405468294050836994e+04
2.000139156405963264e-02 2.404588833625114057e+04
2.003827682810768035e-02 2.403699588005573605e+04
2.007523011355811723e-02 2.402800551194156287e+04
2.011225154585158381e-02 2.401891717970548416e+04
2.014934125066004944e-02 2.400973083262146247e+04
2.018649935388723560e-02 2.400044642271567864e+04
2.022372598166906343e-02 2.399106390518615444e+04
2.026102126037405624e-02 2.398158323680190369e+04
2.029838531660376963e-02 2.397200437443811097e+04
2.033581827719323568e-02 2.396232726726727560e+04
2.037332026921138614e-02 2.395255186213476190e+04
2.041089141996149658e-02 2.394267810743922746e+04
2.044853185698159576e-02 2.393270595964442691e+04
2.048624170804490968e-02 2.392263538841719856e+04
2.052402110116028841e-02 2.391246636611019130e+04
2.056187016457267092e-02 2.390219886560983286e+04
2.059978902676348061e-02 2.389183285326077748e+04
2.063777781645107293e-02 2.388136829285409112e+04
2.067583666259118977e-02 2.387080514969690194e+04
2.071396569437736548e-02 2.386014339489552731e+04
2.075216504124142297e-02 2.384938300930895639e+04
2.079043483285383798e-02 2.383852397623310389e+04
2.082877519912423175e-02 2.382756628219067716e+04
2.086718627020178740e-02 2.381650992923637750e+04
2.090566817647570089e-02 2.380535492773119040e+04
2.094422104857565289e-02 2.379410128839806566e+04
2.098284501737218352e-02 2.378274893956688175e+04
2.102154021397719189e-02 2.377129767202045332e+04
2.106030676974436633e-02 2.375974726533819194e+04
2.109914481626961810e-02 2.374809758473288093e+04
2.113805448539156709e-02 2.373634900091761301e+04
2.117703590919193732e-02 2.372450207296234657e+04
2.121608921999602881e-02 2.371255734083001153e+04
2.125521455037317556e-02 2.370051473618133605e+04
2.129441203313717570e-02 2.368837348463380476e+04
2.133368180134678077e-02 2.367613277515530717e+04
2.137302398830609809e-02 2.366379211101583132e+04
2.141243872756506961e-02 2.365135210574767916e+04
2.145192615291991595e-02 2.363881361962194933e+04
2.149148639841360134e-02 2.362617744492170459e+04
2.153111959833629852e-02 2.361344355055051346e+04
2.157082588722580851e-02 2.360061135851553991e+04
2.161060539986804294e-02 2.358768028655279340e+04
2.165045827129747150e-02 2.357464999742664804e+04
2.169038463679761122e-02 2.356152057885668546e+04
2.173038463190143585e-02 2.354829216249994715e+04
2.177045839239186154e-02 2.353496492470592420e+04
2.181060605430221178e-02 2.352153924918688426e+04
2.185082775391666843e-02 2.350801558160750210e+04
2.189112362777076090e-02 2.349439432815762848e+04
2.193149381265178249e-02 2.348067532832379220e+04
2.197193844559929346e-02 2.346685800292888598e+04
2.201245766390556510e-02 2.345294177109024531e+04
2.205305160511605508e-02 2.343892644615178870e+04
2.209372040702990009e-02 2.342481249933370054e+04
2.213446420770031828e-02 2.341060046503150807e+04
2.217528314543514012e-02 2.339629077850910471e+04
2.221617735879724206e-02 2.338188349148783163e+04
2.225714698660502880e-02 2.336737856456285590e+04
2.229819216793292938e-02 2.335277595832095176e+04
2.233931304211181704e-02 2.333807561883383096e+04
2.238050974872951571e-02 2.332327748532138503e+04
2.242178242763127882e-02 2.330838150196088827e+04
2.246313121892022646e-02 2.329338769495273300e+04
2.250455626295789699e-02 2.327829617657605922e+04
2.254605770036462870e-02 2.326310706474539984e+04
2.258763567202010450e-02 2.324782050042242918e+04
2.262929031906378563e-02 2.323243666906646104e+04
2.267102178289545286e-02 2.321695576251985040e+04
2.271283020517561937e-02 2.320137793415149645e+04
2.275471572782604424e-02 2.318570318774004045e+04
2.279667849303020771e-02 2.316993149297427226e+04
2.283871864323378659e-02 2.315406282359841862e+04
2.288083632114518151e-02 2.313809717088998150e+04
2.292303166973593334e-02 2.312203453476364302e+04
2.296530483224125396e-02 2.310587494119556868e+04
2.300765595216049120e-02 2.308961875210242579e+04
2.305008517325762840e-02 2.307326657366111613e+04
2.309259263956179101e-02 2.305681899910034190e+04
2.313517849536768367e-02 2.304027606686066429e+04
2.317784288523612457e-02 2.302363718034401973e+04
2.322058595399451725e-02 2.300690171682292930e+04
2.326340784673733633e-02 2.299006951094746910e+04
2.330630870882666530e-02 2.297314119048429711e+04
2.334928868589261630e-02 2.295611746230618155e+04
2.339234792383388176e-02 2.293899888343585917e+04
2.343548656881820624e-02 2.292178562415030319e+04
2.347870476728287914e-02 2.290447779434140830e+04
2.352200266593526892e-02 2.288707542087673937e+04
2.356538041175326031e-02 2.286957821552316091e+04
2.360883815198580246e-02 2.285198581858427133e+04
2.365237603415338077e-02 2.283429802011792344e+04
2.369599420604852694e-02 2.281651538059453378e+04
2.373969281573634973e-02 2.279863871095143259e+04
2.378347201155497567e-02 2.278066872124461588e+04
2.382733194211610409e-02 2.276260541443081092e+04
2.387127275630547552e-02 2.274444849187284854e+04
2.391529460328343723e-02 2.272619769740781339e+04
2.395939763248536997e-02 2.270785315156991419e+04
2.400358199362224304e-02 2.268941517732169814e+04
2.404784783668111742e-02 2.267088409202459297e+04
2.409219531192563490e-02 2.265226011660057338e+04
2.413662456989658367e-02 2.263354341070557712e+04
2.418113576141232846e-02 2.261473413577371321e+04
2.422572903756937956e-02 2.259583247395291255e+04
2.427040454974288552e-02 2.257683862294315986e+04
2.431516244958714310e-02 2.255775278208368036e+04
2.436000288903615932e-02 2.253857515204860465e+04
2.440492602030407826e-02 2.251930593483698613e+04
2.444993199588577429e-02 2.249994533465554559e+04
2.449502096855733779e-02 2.248049357325713572e+04
2.454019309137658172e-02 2.246095088763138119e+04
2.458544851768362099e-02 2.244131751251691821e+04
2.463078740110130962e-02 2.242159361173968136e+04
2.467620989553582014e-02 2.240177928694852744e+04
2.472171615517714666e-02 2.238187464577137507e+04
2.476730633449961486e-02 2.236187991580232847e+04
2.481298058826246142e-02 2.234179542898226282e+04
2.485873907151028503e-02 2.232162151897323201e+04
2.490458193957361538e-02 2.230135847687206478e+04
2.495050934806943704e-02 2.228100655869323964e+04
2.499652145290169949e-02 2.226056601174836760e+04
2.504261841026189303e-02 2.224003695531271296e+04
2.508880037662951368e-02 2.221941941146102545e+04
2.513506750877264259e-02 2.219871343220400740e+04
2.518141996374843872e-02 2.217791945213800864e+04
2.522785789890374247e-02 2.215703816506423755e+04
2.527438147187552678e-02 2.213607019162210418e+04
2.532099084059147298e-02 2.211501536436134120e+04
2.536768616327050516e-02 2.209387305970484522e+04
2.541446759842331399e-02 2.207264282914892829e+04
2.546133530485294311e-02 2.205132564045296022e+04
2.550828944165525400e-02 2.202992313817846662e+04
2.555533016821950887e-02 2.200843669995228265e+04
2.560245764422890841e-02 2.198686605779949241e+04
2.564967202966112261e-02 2.196521032284365720e+04
2.569697348478887020e-02 2.194346881765253056e+04
2.574436217018040776e-02 2.192164182182909281e+04
2.579183824670010228e-02 2.189972988954146058e+04
2.583940187550898965e-02 2.187773357240460609e+04
2.588705321806528126e-02 2.185565341362518666e+04
2.593479243612498847e-02 2.183348995482419923e+04
2.598261969174238059e-02 2.181124379649104594e+04
2.603053514727058509e-02 2.178891567756883160e+04
2.607853896536214272e-02 2.176650634526509748e+04
2.612663130896952096e-02 2.174401578869167133e+04
2.617481234134573856e-02 2.172144275790893516e+04
2.622308222604483388e-02 2.169878595773205961e+04
2.627144112692248248e-02 2.167604589251071957e+04
2.631988920813651753e-02 2.165322507884583683e+04
2.636842663414750224e-02 2.163032595955841316e+04
2.641705356971931623e-02 2.160734849203660633e+04
2.646577017991964820e-02 2.158429077979717476e+04
2.651457663012061691e-02 2.156115119424559816e+04
2.656347308599928125e-02 2.153793053218552450e+04
2.661245971353828552e-02 2.151463074644409426e+04
2.666153667902631391e-02 2.149125352137704976e+04
2.671070414905873588e-02 2.146779929588321102e+04
2.675996229053813694e-02 2.144426815233417801e+04
2.680931127067488415e-02 2.142066010056710729e+04
2.685875125698774027e-02 2.139697495683038869e+04
2.690828241730435638e-02 2.137321251190380644e+04
2.695790491976189293e-02 2.134937275593321829e+04
2.700761893280758524e-02 2.132545597993175761e+04
2.705742462519928129e-02 2.130146252035124053e+04
2.710732216600609049e-02 2.127739307331672899e+04
2.715731172460886939e-02 2.125324864926826194e+04
2.720739347070084274e-02 2.122903023366362686e+04
2.725756757428817595e-02 2.120473853798176788e+04
2.730783420569053710e-02 2.118037414007999541e+04
2.735819353554172495e-02 2.115593741337370739e+04
2.740864573479016852e-02 2.113142791903505349e+04
2.745919097469956549e-02 2.110684502320528190e+04
2.750982942684944421e-02 2.108218864890197437e+04
2.756056126313573273e-02 2.105745982304758218e+04
2.761138665577140758e-02 2.103265967962912691e+04
2.766230577728697945e-02 2.100778883996694640e+04
2.771331880053114899e-02 2.098284740197458814e+04
2.776442589867136879e-02 2.095783548014532062e+04
2.781562724519442281e-02 2.093275352728749931e+04
2.786692301390706825e-02 2.090760216949678943e+04
2.791831337893655243e-02 2.088238199921756313e+04
2.796979851473123391e-02 2.085709347907670235e+04
2.802137859606118261e-02 2.083173703879511595e+04
2.807305379801879400e-02 2.080631292174938062e+04
2.812482429601932676e-02 2.078082105510198744e+04
2.817669026580153432e-02 2.075526138748745507e+04
2.822865188342826501e-02 2.072963465700327652e+04
2.828070932528703105e-02 2.070394222762395293e+04
2.833286276809066778e-02 2.067818530723079675e+04
2.838511238887785407e-02 2.065236413992293456e+04
2.843745836501376800e-02 2.062647863288881490e+04
2.848990087419066633e-02 2.060052888319936392e+04
2.854244009442848465e-02 2.057451542020481065e+04
2.859507620407549314e-02 2.054843882795595346e+04
2.864780938180882044e-02 2.052229957907705830e+04
2.870063980663510594e-02 2.049609803673003262e+04
2.875356765789111382e-02 2.046983458618323129e+04
2.880659311524430208e-02 2.044350979180639115e+04
2.885971635869350946e-02 2.041712429089530633e+04
2.891293756856947589e-02 2.039067859282151039e+04
2.896625692553550860e-02 2.036417288928983908e+04
2.901967461058807540e-02 2.033760735468163330e+04
2.907319080505741879e-02 2.031098286128911786e+04
2.912680569060822205e-02 2.028430097534710876e+04
2.918051944924013666e-02 2.025756296157469114e+04
2.923433226328845877e-02 2.023076801347756191e+04
2.928824431542474335e-02 2.020391452855524403e+04
2.934225578865739051e-02 2.017700207090493132e+04
2.939636686633234630e-02 2.015003276250891940e+04
2.945057773213361971e-02 2.012300898826090270e+04
2.950488857008397997e-02 2.009593194811028661e+04
2.955929956454553947e-02 2.006880185410460035e+04
2.961381090022044069e-02 2.004161880477214436e+04
2.966842276215140781e-02 2.001438249669917786e+04
2.972313533572241290e-02 1.998709251943228446e+04
2.977794880665930732e-02 1.995974916372846928e+04
2.983286336103042891e-02 1.993235384741024973e+04
2.988787918524729234e-02 1.990490795874765536e+04
2.994299646606514084e-02 1.987741159071967195e+04
2.999821539058363309e-02 1.984986408439246588e+04
3.005353614624746081e-02 1.982226541961156909e+04
3.010895892084698364e-02 1.979461750924119406e+04
3.016448390251890224e-02 1.976692255355891393e+04
3.022011127974683423e-02 1.973918121467869787e+04
3.027584124136199761e-02 1.971139260875451873e+04
3.033167397654383882e-02 1.968355618004123608e+04
3.038760967482066061e-02 1.965567347183874881e+04
3.044364852607033683e-02 1.962774669809602710e+04
3.049979072052083975e-02 1.959977649670575556e+04
3.055603644875097558e-02 1.957176095517446447e+04
3.061238590169100202e-02 1.954369833031533562e+04
3.066883927062325627e-02 1.951559047721611933e+04
3.072539674718287664e-02 1.948744116634164675e+04
3.078205852335835768e-02 1.945925270248183006e+04
3.083882479149225794e-02 1.943102371577365557e+04
3.089569574428184875e-02 1.940275240808391027e+04
3.095267157477973527e-02 1.937443894277055733e+04
3.100975247639458851e-02 1.934608502090695401e+04
3.106693864289171089e-02 1.931769214204667878e+04
3.112423026839374399e-02 1.928926093359812876e+04
3.118162754738129996e-02 1.926079180838170214e+04
3.123913067469369018e-02 1.923228481297982216e+04
3.129673984552948374e-02 1.920373960087303931e+04
3.135445525544724998e-02 1.917515627149972715e+04
3.141227710036618298e-02 1.914653728431153286e+04
3.147020557656676765e-02 1.911788578608940952e+04
3.152824088069149794e-02 1.908920255219321916e+04
3.158638320974546665e-02 1.906048506383745189e+04
3.164463276109707318e-02 1.903173112821071118e+04
3.170298973247870356e-02 1.900294228452087918e+04
3.176145432198736879e-02 1.897412158073145110e+04
3.182002672808543348e-02 1.894527110283227375e+04
3.187870714960122642e-02 1.891639128927102138e+04
3.193749578572974146e-02 1.888748237280918329e+04
3.199639283603332440e-02 1.885854422955936388e+04
3.205539850044232530e-02 1.882957656214711460e+04
3.211451297925582704e-02 1.880057934907633899e+04
3.217373647314226981e-02 1.877155312547872745e+04
3.223306918314013808e-02 1.874249855574611138e+04
3.229251131065868224e-02 1.871341693547885370e+04
3.235206305747855005e-02 1.868430991516345239e+04
3.241172462575254987e-02 1.865517884639052500e+04
3.247149621800625441e-02 1.862602440232245135e+04
3.253137803713870152e-02 1.859684711554141177e+04
3.259137028642314360e-02 1.856764701648765185e+04
3.265147316950765127e-02 1.853842382357953102e+04
3.271168689041591138e-02 1.850917747767694891e+04
3.277201165354780288e-02 1.847990847258979556e+04
3.283244766368016015e-02 1.845061747000393007e+04
3.289299512596745301e-02 1.842130616687881775e+04
3.295365424594251524e-02 1.839197693477752546e+04
3.301442522951716918e-02 1.836263120882633302e+04
3.307530828298298198e-02 1.833326803219250360e+04
3.313630361301195260e-02 1.830388623130378983e+04
3.319741142665718486e-02 1.827448649282439510e+04
3.325863193135368545e-02 1.824507074322085464e+04
3.331996533491892593e-02 1.821564020432235702e+04
3.338141184555364765e-02 1.818619426178801587e+04
3.344297167184255570e-02 1.815673221390429171e+04
3.350464502275497802e-02 1.812725572158245268e+04
3.356643210764567037e-02 1.809776799530962671e+04
3.362833313625540610e-02 1.806827095502616066e+04
3.369034831871178109e-02 1.803876328911490782e+04
3.375247786552987989e-02 1.800924340523980936e+04
3.381472198761300424e-02 1.797971201177946205e+04
3.387708089625342256e-02 1.795017126915036715e+04
3.393955480313302214e-02 1.792062247610857230e+04
3.400214392032405858e-02 1.789106487563523115e+04
3.406484846028989821e-02 1.786149768332705571e+04
3.412766863588567734e-02 1.783192286655980570e+04
3.419060466035914181e-02 1.780234401701134993e+04
3.425365674735122296e-02 1.777276288892222146e+04
3.431682511089687027e-02 1.774317721610562876e+04
3.438010996542570363e-02 1.771358459903949188e+04
3.444351152576285297e-02 1.768398627938949357e+04
3.450703000712955493e-02 1.765438549286658963e+04
3.457066562514395092e-02 1.762478435708978577e+04
3.463441859582182952e-02 1.759518273617969680e+04
3.469828913557731348e-02 1.756558032659682431e+04
3.476227746122366458e-02 1.753597766189319736e+04
3.482638378997394979e-02 1.750637569684283881e+04
3.489060833944180456e-02 1.747677550135977435e+04
3.495495132764218221e-02 1.744717835302812455e+04
3.501941297299205474e-02 1.741758529929500946e+04
3.508399349431125941e-02 1.738799551467654237e+04
3.514869311082309544e-02 1.735840734932304258e+04
3.521351204215516367e-02 1.732882119340587451e+04
3.527845050834008123e-02 1.729924080469140972e+04
3.534350872981623093e-02 1.726966968175656802e+04
3.540868692742855928e-02 1.724010754109581103e+04
3.547398532242922176e-02 1.721055255368911094e+04
3.553940413647842245e-02 1.718100401884732491e+04
3.560494359164512179e-02 1.715146293735615473e+04
3.567060391040779987e-02 1.712193048164726497e+04
3.573638531565527521e-02 1.709240804159463733e+04
3.580228803068732923e-02 1.706289707790751709e+04
3.586831227921557369e-02 1.703339878039531686e+04
3.593445828536417225e-02 1.700391396600154258e+04
3.600072627367056910e-02 1.697444329065792044e+04
3.606711646908637020e-02 1.694498667914970429e+04
3.613362909697794695e-02 1.691554381189234482e+04
3.620026438312729661e-02 1.688611475721170427e+04
3.626702255373277783e-02 1.685670008793148736e+04
3.633390383540992946e-02 1.682730058477065177e+04
3.640090845519217133e-02 1.679791796402490945e+04
3.646803664053159533e-02 1.676855421328033481e+04
3.653528861929976335e-02 1.673921030365338447e+04
3.660266461978843588e-02 1.670988594134691084e+04
3.667016487071043246e-02 1.668058099444442269e+04
3.673778960120029080e-02 1.665129656082839210e+04
3.680553904081512034e-02 1.662203410028196959e+04
3.687341341953538632e-02 1.659279422986457575e+04
3.694141296776561750e-02 1.656357653108799423e+04
3.700953791633532219e-02 1.653438082638974811e+04
3.707778849649961961e-02 1.650520849726651068e+04
3.714616493994011420e-02 1.647606138449203354e+04
3.721466747876566589e-02 1.644694013360047393e+04
3.728329634551315330e-02 1.641784388585821216e+04
3.735205177314834812e-02 1.638877216467937615e+04
3.742093399506658119e-02 1.635972706681902127e+04
3.748994324509360987e-02 1.633071150333610967e+04
3.755907975748639521e-02 1.630172663675018157e+04
3.762834376693389993e-02 1.627277127304127862e+04
3.769773550855792105e-02 1.624384436860317328e+04
3.776725521791380463e-02 1.621494676767779129e+04
3.783690313099131314e-02 1.618608001231661365e+04
3.790667948421539563e-02 1.615724552793136900e+04
3.797658451444699962e-02 1.612844456544832246e+04
3.804661845898391070e-02 1.609967814694287154e+04
3.811678155556148806e-02 1.607094578794333029e+04
3.818707404235350406e-02 1.604224635723725260e+04
3.825749615797296305e-02 1.601358007594740775e+04
3.832804814147293404e-02 1.598494966473790737e+04
3.839873023234730010e-02 1.595635780546973547e+04
3.846954267053159793e-02 1.592780436682088839e+04
3.854048569640385752e-02 1.589928766580117190e+04
3.861155955078536539e-02 1.587080706757222833e+04
3.868276447494158055e-02 1.584236450733809943e+04
3.875410071058283529e-02 1.581396221774210971e+04
3.882556849986520953e-02 1.578560137439020400e+04
3.889716808539137038e-02 1.575728236081400246e+04
3.896889971021134935e-02 1.572900544572686704e+04
3.904076361782345822e-02 1.570077056682581133e+04
3.911276005217497603e-02 1.567257760921041699e+04
3.918488925766309972e-02 1.564442701888252486e+04
3.925715147913570735e-02 1.561631985693383285e+04
3.932954696189220473e-02 1.558825716128487511e+04
3.940207595168440657e-02 1.556023968628590774e+04
3.947473869471727903e-02 1.553226808116530265e+04
3.954753543764984169e-02 1.550434303948413799e+04
3.962046642759598641e-02 1.547646533862535580e+04
3.969353191212528914e-02 1.544863573293515037e+04
3.976673213926394668e-02 1.542085466722200181e+04
3.984006735749548445e-02 1.539312238820502898e+04
3.991353781576169324e-02 1.536543920582176179e+04
3.998714376346342719e-02 1.533780566374381488e+04
4.006088545046147809e-02 1.531022235425883264e+04
4.013476312707744270e-02 1.528268993931275145e+04
4.020877704409450693e-02 1.525520916766350638e+04
4.028292745275834780e-02 1.522778076513988344e+04
4.035721460477795924e-02 1.520040526887222950e+04
4.043163875232656107e-02 1.517308312348763138e+04
4.050620014804238306e-02 1.514581479820776985e+04
4.058089904502954620e-02 1.511860084024547359e+04
4.065573569685895089e-02 1.509144181112785554e+04
4.073071035756908875e-02 1.506433840157186023e+04
4.080582328166698636e-02 1.503729145156650702e+04
4.088107472412896154e-02 1.501030172049977227e+04
4.095646494040156710e-02 1.498336925837360468e+04
4.103199418640243040e-02 1.495649375881166816e+04
4.110766271852109299e-02 1.492967530540538246e+04
4.118347079361999591e-02 1.490291531398363259e+04
4.125941866903519439e-02 1.487621546086170747e+04
4.133550660257732934e-02 1.484957664802654472e+04
4.141173485253247383e-02 1.482299858976110227e+04
4.148810367766301438e-02 1.479648095943545741e+04
4.156461333720855994e-02 1.477002433739232220e+04
4.164126409088676067e-02 1.474363000465683763e+04
4.171805619889423083e-02 1.471729906027781362e+04
4.179498992190740919e-02 1.469103134605235937e+04
4.187206552108346108e-02 1.466482620225279970e+04
4.194928325806120128e-02 1.463868345022501126e+04
4.202664339496189200e-02 1.461260450347317965e+04
4.210414619439020040e-02 1.458659108907764494e+04
4.218179191943507295e-02 1.456064426219581401e+04
4.225958083367059581e-02 1.453476383825312769e+04
4.233751320115700101e-02 1.450894950571740992e+04
4.241558928644141580e-02 1.448320118310595535e+04
4.249380935455884106e-02 1.445751905323381106e+04
4.257217367103301869e-02 1.443190336619723348e+04
4.265068250187741689e-02 1.440635518363809388e+04
4.272933611359602118e-02 1.438087618419866521e+04
4.280813477318427818e-02 1.435546787179358216e+04
4.288707874813003917e-02 1.433013009536516256e+04
4.296616830641438595e-02 1.430486181710450364e+04
4.304540371651269237e-02 1.427966224205370236e+04
4.312478524739534608e-02 1.425453218201937489e+04
4.320431316852878234e-02 1.422947308603820238e+04
4.328398774987637920e-02 1.420448613161015783e+04
4.336380926189932483e-02 1.417957113915505761e+04
4.344377797555765836e-02 1.415472749786297209e+04
4.352389416231101232e-02 1.412995495030005077e+04
4.360415809411968130e-02 1.410525479083638129e+04
4.368457004344547534e-02 1.408062873333838797e+04
4.376513028325263593e-02 1.405607803030651121e+04
4.384583908700885602e-02 1.403160204317624994e+04
4.392669672868607794e-02 1.400719964391534268e+04
4.400770348276151350e-02 1.398287010070251745e+04
4.408885962421852517e-02 1.395861438981460924e+04
4.417016542854757671e-02 1.393443394619980245e+04
4.425162117174723936e-02 1.391032999029097846e+04
4.433322713032499668e-02 1.388630269888122166e+04
4.441498358129826463e-02 1.386235191949587897e+04
4.449689080219532133e-02 1.383847755273089751e+04
4.457894907105621612e-02 1.381467984831143622e+04
4.466115866643382420e-02 1.379095919506783321e+04
4.474351986739463077e-02 1.376731596671517036e+04
4.482603295351977185e-02 1.374375041319459524e+04
4.490869820490596409e-02 1.372026271309389267e+04
4.499151590216651786e-02 1.369685304969552271e+04
4.507448632643216990e-02 1.367352174340535021e+04
4.515760975935211030e-02 1.365026923505939158e+04
4.524088648309494698e-02 1.362709596247830632e+04
4.532431678034960776e-02 1.360400214836170926e+04
4.540790093432640201e-02 1.358098768879279851e+04
4.549163922875787414e-02 1.355805245242676028e+04
4.557553194789979584e-02 1.353519649218029917e+04
4.565957937653217918e-02 1.351242043667981852e+04
4.574378179996015786e-02 1.348972502235038701e+04
4.582813950401509739e-02 1.346711089665189866e+04
4.591265277505538617e-02 1.344457803899487226e+04
4.599732189996754567e-02 1.342212611181201646e+04
4.608214716616712558e-02 1.339975478381080211e+04
4.616712886159970303e-02 1.337746395400906658e+04
4.625226727474193028e-02 1.335525380293287890e+04
4.633756269460238830e-02 1.333312452663720433e+04
4.642301541072262755e-02 1.331107637742056249e+04
4.650862571317818800e-02 1.328910983244953786e+04
4.659439389257948733e-02 1.326722542062521643e+04
4.668032024007297276e-02 1.324542364362797343e+04
4.676640504734190518e-02 1.322370454558099482e+04
4.685264860660749708e-02 1.320206775645428752e+04
4.693905121062983549e-02 1.318051289297100084e+04
4.702561315270888109e-02 1.315903973355125527e+04
4.711233472668555772e-02 1.313764869671605447e+04
4.719921622694259189e-02 1.311634035761039013e+04
4.728625794840561614e-02 1.309511527725880660e+04
4.737346018654411961e-02 1.307397361863628248e+04
4.746082323737255831e-02 1.305291502630183459e+04
4.754834739745119471e-02 1.303193911152707551e+04
4.763603296388722180e-02 1.301104550524628758e+04
4.772388023433573462e-02 1.299023401049398490e+04
4.781188950700072243e-02 1.296950452631412736e+04
4.790006108063616513e-02 1.294885695298942665e+04
4.798839525454692834e-02 1.292829130519636783e+04
4.807689232858985279e-02 1.290780810447891054e+04
4.816555260317475357e-02 1.288740800952061545e+04
4.825437637926541928e-02 1.286709167390912808e+04
4.834336395838073619e-02 1.284685936853717430e+04
4.843251564259554859e-02 1.282671032231726895e+04
4.852183173454178988e-02 1.280664359141814384e+04
4.861131253740950953e-02 1.278665823943037321e+04
4.870095835494782366e-02 1.276675375045412511e+04
4.879076949146610165e-02 1.274693054254370327e+04
4.888074625183481264e-02 1.272718915760898744e+04
4.897088894148668436e-02 1.270753013318126796e+04
4.906119786641769537e-02 1.268795378972492654e+04
4.915167333318810200e-02 1.266845993038867528e+04
4.924231564892356250e-02 1.264904828307170465e+04
4.933312512131605293e-02 1.262971857703588103e+04
4.942410205862500516e-02 1.261047052333385909e+04
4.951524676967829913e-02 1.259130376531582988e+04
4.960655956387334531e-02 1.257221793293683004e+04
4.969804075117816022e-02 1.255321265811629200e+04
4.978969064213233792e-02 1.253428760348929609e+04
4.988150954784816710e-02 1.251544264837240553e+04
4.997349778001163728e-02 1.249667776977598623e+04
5.006565565088360453e-02 1.247799294508021012e+04
5.015798347330071433e-02 1.245938814558803278e+04
5.025048156067653260e-02 1.244086314506183771e+04
5.034315022700261433e-02 1.242241748047768851e+04
5.043598978684953049e-02 1.240405067716832673e+04
5.052900055536802687e-02 1.238576226305561431e+04
5.062218284828997467e-02 1.236755183349049912e+04
5.071553698192950849e-02 1.234941930971625698e+04
5.080906327318408106e-02 1.233136471403042015e+04
5.090276203953554568e-02 1.231338806844317696e+04
5.099663359905128729e-02 1.229548939232643170e+04
5.109067827038518694e-02 1.227766848697146088e+04
5.118489637277878757e-02 1.225992476275337322e+04
5.127928822606235559e-02 1.224225759230353469e+04
5.137385415065594957e-02 1.222466635170561131e+04
5.146859446757059281e-02 1.220715042613780679e+04
5.156350949840923098e-02 1.218970935565240507e+04
5.165859956536789088e-02 1.217234284689393826e+04
5.175386499123680456e-02 1.215505061624024711e+04
5.184930609940142238e-02 1.213783238153326602e+04
5.194492321384365507e-02 1.212068785833519723e+04
5.204071665914278277e-02 1.210361667136532378e+04
5.213668676047670397e-02 1.208661835137874550e+04
5.223283384362296944e-02 1.206969242716228837e+04
5.232915823495988550e-02 1.205283843001223795e+04
5.242566026146772834e-02 1.203605589347290152e+04
5.252234025072968771e-02 1.201934433593833819e+04
5.261919853093308813e-02 1.200270324910889758e+04
5.271623543087045061e-02 1.198613212462053525e+04
5.281345127994070687e-02 1.196963045679543939e+04
5.291084640815017781e-02 1.195319774262047395e+04
5.300842114611377387e-02 1.193683347504892845e+04
5.310617582505611223e-02 1.192053711542044584e+04
5.320411077681259232e-02 1.190430811693431133e+04
5.330222633383067260e-02 1.188814593564595816e+04
5.340052282917077953e-02 1.187205003044905061e+04
5.349900059650758433e-02 1.185601986264550214e+04
5.359765997013110628e-02 1.184005486215993551e+04
5.369650128494780211e-02 1.182415440242156365e+04
5.379552487648183584e-02 1.180831785415209924e+04
5.389473108087603631e-02 1.179254459132777629e+04
5.399412023489313928e-02 1.177683399115216343e+04
5.409369267591693231e-02 1.176118543321265133e+04
5.419344874195335116e-02 1.174559826859074565e+04
5.429338877163174953e-02 1.173007181059954928e+04
5.439351310420586366e-02 1.171460537332045897e+04
5.449382207955509594e-02 1.169919827432892998e+04
5.459431603818563905e-02 1.168384983466557605e+04
5.469499532123157232e-02 1.166855937872245522e+04
5.479586027045618007e-02 1.165332621965819089e+04
5.489691122825291619e-02 1.163814964297367987e+04
5.499814853764668082e-02 1.162302893378018234e+04
5.509957254229493756e-02 1.160796338077079963e+04
5.520118358648891388e-02 1.159295227619155594e+04
5.530298201515480155e-02 1.157799491581279290e+04
5.540496817385482525e-02 1.156309059192496716e+04
5.550714240878849154e-02 1.154823852958956195e+04
5.560950506679370603e-02 1.153343791656731810e+04
5.571205649534809179e-02 1.151868794412747593e+04
5.581479704256998159e-02 1.150398780752943276e+04
5.591772705721970160e-02 1.148933670599152720e+04
5.602084688870075102e-02 1.147473384266066023e+04
5.612415688706094002e-02 1.146017841464800404e+04
5.622765740299370124e-02 1.144566955467034131e+04
5.633134878783910976e-02 1.143120637095446909e+04
5.643523139358519458e-02 1.141678797597584526e+04
5.653930557286907660e-02 1.140241348652729721e+04
5.664357167897818290e-02 1.138808202368762431e+04
5.674803006585152354e-02 1.137379271279119166e+04
5.685268108808073234e-02 1.135954468152723348e+04
5.695752510091139920e-02 1.134533702276558688e+04
5.706256246024421497e-02 1.133116879684241940e+04
5.716779352263618580e-02 1.131703906717104655e+04
5.727321864530193762e-02 1.130294690166896362e+04
5.737883818611477088e-02 1.128889137272866901e+04
5.748465250360796502e-02 1.127487155718934628e+04
5.759066195697599977e-02 1.126088653630926456e+04
5.769686690607571389e-02 1.124693539025678547e+04
5.780326771142766523e-02 1.123301715504406457e+04
5.790986473421717851e-02 1.121913084594036627e+04
5.801665833629567753e-02 1.120527548270079205e+04
5.812364888018185793e-02 1.119145008976238023e+04
5.823083672906302632e-02 1.117765369621898571e+04
5.833822224679619667e-02 1.116388533579680916e+04
5.844580579790938091e-02 1.115014404683111752e+04
5.855358774760285184e-02 1.113642887031709142e+04
5.866156846175032274e-02 1.112273878761612832e+04
5.876974830690031432e-02 1.110907270730001073e+04
5.887812765027723022e-02 1.109542953851605307e+04
5.898670685978271711e-02 1.108180819564053309e+04
5.909548630399685809e-02 1.106820759825755886e+04
5.920446635217945647e-02 1.105462667113876523e+04
5.931364737427134021e-02 1.104106434422437815e+04
5.942302974089547218e-02 1.102751955260488830e+04
5.953261382335834490e-02 1.101399123510823483e+04
5.964239999365115313e-02 1.100047830221094227e+04
5.975238862445110544e-02 1.098697963542878824e+04
5.986258008912273554e-02 1.097349412015399867e+04
5.997297476171903341e-02 1.096002064719962982e+04
6.008357301698283304e-02 1.094655811278704459e+04
6.019437523034801979e-02 1.093310541853438372e+04
6.030538177794082799e-02 1.091966147144606111e+04
6.041659303658118707e-02 1.090622518390351615e+04
6.052800938378385259e-02 1.089279547365699727e+04
6.063963119775980792e-02 1.087937125262414520e+04
6.075145885741749241e-02 1.086595136720732080e+04
6.086349274236407120e-02 1.085253464187412283e+04
6.097573323290687158e-02 1.083911990691709616e+04
6.108818071005443773e-02 1.082570599851488441e+04
6.120083555551799476e-02 1.081229175873057829e+04
6.131369815171266308e-02 1.079887603551121902e+04
6.142676888175887390e-02 1.078545768268856955e+04
6.154004812948348641e-02 1.077203555998119555e+04
6.165353627942123799e-02 1.075860853299755581e+04
6.176723371681597935e-02 1.074517547228778312e+04
6.188114082762199292e-02 1.073173521686914683e+04
6.199525799850538060e-02 1.071828656302664240e+04
6.210958561684522955e-02 1.070482831011242342e+04
6.222412407073504848e-02 1.069135926385768107e+04
6.233887374898402362e-02 1.067787823638421105e+04
6.245383504111833711e-02 1.066438404621700829e+04
6.256900833738260337e-02 1.065087551829823678e+04
6.268439402874098620e-02 1.063735148400245998e+04
6.279999250687871848e-02 1.062381078115329365e+04
6.291580416420330946e-02 1.061025225404107914e+04
6.303182939384589789e-02 1.059667475344182822e+04
6.314806858966270919e-02 1.058307712307071597e+04
6.326452214623620729e-02 1.056945816352914699e+04
6.338119045887655179e-02 1.055581667091268901e+04
6.349807392362288860e-02 1.054215144827848781e+04
6.361517293724468225e-02 1.052846130567224100e+04
6.373248789724321461e-02 1.051474506015639236e+04
6.385001920185268132e-02 1.050100153583975407e+04
6.396776725004175990e-02 1.048722956390861873e+04
6.408573244151481718e-02 1.047342798265874808e+04
6.420391517671333870e-02 1.045959563752885697e+04
6.432231585681737196e-02 1.044573138113541791e+04
6.444093488374666445e-02 1.043183407330865157e+04
6.455977266016224569e-02 1.041790257911688786e+04
6.467882958946762073e-02 1.040393574358746446e+04
6.479810607581036608e-02 1.038993239953001103e+04
6.491760252408321219e-02 1.037589138695359543e+04
6.503731933992565328e-02 1.036181155354853763e+04
6.515725692972521021e-02 1.034769175473150608e+04
6.527741570061880438e-02 1.033353085369187102e+04
6.539779606049427041e-02 1.031932772143889997e+04
6.551839841799154962e-02 1.030508123685063765e+04
6.563922318250420274e-02 1.029079028672356435e+04
6.576027076418076989e-02 1.027645376582368954e+04
6.588154157392611676e-02 1.026207057693848401e+04
6.600303602340298892e-02 1.024763963093027269e+04
6.612475452503317752e-02 1.023315984678978748e+04
6.624669749199908753e-02 1.021863015005545822e+04
6.636886533824506995e-02 1.020404946927829224e+04
6.649125847847880966e-02 1.018941674030145623e+04
6.661387732817287965e-02 1.017473090737075290e+04
6.673672230356594848e-02 1.015999092319458032e+04
6.685979382166429286e-02 1.014519574900474981e+04
6.698309230024324101e-02 1.013034435461836438e+04
6.710661815784847717e-02 1.011543571850059925e+04
6.723037181379767913e-02 1.010046882782844477e+04
6.735435368818167012e-02 1.008544267855538965e+04
6.747856420186605642e-02 1.007035627547684999e+04
6.760300377649251791e-02 1.005520863229660972e+04
6.772767283448032083e-02 1.003999877169405408e+04
6.785257179902780267e-02 1.002472572539202883e+04
6.797770109411362116e-02 1.000938853444021152e+04
6.810306114449837800e-02 9.993986266679201435e+03
6.822865237572592334e-02 9.978518029513736110e+03
6.835447521412499339e-02 9.962982942392194673e+03
6.848053008681041776e-02 9.947380133834922162e+03
6.860681742168471542e-02 9.931708741503138299e+03
6.873333764743952412e-02 9.915967912268419241e+03
6.886009119355700203e-02 9.900156802282597710e+03
6.898707849031145145e-02 9.884274577048321589e+03
6.911429996877052617e-02 9.868320411490003607e+03
6.924175606079689682e-02 9.852293490025433130e+03
6.936944719904961087e-02 9.836193006637549843e+03
6.949737381698560534e-02 9.820018164946897741e+03
6.962553634886121945e-02 9.803768178284315582e+03
6.975393522973355465e-02 9.787442269764262164e+03
6.988257089546205669e-02 9.771039672358101598e+03
7.001144378270993118e-02 9.754559629293169564e+03
7.014055432894562847e-02 9.738001434910973330e+03
7.026990297244443961e-02 9.721364474071506265e+03
7.039949015228980089e-02 9.704648150348331910e+03
7.052931630837491750e-02 9.687851876627335514e+03
7.065938188140422072e-02 9.670975075170577838e+03
7.078968731289479732e-02 9.654017177680754685e+03
7.092023304517808269e-02 9.636977625365056156e+03
7.105101952140112365e-02 9.619855868999487939e+03
7.118204718552821608e-02 9.602651368992896096e+03
7.131331648234237597e-02 9.585363595451060974e+03
7.144482785744685205e-02 9.567992028240501895e+03
7.157658175726673566e-02 9.550536157052534691e+03
7.170857862905027913e-02 9.532995481466810816e+03
7.184081892087054722e-02 9.515369511015063836e+03
7.197330308162690204e-02 9.497657765244419352e+03
7.210603156104662681e-02 9.479859773780595788e+03
7.223900480968624416e-02 9.461975076391074253e+03
7.237222327893323703e-02 9.444003260483417762e+03
7.250568742100745034e-02 9.425944080346398550e+03
7.263939768896271465e-02 9.407797340198523671e+03
7.277335453668840048e-02 9.389562852814986400e+03
7.290755841891084776e-02 9.371240439566623536e+03
7.304200979119497561e-02 9.352829930459236493e+03
7.317670910994585054e-02 9.334331164172048375e+03
7.331165683241017139e-02 9.315743988095680834e+03
7.344685341667796241e-02 9.297068258369816249e+03
7.358229932168391940e-02 9.278303839920001337e+03
7.371799500720910281e-02 9.259450606494274325e+03
7.385394093388250591e-02 9.240508440698898994e+03
7.399013756318251200e-02 9.221477234033856803e+03
7.412658535743867072e-02 9.202356886927413143e+03
7.426328477983297482e-02 9.183147308770343443e+03
7.440023629440167818e-02 9.163848417949424402e+03
7.453744036603673906e-02 9.144460141880377705e+03
7.467489746048742993e-02 9.124982417040106156e+03
7.481260804436203060e-02 9.105415206223698988e+03
7.495057258512918819e-02 9.085758682957764904e+03
7.508879155111965187e-02 9.066013158827810912e+03
7.522726541152788271e-02 9.046178953749536959e+03
7.536599463641352470e-02 9.026256393726873284e+03
7.550497969670318110e-02 9.006245810845544838e+03
7.564422106419183001e-02 8.986147543266521097e+03
7.578371921154450352e-02 8.965961935218512735e+03
7.592347461229786987e-02 8.945689336990069933e+03
7.606348774086199582e-02 8.925330104920985832e+03
7.620375907252166514e-02 8.904884601393177945e+03
7.634428908343823816e-02 8.884353194820905628e+03
7.648507825065113674e-02 8.863736259640378194e+03
7.662612705207950958e-02 8.843034176298768216e+03
7.676743596652395307e-02 8.822247331242628206e+03
7.690900547366788520e-02 8.801376116905767049e+03
7.705083605407943292e-02 8.780420931696296975e+03
7.719292818921288934e-02 8.759382179983304013e+03
7.733528236141042067e-02 8.738260272082707161e+03
7.747789905390380094e-02 8.717055636861101448e+03
7.762077875081581368e-02 8.695768947392072732e+03
7.776392193716208379e-02 8.674401092726497154e+03
7.790732909885268731e-02 8.652952970667582122e+03
7.805100072269371969e-02 8.631425480175621487e+03
7.819493729638912760e-02 8.609819521307555988e+03
7.833913930854215224e-02 8.588135995156795616e+03
7.848360724865710569e-02 8.566375803793014711e+03
7.862834160714105014e-02 8.544539850202287198e+03
7.877334287530531054e-02 8.522629038227099954e+03
7.891861154536745915e-02 8.500644272506593552e+03
7.906414811045260616e-02 8.478586458417124959e+03
7.920995306459531482e-02 8.456456502012613782e+03
7.935602690274121129e-02 8.434255309965312335e+03
7.950237012074863607e-02 8.411983789506653920e+03
7.964898321539044812e-02 8.389642848368217528e+03
7.979586668435555141e-02 8.367233394722943558e+03
7.994302102625064355e-02 8.344756337126349536e+03
8.009044674060192270e-02 8.322212584458111451e+03
8.023814432785687789e-02 8.299603045863741499e+03
8.038611428938578773e-02 8.276928709550940766e+03
8.053435712748353847e-02 8.254190941369268330e+03
8.068287334537134481e-02 8.231391215543651924e+03
8.083166344719835972e-02 8.208531000009370473e+03
8.098072793804360348e-02 8.185611756291665188e+03
8.113006732391740694e-02 8.162634939409374965e+03
8.127968211176325730e-02 8.139601997780553575e+03
8.142957280945956056e-02 8.116514373129701198e+03
8.157973992582125133e-02 8.093373500396899544e+03
8.173018397060172191e-02 8.070180807648935115e+03
8.188090545449427937e-02 8.046937715991880395e+03
8.203190488913408851e-02 8.023645639485891479e+03
8.218318278709980940e-02 8.000305985061495448e+03
8.233473966191533211e-02 7.976920152437837714e+03
8.248657602805167799e-02 7.953489534042715604e+03
8.263869240092852619e-02 7.930015514934311796e+03
8.279108929691604557e-02 7.906499472724805855e+03
8.294376723333671264e-02 7.882942777505706545e+03
8.309672672846694919e-02 7.859346791774932171e+03
8.324996830153907901e-02 7.835712870866055709e+03
8.340349247274282674e-02 7.812042526103032287e+03
8.355729976322727459e-02 7.788337656797848467e+03
8.371139069510256936e-02 7.764600206808795519e+03
8.386576579144165711e-02 7.740832104464122494e+03
8.402042557628221220e-02 7.717035262477097604e+03
8.417537057462819161e-02 7.693211577865457002e+03
8.433060131245179170e-02 7.669362931874890819e+03
8.448611831669508576e-02 7.645491189906860200e+03
8.464192211527206411e-02 7.621598201450357010e+03
8.479801323707011895e-02 7.597685800017911788e+03
8.495439221195201507e-02 7.573755803085487059e+03
8.511105957075769390e-02 7.549810012036356056e+03
8.526801584530595279e-02 7.525850212109179665e+03
8.542526156839648499e-02 7.501878172349524903e+03
8.558279727381139235e-02 7.477895645565637096e+03
8.574062349631721147e-02 7.453904368287744546e+03
8.589874077166663457e-02 7.429906060731341313e+03
8.605714963660031358e-02 7.405902426763936091e+03
8.621585062884888628e-02 7.381895153875660981e+03
8.637484428713447515e-02 7.357885925739421509e+03
8.653413115117271348e-02 7.333876695971542176e+03
8.669371176167457727e-02 7.309869682320208085e+03
8.685358666034813380e-02 7.285867090665329670e+03
8.701375638990052619e-02 7.261871102607763532e+03
8.717422149403963871e-02 7.237883875469253326e+03
8.733498251747606744e-02 7.213907542298345106e+03
8.749604000592488273e-02 7.189944211882928357e+03
8.765739450610753047e-02 7.165995968768474995e+03
8.781904656575380275e-02 7.142064873282521148e+03
8.798099673360343376e-02 7.118152961564865109e+03
8.814324555940818151e-02 7.094262245603724296e+03
8.830579359393353478e-02 7.070394713277239134e+03
8.846864138896083640e-02 7.046552328400884107e+03
8.863178949728883760e-02 7.022737030780063833e+03
8.879523847273576576e-02 6.998950736268247056e+03
8.895898887014119794e-02 6.975195336830139240e+03
8.912304124536782335e-02 6.951472700610197535e+03
8.928739615530356666e-02 6.927784672005946959e+03
8.945205415786319780e-02 6.904133071928247773e+03
8.961701581199039979e-02 6.880519813471543785e+03
8.978228167765962831e-02 6.856947097904108887e+03
8.994785231587794361e-02 6.833417149685156801e+03
9.011372828868714768e-02 6.809932163390586538e+03
9.027991015916533857e-02 6.786494303848584423e+03
9.044639849142911692e-02 6.763105706281799030e+03
9.061319385063532073e-02 6.739768476456688404e+03
9.078029680298303761e-02 6.716484690839120049e+03
9.094770791571556157e-02 6.693256396756809409e+03
9.111542775712219711e-02 6.670085612567784665e+03
9.128345689654024375e-02 6.646974327835191616e+03
9.145179590435696670e-02 6.623924503508013004e+03
9.162044535201144257e-02 6.600938072107617700e+03
9.178940581199669657e-02 6.578016937920110649e+03
9.195867785786138171e-02 6.555162977193998813e+03
9.212826206421188824e-02 6.532378038343521439e+03
9.229815900671425877e-02 6.509663942156958910e+03
9.246836926209607566e-02 6.487022482010273052e+03
9.263889340814868145e-02 6.464455424351324837e+03
9.280973202372873321e-02 6.441964582077612249e+03
9.298088568876049231e-02 6.419551912939738941e+03
9.315235498423755922e-02 6.397219369554972218e+03
9.332414049222517716e-02 6.374968874535097711e+03
9.349624279586181419e-02 6.352802320763567877e+03
9.366866247936136980e-02 6.330721571678067448e+03
9.384140012801513164e-02 6.308728461558715935e+03
9.401445632819367682e-02 6.286824795821274165e+03
9.418783166734910617e-02 6.265012351315481283e+03
9.436152673401666802e-02 6.243292876628340309e+03
9.453554211781703409e-02 6.221668092391961181e+03
9.470987840945820080e-02 6.200139691596171360e+03
9.488453620073747374e-02 6.178709339905322850e+03
9.505951608454364654e-02 6.157378675979562104e+03
9.523481865485872166e-02 6.136149311800082614e+03
9.541044450676018640e-02 6.115022832998337435e+03
9.558639423642285859e-02 6.094000799189203462e+03
9.576266844112098220e-02 6.073084744307641813e+03
9.593926771923039221e-02 6.052276176440178460e+03
9.611619267023024937e-02 6.031576573729321353e+03
9.629344389470530230e-02 6.010987386951950612e+03
9.647102199434784420e-02 5.990510042666222944e+03
9.664892757195973905e-02 5.970145943595100107e+03
9.682716123145462817e-02 5.949896468980759892e+03
9.700572357785970656e-02 5.929762974941864741e+03
9.718461521731797115e-02 5.909746794833331478e+03
9.736383675709024688e-02 5.889849239608707649e+03
9.754338880555714353e-02 5.870071598185030780e+03
9.772327197222138717e-02 5.850415137809733096e+03
9.790348686770954101e-02 5.830881104430141932e+03
9.808403410377430909e-02 5.811470723064695449e+03
9.826491429329649308e-02 5.792185198176565791e+03
9.844612805028728209e-02 5.773025714048774717e+03
9.862767598989002904e-02 5.753993435161604793e+03
9.880955872838256826e-02 5.735089506571329366e+03
9.899177688317918611e-02 5.716315054290931585e+03
9.917433107283274429e-02 5.697671162048266524e+03
9.935722191703696970e-02 5.679158701457756251e+03
9.954045003662820301e-02 5.660778433804744054e+03
9.972401605358774401e-02 5.642531106197352528e+03
9.990792059104393330e-02 5.624417452551497263e+03
1.000921642732741645e-01 5.606438193904374202e+03
1.002767477257073131e-01 5.588594038728144369e+03
1.004616715749252626e-01 5.570885683243996937e+03
1.006469364486656942e-01 5.553313811736208663e+03
1.008325429758239467e-01 5.535879096866493455e+03
1.010184917864547782e-01 5.518582199988417415e+03
1.012047835117753092e-01 5.501423771461980323e+03
1.013914187841662568e-01 5.484404450968358105e+03
1.015783982371748911e-01 5.467524867824467947e+03
1.017657225055167702e-01 5.450785641297876282e+03
1.019533922250777103e-01 5.434187380921654949e+03
1.021414080329165336e-01 5.417730686809120016e+03
1.023297705672665120e-01 5.401416146185912112e+03
1.025184804675382116e-01 5.385244115457796397e+03
1.027075383743213388e-01 5.369214604452396088e+03
1.028969449293866550e-01 5.353327592547970198e+03
1.030867007756888221e-01 5.337583058128212542e+03
1.032768065573677757e-01 5.321980978737490659e+03
1.034672629197516680e-01 5.306521331235515390e+03
1.036580705093587129e-01 5.291204091951452938e+03
1.038492299738990876e-01 5.276029236837420285e+03
1.040407419622778329e-01 5.260996741621620458e+03
1.042326071245962410e-01 5.246106581960859330e+03
1.044248261121548255e-01 5.231358733592537646e+03
1.046173995774551391e-01 5.216753172486279254e+03
1.048103281742017584e-01 5.202289874995073660e+03
1.050036125573051704e-01 5.187968818005990215e+03
1.051972533828832157e-01 5.173789979090407542e+03
1.053912513082639890e-01 5.159753336653989209e+03
1.055856069919878099e-01 5.145858860706471205e+03
1.057803210938091099e-01 5.132106188869293874e+03
1.059753942746994165e-01 5.118494548021143601e+03
1.061708271968487549e-01 5.105023148285419666e+03
1.063666205236686452e-01 5.091691209346599862e+03
1.065627749197940177e-01 5.078497960384142061e+03
1.067592910510851562e-01 5.065442640007327100e+03
1.069561695846306254e-01 5.052524496190961145e+03
1.071534111887491592e-01 5.039742786211985731e+03
1.073510165329916582e-01 5.027096776587060958e+03
1.075489862881442021e-01 5.014585743011047271e+03
1.077473211262294367e-01 5.002208970296339430e+03
1.079460217205096412e-01 4.989965752313161829e+03
1.081450887454886989e-01 4.977855391930638689e+03
1.083445228769140123e-01 4.965877200958937465e+03
1.085443247917796256e-01 4.954030500092067996e+03
1.087444951683275846e-01 4.942314618851747582e+03
1.089450346860510316e-01 4.930728753973180574e+03
1.091459440256962177e-01 4.919271522660754272e+03
1.093472238692644177e-01 4.907941404028424586e+03
1.095488749000150669e-01 4.896736893723705180e+03
1.097508978024671900e-01 4.885656503651834100e+03
1.099532932624024545e-01 4.874698761703805758e+03
1.101560619668672525e-01 4.863862211489096808e+03
1.103592046041746016e-01 4.853145412072758518e+03
1.105627218639073372e-01 4.842546937716733737e+03
1.107666144369194999e-01 4.832065377625607653e+03
1.109708830153395415e-01 4.821699335696346679e+03
1.111755282925722677e-01 4.811447430272258316e+03
1.113805509633008506e-01 4.801308293901101933e+03
1.115859517234900483e-01 4.791280573096849366e+03
1.117917312703875926e-01 4.781362928105694664e+03
1.119978903025273947e-01 4.771554032672675021e+03
1.122044295197315300e-01 4.761852423166263179e+03
1.124113496231123194e-01 4.752256096794493715e+03
1.126186513150754798e-01 4.742762942148273396e+03
1.128263352993215951e-01 4.733370866894309074e+03
1.130344022808493221e-01 4.724077797389981242e+03
1.132428529659574301e-01 4.714881678307430775e+03
1.134516880622468415e-01 4.705780472266726974e+03
1.136609082786238512e-01 4.696772159477830428e+03
1.138705143253016389e-01 4.687854737391567141e+03
1.140805069138034339e-01 4.679026220358954561e+03
1.142908867569645964e-01 4.670284639299267837e+03
1.145016545689347548e-01 4.661628041376352485e+03
1.147128110651809418e-01 4.653054489683168867e+03
1.149243569624891631e-01 4.644562062934609457e+03
1.151362929789676026e-01 4.636148855168089540e+03
1.153486198340487878e-01 4.627812959234780465e+03
1.155613382484915463e-01 4.619552141126620882e+03
1.157744489443844338e-01 4.611363858887057177e+03
1.159879526451470938e-01 4.603245576629182324e+03
1.162018500755336442e-01 4.595194777167704160e+03
1.164161419616347448e-01 4.587208961670008648e+03
1.166308290308797069e-01 4.579285649320909215e+03
1.168459120120397959e-01 4.571422377000825691e+03
1.170613916352297307e-01 4.563616698977318265e+03
1.172772686319110552e-01 4.555866186609724537e+03
1.174935437348941930e-01 4.548168428066849629e+03
1.177102176783406534e-01 4.540521028057367403e+03
1.179272911977661403e-01 4.532921607573030087e+03
1.181447650300427865e-01 4.525367803644217929e+03
1.183626399134012630e-01 4.517857269108052606e+03
1.185809165874340959e-01 4.510387666175608501e+03
1.187995957930972346e-01 4.502956475948901243e+03
1.190186782727134240e-01 4.495560964294183577e+03
1.192381647699743696e-01 4.488198401570378337e+03
1.194580560299428607e-01 4.480866075856391035e+03
1.196783527990561563e-01 4.473561292765532016e+03
1.198990558251275818e-01 4.466281375276223116e+03
1.201201658573499004e-01 4.459023663578642299e+03
1.203416836462974648e-01 4.451785514937439984e+03
1.205636099439284376e-01 4.444564303570163247e+03
1.207859455035881907e-01 4.437357420541113243e+03
1.210086910800108606e-01 4.430162273670768627e+03
1.212318474293227755e-01 4.422976287460252934e+03
1.214554153090446897e-01 4.415796903030984140e+03
1.216793954780939352e-01 4.408621578079108076e+03
1.219037886967879042e-01 4.401447774665663928e+03
1.221285957268456041e-01 4.394272868835459121e+03
1.223538173313911404e-01 4.387094202482361652e+03
1.225794542749558957e-01 4.379909134740571972e+03
1.228055073234808059e-01 4.372715042403870029e+03
1.230319772443198151e-01 4.365509319971834884e+03
1.232588648062414305e-01 4.358289379711525726e+03
1.234861707794322749e-01 4.351052651734702522e+03
1.237138959354992934e-01 4.343796584090105171e+03
1.239420410474720013e-01 4.336518642870936674e+03
1.241706068898060095e-01 4.329216312336955525e+03
1.243995942383845643e-01 4.321887095051364668e+03
1.246290038705222120e-01 4.314528512032027720e+03
1.248588365649668797e-01 4.307138102916919706e+03
1.250890931019023045e-01 4.299713428439387826e+03
1.253197742629514611e-01 4.292252130103469426e+03
1.255508808311782132e-01 4.284751935352286637e+03
1.257824135910909358e-01 4.277210593506470104e+03
1.260143733286447076e-01 4.269625872575050380e+03
1.262467608312436429e-01 4.261995559486497768e+03
1.264795768877444437e-01 4.254317460330908034e+03
1.267128222884580380e-01 4.246589400613341240e+03
1.269464978251532150e-01 4.238809225518097264e+03
1.271806042910588741e-01 4.230974800183609659e+03
1.274151424808663280e-01 4.223084009987922400e+03
1.276501131907329945e-01 4.215134760844216544e+03
1.278855172182838951e-01 4.207124979506564159e+03
1.281213553626154300e-01 4.199052613885348364e+03
1.283576284242976540e-01 4.190915644380439517e+03
1.285943372053765521e-01 4.182712283010187093e+03
1.288314825093777316e-01 4.174440950379052993e+03
1.290690651413080592e-01 4.166100092989792756e+03
1.293070859076594081e-01 4.157688176802408634e+03
1.295455456164108510e-01 4.149203687527508919e+03
1.297844450770311020e-01 4.140645130924348450e+03
1.300237851004822365e-01 4.132011033103274713e+03
1.302635664992212172e-01 4.123299940832692300e+03
1.305037900872038081e-01 4.114510421849950035e+03
1.307444566798867391e-01 4.105641065176314441e+03
1.309855670942301209e-01 4.096690481435604852e+03
1.312271221487011641e-01 4.087657303176275946e+03
1.314691226632763166e-01 4.078540185196915900e+03
1.317115694594438724e-01 4.069337900821167750e+03
1.319544633602075245e-01 4.060049673606734359e+03
1.321978051900882245e-01 4.050674864907547544e+03
1.324415957751277906e-01 4.041212853581752370e+03
1.326858359428914336e-01 4.031663036182109863e+03
1.329305265224700328e-01 4.022024827151264617e+03
1.331756683444840217e-01 4.012297659015878253e+03
1.334212622410850535e-01 4.002480982579885222e+03
1.336673090459597757e-01 3.992574267116443934e+03
1.339138095943322726e-01 3.982577000558574582e+03
1.341607647229664801e-01 3.972488689688394516e+03
1.344081752701700161e-01 3.962308860324803391e+03
1.346560420757958731e-01 3.952037057509510760e+03
1.349043659812462492e-01 3.941672895401107780e+03
1.351531478294750177e-01 3.931216492182038110e+03
1.354023884649901976e-01 3.920668253651773284e+03
1.356520887338576453e-01 3.910028599814894733e+03
1.359022494837030248e-01 3.899297961734338969e+03
1.361528715637155273e-01 3.888476781514070353e+03
1.364039558246503137e-01 3.877565512279606537e+03
1.366555031188310676e-01 3.866564618156407505e+03
1.369075143001538819e-01 3.855474574245975873e+03
1.371599902240888680e-01 3.844295866599896272e+03
1.374129317476842915e-01 3.833028992191496400e+03
1.376663397295688762e-01 3.821674458885433978e+03
1.379202150299543017e-01 3.810232785405047707e+03
1.381745585106392005e-01 3.798704573731501114e+03
1.384293710350109896e-01 3.787090998223608494e+03
1.386846534680495624e-01 3.775393499143235658e+03
1.389404066763300361e-01 3.763613517690107074e+03
1.391966315280252220e-01 3.751752494236739949e+03
1.394533288929094283e-01 3.739811868092331679e+03
1.397104996423604861e-01 3.727793077269408968e+03
1.399681446493634684e-01 3.715697558252967610e+03
1.402262647885134939e-01 3.703526745772353479e+03
1.404848609360179745e-01 3.691282072575863822e+03
1.407439339697008351e-01 3.678964969208000639e+03
1.410034847690042337e-01 3.666576863789494382e+03
1.412635142149925860e-01 3.654119182343220928e+03
1.415240231903550638e-01 3.641593578430195066e+03
1.417850125794082317e-01 3.629002284970480559e+03
1.420464832681000156e-01 3.616347611896836042e+03
1.423084361440115908e-01 3.603631852826972136e+03
1.425708720963614062e-01 3.590857284714097204e+03
1.428337920160076824e-01 3.578026167509743573e+03
1.430971967954511315e-01 3.565140743838507660e+03
1.433610873288388987e-01 3.552203238684532607e+03
1.436254645119665052e-01 3.539215859089977130e+03
1.438903292422818447e-01 3.526180793865063151e+03
1.441556824188878483e-01 3.513100213309824085e+03
1.444215249425450653e-01 3.499976268947326389e+03
1.446878577156757717e-01 3.486811166944321940e+03
1.449546816423658291e-01 3.473607620185121505e+03
1.452219976283687930e-01 3.460368542386686840e+03
1.454898065811085772e-01 3.447096815754590352e+03
1.457581094096820074e-01 3.433795289727875570e+03
1.460269070248629286e-01 3.420466780720329552e+03
1.462962003391047316e-01 3.407114071883815541e+03
1.465659902665430447e-01 3.393739912893272049e+03
1.468362777229998695e-01 3.380347019753028690e+03
1.471070636259855513e-01 3.366938074624118599e+03
1.473783488947028597e-01 3.353515725672139979e+03
1.476501344500497082e-01 3.340082586935395739e+03
1.479224212146218742e-01 3.326641283918803310e+03
1.481952101127170240e-01 3.313194817308891288e+03
1.484685020703368219e-01 3.299746362447439424e+03
1.487422980151910656e-01 3.286299051257693918e+03
1.490165988767003236e-01 3.272855970215419802e+03
1.492914055859987099e-01 3.259420160351778577e+03
1.495667190759381038e-01 3.245994617284358355e+03
1.498425402810900364e-01 3.232582291276015440e+03
1.501188701377500212e-01 3.219186087320488696e+03
1.503957095839401903e-01 3.205808865254424745e+03
1.506730595594120981e-01 3.192453439894978601e+03
1.509509210056508843e-01 3.179122581202327638e+03
1.512292948658773284e-01 3.165819071838103810e+03
1.515081820850521233e-01 3.152545928793364510e+03
1.517875836098785403e-01 3.139306204309927580e+03
1.520675003888052879e-01 3.126102899631078799e+03
1.523479333720307305e-01 3.112938965312538585e+03
1.526288835115049147e-01 3.099817301583363587e+03
1.529103517609338991e-01 3.086740758734081282e+03
1.531923390757824466e-01 3.073712137531521876e+03
1.534748464132769108e-01 3.060734189659206095e+03
1.537578747324095385e-01 3.047809618182758641e+03
1.540414249939403846e-01 3.034941078039358217e+03
1.543254981604018361e-01 3.022131177707711231e+03
1.546100951961012493e-01 3.009382530025057349e+03
1.548952170671238637e-01 2.996697771097364694e+03
1.551808647413371323e-01 2.984079494159317619e+03
1.554670391883927194e-01 2.971530244975409460e+03
1.557537413797309978e-01 2.959052522489736930e+03
1.560409722885837402e-01 2.946648779496865245e+03
1.563287328899770623e-01 2.934321423332740778e+03
1.566170241607357794e-01 2.922072816584985958e+03
1.569058470794854332e-01 2.909905277821914751e+03
1.571952026266568436e-01 2.897821082339525674e+03
1.574850917844888010e-01 2.885822462916517452e+03
1.577755155370310081e-01 2.873911565647307270e+03
1.580664748701485767e-01 2.862090347909272623e+03
1.583579707715239981e-01 2.850360699489728631e+03
1.586500042306616676e-01 2.838724474482165078e+03
1.589425762388907704e-01 2.827183492051146914e+03
1.592356877893681688e-01 2.815739537207956346e+03
1.595293398770828708e-01 2.804394361596586350e+03
1.598235334988581113e-01 2.793149684289594461e+03
1.601182696533559324e-01 2.782007192593473064e+03
1.604135493410799862e-01 2.770968542863150560e+03
1.607093735643785881e-01 2.760035361325255508e+03
1.610057433274490468e-01 2.749209159580102096e+03
1.613026596363400234e-01 2.738491060036666568e+03
1.616001234989558888e-01 2.727882068385287312e+03
1.618981359250597218e-01 2.717383171764221515e+03
1.621966979262762509e-01 2.706995339397788939e+03
1.624958105160962951e-01 2.696719523235808083e+03
1.627954747098796784e-01 2.686556658595241061e+03
1.630956915248581718e-01 2.676507664803787065e+03
1.633964619801401286e-01 2.666573445845500828e+03
1.636977870967126492e-01 2.656754891008231880e+03
1.639996678974461053e-01 2.647052875315876918e+03
1.643021054070972486e-01 2.637468074085482385e+03
1.646051006523120419e-01 2.628000627992731097e+03
1.649086546616304605e-01 2.618650584009810700e+03
1.652127684654885464e-01 2.609417988706913548e+03
1.655174430962230991e-01 2.600302888545013502e+03
1.658226795880747007e-01 2.591305330167823740e+03
1.661284789771907133e-01 2.582425360692927370e+03
1.664348423016299428e-01 2.573663028002161354e+03
1.667417706013648582e-01 2.565018381031320587e+03
1.670492649182863110e-01 2.556491470059260337e+03
1.673573262962064767e-01 2.548082330382940199e+03
1.676659557808620193e-01 2.539790555781911280e+03
1.679751544199187263e-01 2.531615268092632505e+03
1.682849232629737291e-01 2.523555579452236088e+03
1.685952633615602769e-01 2.515610616471590674e+03
1.689061757691508459e-01 2.507779520083380248e+03
1.692176615411600527e-01 2.500061445392877431e+03
1.695297217349495955e-01 2.492455561531533931e+03
1.698423574098303357e-01 2.484961051513314487e+03
1.701555696270672657e-01 2.477577112093672895e+03
1.704693594498823961e-01 2.470302953628629439e+03
1.707837279434579747e-01 2.463137619249175259e+03
1.710986761749413165e-01 2.456079498272717501e+03
1.714142052134469685e-01 2.449126847887072927e+03
1.717303161300615666e-01 2.442277949293274105e+03
1.720470099978470557e-01 2.435531107159503335e+03
1.723642878918436594e-01 2.428884649087109665e+03
1.726821508890748480e-01 2.422336925088409316e+03
1.730006000685495315e-01 2.415886307076149478e+03
1.733196365112670279e-01 2.409531188364162972e+03
1.736392613002201712e-01 2.403269983179181963e+03
1.739594755203984211e-01 2.397101062428682781e+03
1.742802802587928024e-01 2.391022313076903174e+03
1.746016766043982371e-01 2.385031407465338361e+03
1.749236656482183461e-01 2.379126043380562351e+03
1.752462484832688350e-01 2.373303944818735999e+03
1.755694262045804088e-01 2.367562861289006378e+03
1.758931999092039900e-01 2.361900567138628048e+03
1.762175706962127997e-01 2.356314860899389259e+03
1.765425396667074931e-01 2.350803564654859656e+03
1.768681079238192955e-01 2.345364523428134817e+03
1.771942765727131941e-01 2.339995542401323746e+03
1.775210467205929621e-01 2.334693853989052513e+03
1.778484194767035731e-01 2.329456387020424700e+03
1.781763959523360030e-01 2.324280096094416422e+03
1.785049772608306995e-01 2.319161964414382965e+03
1.788341645175806627e-01 2.314099003064689896e+03
1.791639588400364136e-01 2.309088250326192792e+03
1.794943613477091859e-01 2.304126771029872998e+03
1.798253731621742013e-01 2.299211655948072348e+03
1.801569954070757207e-01 2.294340021222647465e+03
1.804892292081294314e-01 2.289509077805508241e+03
1.808220756931275819e-01 2.284716504590690874e+03
1.811555359919421737e-01 2.279960173775877593e+03
1.814896112365283476e-01 2.275237975764872772e+03
1.818243025609293795e-01 2.270547818449323586e+03
1.821596111012792063e-01 2.265887626919271042e+03
1.824955379958075052e-01 2.261255343192613054e+03
1.828320843848429411e-01 2.256648925963439069e+03
1.831692514108165803e-01 2.252066350368872008e+03
1.835070402182670257e-01 2.247505606962501133e+03
1.838454519538428311e-01 2.242964340367315799e+03
1.841844877663076918e-01 2.238439285234363069e+03
1.845241488065437196e-01 2.233927055387301607e+03
1.848644362275549125e-01 2.229424291703753624e+03
1.852053511844722888e-01 2.224927661949087451e+03
1.855468948345563307e-01 2.220433860660255050e+03
1.858890683372022290e-01 2.215939609079018283e+03
1.862318728539432422e-01 2.211441655133950917e+03
1.865753095484541380e-01 2.206936773470403750e+03
1.869193795865563279e-01 2.202421773091411524e+03
1.872640841362205044e-01 2.197893593219875584e+03
1.876094243675717199e-01 2.193349274033554138e+03
1.879554014528929673e-01 2.188785883134486085e+03
1.883020165666284829e-01 2.184200514102852139e+03
1.886492708853891032e-01 2.179590286774619017e+03
1.889971655879547630e-01 2.174952347557360099e+03
1.893457018552797133e-01 2.170283869783419505e+03
1.896948808704961853e-01 2.165582054099858851e+03
1.900447038189175542e-01 2.160844131115267828e+03
1.903951718880438904e-01 2.156067603296022298e+03
1.907462862675644300e-01 2.151250459222580048e+03
1.910980481493629313e-01 2.146390761277972160e+03
1.914504587275210890e-01 2.141486594615651939e+03
1.918035191983221144e-01 2.136536067576319965e+03
1.921572307602561203e-01 2.131537312120809474e+03
1.925115946140225631e-01 2.126488484278504984e+03
1.928666119625357944e-01 2.121387764610882641e+03
1.932222840109284467e-01 2.116233358706496801e+03
1.935786119665550420e-01 2.111023612037126895e+03
1.939355970389973760e-01 2.105757281259130195e+03
1.942932404400670721e-01 2.100433225952054272e+03
1.946515433838111875e-01 2.095050326694507021e+03
1.950105070865155166e-01 2.089607485434406954e+03
1.953701327667083376e-01 2.084103625863207071e+03
1.957304216451658530e-01 2.078537693793632116e+03
1.960913749449146870e-01 2.072908657540830518e+03
1.964529938912375484e-01 2.067215508306345328e+03
1.968152797116766994e-01 2.061457416365851259e+03
1.971782336360375643e-01 2.055634185907634219e+03
1.975418568963943078e-01 2.049745786596237394e+03
1.979061507270923892e-01 2.043792201720670164e+03
1.982711163647541408e-01 2.037773428286355966e+03
1.986367550482824873e-01 2.031689477104104981e+03
1.990030680188643319e-01 2.025540372876041374e+03
1.993700565199761909e-01 2.019326154278346621e+03
1.997377217973876906e-01 2.013046874216340939e+03
2.001060650991651757e-01 2.006702814444981641e+03
2.004750876756774824e-01 2.000294898782526388e+03
2.008447907795984366e-01 1.993824169531170583e+03
2.012151756659125712e-01 1.987291670579010997e+03
2.015862435919187901e-01 1.980698447164577374e+03
2.019579958172340040e-01 1.974045545643462901e+03
2.023304336037988760e-01 1.967334013257052447e+03
2.027035582158803750e-01 1.960564897903416977e+03
2.030773709200776600e-01 1.953739254201993390e+03
2.034518729853255770e-01 1.946858484842651933e+03
2.038270656828985172e-01 1.939924509290653532e+03
2.042029502864159962e-01 1.932939277075775863e+03
2.045795280718455678e-01 1.925904723759828357e+03
2.049568003175083197e-01 1.918822770497568399e+03
2.053347683040828708e-01 1.911695323613954315e+03
2.057134333146088678e-01 1.904524274197771319e+03
2.060927966344928974e-01 1.897311497711367338e+03
2.064728595515112064e-01 1.890058900499038373e+03
2.068536233558155024e-01 1.882768814221852608e+03
2.072350893399366734e-01 1.875443789240061960e+03
2.076172587987886176e-01 1.868086349900194136e+03
2.080001330296740447e-01 1.860698991535409050e+03
2.083837133322872237e-01 1.853284180070002094e+03
2.087680010087198945e-01 1.845844351655288392e+03
2.091529973634649597e-01 1.838381912336238884e+03
2.095387037034204814e-01 1.830899238919025038e+03
2.099251213378952874e-01 1.823398833330771140e+03
2.103122515786120805e-01 1.815883473621653593e+03
2.107000957397130447e-01 1.808355935568501309e+03
2.110886551377638976e-01 1.800818955250336785e+03
2.114779310917576649e-01 1.793275228875655785e+03
2.118679249231205375e-01 1.785727412649919415e+03
2.122586379557148129e-01 1.778178122682403682e+03
2.126500715158447796e-01 1.770629934931354001e+03
2.130422269322606588e-01 1.763085413794744909e+03
2.134351055361623228e-01 1.755547243820048834e+03
2.138287086612055410e-01 1.748018122332126495e+03
2.142230376435045602e-01 1.740500702511807276e+03
2.146180938216382950e-01 1.732997593480321939e+03
2.150138785366541572e-01 1.725511360484527813e+03
2.154103931320720255e-01 1.718044525120514209e+03
2.158076389538902407e-01 1.710599565594518936e+03
2.162056173505884915e-01 1.703178918513727240e+03
2.166043296731338663e-01 1.695784995504496692e+03
2.170037772749848493e-01 1.688420177151585449e+03
2.174039615120952618e-01 1.681086801716152650e+03
2.178048837429202855e-01 1.673787165364436305e+03
2.182065453284194601e-01 1.666523522637246060e+03
2.186089476320627611e-01 1.659298086950081824e+03
2.190120920198345422e-01 1.652113031122902385e+03
2.194159798602376699e-01 1.644970483691970230e+03
2.198206125242994635e-01 1.637872457383383107e+03
2.202259913855747764e-01 1.630820861365064047e+03
2.206321178201521849e-01 1.623817566915822908e+03
2.210389932066579022e-01 1.616864410269122573e+03
2.214466189262598583e-01 1.609963193250056293e+03
2.218549963626736954e-01 1.603115683932152251e+03
2.222641269021669030e-01 1.596323617313312525e+03
2.226740119335626489e-01 1.589588686823328771e+03
2.230846528482462454e-01 1.582912398856115033e+03
2.234960510401679812e-01 1.576296102128894518e+03
2.239082079058494490e-01 1.569741116038763039e+03
2.243211248443876260e-01 1.563248735336163236e+03
2.247348032574589538e-01 1.556820230775500704e+03
2.251492445493256112e-01 1.550456849775335968e+03
2.255644501268385949e-01 1.544159817087822148e+03
2.259804213994439093e-01 1.537930309445598823e+03
2.263971597791868406e-01 1.531769214008891367e+03
2.268146666807159539e-01 1.525677243663143599e+03
2.272329435212895876e-01 1.519655096377439577e+03
2.276519917207786847e-01 1.513703457791006031e+03
2.280718127016733987e-01 1.507823001712101586e+03
2.284924078890871180e-01 1.502014390619079222e+03
2.289137787107606292e-01 1.496278276163525788e+03
2.293359265970685568e-01 1.490615215205202048e+03
2.297588529810224989e-01 1.485025355035753137e+03
2.301825592982773283e-01 1.479508721944105673e+03
2.306070469871354944e-01 1.474065342094579592e+03
2.310323174885511865e-01 1.468695241755599909e+03
2.314583722461368009e-01 1.463398447507632682e+03
2.318852127061660218e-01 1.458174986450604138e+03
2.323128403175803991e-01 1.453024883305224876e+03
2.327412565319935123e-01 1.447947912090199225e+03
2.331704628036951610e-01 1.442943419291387727e+03
2.336004605896580544e-01 1.438010719422662305e+03
2.340312513495407809e-01 1.433149138081402043e+03
2.344628365456944141e-01 1.428358011791948002e+03
2.348952176431668981e-01 1.423636687851914985e+03
2.353283961097071275e-01 1.418984524181311144e+03
2.357623734157716644e-01 1.414400832858340664e+03
2.361971510345279024e-01 1.409884452179314167e+03
2.366327304418606448e-01 1.405433990172886752e+03
2.370691131163764065e-01 1.401048072569820306e+03
2.375063005394077442e-01 1.396725344322852607e+03
2.379442941950199453e-01 1.392464469123703793e+03
2.383830955700141918e-01 1.388264128932981521e+03
2.388227061539341944e-01 1.384123019809085235e+03
2.392631274390706053e-01 1.380039598865832204e+03
2.397043609204653758e-01 1.376011926034431326e+03
2.401464080959183900e-01 1.372038047166574643e+03
2.405892704659908232e-01 1.368116032144330347e+03
2.410329495340117201e-01 1.364243974224455314e+03
2.414774468060825185e-01 1.360419989409453592e+03
2.419227637910813800e-01 1.356642215844916791e+03
2.423689020006699890e-01 1.352908728185282371e+03
2.428158629492967735e-01 1.349217258834267341e+03
2.432636481542037599e-01 1.345565468070375118e+03
2.437122591354309586e-01 1.341951041920345006e+03
2.441616974158207776e-01 1.338371691542304461e+03
2.446119645210249882e-01 1.334825152647041705e+03
2.450630619795078347e-01 1.331309184957786329e+03
2.455149913225530001e-01 1.327821553207589659e+03
2.459677540842681309e-01 1.324359877382727973e+03
2.464213518015891669e-01 1.320921712525267367e+03
2.468757860142870852e-01 1.317504637890789127e+03
2.473310582649724532e-01 1.314106257401974744e+03
2.477871700990998960e-01 1.310724199297969562e+03
2.482441230649750363e-01 1.307356115826834184e+03
2.487019187137577136e-01 1.303999683303760776e+03
2.491605585994692007e-01 1.300652606541400246e+03
2.496200442789965057e-01 1.297312617539944085e+03
2.500803773120969797e-01 1.293977471505012772e+03
2.505415592614054221e-01 1.290644946638672536e+03
2.510035916924374111e-01 1.287312844074926261e+03
2.514664761735960763e-01 1.283978987852948649e+03
2.519302142761771779e-01 1.280641231154595744e+03
2.523948075743731589e-01 1.277297569058189310e+03
2.528602576452806394e-01 1.273946125177324120e+03
2.533265660689035248e-01 1.270585047635777073e+03
2.537937344281603336e-01 1.267212505355225858e+03
2.542617643088885826e-01 1.263826688209507893e+03
2.547306572998495611e-01 1.260425807204817602e+03
2.552004149927354915e-01 1.257008108315407526e+03
2.556710389821728047e-01 1.253572080096761511e+03
2.561425308657295230e-01 1.250116409665903575e+03
2.566148922439197011e-01 1.246639806800340466e+03
2.570881247202081998e-01 1.243140998916751414e+03
2.575622299010179583e-01 1.239618731305125493e+03
2.580372093957333246e-01 1.236071767375193758e+03
2.585130648167072720e-01 1.232498917512794151e+03
2.589897977792662842e-01 1.228899298614277996e+03
2.594674099017149071e-01 1.225272209518749833e+03
2.599459028053430765e-01 1.221616964521533873e+03
2.604252781144295592e-01 1.217932891487128927e+03
2.609055374562493368e-01 1.214219332033683486e+03
2.613866824610782680e-01 1.210475641720102203e+03
2.618687147621978628e-01 1.206701258167988726e+03
2.623516359959027211e-01 1.202895978232252219e+03
2.628354478015038631e-01 1.199059717717422927e+03
2.633201518213363346e-01 1.195192400372953443e+03
2.638057497007637586e-01 1.191293957902120837e+03
2.642922430881832763e-01 1.187364330016363283e+03
2.647796336350329849e-01 1.183403465393994566e+03
2.652679229957952689e-01 1.179411478986580278e+03
2.657571128280045714e-01 1.175388828428744091e+03
2.662472047922519458e-01 1.171336015877261161e+03
2.667382005521899968e-01 1.167253544159449802e+03
2.672301017745404850e-01 1.163141916681005569e+03
2.677229101290977131e-01 1.159001637334526322e+03
2.682166272887360203e-01 1.154833229391988880e+03
2.687112549294148889e-01 1.150637505932384101e+03
2.692067947301836073e-01 1.146415501466172600e+03
2.697032483731889863e-01 1.142168248671751826e+03
2.702006175436788005e-01 1.137896772112359486e+03
2.706989039300095601e-01 1.133602088039504224e+03
2.711981092236512292e-01 1.129285204217261480e+03
2.716982351191923328e-01 1.124947225087625156e+03
2.721992833143474511e-01 1.120589603586849762e+03
2.727012555099609936e-01 1.116213852761509997e+03
2.732041534100146385e-01 1.111821467947192332e+03
2.737079787216326054e-01 1.107413926545776349e+03
2.742127331550862634e-01 1.102992687821664731e+03
2.747184184238020133e-01 1.098559208496898464e+03
2.752250362443657838e-01 1.094115172776597092e+03
2.757325883365285280e-01 1.089662436536126506e+03
2.762410764232136051e-01 1.085202834741978677e+03
2.767505022305206119e-01 1.080738175899606631e+03
2.772608674877331536e-01 1.076270241948660896e+03
2.777721739273238399e-01 1.071800788655034694e+03
2.782844232849594479e-01 1.067331642858543546e+03
2.787976172995085267e-01 1.062864819828625741e+03
2.793117577130452833e-01 1.058402331995340546e+03
2.798268462708574100e-01 1.053946159372153716e+03
2.803428847214511910e-01 1.049498249648560886e+03
2.808598748165563874e-01 1.045060518319132143e+03
2.813778183111344533e-01 1.040634860768053841e+03
2.818967169633820880e-01 1.036223207094914187e+03
2.824165725347390632e-01 1.031827477682667222e+03
2.829373867898937189e-01 1.027449559890132150e+03
2.834591614967876261e-01 1.023091308344179538e+03
2.839818984266239132e-01 1.018754545290319470e+03
2.845055993538709860e-01 1.014441055639014280e+03
2.850302660562702983e-01 1.010152526251889071e+03
2.855559003148418484e-01 1.005890568935974329e+03
2.860825039138891746e-01 1.001656765926323942e+03
2.866100786410074042e-01 9.974526712316896919e+02
2.871386262870871398e-01 9.932798111270948311e+02
2.876681486463224524e-01 9.891396780495111898e+02
2.881986475162162109e-01 9.850335680751309155e+02
2.887301246975851887e-01 9.809625742841407146e+02
2.892625819945682797e-01 9.769277613526401183e+02
2.897960212146302728e-01 9.729301748295315519e+02
2.903304441685701787e-01 9.689708416065682286e+02
2.908658526705261149e-01 9.650507658808559199e+02
2.914022485379810790e-01 9.611707315716292896e+02
2.919396335917708307e-01 9.573312293023968778e+02
2.924780096560877785e-01 9.535327202442914540e+02
2.930173785584892499e-01 9.497756571701016810e+02
2.935577421299029877e-01 9.460604847499786274e+02
2.940991022046322012e-01 9.423876361496792242e+02
2.946414606203640041e-01 9.387573308382649202e+02
2.951848192181732999e-01 9.351694740457206763e+02
2.957291798425310536e-01 9.316239462609909197e+02
2.962745443413096202e-01 9.281206293324553371e+02
2.968209145657883519e-01 9.246594065190723768e+02
2.973682923706615910e-01 9.212401580162372738e+02
2.979166796140430007e-01 9.178625635493533537e+02
2.984660781574735577e-01 9.145260293129242655e+02
2.990164898659273263e-01 9.112299497518931730e+02
2.995679166078166755e-01 9.079737279657649651e+02
3.001203602550007732e-01 9.047567755383045096e+02
3.006738226827895266e-01 9.015785051202602745e+02
3.012283057699521316e-01 8.984381502725891551e+02
3.017838113987224569e-01 8.953347560114694943e+02
3.023403414548045398e-01 8.922673708514513464e+02
3.028978978273808020e-01 8.892350563040380393e+02
3.034564824091176560e-01 8.862368865746853999e+02
3.040160970961708342e-01 8.832719351738106752e+02
3.045767437881941042e-01 8.803391186002321547e+02
3.051384243883432656e-01 8.774372497902430723e+02
3.057011408032846433e-01 8.745651547368105412e+02
3.062648949432008050e-01 8.717216745650750909e+02
3.068296887217958346e-01 8.689056651919652268e+02
3.073955240563044367e-01 8.661159725984089164e+02
3.079624028674955993e-01 8.633513089230100377e+02
3.085303270796812547e-01 8.606103466389539562e+02
3.090992986207222737e-01 8.578917745414956926e+02
3.096693194220337397e-01 8.551942975279901020e+02
3.102403914185936640e-01 8.525166362192316001e+02
3.108125165489473152e-01 8.498574906431525733e+02
3.113856967552157129e-01 8.472154828906166131e+02
3.119599339831015672e-01 8.445892366751376130e+02
3.125352301818946632e-01 8.419773922516833409e+02
3.131115873044807985e-01 8.393786061852406419e+02
3.136890073073459462e-01 8.367915490533933962e+02
3.142674921505850261e-01 8.342148572475369974e+02
3.148470437979076775e-01 8.316471322936308752e+02
3.154276642166438105e-01 8.290869902581675888e+02
3.160093553777528208e-01 8.265330639660364795e+02
3.165921192558273645e-01 8.239840028881565104e+02
3.171759578291025727e-01 8.214384791734925102e+02
3.177608730794616587e-01 8.188952151062787834e+02
3.183468669924418015e-01 8.163529604646329290e+02
3.189339415572430281e-01 8.138104808129801313e+02
3.195220987667323209e-01 8.112665574841175840e+02
3.201113406174529996e-01 8.087199886693451845e+02
3.207016691096299943e-01 8.061696446740687634e+02
3.212930862471761184e-01 8.036144935372057034e+02
3.218855940377009506e-01 8.010535240242634245e+02
3.224791944925149978e-01 7.984857390170534472e+02
3.230738896266390214e-01 7.959101555929321421e+02
3.236696814588095883e-01 7.933258397671137345e+02
3.242665720114852324e-01 7.907320771388741605e+02
3.248645633108553366e-01 7.881282402000161937e+02
3.254636573868446847e-01 7.855137119868219315e+02
3.260638562731224543e-01 7.828878860460425813e+02
3.266651620071081563e-01 7.802501724923926076e+02
3.272675766299776301e-01 7.776001773243156094e+02
3.278711021866722031e-01 7.749377310129472107e+02
3.284757407259030204e-01 7.722626815531718876e+02
3.290814943001604265e-01 7.695748820612056988e+02
3.296883649657196269e-01 7.668741908266983955e+02
3.302963547826470725e-01 7.641605613856096397e+02
3.309054658148095074e-01 7.614342478199748712e+02
3.315157001298784101e-01 7.586955648707501041e+02
3.321270597993392637e-01 7.559448260418751033e+02
3.327395468984977733e-01 7.531823435577367718e+02
3.333531635064856391e-01 7.504084548211444599e+02
3.339679117062702707e-01 7.476237322722282670e+02
3.345837935846587841e-01 7.448288674997918406e+02
3.352008112323078826e-01 7.420245459201339600e+02
3.358189667437296300e-01 7.392114455558491954e+02
3.364382622172975568e-01 7.363902420675234453e+02
3.370586997552560415e-01 7.335617389821767347e+02
3.376802814637261396e-01 7.307268760300003123e+02
3.383030094527120224e-01 7.278865880590687993e+02
3.389268858361101922e-01 7.250417975926893632e+02
3.395519127317142005e-01 7.221934151725142783e+02
3.401780922612240854e-01 7.193423882980121107e+02
3.408054265502525881e-01 7.164897469045228036e+02
3.414339177283313709e-01 7.136365170669542977e+02
3.420635679289205644e-01 7.107837098327646572e+02
3.426943792894132645e-01 7.079323212213354282e+02
3.433263539511454132e-01 7.050833447466025063e+02
3.439594940594017380e-01 7.022377981495208132e+02
3.445938017634220807e-01 6.993966911094621537e+02
3.452292792164112778e-01 6.965610174266653303e+02
3.458659285755435464e-01 6.937317550897286083e+02
3.465037520019721429e-01 6.909098640295367204e+02
3.471427516608359687e-01 6.880962780260487079e+02
3.477829297212655657e-01 6.852919125518958481e+02
3.484242883563931081e-01 6.824976679294009045e+02
3.490668297433568434e-01 6.797144294612253361e+02
3.497105560633110843e-01 6.769430644633208658e+02
3.503554695014323705e-01 6.741844079285679072e+02
3.510015722469261856e-01 6.714392744086115954e+02
3.516488664930363384e-01 6.687084644968794009e+02
3.522973544370499588e-01 6.659927650146083806e+02
3.529470382803074346e-01 6.632929390656398709e+02
3.535979202282086287e-01 6.606096739974199181e+02
3.542500024902194289e-01 6.579436213233345825e+02
3.549032872798815741e-01 6.552954210760894966e+02
3.555577768148176498e-01 6.526657020505248283e+02
3.562134733167407474e-01 6.500550686541663481e+02
3.568703790114611807e-01 6.474640370191229977e+02
3.575284961288928698e-01 6.448930860990640213e+02
3.581878269030634443e-01 6.423426862613664525e+02
3.588483735721188506e-01 6.398132995083816468e+02
3.595101383783336768e-01 6.373053480460530409e+02
3.601731235681175369e-01 6.348190954166678921e+02
3.608373313920215653e-01 6.323547550671780755e+02
3.615027641047487972e-01 6.299125362914622883e+02
3.621694239651587210e-01 6.274926443472223809e+02
3.628373132362774922e-01 6.250952230435375441e+02
3.635064341853047054e-01 6.227202148240797897e+02
3.641767890836197785e-01 6.203675195432878127e+02
3.648483802067924997e-01 6.180370378859837501e+02
3.655212098345874128e-01 6.157286709185882501e+02
3.661952802509745308e-01 6.134422253050189511e+02
3.668705937441357201e-01 6.111772987109133055e+02
3.675471526064715277e-01 6.089334657335364227e+02
3.682249591346114515e-01 6.067103066238755673e+02
3.689040156294187134e-01 6.045074038296731942e+02
3.695843243960009183e-01 6.023242126161217129e+02
3.702658877437164930e-01 6.001600221226982512e+02
3.709487079861814585e-01 5.980141194030187535e+02
3.716327874412801435e-01 5.958858011229552858e+02
3.723181284311696260e-01 5.937743650241980049e+02
3.730047332822907236e-01 5.916790089845334251e+02
3.736926043253743224e-01 5.895988649980017726e+02
3.743817438954484267e-01 5.875330750872324188e+02
3.750721543318484286e-01 5.854807927209667469e+02
3.757638379782234916e-01 5.834411709763871841e+02
3.764567971825438786e-01 5.814133138023016727e+02
3.771510342971112761e-01 5.793963175776165144e+02
3.778465516785636802e-01 5.773892907037469513e+02
3.785433516878864424e-01 5.753913535868089184e+02
3.792414366904187095e-01 5.734016562611801646e+02
3.799408090558604734e-01 5.714193964389550047e+02
3.806414711582834509e-01 5.694437869896639768e+02
3.813434253761357473e-01 5.674740513824190202e+02
3.820466740922529580e-01 5.655094281693402536e+02
3.827512196938648303e-01 5.635492364474306441e+02
3.834570645726024241e-01 5.615928595563962062e+02
3.841642111245088254e-01 5.596396908368225240e+02
3.848726617500440872e-01 5.576891321005971349e+02
3.855824188540963315e-01 5.557406191198333545e+02
3.862934848459885773e-01 5.537937000469994473e+02
3.870058621394856790e-01 5.518479562583055440e+02
3.877195531528055961e-01 5.499029753121246813e+02
3.884345603086239995e-01 5.479583527326302601e+02
3.891508860340856524e-01 5.460137489385359686e+02
3.898685327608112372e-01 5.440689000562887259e+02
3.905875029249044061e-01 5.421235506688459509e+02
3.913077989669630496e-01 5.401774495929964814e+02
3.920294233320841260e-01 5.382303639720774981e+02
3.927523784698750409e-01 5.362821397350653569e+02
3.934766668344604201e-01 5.343326504483161443e+02
3.942022908844895479e-01 5.323817722838609825e+02
3.949292530831473580e-01 5.304293853490938773e+02
3.956575558981595964e-01 5.284754191667052510e+02
3.963872018018040344e-01 5.265198629060837447e+02
3.971181932709177964e-01 5.245627103307958805e+02
3.978505327869041874e-01 5.226039561710318821e+02
3.985842228357443506e-01 5.206436176889274066e+02
3.993192659080022078e-01 5.186818072844432663e+02
4.000556644988358390e-01 5.167186624365048147e+02
4.007934211080048104e-01 5.147543194304993222e+02
4.015325382398772791e-01 5.127889178309313820e+02
4.022730184034414291e-01 5.108226763654017191e+02
4.030148641123107445e-01 5.088558807316279058e+02
4.037580778847353336e-01 5.068888153236410972e+02
4.045026622436094788e-01 5.049217610713365048e+02
4.052486197164785198e-01 5.029550461245328847e+02
4.059959528355507330e-01 5.009891150227099388e+02
4.067446641377024941e-01 4.990244235282202681e+02
4.074947561644897132e-01 4.970614207962615296e+02
4.082462314621552735e-01 4.951005614440921931e+02
4.089990925816363587e-01 4.931423732059508893e+02
4.097533420785762770e-01 4.911874082718255181e+02
4.105089825133295123e-01 4.892362104197138137e+02
4.112660164509733263e-01 4.872893165037210110e+02
4.120244464613154745e-01 4.853472866244048873e+02
4.127842751189015336e-01 4.834107015926561530e+02
4.135455050030265034e-01 4.814801340343449283e+02
4.143081386977403024e-01 4.795561471593955503e+02
4.150721787918594252e-01 4.776392779134800435e+02
4.158376278789745473e-01 4.757300213583934578e+02
4.166044885574579082e-01 4.738288605423972513e+02
4.173727634304748579e-01 4.719362704305999614e+02
4.181424551059912398e-01 4.700526973287413739e+02
4.189135661967812729e-01 4.681784996740955194e+02
4.196860993204388768e-01 4.663140102059741139e+02
4.204600570993837216e-01 4.644595558569171203e+02
4.212354421608727195e-01 4.626154442781328839e+02
4.220122571370079068e-01 4.607818778751263835e+02
4.227905046647438270e-01 4.589590107036189011e+02
4.235701873858997435e-01 4.571469935979587831e+02
4.243513079471650795e-01 4.553459690905005459e+02
4.251338690001114085e-01 4.535560043140338848e+02
4.259178732012000590e-01 4.517771124930907831e+02
4.267033232117900532e-01 4.500093048983457606e+02
4.274902216981499858e-01 4.482525905514664828e+02
4.282785713314637421e-01 4.465069401523200554e+02
4.290683747878424326e-01 4.447722847735640244e+02
4.298596347483323310e-01 4.430485541049811218e+02
4.306523538989226463e-01 4.413356780381553790e+02
4.314465349305576236e-01 4.396335717319561809e+02
4.322421805391422622e-01 4.379421295468236508e+02
4.330392934255543613e-01 4.362612452889960082e+02
4.338378762956526247e-01 4.345908137620946263e+02
4.346379318602844322e-01 4.329307227566608276e+02
4.354394628352979968e-01 4.312808470185247529e+02
4.362424719415482488e-01 4.296410612370676745e+02
4.370469619049089371e-01 4.280112413792583084e+02
4.378529354562807896e-01 4.263912479417696773e+02
4.386603953315993953e-01 4.247809089178163049e+02
4.394693442718474174e-01 4.231800502857785773e+02
4.402797850230605881e-01 4.215885000224652117e+02
4.410917203363400318e-01 4.200060616428318667e+02
4.419051529678602042e-01 4.184324840321667693e+02
4.427200856788770511e-01 4.168675119813991046e+02
4.435365212357403886e-01 4.153108934607124638e+02
4.443544624098997864e-01 4.137623468506550353e+02
4.451739119779171139e-01 4.122215251526566249e+02
4.459948727214744779e-01 4.106880774052215202e+02
4.468173474273826051e-01 4.091616572544633073e+02
4.476413388875931654e-01 4.076418968618984309e+02
4.484668498992047669e-01 4.061283837257165601e+02
4.492938832644756131e-01 4.046207056018325829e+02
4.501224417908316622e-01 4.031184560167229733e+02
4.509525282908748434e-01 4.016212298687640327e+02
4.517841455823955465e-01 4.001286208626294751e+02
4.526172964883789507e-01 3.986402279421835146e+02
4.534519838370172917e-01 3.971556565380278130e+02
4.542882104617187444e-01 3.956745409145185022e+02
4.551259792011149163e-01 3.941965491932299415e+02
4.559652928990742815e-01 3.927213561996765065e+02
4.568061544047079536e-01 3.912486453919783571e+02
4.576485665723825091e-01 3.897781765231327427e+02
4.584925322617283694e-01 3.883097771684176109e+02
4.593380543376481273e-01 3.868432799149189236e+02
4.601851356703295370e-01 3.853785270144724109e+02
4.610337791352513981e-01 3.839154376023541317e+02
4.618839876131967670e-01 3.824539771052901642e+02
4.627357639902612840e-01 3.809941123181137073e+02
4.635891111578614443e-01 3.795358232503556337e+02
4.644440320127473099e-01 3.780791648991777834e+02
4.653005294570110584e-01 3.766242191265778843e+02
4.661586063980951988e-01 3.751710668060391072e+02
4.670182657488058386e-01 3.737197963627926356e+02
4.678795104273189009e-01 3.722705227685622162e+02
4.687423433571930587e-01 3.708233649831794310e+02
4.696067674673786718e-01 3.693784405834630320e+02
4.704727856922258367e-01 3.679358878422517023e+02
4.713404009714980414e-01 3.664958807252906468e+02
4.722096162503780503e-01 3.650585942280573022e+02
4.730804344794814487e-01 3.636241940647186652e+02
4.739528586148651912e-01 3.621927253095065566e+02
4.748268916180360955e-01 3.607641308973374521e+02
4.757025364559643310e-01 3.593383514008119732e+02
4.765797961010896922e-01 3.579153625414247131e+02
4.774586735313349206e-01 3.564953631548326598e+02
4.783391717301144763e-01 3.550786382021337317e+02
4.792212936863431971e-01 3.536654683921605056e+02
4.801050423944498990e-01 3.522561299618719204e+02
4.809904208543833715e-01 3.508508947053007887e+02
4.818774320716264215e-01 3.494500300046142343e+02
4.827660790572042004e-01 3.480537988632444808e+02
4.836563648276932526e-01 3.466624599410223482e+02
4.845482924052348928e-01 3.452762675912490522e+02
4.854418648175418682e-01 3.438954718996570818e+02
4.863370850979118476e-01 3.425203187251941017e+02
4.872339562852363581e-01 3.411510497425775839e+02
4.881324814240094456e-01 3.397879024865689530e+02
4.890326635643417186e-01 3.384311103978945994e+02
4.899345057619665655e-01 3.370809028707838593e+02
4.908380110782540329e-01 3.357375053020502378e+02
4.917431825802198175e-01 3.344011391416722745e+02
4.926500233405340379e-01 3.330720219448315333e+02
4.935585364375352779e-01 3.317503674253341615e+02
4.944687249552369157e-01 3.304363855103981109e+02
4.953805919833413340e-01 3.291302285339294258e+02
4.962941406172485248e-01 3.278317869459231702e+02
4.972093739580654148e-01 3.265408747139962315e+02
4.981262951126199101e-01 3.252573082968963263e+02
4.990449071934670577e-01 3.239809066270306630e+02
4.999652133189037007e-01 3.227114910778364560e+02
5.008872166129769710e-01 3.214488854321163558e+02
5.018109202054936713e-01 3.201929158512992331e+02
5.027363272320347631e-01 3.189434108456113677e+02
5.036634408339610847e-01 3.177002012451500832e+02
5.045922641584285051e-01 3.164631201718203215e+02
5.055228003583964735e-01 3.152320030121363743e+02
5.064550525926374558e-01 3.140066873908601224e+02
5.073890240257512563e-01 3.127870131454537272e+02
5.083247178281712353e-01 3.115728223013425122e+02
5.092621371761794080e-01 3.103639590479554613e+02
5.102012852519151043e-01 3.091602697155400392e+02
5.111421652433842944e-01 3.079616027527292772e+02
5.120847803444739110e-01 3.067678087048354314e+02
5.130291337549605091e-01 3.055787401928726013e+02
5.139752286805201464e-01 3.043942518932804546e+02
5.149230683327425950e-01 3.032142008674484828e+02
5.158726559291380021e-01 3.020384618455940995e+02
5.168239946931518780e-01 3.008669328949284818e+02
5.177770878541739785e-01 2.996995150605839626e+02
5.187319386475479632e-01 2.985361107508887812e+02
5.196885503145860508e-01 2.973766237257632952e+02
5.206469261025756801e-01 2.962209590854365047e+02
5.216070692647944984e-01 2.950690232594515692e+02
5.225689830605194652e-01 2.939207239959782783e+02
5.235326707550366221e-01 2.927759703514087732e+02
5.244981356196555256e-01 2.916346726802300964e+02
5.254653809317166857e-01 2.904967426251874940e+02
5.264344099746056660e-01 2.893620931076975467e+02
5.274052260377634083e-01 2.882306383185393202e+02
5.283778324166953366e-01 2.871022937087971059e+02
5.293522324129861234e-01 2.859769759810502023e+02
5.303284293343072386e-01 2.848546030808139449e+02
5.313064264944311610e-01 2.837350941882110646e+02
5.322862272132417027e-01 2.826183697098823018e+02
5.332678348167434468e-01 2.815043512711227436e+02
5.342512526370762904e-01 2.803929617082313257e+02
5.352364840125233281e-01 2.792841250610874226e+02
5.362235322875253951e-01 2.781777665659248555e+02
5.372124008126909489e-01 2.770738460496905873e+02
5.382030929448055057e-01 2.759724577185046428e+02
5.391956120468475167e-01 2.748737277582554270e+02
5.401899614879948075e-01 2.737777803469584796e+02
5.411861446436402323e-01 2.726847376669571759e+02
5.421841648954012216e-01 2.715947199176766276e+02
5.431840256311295523e-01 2.705078453289225422e+02
5.441857302449272238e-01 2.694242301746863859e+02
5.451892821371528974e-01 2.683439887874741316e+02
5.461946847144377726e-01 2.672672335731091380e+02
5.472019413896953566e-01 2.661940750260220625e+02
5.482110555821311237e-01 2.651246217449995015e+02
5.492220307172586136e-01 2.640589804493696420e+02
5.502348702269058700e-01 2.629972559956341911e+02
5.512495775492317618e-01 2.619395513945026437e+02
5.522661561287351972e-01 2.608859678283398011e+02
5.532846094162658934e-01 2.598366046689983477e+02
5.543049408690392532e-01 2.587915594960243197e+02
5.553271539506442478e-01 2.577509281152314884e+02
5.563512521310589598e-01 2.567148045776156664e+02
5.573772388866603533e-01 2.556832811986109562e+02
5.584051177002347099e-01 2.546564485776689537e+02
5.594348920609932829e-01 2.536343956181407862e+02
5.604665654645795136e-01 2.526172035306983048e+02
5.615001414130853519e-01 2.516048618661496903e+02
5.625356234150606927e-01 2.505972907755786423e+02
5.635730149855240345e-01 2.495944096365115001e+02
5.646123196459784666e-01 2.485961388588256966e+02
5.656535409244188850e-01 2.476023998735995235e+02
5.666966823553479804e-01 2.466131151221875371e+02
5.677417474797863406e-01 2.456282080455308687e+02
5.687887398452834420e-01 2.446476030736897371e+02
5.698376630059320824e-01 2.436712256155921636e+02
5.708885205223795944e-01 2.426990020490061966e+02
5.719413159618379483e-01 2.417308597107171977e+02
5.729960528980996282e-01 2.407667268869150519e+02
5.740527349115455147e-01 2.398065328037858706e+02
5.751113655891608722e-01 2.388502076182994642e+02
5.761719485245460071e-01 2.378976824091965625e+02
5.772344873179261482e-01 2.369488891681639586e+02
5.782989855761686560e-01 2.360037607912001079e+02
5.793654469127897944e-01 2.350622310701622268e+02
5.804338749479714954e-01 2.341242346844945814e+02
5.815042733085717952e-01 2.331897071931330458e+02
5.825766456281353811e-01 2.322585850265856209e+02
5.836509955469100230e-01 2.313308054791736197e+02
5.847273267118541229e-01 2.304063067014506885e+02
5.858056427766535901e-01 2.294850276927733432e+02
5.868859474017321665e-01 2.285669150961266496e+02
5.879682442542618626e-01 2.276519532074191545e+02
5.890525370081801659e-01 2.267401389201318693e+02
5.901388293441971467e-01 2.258314690646988652e+02
5.912271249498126657e-01 2.249259403990876365e+02
5.923174275193267002e-01 2.240235496095604617e+02
5.934097407538500013e-01 2.231242933114351104e+02
5.945040683613214139e-01 2.222281680498363414e+02
5.956004140565150928e-01 2.213351703004521482e+02
5.966987815610577117e-01 2.204452964702785778e+02
5.977991746034390097e-01 2.195585428983687564e+02
5.989015969190226718e-01 2.186749058565761175e+02
6.000060522500636484e-01 2.177943815502896427e+02
6.011125443457152606e-01 2.169169661191773741e+02
6.022210769620468529e-01 2.160426556379127021e+02
6.033316538620544511e-01 2.151714461169083279e+02
6.044442788156717539e-01 2.143033335030435467e+02
6.055589555997868967e-01 2.134383136803851642e+02
6.066756879982510009e-01 2.125763824709106018e+02
6.077944798018948269e-01 2.117175356352228732e+02
6.089153348085399875e-01 2.108617688732650777e+02
6.100382568230098279e-01 2.100090778250320511e+02
6.111632496571467454e-01 2.091594580712743721e+02
6.122903171298204050e-01 2.083129051342068863e+02
6.134194630669447257e-01 2.074694144782038734e+02
6.145506913014892048e-01 2.066289815104986758e+02
6.156840056734897981e-01 2.057916016568355246e+02
6.168194100300666838e-01 2.049572719890171015e+02
6.179569082254320334e-01 2.041259911833744525e+02
6.190965041209077757e-01 2.032977578783925878e+02
6.202382015849363661e-01 2.024725706022137786e+02
6.213820044930925546e-01 2.016504277738396524e+02
6.225279167281004833e-01 2.008313277043253606e+02
6.236759421798421243e-01 2.000152685979732325e+02
6.248260847453748212e-01 1.992022485535188707e+02
6.259783483289427242e-01 1.983922655653120728e+02
6.271327368419878923e-01 1.975853175244965314e+02
6.282892542031681682e-01 1.967814022201800697e+02
6.294479043383652828e-01 1.959805173406038534e+02
6.306086911807030626e-01 1.951826604743017981e+02
6.317716186705580883e-01 1.943878291112598902e+02
6.329366907555721289e-01 1.935960206440691422e+02
6.341039113906684621e-01 1.928072323690695669e+02
6.352732845380638649e-01 1.920214614874940651e+02
6.364448141672800485e-01 1.912387051066051527e+02
6.376185042551617554e-01 1.904589602408223641e+02
6.387943587858848637e-01 1.896822238128546019e+02
6.399723817509747059e-01 1.889084926548133012e+02
6.411525771493171710e-01 1.881377635093317338e+02
6.423349489871711393e-01 1.873700330306747333e+02
6.435195012781858015e-01 1.866052977858390136e+02
6.447062380434096518e-01 1.858435542556561870e+02
6.458951633113084734e-01 1.850847988358810312e+02
6.470862811177771068e-01 1.843290278382820020e+02
6.482795955061509963e-01 1.835762374917221678e+02
6.494751105272248415e-01 1.828264226218714441e+02
6.506728302392609242e-01 1.820795693878472150e+02
6.518727587080073160e-01 1.813356605853293786e+02
6.530749000067100907e-01 1.805946791387919461e+02
6.542792582161248705e-01 1.798566081098801135e+02
6.554858374245352559e-01 1.791214306963188676e+02
6.566946417277618187e-01 1.783891302308346383e+02
6.579056752291800869e-01 1.776596901800812418e+02
6.591189420397328691e-01 1.769330941435803766e+02
6.603344462779422441e-01 1.762093258526682007e+02
6.615521920699278802e-01 1.754883691694503227e+02
6.627721835494160274e-01 1.747702080857701219e+02
6.639944248577579478e-01 1.740548267221811045e+02
6.652189201439422384e-01 1.733422093269296909e+02
6.664456735646068219e-01 1.726323402749498541e+02
6.676746892840574876e-01 1.719252040668611698e+02
6.689059714742769946e-01 1.712207853279794278e+02
6.701395243149440573e-01 1.705190688073345484e+02
6.713753519934447800e-01 1.698200393766943535e+02
6.726134587048858693e-01 1.691236820296034011e+02
6.738538486521127302e-01 1.684299818804208826e+02
6.750965260457189032e-01 1.677389241633748043e+02
6.763414951040644940e-01 1.670504942316187282e+02
6.775887600532893851e-01 1.663646775562989717e+02
6.788383251273244490e-01 1.656814597256305888e+02
6.800901945679115324e-01 1.650008264439771324e+02
6.813443726246121157e-01 1.643227635309437176e+02
6.826008635548262982e-01 1.636472569204722163e+02
6.838596716238056761e-01 1.629742926599473662e+02
6.851208011046651114e-01 1.623038569093107810e+02
6.863842562784027157e-01 1.616359359401782854e+02
6.876500414339085099e-01 1.609705161350056812e+02
6.889181608679838531e-01 1.603075852153558287e+02
6.901886188853539883e-01 1.596471354482052334e+02
6.914614197986805877e-01 1.589891601249463520e+02
6.927365679285811817e-01 1.583336525350369186e+02
6.940140676036383738e-01 1.576806059661874144e+02
6.952939231604193804e-01 1.570300137045416022e+02
6.965761389434884654e-01 1.563818690348615235e+02
6.978607193054200408e-01 1.557361652407069812e+02
6.991476686068177626e-01 1.550928956046155065e+02
7.004369912163241896e-01 1.544520534082811309e+02
7.017286915106403233e-01 1.538136319327301749e+02
7.030227738745383759e-01 1.531776244584967230e+02
7.043192427008745371e-01 1.525440242657993792e+02
7.056181023906081817e-01 1.519128246347104039e+02
7.069193573528147478e-01 1.512840188453290580e+02
7.082230120046981714e-01 1.506576001779537819e+02
7.095290707716114254e-01 1.500335619132468707e+02
7.108375380870655125e-01 1.494118973324062551e+02
7.121484183927494493e-01 1.487925997173284713e+02
7.134617161385435891e-01 1.481756623507754682e+02
7.147774357825319447e-01 1.475610785165384016e+02
7.160955817910230614e-01 1.469488414995984158e+02
7.174161586385588985e-01 1.463389445862895286e+02
7.187391708079352570e-01 1.457313810644577359e+02
7.200646227902148810e-01 1.451261442236180699e+02
7.213925190847404467e-01 1.445232273551147273e+02
7.227228641991547686e-01 1.439226237522740348e+02
7.240556626494106807e-01 1.433243267105616781e+02
7.253909189597911311e-01 1.427283295277335924e+02
7.267286376629225053e-01 1.421346255039896960e+02
7.280688232997877263e-01 1.415432079421251217e+02
7.294114804197466828e-01 1.409540701476779532e+02
7.307566135805462215e-01 1.403672054290796893e+02
7.321042273483404639e-01 1.397826070978004225e+02
7.334543262977039069e-01 1.392002684684956932e+02
7.348069150116451898e-01 1.386201828591519245e+02
7.361619980816274111e-01 1.380423434680277239e+02
7.375195801075783431e-01 1.374667420558176616e+02
7.388796656979104149e-01 1.368933694777419419e+02
7.402422594695348135e-01 1.363222166184966682e+02
7.416073660478748053e-01 1.357532744081459555e+02
7.429749900668862761e-01 1.351865338218552210e+02
7.443451361690679446e-01 1.346219858796300741e+02
7.457178090054821240e-01 1.340596216460513972e+02
7.470930132357684883e-01 1.334994322300169927e+02
7.484707535281570623e-01 1.329414087844839969e+02
7.498510345594900928e-01 1.323855425062087079e+02
7.512338610152313745e-01 1.318318246354941152e+02
7.526192375894875664e-01 1.312802464559345879e+02
7.540071689850220693e-01 1.307307992941630914e+02
7.553976599132683489e-01 1.301834745196026972e+02
7.567907150943515848e-01 1.296382635442146238e+02
7.581863392570982185e-01 1.290951578222529008e+02
7.595845371390579359e-01 1.285541488500165883e+02
7.609853134865166568e-01 1.280152281656064019e+02
7.623886730545113011e-01 1.274783873486810677e+02
7.637946206068504384e-01 1.269436180202157942e+02
7.652031609161246140e-01 1.264109118422631468e+02
7.666142987637283301e-01 1.258802605177124860e+02
7.680280389398732588e-01 1.253516557900539823e+02
7.694443862436027848e-01 1.248250894431443072e+02
7.708633454828134335e-01 1.243005533009696819e+02
7.722849214742649737e-01 1.237780392274157748e+02
7.737091190436021781e-01 1.232575391260343594e+02
7.751359430253693672e-01 1.227390449398140220e+02
7.765653982630235097e-01 1.222225486509532288e+02
7.779974896089562053e-01 1.217080422806304938e+02
7.794322219245075622e-01 1.211955178887805715e+02
7.808696000799802972e-01 1.206849675738703382e+02
7.823096289546616067e-01 1.201763834726741038e+02
7.837523134368336031e-01 1.196697577600547646e+02
7.851976584237957413e-01 1.191650826487403947e+02
7.866456688218782523e-01 1.186623503891081128e+02
7.880963495464574642e-01 1.181615532689657897e+02
7.895497055219770077e-01 1.176626836133346501e+02
7.910057416819589182e-01 1.171657337842365223e+02
7.924644629690258402e-01 1.166706961804785152e+02
7.939258743349150160e-01 1.161775632374415181e+02
7.953899807404929412e-01 1.156863274268705339e+02
7.968567871557782345e-01 1.151969812629138801e+02
7.983262985599510753e-01 1.147095178003489764e+02
7.997985199413768509e-01 1.142239309863648202e+02
8.012734562976198127e-01 1.137402148656068874e+02
8.027511126354583970e-01 1.132583634936020047e+02
8.042314939709069854e-01 1.127783709367910774e+02
8.057146053292271182e-01 1.123002312725611347e+02
8.072004517449500316e-01 1.118239385892777449e+02
8.086890382618915352e-01 1.113494869863154975e+02
8.101803699331660003e-01 1.108768705740903897e+02
8.116744518212100079e-01 1.104060834740888026e+02
8.131712889977927849e-01 1.099371198188996033e+02
8.146708865440387415e-01 1.094699737522417138e+02
8.161732495504426810e-01 1.090046394289950200e+02
8.176783831168845662e-01 1.085411110152288643e+02
8.191862923526525009e-01 1.080793826882294724e+02
8.206969823764533878e-01 1.076194486365297820e+02
8.222104583164364655e-01 1.071613030599357757e+02
8.237267253102077413e-01 1.067049401695533817e+02
8.252457885048450903e-01 1.062503541878170097e+02
8.267676530569219029e-01 1.057975393485135953e+02
8.282923241325174102e-01 1.053464898968108940e+02
8.298198069072404426e-01 1.048972000892811849e+02
8.313501065662443068e-01 1.044496641939271626e+02
8.328832283042417739e-01 1.040038764902070767e+02
8.344191773255291711e-01 1.035598312690582503e+02
8.359579588439962627e-01 1.031175228329220488e+02
8.374995780831510084e-01 1.026769454957660628e+02
8.390440402761337735e-01 1.022380935831083519e+02
8.405913506657333167e-01 1.018009614320405518e+02
8.421415145044101047e-01 1.013655433912484796e+02
8.436945370543074141e-01 1.009318338210365056e+02
8.452504235872752014e-01 1.004998270933469371e+02
8.468091793848854243e-01 1.000695175917826703e+02
8.483708097384474733e-01 9.964089971162762538e+01
8.499353199490319311e-01 9.921396785986677003e+01
8.515027153274817850e-01 9.878871645520749212e+01
8.530730011944368529e-01 9.836513992809727824e+01
8.546461828803485483e-01 9.794323272074495890e+01
8.562222657254958680e-01 9.752298928713915416e+01
8.578012550800097058e-01 9.710440409306532672e+01
8.593831563038835109e-01 9.668747161612715502e+01
8.609679747669980454e-01 9.627218634576115619e+01
8.625557158491369281e-01 9.585854278325577127e+01
8.641463849400021768e-01 9.544653544176915716e+01
8.657399874392375239e-01 9.503615884634413646e+01
8.673365287564446247e-01 9.462740753392608895e+01
8.689360143111986012e-01 9.422027605337876821e+01
8.705384495330722450e-01 9.381475896549916627e+01
8.721438398616480070e-01 9.341085084303414021e+01
8.737521907465420901e-01 9.300854627069456626e+01
8.753635076474204357e-01 9.260783984516980638e+01
8.769777960340150447e-01 9.220872617514335445e+01
8.785950613861480685e-01 9.181119988130504339e+01
8.802153091937438001e-01 9.141525559636636444e+01
8.818385449568532097e-01 9.102088791257151001e+01
8.834647741856703762e-01 9.062809011855198094e+01
8.850940024005479190e-01 9.023685416124861547e+01
8.867262351320225333e-01 8.984717198178498165e+01
8.883614779208262036e-01 8.945903558121229082e+01
8.899997363179117382e-01 8.907243702004275576e+01
8.916410158844683131e-01 8.868736841778859059e+01
8.932853221919383468e-01 8.830382195250457755e+01
8.949326608220420365e-01 8.792178986033231070e+01
8.965830373667895703e-01 8.754126443505161603e+01
8.982364574285062186e-01 8.716223802763167328e+01
8.998929266198487653e-01 8.678470304578823402e+01
9.015524505638217168e-01 8.640865195354457740e+01
9.032150348938027262e-01 8.603407727079346046e+01
9.048806852535548062e-01 8.566097157286549191e+01
9.065494072972510864e-01 8.528932749009911163e+01
9.082212066894921332e-01 8.491913770741371081e+01
9.098960891053219369e-01 8.455039496388873488e+01
9.115740602302537798e-01 8.418309205234182002e+01
9.132551257602818939e-01 8.381722181891498735e+01
9.149392914019076617e-01 8.345277716265997014e+01
9.166265628721559366e-01 8.308975103512911176e+01
9.183169458985919187e-01 8.272813643996978783e+01
9.200104462193466892e-01 8.236792643251956747e+01
9.217070695831296456e-01 8.200911411940768403e+01
9.234068217492542585e-01 8.165169265815683275e+01
9.251097084876551691e-01 8.129565525678928850e+01
9.268157355789045093e-01 8.094099517343747152e+01
9.285249088142384366e-01 8.058770571595390209e+01
9.302372339955691238e-01 8.023578024152840271e+01
9.319527169355110718e-01 7.988521215630471772e+01
9.336713634573982068e-01 7.953599491500210661e+01
9.353931793953002005e-01 7.918812202054006377e+01
9.371181705940500040e-01 7.884158702366342197e+01
9.388463429092546164e-01 7.849638352257439067e+01
9.405777022073231741e-01 7.815250516256254798e+01
9.423122543654827155e-01 7.780994563564217970e+01
9.440500052717960555e-01 7.746869868018993088e+01
9.457909608251883204e-01 7.712875808058451810e+01
9.475351269354589379e-01 7.679011766685228224e+01
9.492825095233088373e-01 7.645277131431190298e+01
9.510331145203575476e-01 7.611671294322395909e+01
9.527869478691605165e-01 7.578193651844283352e+01
9.545440155232355339e-01 7.544843604907030965e+01
9.563043234470759435e-01 7.511620558811331705e+01
9.580678776161772880e-01 7.478523923214251568e+01
9.598346840170547400e-01 7.445553112095423387e+01
9.616047486472604211e-01 7.412707543723634274e+01
9.633780775154094922e-01 7.379986640623340577e+01
9.651546766411983613e-01 7.347389829541728545e+01
9.669345520554210038e-01 7.314916541415939832e+01
9.687177097999972730e-01 7.282566211340373741e+01
9.705041559279852237e-01 7.250338278534540848e+01
9.722938965036083125e-01 7.218232186310842735e+01
9.740869376022733839e-01 7.186247382042762410e+01
9.758832853105881000e-01 7.154383317133357423e+01
9.776829457263889189e-01 7.122639446983701816e+01
9.794859249587529737e-01 7.091015230961951943e+01
9.812922291280269382e-01 7.059510132372234636e+01
9.831018643658437917e-01 7.028123618424042718e+01
9.849148368151413591e-01 6.996855160201840818e+01
9.867311526301898450e-01 6.965704232634658410e+01
9.885508179766044901e-01 6.934670314466239915e+01
9.903738390313741036e-01 6.903752888225092477e+01
9.922002219828784941e-01 6.872951440194958650e+01
9.940299730309066772e-01 6.842265460385510778e+01
9.958630983866851860e-01 6.811694442503026892e+01
9.976996042728903946e-01 6.781237883921586729e+01
9.995394969236774951e-01 6.750895285654260647e+01
1.001382782584698372e+00 6.720666152324534437e+01
1.003229467513119255e+00 6.690549992138106461e+01
1.005079557977650140e+00 6.660546316854568261e+01
1.006933060258556889e+00 6.630654641759694812e+01
1.008789980647689877e+00 6.600874485637498879e+01
1.010650325448503084e+00 6.571205372707738945e+01
1.012514100976071418e+00 6.541646956077320851e+01
1.014381313557119801e+00 6.512199088386115875e+01
1.016251969530036270e+00 6.482861637375992814e+01
1.018126075244901063e+00 6.453634468040964123e+01
1.020003637063505053e+00 6.424517442658007838e+01
1.021884661359367064e+00 6.395510420817926445e+01
1.023769154517764735e+00 6.366613259455725427e+01
1.025657122935746068e+00 6.337825812881267495e+01
1.027548573022159850e+00 6.309147932809406711e+01
1.029443511197673411e+00 6.280579468390330078e+01
1.031341943894791058e+00 6.252120266239590052e+01
1.033243877557884494e+00 6.223770170467921048e+01
1.035149318643205030e+00 6.195529022711206579e+01
1.037058273618913340e+00 6.167396662160010123e+01
1.038970748965098334e+00 6.139372925589109542e+01
1.040886751173796032e+00 6.111457647386960446e+01
1.042806286749018874e+00 6.083650659584852605e+01
1.044729362206768819e+00 6.055951791886101887e+01
1.046655984075068213e+00 6.028360871694919609e+01
1.048586158893977549e+00 6.000877724145313863e+01
1.050519893215614564e+00 5.973502172129817467e+01
1.052457193604184660e+00 5.946234036327894046e+01
1.054398066635994224e+00 5.919073135234513217e+01
1.056342518899480609e+00 5.892019285188271738e+01
1.058290556995230336e+00 5.865072300399575056e+01
1.060242187536000191e+00 5.838231992978654716e+01
1.062197417146745426e+00 5.811498172963284503e+01
1.064156252464634189e+00 5.784870648346591793e+01
1.066118700139077946e+00 5.758349225104485214e+01
1.068084766831750798e+00 5.731933707223102914e+01
1.070054459216608134e+00 5.705623896726078925e+01
1.072027783979916382e+00 5.679419593701582869e+01
1.074004747820272776e+00 5.653320596329290737e+01
1.075985357448624002e+00 5.627326700907228485e+01
1.077969619588296846e+00 5.601437701878324305e+01
1.079957540975013064e+00 5.575653391857044738e+01
1.081949128356918699e+00 5.549973561655595944e+01
1.083944388494604505e+00 5.524398000310244328e+01
1.085943328161125265e+00 5.498926495107341594e+01
1.087945954142030880e+00 5.473558831609135922e+01
1.089952273235379909e+00 5.448294793679679060e+01
1.091962292251771105e+00 5.423134163510285077e+01
1.093976018014362728e+00 5.398076721644997633e+01
1.095993457358892753e+00 5.373122247005976249e+01
1.098014617133709070e+00 5.348270516918509543e+01
1.100039504199784801e+00 5.323521307136113023e+01
1.102068125430749168e+00 5.298874391865244604e+01
1.104100487712907031e+00 5.274329543790089048e+01
1.106136597945258870e+00 5.249886534097055346e+01
1.108176463039532988e+00 5.225545132499089362e+01
1.110220089920198827e+00 5.201305107259996419e+01
1.112267485524498944e+00 5.177166225218417850e+01
1.114318656802469665e+00 5.153128251811756400e+01
1.116373610716959730e+00 5.129190951099994322e+01
1.118432354243663829e+00 5.105354085789197427e+01
1.120494894371135475e+00 5.081617417255078806e+01
1.122561238100820091e+00 5.057980705566149027e+01
1.124631392447073885e+00 5.034443709506970066e+01
1.126705364437186052e+00 5.011006186601112944e+01
1.128783161111408750e+00 4.987667893133906460e+01
1.130864789522973313e+00 4.964428584175239934e+01
1.132950256738121331e+00 4.941288013601977269e+01
1.135039569836125750e+00 4.918245934120334795e+01
1.137132735909310632e+00 4.895302097288166721e+01
1.139229762063084683e+00 4.872456253536888227e+01
1.141330655415954576e+00 4.849708152193525734e+01
1.143435423099558257e+00 4.827057541502304616e+01
1.145544072258685597e+00 4.804504168646345619e+01
1.147656610051298820e+00 4.782047779769072804e+01
1.149773043648564474e+00 4.759688119995461619e+01
1.151893380234869868e+00 4.737424933453225151e+01
1.154017627007854152e+00 4.715257963293721133e+01
1.156145791178430526e+00 4.693186951712782218e+01
1.158277879970806001e+00 4.671211639971436824e+01
1.160413900622514927e+00 4.649331768416324451e+01
1.162553860384434090e+00 4.627547076500138701e+01
1.164697766520815136e+00 4.605857302801768327e+01
1.166845626309306105e+00 4.584262185046360827e+01
1.168997447040972304e+00 4.562761460125256718e+01
1.171153236020329835e+00 4.541354864115655943e+01
1.173313000565360031e+00 4.520042132300294924e+01
1.175476748007543870e+00 4.498822999186792515e+01
1.177644485691881737e+00 4.477697198527017974e+01
1.179816220976916519e+00 4.456664463336181825e+01
1.181991961234763799e+00 4.435724525911827243e+01
1.184171713851135177e+00 4.414877117852621780e+01
1.186355486225358469e+00 4.394121970077133454e+01
1.188543285770412128e+00 4.373458812842238075e+01
1.190735119912939455e+00 4.352887375761615374e+01
1.192930996093283902e+00 4.332407387823881351e+01
1.195130921765509724e+00 4.312018577410688636e+01
1.197334904397423516e+00 4.291720672314726670e+01
1.199542951470609076e+00 4.271513399757382956e+01
1.201755070480441390e+00 4.251396486406491704e+01
1.203971268936122385e+00 4.231369658393721522e+01
1.206191554360701801e+00 4.211432641331963111e+01
1.208415934291098948e+00 4.191585160332503790e+01
1.210644416278137347e+00 4.171826940022057784e+01
1.212877007886560277e+00 4.152157704559685669e+01
1.215113716695065404e+00 4.132577177653492839e+01
1.217354550296326110e+00 4.113085082577265439e+01
1.219599516297014130e+00 4.093681141814215607e+01
1.221848622317833755e+00 4.074364885986131668e+01
1.224101875993538480e+00 4.055135347681198255e+01
1.226359284972964314e+00 4.035991491106819495e+01
1.228620856919053317e+00 4.016932294547401483e+01
1.230886599508874912e+00 3.997956750218943256e+01
1.233156520433661196e+00 3.979063864125812700e+01
1.235430627398822923e+00 3.960252655919892106e+01
1.237708928123984586e+00 3.941522158761728178e+01
1.239991430343006629e+00 3.922871419183938713e+01
1.242278141804007641e+00 3.904299496956718940e+01
1.244569070269400557e+00 3.885805464955270594e+01
1.246864223515907533e+00 3.867388409029420160e+01
1.249163609334596137e+00 3.849047427875034089e+01
1.251467235530901778e+00 3.830781632907505951e+01
1.253775109924650133e+00 3.812590148137106638e+01
1.256087240350092893e+00 3.794472110046061175e+01
1.258403634655923975e+00 3.776426667467679010e+01
1.260724300705315271e+00 3.758452981467040388e+01
1.263049246375939516e+00 3.740550225223557845e+01
1.265378479559992719e+00 3.722717583915222406e+01
1.267712008164231019e+00 3.704954254604481179e+01
1.270049840109985784e+00 3.687259446125827367e+01
1.272391983333200471e+00 3.669632378974912257e+01
1.274738445784453722e+00 3.652072285199260904e+01
1.277089235428982006e+00 3.634578408290602880e+01
1.279444360246715817e+00 3.617150003078538134e+01
1.281803828232297215e+00 3.599786335625862677e+01
1.284167647395114464e+00 3.582486683125166138e+01
1.286535825759326679e+00 3.565250333796969073e+01
1.288908371363886696e+00 3.548076586789174769e+01
1.291285292262577489e+00 3.530964752077858293e+01
1.293666596524029044e+00 3.513914150369432576e+01
1.296052292231754555e+00 3.496924113004007495e+01
1.298442387484175065e+00 3.479993981860108221e+01
1.300836890394641454e+00 3.463123109260562416e+01
1.303235809091472630e+00 3.446310857879576872e+01
1.305639151717971291e+00 3.429556600651087450e+01
1.308046926432462342e+00 3.412859720678079611e+01
1.310459141408314876e+00 3.396219611143179407e+01
1.312875804833967042e+00 3.379635675220326618e+01
1.315296924912961796e+00 3.363107325987383689e+01
1.317722509863970437e+00 3.346633986339912781e+01
1.320152567920816589e+00 3.330215088905960386e+01
1.322587107332513501e+00 3.313850075961707375e+01
1.325026136363280926e+00 3.297538399348261606e+01
1.327469663292583979e+00 3.281279520389226434e+01
1.329917696415155115e+00 3.265072909809272517e+01
1.332370244041020335e+00 3.248918047653615560e+01
1.334827314495534933e+00 3.232814423208268551e+01
1.337288916119402593e+00 3.216761534921240440e+01
1.339755057268712246e+00 3.200758890324487993e+01
1.342225746314962054e+00 3.184806005956686548e+01
1.344700991645085386e+00 3.168902407286820022e+01
1.347180801661486349e+00 3.153047628638409350e+01
1.349665184782059990e+00 3.137241213114634419e+01
1.352154149440228270e+00 3.121482712524019476e+01
1.354647704084966264e+00 3.105771687306896922e+01
1.357145857180825255e+00 3.090107706462541515e+01
1.359648617207972254e+00 3.074490347476865537e+01
1.362155992662207327e+00 3.058919196250900541e+01
1.364667992055001777e+00 3.043393847029717847e+01
1.367184623913523689e+00 3.027913902332042539e+01
1.369705896780661902e+00 3.012478972880471417e+01
1.372231819215064874e+00 2.997088677532098799e+01
1.374762399791159329e+00 2.981742643209868504e+01
1.377297647099188227e+00 2.966440504834253744e+01
1.379837569745235859e+00 2.951181905255582905e+01
1.382382176351253822e+00 2.935966495186788450e+01
1.384931475555098768e+00 2.920793933136578602e+01
1.387485476010551055e+00 2.905663885343160402e+01
1.390044186387354497e+00 2.890576025708274344e+01
1.392607615371240781e+00 2.875530035731721057e+01
1.395175771663954789e+00 2.860525604446305792e+01
1.397748663983294781e+00 2.845562428353037987e+01
1.400326301063129719e+00 2.830640211356874048e+01
1.402908691653439455e+00 2.815758664702651615e+01
1.405495844520339821e+00 2.800917506911447319e+01
1.408087768446108390e+00 2.786116463717274527e+01
1.410684472229224440e+00 2.771355268003974714e+01
1.413285964684386498e+00 2.756633659742555764e+01
1.415892254642553194e+00 2.741951385928657103e+01
1.418503350950969022e+00 2.727308200520388581e+01
1.421119262473188760e+00 2.712703864376390683e+01
1.423739998089119441e+00 2.698138145194076287e+01
1.426365566695037668e+00 2.683610817448199626e+01
1.428995977203630252e+00 2.669121662329534672e+01
1.431631238544020190e+00 2.654670467683819624e+01
1.434271359661793088e+00 2.640257027950890034e+01
1.436916349519036684e+00 2.625881144103913556e+01
1.439566217094360168e+00 2.611542623588906764e+01
1.442220971382935701e+00 2.597241280264276497e+01
1.444880621396522402e+00 2.582976934340591413e+01
1.447545176163495206e+00 2.568749412320482506e+01
1.450214644728883950e+00 2.554558546938576669e+01
1.452889036154392244e+00 2.540404177101673611e+01
1.455568359518440102e+00 2.526286147828883699e+01
1.458252623916189039e+00 2.512204310191944145e+01
1.460941838459568265e+00 2.498158521255618325e+01
1.463636012277315990e+00 2.484148644018091190e+01
1.466335154515004291e+00 2.470174547351488314e+01
1.469039274335067091e+00 2.456236105942461379e+01
1.471748380916840349e+00 2.442333200232732437e+01
1.474462483456582484e+00 2.428465716359772841e+01
1.477181591167515240e+00 2.414633546097432770e+01
1.479905713279851431e+00 2.400836586796635430e+01
1.482634859040820041e+00 2.387074741326078708e+01
1.485369037714710183e+00 2.373347918012894908e+01
1.488108258582889087e+00 2.359656030583386155e+01
1.490852530943844512e+00 2.345998998103674182e+01
1.493601864113212274e+00 2.332376744920356515e+01
1.496356267423802455e+00 2.318789200601213096e+01
1.499115750225642696e+00 2.305236299875722139e+01
1.501880321885997072e+00 2.291717982575727675e+01
1.504649991789408059e+00 2.278234193575917743e+01
1.507424769337725845e+00 2.264784882734324256e+01
1.510204663950132975e+00 2.251370004832802962e+01
1.512989685063189205e+00 2.237989519517350701e+01
1.515779842130850152e+00 2.224643391238494416e+01
1.518575144624510376e+00 2.211331589191483005e+01
1.521375602033031127e+00 2.198054087256512901e+01
1.524181223862767665e+00 2.184810863938854553e+01
1.526992019637612330e+00 2.171601911448123801e+01
1.529807998899014754e+00 2.158427630184563384e+01
1.532629171206024932e+00 2.145288967664296820e+01
1.535455546135320981e+00 2.132186892306892645e+01
1.538287133281237118e+00 2.119122352544697918e+01
1.541123942255806956e+00 2.106096276935427625e+01
1.543965982688783933e+00 2.093109574278994600e+01
1.546813264227684170e+00 2.080163133738234293e+01
1.549665796537815998e+00 2.067257824963545687e+01
1.552523589302306606e+00 2.054394498221295251e+01
1.555386652222146449e+00 2.041573984525754426e+01
1.558254995016209676e+00 2.028797095774629256e+01
1.561128627421298320e+00 2.016064624887870949e+01
1.564007559192170271e+00 2.003377345949774124e+01
1.566891800101567256e+00 1.990736014354224537e+01
1.569781359940260579e+00 1.978141366952870683e+01
1.572676248517069997e+00 1.965594122206283956e+01
1.575576475658908793e+00 1.953094980337797182e+01
1.578482051210812642e+00 1.940644623490050336e+01
1.581392985035968035e+00 1.928243715884081055e+01
1.584309287015757128e+00 1.915892903980791573e+01
1.587230967049777508e+00 1.903592816644808394e+01
1.590158035055888375e+00 1.891344065310455846e+01
1.593090500970238521e+00 1.879147244149917029e+01
1.596028374747296086e+00 1.867002930243338099e+01
1.598971666359892296e+00 1.854911683750818341e+01
1.601920385799243451e+00 1.842874048086214955e+01
1.604874543074995996e+00 1.830890550092579971e+01
1.607834148215255166e+00 1.818961700219217548e+01
1.610799211266614961e+00 1.807087992700239099e+01
1.613769742294203002e+00 1.795269905734424043e+01
1.616745751381701401e+00 1.783507901666474282e+01
1.619727248631393612e+00 1.771802427169372152e+01
1.622714244164192410e+00 1.760153913427889449e+01
1.625706748119670308e+00 1.748562776323143098e+01
1.628704770656103307e+00 1.737029416617965438e+01
1.631708321950500862e+00 1.725554220143233408e+01
1.634717412198635200e+00 1.714137557984881610e+01
1.637732051615087281e+00 1.702779786671572637e+01
1.640752250433268777e+00 1.691481248363032819e+01
1.643778018905468041e+00 1.680242271038776636e+01
1.646809367302880078e+00 1.669063168687355514e+01
1.649846305915636524e+00 1.657944241495927429e+01
1.652888845052851385e+00 1.646885776040061700e+01
1.655936995042644355e+00 1.635888045473820895e+01
1.658990766232185887e+00 1.624951309719877912e+01
1.662050168987728282e+00 1.614075815659777646e+01
1.665115213694635443e+00 1.603261797324155324e+01
1.668185910757430390e+00 1.592509476082833508e+01
1.671262270599816135e+00 1.581819060834881974e+01
1.674344303664723865e+00 1.571190748198343812e+01
1.677432020414342917e+00 1.560624722699792599e+01
1.680525431330151198e+00 1.550121156963536073e+01
1.683624546912962705e+00 1.539680211900384776e+01
1.686729377682949282e+00 1.529302036896061168e+01
1.689839934179689029e+00 1.518986769999018982e+01
1.692956226962195831e+00 1.508734538107772494e+01
1.696078266608951335e+00 1.498545457157616489e+01
1.699206063717951354e+00 1.488419632306631257e+01
1.702339628906729851e+00 1.478357158121064252e+01
1.705478972812405569e+00 1.468358118759880959e+01
1.708624106091713779e+00 1.458422588158558852e+01
1.711775039421036926e+00 1.448550630212051971e+01
1.714931783496453033e+00 1.438742298956798749e+01
1.718094349033758128e+00 1.428997638751882171e+01
1.721262746768515095e+00 1.419316684459145606e+01
1.724436987456084536e+00 1.409699461622348693e+01
1.727617081871655857e+00 1.400145986645274654e+01
1.730803040810296789e+00 1.390656266968700727e+01
1.733994875086975362e+00 1.381230301246331038e+01
1.737192595536609430e+00 1.371868079519500228e+01
1.740396213014097304e+00 1.362569583390746963e+01
1.743605738394350402e+00 1.353334786196159278e+01
1.746821182572342090e+00 1.344163653176450168e+01
1.750042556463130117e+00 1.335056141646810879e+01
1.753269871001906344e+00 1.326012201165407056e+01
1.756503137144029170e+00 1.317031773700594677e+01
1.759742365865053948e+00 1.308114793796782749e+01
1.762987568160784280e+00 1.299261188738885409e+01
1.766238755047294218e+00 1.290470878715436776e+01
1.769495937560978005e+00 1.281743776980237293e+01
1.772759126758582937e+00 1.273079790012594259e+01
1.776028333717240670e+00 1.264478817676121558e+01
1.779303569534517848e+00 1.255940753376019359e+01
1.782584845328439638e+00 1.247465484214929532e+01
1.785872172237539246e+00 1.239052891147226632e+01
1.789165561420891226e+00 1.230702849131831123e+01
1.792465024058143452e+00 1.222415227283502404e+01
1.795770571349567968e+00 1.214189889022525648e+01
1.799082214516083855e+00 1.206026692222937413e+01
1.802399964799308973e+00 1.197925489359094620e+01
1.805723833461592154e+00 1.189886127650728120e+01
1.809053831786046285e+00 1.181908449206416734e+01
1.812389971076596717e+00 1.173992291165423119e+01
1.815732262658015461e+00 1.166137485837971965e+01
1.819080717875952713e+00 1.158343860843939410e+01
1.822435348096989705e+00 1.150611239249872852e+01
1.825796164708661129e+00 1.142939439704482396e+01
1.829163179119507765e+00 1.135328276572439954e+01
1.832536402759109118e+00 1.127777560066609652e+01
1.835915847078117169e+00 1.120287096378658553e+01
1.839301523548307005e+00 1.112856687808005951e+01
1.842693443662602792e+00 1.105486132889211248e+01
1.846091618935128187e+00 1.098175226517682468e+01
1.849496060901240524e+00 1.090923760073812510e+01
1.852906781117564572e+00 1.083731521545482757e+01
1.856323791162044046e+00 1.076598295648930836e+01
1.859747102633967142e+00 1.069523863948053410e+01
1.863176727154017609e+00 1.062508004972043985e+01
1.866612676364309609e+00 1.055550494331471967e+01
1.870054961928421688e+00 1.048651104832755543e+01
1.873503595531448518e+00 1.041809606591007764e+01
1.876958588880026424e+00 1.035025767141353192e+01
1.880419953702385794e+00 1.028299351548601770e+01
1.883887701748385934e+00 1.021630122515389871e+01
1.887361844789548382e+00 1.015017840488757450e+01
1.890842394619110634e+00 1.008462263765126643e+01
1.894329363052050796e+00 1.001963148593785569e+01
1.897822761925141322e+00 9.955202492787815771e+00
1.901322603096983199e+00 9.891333182793136558e+00
1.904828898448040375e+00 9.828021063086072928e+00
1.908341659880693930e+00 9.765263624312430224e+00
1.911860899319266505e+00 9.703058341590335090e+00
1.915386628710076700e+00 9.641402675453635496e+00
1.918918860021474382e+00 9.580294072780844772e+00
1.922457605243873546e+00 9.519729530654538863e+00
1.926002876389809160e+00 9.459695768164360530e+00
1.929554685493960475e+00 9.400169388546578020e+00
1.933113044613206100e+00 9.341127047972602071e+00
1.936677965826659520e+00 9.282545917981860129e+00
1.940249461235703743e+00 9.224403675660704849e+00
1.943827542964046140e+00 9.166678494353529771e+00
1.947412223157743982e+00 9.109349034888220231e+00
1.951003513985259508e+00 9.052394437296729990e+00
1.954601427637495004e+00 8.995794313014108923e+00
1.958205976327828557e+00 8.939528737538145364e+00
1.961817172292169786e+00 8.883578243532816998e+00
1.965435027788984268e+00 8.827923814359779797e+00
1.969059555099350378e+00 8.772546878020907712e+00
1.972690766526994377e+00 8.717429301497176652e+00
1.976328674398325935e+00 8.662553385468015676e+00
1.979973291062494534e+00 8.607901859395953537e+00
1.983624628891414998e+00 8.553457876962442086e+00
1.987282700279824121e+00 8.499205011839572776e+00
1.990947517645315745e+00 8.445127253783999421e+00
1.994619093428377399e+00 8.391209005038929192e+00
1.998297440092444699e+00 8.337435077029960340e+00
2.001982570123937766e+00 8.283790687341626935e+00
2.005674496032297416e+00 8.230261456961086353e+00
2.009373230350040895e+00 8.176833407775198737e+00
2.013078785632789192e+00 8.123492960308579924e+00
2.016791174459324321e+00 8.070226931688845085e+00
2.020510409431624854e+00 8.017022533826798636e+00
2.024236503174902779e+00 7.963867371798481365e+00
2.027969468337661230e+00 7.910749442416187271e+00
2.031709317591720687e+00 7.857657132976543224e+00
2.035456063632275825e+00 7.804579220172392695e+00
2.039209719177933255e+00 7.751504869156669031e+00
2.042970296970748389e+00 7.698423632745795331e+00
2.046737809776283168e+00 7.645325450750044993e+00
2.050512270383631819e+00 7.592200649419419634e+00
2.054293691605480809e+00 7.539039940992034339e+00
2.058082086278143930e+00 7.485834423333801446e+00
2.061877467261600927e+00 7.432575579657184406e+00
2.065679847439555239e+00 7.379255278306651178e+00
2.069489239719461970e+00 7.325865772599954973e+00
2.073305657032585181e+00 7.272399700712563586e+00
2.077129112334035188e+00 7.218850085594180399e+00
2.080959618602807648e+00 7.165210334905572687e+00
2.084797188841842619e+00 7.111474240963820748e+00
2.088641836078048541e+00 7.057635980685407873e+00
2.092493573362366188e+00 7.003690115514636716e+00
2.096352413769801970e+00 6.949631591327227298e+00
2.100218370399468792e+00 6.895455738297298076e+00
2.104091456374645119e+00 6.841158270716567458e+00
2.107971684842801174e+00 6.786735286755569696e+00
2.111859068975659781e+00 6.732183268155139011e+00
2.115753621969233667e+00 6.677499079838248974e+00
2.119655357043865429e+00 6.622679969431331415e+00
2.123564287444284826e+00 6.567723566684588121e+00
2.127480426439639416e+00 6.512627882781507616e+00
2.131403787323552290e+00 6.457391309527025669e+00
2.135334383414162929e+00 6.402012618404888222e+00
2.139272228054163616e+00 6.346490959494596851e+00
2.143217334610861613e+00 6.290825860237958089e+00
2.147169716476206691e+00 6.235017224046901063e+00
2.151129387066851528e+00 6.179065328742753493e+00
2.155096359824190788e+00 6.122970824818914082e+00
2.159070648214400645e+00 6.066734733518266864e+00
2.163052265728499179e+00 6.010358444716868753e+00
2.167041225882375244e+00 5.953843714606834148e+00
2.171037542216848859e+00 5.897192663169973592e+00
2.175041228297712070e+00 5.840407771435676132e+00
2.179052297715766251e+00 5.783491878516032969e+00
2.183070764086886495e+00 5.726448178411167156e+00
2.187096641052046486e+00 5.669280216579707599e+00
2.191129942277384224e+00 5.611991886267361451e+00
2.195170681454239325e+00 5.554587424589434441e+00
2.199218872299192551e+00 5.497071408361811073e+00
2.203274528554130196e+00 5.439448749675581674e+00
2.207337663986269849e+00 5.381724691212330214e+00
2.211408292388226560e+00 5.323904801295189948e+00
2.215486427578048811e+00 5.265994968673704868e+00
2.219572083399262041e+00 5.208001397039310199e+00
2.223665273720926816e+00 5.149930599269202602e+00
2.227766012437681020e+00 5.091789391397401943e+00
2.231874313469778048e+00 5.033584886311831319e+00
2.235990190763152974e+00 4.975324487176335353e+00
2.240113658289448750e+00 4.917015880578620823e+00
2.244244730046080605e+00 4.858667029403568094e+00
2.248383420056277782e+00 4.800286165433840679e+00
2.252529742369122623e+00 4.741881781679208707e+00
2.256683711059615849e+00 4.683462624436444344e+00
2.260845340228703648e+00 4.625037685083412953e+00
2.265014644003345179e+00 4.566616191609822906e+00
2.269191636536549872e+00 4.508207599889463957e+00
2.273376332007421841e+00 4.449821584698064214e+00
2.277568744621221164e+00 4.391468030481815887e+00
2.281768888609395862e+00 4.333157021882917626e+00
2.285976778229645401e+00 4.274898834027649031e+00
2.290192427765962879e+00 4.216703922584720488e+00
2.294415851528675443e+00 4.158582913601000186e+00
2.298647063854509565e+00 4.100546593122466277e+00
2.302886079106622130e+00 4.042605896609797966e+00
2.307132911674663944e+00 3.984771898156944214e+00
2.311387575974821917e+00 3.927055799523133661e+00
2.315650086449862144e+00 3.869468918988390183e+00
2.319920457569194294e+00 3.812022680043106071e+00
2.324198703828902257e+00 3.754728599923756516e+00
2.328484839751808533e+00 3.697598278005767902e+00
2.332778879887519974e+00 3.640643384066496679e+00
2.337080838812465533e+00 3.583875646431075257e+00
2.341390731129965985e+00 3.527306840013844980e+00
2.345708571470262349e+00 3.470948774269954296e+00
2.350034374490583389e+00 3.414813281070252060e+00
2.354368154875186914e+00 3.358912202514773959e+00
2.358709927335404632e+00 3.303257378699207436e+00
2.363059706609706545e+00 3.247860635449371980e+00
2.367417507463733362e+00 3.192733772039794804e+00
2.371783344690362227e+00 3.137888548911264230e+00
2.376157233109750244e+00 3.083336675404122484e+00
2.380539187569378878e+00 3.029089797523127903e+00
2.384929222944119243e+00 2.975159485750049626e+00
2.389327354136263182e+00 2.921557222921208563e+00
2.393733596075592995e+00 2.868294392185748887e+00
2.398147963719423181e+00 2.815382265062106537e+00
2.402570472052643513e+00 2.762831989609189076e+00
2.407001136087788318e+00 2.710654578728696862e+00
2.411439970865067561e+00 2.658860898616162149e+00
2.415886991452434351e+00 2.607461657376506370e+00
2.420342212945628457e+00 2.556467724578771694e+00
2.424805650468222495e+00 2.505896578842325972e+00
2.429277319171686766e+00 2.455771284171144320e+00
2.433757234235425226e+00 2.406113877268730938e+00
2.438245410866840324e+00 2.356945116631325998e+00
2.442741864301380517e+00 2.308284500360070712e+00
2.447246609802581130e+00 2.260150285682815063e+00
2.451759662662137629e+00 2.212559510059021406e+00
2.456281038199933597e+00 2.165528013744455915e+00
2.460810751764113569e+00 2.119070463692363404e+00
2.465348818731125213e+00 2.073200378672171773e+00
2.469895254505765081e+00 2.027930155487958519e+00
2.474450074521245657e+00 1.983271096182258164e+00
2.479013294239240661e+00 1.939233436114260689e+00
2.483584929149929454e+00 1.895826372804156890e+00
2.488164994772067651e+00 1.853058095438895547e+00
2.492753506653019535e+00 1.810935814938910760e+00
2.497350480368827785e+00 1.769465794487978361e+00
2.501955931524260102e+00 1.728653380433329501e+00
2.506569875752853171e+00 1.688503033466421943e+00
2.511192328716985500e+00 1.649018359998592587e+00
2.515823306107907165e+00 1.610202143650872220e+00
2.520462823645814421e+00 1.572056376779774833e+00
2.525110897079892336e+00 1.534582291966553269e+00
2.529767542188362306e+00 1.497780393400329757e+00
2.534432774778553554e+00 1.461650488089914157e+00
2.539106610686935550e+00 1.426191716843693280e+00
2.543789065779189951e+00 1.391402584959858801e+00
2.548480155950257231e+00 1.357280992574368961e+00
2.553179897124382869e+00 1.323824264617095903e+00
2.557888305255187511e+00 1.291029180330505843e+00
2.562605396325703833e+00 1.258892002309498492e+00
2.567331186348446703e+00 1.227408505023724894e+00
2.572065691365459372e+00 1.196574002788116431e+00
2.576808927448362319e+00 1.166383377150201017e+00
2.581560910698423861e+00 1.136831103666096743e+00
2.586321657246594352e+00 1.107911278040810465e+00
2.591091183253580787e+00 1.079617641610596479e+00
2.595869504909892100e+00 1.051943606149106092e+00
2.600656638435886681e+00 1.024882277981106204e+00
2.605452600081846093e+00 9.984264813904274449e-01
2.610257406128008828e+00 9.725687813118156777e-01
2.615071072884645353e+00 9.473015052979599782e-01
2.619893616692102967e+00 9.226167647561558383e-01
2.624725053920855533e+00 8.985064754506792983e-01
2.629565400971577649e+00 8.749623772690288126e-01
2.634414674275176615e+00 8.519760532526358121e-01
2.639272890292869711e+00 8.295389478936638916e-01
2.644140065516230820e+00 8.076423847019578162e-01
2.649016216467238394e+00 7.862775830473618388e-01
2.653901359698350504e+00 7.654356742839777406e-01
2.658795511792538591e+00 7.451077171648440300e-01
2.663698689363364736e+00 7.252847125559899188e-01
2.668610909055027847e+00 7.059576174606235766e-01
2.673532187542412952e+00 6.871173583648590988e-01
2.678462541531166696e+00 6.687548439172763537e-01
2.683401987757732421e+00 6.508609769558663105e-01
2.688350542989425662e+00 6.334266658960177043e-01
2.693308224024483888e+00 6.164428354944767596e-01
2.698275047692113571e+00 5.999004370044020984e-01
2.703251030852567904e+00 5.837904577370935932e-01
2.708236190397181442e+00 5.681039300468152531e-01
2.713230543248447812e+00 5.528319397548617786e-01
2.718234106360066793e+00 5.379656340298624162e-01
2.723246896716995824e+00 5.234962287411711879e-01
2.728268931335525060e+00 5.094150153023778715e-01
2.733300227263314230e+00 4.957133670223527466e-01
2.738340801579469908e+00 4.823827449808075762e-01
2.743390671394594360e+00 4.694147034458317491e-01
2.748449853850836178e+00 4.568008948504722055e-01
2.753518366121964878e+00 4.445330743454277700e-01
2.758596225413419756e+00 4.326031039448929305e-01
2.763683448962361844e+00 4.210029562823058291e-01
2.768780054037750737e+00 4.097247179924954352e-01
2.773886057940381011e+00 3.987605927367525727e-01
2.779001478002960823e+00 3.881029038867166991e-01
2.784126331590162096e+00 3.777440968830415580e-01
2.789260636098670698e+00 3.676767412842849025e-01
2.794404408957266828e+00 3.578935325211325402e-01
2.799557667626858759e+00 3.483872933709522557e-01
2.804720429600564557e+00 3.391509751669686823e-01
2.809892712403761816e+00 3.301776587563357013e-01
2.815074533594138728e+00 3.214605552207660533e-01
2.820265910761774020e+00 3.129930063730295142e-01
2.825466861529172036e+00 3.047684850423984515e-01
2.830677403551346227e+00 2.967805951614364557e-01
2.835897554515866226e+00 2.890230716664324850e-01
2.841127332142912021e+00 2.814897802231540735e-01
2.846366754185353898e+00 2.741747167892307768e-01
2.851615838428789296e+00 2.670720070242236233e-01
2.856874602691622744e+00 2.601759055577803625e-01
2.862143064825118710e+00 2.534807951261137116e-01
2.867421242713453111e+00 2.469811855865034766e-01
2.872709154273794585e+00 2.406717128191271371e-01
2.878006817456340460e+00 2.345471375252718427e-01
2.883314250244401133e+00 2.286023439303862259e-01
2.888631470654450251e+00 2.228323384002694196e-01
2.893958496736176222e+00 2.172322479781807758e-01
2.899295346572567045e+00 2.117973188503195769e-01
2.904642038279944938e+00 2.065229147468644888e-01
2.909998590008051167e+00 2.014045152852510512e-01
2.915365019940096225e+00 1.964377142622073247e-01
2.920741346292815344e+00 1.916182179006167829e-01
2.926127587316548873e+00 1.869418430569849687e-01
2.931523761295281805e+00 1.824045153950531462e-01
2.936929886546725488e+00 1.780022675306699442e-01
2.942345981422372247e+00 1.737312371528852151e-01
2.947772064307548678e+00 1.695876651258489687e-01
2.953208153621496468e+00 1.655678935758535808e-01
2.958654267817415029e+00 1.616683639676499418e-01
2.964110425382541436e+00 1.578856151738247948e-01
2.969576644838206825e+00 1.542162815408792131e-01
2.975052944739887906e+00 1.506570909553574256e-01
2.980539343677293562e+00 1.472048629131541275e-01
2.986035860274401266e+00 1.438565065949783117e-01
2.991542513189543673e+00 1.406090189506479238e-01
2.997059321115461472e+00 1.374594827947972775e-01
3.002586302779358451e+00 1.344050649163308353e-01
3.008123476942985430e+00 1.314430142037804061e-01
3.013670862402681561e+00 1.285706597886066560e-01
3.019228477989456039e+00 1.257854092082585917e-01
3.024796342569047169e+00 1.230847465907066174e-01
3.030374475041973881e+00 1.204662308619973005e-01
3.035962894343622764e+00 1.179274939782279374e-01
3.041561619444286713e+00 1.154662391832583096e-01
3.047170669349252847e+00 1.130802193452974114e-01
3.052790063098856699e+00 1.107668890807003564e-01
3.058419819768535941e+00 1.085234797300050347e-01
3.064059958468916101e+00 1.063473308764323888e-01
3.069710498345866512e+00 1.042358964319919645e-01
3.075371458580552275e+00 1.021867391129227670e-01
3.081042858389525740e+00 1.001975252084175289e-01
3.086724717024763365e+00 9.826601962585368444e-02
3.092417053773754976e+00 9.639008119673291020e-02
3.098119887959558394e+00 9.456765822855002501e-02
3.103833238940857608e+00 9.279678428867459139e-02
3.109557126112048042e+00 9.107557420718245811e-02
3.115291568903278741e+00 8.940222028638611373e-02
3.121036586780539857e+00 8.777498870550544396e-02
3.126792199245720383e+00 8.619221610966221192e-02
3.132558425836662330e+00 8.465230637299740735e-02
3.138335286127252655e+00 8.315372752630791064e-02
3.144122799727460560e+00 8.169500884021300979e-02
3.149920986283429869e+00 8.027473805533129336e-02
3.155729865477533647e+00 7.889155875150030695e-02
3.161549457028432375e+00 7.754416784850760858e-02
3.167379780691163660e+00 7.623131323124203440e-02
3.173220856257183087e+00 7.495179149260798590e-02
3.179072703554453483e+00 7.370444578789449308e-02
3.184935342447503537e+00 7.248816379468861482e-02
3.190808792837485530e+00 7.130187577273804089e-02
3.196693074662264156e+00 7.014455271849025231e-02
3.202588207896460037e+00 6.901520460935213486e-02
3.208494212551539437e+00 6.791287873296367184e-02
3.214411108675871542e+00 6.683665809707715899e-02
3.220338916354788417e+00 6.578565991585814954e-02
3.226277655710675596e+00 6.475903416866148066e-02
3.232227346903012943e+00 6.375596222756978182e-02
3.238188010128467464e+00 6.277565555016292875e-02
3.244159665620951927e+00 6.181735443420537796e-02
3.250142333651682591e+00 6.088032683110753546e-02
3.256136034529272028e+00 5.996386721518287555e-02
3.262140788599771746e+00 5.906729550590855693e-02
3.268156616246763679e+00 5.818995604051545312e-02
3.274183537891420137e+00 5.733121659440870016e-02
3.280221573992561979e+00 5.649046744703423856e-02
3.286270745046753206e+00 5.566712049093656967e-02
3.292331071588342706e+00 5.486060838188640265e-02
3.298402574189557068e+00 5.407038372804711529e-02
3.304485273460561423e+00 5.329591831627692594e-02
3.310579190049518505e+00 5.253670237375078489e-02
3.316684344642682358e+00 5.179224386317989037e-02
3.322800757964441853e+00 5.106206781000908329e-02
3.328928450777414838e+00 5.034571566003612220e-02
3.335067443882507199e+00 4.964274466599672558e-02
3.341217758118976366e+00 4.895272730171907477e-02
3.347379414364521466e+00 4.827525070252609851e-02
3.353552433535330835e+00 4.760991613063866867e-02
3.359736836586174835e+00 4.695633846437884812e-02
3.365932644510467142e+00 4.631414571005085939e-02
3.372139878340325581e+00 4.568297853541999215e-02
3.378358559146665385e+00 4.506248982376376278e-02
3.384588708039258709e+00 4.445234424753042451e-02
3.390830346166795906e+00 4.385221786067459299e-02
3.397083494716983676e+00 4.326179770878733205e-02
3.403348174916586366e+00 4.268078145619107894e-02
3.409624408031525444e+00 4.210887702918970216e-02
3.415912215366937676e+00 4.154580227472393084e-02
3.422211618267240407e+00 4.099128463370106668e-02
3.428522638116226595e+00 4.044506082830742061e-02
3.434845296337109222e+00 3.990687656265155814e-02
3.441179614392619879e+00 3.937648623609994736e-02
3.447525613785069609e+00 3.885365266871352447e-02
3.453883316056412411e+00 3.833814683820895713e-02
3.460252742788342495e+00 3.782974762789511475e-02
3.466633915602340466e+00 3.732824158506877626e-02
3.473026856159768361e+00 3.683342268936227321e-02
3.479431586161937151e+00 3.634509213057211113e-02
3.485848127350165360e+00 3.586305809550931201e-02
3.492276501505880759e+00 3.538713556343176664e-02
3.498716730450664336e+00 3.491714610964729432e-02
3.505168836046349323e+00 3.445291771687886834e-02
3.511632840195086480e+00 3.399428459401538510e-02
3.518108764839405378e+00 3.354108700187800884e-02
3.524596631962314319e+00 3.309317108564776427e-02
3.531096463587348300e+00 3.265038871362289236e-02
3.537608281778665820e+00 3.221259732197585823e-02
3.544132108641116830e+00 3.177965976520517183e-02
3.550667966320302238e+00 3.135144417198277439e-02
3.557215877002679161e+00 3.092782380610874585e-02
3.563775862915603998e+00 3.050867693230585251e-02
3.570347946327433686e+00 3.009388668658396354e-02
3.576932149547592310e+00 2.968334095092767938e-02
3.583528494926633723e+00 2.927693223206358566e-02
3.590137004856344127e+00 2.887455754407215747e-02
3.596757701769788262e+00 2.847611829462715419e-02
3.603390608141412432e+00 2.808152017464205993e-02
3.610035746487107122e+00 2.769067305112427047e-02
3.616693139364276277e+00 2.730349086303746065e-02
3.623362809371935445e+00 2.691989151998206223e-02
3.630044779150761958e+00 2.653979680351789897e-02
3.636739071383197519e+00 2.616313227094957047e-02
3.643445708793511262e+00 2.578982716141453926e-02
3.650164714147870360e+00 2.541981430411193593e-02
3.656896110254438170e+00 2.505303002851998542e-02
3.663639919963426195e+00 2.468941407646039338e-02
3.670396166167195773e+00 2.432890951586687972e-02
3.677164871800324697e+00 2.397146265613021160e-02
3.683946059839672937e+00 2.361702296489230288e-02
3.690739753304490112e+00 2.326554298616780037e-02
3.697545975256459005e+00 2.291697825968578087e-02
3.704364748799803930e+00 2.257128724133699790e-02
3.711196097081356893e+00 2.222843122463073751e-02
3.718040043290623320e+00 2.188837426306410733e-02
3.724896610659888641e+00 2.155108309331064606e-02
3.731765822464267135e+00 2.121652705914931283e-02
3.738647702021806296e+00 2.088467803604924719e-02
3.745542272693556107e+00 2.055551035634089682e-02
3.752449557883634768e+00 2.022900073490418657e-02
3.759369581039333053e+00 1.990512819530837127e-02
3.766302365651181816e+00 1.958387399635014986e-02
3.773247935253020380e+00 1.926522155893512639e-02
3.780206313422101783e+00 1.894915639325417747e-02
3.787177523779144295e+00 1.863566602621621882e-02
3.794161589988437555e+00 1.832473992909538704e-02
3.801158535757910961e+00 1.801636944536431917e-02
3.808168384839202947e+00 1.771054771868426150e-02
3.815191161027768896e+00 1.740726962102795428e-02
3.822226888162930880e+00 1.710653168092115053e-02
3.829275590127985129e+00 1.680833201178492248e-02
3.836337290850271753e+00 1.651267270542422158e-02
3.843412014301244906e+00 1.621959811386996034e-02
3.850499784496580702e+00 1.592918442506421201e-02
3.857600625496228286e+00 1.564150467042555587e-02
3.864714561404516857e+00 1.535662770084421543e-02
3.871841616370228945e+00 1.507461824978486090e-02
3.878981814586668353e+00 1.479553699964527083e-02
3.886135180291769853e+00 1.451944065113579263e-02
3.893301737768150694e+00 1.424638199545529699e-02
3.900481511343220742e+00 1.397640998903421951e-02
3.907674525389252640e+00 1.370956983062784559e-02
3.914880804323453312e+00 1.344590304054254712e-02
3.922100372608073204e+00 1.318544754178258005e-02
3.929333254750459137e+00 1.292823774291546740e-02
3.936579475303165321e+00 1.267430462245083995e-02
3.943839058864023084e+00 1.242367581454230721e-02
3.951112030076214143e+00 1.217637569582076008e-02
3.958398413628381629e+00 1.193242547317596366e-02
3.965698234254681598e+00 1.169184327231181757e-02
3.973011516734894943e+00 1.145464422690085221e-02
3.980338285894500672e+00 1.122084056817673411e-02
3.987678566604746067e+00 1.099044171480514920e-02
3.995032383782762153e+00 1.076345436287990016e-02
4.002399762391612548e+00 1.053988257590215798e-02
4.009780727440409365e+00 1.031972787459998174e-02
4.017175303984384271e+00 1.010298932645885099e-02
4.024583517124963095e+00 9.889663634835756806e-03
4.032005392009876843e+00 9.679745227536021290e-03
4.039440953833216774e+00 9.473226344742475408e-03
4.046890227835548082e+00 9.270097126186456829e-03
4.054353239303982726e+00 9.070345697462593379e-03
4.061830013572252263e+00 8.873958255391594524e-03
4.069320576020825087e+00 8.680919152341240799e-03
4.076824952076957054e+00 8.491210979425511951e-03
4.084343167214807835e+00 8.304814648502006208e-03
4.091875246955514633e+00 8.121709472898608687e-03
4.099421216867267681e+00 7.941873246803107800e-03
4.106981102565424813e+00 7.765282323254459745e-03
4.114554929712563869e+00 7.591911690683323700e-03
4.122142724018601712e+00 7.421735047948774776e-03
4.129744511240867944e+00 7.254724877829499784e-03
4.137360317184178626e+00 7.090852518928137359e-03
4.144990167700956185e+00 6.930088235952631612e-03
4.152634088691278258e+00 6.772401288346363221e-03
4.160292106103002041e+00 6.617759997237722056e-03
4.167964245931832679e+00 6.466131810689394917e-03
4.175650534221404975e+00 6.317483367228182364e-03
4.183350997063392640e+00 6.171780557640268138e-03
4.191065660597587339e+00 6.028988585022937961e-03
4.198794551011971521e+00 5.889072023084885102e-03
4.206537694542840988e+00 5.751994872690403306e-03
4.214295117474855523e+00 5.617720616649202713e-03
4.222066846141161456e+00 5.486212272751663128e-03
4.229852906923468048e+00 5.357432445057049887e-03
4.237653326252120323e+00 5.231343373441907016e-03
4.245468130606224300e+00 5.107906981418377720e-03
4.253297346513697619e+00 4.987084922237606729e-03
4.261141000551393887e+00 4.868838623290764819e-03
4.268999119345177284e+00 4.753129328827655244e-03
4.276871729569998948e+00 4.639918141010521656e-03
4.284758857950023092e+00 4.529166059324403297e-03
4.292660531258676748e+00 4.420834018367815303e-03
4.300576776318774996e+00 4.314882924046748759e-03
4.308507620002596461e+00 4.211273688198670546e-03
4.316453089231965023e+00 4.109967261673638447e-03
4.324413210978367950e+00 4.010924665899587120e-03
4.332388012263013621e+00 3.914107022962924100e-03
4.340377520156954994e+00 3.819475584232641125e-03
4.348381761781169530e+00 3.726991757560592193e-03
4.356400764306632922e+00 3.636617133089029355e-03
4.364434554954446988e+00 3.548313507697336850e-03
4.372483160995896512e+00 3.462042908122083418e-03
4.380546609752568266e+00 3.377767612782450052e-03
4.388624928596438046e+00 3.295450172345781425e-03
4.396718144949942619e+00 3.215053429066894262e-03
4.404826286286106729e+00 3.136540534934851351e-03
4.412949380128605270e+00 3.059874968662570915e-03
4.421087454051879639e+00 2.985020551552476989e-03
4.429240535681223889e+00 2.911941462273498482e-03
4.437408652692864663e+00 2.840602250583114819e-03
4.445591832814082878e+00 2.770967850028569282e-03
4.453790103823276780e+00 2.703003589661687363e-03
4.462003493550081856e+00 2.636675204800261168e-03
4.470232029875458757e+00 2.571948846869984411e-03
4.478475740731769683e+00 2.508791092359871720e-03
4.486734654102904507e+00 2.447168950923398183e-03
4.495008798024342944e+00 2.387049872658383518e-03
4.503298200583278899e+00 2.328401754596659372e-03
4.511602889918701287e+00 2.271192946435394901e-03
4.519922894221480192e+00 2.215392255540762217e-03
4.528258241734490319e+00 2.160968951253888683e-03
4.536608960752672282e+00 2.107892768529400374e-03
4.544975079623157832e+00 2.056133910935086830e-03
4.553356626745358682e+00 2.005663053041628358e-03
4.561753630571041107e+00 1.956451342230285020e-03
4.570166119604461841e+00 1.908470399945330544e-03
4.578594122402423139e+00 1.861692322418724392e-03
4.587037667574404232e+00 1.816089680892059429e-03
4.595496783782643035e+00 1.771635521361907559e-03
4.603971499742223195e+00 1.728303363872746214e-03
4.612461844221197538e+00 1.686067201381500746e-03
4.620967846040656468e+00 1.644901498217283230e-03
4.629489534074852308e+00 1.604781188158533461e-03
4.638026937251285453e+00 1.565681672149893443e-03
4.646580084550787859e+00 1.527578815680012822e-03
4.655149005007651830e+00 1.490448945840542943e-03
4.663733727709710841e+00 1.454268848086825690e-03
4.672334281798429245e+00 1.419015762719190573e-03
4.680950696469026617e+00 1.384667381103429863e-03
4.689583000970547921e+00 1.351201841648773903e-03
4.698231224605987855e+00 1.318597725560219456e-03
4.706895396732382331e+00 1.286834052382321075e-03
4.715575546760890191e+00 1.255890275350351418e-03
4.724271704156928209e+00 1.225746276564075241e-03
4.732983898440231485e+00 1.196382361999446002e-03
4.741712159184987563e+00 1.167779256371957166e-03
4.750456516019924358e+00 1.139918097865704003e-03
4.759216998628392759e+00 1.112780432741169567e-03
4.767993636748505182e+00 1.086348209834002822e-03
4.776786460173194193e+00 1.060603774957280228e-03
4.785595498750349286e+00 1.035529865218163485e-03
4.794420782382903923e+00 1.011109603260332366e-03
4.803262341028921689e+00 9.873264914424335816e-04
4.812120204701733073e+00 9.641644059623535705e-04
4.820994403469995859e+00 9.416075909371376691e-04
4.829884967457835465e+00 9.196404602506787120e-04
4.838791926844929314e+00 8.982449308238436500e-04
4.847715311866593879e+00 8.774013626207719354e-04
4.856655152813926790e+00 8.570908701839462978e-04
4.865611480033864567e+00 8.372953483869389254e-04
4.874584323929321172e+00 8.179974375797981288e-04
4.883573714959281276e+00 7.991804904602699744e-04
4.892579683638881072e+00 7.808285405762645367e-04
4.901602260539553058e+00 7.629262723703892973e-04
4.910641476289088203e+00 7.454589926829572688e-04
4.919697361571772731e+00 7.284126036341729248e-04
4.928769947128478712e+00 7.117735768112226635e-04
4.937859263756755546e+00 6.955289286900234822e-04
4.946965342310964076e+00 6.796661972252888290e-04
4.956088213702348533e+00 6.641734195467721051e-04
4.965227908899170650e+00 6.490391107024628395e-04
4.974384458926801145e+00 6.342522433934745085e-04
4.983557894867812088e+00 6.198022286480073468e-04
4.992748247862115463e+00 6.056788973849028344e-04
5.001955549107028887e+00 5.918724828202323769e-04
5.011179829857418611e+00 5.783736036725309901e-04
5.020421121425788336e+00 5.651732481252938348e-04
5.029679455182369807e+00 5.522627585072261910e-04
5.038954862555268477e+00 5.396338166530476781e-04
5.048247375030523898e+00 5.272784299098902958e-04
5.057557024152258940e+00 5.151889177558971857e-04
5.066883841522765053e+00 5.033578989998562870e-04
5.076227858802599080e+00 4.917782795321126331e-04
5.085589107710725365e+00 4.804432405987246941e-04
5.094967620024578814e+00 4.693462275725304700e-04
5.104363427580214108e+00 4.584809391958964979e-04
5.113776562272395410e+00 4.478413172716548952e-04
5.123207056054689623e+00 4.374215367797840994e-04
5.132654940939604948e+00 4.272159963986601897e-04
5.142120248998685916e+00 4.172193094109608058e-04
5.151603012362605760e+00 4.074262949753099236e-04
5.161103263221312076e+00 3.978319697457234128e-04
5.170621033824092549e+00 3.884315398221387127e-04
5.180156356479725055e+00 3.792203930158910899e-04
5.189709263556566476e+00 3.701940914152296747e-04
5.199279787482652182e+00 3.613483642365484172e-04
5.208867960745838133e+00 3.526791009478683395e-04
5.218473815893872825e+00 3.441823446519699467e-04
5.228097385534542063e+00 3.358542857170683450e-04
5.237738702335764884e+00 3.276912556437970017e-04
5.247397799025689480e+00 3.196897211578062230e-04
5.257074708392838858e+00 3.118462785178546218e-04
5.266769463286181008e+00 3.041576480299823179e-04
5.276482096615280781e+00 2.966206687587100198e-04
5.286212641350389596e+00 2.892322934269219185e-04
5.295961130522545801e+00 2.819895834964401978e-04
5.305727597223723002e+00 2.748897044217747665e-04
5.315512074606897563e+00 2.679299210701033013e-04
5.325314595886203151e+00 2.611075933007458321e-04
5.335135194337023101e+00 2.544201716979998325e-04
5.344973903296089013e+00 2.478651934514510382e-04
5.354830756161632621e+00 2.414402783782245169e-04
5.364705786393454190e+00 2.351431250821088093e-04
5.374599027513073501e+00 2.289715072446073610e-04
5.384510513103830220e+00 2.229232700434666530e-04
5.394440276810978929e+00 2.169963266943883190e-04
5.404388352341843671e+00 2.111886551119069265e-04
5.414354773465885451e+00 2.054982946857823170e-04
5.424339574014858556e+00 1.999233431693092839e-04
5.434342787882907366e+00 1.944619536763603966e-04
5.444364449026664943e+00 1.891123317840528290e-04
5.454404591465406682e+00 1.838727327381564636e-04
5.464463249281123147e+00 1.787414587586235392e-04
5.474540456618672835e+00 1.737168564426503617e-04
5.484636247685880761e+00 1.687973142629806188e-04
5.494750656753640605e+00 1.639812601592172765e-04
5.504883718156067474e+00 1.592671592200525256e-04
5.515035466290571620e+00 1.546535114545343620e-04
5.525205935618013875e+00 1.501388496504628791e-04
5.535395160662804237e+00 1.457217373182590424e-04
5.545603176013004898e+00 1.414007667186444332e-04
5.555830016320483900e+00 1.371745569725742609e-04
5.566075716300990628e+00 1.330417522520125012e-04
5.576340310734312133e+00 1.290010200500766235e-04
5.586623834464374383e+00 1.250510495292762620e-04
5.596926322399341736e+00 1.211905499465313040e-04
5.607247809511778591e+00 1.174182491536998211e-04
5.617588330838717781e+00 1.137328921724709257e-04
5.627947921481825766e+00 1.101332398423630085e-04
5.638326616607498565e+00 1.066180675407392788e-04
5.648724451446968331e+00 1.031861639736605886e-04
5.659141461296460562e+00 9.983633003643227651e-05
5.669577681517267820e+00 9.656737774276298494e-05
5.680033147535912263e+00 9.337812922133767696e-05
5.690507894844247794e+00 9.026741577872244052e-05
5.701001958999560415e+00 8.723407702742774262e-05
5.711515375624728996e+00 8.427696007794175282e-05
5.722048180408322970e+00 8.139491879358227294e-05
5.732600409104710693e+00 7.858681310693702872e-05
5.743172097534219311e+00 7.585150839663813173e-05
5.753763281583209377e+00 7.318787492323652378e-05
5.764373997204240041e+00 7.059478732282647713e-05
5.775004280416169422e+00 6.807112415712551822e-05
5.785654167304262963e+00 6.561576751860665477e-05
5.796323694020355966e+00 6.322760268926445805e-05
5.807012896782928202e+00 6.090551785158894237e-05
5.817721811877270000e+00 5.864840385021173380e-05
5.828450475655587049e+00 5.645515400272163408e-05
5.839198924537102542e+00 5.432466395805776770e-05
5.849967195008228593e+00 5.225583160084865564e-05
5.860755323622638180e+00 5.024755700006986890e-05
5.871563347001432120e+00 4.829874240028387145e-05
5.882391301833245656e+00 4.640829225375883878e-05
5.893239224874355031e+00 4.457511329167639346e-05
5.904107152948842696e+00 4.279811463261808753e-05
5.914995122948677242e+00 4.107620792650976815e-05
5.925903171833879490e+00 3.940830753213281552e-05
5.936831336632627298e+00 3.779333072632592576e-05
5.947779654441366581e+00 3.623019794295033067e-05
5.958748162424978290e+00 3.471783303967069167e-05
5.969736897816857457e+00 3.325516359061661791e-05
5.980745897919078402e+00 3.184112120292967329e-05
5.991775200102507526e+00 3.047464185523686460e-05
6.002824841806907230e+00 2.915466625606001920e-05
6.013894860541111775e+00 2.788014022016275218e-05
6.024985293883099224e+00 2.665001506087878716e-05
6.036096179480167301e+00 2.546324799641668646e-05
6.047227555049039083e+00 2.431880256820305751e-05
6.058379458375974025e+00 2.321564906930328282e-05
6.069551927316939377e+00 2.215276498099258065e-05
6.080744999797688344e+00 2.112914698822159954e-05
6.091958713813935056e+00 2.014395066440071978e-05
6.103193107431460263e+00 1.919641595446530970e-05
6.114448218786226796e+00 1.828574608984915128e-05
6.125724086084549214e+00 1.741111007785276066e-05
6.137020747603173731e+00 1.657164774483860947e-05
6.148338241689454975e+00 1.576647451789674821e-05
6.159676606761463447e+00 1.499468594231010619e-05
6.171035881308099214e+00 1.425536193390463183e-05
6.182416103889267767e+00 1.354757076700040578e-05
6.193817313135956404e+00 1.287037280016081689e-05
6.205239547750414530e+00 1.222282394324547547e-05
6.216682846506262905e+00 1.160397887047121882e-05
6.228147248248605550e+00 1.101289398521617100e-05
6.239632791894210939e+00 1.044863014320566720e-05
6.251139516431586607e+00 9.910255141514767775e-06
6.262667460921160334e+00 9.396845981459518132e-06
6.274216664495392948e+00 8.907490914008160869e-06
6.285787166358892009e+00 8.441291276773728262e-06
6.297379005788587669e+00 7.997363131981552852e-06
6.308992222133817940e+00 7.574838715061750213e-06
6.320626854816504547e+00 7.172867703658478138e-06
6.332282943331270175e+00 6.790618316945228412e-06
6.343960527245549486e+00 6.427278255135141421e-06
6.355659646199764978e+00 6.082055489024273816e-06
6.367380339907443343e+00 5.754178909301725357e-06
6.379122648155325592e+00 5.442898845194642196e-06
6.390886610803552692e+00 5.147487461813654336e-06
6.402672267785747273e+00 4.867239045328115824e-06
6.414479659109193044e+00 4.601470184819395277e-06
6.426308824854955581e+00 4.349519859366200895e-06
6.438159805177991579e+00 4.110749438591174218e-06
6.450032640307338916e+00 3.884542604554683547e-06
6.461927370546193927e+00 3.670305202535992133e-06
6.473844036272099700e+00 3.467465027869649706e-06
6.485782677937058871e+00 3.275471555644492193e-06
6.497743336067655306e+00 3.093795619695673896e-06
6.509726051265233515e+00 2.921929046948748521e-06
6.521730864205987466e+00 2.759384252809539718e-06
6.533757815641143551e+00 2.605693802923121979e-06
6.545806946397077830e+00 2.460409946272451175e-06
6.557878297375435928e+00 2.323104124234392619e-06
6.569971909553319556e+00 2.193366459871442344e-06
6.582087823983370001e+00 2.070805231410724752e-06
6.594226081793954641e+00 1.955046333540515612e-06
6.606386724189287740e+00 1.845732729854485988e-06
6.618569792449550349e+00 1.742523899479530998e-06
6.630775327931075935e+00 1.645095280645892439e-06
6.643003372066436540e+00 1.553137713696635801e-06
6.655253966364634621e+00 1.466356885780555935e-06
6.667527152411216740e+00 1.384472779240438433e-06
6.679822971868402348e+00 1.307219125484785944e-06
6.692141466475267642e+00 1.234342865924177046e-06
6.704482678047831712e+00 1.165603621360520107e-06
6.716846648479252835e+00 1.100773171034334366e-06
6.729233419739941269e+00 1.039634942370378794e-06
6.741643033877689817e+00 9.819835123041621103e-07
6.754075533017857680e+00 9.276241209298155490e-07
6.766530959363463715e+00 8.763721980785714489e-07
6.779009355195372954e+00 8.280529033149953557e-07
6.791510762872424500e+00 7.825006797297913587e-07
6.804035224831550543e+00 7.395588218067772806e-07
6.816582783587970873e+00 6.990790575510256943e-07
6.829153481735280806e+00 6.609211449845179741e-07
6.841747361945646588e+00 6.249524830408231252e-07
6.854364466969926184e+00 5.910477368262115885e-07
6.867004839637795399e+00 5.590884771557479646e-07
6.879668522857940616e+00 5.289628342215283416e-07
6.892355559618151162e+00 5.005651652060781122e-07
6.905065992985512935e+00 4.737957356138095269e-07
6.917799866106530970e+00 4.485604140607195113e-07
6.930557222207260004e+00 4.247703802332852217e-07
6.943338104593496318e+00 4.023418457035260949e-07
6.956142556650869224e+00 3.811957872676437924e-07
6.968970621845038238e+00 3.612576924589844289e-07
6.981822343721820978e+00 3.424573168740193793e-07
6.994697765907316622e+00 3.247284529401478810e-07
7.007596932108105747e+00 3.080087097474455287e-07
7.020519886111340924e+00 2.922393035626572403e-07
7.033466671784944779e+00 2.773648586412857693e-07
7.046437333077741449e+00 2.633332179542607399e-07
7.059431914019577370e+00 2.500952634471253646e-07
7.072450458721520228e+00 2.376047454531889548e-07
7.085493011375982420e+00 2.258181208870467599e-07
7.098559616256852500e+00 2.146943998505284088e-07
7.111650317719695025e+00 2.041950002901621572e-07
7.124765160201842917e+00 1.942836103531906989e-07
7.137904188222599977e+00 1.849260580973244526e-07
7.151067446383368775e+00 1.760901882188577006e-07
7.164254979367781218e+00 1.677457454730680600e-07
7.177466831941901049e+00 1.598642644707632694e-07
7.190703048954318000e+00 1.524189655451776310e-07
7.203963675336350292e+00 1.453846563935302077e-07
7.217248756102174312e+00 1.387376392082949792e-07
7.230558336348958726e+00 1.324556230235922637e-07
7.243892461257065207e+00 1.265176410126721321e-07
7.257251176090146139e+00 1.209039724830305036e-07
7.270634526195347114e+00 1.155960693258703538e-07
7.284042557003441054e+00 1.105764866870443183e-07
7.297475314028956994e+00 1.058288176365357692e-07
7.310932842870391468e+00 1.013376316233743363e-07
7.324415189210299104e+00 9.708841651265630442e-08
7.337922398815501346e+00 9.306752401049554929e-08
7.351454517537222344e+00 8.926211829207007606e-08
7.365011591311216854e+00 8.566012765664636900e-08
7.378593666157982511e+00 8.225019904205475493e-08
7.392200788182855753e+00 7.902165523946415215e-08
7.405833003576217877e+00 7.596445465716553277e-08
7.419490358613634484e+00 7.306915348990734269e-08
7.433172899655983379e+00 7.032687015766898584e-08
7.446880673149671281e+00 6.772925188487210050e-08
7.460613725626726200e+00 6.526844329794945554e-08
7.474372103705012371e+00 6.293705692562735534e-08
7.488155854088360819e+00 6.072814549266695582e-08
7.501965023566709689e+00 5.863517590372222353e-08
7.515799659016313861e+00 5.665200481975724023e-08
7.529659807399845306e+00 5.477285573494645405e-08
7.543545515766602705e+00 5.299229746716895286e-08
7.557456831252649998e+00 5.130522398024730459e-08
7.571393801080954944e+00 4.970683546079550539e-08
7.585356472561599617e+00 4.819262057707354614e-08
7.599344893091883435e+00 4.675833985159308784e-08
7.613359110156534548e+00 4.540001008326422489e-08
7.627399171327849281e+00 4.411388975884666117e-08
7.641465124265831577e+00 4.289646539714950440e-08
7.655557016718407048e+00 4.174440270090651130e-08
7.669674896521524232e+00 4.065413140372057251e-08
7.683818811599370413e+00 3.962202608599452768e-08
7.697988809964512846e+00 3.864470823450551756e-08
7.712184939718034649e+00 3.771903285276594293e-08
7.726407249049756842e+00 3.684207050855564580e-08
7.740655786238338720e+00 3.601109088657979678e-08
7.754930599651492784e+00 3.522354770961634656e-08
7.769231737746129518e+00 3.447706490476959038e-08
7.783559249068496833e+00 3.376942390329914433e-08
7.797913182254392339e+00 3.309855197314152517e-08
7.812293586029303682e+00 3.246251149283802446e-08
7.826700509208553314e+00 3.185949008417234896e-08
7.841134000697514317e+00 3.128779152857586088e-08
7.855594109491718768e+00 3.074582739934541300e-08
7.870080884677075339e+00 3.023210934798375382e-08
7.884594375430014956e+00 2.974524198866601464e-08
7.899134631017631136e+00 2.928391632992903320e-08
7.913701700797905580e+00 2.884690370731035515e-08
7.928295634219811205e+00 2.843305017483457836e-08
7.942916480823534187e+00 2.804127131700944221e-08
7.957564290240619620e+00 2.767054744641846901e-08
7.972239112194118071e+00 2.731991915507576453e-08
7.986940996498804957e+00 2.698848319050958316e-08
8.001669993061289787e+00 2.667538863008475121e-08
8.016426151880242656e+00 2.637983332936267847e-08
8.031209523046536347e+00 2.610106062239964010e-08
8.046020156743393770e+00 2.583835625376995974e-08
8.060858103246614448e+00 2.559104552383049800e-08
8.075723412924682876e+00 2.535849063031100325e-08
8.090616136238988787e+00 2.514008819073925688e-08
8.105536323743987026e+00 2.493526693151189408e-08
8.120484026087332552e+00 2.474348553060748875e-08
8.135459294010116693e+00 2.456423060201396130e-08
8.150462178346966624e+00 2.439701481093733421e-08
8.165492730026285173e+00 2.424137510974934983e-08
8.180551000070391154e+00 2.409687108546568316e-08
8.195637039595672135e+00 2.396308341029053150e-08
8.210750899812815362e+00 2.383961238746148304e-08
8.225892632026912565e+00 2.372607658525472284e-08
8.241062287637690886e+00 2.362211155259539136e-08
8.256259918139672749e+00 2.352736861024703191e-08
8.271485575122310863e+00 2.344151371204713246e-08
8.286739310270235137e+00 2.336422637110333800e-08
8.302021175363353933e+00 2.329519864628109434e-08
8.317331222277084990e+00 2.323413418469730878e-08
8.332669502982520626e+00 2.318074731628410395e-08
8.348036069546560967e+00 2.313476219681812603e-08
8.363430974132160856e+00 2.309591199610924239e-08
8.378854268998441768e+00 2.306393812832291800e-08
8.394306006500915629e+00 2.303858952167302065e-08
8.409786239091650017e+00 2.301962192495878258e-08
8.425295019319413825e+00 2.300679724864816308e-08
8.440832399829918842e+00 2.299988293841762753e-08
8.456398433365926337e+00 2.299865137925141285e-08
8.471993172767488645e+00 2.300287932839074824e-08
8.487616670972103705e+00 2.301234737558882753e-08
8.503268981014866057e+00 2.302683942929056815e-08
8.518950156028706644e+00 2.304614222750619955e-08
8.534660249244513608e+00 2.307004487228564465e-08
8.550399313991356109e+00 2.309833838683754288e-08
8.566167403696654858e+00 2.313081529445665192e-08
8.581964571886333104e+00 2.316726921854636346e-08
8.597790872185054667e+00 2.320749450312578758e-08
8.613646358316339402e+00 2.325128585332464751e-08
8.629531084102811889e+00 2.329843799545801932e-08
8.645445103466345316e+00 2.334874535637274524e-08
8.661388470428232011e+00 2.340200176183883369e-08
8.677361239109409041e+00 2.345800015384398100e-08
8.693363463730623408e+00 2.351653232672467652e-08
8.709395198612583044e+00 2.357738868213906601e-08
8.725456498176209053e+00 2.364035800295190674e-08
8.741547416942742288e+00 2.370522724616615020e-08
8.757668009533997378e+00 2.377178135509004101e-08
8.773818330672520815e+00 2.383980309098102694e-08
8.789998435181743730e+00 2.390907288445497768e-08
8.806208377986237679e+00 2.397936870699136288e-08
8.822448214111826559e+00 2.405046596290043331e-08
8.838717998685837074e+00 2.412213740215017990e-08
8.855017786937255053e+00 2.419415305447893298e-08
8.871347634196890652e+00 2.426628018523576610e-08
8.887707595897627044e+00 2.433828327341068810e-08
8.904097727574541210e+00 2.440992401232096487e-08
8.920518084865145525e+00 2.448096133342508995e-08
8.936968723509556511e+00 2.455115145373407071e-08
8.953449699350660040e+00 2.462024794727498935e-08
8.969961068334356469e+00 2.468800184105145148e-08
8.986502886509681431e+00 2.475416173591683875e-08
9.003075210029059861e+00 2.481847395275200243e-08
9.019678095148471186e+00 2.488068270429472441e-08
9.036311598227610986e+00 2.494053029293211120e-08
9.052975775730145003e+00 2.499775733470873372e-08
9.069670684223828161e+00 2.505210300974763333e-08
9.086396380380763915e+00 2.510330533921499790e-08
9.103152920977564122e+00 2.515110148888402825e-08
9.119940362895519570e+00 2.519522809927253423e-08
9.136758763120852223e+00 2.523542164224257801e-08
9.153608178744839563e+00 2.527141880385000588e-08
9.170488666964068614e+00 2.530295689313395373e-08
9.187400285080604689e+00 2.532977427642275687e-08
9.204343090502161928e+00 2.535161083661786890e-08
9.221317140742353757e+00 2.536820845679570598e-08
9.238322493420822568e+00 2.537931152733645661e-08
9.255359206263497285e+00 2.538466747565766960e-08
9.272427337102758571e+00 2.538402731748997433e-08
9.289526943877611131e+00 2.537714622849011843e-08
9.306658084633946615e+00 2.536378413483985182e-08
9.323820817524660853e+00 2.534370632132938398e-08
9.341015200809920316e+00 2.531668405527403445e-08
9.358241292857330862e+00 2.528249522445795727e-08
9.375499152142110049e+00 2.524092498714937207e-08
9.392788837247346478e+00 2.519176643207469572e-08
9.410110406864125920e+00 2.513482124609626983e-08
9.427463919791801317e+00 2.506990038718382589e-08
9.444849434938152655e+00 2.499682476013206086e-08
9.462267011319571708e+00 2.491542589233901402e-08
9.479716708061317831e+00 2.482554660682575328e-08
9.497198584397649412e+00 2.472704168956228304e-08
9.514712699672090324e+00 2.461977854804306552e-08
9.532259113337600454e+00 2.450363785796266238e-08
9.549837884956749789e+00 2.437851419474426655e-08
9.567449074201988424e+00 2.424431664660108948e-08
9.585092740855774451e+00 2.410096940575020432e-08
9.602768944810836871e+00 2.394841233434873566e-08
9.620477746070362102e+00 2.378660150169746085e-08
9.638219204748152080e+00 2.361552528751639242e-08
9.655993381068904924e+00 2.343536687302987926e-08
9.673800335368376579e+00 2.324643386864403757e-08
9.691640128093560236e+00 2.304904283779024313e-08
9.709512819802963435e+00 2.284351662018033237e-08
9.727418471166730640e+00 2.263018354890133500e-08
9.745357142966922126e+00 2.240937667404652833e-08
9.763328896097682730e+00 2.218143299508021190e-08
9.781333791565431923e+00 2.194669270402548527e-08
9.799371890489128489e+00 2.170549844145711260e-08
9.817443254100403749e+00 2.145819456717041427e-08
9.835547943743838673e+00 2.120512644728020871e-08
9.853686020877143292e+00 2.094663975938304292e-08
9.871857547071332561e+00 2.068307981729822227e-08
9.890062584011003466e+00 2.041479091677454025e-08
9.908301193494475356e+00 2.014211570343125582e-08
9.926573437434054625e+00 1.986539456407151888e-08
9.944879377856226554e+00 1.958496504238737340e-08
9.963219076901829396e+00 1.930116127994874363e-08
9.981592596826340369e+00 1.901431348324474175e-08
1.000000000000000000e+01 1.872474741743284742e-08
