1.000000000000000000e+00 2.556743487581286667e-01
1.001382782584698150e+00 2.548632403447146366e-01
1.002767477257072715e+00 2.540545985046340216e-01
1.004154086661125600e+00 2.532484161153056856e-01
1.005542613444514011e+00 2.524446860734121389e-01
1.006933060258556889e+00 2.516434012948495225e-01
1.008325429758239133e+00 2.508445547146820886e-01
1.009719724602217150e+00 2.500481392870934072e-01
1.011115947452823294e+00 2.492541479890414968e-01
1.012514100976071640e+00 2.484625738469662948e-01
1.013914187841662651e+00 2.476734099208513229e-01
1.015316210722988277e+00 2.468866492890944009e-01
1.016720172297137736e+00 2.461022850483588209e-01
1.018126075244901507e+00 2.453203103135316310e-01
1.019533922250777325e+00 2.445407182176810579e-01
1.020943716002974622e+00 2.437635019120148738e-01
1.022355459193420524e+00 2.429886545658378194e-01
1.023769154517764068e+00 2.422161693665104421e-01
1.025184804675382422e+00 2.414460395194067688e-01
1.026602412369384654e+00 2.406782582478731169e-01
1.028021980306618177e+00 2.399128187931857670e-01
1.029443511197672967e+00 2.391497144145100506e-01
1.030867007756887777e+00 2.383889383888583569e-01
1.032292472702353692e+00 2.376304840110491645e-01
1.033719908755921457e+00 2.368743445936651593e-01
1.035149318643205030e+00 2.361205134670122385e-01
1.036580705093586907e+00 2.353689839790788496e-01
1.038014070840224345e+00 2.346197494954935236e-01
1.039449418620053800e+00 2.338728033994852684e-01
1.040886751173796254e+00 2.331281390918415464e-01
1.042326071245962327e+00 2.323857499908681123e-01
1.043767381584858045e+00 2.316456295323476577e-01
1.045210684942589507e+00 2.309077711694993151e-01
1.046655984075068657e+00 2.301721683729377743e-01
1.048103281742017723e+00 2.294388146306331477e-01
1.049552580706975435e+00 2.287077034478700033e-01
1.051003883737302136e+00 2.279788283472067023e-01
1.052457193604183994e+00 2.272521828684358758e-01
1.053912513082640334e+00 2.265277605685430407e-01
1.055369844951526304e+00 2.258055550216674923e-01
1.056829191993540862e+00 2.250855598190609763e-01
1.058290556995230114e+00 2.243677685690485257e-01
1.059753942746993527e+00 2.236521748969881318e-01
1.061219352043089259e+00 2.229387724452304431e-01
1.062686787681639045e+00 2.222275548730797134e-01
1.064156252464633967e+00 2.215185158567530288e-01
1.065627749197939789e+00 2.208116490893415329e-01
1.067101280691301834e+00 2.201069482807700983e-01
1.068576849758350766e+00 2.194044071577580246e-01
1.070054459216608134e+00 2.187040194637795143e-01
1.071534111887491481e+00 2.180057789590242878e-01
1.073015810596319453e+00 2.173096794203581150e-01
1.074499558172317792e+00 2.166157146412836243e-01
1.075985357448624224e+00 2.159238784319012783e-01
1.077473211262294450e+00 2.152341646188696000e-01
1.078963122454306589e+00 2.145465670453670093e-01
1.080455093869568062e+00 2.138610795710520485e-01
1.081949128356919143e+00 2.131776960720250802e-01
1.083445228769140511e+00 2.124964104407888466e-01
1.084943397962956579e+00 2.118172165862104162e-01
1.086443638799043043e+00 2.111401084334816047e-01
1.087945954142030436e+00 2.104650799240811443e-01
1.089450346860510788e+00 2.097921250157357975e-01
1.090956819827042956e+00 2.091212376823818053e-01
1.092465375918157289e+00 2.084524119141267506e-01
1.093976018014362728e+00 2.077856417172107284e-01
1.095488749000150364e+00 2.071209211139687645e-01
1.097003571764000540e+00 2.064582441427919302e-01
1.098520489198387295e+00 2.057976048580898165e-01
1.100039504199785023e+00 2.051389973302519543e-01
1.101560619668672247e+00 2.044824156456105102e-01
1.103083838509539394e+00 2.038278539064015682e-01
1.104609163630892343e+00 2.031753062307278812e-01
1.106136597945259092e+00 2.025247667525208739e-01
1.107666144369195083e+00 2.018762296215032004e-01
1.109197805823288530e+00 2.012296890031508301e-01
1.110731585232166196e+00 2.005851390786557442e-01
1.112267485524499389e+00 1.999425740448879663e-01
1.113805509633008617e+00 1.993019881143589522e-01
1.115345660494470037e+00 1.986633755151835656e-01
1.116887941049720334e+00 1.980267304910434401e-01
1.118432354243663385e+00 1.973920473011489263e-01
1.119978903025274475e+00 1.967593202202030378e-01
1.121527590347606962e+00 1.961285435383635922e-01
1.123078419167798270e+00 1.954997115612062131e-01
1.124631392447073663e+00 1.948728186096884141e-01
1.126186513150754243e+00 1.942478590201114075e-01
1.127743784248261161e+00 1.936248271440843549e-01
1.129303208713121176e+00 1.930037173484872026e-01
1.130864789522973313e+00 1.923845240154343494e-01
1.132428529659573968e+00 1.917672415422376486e-01
1.133994432108802464e+00 1.911518643413703811e-01
1.135562499860667263e+00 1.905383868404305348e-01
1.137132735909310854e+00 1.899268034821048057e-01
1.138705143253016416e+00 1.893171087241319328e-01
1.140279724894212698e+00 1.887092970392668656e-01
1.141856483839480907e+00 1.881033629152442099e-01
1.143435423099558701e+00 1.874993008547425621e-01
1.145016545689347742e+00 1.868971053753484823e-01
1.146599854627918136e+00 1.862967710095201901e-01
1.148185352938515091e+00 1.856982923045521761e-01
1.149773043648563808e+00 1.851016638225392308e-01
1.151362929789676359e+00 1.845068801403406955e-01
1.152955014397656575e+00 1.839139358495447962e-01
1.154549300512506038e+00 1.833228255564333109e-01
1.156145791178430082e+00 1.827335438819456537e-01
1.157744489443843783e+00 1.821460854616439862e-01
1.159345398361376844e+00 1.815604449456772462e-01
1.160948520987880928e+00 1.809766169987463980e-01
1.162553860384434090e+00 1.803945963000688768e-01
1.164161419616347226e+00 1.798143775433435343e-01
1.165771201753170061e+00 1.792359554367155272e-01
1.167383209868696925e+00 1.786593247027412901e-01
1.168997447040972304e+00 1.780844800783537019e-01
1.170613916352297279e+00 1.775114163148269475e-01
1.172232620889234411e+00 1.769401281777422119e-01
1.173853563742615069e+00 1.763706104469521807e-01
1.175476748007544092e+00 1.758028579165471228e-01
1.177102176783406673e+00 1.752368653948196409e-01
1.178729853173873021e+00 1.746726277042307263e-01
1.180359780286905469e+00 1.741101396813750368e-01
1.181991961234764466e+00 1.735493961769459803e-01
1.183626399134013019e+00 1.729903920557025465e-01
1.185263097105524466e+00 1.724331221964338079e-01
1.186902058274487359e+00 1.718775814919255296e-01
1.188543285770411684e+00 1.713237648489257525e-01
1.190186782727134851e+00 1.707716671881108206e-01
1.191832552282827695e+00 1.702212834440511580e-01
1.193480597580000913e+00 1.696726085651776295e-01
1.195130921765509502e+00 1.691256375137477341e-01
1.196783527990561202e+00 1.685803652658112994e-01
1.198438419410720046e+00 1.680367868111774243e-01
1.200095599185914352e+00 1.674948971533803954e-01
1.201755070480441390e+00 1.669546913096462415e-01
1.203416836462974482e+00 1.664161643108591215e-01
1.205080900306567893e+00 1.658793112015279902e-01
1.206747265188664153e+00 1.653441270397531249e-01
1.208415934291099170e+00 1.648106068971928462e-01
1.210086910800108662e+00 1.642787458590304062e-01
1.211760197906334158e+00 1.637485390239404315e-01
1.213435798804829435e+00 1.632199815040560886e-01
1.215113716695065849e+00 1.626930684249360826e-01
1.216793954780939657e+00 1.621677949255314055e-01
1.218476516270776688e+00 1.616441561581527242e-01
1.220161404377339665e+00 1.611221472880909333e-01
1.221848622317833311e+00 1.606017634867803467e-01
1.223538173313911903e+00 1.600829999322906927e-01
1.225230060591683712e+00 1.595658518158417360e-01
1.226924287381718548e+00 1.590503143420341492e-01
1.228620856919053095e+00 1.585363827288154837e-01
1.230319772443197568e+00 1.580240522074464471e-01
1.232021037198141933e+00 1.575133180224666529e-01
1.233724654432361012e+00 1.570041754316616467e-01
1.235430627398822923e+00 1.564966197060281006e-01
1.237138959354992629e+00 1.559906461297415059e-01
1.238849653562840381e+00 1.554862500001217285e-01
1.240562713288846375e+00 1.549834266275998407e-01
1.242278141804007863e+00 1.544821713356848980e-01
1.243995942383845588e+00 1.539824794609303826e-01
1.245716118308409115e+00 1.534843463529011187e-01
1.247438672862283715e+00 1.529877673741402433e-01
1.249163609334596803e+00 1.524927379001357330e-01
1.250890931019023267e+00 1.519992533192879858e-01
1.252620641213793240e+00 1.515073090328762639e-01
1.254352743221696986e+00 1.510169004550262484e-01
1.256087240350092227e+00 1.505280230126771202e-01
1.257824135910909913e+00 1.500406721455488090e-01
1.259563433220660444e+00 1.495548433061094362e-01
1.261305135600440552e+00 1.490705319595426737e-01
1.263049246375939072e+00 1.485877335837152979e-01
1.264795768877443827e+00 1.481064436691446051e-01
1.266544706439847401e+00 1.476266577189664364e-01
1.268296062402654023e+00 1.471483712489023987e-01
1.270049840109985562e+00 1.466715797872280846e-01
1.271806042910588408e+00 1.461962788747406539e-01
1.273564674157839027e+00 1.457224640647268588e-01
1.275325737209751287e+00 1.452501309229310977e-01
1.277089235428982006e+00 1.447792750275234408e-01
1.278855172182838729e+00 1.443098919690676829e-01
1.280623550843284164e+00 1.438419773504898136e-01
1.282394374786944624e+00 1.433755267870460148e-01
1.284167647395114908e+00 1.429105359062912417e-01
1.285943372053765632e+00 1.424470003480474978e-01
1.287721552153549442e+00 1.419849157643725268e-01
1.289502191089807903e+00 1.415242778195280049e-01
1.291285292262576823e+00 1.410650821899487595e-01
1.293070859076594470e+00 1.406073245642107672e-01
1.294858894941306238e+00 1.401510006430006505e-01
1.296649403270872414e+00 1.396961061390842029e-01
1.298442387484174620e+00 1.392426367772749696e-01
1.300237851004821588e+00 1.387905882944039659e-01
1.302035797261156258e+00 1.383399564392880920e-01
1.303836229686262671e+00 1.378907369726995180e-01
1.305639151717971291e+00 1.374429256673350974e-01
1.307444566798866781e+00 1.369965183077852811e-01
1.309252478376294659e+00 1.365515106905033360e-01
1.311062889902366191e+00 1.361078986237755639e-01
1.312875804833967042e+00 1.356656779276897984e-01
1.314691226632763055e+00 1.352248444341053735e-01
1.316509158765206244e+00 1.347853939866230089e-01
1.318329604702542346e+00 1.343473224405538624e-01
1.320152567920817033e+00 1.339106256628898872e-01
1.321978051900882356e+00 1.334752995322733005e-01
1.323806060128404072e+00 1.330413399389665796e-01
1.325636596093867414e+00 1.326087427848223477e-01
1.327469663292584645e+00 1.321775039832533971e-01
1.329305265224700605e+00 1.317476194592030747e-01
1.331143405395200929e+00 1.313190851491148059e-01
1.332984087313917154e+00 1.308918970009030347e-01
1.334827314495534489e+00 1.304660509739230256e-01
1.336673090459598257e+00 1.300415430389413596e-01
1.338521418730520329e+00 1.296183691781064296e-01
1.340372302837586460e+00 1.291965253849188255e-01
1.342225746314961832e+00 1.287760076642021079e-01
1.344081752701699717e+00 1.283568120320730255e-01
1.345940325541746141e+00 1.279389345159126501e-01
1.347801468383948098e+00 1.275223711543369831e-01
1.349665184782059990e+00 1.271071179971674792e-01
1.351531478294750066e+00 1.266931711054025689e-01
1.353400352485607305e+00 1.262805265511879882e-01
1.355271810923148745e+00 1.258691804177881901e-01
1.357145857180825477e+00 1.254591287995572568e-01
1.359022494837030415e+00 1.250503678019102005e-01
1.360901727475104073e+00 1.246428935412940142e-01
1.362783558683342111e+00 1.242367021451592085e-01
1.364667992055002443e+00 1.238317897519307653e-01
1.366555031188311009e+00 1.234281525109800076e-01
1.368444679686469767e+00 1.230257865825957614e-01
1.370336941157663135e+00 1.226246881379560866e-01
1.372231819215064430e+00 1.222248533590998693e-01
1.374129317476843637e+00 1.218262784388983444e-01
1.376029439566173629e+00 1.214289595810270628e-01
1.377932189111237715e+00 1.210328929999375386e-01
1.379837569745235637e+00 1.206380749208292164e-01
1.381745585106391561e+00 1.202445015796213129e-01
1.383656238837960073e+00 1.198521692229250618e-01
1.385569534588234175e+00 1.194610741080152777e-01
1.387485476010551055e+00 1.190712125028031698e-01
1.389404066763300083e+00 1.186825806858079896e-01
1.391325310509929025e+00 1.182951749461295665e-01
1.393249210918952041e+00 1.179089915834204277e-01
1.395175771663955011e+00 1.175240269078584032e-01
1.397104996423604639e+00 1.171402772401189812e-01
1.399036888881654006e+00 1.167577389113477609e-01
1.400971452726949895e+00 1.163764082631331687e-01
1.402908691653439899e+00 1.159962816474790076e-01
1.404848609360179745e+00 1.156173554267771464e-01
1.406791209551340405e+00 1.152396259737802492e-01
1.408736495936214528e+00 1.148630896715747696e-01
1.410684472229223774e+00 1.144877429135537639e-01
1.412635142149926359e+00 1.141135821033897602e-01
1.414588509423023721e+00 1.137406036550078908e-01
1.416544577778368064e+00 1.133688039925587893e-01
1.418503350950968578e+00 1.129981795503921249e-01
1.420464832680999434e+00 1.126287267730293057e-01
1.422429026713806888e+00 1.122604421151371240e-01
1.424395936799915940e+00 1.118933220415009311e-01
1.426365566695037446e+00 1.115273630269980887e-01
1.428337920160076546e+00 1.111625615565712127e-01
1.430313000961137782e+00 1.107989141252020693e-01
1.432290812869534191e+00 1.104364172378847903e-01
1.434271359661793310e+00 1.100750674095997694e-01
1.436254645119664941e+00 1.097148611652871142e-01
1.438240673030128036e+00 1.093557950398206940e-01
1.440229447185398692e+00 1.089978655779817035e-01
1.442220971382936145e+00 1.086410693344326134e-01
1.444215249425450764e+00 1.082854028736913443e-01
1.446212285120911600e+00 1.079308627701047879e-01
1.448212082282553492e+00 1.075774456078233271e-01
1.450214644728883062e+00 1.072251479807748431e-01
1.452219976283688485e+00 1.068739664926386529e-01
1.454228080776044152e+00 1.065238977568201406e-01
1.456238962040320217e+00 1.061749383964246674e-01
1.458252623916188595e+00 1.058270850442323274e-01
1.460269070248630063e+00 1.054803343426721080e-01
1.462288304887943147e+00 1.051346829437963398e-01
1.464310331689750111e+00 1.047901275092554818e-01
1.466335154515004069e+00 1.044466647102726409e-01
1.468362777229998084e+00 1.041042912276179677e-01
1.470393203706370722e+00 1.037630037515838155e-01
1.472426437821114265e+00 1.034227989819591353e-01
1.474462483456582484e+00 1.030836736280045934e-01
1.476501344500497082e+00 1.027456244084273412e-01
1.478543024845955678e+00 1.024086480513559938e-01
1.480587528391439589e+00 1.020727412943156359e-01
1.482634859040820485e+00 1.017379008842029392e-01
1.484685020703368385e+00 1.014041235772612237e-01
1.486738017293759206e+00 1.010714061390557417e-01
1.488793852732081646e+00 1.007397453444488916e-01
1.490852530943845178e+00 1.004091379775754744e-01
1.492914055859987377e+00 1.000795808318181573e-01
1.494978431416881692e+00 9.975107070978286861e-02
1.497045661556344109e+00 9.942360442327424774e-02
1.499115750225642252e+00 9.909717879327115120e-02
1.501188701377500934e+00 9.877179064990236623e-02
1.503264518970111263e+00 9.844743683242229704e-02
1.505343206967137748e+00 9.812411418918637329e-02
1.507424769337725401e+00 9.780181957762720812e-02
1.509509210056508399e+00 9.748054986423024260e-02
1.511596533103615858e+00 9.716030192450965386e-02
1.513686742464681600e+00 9.684107264298427720e-02
1.515779842130850152e+00 9.652285891315363908e-02
1.517875836098785181e+00 9.620565763747389310e-02
1.519974728370676820e+00 9.588946572733424156e-02
1.522076522954248778e+00 9.557428010303285759e-02
1.524181223862767887e+00 9.526009769375304304e-02
1.526288835115049203e+00 9.494691543753971952e-02
1.528399360735465562e+00 9.463473028127523945e-02
1.530512804753954237e+00 9.432353918065544685e-02
1.532629171206025376e+00 9.401333910016673734e-02
1.534748464132769552e+00 9.370412701306256309e-02
1.536870687580864425e+00 9.339589990134060382e-02
1.538995845602584289e+00 9.308865475571843906e-02
1.541123942255806289e+00 9.278238857561126041e-02
1.543254981604018861e+00 9.247709836910780745e-02
1.545388967716329720e+00 9.217278115294746943e-02
1.547525904667472307e+00 9.186943395249724809e-02
1.549665796537815776e+00 9.156705380172834585e-02
1.551808647413370545e+00 9.126563774319340627e-02
1.553954461385797625e+00 9.096518282800328259e-02
1.556103242552415944e+00 9.066568611580429204e-02
1.558254995016209676e+00 9.036714467475528978e-02
1.560409722885836903e+00 9.006955558150470109e-02
1.562567430275637159e+00 8.977291592116790064e-02
1.564728121305638764e+00 8.947722278730448064e-02
1.566891800101567478e+00 8.918247328189551903e-02
1.569058470794854276e+00 8.888866451532097257e-02
1.571228137522642454e+00 8.859579360633712541e-02
1.573400804427796507e+00 8.830385768205424590e-02
1.575576475658909237e+00 8.801285387791382697e-02
1.577755155370310414e+00 8.772277933766643720e-02
1.579936847722074100e+00 8.743363121334943311e-02
1.582121556880027091e+00 8.714540666526419954e-02
1.584309287015756240e+00 8.685810286195466690e-02
1.586500042306617120e+00 8.657171698018442663e-02
1.588693826935741571e+00 8.628624620491498476e-02
1.590890645092045697e+00 8.600168772928372396e-02
1.593090500970238077e+00 8.571803875458154642e-02
1.595293398770827764e+00 8.543529649023130779e-02
1.597499342700132052e+00 8.515345815376564043e-02
1.599708336970284472e+00 8.487252097080510982e-02
1.601920385799243229e+00 8.459248217503657907e-02
1.604135493410799418e+00 8.431333900819115712e-02
1.606353664034583906e+00 8.403508872002292407e-02
1.608574901906077104e+00 8.375772856828672674e-02
1.610799211266615183e+00 8.348125581871716772e-02
1.613026596363400067e+00 8.320566774500649798e-02
1.615257061449506315e+00 8.293096162878361988e-02
1.617490610783889338e+00 8.265713475959214629e-02
1.619727248631394056e+00 8.238418443486959786e-02
1.621966979262762454e+00 8.211210795992548994e-02
1.624209806954642454e+00 8.184090264792032166e-02
1.626455735989595253e+00 8.157056581984448163e-02
1.628704770656104195e+00 8.130109480449664028e-02
1.630956915248582106e+00 8.103248693846301642e-02
1.633212174067380840e+00 8.076473956609613036e-02
1.635470551418798157e+00 8.049785003949377904e-02
1.637732051615086615e+00 8.023181571847794180e-02
1.639996678974461997e+00 7.996663397057417189e-02
1.642264437821110645e+00 7.970230217099033565e-02
1.644535332485198564e+00 7.943881770259607344e-02
1.646809367302879856e+00 7.917617795590177476e-02
1.649086546616304050e+00 7.891438032903815014e-02
1.651366874773624982e+00 7.865342222773526182e-02
1.653650356129009458e+00 7.839330106530206788e-02
1.655936995042644355e+00 7.813401426260581373e-02
1.658226795880746618e+00 7.787555924805142360e-02
1.660519763015570360e+00 7.761793345756115570e-02
1.662815900825415305e+00 7.736113433455414634e-02
1.665115213694635887e+00 7.710515932992585697e-02
1.667417706013648582e+00 7.685000590202804849e-02
1.669723382178941673e+00 7.659567151664814499e-02
1.672032246593081917e+00 7.634215364698948569e-02
1.674344303664724531e+00 7.608944977365060536e-02
1.676659557808620526e+00 7.583755738460548623e-02
1.678978013445626027e+00 7.558647397518325484e-02
1.681299675002709604e+00 7.533619704804846162e-02
1.683624546912962039e+00 7.508672411318056961e-02
1.685952633615603435e+00 7.483805268785471976e-02
1.688283939555992985e+00 7.459018029662108085e-02
1.690618469185636741e+00 7.434310447128565646e-02
1.692956226962195609e+00 7.409682275089021775e-02
1.695297217349495122e+00 7.385133268169245813e-02
1.697641444817533207e+00 7.360663181714648118e-02
1.699988913842488625e+00 7.336271771788316354e-02
1.702339628906729851e+00 7.311958795169055947e-02
1.704693594498823517e+00 7.287724009349405563e-02
1.707050815113542841e+00 7.263567172533738625e-02
1.709411295251876739e+00 7.239488043636277403e-02
1.711775039421037370e+00 7.215486382279173716e-02
1.714142052134469685e+00 7.191561948790561876e-02
1.716512337911859865e+00 7.167714504202633841e-02
1.718885901279143757e+00 7.143943810249715753e-02
1.721262746768515761e+00 7.120249629366341704e-02
1.723642878918437038e+00 7.096631724685334430e-02
1.726026302273644175e+00 7.073089860035905452e-02
1.728413021385159176e+00 7.049623799941742708e-02
1.730803040810295901e+00 7.026233309619092648e-02
1.733196365112671167e+00 7.002918154974888121e-02
1.735592998862210967e+00 6.979678102604845724e-02
1.737992946635161573e+00 6.956512919791565941e-02
1.740396213014096860e+00 6.933422374502665186e-02
1.742802802587927413e+00 6.910406235388888430e-02
1.745212719951908964e+00 6.887464271782239855e-02
1.747625969707651938e+00 6.864596253694107975e-02
1.750042556463129895e+00 6.841801951813403226e-02
1.752462484832687739e+00 6.819081137504698353e-02
1.754885759437051052e+00 6.796433582806377105e-02
1.757312384903335412e+00 6.773859060428766288e-02
1.759742365865054170e+00 6.751357343752310836e-02
1.762175706962127775e+00 6.728928206825716962e-02
1.764612412840893096e+00 6.706571424364114742e-02
1.767052488154111645e+00 6.684286771747245670e-02
1.769495937560978671e+00 6.662074025017596102e-02
1.771942765727132052e+00 6.639932960878615342e-02
1.774392977324661169e+00 6.617863356692865739e-02
1.776846577032116459e+00 6.595864990480217183e-02
1.779303569534516960e+00 6.573937640916045766e-02
1.781763959523360308e+00 6.552081087329419962e-02
1.784227751696632280e+00 6.530295109701288181e-02
1.786694950758813238e+00 6.508579488662720458e-02
1.789165561420890782e+00 6.486934005493048827e-02
1.791639588400365080e+00 6.465358442118161741e-02
1.794117036421260858e+00 6.443852581108656941e-02
1.796597910214134508e+00 6.422416205678080359e-02
1.799082214516083411e+00 6.401049099681177523e-02
1.801569954070756374e+00 6.379751047612079728e-02
1.804061133628360958e+00 6.358521834602562373e-02
1.806555757945673024e+00 6.337361246420300520e-02
1.809053831786046507e+00 6.316269069467074504e-02
1.811555359919421626e+00 6.295245090777047692e-02
1.814060347122334438e+00 6.274289098015001231e-02
1.816568798177926825e+00 6.253400879474591001e-02
1.819080717875953157e+00 6.232580224076620518e-02
1.821596111012792063e+00 6.211826921367302051e-02
1.824114982391454642e+00 6.191140761516508023e-02
1.826637336821592239e+00 6.170521535316078610e-02
1.829163179119508653e+00 6.149969034178066896e-02
1.831692514108166137e+00 6.129483050133033989e-02
1.834225346617196717e+00 6.109063375828345521e-02
1.836761681482911079e+00 6.088709804526442476e-02
1.839301523548306339e+00 6.068422130103157119e-02
1.841844877663077584e+00 6.048200147045993541e-02
1.844391748683625654e+00 6.028043650452448443e-02
1.846942141473066235e+00 6.007952436028302090e-02
1.849496060901240302e+00 5.987926300085946729e-02
1.852053511844722333e+00 5.967965039542696276e-02
1.854614499186830079e+00 5.948068451919098776e-02
1.857179027817634331e+00 5.928236335337276619e-02
1.859747102633967142e+00 5.908468488519243167e-02
1.862318728539432255e+00 5.888764710785246437e-02
1.864893910444413549e+00 5.869124802052101686e-02
1.867472653266085691e+00 5.849548562831523996e-02
1.870054961928422133e+00 5.830035794228493468e-02
1.872640841362204878e+00 5.810586297939588502e-02
1.875230296505034921e+00 5.791199876251348910e-02
1.877823332301340464e+00 5.771876332038633484e-02
1.880419953702386460e+00 5.752615468762976858e-02
1.883020165666285273e+00 5.733417090470962346e-02
1.885623973158003785e+00 5.714281001792599624e-02
1.888231381149375832e+00 5.695207007939674659e-02
1.890842394619109967e+00 5.676194914704155159e-02
1.893457018552797910e+00 5.657244528456562699e-02
1.896075257942927195e+00 5.638355656144358741e-02
1.898697117788887834e+00 5.619528105290339665e-02
1.901322603096982755e+00 5.600761683991032497e-02
1.903951718880438237e+00 5.582056200915086475e-02
1.906584470159412126e+00 5.563411465301687509e-02
1.909220861961004267e+00 5.544827286958960849e-02
1.911860899319266505e+00 5.526303476262377223e-02
1.914504587275210223e+00 5.507839844153179787e-02
1.917151930876819010e+00 5.489436202136798587e-02
1.919802935179055980e+00 5.471092362281265026e-02
1.922457605243873768e+00 5.452808137205002875e-02
1.925115946140225631e+00 5.434583339958892062e-02
1.927777962944072998e+00 5.416417784070033659e-02
1.930443660738396794e+00 5.398311283623344337e-02
1.933113044613206766e+00 5.380263653261464774e-02
1.935786119665550586e+00 5.362274708183187300e-02
1.938462890999524513e+00 5.344344264141887707e-02
1.941143363726282267e+00 5.326472137443944571e-02
1.943827542964045252e+00 5.308658144947184937e-02
1.946515433838112541e+00 5.290902104059323763e-02
1.949207041480869984e+00 5.273203832736403363e-02
1.951902371031800421e+00 5.255563149481246032e-02
1.954601427637494337e+00 5.237979873341898351e-02
1.957304216451657419e+00 5.220453823910103236e-02
1.960010742635123204e+00 5.202984821319740077e-02
1.962721011355860190e+00 5.185572686245305818e-02
1.965435027788984046e+00 5.168217239900371046e-02
1.968152797116766495e+00 5.150918304036056911e-02
1.970874324528644417e+00 5.133675700939517583e-02
1.973599615221231174e+00 5.116489253432408152e-02
1.976328674398326157e+00 5.099358784869375411e-02
1.979061507270923670e+00 5.082284119136550038e-02
1.981798119057224472e+00 5.065265080650028368e-02
1.984538514982643997e+00 5.048301494354382607e-02
1.987282700279824565e+00 5.031393185721143302e-02
1.990030680188643597e+00 5.014539980747313025e-02
1.992782459956223384e+00 4.997741705953882146e-02
1.995538044836942637e+00 4.980998188384321013e-02
1.998297440092445809e+00 4.964309255603112370e-02
2.001060650991652423e+00 4.947674735694258114e-02
2.003827682810768618e+00 4.931094457259820041e-02
2.006598540833294919e+00 4.914568249418432150e-02
2.009373230350040007e+00 4.898095941803822656e-02
2.012151756659126711e+00 4.881677364563382499e-02
2.014934125066004444e+00 4.865312348356670702e-02
2.017720340883459862e+00 4.849000724353971087e-02
2.020510409431624854e+00 4.832742324234839959e-02
2.023304336037988094e+00 4.816536980186658656e-02
2.026102126037405693e+00 4.800384524903171524e-02
2.028903784772109642e+00 4.784284791583066215e-02
2.031709317591720687e+00 4.768237613928512364e-02
2.034518729853255437e+00 4.752242826143752291e-02
2.037332026921138795e+00 4.736300262933645921e-02
2.040149214167213287e+00 4.720409759502260105e-02
2.042970296970748834e+00 4.704571151551441982e-02
2.045795280718455622e+00 4.688784275279387487e-02
2.048624170804490774e+00 4.673048967379247326e-02
2.051456972630470776e+00 4.657365065037698260e-02
2.054293691605481698e+00 4.641732405933536587e-02
2.057134333146088956e+00 4.626150828236278573e-02
2.059978902676347978e+00 4.610620170604759482e-02
2.062827405627814414e+00 4.595140272185733316e-02
2.065679847439554795e+00 4.579710972612476699e-02
2.068536233558155857e+00 4.564332112003410130e-02
2.071396569437737423e+00 4.549003530960696318e-02
2.074260860539959062e+00 4.533725070568871834e-02
2.077129112334034744e+00 4.518496572393455174e-02
2.080001330296739503e+00 4.503317878479590197e-02
2.082877519912422759e+00 4.488188831350649333e-02
2.085757686673017197e+00 4.473109274006879799e-02
2.088641836078048541e+00 4.458079049924053294e-02
2.091529973634649320e+00 4.443098003052075445e-02
2.094422104857565525e+00 4.428165977813647292e-02
2.097318235269169051e+00 4.413282819102912896e-02
2.100218370399469237e+00 4.398448372284098629e-02
2.103122515786120861e+00 4.383662483190176734e-02
2.106030676974436133e+00 4.368924998121515024e-02
2.108942859517396684e+00 4.354235763844544610e-02
2.111859068975660669e+00 4.339594627590416531e-02
2.114779310917576982e+00 4.325001437053678510e-02
2.117703590919193690e+00 4.310456040390936439e-02
2.120631914564269138e+00 4.295958286219540845e-02
2.123564287444283938e+00 4.281508023616249770e-02
2.126500715158448518e+00 4.267105102115928417e-02
2.129441203313717779e+00 4.252749371710219661e-02
2.132385757524798642e+00 4.238440682846240232e-02
2.135334383414162041e+00 4.224178886425276197e-02
2.138287086612054466e+00 4.209963833801470129e-02
2.141243872756506406e+00 4.195795376780529773e-02
2.144204747493345664e+00 4.181673367618416598e-02
2.147169716476206691e+00 4.167597659020069734e-02
2.150138785366541239e+00 4.153568104138107009e-02
2.153111959833629907e+00 4.139584556571534318e-02
2.156089245554593248e+00 4.125646870364468172e-02
2.159070648214400645e+00 4.111754900004855467e-02
2.162056173505884527e+00 4.097908500423189798e-02
2.165045827129747469e+00 4.084107526991249959e-02
2.168039614794575964e+00 4.070351835520820416e-02
2.171037542216849747e+00 4.056641282262426346e-02
2.174039615120952895e+00 4.042975723904077695e-02
2.177045839239185820e+00 4.029355017570000058e-02
2.180056220311775483e+00 4.015779020819380124e-02
2.183070764086885163e+00 4.002247591645124308e-02
2.186089476320628222e+00 3.988760588472586854e-02
2.189112362777076104e+00 3.975317870158349282e-02
2.192139429228271652e+00 3.961919295988954037e-02
2.195170681454238881e+00 3.948564725679679782e-02
2.198206125242993636e+00 3.935254019373304879e-02
2.201245766390556025e+00 3.921987037638861862e-02
2.204289610700961521e+00 3.908763641470422434e-02
2.207337663986269849e+00 3.895583692285859573e-02
2.210389932066577856e+00 3.882447051925640158e-02
2.213446420770031953e+00 3.869353582651573198e-02
2.216507135932835215e+00 3.856303147145636462e-02
2.219572083399262041e+00 3.843295608508730254e-02
2.222641269021668808e+00 3.830330830259480457e-02
2.225714698660503199e+00 3.817408676333027689e-02
2.228792378184317524e+00 3.804529011079822026e-02
2.231874313469778937e+00 3.791691699264435750e-02
2.234960510401680089e+00 3.778896606064344882e-02
2.238050974872951571e+00 3.766143597068755816e-02
2.241145712784672117e+00 3.753432538277404196e-02
2.244244730046081937e+00 3.740763296099355179e-02
2.247348032574590260e+00 3.728135737351852275e-02
2.250455626295789546e+00 3.715549729259105816e-02
2.253567517143467480e+00 3.703005139451116812e-02
2.256683711059614961e+00 3.690501835962529259e-02
2.259804213994440314e+00 3.678039687231426935e-02
2.262929031906379063e+00 3.665618562098182931e-02
2.266058170762106805e+00 3.653238329804284895e-02
2.269191636536549872e+00 3.640898859991176933e-02
2.272329435212895099e+00 3.628600022699106364e-02
2.275471572782604035e+00 3.616341688365957291e-02
2.278618055245423601e+00 3.604123727826098744e-02
2.281768888609395862e+00 3.591946012309245317e-02
2.284924078890870902e+00 3.579808413439299064e-02
2.288083632114518373e+00 3.567710803233212213e-02
2.291247554313339041e+00 3.555653054099840865e-02
2.294415851528675887e+00 3.543635038838816725e-02
2.297588529810225211e+00 3.531656630639401495e-02
2.300765595216048620e+00 3.519717703079369708e-02
2.303947053812586354e+00 3.507818130123858263e-02
2.307132911674664832e+00 3.495957786124272160e-02
2.310323174885512643e+00 3.484136545817134029e-02
2.313517849536768534e+00 3.472354284322972523e-02
2.316716941728496071e+00 3.460610877145224584e-02
2.319920457569193406e+00 3.448906200169090525e-02
2.323128403175804824e+00 3.437240129660454335e-02
2.326340784673734063e+00 3.425612542264755422e-02
2.329557608196854090e+00 3.414023315005894343e-02
2.332778879887519530e+00 3.402472325285133686e-02
2.336004605896579545e+00 3.390959450879985765e-02
2.339234792383388051e+00 3.379484569943136396e-02
2.342469445515815263e+00 3.368047561001342310e-02
2.345708571470262349e+00 3.356648302954336888e-02
2.348952176431668537e+00 3.345286675073760180e-02
2.352200266593527100e+00 3.333962557002057014e-02
2.355452848157894685e+00 3.322675828751414651e-02
2.358709927335405077e+00 3.311426370702664351e-02
2.361971510345278968e+00 3.300214063604223896e-02
2.365237603415337730e+00 3.289038788571024829e-02
2.368508212782013178e+00 3.277900427083435542e-02
2.371783344690363116e+00 3.266798860986191988e-02
2.375063005394077553e+00 3.255733972487356853e-02
2.378347201155497803e+00 3.244705644157229452e-02
2.381635938245620920e+00 3.233713758927317383e-02
2.384929222944117910e+00 3.222758200089254760e-02
2.388227061539343055e+00 3.211838851293773861e-02
2.391529460328344125e+00 3.200955596549646259e-02
2.394836425616878373e+00 3.190108320222635740e-02
2.398147963719422293e+00 3.179296907034456776e-02
2.401464080959182734e+00 3.168521242061737853e-02
2.404784783668111547e+00 3.157781210734981331e-02
2.408110078186914471e+00 3.147076698837528858e-02
2.411439970865067561e+00 3.136407592504530939e-02
2.414774468060824741e+00 3.125773778221915822e-02
2.418113576141232901e+00 3.115175142825368088e-02
2.421457301482142999e+00 3.104611573496639590e-02
2.424805650468222495e+00 3.094082957755431990e-02
2.428158629492967346e+00 3.083589183466035888e-02
2.431516244958714879e+00 3.073130138838620073e-02
2.434878503276654449e+00 3.062705712428226076e-02
2.438245410866841212e+00 3.052315793133737049e-02
2.441616974158208109e+00 3.041960270196878910e-02
2.444993199588577415e+00 3.031639033201218372e-02
2.448374093604674062e+00 3.021351972071155065e-02
2.451759662662136297e+00 3.011098977070926150e-02
2.455149913225530778e+00 3.000879938803603653e-02
2.458544851768362349e+00 2.990694748210104281e-02
2.461944484773086472e+00 2.980543296568199593e-02
2.465348818731124325e+00 2.970425475491516101e-02
2.468757860142872129e+00 2.960341176928563134e-02
2.472171615517714027e+00 2.950290293161741267e-02
2.475590091374037183e+00 2.940272716806363595e-02
2.479013294239240217e+00 2.930288340809678732e-02
2.482441230649749198e+00 2.920337058449885143e-02
2.485873907151028739e+00 2.910418763335178433e-02
2.489311330297592217e+00 2.900533349402761862e-02
2.492753506653019535e+00 2.890680710917889473e-02
2.496200442789964669e+00 2.880860742472899499e-02
2.499652145290170324e+00 2.871073338986246046e-02
2.503108620744480817e+00 2.861318395701547071e-02
2.506569875752854060e+00 2.851595808186629250e-02
2.510035916924374000e+00 2.841905472332565893e-02
2.513506750877263940e+00 2.832247284352724589e-02
2.516982384238898085e+00 2.822621140781832530e-02
2.520462823645815309e+00 2.813026938475010619e-02
2.523948075743732034e+00 2.803464574606840190e-02
2.527438147187552886e+00 2.793933946670427992e-02
2.530933044641385354e+00 2.784434952476454866e-02
2.534432774778552666e+00 2.774967490152244198e-02
2.537937344281604446e+00 2.765531458140833149e-02
2.541446759842332259e+00 2.756126755200033127e-02
2.544961028161779382e+00 2.746753280401512815e-02
2.548480155950257231e+00 2.737410933129858295e-02
2.552004149927353804e+00 2.728099613081664751e-02
2.555533016821950554e+00 2.718819220264606651e-02
2.559066763372233044e+00 2.709569654996518695e-02
2.562605396325703833e+00 2.700350817904485085e-02
2.566148922439196234e+00 2.691162609923927404e-02
2.569697348478887200e+00 2.682004932297685565e-02
2.573250681220308866e+00 2.672877686575121300e-02
2.576808927448363207e+00 2.663780774611202232e-02
2.580372093957333135e+00 2.654714098565610567e-02
2.583940187550898049e+00 2.645677560901824737e-02
2.587513215042145376e+00 2.636671064386241631e-02
2.591091183253581676e+00 2.627694512087267939e-02
2.594674099017149516e+00 2.618747807374430941e-02
2.598261969174238128e+00 2.609830853917487203e-02
2.601854800575695403e+00 2.600943555685540989e-02
2.605452600081844761e+00 2.592085816946143595e-02
2.609055374562494478e+00 2.583257542264424944e-02
2.612663130896952346e+00 2.574458636502208533e-02
2.616275875974039877e+00 2.565689004817123253e-02
2.619893616692102079e+00 2.556948552661752333e-02
2.623516359959025657e+00 2.548237185782726427e-02
2.627144112692247901e+00 2.539554810219879152e-02
2.630776881818770896e+00 2.530901332305366541e-02
2.634414674275176615e+00 2.522276658662803150e-02
2.638057497007637142e+00 2.513680696206404067e-02
2.641705356971931540e+00 2.505113352140109564e-02
2.645358261133456068e+00 2.496574533956741337e-02
2.649016216467238838e+00 2.488064149437132014e-02
2.652679229957952689e+00 2.479582106649286591e-02
2.656347308599928958e+00 2.471128313947516808e-02
2.660020459397170356e+00 2.462702679971597378e-02
2.663698689363365624e+00 2.454305113645920480e-02
2.667382005521900634e+00 2.445935524178645057e-02
2.671070414905873047e+00 2.437593821060863794e-02
2.674763924558107853e+00 2.429279914065749293e-02
2.678462541531165364e+00 2.420993713247733201e-02
2.682166272887361202e+00 2.412735128941658272e-02
2.685875125698774291e+00 2.404504071761947789e-02
2.689589107047264172e+00 2.396300452601776709e-02
2.693308224024483000e+00 2.388124182632245587e-02
2.697032483731888419e+00 2.379975173301546523e-02
2.700761893280757775e+00 2.371853336334147494e-02
2.704496459792202767e+00 2.363758583729968013e-02
2.708236190397180998e+00 2.355690827763558606e-02
2.711981092236511959e+00 2.347649980983280288e-02
2.715731172460886800e+00 2.339635956210501383e-02
2.719486438230887426e+00 2.331648666538775616e-02
2.723246896716996268e+00 2.323688025333029566e-02
2.727012555099609603e+00 2.315753946228767818e-02
2.730783420569053987e+00 2.307846343131254863e-02
2.734559500325599579e+00 2.299965130214710191e-02
2.738340801579470352e+00 2.292110221921522806e-02
2.742127331550863190e+00 2.284281532961435213e-02
2.745919097469956327e+00 2.276478978310758974e-02
2.749716106576927555e+00 2.268702473211574311e-02
2.753518366121966210e+00 2.260951933170931433e-02
2.757325883365286057e+00 2.253227273960078589e-02
2.761138665577140827e+00 2.245528411613656808e-02
2.764956720037837545e+00 2.237855262428922049e-02
2.768780054037749849e+00 2.230207742964964920e-02
2.772608674877333090e+00 2.222585770041918263e-02
2.776442589867136324e+00 2.214989260740192478e-02
2.780281806327818295e+00 2.207418132399688315e-02
2.784126331590161652e+00 2.199872302619021447e-02
2.787976172995084045e+00 2.192351689254762662e-02
2.791831337893655007e+00 2.184856210420649952e-02
2.795691833647108826e+00 2.177385784486837728e-02
2.799557667626858759e+00 2.169940330079114105e-02
2.803428847214511244e+00 2.162519766078151856e-02
2.807305379801879663e+00 2.155124011618738886e-02
2.811187272790999003e+00 2.147752986089015992e-02
2.815074533594139616e+00 2.140406609129725732e-02
2.818967169633820546e+00 2.133084800633457817e-02
2.822865188342826404e+00 2.125787480743887570e-02
2.826768597164217134e+00 2.118514569855035543e-02
2.830677403551347115e+00 2.111265988610510486e-02
2.834591614967876705e+00 2.104041657902762028e-02
2.838511238887785559e+00 2.096841498872346540e-02
2.842436282795389069e+00 2.089665432907168718e-02
2.846366754185353010e+00 2.082513381641756464e-02
2.850302660562704204e+00 2.075385266956510447e-02
2.854244009442849173e+00 2.068281010976975864e-02
2.858190808351585677e+00 2.061200536073101719e-02
2.862143064825118266e+00 2.054143764858513271e-02
2.866100786410072931e+00 2.047110620189782071e-02
2.870063980663510428e+00 2.040101025165690779e-02
2.874032655152940929e+00 2.033114903126517770e-02
2.878006817456340460e+00 2.026152177653302300e-02
2.881986475162161554e+00 2.019212772567131539e-02
2.885971635869351459e+00 2.012296611928415802e-02
2.889962307187364132e+00 2.005403620036170717e-02
2.893958496736176667e+00 1.998533721427302873e-02
2.897960212146303061e+00 1.991686840875894413e-02
2.901967461058806652e+00 1.984862903392493536e-02
2.905980251125319658e+00 1.978061834223400137e-02
2.909998590008052499e+00 1.971283558849963244e-02
2.914022485379811567e+00 1.964528002987872210e-02
2.918051944924013430e+00 1.957795092586453803e-02
2.922086976334698605e+00 1.951084753827968948e-02
2.926127587316547540e+00 1.944396913126912249e-02
2.930173785584893942e+00 1.937731497129317054e-02
2.934225578865739426e+00 1.931088432712059835e-02
2.938282974895770838e+00 1.924467646982162480e-02
2.942345981422371803e+00 1.917869067276100140e-02
2.946414606203638709e+00 1.911292621159118091e-02
2.950488857008397581e+00 1.904738236424534034e-02
2.954568741616214744e+00 1.898205841093057733e-02
2.958654267817414585e+00 1.891695363412107880e-02
2.962745443413095536e+00 1.885206731855124454e-02
2.966842276215140739e+00 1.878739875120893216e-02
2.970944774046237580e+00 1.872294722132865699e-02
2.975052944739888350e+00 1.865871202038481974e-02
2.979166796140429341e+00 1.859469244208497574e-02
2.983286336103043723e+00 1.853088778236307299e-02
2.987411572493774425e+00 1.846729733937281168e-02
2.991542513189544561e+00 1.840392041348086136e-02
2.995679166078167199e+00 1.834075630726030373e-02
2.999821539058362685e+00 1.827780432548387762e-02
3.003969640039775513e+00 1.821506377511739050e-02
3.008123476942984098e+00 1.815253396531317856e-02
3.012283057699522093e+00 1.809021420740335173e-02
3.016448390251890377e+00 1.802810381489332661e-02
3.020619482553571267e+00 1.796620210345529003e-02
3.024796342569046725e+00 1.790450839092157589e-02
3.028978978273809464e+00 1.784302199727824667e-02
3.033167397654382924e+00 1.778174224465848066e-02
3.037361608708333716e+00 1.772066845733617085e-02
3.041561619444286269e+00 1.765979996171943706e-02
3.045767437881940154e+00 1.759913608633786181e-02
3.049979072052083851e+00 1.753867616158708703e-02
3.054196529996611176e+00 1.747841951964422894e-02
3.058419819768535941e+00 1.741836549477999985e-02
3.062648949432007495e+00 1.735851342337579178e-02
3.066883927062325821e+00 1.729886264391719553e-02
3.071124760745958415e+00 1.723941249698755437e-02
3.075371458580553163e+00 1.718016232526165671e-02
3.079624028674955660e+00 1.712111147349930015e-02
3.083882479149225642e+00 1.706225928853897719e-02
3.088146818134648530e+00 1.700360511929151219e-02
3.092417053773756308e+00 1.694514831673380600e-02
3.096693194220338174e+00 1.688688823390245217e-02
3.100975247639458754e+00 1.682882422588754048e-02
3.105263222207474971e+00 1.677095564982631487e-02
3.109557126112046710e+00 1.671328186489701162e-02
3.113856967552158572e+00 1.665580223231261439e-02
3.118162754738130538e+00 1.659851611531457799e-02
3.122474495891636614e+00 1.654142287916674642e-02
3.126792199245719939e+00 1.648452189114910094e-02
3.131115873044806541e+00 1.642781252055165730e-02
3.135445525544724887e+00 1.637129413866830405e-02
3.139781165012717867e+00 1.631496611879071010e-02
3.144122799727460560e+00 1.625882783620218042e-02
3.148470437979075776e+00 1.620287866817162609e-02
3.152824088069150488e+00 1.614711799394747543e-02
3.157183758310749155e+00 1.609154519475161985e-02
3.161549457028433263e+00 1.603615965377341510e-02
3.165921192558273756e+00 1.598096075616366185e-02
3.170298973247869689e+00 1.592594788902855496e-02
3.174682807456362887e+00 1.587112044142379580e-02
3.179072703554454815e+00 1.581647780434856237e-02
3.183468669924419014e+00 1.576201937073967371e-02
3.187870714960122420e+00 1.570774453546547322e-02
3.192278847067038239e+00 1.565365269532012146e-02
3.196693074662262823e+00 1.559974324901759399e-02
3.201113406174531217e+00 1.554601559718584401e-02
3.205539850044233141e+00 1.549246914236095812e-02
3.209972414723429868e+00 1.543910328898126169e-02
3.214411108675870654e+00 1.538591744338154918e-02
3.218855940377007840e+00 1.533291101378731099e-02
3.223306918314012837e+00 1.528008341030881803e-02
3.227764050985795219e+00 1.522743404493547698e-02
3.232227346903012943e+00 1.517496233153006399e-02
3.236696814588094995e+00 1.512266768582292385e-02
3.241172462575255153e+00 1.507054952540626963e-02
3.245654299410507093e+00 1.501860726972848760e-02
3.250142333651683479e+00 1.496684034008847336e-02
3.254636573868447069e+00 1.491524815962993848e-02
3.259137028642313805e+00 1.486383015333575010e-02
3.263643706566664804e+00 1.481258574802231213e-02
3.268156616246764568e+00 1.476151437233392226e-02
3.272675766299777411e+00 1.471061545673714270e-02
3.277201165354779899e+00 1.465988843351531679e-02
3.281732822052784826e+00 1.460933273676287905e-02
3.286270745046751429e+00 1.455894780237985617e-02
3.290814943001604931e+00 1.450873306806630195e-02
3.295365424594251635e+00 1.445868797331681214e-02
3.299922198513597582e+00 1.440881195941498376e-02
3.304485273460560979e+00 1.435910446942792115e-02
3.309054658148093075e+00 1.430956494820078903e-02
3.313630361301194593e+00 1.426019284235132377e-02
3.318212391656928606e+00 1.421098760026440547e-02
3.322800757964441853e+00 1.416194867208662132e-02
3.327395468984976734e+00 1.411307550972086544e-02
3.331996533491892620e+00 1.406436756682094731e-02
3.336603960270679181e+00 1.401582429878619335e-02
3.341217758118976366e+00 1.396744516275605710e-02
3.345837935846588174e+00 1.391922961760484224e-02
3.350464502275498635e+00 1.387117712393634399e-02
3.355097466239894466e+00 1.382328714407845931e-02
3.359736836586175723e+00 1.377555914207800533e-02
3.364382622172975346e+00 1.372799258369533301e-02
3.369034831871177804e+00 1.368058693639908306e-02
3.373693474563930650e+00 1.363334166936099913e-02
3.378358559146667162e+00 1.358625625345057618e-02
3.383030094527121001e+00 1.353933016122991183e-02
3.387708089625342645e+00 1.349256286694847443e-02
3.392392553373717146e+00 1.344595384653790061e-02
3.397083494716982788e+00 1.339950257760682238e-02
3.401780922612242630e+00 1.335320853943572014e-02
3.406484846028988933e+00 1.330707121297175499e-02
3.411195273949115592e+00 1.326109008082364434e-02
3.415912215366936788e+00 1.321526462725652190e-02
3.420635679289204312e+00 1.316959433818683592e-02
3.425365674735122656e+00 1.312407870117734097e-02
3.430102210736368562e+00 1.307871720543189557e-02
3.434845296337109222e+00 1.303350934179048522e-02
3.439594940594016492e+00 1.298845460272417263e-02
3.444351152576286434e+00 1.294355248233004102e-02
3.449113941365653524e+00 1.289880247632619985e-02
3.453883316056413300e+00 1.285420408204679225e-02
3.458659285755435242e+00 1.280975679843698173e-02
3.463441859582182314e+00 1.276546012604798039e-02
3.468231046668727391e+00 1.272131356703216920e-02
3.473026856159770137e+00 1.267731662513804126e-02
3.477829297212656545e+00 1.263346880570535499e-02
3.482638378997394923e+00 1.258976961566021791e-02
3.487454110696673659e+00 1.254621856351014267e-02
3.492276501505878983e+00 1.250281515933919507e-02
3.497105560633112287e+00 1.245955891480314028e-02
3.501941297299206557e+00 1.241644934312455262e-02
3.506783720737746801e+00 1.237348595908802258e-02
3.511632840195085592e+00 1.233066827903525099e-02
3.516488664930361274e+00 1.228799582086033057e-02
3.521351204215516173e+00 1.224546810400487483e-02
3.526220467335310804e+00 1.220308464945330483e-02
3.531096463587348300e+00 1.216084497972800584e-02
3.535979202282085510e+00 1.211874861888462794e-02
3.540868692742856094e+00 1.207679509250728610e-02
3.545764944305884292e+00 1.203498392770390238e-02
3.550667966320303126e+00 1.199331465310147712e-02
3.555577768148176165e+00 1.195178679884133059e-02
3.560494359164511291e+00 1.191039989657446257e-02
3.565417748757279792e+00 1.186915347945691201e-02
3.570347946327434574e+00 1.182804708214504202e-02
3.575284961288929697e+00 1.178708024079088562e-02
3.580228803068732812e+00 1.174625249303762331e-02
3.585179481106850918e+00 1.170556337801481606e-02
3.590137004856342351e+00 1.166501243633391062e-02
3.595101383783337656e+00 1.162459921008360958e-02
3.600072627367058242e+00 1.158432324282529340e-02
3.605050745099829701e+00 1.154418407958847891e-02
3.610035746487106234e+00 1.150418126686624833e-02
3.615027641047486195e+00 1.146431435261071989e-02
3.620026438312728967e+00 1.142458288622851502e-02
3.625032147827775386e+00 1.138498641857627926e-02
3.630044779150761958e+00 1.134552450195617027e-02
3.635064341853045722e+00 1.130619669011136662e-02
3.640090845519217133e+00 1.126700253822159568e-02
3.645124299747120045e+00 1.122794160289870315e-02
3.650164714147871248e+00 1.118901344218218609e-02
3.655212098345874239e+00 1.115021761553477292e-02
3.660266461978844532e+00 1.111155368383803799e-02
3.665327814697823428e+00 1.107302120938789998e-02
3.670396166167197105e+00 1.103461975589035624e-02
3.675471526064715277e+00 1.099634888845702971e-02
3.680553904081512506e+00 1.095820817360080787e-02
3.685643309922118860e+00 1.092019717923153888e-02
3.690739753304487891e+00 1.088231547465163228e-02
3.695843243960010405e+00 1.084456263055176041e-02
3.700953791633532219e+00 1.080693821900657881e-02
3.706071406083376374e+00 1.076944181347034950e-02
3.711196097081356005e+00 1.073207298877272044e-02
3.716327874412799659e+00 1.069483132111443899e-02
3.721466747876565506e+00 1.065771638806305849e-02
3.726612727285062210e+00 1.062072776854873501e-02
3.731765822464267135e+00 1.058386504285992180e-02
3.736926043253742336e+00 1.054712779263924233e-02
3.742093399506658091e+00 1.051051560087918994e-02
3.747267901089809339e+00 1.047402805191797320e-02
3.752449557883634768e+00 1.043766473143532651e-02
3.757638379782234139e+00 1.040142522644831903e-02
3.762834376693390936e+00 1.036530912530720348e-02
3.768037558538585685e+00 1.032931601769128752e-02
3.773247935253021268e+00 1.029344549460476169e-02
3.778465516785637135e+00 1.025769714837257776e-02
3.783690313099130176e+00 1.022207057263635997e-02
3.788922334169975592e+00 1.018656536235029199e-02
3.794161589988439331e+00 1.015118111377703684e-02
3.799408090558605622e+00 1.011591742448364299e-02
3.804661845898391181e+00 1.008077389333747811e-02
3.809922866039564759e+00 1.004575012050222364e-02
3.815191161027768008e+00 1.001084570743376520e-02
3.820466740922531468e+00 9.976060256876235696e-03
3.825749615797297221e+00 9.941393372857938726e-03
3.831039795739437093e+00 9.906844660687379525e-03
3.836337290850270865e+00 9.872413726948586418e-03
3.841642111245087143e+00 9.838100179492031278e-03
3.846954267053159793e+00 9.803903627433645934e-03
3.852273768417770583e+00 9.769823681153781345e-03
3.857600625496228286e+00 9.735859952293243746e-03
3.862934848459884662e+00 9.702012053749408879e-03
3.868276447494158443e+00 9.668279599672270283e-03
3.873625432798551760e+00 9.634662205460527498e-03
3.878981814586669241e+00 9.601159487757717631e-03
3.884345603086240217e+00 9.567771064448291410e-03
3.889716808539136483e+00 9.534496554653753425e-03
3.895095441201391839e+00 9.501335578728817982e-03
3.900481511343222962e+00 9.468287758257504239e-03
3.905875029249044950e+00 9.435352716049363181e-03
3.911276005217497520e+00 9.402530076135598783e-03
3.916684449561459669e+00 9.369819463765244674e-03
3.922100372608070984e+00 9.337220505401413670e-03
3.927523784698752518e+00 9.304732828717436274e-03
3.932954696189221444e+00 9.272356062593134496e-03
3.938393117449518144e+00 9.240089837111007190e-03
3.943839058864022196e+00 9.207933783552467444e-03
3.949292530831471471e+00 9.175887534394145881e-03
3.954753543764984336e+00 9.143950723304086411e-03
3.960222108092075644e+00 9.112122985138051273e-03
3.965698234254681598e+00 9.080403955935810456e-03
3.971181932709176632e+00 9.048793272917420721e-03
3.976673213926394723e+00 9.017290574479528906e-03
3.982172088391647602e+00 8.985895500191708185e-03
3.987678566604746955e+00 8.954607690792768318e-03
3.993192659080022189e+00 8.923426788187097114e-03
3.998714376346342192e+00 8.892352435441033126e-03
4.004243728947135317e+00 8.861384276779189773e-03
4.009780727440410253e+00 8.830521957580821091e-03
4.015325382398773790e+00 8.799765124376274228e-03
4.020877704409451248e+00 8.769113424843315296e-03
4.026437704074308677e+00 8.738566507803541966e-03
4.032005392009874178e+00 8.708124023218823812e-03
4.037580778847354779e+00 8.677785622187707965e-03
4.043163875232657745e+00 8.647550956941857728e-03
4.048754691826409235e+00 8.617419680842524146e-03
4.054353239303981837e+00 8.587391448376958600e-03
4.059959528355505221e+00 8.557465915154931213e-03
4.065573569685894562e+00 8.527642737905146916e-03
4.071195374014864754e+00 8.497921574471810693e-03
4.076824952076957054e+00 8.468302083811059255e-03
4.082462314621551513e+00 8.438783925987543635e-03
4.088107472412896293e+00 8.409366762170848719e-03
4.093760436230122757e+00 8.380050254632134821e-03
4.099421216867267681e+00 8.350834066740604050e-03
4.105089825133294568e+00 8.321717862960067297e-03
4.110766271852110521e+00 8.292701308845549374e-03
4.116450567862592003e+00 8.263784071039821308e-03
4.122142724018602600e+00 8.234965817269979463e-03
4.127842751189015225e+00 8.206246216344035074e-03
4.133550660257732545e+00 8.177624938147564498e-03
4.139266462123704748e+00 8.149101653640288337e-03
4.144990167700953521e+00 8.120676034852688727e-03
4.150721787918595140e+00 8.092347754882664793e-03
4.156461333720856466e+00 8.064116487892162080e-03
4.162208816067097139e+00 8.035981909103826273e-03
4.167964245931831790e+00 8.007943694797686404e-03
4.173727634304750467e+00 7.980001522307820713e-03
4.179498992190739948e+00 7.952155070019013838e-03
4.185278330609904174e+00 7.924404017363505942e-03
4.191065660597586451e+00 7.896748044817627349e-03
4.196860993204388102e+00 7.869186833898596245e-03
4.202664339496189783e+00 7.841720067161175867e-03
4.208475710554176352e+00 7.814347428194428832e-03
4.214295117474855523e+00 7.787068601618466271e-03
4.220122571370078290e+00 7.759883273081205624e-03
4.225958083367061136e+00 7.732791129255132782e-03
4.231801664608404678e+00 7.705791857834053821e-03
4.237653326252121211e+00 7.678885147529920449e-03
4.243513079471650684e+00 7.652070688069574807e-03
4.249380935455882913e+00 7.625348170191583591e-03
4.255256905409179780e+00 7.598717285643042697e-03
4.261141000551396552e+00 7.572177727176396603e-03
4.267033232117901420e+00 7.545729188546290711e-03
4.272933611359602146e+00 7.519371364506360379e-03
4.278842149542961160e+00 7.493103950806125763e-03
4.284758857950021316e+00 7.466926644187866710e-03
4.290683747878426324e+00 7.440839142383416129e-03
4.296616830641439400e+00 7.414841144111139828e-03
4.302558117567971685e+00 7.388932349072730756e-03
4.308507620002595573e+00 7.363112457950190572e-03
4.314465349305574016e+00 7.337381172402655978e-03
4.320431316852878290e+00 7.311738195063375093e-03
4.326405534036206646e+00 7.286183229536625713e-03
4.332388012263013621e+00 7.260715980394618838e-03
4.338378762956525136e+00 7.235336153174472436e-03
4.344377797555765142e+00 7.210043454375149666e-03
4.350385127515576045e+00 7.184837591454416167e-03
4.356400764306633810e+00 7.159718272825863275e-03
4.362424719415482599e+00 7.134685207855804602e-03
4.368457004344546313e+00 7.109738106860332210e-03
4.374497630612156129e+00 7.084876681102281713e-03
4.380546609752570930e+00 7.060100642788281512e-03
4.386603953315995064e+00 7.035409705065711825e-03
4.392669672868607655e+00 7.010803582019786012e-03
4.398743779992582148e+00 6.986281988670544306e-03
4.404826286286104953e+00 6.961844640969918653e-03
4.410917203363401207e+00 6.937491255798808841e-03
4.417016542854758754e+00 6.913221550964064946e-03
4.423124316406541467e+00 6.889035245195690091e-03
4.429240535681223001e+00 6.864932058143782996e-03
4.435365212357401887e+00 6.840911710375716451e-03
4.441498358129825519e+00 6.816973923373203896e-03
4.447639984709413241e+00 6.793118419529398100e-03
4.453790103823276780e+00 6.769344922146040139e-03
4.459948727214744224e+00 6.745653155430547665e-03
4.466115866643383114e+00 6.722042844493175164e-03
4.472291533885020876e+00 6.698513715344111760e-03
4.478475740731770571e+00 6.675065494890699593e-03
4.484668498992047780e+00 6.651697910934532484e-03
4.490869820490598130e+00 6.628410692168664776e-03
4.497079717068518612e+00 6.605203568174757706e-03
4.503298200583279787e+00 6.582076269420269153e-03
4.509525282908749766e+00 6.559028527255681557e-03
4.515760975935211086e+00 6.536060073911648290e-03
4.522005291569393570e+00 6.513170642496251064e-03
4.528258241734488543e+00 6.490359966992181873e-03
4.534519838370174583e+00 6.467627782254004726e-03
4.540790093432640617e+00 6.444973824005378361e-03
4.547069018894609904e+00 6.422397828836279819e-03
4.553356626745357794e+00 6.399899534200289598e-03
4.559652928990740151e+00 6.377478678411836049e-03
4.565957937653216447e+00 6.355135000643455379e-03
4.572271664771867528e+00 6.332868240923078540e-03
4.578594122402423139e+00 6.310678140131350221e-03
4.584925322617282362e+00 6.288564439998853284e-03
4.591265277505538478e+00 6.266526883103474589e-03
4.597613999173002064e+00 6.244565212867668469e-03
4.603971499742223195e+00 6.222679173555807804e-03
4.610337791352513648e+00 6.200868510271518620e-03
4.616712886159971774e+00 6.179132968954956576e-03
4.623096796337504699e+00 6.157472296380240434e-03
4.629489534074853196e+00 6.135886240152701662e-03
4.635891111578613888e+00 6.114374548706334386e-03
4.642301541072261450e+00 6.092936971301097897e-03
4.648720834796174373e+00 6.071573258020335380e-03
4.655149005007653606e+00 6.050283159768137138e-03
4.661586063980952765e+00 6.029066428266734168e-03
4.668032024007296776e+00 6.007922816053885666e-03
4.674486897394907636e+00 5.986852076480307303e-03
4.680950696469025729e+00 5.965853963707089952e-03
4.687423433571932918e+00 5.944928232703100210e-03
4.693905121062981856e+00 5.924074639242416472e-03
4.700395771318612859e+00 5.903292939901783228e-03
4.706895396732380554e+00 5.882582892058033260e-03
4.713404009714978748e+00 5.861944253885574031e-03
4.719921622694259078e+00 5.841376784353825499e-03
4.726448248115260320e+00 5.820880243224696958e-03
4.732983898440231485e+00 5.800454391050050007e-03
4.739528586148650469e+00 5.780098989169236978e-03
4.746082323737256914e+00 5.759813799706499718e-03
4.752645123720063758e+00 5.739598585568578271e-03
4.759216998628394535e+00 5.719453110442139152e-03
4.765797961010896699e+00 5.699377138791327652e-03
4.772388023433571824e+00 5.679370435855275040e-03
4.778987198479797804e+00 5.659432767645647400e-03
4.785595498750351950e+00 5.639563900944164973e-03
4.792212936863433193e+00 5.619763603300173549e-03
4.798839525454693167e+00 5.600031643028165543e-03
4.805475277177252202e+00 5.580367789205361792e-03
4.812120204701730408e+00 5.560771811669286413e-03
4.818774320716266324e+00 5.541243481015327779e-03
4.825437637926543566e+00 5.521782568594269143e-03
4.832110169055814808e+00 5.502388846476830887e-03
4.838791926844927538e+00 5.483062087393915374e-03
4.845482924052346263e+00 5.463802064810925965e-03
4.852183173454179155e+00 5.444608552941068019e-03
4.858892687844196701e+00 5.425481326742975785e-03
4.865611480033864567e+00 5.406420161918291598e-03
4.872339562852362249e+00 5.387424834909279765e-03
4.879076949146609721e+00 5.368495122896477754e-03
4.885823651781291410e+00 5.349630803796320486e-03
4.892579683638881960e+00 5.330831656258762895e-03
4.899345057619665766e+00 5.312097459664975353e-03
4.906119786641768066e+00 5.293427994124926331e-03
4.912903883641178915e+00 5.274823040475112509e-03
4.919697361571773619e+00 5.256282380276172672e-03
4.926500233405342044e+00 5.237805795810612612e-03
4.933312512131605487e+00 5.219393070080484941e-03
4.940134210758253985e+00 5.201043986805017720e-03
4.946965342310961411e+00 5.182758330418376670e-03
4.953805919833414784e+00 5.164535886067361456e-03
4.960655956387335586e+00 5.146376439609108046e-03
4.967515465052506407e+00 5.128279777608786734e-03
4.974384458926799368e+00 5.110245687337374755e-03
4.981262951126196548e+00 5.092273956769351705e-03
4.988150954784815738e+00 5.074364374580450469e-03
4.995048483054937982e+00 5.056516730145423771e-03
5.001955549107028887e+00 5.038730813535761272e-03
5.008872166129767933e+00 5.021006415517486471e-03
5.015798347330071572e+00 5.003343327548903305e-03
5.022734105933116311e+00 4.985741341778392177e-03
5.029679455182369807e+00 4.968200251042165227e-03
5.036634408339611291e+00 4.950719848862073641e-03
5.043598978684953771e+00 4.933299929443401080e-03
5.050573179516880451e+00 4.915940287672664923e-03
5.057557024152259828e+00 4.898640719115432245e-03
5.064550525926375002e+00 4.881401020014106314e-03
5.071553698192950321e+00 4.864220987285807624e-03
5.078566554324172699e+00 4.847100418520143041e-03
5.085589107710722701e+00 4.830039111977082501e-03
5.092621371761794968e+00 4.813036866584780200e-03
5.099663359905128424e+00 4.796093481937441748e-03
5.106715085587029357e+00 4.779208758293168775e-03
5.113776562272394521e+00 4.762382496571826961e-03
5.120847803444741331e+00 4.745614498352924461e-03
5.127928822606234505e+00 4.728904565873443509e-03
5.135019633277705609e+00 4.712252502025817726e-03
5.142120248998685916e+00 4.695658110355714274e-03
5.149230683327425062e+00 4.679121195060005969e-03
5.156350949840923015e+00 4.662641560984640172e-03
5.163481062134954058e+00 4.646219013622565792e-03
5.170621033824092549e+00 4.629853359111622997e-03
5.177770878541737787e+00 4.613544404232493637e-03
5.184930609940144208e+00 4.597291956406616975e-03
5.192100241690437379e+00 4.581095823694131437e-03
5.199279787482653070e+00 4.564955814791808557e-03
5.206469261025756801e+00 4.548871739031010338e-03
5.213668676047668704e+00 4.532843406375622330e-03
5.220878046295294617e+00 4.516870627420035283e-03
5.228097385534544728e+00 4.500953213387138933e-03
5.235326707550367331e+00 4.485090976126224725e-03
5.242566026146772806e+00 4.469283728111018636e-03
5.249815355146858487e+00 4.453531282437666293e-03
5.257074708392837081e+00 4.437833452822687735e-03
5.264344099746059769e+00 4.422190053601029319e-03
5.271623543087046393e+00 4.406600899724028020e-03
5.278913052315511223e+00 4.391065806757442520e-03
5.286212641350388708e+00 4.375584590879437463e-03
5.293522324129858347e+00 4.360157068878676989e-03
5.300842114611377554e+00 4.344783058152277763e-03
5.308172026771695862e+00 4.329462376703888636e-03
5.315512074606897563e+00 4.314194843141723468e-03
5.322862272132415917e+00 4.298980276676612165e-03
5.330222633383066899e+00 4.283818497120039578e-03
5.337593172413074072e+00 4.268709324882209548e-03
5.344973903296089901e+00 4.253652580970152322e-03
5.352364840125233947e+00 4.238648086985731360e-03
5.359765997013108851e+00 4.223695665123760289e-03
5.367177388091835866e+00 4.208795138170086034e-03
5.374599027513076166e+00 4.193946329499655470e-03
5.382030929448056611e+00 4.179149063074667943e-03
5.389473108087603492e+00 4.164403163442596811e-03
5.396925577642165628e+00 4.149708455734363657e-03
5.404388352341841006e+00 4.135064765662414474e-03
5.411861446436405210e+00 4.120471919518876522e-03
5.419344874195336281e+00 4.105929744173634523e-03
5.426838649907846701e+00 4.091438067072503126e-03
5.434342787882905590e+00 4.076996716235344737e-03
5.441857302449269795e+00 4.062605520254222898e-03
5.449382207955508761e+00 4.048264308291549610e-03
5.456917518770034725e+00 4.033972910078225706e-03
5.464463249281123147e+00 4.019731155911829799e-03
5.472019413896951789e+00 4.005538876654745652e-03
5.479586027045618479e+00 3.991395903732380609e-03
5.487163103175172196e+00 3.977302069131309452e-03
5.494750656753641493e+00 3.963257205397459869e-03
5.502348702269059366e+00 3.949261145634326564e-03
5.509957254229492563e+00 3.935313723501144591e-03
5.517576327163071781e+00 3.921414773211084372e-03
5.525205935618015651e+00 3.907564129529480547e-03
5.532846094162660044e+00 3.893761627772020489e-03
5.540496817385482942e+00 3.880007103802990496e-03
5.548158119895138185e+00 3.866300394033466478e-03
5.555830016320480347e+00 3.852641335419565785e-03
5.563512521310591374e+00 3.839029765460661749e-03
5.571205649534809012e+00 3.825465522197645483e-03
5.578909415682758777e+00 3.811948444211151268e-03
5.586623834464373495e+00 3.798478370619828761e-03
5.594348920609929721e+00 3.785055141078580085e-03
5.602084688870073492e+00 3.771678595776815565e-03
5.609831154015846977e+00 3.758348575436749796e-03
5.617588330838717781e+00 3.745064921311645669e-03
5.625356234150604706e+00 3.731827475184108268e-03
5.633134878783911503e+00 3.718636079364365764e-03
5.640924279591549073e+00 3.705490576688556369e-03
5.648724451446968331e+00 3.692390810517012269e-03
5.656535409244188628e+00 3.679336624732572596e-03
5.664357167897819956e+00 3.666327863738897287e-03
5.672189742343098473e+00 3.653364372458738421e-03
5.680033147535914040e+00 3.640445996332305253e-03
5.687887398452834198e+00 3.627572581315546395e-03
5.695752510091139698e+00 3.614743973878489693e-03
5.703628497468844039e+00 3.601960021003586861e-03
5.711515375624731661e+00 3.589220570184021263e-03
5.719413159618381037e+00 3.576525469422072497e-03
5.727321864530193984e+00 3.563874567227449768e-03
5.735241505461426748e+00 3.551267712615649094e-03
5.743172097534217535e+00 3.538704755106323978e-03
5.751113655891612275e+00 3.526185544721622232e-03
5.759066195697598367e+00 3.513709931984561417e-03
5.767029732137132214e+00 3.501277767917426384e-03
5.775004280416167646e+00 3.488888904040099177e-03
5.782989855761685227e+00 3.476543192368492571e-03
5.790986473421718017e+00 3.464240485412904257e-03
5.798994148665387982e+00 3.451980636176411790e-03
5.807012896782928202e+00 3.439763498153298755e-03
5.815042733085716620e+00 3.427588925327417196e-03
5.823083672906304464e+00 3.415456772170628961e-03
5.831135731598438454e+00 3.403366893641205423e-03
5.839198924537103430e+00 3.391319145182243242e-03
5.847273267118541007e+00 3.379313382720084465e-03
5.855358774760283325e+00 3.367349462662766555e-03
5.863455462901181470e+00 3.355427241898422102e-03
5.871563347001434785e+00 3.343546577793744898e-03
5.879682442542620180e+00 3.331707328192413942e-03
5.887812765027723216e+00 3.319909351413559938e-03
5.895954329981166531e+00 3.308152506250191475e-03
5.904107152948840032e+00 3.296436651967684511e-03
5.912271249498130210e+00 3.284761648302211151e-03
5.920446635217947673e+00 3.273127355459238674e-03
5.928633325718760894e+00 3.261533634111973053e-03
5.936831336632625522e+00 3.249980345399863194e-03
5.945040683613211030e+00 3.238467350927055725e-03
5.953261382335834462e+00 3.226994512760901403e-03
5.961493448497483527e+00 3.215561693430438531e-03
5.969736897816857457e+00 3.204168755924888083e-03
5.977991746034388321e+00 3.192815563692155342e-03
5.986258008912273887e+00 3.181501980637329793e-03
5.994535702234507824e+00 3.170227871121211478e-03
6.002824841806909006e+00 3.158993099958813926e-03
6.011125443457152606e+00 3.147797532417874900e-03
6.019437523034800286e+00 3.136641034217403125e-03
6.027761096411331287e+00 3.125523471526181658e-03
6.036096179480169077e+00 3.114444710961323734e-03
6.044442788156718649e+00 3.103404619586796510e-03
6.052800938378385176e+00 3.092403064911976480e-03
6.061170646104619308e+00 3.081439914890181028e-03
6.069551927316935824e+00 3.070515037917223404e-03
6.077944798018950046e+00 3.059628302829587362e-03
6.086349274236408924e+00 3.048779578894018384e-03
6.094765372017212357e+00 3.037968735806065215e-03
6.103193107431458486e+00 3.027195643697877872e-03
6.111632496571464124e+00 3.016460173137217558e-03
6.120083555551798504e+00 3.005762195126010766e-03
6.128546300509313483e+00 2.995101581098964533e-03
6.137020747603173731e+00 2.984478202922120123e-03
6.145506913014890493e+00 2.973891932891450495e-03
6.154004812948349112e+00 2.963342643731486405e-03
6.162514463629841899e+00 2.952830208593858370e-03
6.171035881308100990e+00 2.942354501055947924e-03
6.179569082254320556e+00 2.931915395119484222e-03
6.188114082762200319e+00 2.921512765209136313e-03
6.196670899147968647e+00 2.911146486171150953e-03
6.205239547750416307e+00 2.900816433271974793e-03
6.213820044930924880e+00 2.890522482196864872e-03
6.222412407073504959e+00 2.880264509048519918e-03
6.231016650584815686e+00 2.870042390345741139e-03
6.239632791894207386e+00 2.859856003022030139e-03
6.248260847453749989e+00 2.849705224424255341e-03
6.256900833738259671e+00 2.839589932311311488e-03
6.265552767245337940e+00 2.829510004852725351e-03
6.274216664495391171e+00 2.819465320627377244e-03
6.282892542031677685e+00 2.809455758622105004e-03
6.291580416420329058e+00 2.799481198230379525e-03
6.300280304250382102e+00 2.789541519251000686e-03
6.308992222133817940e+00 2.779636601886742529e-03
6.317716186705579773e+00 2.769766326743038770e-03
6.326452214623621728e+00 2.759930574826666583e-03
6.335200322568927511e+00 2.750129227544430809e-03
6.343960527245549486e+00 2.740362166701843828e-03
6.352732845380636206e+00 2.730629274501834933e-03
6.361517293724469724e+00 2.720930433543437572e-03
6.370313889050487788e+00 2.711265526820498279e-03
6.379122648155327369e+00 2.701634437720368698e-03
6.387943587858849526e+00 2.692037050022637063e-03
6.396776725004174047e+00 2.682473247897824986e-03
6.405622076457713199e+00 2.672942915906110269e-03
6.414479659109196596e+00 2.663445938996054484e-03
6.423349489871712947e+00 2.653982202503320578e-03
6.432231585681736696e+00 2.644551592149421704e-03
6.441125963499162665e+00 2.635153994040420611e-03
6.450032640307337140e+00 2.625789294665709268e-03
6.458951633113088064e+00 2.616457380896725603e-03
6.467882958946764127e+00 2.607158139985705798e-03
6.476826634862261400e+00 2.597891459564431391e-03
6.485782677937057095e+00 2.588657227643004124e-03
6.494751105272246861e+00 2.579455332608566152e-03
6.503731933992566105e+00 2.570285663224105253e-03
6.512725181246435291e+00 2.561148108627185442e-03
6.521730864205987466e+00 2.552042558328745676e-03
6.530749000067099352e+00 2.542968902211850853e-03
6.539779606049426874e+00 2.533927030530485312e-03
6.548822699396437130e+00 2.524916833908328554e-03
6.557878297375437704e+00 2.515938203337539630e-03
6.566946417277618409e+00 2.506991030177557148e-03
6.576027076418075268e+00 2.498075206153876730e-03
6.585120292135848707e+00 2.489190623356861420e-03
6.594226081793958194e+00 2.480337174240532152e-03
6.603344462779424440e+00 2.471514751621398977e-03
6.612475452503318252e+00 2.462723248677222473e-03
6.621619068400783625e+00 2.453962558945874464e-03
6.630775327931072383e+00 2.445232576324131522e-03
6.639944248577583252e+00 2.436533195066482773e-03
6.649125847847882298e+00 2.427864309783992359e-03
6.658320143273751768e+00 2.419225815443086427e-03
6.667527152411214963e+00 2.410617607364409949e-03
6.676746892840570879e+00 2.402039581221654049e-03
6.685979382166427953e+00 2.393491633040393304e-03
6.695224638017739593e+00 2.384973659196929548e-03
6.704482678047831712e+00 2.376485556417142625e-03
6.713753519934446246e+00 2.368027221775333320e-03
6.723037181379766913e+00 2.359598552693080616e-03
6.732333680110456520e+00 2.351199446938104579e-03
6.741643033877691593e+00 2.342829802623108866e-03
6.750965260457189032e+00 2.334489518204673972e-03
6.760300377649250514e+00 2.326178492482106671e-03
6.769648403278791804e+00 2.317896624596295970e-03
6.779009355195374731e+00 2.309643814028639313e-03
6.788383251273246266e+00 2.301419960599860367e-03
6.797770109411362505e+00 2.293224964468943035e-03
6.807169947533437515e+00 2.285058726131983936e-03
6.816582783587967320e+00 2.276921146421096494e-03
6.826008635548265424e+00 2.268812126503305052e-03
6.835447521412501892e+00 2.260731567879432479e-03
6.844899459203728220e+00 2.252679372383016836e-03
6.854364466969924408e+00 2.244655442179192481e-03
6.863842562784023826e+00 2.236659679763621476e-03
6.873333764743951413e+00 2.228691987961387705e-03
6.882838090972656531e+00 2.220752269925918305e-03
6.892355559618151162e+00 2.212840429137898600e-03
6.901886188853538329e+00 2.204956369404192668e-03
6.911429996877052950e+00 2.197099994856781691e-03
6.920987001912094705e+00 2.189271209951663272e-03
6.930557222207260004e+00 2.181469919467816238e-03
6.940140676036383738e+00 2.173696028506106465e-03
6.949737381698561478e+00 2.165949442488252115e-03
6.959347357518199217e+00 2.158230067155745072e-03
6.968970621845040014e+00 2.150537808568799263e-03
6.978607193054200408e+00 2.142872573105312865e-03
6.988257089546205947e+00 2.135234267459804915e-03
6.997920329747023160e+00 2.127622798642378812e-03
7.007596932108102195e+00 2.120038073977676286e-03
7.017286915106404344e+00 2.112480001103843492e-03
7.026990297244443795e+00 2.104948487971496258e-03
7.036707097050316939e+00 2.097443442842685316e-03
7.046437333077739673e+00 2.089964774289869345e-03
7.056181023906085592e+00 2.082512391194894959e-03
7.065938188140420628e+00 2.075086202747964109e-03
7.075708844411534137e+00 2.067686118446631846e-03
7.085493011375980643e+00 2.060312048094778935e-03
7.095290707716112699e+00 2.052963901801599638e-03
7.105101952140112864e+00 2.045641589980607290e-03
7.114926763382036334e+00 2.038345023348614275e-03
7.124765160201842917e+00 2.031074112924730665e-03
7.134617161385433448e+00 2.023828770029374551e-03
7.144482785744687092e+00 2.016608906283273717e-03
7.154362052117490656e+00 2.009414433606469472e-03
7.164254979367782994e+00 2.002245264217333495e-03
7.174161586385589651e+00 1.995101310631569071e-03
7.184081892087053056e+00 1.987982485661243109e-03
7.194015915414477824e+00 1.980888702413801262e-03
7.203963675336353845e+00 1.973819874291090400e-03
7.213925190847406022e+00 1.966775914988384139e-03
7.223900480968624471e+00 1.959756738493408784e-03
7.233889564747300049e+00 1.952762259085392711e-03
7.243892461257061655e+00 1.945792391334079515e-03
7.253909189597915308e+00 1.938847050098785633e-03
7.263939768896272575e+00 1.931926150527431925e-03
7.273984218304998528e+00 1.925029608055594133e-03
7.284042557003439278e+00 1.918157338405548354e-03
7.294114804197462831e+00 1.911309257585322571e-03
7.304200979119497283e+00 1.904485281887748852e-03
7.314301101028558350e+00 1.897685327889531148e-03
7.324415189210299104e+00 1.890909312450294016e-03
7.334543262977036626e+00 1.884157152711648034e-03
7.344685341667796408e+00 1.877428766096258693e-03
7.354841444648343440e+00 1.870724070306920700e-03
7.365011591311218631e+00 1.864042983325622099e-03
7.375195801075783208e+00 1.857385423412617493e-03
7.385394093388248926e+00 1.850751309105526420e-03
7.395606487721718025e+00 1.844140559218383811e-03
7.405833003576222318e+00 1.837553092840751379e-03
7.416073660478749829e+00 1.830988829336793440e-03
7.426328477983297205e+00 1.824447688344366840e-03
7.436597475670899904e+00 1.817929589774109353e-03
7.446880673149667729e+00 1.811434453808550638e-03
7.457178090054823905e+00 1.804962200901201724e-03
7.467489746048745047e+00 1.798512751775648184e-03
7.477815660820993138e+00 1.792086027424675404e-03
7.488155854088359042e+00 1.785681949109360666e-03
7.498510345594897153e+00 1.779300438358185407e-03
7.508879155111963577e+00 1.772941416966154629e-03
7.519262302438256995e+00 1.766604806993907857e-03
7.529659807399845306e+00 1.760290530766846781e-03
7.540071689850218917e+00 1.753998510874236246e-03
7.550497969670318277e+00 1.747728670168359651e-03
7.560938666768576510e+00 1.741480931763623617e-03
7.571393801080956720e+00 1.735255219035686941e-03
7.581863392570982185e+00 1.729051455620615133e-03
7.592347461229789651e+00 1.722869565413994190e-03
7.602846027076154201e+00 1.716709472570086435e-03
7.613359110156536325e+00 1.710571101500954266e-03
7.623886730545113011e+00 1.704454376875623586e-03
7.634428908343823927e+00 1.698359223619211019e-03
7.644985663682397181e+00 1.692285566912097097e-03
7.655557016718403496e+00 1.686233332186638312e-03
7.666142987637284634e+00 1.680202445114014871e-03
7.676743596652395141e+00 1.674192831612801103e-03
7.687358864005040537e+00 1.668204417853760011e-03
7.697988809964511070e+00 1.662237130259016466e-03
7.708633454828130560e+00 1.656290895501216082e-03
7.719292818921287491e+00 1.650365640502704252e-03
7.729966922597476753e+00 1.644461292434675273e-03
7.740655786238338720e+00 1.638577778716363096e-03
7.751359430253691229e+00 1.632715027014206271e-03
7.762077875081581091e+00 1.626872965241020702e-03
7.772811141188314288e+00 1.621051521555186498e-03
7.783559249068496833e+00 1.615250624359827877e-03
7.794322219245076511e+00 1.609470202301996116e-03
7.805100072269373079e+00 1.603710184271863988e-03
7.815892828721133334e+00 1.597970499401898297e-03
7.826700509208555090e+00 1.592251077066078819e-03
7.837523134368336031e+00 1.586551846879069756e-03
7.848360724865709237e+00 1.580872738695426752e-03
7.859213301394484041e+00 1.575213682608803904e-03
7.870080884677079780e+00 1.569574608951148850e-03
7.880963495464576418e+00 1.563955448291909356e-03
7.891861154536745637e+00 1.558356131437238154e-03
7.902773882702094355e+00 1.552776589429217093e-03
7.913701700797903804e+00 1.547216753545054176e-03
7.924644629690262398e+00 1.541676555296313559e-03
7.935602690274119020e+00 1.536155926428119101e-03
7.946575903473313218e+00 1.530654798918394113e-03
7.957564290240617844e+00 1.525173104977067080e-03
7.968567871557779903e+00 1.519710777045307510e-03
7.979586668435554309e+00 1.514267747794754634e-03
7.990620701913756285e+00 1.508843950126743504e-03
8.001669993061289787e+00 1.503439317171540628e-03
8.012734562976197239e+00 1.498053782287584162e-03
8.023814432785689732e+00 1.492687279060716729e-03
8.034909623646194987e+00 1.487339741303429297e-03
8.046020156743395546e+00 1.482011103054106573e-03
8.057146053292271404e+00 1.476701298576269363e-03
8.068287334537131983e+00 1.471410262357818232e-03
8.079444021751669425e+00 1.466137929110303403e-03
8.090616136238994116e+00 1.460884233768153240e-03
8.101803699331661335e+00 1.455649111487950214e-03
8.113006732391740528e+00 1.450432497647672616e-03
8.124225256810829521e+00 1.445234327845974429e-03
8.135459294010111364e+00 1.440054537901424864e-03
8.146708865440391634e+00 1.434893063851796699e-03
8.157973992582126854e+00 1.429749841953315351e-03
8.169254696945490224e+00 1.424624808679943308e-03
8.180551000070389378e+00 1.419517900722643954e-03
8.191862923526521456e+00 1.414429054988657541e-03
8.203190488913408629e+00 1.409358208600781709e-03
8.214533717860438955e+00 1.404305298896651143e-03
8.225892632026912565e+00 1.399270263428011810e-03
8.237267253102075415e+00 1.394253039960014710e-03
8.248657602805167244e+00 1.389253566470505501e-03
8.260063702885464210e+00 1.384271781149292889e-03
8.271485575122312639e+00 1.379307622397463835e-03
8.282923241325173436e+00 1.374361028826666907e-03
8.294376723333668266e+00 1.369431939258401905e-03
8.305846043017620417e+00 1.364520292723334430e-03
8.317331222277088543e+00 1.359626028460575106e-03
8.328832283042419959e+00 1.354749085917004991e-03
8.340349247274282618e+00 1.349889404746558268e-03
8.351882136963713066e+00 1.345046924809550253e-03
8.363430974132157303e+00 1.340221586171972019e-03
8.374995780831511638e+00 1.335413329104803877e-03
8.386576579144167098e+00 1.330622094083341433e-03
8.398173391183044956e+00 1.325847821786499533e-03
8.409786239091648241e+00 1.321090453096130518e-03
8.421415145044097272e+00 1.316349929096354617e-03
8.433060131245175839e+00 1.311626191072874951e-03
8.444721219930375611e+00 1.306919180512302941e-03
8.456398433365926337e+00 1.302228839101490223e-03
8.468091793848852689e+00 1.297555108726852757e-03
8.479801323707011562e+00 1.292897931473712715e-03
8.491527045299132936e+00 1.288257249625612832e-03
8.503268981014866057e+00 1.283633005663678030e-03
8.515027153274818517e+00 1.279025142265927161e-03
8.526801584530597111e+00 1.274433602306638321e-03
8.538592297264862907e+00 1.269858328855672305e-03
8.550399313991357886e+00 1.265299265177824905e-03
8.562222657254958236e+00 1.260756354732177256e-03
8.574062349631720537e+00 1.256229541171438157e-03
8.585918413728906629e+00 1.251718768341299410e-03
8.597790872185049338e+00 1.247223980279786593e-03
8.609679747669982675e+00 1.242745121216615265e-03
8.621585062884889794e+00 1.238282135572551287e-03
8.633506840562342077e+00 1.233834967958763766e-03
8.645445103466341763e+00 1.229403563176194487e-03
8.657399874392378791e+00 1.224987866214913680e-03
8.669371176167455673e+00 1.220587822253493783e-03
8.681359031650144331e+00 1.216203376658369110e-03
8.693363463730621632e+00 1.211834474983216562e-03
8.705384495330720895e+00 1.207481062968313121e-03
8.717422149403963871e+00 1.203143086539925884e-03
8.729476448935621136e+00 1.198820491809673462e-03
8.741547416942742288e+00 1.194513225073913412e-03
8.753635076474202137e+00 1.190221232813123801e-03
8.765739450610755767e+00 1.185944461691273294e-03
8.777860562465059857e+00 1.181682858555220929e-03
8.789998435181745506e+00 1.177436370434090107e-03
8.802153091937437779e+00 1.173204944538666205e-03
8.814324555940816097e+00 1.168988528260776847e-03
8.826512850432649770e+00 1.164787069172692775e-03
8.838717998685840627e+00 1.160600515026522644e-03
8.850940024005481632e+00 1.156428813753595033e-03
8.863178949728883538e+00 1.152271913463879692e-03
8.875434799225631721e+00 1.148129762445362608e-03
8.887707595897625268e+00 1.144002309163469214e-03
8.899997363179121379e+00 1.139889502260460269e-03
8.912304124536785110e+00 1.135791290554829689e-03
8.924627903469726675e+00 1.131707623040729494e-03
8.936968723509554735e+00 1.127638448887361778e-03
8.949326608220415480e+00 1.123583717438406907e-03
8.961701581199040589e+00 1.119543378211424172e-03
8.974093666074782760e+00 1.115517380897278242e-03
8.986502886509681431e+00 1.111505675359543291e-03
8.998929266198485877e+00 1.107508211633941161e-03
9.011372828868713825e+00 1.103524939927744402e-03
9.023833598280697643e+00 1.099555810619208800e-03
9.036311598227612762e+00 1.095600774257002004e-03
9.048806852535546952e+00 1.091659781559620439e-03
9.061319385063530518e+00 1.087732783414826826e-03
9.073849219703582492e+00 1.083819730879075766e-03
9.086396380380767468e+00 1.079920575176949310e-03
9.098960891053222255e+00 1.076035267700593823e-03
9.111542775712219822e+00 1.072163760009149690e-03
9.124142058382204823e+00 1.068306003828195560e-03
9.136758763120848670e+00 1.064461951049181952e-03
9.149392914019081502e+00 1.060631553728883522e-03
9.162044535201147255e+00 1.056814764088834842e-03
9.174713650824651623e+00 1.053011534514774203e-03
9.187400285080602913e+00 1.049221817556099780e-03
9.200104462193461785e+00 1.045445565925311486e-03
9.212826206421187436e+00 1.041682732497462797e-03
9.225565542055278456e+00 1.037933270309619521e-03
9.238322493420822568e+00 1.034197132560305552e-03
9.251097084876549914e+00 1.030474272608967058e-03
9.263889340814868589e+00 1.026764643975425825e-03
9.276699285661916150e+00 1.023068200339344097e-03
9.289526943877612908e+00 1.019384895539675318e-03
9.302372339955690350e+00 1.015714683574145882e-03
9.315235498423758642e+00 1.012057518598701760e-03
9.328116443843340377e+00 1.008413354926988295e-03
9.341015200809922092e+00 1.004782147029814393e-03
9.353931793953005780e+00 1.001163849534619527e-03
9.366866247936137313e+00 9.975584172249539732e-04
9.379818587456979273e+00 9.939658050399497163e-04
9.392788837247341149e+00 9.903859680737896274e-04
9.405777022073234406e+00 9.868188615751952858e-04
9.418783166734909784e+00 9.832644409468976714e-04
9.431807296066921253e+00 9.797226617451230361e-04
9.444849434938150878e+00 9.761934796790787752e-04
9.457909608251878097e+00 9.726768506104263969e-04
9.470987840945817027e+00 9.691727305527775846e-04
9.484084157992164421e+00 9.656810756711776836e-04
9.497198584397649412e+00 9.622018422815978604e-04
9.510331145203574366e+00 9.587349868504230340e-04
9.523481865485873499e+00 9.552804659939446866e-04
9.536650770355153739e+00 9.518382364778608289e-04
9.549837884956749789e+00 9.484082552167613298e-04
9.563043234470759657e+00 9.449904792736383988e-04
9.576266844112099719e+00 9.415848658593750599e-04
9.589508739130559789e+00 9.381913723322546578e-04
9.602768944810840424e+00 9.348099561974568131e-04
9.616047486472604433e+00 9.314405751065657360e-04
9.629344389470530174e+00 9.280831868570531707e-04
9.642659679194350630e+00 9.247377493886763502e-04
9.655993381068910253e+00 9.214042207796776509e-04
9.669345520554212925e+00 9.180825592520719218e-04
9.682716123145462817e+00 9.147727231719747802e-04
9.696105214373123005e+00 9.114746710491088665e-04
9.709512819802961658e+00 9.081883615363252771e-04
9.722938965036087566e+00 9.049137534291136140e-04
9.736383675709021190e+00 9.016508056651265611e-04
9.749846977493730193e+00 8.983994773236910186e-04
9.763328896097680953e+00 8.951597276253339805e-04
9.776829457263886525e+00 8.919315159313011493e-04
9.790348686770954600e+00 8.887148017430886691e-04
9.803886610433142579e+00 8.855095447019568607e-04
9.817443254100403749e+00 8.823157045884644483e-04
9.831018643658435252e+00 8.791332413219992087e-04
9.844612805028731373e+00 8.759621149603003800e-04
9.858225764168620842e+00 8.728022856989995021e-04
9.871857547071334338e+00 8.696537138711436929e-04
9.885508179766045345e+00 8.665163599467402833e-04
9.899177688317916335e+00 8.633901845322860570e-04
9.912866098828153838e+00 8.602751483703076569e-04
9.926573437434059954e+00 8.571712123389009074e-04
9.940299730309069659e+00 8.540783374512738238e-04
9.954045003662820079e+00 8.509964848552841995e-04
9.967809283741186022e+00 8.479256158329865180e-04
9.981592596826335040e+00 8.448656918001806000e-04
9.995394969236780724e+00 8.418166743059479979e-04
1.000921642732741645e+01 8.387785250322152795e-04
1.002305699748960244e+01 8.357512057932917245e-04
1.003691670615116927e+01 8.327346785354256681e-04
1.005079557977649785e+01 8.297289053363596538e-04
1.006469364486657447e+01 8.267338484048785373e-04
1.007861092795901570e+01 8.237494700803724449e-04
1.009254745562814826e+01 8.207757328323857455e-04
1.010650325448503217e+01 8.178125992601877059e-04
1.012047835117752470e+01 8.148600320923233067e-04
1.013447277239034960e+01 8.119179941861726221e-04
1.014848654484510604e+01 8.089864485275271135e-04
1.016251969530036270e+01 8.060653582301396860e-04
1.017657225055167736e+01 8.031546865352997893e-04
1.019064423743165904e+01 8.002543968114008213e-04
1.020473568281003551e+01 7.973644525535000501e-04
1.021884661359367108e+01 7.944848173829036899e-04
1.023297705672665181e+01 7.916154550467237880e-04
1.024712703919031043e+01 7.887563294174618905e-04
1.026129658800328848e+01 7.859074044925804577e-04
1.027548573022160383e+01 7.830686443940747124e-04
1.028969449293866489e+01 7.802400133680584748e-04
1.030392290328536653e+01 7.774214757843350351e-04
1.031817098843009894e+01 7.746129961359843981e-04
1.033243877557884005e+01 7.718145390389361069e-04
1.034672629197517146e+01 7.690260692315620174e-04
1.036103356490034955e+01 7.662475515742567115e-04
1.037536062167336937e+01 7.634789510490183444e-04
1.038970748965097890e+01 7.607202327590434788e-04
1.040407419622777851e+01 7.579713619283124856e-04
1.041846076883623162e+01 7.552323039011787399e-04
1.043286723494673573e+01 7.525030241419613944e-04
1.044729362206768997e+01 7.497834882345341418e-04
1.046173995774550924e+01 7.470736618819280713e-04
1.047620626956472201e+01 7.443735109059136006e-04
1.049069258514798442e+01 7.416830012466108131e-04
1.050519893215614431e+01 7.390020989620824489e-04
1.051972533828832113e+01 7.363307702279238594e-04
1.053427183128191125e+01 7.336689813368806089e-04
1.054883843891268569e+01 7.310166986984365867e-04
1.056342518899481142e+01 7.283738888384264044e-04
1.057803210938090999e+01 7.257405183986339161e-04
1.059265922796214277e+01 7.231165541364002790e-04
1.060730657266820742e+01 7.205019629242351590e-04
1.062197417146744804e+01 7.178967117494143828e-04
1.063666205236686935e+01 7.153007677136046958e-04
1.065137024341219885e+01 7.127140980324633661e-04
1.066609877268796325e+01 7.101366700352552443e-04
1.068084766831750265e+01 7.075684511644674381e-04
1.069561695846306826e+01 7.050094089754182407e-04
1.071040667132583479e+01 7.024595111358827556e-04
1.072521683514597512e+01 6.999187254257047521e-04
1.074004747820272776e+01 6.973870197364148097e-04
1.075489862881441461e+01 6.948643620708538828e-04
1.076977031533853513e+01 6.923507205427900353e-04
1.078466256617178587e+01 6.898460633765482941e-04
1.079957540975013153e+01 6.873503589066276001e-04
1.081450887454887066e+01 6.848635755773294694e-04
1.082946298908265526e+01 6.823856819423835098e-04
1.084443778190559371e+01 6.799166466645729370e-04
1.085943328161125265e+01 6.774564385153695242e-04
1.087444951683275818e+01 6.750050263745579256e-04
1.088948651624281538e+01 6.725623792298673735e-04
1.090454430855377765e+01 6.701284661766111804e-04
1.091962292251771771e+01 6.677032564173086783e-04
1.093472238692644183e+01 6.652867192613314429e-04
1.094984273061159463e+01 6.628788241245331479e-04
1.096498398244466976e+01 6.604795405288874403e-04
1.098014617133708448e+01 6.580888381021327569e-04
1.099532932624025250e+01 6.557066865774006589e-04
1.101053347614559463e+01 6.533330557928695385e-04
1.102575865008464540e+01 6.509679156913979409e-04
1.104100487712907075e+01 6.486112363201710068e-04
1.105627218639072851e+01 6.462629878303475638e-04
1.107156060702175360e+01 6.439231404767008227e-04
1.108687016821456872e+01 6.415916646172682876e-04
1.110220089920198738e+01 6.392685307130023184e-04
1.111755282925722632e+01 6.369537093274129941e-04
1.113292598769398190e+01 6.346471711262289747e-04
1.114832040386649936e+01 6.323488868770334257e-04
1.116373610716959774e+01 6.300588274489346378e-04
1.117917312703876043e+01 6.277769638122078066e-04
1.119463149295015647e+01 6.255032670379524241e-04
1.121011123442071700e+01 6.232377082977566107e-04
1.122561238100820624e+01 6.209802588633405200e-04
1.124113496231123221e+01 6.187308901062275011e-04
1.125667900796935861e+01 6.164895734973960695e-04
1.127224454766311901e+01 6.142562806069440211e-04
1.128783161111408262e+01 6.120309831037546063e-04
1.130344022808493776e+01 6.098136527551473087e-04
1.131907042837950605e+01 6.076042614265563793e-04
1.133472224184284372e+01 6.054027810811846502e-04
1.135039569836125750e+01 6.032091837796804430e-04
1.136609082786237934e+01 6.010234416797949602e-04
1.138180766031524627e+01 5.988455270360578927e-04
1.139754622573031106e+01 5.966754121994465206e-04
1.141330655415954531e+01 5.945130696170515625e-04
1.142908867569646070e+01 5.923584718317574443e-04
1.144489262047618006e+01 5.902115914819090151e-04
1.146071841867551733e+01 5.880724013009839017e-04
1.147656610051298642e+01 5.859408741172793906e-04
1.149243569624891492e+01 5.838169828535738322e-04
1.150832723618544762e+01 5.817007005268157996e-04
1.152424075066665488e+01 5.795920002477949248e-04
1.154017627007854685e+01 5.774908552208258541e-04
1.155613382484915519e+01 5.753972387434296010e-04
1.157211344544860054e+01 5.733111242060100199e-04
1.158811516238911388e+01 5.712324850915441584e-04
1.160413900622514305e+01 5.691612949752582976e-04
1.162018500755337058e+01 5.670975275243161353e-04
1.163625319701278116e+01 5.650411564975102224e-04
1.165234360528475221e+01 5.629921557449393040e-04
1.166845626309305395e+01 5.609504992077031169e-04
1.168459120120397365e+01 5.589161609175878620e-04
1.170074845042631750e+01 5.568891149967613273e-04
1.171692804161149759e+01 5.548693356574583603e-04
1.173313000565360120e+01 5.528567972016724128e-04
1.174935437348941392e+01 5.508514740208587945e-04
1.176560117609852441e+01 5.488533405956162433e-04
1.178187044450333865e+01 5.468623714953924552e-04
1.179816220976916519e+01 5.448785413781719435e-04
1.181447650300427910e+01 5.429018249901805928e-04
1.183081335535995571e+01 5.409321971655790470e-04
1.184717279803056300e+01 5.389696328261630361e-04
1.186355486225359179e+01 5.370141069810668464e-04
1.187995957930972324e+01 5.350655947264620210e-04
1.189638698052291232e+01 5.331240712452597463e-04
1.191283709726040563e+01 5.311895118068143224e-04
1.192930996093284612e+01 5.292618917666267429e-04
1.194580560299429095e+01 5.273411865660533691e-04
1.196232405494229845e+01 5.254273717320095093e-04
1.197886534831799032e+01 5.235204228766753834e-04
1.199542951470608365e+01 5.216203156972102186e-04
1.201201658573499564e+01 5.197270259754522507e-04
1.202862659307685789e+01 5.178405295776388915e-04
1.204525956844759804e+01 5.159608024541107417e-04
1.206191554360701801e+01 5.140878206390277465e-04
1.207859455035881346e+01 5.122215602500815573e-04
1.209529662055068222e+01 5.103619974882064826e-04
1.211202178607433311e+01 5.085091086373008488e-04
1.212877007886560321e+01 5.066628700637599257e-04
1.214554153090446853e+01 5.048232582136875750e-04
1.216233617421512747e+01 5.029902496132325701e-04
1.217915404086607900e+01 5.011638208703908656e-04
1.219599516297014041e+01 4.993439486747802995e-04
1.221285957268456102e+01 4.975306097973588096e-04
1.222974730221103457e+01 4.957237810901520816e-04
1.224665838379578808e+01 4.939234394859661273e-04
1.226359284972964936e+01 4.921295619981166675e-04
1.228055073234808070e+01 4.903421257201535282e-04
1.229753206403127663e+01 4.885611078255783137e-04
1.231453687720418877e+01 4.867864855675799705e-04
1.233156520433660575e+01 4.850182362787544121e-04
1.234861707794323316e+01 4.832563373708324383e-04
1.236569253058371487e+01 4.815007663344132932e-04
1.238279159486274139e+01 4.797515007386865126e-04
1.239991430343006584e+01 4.780085182311702516e-04
1.241706068898059456e+01 4.762717965374366029e-04
1.243423078425445816e+01 4.745413134608454241e-04
1.245142462203703992e+01 4.728170468822769741e-04
1.246864223515907533e+01 4.710989747598688855e-04
1.248588365649668752e+01 4.693870751287460355e-04
1.250314891897145486e+01 4.676813261007600666e-04
1.252043805555049794e+01 4.659817058642234857e-04
1.253775109924650089e+01 4.642881926836467453e-04
1.255508808311782154e+01 4.626007648994823716e-04
1.257244904026851096e+01 4.609194009278553780e-04
1.258983400384839513e+01 4.592440792603104827e-04
1.260724300705315848e+01 4.575747784635504373e-04
1.262467608312436518e+01 4.559114771791752756e-04
1.264213326534956749e+01 4.542541541234301826e-04
1.265961458706232712e+01 4.526027880869447980e-04
1.267712008164230397e+01 4.509573579344829282e-04
1.269464978251532905e+01 4.493178426046776758e-04
1.271220372315342928e+01 4.476842211097922103e-04
1.272978193707494299e+01 4.460564725354509942e-04
1.274738445784453056e+01 4.444345760404026140e-04
1.276501131907329167e+01 4.428185108562555060e-04
1.278266255441878307e+01 4.412082562872372089e-04
1.280033819758510205e+01 4.396037917099394681e-04
1.281803828232297171e+01 4.380050965730710377e-04
1.283576284242975873e+01 4.364121503972100483e-04
1.285351191174958707e+01 4.348249327745557793e-04
1.287128552417336813e+01 4.332434233686851470e-04
1.288908371363886829e+01 4.316676019143040428e-04
1.290690651413080658e+01 4.300974482170035504e-04
1.292475395968086893e+01 4.285329421530182227e-04
1.294262608436782713e+01 4.269740636689802393e-04
1.296052292231755310e+01 4.254207927816794181e-04
1.297844450770311120e+01 4.238731095778220347e-04
1.299639087474483645e+01 4.223309942137887739e-04
1.301436205771035937e+01 4.207944269153958807e-04
1.303235809091471964e+01 4.192633879776557675e-04
1.305037900872038925e+01 4.177378577645391410e-04
1.306842484553735240e+01 4.162178167087409765e-04
1.308649563582320141e+01 4.147032453114361935e-04
1.310459141408314032e+01 4.131941241420545208e-04
1.312271221487012163e+01 4.116904338380350330e-04
1.314085807278485341e+01 4.101921551045996611e-04
1.315902902247588635e+01 4.086992687145184081e-04
1.317722509863970437e+01 4.072117555078721800e-04
1.319544633602074768e+01 4.057295963918284101e-04
1.321369276941151760e+01 4.042527723404030766e-04
1.323196443365261388e+01 4.027812643942377366e-04
1.325026136363280926e+01 4.013150536603631697e-04
1.326858359428914191e+01 3.998541213119744604e-04
1.328693116060693313e+01 3.983984485882042918e-04
1.330530409761990462e+01 3.969480167938920639e-04
1.332370244041020868e+01 3.955028072993606032e-04
1.334212622410850457e+01 3.940628015401922740e-04
1.336057548389404914e+01 3.926279810169958757e-04
1.337905025499471812e+01 3.911983272951964695e-04
1.339755057268712868e+01 3.897738220047956077e-04
1.341607647229664835e+01 3.883544468401644136e-04
1.343462798919752110e+01 3.869401835598120496e-04
1.345320515881288337e+01 3.855310139861663839e-04
1.347180801661485816e+01 3.841269200053575830e-04
1.349043659812463147e+01 3.827278835669931946e-04
1.350909093891248780e+01 3.813338866839447762e-04
1.352777107459792205e+01 3.799449114321248205e-04
1.354647704084966264e+01 3.785609399502733847e-04
1.356520887338575854e+01 3.771819544397402198e-04
1.358396660797367161e+01 3.758079371642668461e-04
1.360275028043029444e+01 3.744388704497760554e-04
1.362155992662207282e+01 3.730747366841532815e-04
1.364039558246503070e+01 3.717155183170345843e-04
1.365925728392485183e+01 3.703611978595943094e-04
1.367814506701697752e+01 3.690117578843313912e-04
1.369705896780661902e+01 3.676671810248611865e-04
1.371599902240888724e+01 3.663274499756987422e-04
1.373496526698881404e+01 3.649925474920549112e-04
1.375395773776143571e+01 3.636624563896250959e-04
1.377297647099188893e+01 3.623371595443775572e-04
1.379202150299542851e+01 3.610166398923502894e-04
1.381109287013755527e+01 3.597008804294378123e-04
1.383019060883403384e+01 3.583898642111929783e-04
1.384931475555097968e+01 3.570835743526139814e-04
1.386846534680496212e+01 3.557819940279420448e-04
1.388764241916300968e+01 3.544851064704559649e-04
1.390684600924274505e+01 3.531928949722707746e-04
1.392607615371240826e+01 3.519053428841313115e-04
1.394533288929093651e+01 3.506224336152127244e-04
1.396461625274806906e+01 3.493441506329171857e-04
1.398392628090435785e+01 3.480704774626727175e-04
1.400326301063129719e+01 3.468013976877349996e-04
1.402262647885134861e+01 3.455368949489858702e-04
1.404201672253802613e+01 3.442769529447337246e-04
1.406143377871599398e+01 3.430215554305170579e-04
1.408087768446108434e+01 3.417706862189064348e-04
1.410034847690042525e+01 3.405243291793061899e-04
1.411984619321245304e+01 3.392824682377606257e-04
1.413937087062704556e+01 3.380450873767548454e-04
1.415892254642553993e+01 3.368121706350240955e-04
1.417850125794082317e+01 3.355837021073562786e-04
1.419810704255742628e+01 3.343596659443997241e-04
1.421773993771154920e+01 3.331400463524692790e-04
1.423739998089118686e+01 3.319248275933541869e-04
1.425708720963614873e+01 3.307139939841288409e-04
1.427680166153815122e+01 3.295075298969575724e-04
1.429654337424091715e+01 3.283054197589076271e-04
1.431631238544019524e+01 3.271076480517580735e-04
1.433610873288388277e+01 3.259141993118100139e-04
1.435593245437205567e+01 3.247250581297009145e-04
1.437578358775706100e+01 3.235402091502129727e-04
1.439566217094360212e+01 3.223596370720897787e-04
1.441556824188877606e+01 3.211833266478454955e-04
1.443550183860219072e+01 3.200112626835848275e-04
1.445546299914598976e+01 3.188434300388106831e-04
1.447545176163495384e+01 3.176798136262462568e-04
1.449546816423658235e+01 3.165203984116464323e-04
1.451551224517113070e+01 3.153651694136159621e-04
1.453558404271172932e+01 3.142141117034273211e-04
1.455568359518440857e+01 3.130672104048373683e-04
1.457581094096820173e+01 3.119244506939065019e-04
1.459596611849522851e+01 3.107858177988179768e-04
1.461614916625072347e+01 3.096512969996973309e-04
1.463636012277316745e+01 3.085208736284320821e-04
1.465659902665431069e+01 3.073945330684927811e-04
1.467686591653926698e+01 3.062722607547578037e-04
1.469716083112660954e+01 3.051540421733286036e-04
1.471748380916839594e+01 3.040398628613596543e-04
1.473783488947029241e+01 3.029297084068773883e-04
1.475821411089161117e+01 3.018235644486056400e-04
1.477862151234539390e+01 3.007214166757909263e-04
1.479905713279851298e+01 2.996232508280243130e-04
1.481952101127169463e+01 2.985290526950724410e-04
1.484001318683965209e+01 2.974388081166987421e-04
1.486053369863110873e+01 2.963525029824934354e-04
1.488108258582889043e+01 2.952701232317009230e-04
1.490165988767003213e+01 2.941916548530444197e-04
1.492226564344579209e+01 2.931170838845605585e-04
1.494289989250179040e+01 2.920463964134234784e-04
1.496356267423802500e+01 2.909795785757768273e-04
1.498425402810900309e+01 2.899166165565645182e-04
1.500497399362376783e+01 2.888574965893604012e-04
1.502572261034599421e+01 2.878022049562018380e-04
1.504649991789408858e+01 2.867507279874185067e-04
1.506730595594120992e+01 2.857030520614691751e-04
1.508814076421540662e+01 2.846591636047723483e-04
1.510900438249964139e+01 2.836190490915394642e-04
1.512989685063188539e+01 2.825826950436134558e-04
1.515081820850522121e+01 2.815500880302977183e-04
1.517176849606786426e+01 2.805212146681974905e-04
1.519274775332330130e+01 2.794960616210513150e-04
1.521375602033031171e+01 2.784746155995703604e-04
1.523479333720306528e+01 2.774568633612756814e-04
1.525585974411122869e+01 2.764427917103332586e-04
1.527695528127997804e+01 2.754323874961527203e-04
1.529807998899014621e+01 2.744256376088818330e-04
1.531923390757824421e+01 2.734225289833551648e-04
1.534041707743655536e+01 2.724230486005340692e-04
1.536162953901324357e+01 2.714271834873436206e-04
1.538287133281237118e+01 2.704349207165156221e-04
1.540414249939403923e+01 2.694462474064246199e-04
1.542544307937441239e+01 2.684611507209341092e-04
1.544677311342581838e+01 2.674796178692330365e-04
1.546813264227685103e+01 2.665016361056828727e-04
1.548952170671238626e+01 2.655271927296569889e-04
1.551094034757373485e+01 2.645562750853833927e-04
1.553238860575865488e+01 2.635888705617922892e-04
1.555386652222145649e+01 2.626249665923569205e-04
1.557537413797310677e+01 2.616645506549380366e-04
1.559691149408124922e+01 2.607076102716330288e-04
1.561847863167034589e+01 2.597541330086170397e-04
1.564007559192170227e+01 2.588041064759945362e-04
1.566170241607356850e+01 2.578575183276413411e-04
1.568335914542124243e+01 2.569143562610539289e-04
1.570504582131709270e+01 2.559746080171997518e-04
1.572676248517069908e+01 2.550382613803617109e-04
1.574850917844887199e+01 2.541053041779904880e-04
1.577028594267579287e+01 2.531757242805518352e-04
1.579209281943303722e+01 2.522495096013785821e-04
1.581392985035968124e+01 2.513266480965197142e-04
1.583579707715239948e+01 2.504071277645916207e-04
1.585769454156549507e+01 2.494909366466310763e-04
1.587962228541103649e+01 2.485780628259455678e-04
1.590158035055889130e+01 2.476684944279670887e-04
1.592356877893681677e+01 2.467622196201046340e-04
1.594558761253057710e+01 2.458592266115975072e-04
1.596763689338395764e+01 2.449595036533713387e-04
1.598971666359891408e+01 2.440630390378910948e-04
1.601182696533560090e+01 2.431698210990162557e-04
1.603396784081246196e+01 2.422798382118559926e-04
1.605613933230635126e+01 2.413930787926264873e-04
1.607834148215254544e+01 2.405095312985088202e-04
1.610057433274489824e+01 2.396291842275016272e-04
1.612283792653585834e+01 2.387520261182835414e-04
1.614513230603657590e+01 2.378780455500683710e-04
1.616745751381701623e+01 2.370072311424637466e-04
1.618981359250596341e+01 2.361395715553325054e-04
1.621220058479119075e+01 2.352750554886497668e-04
1.623461853341947858e+01 2.344136716823640458e-04
1.625706748119670308e+01 2.335554089162583398e-04
1.627954747098796773e+01 2.327002560098089109e-04
1.630205854571761037e+01 2.318482018220498968e-04
1.632460074836935959e+01 2.309992352514324721e-04
1.634717412198635955e+01 2.301533452356886191e-04
1.636977870967126591e+01 2.293105207516950598e-04
1.639241455458636310e+01 2.284707508153331775e-04
1.641508169995359268e+01 2.276340244813575568e-04
1.643778018905468841e+01 2.268003308432555798e-04
1.646051006523121174e+01 2.259696590331161019e-04
1.648327137188465841e+01 2.251419982214927882e-04
1.650606415247655789e+01 2.243173376172687237e-04
1.652888845052850542e+01 2.234956664675264717e-04
1.655174430962231824e+01 2.226769740574090792e-04
1.657463177340003568e+01 2.218612497099926829e-04
1.659755088556407898e+01 2.210484827861505233e-04
1.662050168987728327e+01 2.202386626844225965e-04
1.664348423016298639e+01 2.194317788408827038e-04
1.666649855030515681e+01 2.186278207290080495e-04
1.668954469424840781e+01 2.178267778595513048e-04
1.671262270599816091e+01 2.170286397804034562e-04
1.673573262962064945e+01 2.162333960764726193e-04
1.675887450924304645e+01 2.154410363695486211e-04
1.678204838905357121e+01 2.146515503181760679e-04
1.680525431330151065e+01 2.138649276175259753e-04
1.682849232629737202e+01 2.130811579992679676e-04
1.685176247241290426e+01 2.123002312314428849e-04
1.687506479608122234e+01 2.115221371183355239e-04
1.689839934179689962e+01 2.107468655003465674e-04
1.692176615411600338e+01 2.099744062538689573e-04
1.694516527765625469e+01 2.092047492911597154e-04
1.696859675709703197e+01 2.084378845602171033e-04
1.699206063717950599e+01 2.076738020446529842e-04
1.701555696270673579e+01 2.069124917635697123e-04
1.703908577854370066e+01 2.061539437714372651e-04
1.706264712961744934e+01 2.053981481579661211e-04
1.708624106091713912e+01 2.046450950479879703e-04
1.710986761749412466e+01 2.038947746013316544e-04
1.713352684446208940e+01 2.031471770126981580e-04
1.715721878699706338e+01 2.024022925115430546e-04
1.718094349033758306e+01 2.016601113619513076e-04
1.720470099978470557e+01 2.009206238625191202e-04
1.722849136070214016e+01 2.001838203462309046e-04
1.725231461851634762e+01 1.994496911803395327e-04
1.727617081871655813e+01 1.987182267662479138e-04
1.730006000685495238e+01 1.979894175393882687e-04
1.732398222854666869e+01 1.972632539691023521e-04
1.734793752946991674e+01 1.965397265585258776e-04
1.737192595536610185e+01 1.958188258444657035e-04
1.739594755203984278e+01 1.951005423972872394e-04
1.742000236535912805e+01 1.943848668207923103e-04
1.744409044125534081e+01 1.936717897521057492e-04
1.746821182572341158e+01 1.929613018615560535e-04
1.749236656482184316e+01 1.922533938525616251e-04
1.751655470467283138e+01 1.915480564615135140e-04
1.754077629146236816e+01 1.908452804576597067e-04
1.756503137144028059e+01 1.901450566429918273e-04
1.758931999092039078e+01 1.894473758521288294e-04
1.761364219628051941e+01 1.887522289522036972e-04
1.763799803396263499e+01 1.880596068427500920e-04
1.766238755047294262e+01 1.873695004555860988e-04
1.768681079238191955e+01 1.866819007547069716e-04
1.771126780632447861e+01 1.859967987361653831e-04
1.773575863899999305e+01 1.853141854279647934e-04
1.776028333717240670e+01 1.846340518899454734e-04
1.778484194767035476e+01 1.839563892136723171e-04
1.780943451738719929e+01 1.832811885223250387e-04
1.783406109328116784e+01 1.826084409705861205e-04
1.785872172237539957e+01 1.819381377445335852e-04
1.788341645175806605e+01 1.812702700615264229e-04
1.790814532858246366e+01 1.806048291700980684e-04
1.793290840006706688e+01 1.799418063498478180e-04
1.795770571349567035e+01 1.792811929113292924e-04
1.798253731621742801e+01 1.786229801959446459e-04
1.800740325564697386e+01 1.779671595758348175e-04
1.803230357926452143e+01 1.773137224537721141e-04
1.805723833461591354e+01 1.766626602630544190e-04
1.808220756931276796e+01 1.760139644673955795e-04
1.810721133103251290e+01 1.753676265608213774e-04
1.813224966751850786e+01 1.747236380675618950e-04
1.815732262658015372e+01 1.740819905419462119e-04
1.818243025609292829e+01 1.734426755682963429e-04
1.820757260399854616e+01 1.728056847608236424e-04
1.823274971830498359e+01 1.721710097635212788e-04
1.825796164708660996e+01 1.715386422500633226e-04
1.828320843848429433e+01 1.709085739236975723e-04
1.830849014070543035e+01 1.702807965171446159e-04
1.833380680202411739e+01 1.696553017924921209e-04
1.835915847078117125e+01 1.690320815410938137e-04
1.838454519538428400e+01 1.684111275834648000e-04
1.840996702430805954e+01 1.677924317691823332e-04
1.843542400609413434e+01 1.671759859767808635e-04
1.846091618935129119e+01 1.665617821136521559e-04
1.848644362275549113e+01 1.659498121159445677e-04
1.851200635505004399e+01 1.653400679484599140e-04
1.853760443504563327e+01 1.647325416045556724e-04
1.856323791162043335e+01 1.641272251060436915e-04
1.858890683372023389e+01 1.635241105030899294e-04
1.861461125035847175e+01 1.629231898741157641e-04
1.864035121061639444e+01 1.623244553256984095e-04
1.866612676364309564e+01 1.617278989924723616e-04
1.869193795865562535e+01 1.611335130370314405e-04
1.871778484493911421e+01 1.605412896498296135e-04
1.874366747184681614e+01 1.599512210490849071e-04
1.876958588880026468e+01 1.593632994806792273e-04
1.879554014528929429e+01 1.587775172180650634e-04
1.882153029087218954e+01 1.581938665621655251e-04
1.884755637517578108e+01 1.576123398412798270e-04
1.887361844789548471e+01 1.570329294109862794e-04
1.889971655879547541e+01 1.564556276540473396e-04
1.892585075770871228e+01 1.558804269803124672e-04
1.895202109453706285e+01 1.553073198266268612e-04
1.897822761925142387e+01 1.547362986567313618e-04
1.900447038189175331e+01 1.541673559611731381e-04
1.903074943256724794e+01 1.536004842572074333e-04
1.905706482145636116e+01 1.530356760887082801e-04
1.908341659880692731e+01 1.524729240260698656e-04
1.910980481493630023e+01 1.519122206661180331e-04
1.913622952023137103e+01 1.513535586320145202e-04
1.916269076514873504e+01 1.507969305731661296e-04
1.918918860021474160e+01 1.502423291651315692e-04
1.921572307602560059e+01 1.496897471095539603e-04
1.924229424324751747e+01 1.491391771355573171e-04
1.926890215261671102e+01 1.485906120005018834e-04
1.929554685493960520e+01 1.480440444876860849e-04
1.932222840109283624e+01 1.474994674060454460e-04
1.934894684202343029e+01 1.469568735900622484e-04
1.937570222874883186e+01 1.464162558996751637e-04
1.940249461235703876e+01 1.458776072201924351e-04
1.942932404400670876e+01 1.453409204622006963e-04
1.945619057492721282e+01 1.448061885614778830e-04
1.948309425641879145e+01 1.442734044789044368e-04
1.951003513985260440e+01 1.437425612003763518e-04
1.953701327667083376e+01 1.432136517367164875e-04
1.956402871838683666e+01 1.426866691235877777e-04
1.959108151658514885e+01 1.421616064214065221e-04
1.961817172292168721e+01 1.416384567152552702e-04
1.964529938912376394e+01 1.411172131147968984e-04
1.967246456699022161e+01 1.405978687541879822e-04
1.969966730839155034e+01 1.400804167919938222e-04
1.972690766526993400e+01 1.395648504111022495e-04
1.975418568963942079e+01 1.390511628186386246e-04
1.978150143358595159e+01 1.385393472458807545e-04
1.980885494926748791e+01 1.380293969481757616e-04
1.983624628891415043e+01 1.375213052048528052e-04
1.986367550482823674e+01 1.370150653191429051e-04
1.989114264938441323e+01 1.365106706180908500e-04
1.991864777502973283e+01 1.360081144524759691e-04
1.994619093428377354e+01 1.355073901967263994e-04
1.997377217973876995e+01 1.350084912488363608e-04
2.000139156405963448e+01 1.345114110302851932e-04
2.002904913998414571e+01 1.340161429859532496e-04
2.005674496032298393e+01 1.335226805840403100e-04
2.008447907795984477e+01 1.330310173159855399e-04
2.011225154585158492e+01 1.325411466963833567e-04
2.014006241702825051e+01 1.320530622629042009e-04
2.016791174459325475e+01 1.315667575762121918e-04
2.019579958172340994e+01 1.310822262198869286e-04
2.022372598166906599e+01 1.305994618003400616e-04
2.025169099775422765e+01 1.301184579467377716e-04
2.027969468337660430e+01 1.296392083109195901e-04
2.030773709200777688e+01 1.291617065673187649e-04
2.033581827719323698e+01 1.286859464128846853e-04
2.036393829255251831e+01 1.282119215670022715e-04
2.039209719177933167e+01 1.277396257714131806e-04
2.042029502864158985e+01 1.272690527901397224e-04
2.044853185698159592e+01 1.268001964094023790e-04
2.047680773071607163e+01 1.263330504375481114e-04
2.050512270383632085e+01 1.258676087049654941e-04
2.053347683040828642e+01 1.254038650640141065e-04
2.056187016457267092e+01 1.249418133889429732e-04
2.059030276054507169e+01 1.244814475758153479e-04
2.061877467261600927e+01 1.240227615424328736e-04
2.064728595515111920e+01 1.235657492282577364e-04
2.067583666259119113e+01 1.231104045943374223e-04
2.070442684945227896e+01 1.226567216232296630e-04
2.073305657032586069e+01 1.222046943189257831e-04
2.076172587987886331e+01 1.217543167067764728e-04
2.079043483285384042e+01 1.213055828334153919e-04
2.081918348406901487e+01 1.208584867666862716e-04
2.084797188841841376e+01 1.204130225955673991e-04
2.087680010087199989e+01 1.199691844300968213e-04
2.090566817647570375e+01 1.195269664013005981e-04
2.093457617035161533e+01 1.190863626611164200e-04
2.096352413769801615e+01 1.186473673823224304e-04
2.099251213378951775e+01 1.182099747584622665e-04
2.102154021397719319e+01 1.177741790037736781e-04
2.105060843368860546e+01 1.173399743531147477e-04
2.107971684842801352e+01 1.169073550618915472e-04
2.110886551377639009e+01 1.164763154059873123e-04
2.113805448539156728e+01 1.160468496816886895e-04
2.116728381900837164e+01 1.156189522056148838e-04
2.119655357043865251e+01 1.151926173146466974e-04
2.122586379557148106e+01 1.147678393658543085e-04
2.125521455037317509e+01 1.143446127364271909e-04
2.128460589088744825e+01 1.139229318236033837e-04
2.131403787323553445e+01 1.135027910445984622e-04
2.134351055361623395e+01 1.130841848365357291e-04
2.137302398830609818e+01 1.126671076563765135e-04
2.140257823365946876e+01 1.122515539808497526e-04
2.143217334610860547e+01 1.118375183063832117e-04
2.146180938216383893e+01 1.114249951490340013e-04
2.149148639841359909e+01 1.110139790444190249e-04
2.152120445152460704e+01 1.106044645476473795e-04
2.155096359824189634e+01 1.101964462332512235e-04
2.158076389538901196e+01 1.097899186951167816e-04
2.161060539986804230e+01 1.093848765464176928e-04
2.164048816865975766e+01 1.089813144195462044e-04
2.167041225882374889e+01 1.085792269660460060e-04
2.170037772749847349e+01 1.081786088565444935e-04
2.173038463190143332e+01 1.077794547806861858e-04
2.176043302932922430e+01 1.073817594470658567e-04
2.179052297715766429e+01 1.069855175831609481e-04
2.182065453284194589e+01 1.065907239352664640e-04
2.185082775391666843e+01 1.061973732684278311e-04
2.188104269799602619e+01 1.058054603663754947e-04
2.191129942277385467e+01 1.054149800314586730e-04
2.194159798602376554e+01 1.050259270845807264e-04
2.197193844559929232e+01 1.046382963651324506e-04
2.200232085943391880e+01 1.042520827309287198e-04
2.203274528554128864e+01 1.038672810581423223e-04
2.206321178201523026e+01 1.034838862412398305e-04
2.209372040702989892e+01 1.031018931929179985e-04
2.212427121883993308e+01 1.027212968440377076e-04
2.215486427578047923e+01 1.023420921435621119e-04
2.218549963626738375e+01 1.019642740584916410e-04
2.221617735879724265e+01 1.015878375738010753e-04
2.224689750194754723e+01 1.012127776923761201e-04
2.227766012437680843e+01 1.008390894349500070e-04
2.230846528482461366e+01 1.004667678400412881e-04
2.233931304211181512e+01 1.000958079638904907e-04
2.237020345514057240e+01 9.972620488039899637e-05
2.240113658289448750e+01 9.935795368106527551e-05
2.243211248443876116e+01 9.899104947492376591e-05
2.246313121892022835e+01 9.862548738848303238e-05
2.249419284556754306e+01 9.826126256566434678e-05
2.252529742369123866e+01 9.789837016774048477e-05
2.255644501268385937e+01 9.753680537327387207e-05
2.258763567202010236e+01 9.717656337805581494e-05
2.261886946125687103e+01 9.681763939504750604e-05
2.265014644003346334e+01 9.646002865431655793e-05
2.268146666807159662e+01 9.610372640297983851e-05
2.271283020517562079e+01 9.574872790514096679e-05
2.274423711123254677e+01 9.539502844183145422e-05
2.277568744621219921e+01 9.504262331095221202e-05
2.280718127016735153e+01 9.469150782721141282e-05
2.283871864323378631e+01 9.434167732206766494e-05
2.287029962563047647e+01 9.399312714366979849e-05
2.290192427765962790e+01 9.364585265679883344e-05
2.293359265970684646e+01 9.329984924280851116e-05
2.296530483224125163e+01 9.295511229956703210e-05
2.299706085581555470e+01 9.261163724139948462e-05
2.302886079106622219e+01 9.226941949902909483e-05
2.306070469871355044e+01 9.192845451952008911e-05
2.309259263956178998e+01 9.158873776621972995e-05
2.312452467449930893e+01 9.125026471870025695e-05
2.315650086449862144e+01 9.091303087270345695e-05
2.318852127061660440e+01 9.057703174008111425e-05
2.322058595399451875e+01 9.024226284874100376e-05
2.325269497585818002e+01 8.990871974258827636e-05
2.328484839751810043e+01 8.957639798146898550e-05
2.331704628036951732e+01 8.924529314111579576e-05
2.334928868589261697e+01 8.891540081308959859e-05
2.338157567565256301e+01 8.858671660472580364e-05
2.341390731129964919e+01 8.825923613907644234e-05
2.344628365456945573e+01 8.793295505485666254e-05
2.347870476728287770e+01 8.760786900638879726e-05
2.351117071134634884e+01 8.728397366354671795e-05
2.354368154875187003e+01 8.696126471170213942e-05
2.357623734157715489e+01 8.663973785166897317e-05
2.360883815198580393e+01 8.631938879964879199e-05
2.364148404222731870e+01 8.600021328717752790e-05
2.367417507463733273e+01 8.568220706107012360e-05
2.370691131163763998e+01 8.536536588336771829e-05
2.373969281573634760e+01 8.504968553128318008e-05
2.377251964952803576e+01 8.473516179714705846e-05
2.380539187569378967e+01 8.442179048835659976e-05
2.383830955700141985e+01 8.410956742731879937e-05
2.387127275630547629e+01 8.379848845140107057e-05
2.390428153654747945e+01 8.348854941287585537e-05
2.393733596075594150e+01 8.317974617887000576e-05
2.397043609204653691e+01 8.287207463131026199e-05
2.400358199362224454e+01 8.256553066687248468e-05
2.403677372877339025e+01 8.226011019692946416e-05
2.407001136087787074e+01 8.195580914749801132e-05
2.410329495340118555e+01 8.165262345918843383e-05
2.413662456989658267e+01 8.135054908715212848e-05
2.417000027400523621e+01 8.104958200103070504e-05
2.420342212945627480e+01 8.074971818368255013e-05
2.423689020006698769e+01 8.045095361947070614e-05
2.427040454974288508e+01 8.015328429957070493e-05
2.430396524247784029e+01 7.985670622965951283e-05
2.433757234235425315e+01 7.956121542997081136e-05
2.437122591354308199e+01 7.926680793524051611e-05
2.440492602030407809e+01 7.897347979465397605e-05
2.443867272698580706e+01 7.868122707179379634e-05
2.447246609802581219e+01 7.839004584458687504e-05
2.450630619795078147e+01 7.809993220525133140e-05
2.454019309137657956e+01 7.781088226024457258e-05
2.457412684300847161e+01 7.752289213021195671e-05
2.460810751764115167e+01 7.723595794993349075e-05
2.464213518015891680e+01 7.695007586827414697e-05
2.467620989553581978e+01 7.666524204813001872e-05
2.471033172883571538e+01 7.638145266637851494e-05
2.474450074521246989e+01 7.609870391382692826e-05
2.477871700991000381e+01 7.581699199516135558e-05
2.481298058826246233e+01 7.553631312889629620e-05
2.484729154569436815e+01 7.525666354732328772e-05
2.488164994772066407e+01 7.497803949646168330e-05
2.491605585994693328e+01 7.470043723600745019e-05
2.495050934806943843e+01 7.442385303928352683e-05
2.498501047787528861e+01 7.414828319319060007e-05
2.501955931524259924e+01 7.387372399815629674e-05
2.505415592614053111e+01 7.360017176808639455e-05
2.508880037662951423e+01 7.332762283031582973e-05
2.512349273286127982e+01 7.305607352555914895e-05
2.515823306107907342e+01 7.278552020786182870e-05
2.519302142761771535e+01 7.251595924455097111e-05
2.522785789890374275e+01 7.224738701618814126e-05
2.526274254145559084e+01 7.197979991651919562e-05
2.529767542188362128e+01 7.171319435242736330e-05
2.533265660689035315e+01 7.144756674388498541e-05
2.536768616327050552e+01 7.118291352390543076e-05
2.540276415791115383e+01 7.091923113849570265e-05
2.543789065779191461e+01 7.065651604660827317e-05
2.547306572998495611e+01 7.039476472009505886e-05
2.550828944165525414e+01 7.013397364365906524e-05
2.554356186006062046e+01 6.987413931480772550e-05
2.557888305255186268e+01 6.961525824380703875e-05
2.561425308657296540e+01 6.935732695363322812e-05
2.564967202966112225e+01 6.910034197992794968e-05
2.568513994944695966e+01 6.884429987095098057e-05
2.572065691365459372e+01 6.858919718753456055e-05
2.575622299010178295e+01 6.833503050303763862e-05
2.579183824670010239e+01 6.808179640329927948e-05
2.582750275145498264e+01 6.782949148659402148e-05
2.586321657246594441e+01 6.757811236358587936e-05
2.589897977792663042e+01 6.732765565728279420e-05
2.593479243612498664e+01 6.707811800299325175e-05
2.597065461544342924e+01 6.682949604827859115e-05
2.600656638435886592e+01 6.658178645291097848e-05
2.604252781144295881e+01 6.633498588882652861e-05
2.607853896536214222e+01 6.608909104008247920e-05
2.611459991487780741e+01 6.584409860281234539e-05
2.615071072884646597e+01 6.560000528518134552e-05
2.618687147621978539e+01 6.535680780734383268e-05
2.622308222604483419e+01 6.511450290139752779e-05
2.625934304746412096e+01 6.487308731134160166e-05
2.629565400971576139e+01 6.463255779303250727e-05
2.633201518213364878e+01 6.439291111414039489e-05
2.636842663414750021e+01 6.415414405410693657e-05
2.640488843528309815e+01 6.391625340410086033e-05
2.644140065516230820e+01 6.367923596697668269e-05
2.647796336350328517e+01 6.344308855723132707e-05
2.651457663012061516e+01 6.320780800096094539e-05
2.655124052492538311e+01 6.297339113582011143e-05
2.658795511792538591e+01 6.273983481097797842e-05
2.662472047922518215e+01 6.250713588707743171e-05
2.666153667902631241e+01 6.227529123619266935e-05
2.669840378762736677e+01 6.204429774178740612e-05
2.673532187542413041e+01 6.181415229867370093e-05
2.677229101290976843e+01 6.158485181297021504e-05
2.680931127067488262e+01 6.135639320206072781e-05
2.684638271940772825e+01 6.112877339455351970e-05
2.688350542989427083e+01 6.090198933024009136e-05
2.692067947301836028e+01 6.067603796005436369e-05
2.695790491976189429e+01 6.045091624603170179e-05
2.699518184120487874e+01 6.022662116126970070e-05
2.703251030852566217e+01 6.000314968988553567e-05
2.706989039300097133e+01 5.978049882697818439e-05
2.710732216600609235e+01 5.955866557858648200e-05
2.714480569901505191e+01 5.933764696164984582e-05
2.718234106360065638e+01 5.911744000396899337e-05
2.721992833143473334e+01 5.889804174416541353e-05
2.725756757428817778e+01 5.867944923164284348e-05
2.729525886403112622e+01 5.846165952654693639e-05
2.733300227263314142e+01 5.824466969972653507e-05
2.737079787216324434e+01 5.802847683269477620e-05
2.740864573479016997e+01 5.781307801758964573e-05
2.744654593278240284e+01 5.759847035713588269e-05
2.748449853850836178e+01 5.738465096460606993e-05
2.752250362443658105e+01 5.717161696378179929e-05
2.756056126313573174e+01 5.695936548891548067e-05
2.759867152727490947e+01 5.674789368469255747e-05
2.763683448962363443e+01 5.653719870619315982e-05
2.767505022305206097e+01 5.632727771885382540e-05
2.771331880053114816e+01 5.611812789843056206e-05
2.775164029513270236e+01 5.590974643096018921e-05
2.779001478002962244e+01 5.570213051272338012e-05
2.782844232849595656e+01 5.549527735020746695e-05
2.786692301390706916e+01 5.528918416006892064e-05
2.790545690973982929e+01 5.508384816909624404e-05
2.794404408957265318e+01 5.487926661417283125e-05
2.798268462708575655e+01 5.467543674224059261e-05
2.802137859606118298e+01 5.447235581026321381e-05
2.806012607038305262e+01 5.427002108518915070e-05
2.809892712403761905e+01 5.406842984391556605e-05
2.813778183111342912e+01 5.386757937325207651e-05
2.817669026580153613e+01 5.366746696988406590e-05
2.821565250239551048e+01 5.346808994033767231e-05
2.825466861529172391e+01 5.326944560094291166e-05
2.829373867898937078e+01 5.307153127779831232e-05
2.833286276809066706e+01 5.287434430673545500e-05
2.837204095730103148e+01 5.267788203328331603e-05
2.841127332142912110e+01 5.248214181263242766e-05
2.845055993538709771e+01 5.228712100960092226e-05
2.848990087419066697e+01 5.209281699859796757e-05
2.852929621295926310e+01 5.189922716358950591e-05
2.856874602691624432e+01 5.170634889806353262e-05
2.860825039138891768e+01 5.151417960499494759e-05
2.864780938180881975e+01 5.132271669681138929e-05
2.868742307371174149e+01 5.113195759535826932e-05
2.872709154273793075e+01 5.094189973186535181e-05
2.876681486463226278e+01 5.075254054691090026e-05
2.880659311524430066e+01 5.056387749038951737e-05
2.884642637052855108e+01 5.037590802147658321e-05
2.888631470654449984e+01 5.018862960859558686e-05
2.892625819945681087e+01 5.000203972938367588e-05
2.896625692553550735e+01 4.981613587065816123e-05
2.900631096115602148e+01 4.963091552838361177e-05
2.904642038279945027e+01 4.944637620763762053e-05
2.908658526705261238e+01 4.926251542257816348e-05
2.912680569060822222e+01 4.907933069641068721e-05
2.916708173026508533e+01 4.889681956135449864e-05
2.920741346292815521e+01 4.871497955861002894e-05
2.924780096560877496e+01 4.853380823832690374e-05
2.928824431542474116e+01 4.835330315957000758e-05
2.932874358960048511e+01 4.817346189028846225e-05
2.936929886546726820e+01 4.799428200728170473e-05
2.940991022046322101e+01 4.781576109616840454e-05
2.945057773213362040e+01 4.763789675135382919e-05
2.949130147813090375e+01 4.746068657599789416e-05
2.953208153621494958e+01 4.728412818198334151e-05
2.957291798425312024e+01 4.710821918988360011e-05
2.961381090022044305e+01 4.693295722893171644e-05
2.965476036219981637e+01 4.675833993698804537e-05
2.969576644838205226e+01 4.658436496050977731e-05
2.973682923706614289e+01 4.641102995451849345e-05
2.977794880665930677e+01 4.623833258256990978e-05
2.981912523567718054e+01 4.606627051672213701e-05
2.986035860274401088e+01 4.589484143750484861e-05
2.990164898659271842e+01 4.572404303388899092e-05
2.994299646606513932e+01 4.555387300325490079e-05
2.998440112011209990e+01 4.538432905136276110e-05
3.002586302779358363e+01 4.521540889232153162e-05
3.006738226827895488e+01 4.504711024855834731e-05
3.010895892084698389e+01 4.487943085078872999e-05
3.015059306488612734e+01 4.471236843798592563e-05
3.019228477989457815e+01 4.454592075735127184e-05
3.023403414548045376e+01 4.438008556428365040e-05
3.027584124136199861e+01 4.421486062235008513e-05
3.031770614736763036e+01 4.405024370325589915e-05
3.035962894343620988e+01 4.388623258681485193e-05
3.040160970961709808e+01 4.372282506091997424e-05
3.044364852607033711e+01 4.356001892151462675e-05
3.048574547306686355e+01 4.339781197830907113e-05
3.052790063098855100e+01 4.323620206809899931e-05
3.057011408032848010e+01 4.307518703926758172e-05
3.061238590169100249e+01 4.291476474770460482e-05
3.065471617579190777e+01 4.275493305678143281e-05
3.069710498345866156e+01 4.259568983732550180e-05
3.073955240563043034e+01 4.243703296759626404e-05
3.078205852335835857e+01 4.227896033325962788e-05
3.082462341780562198e+01 4.212146982736415953e-05
3.086724717024763365e+01 4.196455935031607185e-05
3.090992986207222870e+01 4.180822680985434194e-05
3.095267157477973541e+01 4.165247012102711615e-05
3.099547238998322740e+01 4.149728720616690901e-05
3.103833238940857697e+01 4.134267599486640514e-05
3.108125165489472863e+01 4.118863442395378691e-05
3.112423026839374529e+01 4.103516043746956637e-05
3.116726831197100367e+01 4.088225198664185192e-05
3.121036586780541811e+01 4.072990702986218411e-05
3.125352301818946543e+01 4.057812353266269966e-05
3.129673984552948696e+01 4.042689946769081536e-05
3.134001643234571688e+01 4.027623281468689344e-05
3.138335286127250967e+01 4.012612156045948118e-05
3.142674921505851771e+01 3.997656369886240030e-05
3.147020557656676942e+01 3.982755723077100298e-05
3.151372202877492157e+01 3.967910016405842101e-05
3.155729865477533380e+01 3.953119051357258752e-05
3.160093553777526409e+01 3.938382630111295372e-05
3.164463276109707479e+01 3.923700555540656193e-05
3.168839040817827879e+01 3.909072631208613109e-05
3.173220856257182731e+01 3.894498661366563519e-05
3.177608730794616676e+01 3.879978450951810417e-05
3.182002672808543409e+01 3.865511805585242200e-05
3.186402690688966644e+01 3.851098531569051102e-05
3.190808792837485441e+01 3.836738435884448915e-05
3.195220987667323342e+01 3.822431326189367802e-05
3.199639283603332274e+01 3.808177010816250557e-05
3.204063689082013866e+01 3.793975298769770393e-05
3.208494212551541125e+01 3.779825999724516851e-05
3.212930862471760918e+01 3.765728924022845007e-05
3.217373647314227014e+01 3.751683882672587813e-05
3.221822575562200086e+01 3.737690687344817891e-05
3.226277655710673997e+01 3.723749150371641862e-05
3.230738896266392146e+01 3.709859084744001451e-05
3.235206305747854572e+01 3.696020304109391236e-05
3.239679892685349216e+01 3.682232622769745134e-05
3.244159665620951927e+01 3.668495855679198203e-05
3.248645633108551323e+01 3.654809818441885031e-05
3.253137803713870113e+01 3.641174327309757103e-05
3.257636186014467938e+01 3.627589199180446922e-05
3.262140788599771923e+01 3.614054251595044719e-05
3.266651620071080231e+01 3.600569302736002551e-05
3.271168689041591193e+01 3.587134171424889327e-05
3.275692004136408286e+01 3.573748677120332180e-05
3.280221573992562156e+01 3.560412639915839253e-05
3.284757407259030515e+01 3.547125880537624516e-05
3.289299512596745245e+01 3.533888220342547108e-05
3.293847898678620822e+01 3.520699481315927345e-05
3.298402574189558578e+01 3.507559486069498255e-05
3.302963547826470858e+01 3.494468057839258181e-05
3.307530828298298786e+01 3.481425020483332872e-05
3.312104424326020791e+01 3.468430198479964283e-05
3.316684344642681026e+01 3.455483416925353017e-05
3.321270597993394347e+01 3.442584501531621379e-05
3.325863193135368334e+01 3.429733278624703924e-05
3.330462138837925323e+01 3.416929575142274599e-05
3.335067443882505955e+01 3.404173218631740969e-05
3.339679117062701152e+01 3.391464037248123923e-05
3.344297167184255670e+01 3.378801859752055291e-05
3.348921603065092256e+01 3.366186515507700236e-05
3.353552433535330835e+01 3.353617834480730482e-05
3.358189667437294190e+01 3.341095647236300235e-05
3.362833313625540654e+01 3.328619784937049902e-05
3.367483380966865525e+01 3.316190079341020355e-05
3.372139878340325936e+01 3.303806362799718306e-05
3.376802814637261463e+01 3.291468468256035322e-05
3.381472198761300518e+01 3.279176229242350464e-05
3.386148039628388773e+01 3.266929479878425584e-05
3.390830346166797682e+01 3.254728054869480866e-05
3.395519127317141539e+01 3.242571789504248680e-05
3.400214392032405897e+01 3.230460519652903438e-05
3.404916149277947568e+01 3.218394081765216415e-05
3.409624408031527310e+01 3.206372312868465947e-05
3.414339177283315507e+01 3.194395050565611234e-05
3.419060466035914203e+01 3.182462133033231672e-05
3.423788283304379121e+01 3.170573399019662028e-05
3.428522638116224641e+01 3.158728687843024614e-05
3.433263539511455775e+01 3.146927839389310249e-05
3.438010996542570297e+01 3.135170694110452441e-05
3.442765018274590716e+01 3.123457093022387348e-05
3.447525613785069254e+01 3.111786877703196403e-05
3.452292792164111290e+01 3.100159890291152712e-05
3.457066562514395258e+01 3.088575973482839295e-05
3.461846933951181171e+01 3.077034970531249689e-05
3.466633915602340466e+01 3.065536725243925840e-05
3.471427516608359554e+01 3.054081081981039058e-05
3.476227746122366824e+01 3.042667885653554331e-05
3.481034613310149695e+01 3.031296981721318741e-05
3.485848127350165271e+01 3.019968216191238648e-05
3.490668297433568057e+01 3.008681435615411475e-05
3.495495132764217772e+01 2.997436487089242242e-05
3.500328642558700665e+01 2.986233218249664803e-05
3.505168836046351544e+01 2.975071477273217723e-05
3.510015722469261590e+01 2.963951112874302436e-05
3.514869311082309622e+01 2.952871974303275732e-05
3.519729611153164939e+01 2.941833911344679796e-05
3.524596631962312898e+01 2.930836774315403467e-05
3.529470382803076234e+01 2.919880414062877040e-05
3.534350872981623581e+01 2.908964681963285370e-05
3.539238111816995769e+01 2.898089429919715578e-05
3.544132108641116474e+01 2.887254510360437912e-05
3.549032872798814253e+01 2.876459776237062942e-05
3.553940413647841723e+01 2.865705081022783461e-05
3.558854740558888352e+01 2.854990278710611636e-05
3.563775862915603909e+01 2.844315223811551117e-05
3.568703790114611962e+01 2.833679771352926342e-05
3.573638531565527643e+01 2.823083776876541431e-05
3.578580096690983225e+01 2.812527096436956981e-05
3.583528494926633812e+01 2.802009586599765506e-05
3.588483735721188594e+01 2.791531104439797423e-05
3.593445828536416542e+01 2.781091507539435454e-05
3.598414782847171978e+01 2.770690653986868725e-05
3.603390608141414475e+01 2.760328402374344825e-05
3.608373313920215963e+01 2.750004611796492005e-05
3.613362909697794834e+01 2.739719141848548882e-05
3.618359405001519491e+01 2.729471852624728304e-05
3.623362809371933224e+01 2.719262604716455865e-05
3.628373132362776232e+01 2.709091259210686341e-05
3.633390383540993440e+01 2.698957677688219110e-05
3.638414572486764342e+01 2.688861722222027467e-05
3.643445708793509397e+01 2.678803255375541853e-05
3.648483802067923421e+01 2.668782140200997129e-05
3.653528861929976301e+01 2.658798240237761207e-05
3.658580898012944260e+01 2.648851419510658267e-05
3.663639919963426195e+01 2.638941542528324831e-05
3.668705937441355758e+01 2.629068474281549584e-05
3.673778960120029069e+01 2.619232080241613183e-05
3.678858997686113952e+01 2.609432226358658573e-05
3.683946059839673381e+01 2.599668779060057561e-05
3.689040156294187511e+01 2.589941605248756735e-05
3.694141296776562200e+01 2.580250572301668780e-05
3.699249491027159564e+01 2.570595548068029906e-05
3.704364748799805795e+01 2.560976400867819968e-05
3.709487079861814607e+01 2.551392999490105666e-05
3.714616493994011392e+01 2.541845213191466082e-05
3.719753000990737490e+01 2.532332911694367393e-05
3.724896610659886420e+01 2.522855965185590097e-05
3.730047332822908857e+01 2.513414244314619996e-05
3.735205177314835367e+01 2.504007620192067965e-05
3.740370153984301282e+01 2.494635964388094133e-05
3.745542272693553798e+01 2.485299148930826646e-05
3.750721543318486084e+01 2.475997046304778389e-05
3.755907975748639416e+01 2.466729529449303014e-05
3.761101579887232305e+01 2.457496471757041824e-05
3.766302365651181816e+01 2.448297747072321860e-05
3.771510342971110674e+01 2.439133229689648865e-05
3.776725521791380658e+01 2.430002794352160596e-05
3.781947912070099704e+01 2.420906316250043893e-05
3.787177523779143939e+01 2.411843671019072699e-05
3.792414366904186807e+01 2.402814734738985822e-05
3.797658451444699779e+01 2.393819383932044948e-05
3.802909787413990017e+01 2.384857495561465594e-05
3.808168384839204634e+01 2.375928947029906342e-05
3.813434253761357695e+01 2.367033616177990937e-05
3.818707404235350822e+01 2.358171381282744660e-05
3.823987846329983853e+01 2.349342121056161153e-05
3.829275590127986817e+01 2.340545714643653364e-05
3.834570645726024196e+01 2.331782041521779399e-05
3.839873023234729743e+01 2.323050978234361319e-05
3.845182732778711454e+01 2.314352397738776284e-05
3.850499784496578570e+01 2.305686173288438789e-05
3.855824188540965736e+01 2.297052178677719568e-05
3.861155955078536550e+01 2.288450288239417705e-05
3.866495094290023360e+01 2.279880376842224958e-05
3.871841616370228678e+01 2.271342319888230399e-05
3.877195531528054318e+01 2.262835993310426751e-05
3.882556849986521286e+01 2.254361273570170641e-05
3.887925581982781864e+01 2.245918037654776012e-05
3.893301737768150872e+01 2.237506163074991661e-05
3.898685327608112061e+01 2.229125527862614974e-05
3.904076361782345828e+01 2.220776010567985387e-05
3.909474850584750527e+01 2.212457490257609306e-05
3.914880804323453134e+01 2.204169846511716590e-05
3.920294233320841215e+01 2.195912959421885801e-05
3.925715147913570746e+01 2.187686709588637624e-05
3.931143558452590270e+01 2.179490978119076380e-05
3.936579475303167186e+01 2.171325646624471583e-05
3.942022908844895568e+01 2.163190597217993987e-05
3.947473869471728136e+01 2.155085712512303238e-05
3.952932367591985496e+01 2.147010875617238185e-05
3.958398413628379586e+01 2.138965970137525146e-05
3.963872018018042809e+01 2.130950880170422480e-05
3.969353191212528742e+01 2.122965490303494921e-05
3.974841943677854061e+01 2.115009685612246295e-05
3.980338285894500672e+01 2.107083351657917906e-05
3.985842228357441286e+01 2.099186374485219510e-05
3.991353781576169268e+01 2.091318640620039272e-05
3.996872956074700767e+01 2.083480037067267232e-05
4.002399762391612370e+01 2.075670451308495444e-05
4.007934211080048215e+01 2.067889771299885479e-05
4.013476312707744142e+01 2.060137885469917696e-05
4.019026077857055412e+01 2.052414682717187258e-05
4.024583517124963095e+01 2.044720052408270967e-05
4.030148641123107467e+01 2.037053884375515826e-05
4.035721460477795830e+01 2.029416068914897069e-05
4.041301985830038035e+01 2.021806496783860253e-05
4.046890227835550036e+01 2.014225059199209778e-05
4.052486197164785153e+01 2.006671647834951325e-05
4.058089904502954681e+01 1.999146154820173255e-05
4.063701360550039254e+01 1.991648472736980526e-05
4.069320576020822955e+01 1.984178494618360852e-05
4.074947561644898997e+01 1.976736113946117598e-05
4.080582328166698858e+01 1.969321224648788116e-05
4.086224886345515017e+01 1.961933721099595279e-05
4.091875246955513035e+01 1.954573498114372588e-05
4.097533420785760683e+01 1.947240450949532989e-05
4.103199418640242868e+01 1.939934475300032605e-05
4.108873251337880816e+01 1.932655467297369705e-05
4.114554929712563336e+01 1.925403323507525398e-05
4.120244464613152502e+01 1.918177940929003598e-05
4.125941866903519184e+01 1.910979216990819831e-05
4.131647147462551573e+01 1.903807049550530693e-05
4.137360317184178626e+01 1.896661336892246379e-05
4.143081386977403469e+01 1.889541977724665898e-05
4.148810367766301255e+01 1.882448871179147538e-05
4.154547270490063937e+01 1.875381916807749503e-05
4.160292106103003817e+01 1.868341014581279713e-05
4.166044885574579126e+01 1.861326064887413009e-05
4.171805619889423156e+01 1.854336968528741970e-05
4.177574320047350653e+01 1.847373626720888023e-05
4.183350997063394772e+01 1.840435941090590540e-05
4.189135661967814883e+01 1.833523813673850481e-05
4.194928325806120029e+01 1.826637146914023211e-05
4.200728999639103023e+01 1.819775843659963502e-05
4.206537694542839034e+01 1.812939807164173916e-05
4.212354421608729638e+01 1.806128941080943368e-05
4.218179191943507078e+01 1.799343149464518210e-05
4.224012016669261271e+01 1.792582336767265864e-05
4.229852906923468225e+01 1.785846407837857769e-05
4.235701873858995015e+01 1.779135267919455373e-05
4.241558928644141702e+01 1.772448822647901888e-05
4.247424082462639916e+01 1.765786978049927597e-05
4.253297346513697619e+01 1.759149640541385990e-05
4.259178732012000523e+01 1.752536716925440102e-05
4.265068250187741938e+01 1.745948114390830834e-05
4.270965912286651189e+01 1.739383740510093104e-05
4.276871729569999303e+01 1.732843503237816379e-05
4.282785713314637377e+01 1.726327310908903854e-05
4.288707874813003684e+01 1.719835072236830615e-05
4.294638225373151386e+01 1.713366696311924495e-05
4.300576776318776950e+01 1.706922092599653381e-05
4.306523538989226552e+01 1.700501170938923350e-05
4.312478524739534436e+01 1.694103841540347673e-05
4.318441744940430027e+01 1.687730014984599171e-05
4.324413210978365640e+01 1.681379602220708350e-05
4.330392934255545612e+01 1.675052514564377471e-05
4.336380926189932694e+01 1.668748663696331544e-05
4.342377198215286427e+01 1.662467961660649000e-05
4.348381761781169530e+01 1.656210320863135040e-05
4.354394628352977747e+01 1.649975654069652989e-05
4.360415809411968269e+01 1.643763874404494601e-05
4.366445316455263992e+01 1.637574895348779504e-05
4.372483160995896156e+01 1.631408630738802472e-05
4.378529354562807896e+01 1.625264994764452522e-05
4.384583908700885502e+01 1.619143901967611682e-05
4.390646834970985424e+01 1.613045267240526654e-05
4.396718144949942086e+01 1.606969005824269929e-05
4.402797850230606258e+01 1.600915033307126354e-05
4.408885962421852156e+01 1.594883265623041368e-05
4.414982493148608000e+01 1.588873619050060770e-05
4.421087454051881593e+01 1.582886010208756593e-05
4.427200856788770977e+01 1.576920356060702440e-05
4.433322713032499962e+01 1.570976573906913932e-05
4.439453034472428783e+01 1.565054581386339294e-05
4.445591832814081101e+01 1.559154296474313687e-05
4.451739119779173137e+01 1.553275637481048443e-05
4.457894907105622195e+01 1.547418523050143334e-05
4.464059206547582903e+01 1.541582872157035489e-05
4.470232029875457158e+01 1.535768604107560110e-05
4.476413388875929655e+01 1.529975638536425477e-05
4.482603295351977124e+01 1.524203895405737758e-05
4.488801761122898881e+01 1.518453295003553932e-05
4.495008798024343122e+01 1.512723757942380514e-05
4.501224417908314734e+01 1.507015205157739352e-05
4.507448632643217223e+01 1.501327557906696847e-05
4.513681454113858393e+01 1.495660737766441609e-05
4.519922894221480192e+01 1.490014666632840945e-05
4.526172964883789263e+01 1.484389266718990400e-05
4.532431678034960498e+01 1.478784460553810565e-05
4.538699045625682515e+01 1.473200170980635578e-05
4.544975079623160497e+01 1.467636321155778417e-05
4.551259792011148875e+01 1.462092834547159562e-05
4.557553194789979756e+01 1.456569634932873469e-05
4.563855299976569313e+01 1.451066646399850260e-05
4.570166119604459709e+01 1.445583793342417801e-05
4.576485665723827623e+01 1.440121000460960849e-05
4.582813950401509118e+01 1.434678192760556481e-05
4.589150985721037301e+01 1.429255295549578520e-05
4.595496783782640904e+01 1.423852234438376339e-05
4.601851356703292595e+01 1.418468935337911811e-05
4.608214716616712536e+01 1.413105324458409308e-05
4.614586875673398225e+01 1.407761328308038397e-05
4.620967846040657179e+01 1.402436873691563501e-05
4.627357639902610487e+01 1.397131887709043023e-05
4.633756269460238286e+01 1.391846297754486461e-05
4.640163746931384736e+01 1.386580031514561159e-05
4.646580084550787859e+01 1.381333016967302783e-05
4.653005294570110806e+01 1.376105182380780907e-05
4.659439389257948960e+01 1.370896456311833034e-05
4.665882380899872572e+01 1.365706767604781853e-05
4.672334281798431022e+01 1.360536045390140295e-05
4.678795104273189054e+01 1.355384219083350973e-05
4.685264860660749520e+01 1.350251218383513609e-05
4.691743563314767584e+01 1.345136973272134297e-05
4.698231224605989809e+01 1.340041414011850044e-05
4.704727856922261253e+01 1.334964471145214125e-05
4.711233472668556033e+01 1.329906075493424686e-05
4.717748084267010000e+01 1.324866158155091633e-05
4.724271704156925722e+01 1.319844650505025717e-05
4.730804344794817240e+01 1.314841484192986951e-05
4.737346018654412205e+01 1.309856591142505887e-05
4.743896738226697352e+01 1.304889903549622208e-05
4.750456516019924180e+01 1.299941353881710069e-05
4.757025364559640934e+01 1.295010874876278353e-05
4.763603296388722441e+01 1.290098399539756199e-05
4.770190324067377929e+01 1.285203861146323250e-05
4.776786460173194371e+01 1.280327193236701612e-05
4.783391717301145007e+01 1.275468329617016258e-05
4.790006108063616352e+01 1.270627204357589698e-05
4.796629645090445138e+01 1.265803751791774264e-05
4.803262341028921867e+01 1.260997906514823177e-05
4.809904208543834159e+01 1.256209603382700134e-05
4.816555260317475273e+01 1.251438777510957324e-05
4.823215509049676797e+01 1.246685364273569406e-05
4.829884967457837774e+01 1.241949300373248909e-05
4.836563648276932526e+01 1.237230530829881236e-05
4.843251564259554698e+01 1.232529004460837322e-05
4.849948728175925794e+01 1.227844670162761070e-05
4.856655152813925014e+01 1.223177476892957323e-05
4.863370850979121229e+01 1.218527373670057635e-05
4.870095835494782222e+01 1.213894309574647075e-05
4.876830119201915892e+01 1.209278233749901533e-05
4.883573714959280920e+01 1.204679095402242818e-05
4.890326635643414477e+01 1.200096843801948687e-05
4.897088894148668459e+01 1.195531428283758985e-05
4.903860503387214465e+01 1.190982798247514139e-05
4.910641476289088558e+01 1.186450903158735034e-05
4.917431825802198375e+01 1.181935692549251005e-05
4.924231564892356516e+01 1.177437116017770738e-05
4.931040706543311103e+01 1.172955123230473494e-05
4.937859263756755013e+01 1.168489663921607632e-05
4.944687249552369224e+01 1.164040687894039984e-05
4.951524676967829919e+01 1.159608145019843364e-05
4.958371559058842593e+01 1.155191985240860351e-05
4.965227908899172604e+01 1.150792158569243866e-05
4.972093739580654415e+01 1.146408615088029764e-05
4.978969064213234219e+01 1.142041304951658948e-05
4.985853895924977053e+01 1.137690178386539798e-05
4.992748247862112265e+01 1.133355185691567402e-05
4.999652133189039205e+01 1.129036277238646682e-05
5.006565565088360614e+01 1.124733403473231110e-05
5.013488556760914605e+01 1.120446514914818390e-05
5.020421121425786026e+01 1.116175562157481039e-05
5.027363272320344834e+01 1.111920495870343775e-05
5.034315022700261721e+01 1.107681266798109018e-05
5.041276385839533702e+01 1.103457825761539526e-05
5.048247375030523898e+01 1.099250123657937311e-05
5.055228003583962249e+01 1.095058111461625429e-05
5.062218284828997383e+01 1.090881740224438243e-05
5.069218232113200884e+01 1.086720961076182380e-05
5.076227858802599258e+01 1.082575725225097005e-05
5.083247178281712308e+01 1.078445983958316137e-05
5.090276203953554557e+01 1.074331688642321130e-05
5.097314949239685689e+01 1.070232790723396714e-05
5.104363427580216950e+01 1.066149241728059261e-05
5.111421652433843121e+01 1.062080993263508079e-05
5.118489637277878757e+01 1.058027997018034869e-05
5.125567395608262444e+01 1.053990204761485867e-05
5.132654940939607258e+01 1.049967568345645718e-05
5.139752286805204307e+01 1.045960039704673700e-05
5.146859446757059686e+01 1.041967570855512329e-05
5.153976434365925030e+01 1.037990113898286149e-05
5.161103263221309589e+01 1.034027621016701861e-05
5.168239946931521445e+01 1.030080044478451857e-05
5.175386499123680295e+01 1.026147336635595551e-05
5.182542933443748723e+01 1.022229449924941732e-05
5.189709263556566299e+01 1.018326336868435315e-05
5.196885503145857399e+01 1.014437950073525465e-05
5.204071665914278810e+01 1.010564242233540833e-05
5.211267765583426836e+01 1.006705166128043950e-05
5.218473815893872825e+01 1.002860674623199355e-05
5.225689830605195141e+01 9.990307206721207021e-06
5.232915823495988406e+01 9.952152573152317692e-06
5.240151808363911101e+01 9.914142376805900244e-06
5.247397799025689125e+01 9.876276149842467842e-06
5.254653809317166235e+01 9.838553425305711185e-06
5.261919853093309030e+01 9.800973737125776529e-06
5.269195944228241757e+01 9.763536620122621629e-06
5.276482096615283979e+01 9.726241610009022704e-06
5.283778324166953411e+01 9.689088243394001538e-06
5.291084640815017792e+01 9.652076057785669811e-06
5.298401060510501281e+01 9.615204591594430885e-06
5.305727597223719982e+01 9.578473384135979997e-06
5.313064264944313919e+01 9.541881975634216356e-06
5.320411077681259826e+01 9.505429907224206064e-06
5.327768049462913069e+01 9.469116720955062031e-06
5.335135194337022568e+01 9.432941959792757815e-06
5.342512526370760639e+01 9.396905167622877092e-06
5.349900059650758521e+01 9.361005889253424113e-06
5.357297808283117035e+01 9.325243670417525735e-06
5.364705786393453479e+01 9.289618057775875964e-06
5.372124008126908734e+01 9.254128598919681930e-06
5.379552487648184211e+01 9.218774842372928858e-06
5.386991239141574539e+01 9.183556337595102427e-06
5.394440276810978929e+01 9.148472634983524889e-06
5.401899614879948786e+01 9.113523285875804692e-06
5.409369267591693387e+01 9.078707842552345385e-06
5.416849249209118256e+01 9.044025858238556378e-06
5.424339574014860688e+01 9.009476887107195834e-06
5.431840256311296145e+01 8.975060484280718645e-06
5.439351310420586572e+01 8.940776205833292370e-06
5.446872750684691766e+01 8.906623608793257018e-06
5.454404591465404195e+01 8.872602251145010545e-06
5.461946847144380968e+01 8.838711691831289066e-06
5.469499532123157337e+01 8.804951490755070982e-06
5.477062660823192886e+01 8.771321208781709817e-06
5.484636247685880761e+01 8.737820407740873912e-06
5.492220307172583205e+01 8.704448650428462425e-06
5.499814853764667788e+01 8.671205500608548415e-06
5.507419901963515940e+01 8.638090523015164396e-06
5.515035466290571975e+01 8.605103283354174272e-06
5.522661561287349485e+01 8.572243348305079216e-06
5.530298201515480372e+01 8.539510285522659220e-06
5.537945401556724789e+01 8.506903663638814542e-06
5.545603176013004543e+01 8.474423052264129329e-06
5.553271539506442878e+01 8.442068021989464042e-06
5.560950506679370875e+01 8.409838144387696954e-06
5.568640092194375768e+01 8.377732992015143776e-06
5.576340310734315153e+01 8.345752138413134832e-06
5.584051177002346833e+01 8.313895158109471960e-06
5.591772705721970027e+01 8.282161626619817640e-06
5.599504911637031057e+01 8.250551120449292505e-06
5.607247809511775216e+01 8.219063217093537513e-06
5.615001414130856006e+01 8.187697495040397854e-06
5.622765740299369952e+01 8.156453533770913975e-06
5.630540802842894266e+01 8.125330913760810667e-06
5.638326616607496078e+01 8.094329216481572795e-06
5.646123196459782179e+01 8.063448024401720929e-06
5.653930557286907543e+01 8.032686920987975170e-06
5.661748713996615123e+01 8.002045490706300384e-06
5.669577681517267820e+01 7.971523319023142876e-06
5.677417474797861274e+01 7.941119992406309606e-06
5.685268108808073606e+01 7.910835098326130318e-06
5.693129598538273939e+01 7.880668225256379117e-06
5.701001958999560770e+01 7.850618962675277347e-06
5.708885205223796078e+01 7.820686901066386374e-06
5.716779352263618819e+01 7.790871631919498656e-06
5.724684415192491826e+01 7.761172747731506804e-06
5.732600409104713890e+01 7.731589842007237061e-06
5.740527349115455280e+01 7.702122509260279394e-06
5.748465250360796830e+01 7.672770345013648179e-06
5.756414127997736330e+01 7.643532945800634318e-06
5.764373997204242528e+01 7.614409909165419336e-06
5.772344873179264368e+01 7.585400833663831784e-06
5.780326771142766518e+01 7.556505318863850372e-06
5.788319706335768444e+01 7.527722965346405267e-06
5.796323694020352946e+01 7.499053374705806690e-06
5.804338749479718018e+01 7.470496149550354779e-06
5.812364888018185383e+01 7.442050893502812233e-06
5.820402124961248802e+01 7.413717211200996389e-06
5.828450475655586871e+01 7.385494708298114648e-06
5.836509955469097122e+01 7.357382991463346384e-06
5.844580579790937946e+01 7.329381668382034377e-06
5.852662364031535702e+01 7.301490347756299755e-06
5.860755323622638002e+01 7.273708639305210556e-06
5.868859474017321531e+01 7.246036153765173903e-06
5.876974830690031126e+01 7.218472502890261268e-06
5.885101409136620276e+01 7.191017299452345686e-06
5.893239224874354676e+01 7.163670157241497322e-06
5.901388293441971911e+01 7.136430691066073259e-06
5.909548630399686431e+01 7.109298516752927557e-06
5.917720251329227921e+01 7.082273251147623863e-06
5.925903171833882510e+01 7.055354512114467595e-06
5.934097407538499880e+01 7.028541918536692291e-06
5.942302974089547263e+01 7.001835090316423186e-06
5.950519887155119392e+01 6.975233648374909299e-06
5.958748162424975447e+01 6.948737214652380285e-06
5.966987815610580270e+01 6.922345412108098104e-06
5.975238862445110755e+01 6.896057864720311278e-06
5.983501318683511982e+01 6.869874197486284544e-06
5.991775200102507171e+01 6.843794036422112500e-06
6.000060522500633198e+01 6.817817008562713679e-06
6.008357301698283237e+01 6.791942741961595073e-06
6.016665553537713151e+01 6.766170865690797924e-06
6.024985293883099757e+01 6.740501009840700364e-06
6.033316538620544378e+01 6.714932805519749754e-06
6.041659303658118318e+01 6.689465884854374589e-06
6.050013604925897681e+01 6.664099880988544047e-06
6.058379458375974025e+01 6.638834428083745961e-06
6.066756879982510497e+01 6.613669161318454036e-06
6.075145885741748941e+01 6.588603716691412073e-06
6.083546491672051104e+01 6.563637656564962873e-06
6.091958713813937720e+01 6.538770359285277015e-06
6.100382568230097746e+01 6.514001179610406622e-06
6.108818071005443784e+01 6.489329477651024392e-06
6.117265238247120607e+01 6.464754618827187646e-06
6.125724086084545661e+01 6.440275973825408162e-06
6.134194630669450987e+01 6.415892918556154836e-06
6.142676888175887484e+01 6.391604834111935713e-06
6.151170874800286015e+01 6.367411106725369860e-06
6.159676606761460249e+01 6.343311127728212145e-06
6.168194100300663507e+01 6.319304293510193364e-06
6.176723371681597996e+01 6.295390005478739592e-06
6.185264437190455311e+01 6.271567670018747434e-06
6.193817313135956226e+01 6.247836698452798039e-06
6.202382015849360641e+01 6.224196507001933548e-06
6.210958561684523005e+01 6.200646516746480972e-06
6.219546967017903683e+01 6.177186153587600283e-06
6.228147248248605905e+01 6.153814848208926528e-06
6.236759421798421243e+01 6.130532036038552452e-06
6.245383504111833872e+01 6.107337157211696361e-06
6.254019511656081676e+01 6.084229656533233627e-06
6.262667460921163354e+01 6.061208983441019311e-06
6.271327368419878923e+01 6.038274591969334455e-06
6.279999250687871637e+01 6.015425940712501784e-06
6.288683124283638648e+01 5.992662492789291686e-06
6.297379005788584294e+01 5.969983715807258738e-06
6.306086911807033601e+01 5.947389081827516146e-06
6.314806858966270653e+01 5.924878067329931160e-06
6.323538863916583352e+01 5.902450153178488208e-06
6.332282943331266978e+01 5.880104824587112802e-06
6.341039113906687419e+01 5.857841571085656396e-06
6.349807392362288283e+01 5.835659886486372514e-06
6.358587795440632817e+01 5.813559268850495371e-06
6.367380339907442988e+01 5.791539220455269112e-06
6.376185042551614401e+01 5.769599247761224396e-06
6.385001920185268887e+01 5.747738861379707381e-06
6.393830989643766571e+01 5.725957576040816986e-06
6.402672267785746385e+01 5.704254910561487002e-06
6.411525771493171533e+01 5.682630387813939190e-06
6.420391517671333759e+01 5.661083534694415909e-06
6.429269523248915164e+01 5.639613882092171935e-06
6.438159805177994599e+01 5.618220964858722083e-06
6.447062380434095985e+01 5.596904321777436109e-06
6.455977266016225258e+01 5.575663495533234417e-06
6.464904478946877475e+01 5.554498032682836023e-06
6.473844036272103608e+01 5.533407483624963325e-06
6.482795955061509119e+01 5.512391402570969544e-06
6.491760252408322174e+01 5.491449347515756690e-06
6.500736945429387958e+01 5.470580880208801110e-06
6.509726051265229785e+01 5.449785566125613558e-06
6.518727587080076091e+01 5.429062974439228914e-06
6.527741570061880338e+01 5.408412677992205816e-06
6.536768017422373589e+01 5.387834253268626289e-06
6.545806946397077297e+01 5.367327280366478241e-06
6.554858374245350205e+01 5.346891342970176861e-06
6.563922318250419607e+01 5.326526028323504464e-06
6.572998795719405507e+01 5.306230927202530841e-06
6.582087823983370356e+01 5.286005633888936810e-06
6.591189420397329002e+01 5.265849746143531724e-06
6.600303602340298426e+01 5.245762865180000537e-06
6.609430387215336111e+01 5.225744595638742344e-06
6.618569792449549993e+01 5.205794545561190033e-06
6.627721835494159563e+01 5.185912326364079120e-06
6.636886533824505818e+01 5.166097552814130784e-06
6.646063904940093892e+01 5.146349843002803502e-06
6.655253966364637108e+01 5.126668818321344548e-06
6.664456735646068353e+01 5.107054103436021898e-06
6.673672230356594071e+01 5.087505326263566205e-06
6.682900468092717006e+01 5.068022117946761850e-06
6.692141466475264622e+01 5.048604112830344622e-06
6.701395243149443104e+01 5.029250948436990872e-06
6.710661815784847306e+01 5.009962265443591274e-06
6.719941202075514752e+01 4.990737707657642324e-06
6.729233419739941269e+01 4.971576921993867380e-06
6.738538486521125037e+01 4.952479558451058788e-06
6.747856420186604964e+01 4.933445270089014014e-06
6.757187238528480577e+01 4.914473713005760627e-06
6.766530959363463182e+01 4.895564546314874451e-06
6.775887600532892918e+01 4.876717432123078928e-06
6.785257179902779967e+01 4.857932035507898698e-06
6.794639715363848609e+01 4.839208024495629118e-06
6.804035224831550011e+01 4.820545070039333735e-06
6.813443726246121912e+01 4.801942845997124665e-06
6.822865237572592889e+01 4.783401029110614077e-06
6.832299776800851987e+01 4.764919298983426661e-06
6.841747361945650141e+01 4.746497338059982298e-06
6.851208011046651336e+01 4.728134831604430351e-06
6.860681742168472397e+01 4.709831467679700003e-06
6.870168573400697198e+01 4.691586937126753873e-06
6.879668522857937774e+01 4.673400933543980555e-06
6.889181608679842839e+01 4.655273153266750631e-06
6.898707849031144690e+01 4.637203295347136158e-06
6.908247262101707520e+01 4.619191061533776701e-06
6.917799866106527418e+01 4.601236156251872406e-06
6.927365679285807687e+01 4.583338286583392237e-06
6.936944719904961687e+01 4.565497162247343184e-06
6.946537006254658309e+01 4.547712495580292744e-06
6.956142556650868869e+01 4.529984001516921044e-06
6.965761389434881323e+01 4.512311397570830461e-06
6.975393522973355687e+01 4.494694403815351857e-06
6.985038975658341087e+01 4.477132742864672683e-06
6.994697765907316978e+01 4.459626139854988805e-06
7.004369912163241452e+01 4.442174322425743569e-06
7.014055432894562614e+01 4.424777020701181116e-06
7.023754346595278264e+01 4.407433967271834483e-06
7.033466671784948687e+01 4.390144897176316928e-06
7.043192427008744971e+01 4.372909547883081926e-06
7.052931630837491639e+01 4.355727659272439815e-06
7.062684301867679437e+01 4.338598973618700644e-06
7.072450458721523603e+01 4.321523235572317871e-06
7.082230120046985178e+01 4.304500192142275164e-06
7.092023304517809379e+01 4.287529592678563826e-06
7.101830030833571072e+01 4.270611188854817774e-06
7.111650317719691827e+01 4.253744734650929036e-06
7.121484183927498179e+01 4.236929986335994436e-06
7.131331648234237264e+01 4.220166702451213998e-06
7.141192729443120868e+01 4.203454643792946900e-06
7.151067446383369486e+01 4.186793573395946149e-06
7.160955817910226529e+01 4.170183256516631377e-06
7.170857862905027957e+01 4.153623460616480218e-06
7.180773600275196600e+01 4.137113955345611961e-06
7.190703048954317467e+01 4.120654512526333937e-06
7.200646227902149121e+01 4.104244906136973353e-06
7.210603156104662048e+01 4.087884912295695574e-06
7.220573852574094076e+01 4.071574309244391018e-06
7.230558336348958903e+01 4.055312877332861894e-06
7.240556626494107206e+01 4.039100399002865799e-06
7.250568742100745112e+01 4.022936658772471863e-06
7.260594702286476831e+01 4.006821443220385560e-06
7.270634526195351555e+01 3.990754540970401419e-06
7.280688232997876241e+01 3.974735742676025983e-06
7.290755841891083833e+01 3.958764841005052497e-06
7.300837372098538935e+01 3.942841630624440521e-06
7.310932842870387560e+01 3.926965908185073573e-06
7.321042273483408280e+01 3.911137472306756479e-06
7.331165683241017916e+01 3.895356123563261855e-06
7.341303091473341169e+01 3.879621664467417247e-06
7.351454517537221989e+01 3.863933899456416728e-06
7.361619980816270470e+01 3.848292634877085918e-06
7.371799500720911169e+01 3.832697678971258802e-06
7.381993096688391631e+01 3.817148841861379021e-06
7.392200788182856286e+01 3.801645935535953774e-06
7.402422594695347868e+01 3.786188773835321546e-06
7.412658535743867105e+01 3.770777172437375368e-06
7.422908630873408242e+01 3.755410948843377981e-06
7.433172899655983201e+01 3.740089922363916334e-06
7.443451361690679846e+01 3.724813914104855238e-06
7.453744036603674772e+01 3.709582746953514210e-06
7.464050944048284464e+01 3.694396245564761314e-06
7.474372103705016457e+01 3.679254236347229385e-06
7.484707535281570756e+01 3.664156547449728785e-06
7.495057258512917997e+01 3.649103008747597458e-06
7.505421293161306551e+01 3.634093451829166194e-06
7.515799659016310841e+01 3.619127709982362379e-06
7.526192375894879660e+01 3.604205618181270971e-06
7.536599463641351804e+01 3.589327013072912739e-06
7.547020942127522858e+01 3.574491732963956009e-06
7.557456831252646623e+01 3.559699617807599937e-06
7.567907150943511851e+01 3.544950509190481493e-06
7.578371921154450774e+01 3.530244250319679866e-06
7.588851161867385997e+01 3.515580686009786075e-06
7.599344893091883080e+01 3.500959662669999271e-06
7.609853134865163327e+01 3.486381028291350943e-06
7.620375907252166314e+01 3.471844632433993066e-06
7.630913230345569787e+01 3.457350326214466350e-06
7.641465124265832287e+01 3.442897962293201849e-06
7.652031609161245740e+01 3.428487407406533921e-06
7.662612705207951080e+01 3.414118784671046193e-06
7.673208432610000784e+01 3.399792451566844059e-06
7.683818811599374499e+01 3.385508767687624059e-06
7.694443862436027359e+01 3.371268085572426957e-06
7.705083605407942571e+01 3.357070750757409236e-06
7.715738060831141354e+01 3.342917101827864054e-06
7.726407249049754000e+01 3.328807470470680957e-06
7.737091190436025556e+01 3.314742181527047000e-06
7.747789905390379772e+01 3.300721553045518016e-06
7.758503414341456050e+01 3.286745896335325371e-06
7.769231737746125077e+01 3.272815516020076150e-06
7.779974896089565561e+01 3.258930710091563052e-06
7.790732909885268498e+01 3.245091769964018958e-06
7.801505799675089747e+01 3.231298980528424458e-06
7.812293586029304038e+01 3.217552620207160526e-06
7.823096289546612070e+01 3.203852961008887791e-06
7.833913930854214414e+01 3.190200268583511348e-06
7.844746530607825719e+01 3.176594802277482270e-06
7.855594109491718768e+01 3.163036815189146553e-06
7.866456688218782745e+01 3.149526554224337582e-06
7.877334287530531753e+01 3.136064260152102004e-06
7.888226928197175880e+01 3.122650167660524283e-06
7.899134631017635400e+01 3.109284505412739716e-06
7.910057416819589093e+01 3.095967496103017336e-06
7.920995306459531093e+01 3.082699356512937672e-06
7.931948320822776566e+01 3.069480297567754325e-06
7.942916480823538450e+01 3.056310524392647970e-06
7.953899807404930300e+01 3.043190236369306878e-06
7.964898321539044446e+01 3.030119627192264781e-06
7.975912044226961939e+01 3.017098884925585154e-06
7.986940996498800871e+01 3.004128192059363828e-06
7.997985199413771795e+01 2.991207725566338313e-06
8.009044674060191937e+01 2.978337656958523812e-06
8.020119441555553408e+01 2.965518152343844993e-06
8.031209523046537413e+01 2.952749372482713560e-06
8.042314939709065413e+01 2.940031472844733718e-06
8.053435712748354547e+01 2.927364603665123037e-06
8.064571863398926155e+01 2.914748910001434438e-06
8.075723412924682520e+01 2.902184531789947410e-06
8.086890382618915396e+01 2.889671603902160874e-06
8.098072793804360003e+01 2.877210256201217437e-06
8.109270667833251878e+01 2.864800613598139599e-06
8.120484026087332552e+01 2.852442796108215045e-06
8.131712889977927716e+01 2.840136918907015172e-06
8.142957280945955745e+01 2.827883092386565648e-06
8.154217220461985960e+01 2.815681422211289557e-06
8.165492730026288370e+01 2.803532009373823479e-06
8.176783831168845040e+01 2.791434950250805197e-06
8.188090545449428248e+01 2.779390336658467435e-06
8.199412894457609013e+01 2.767398255908133339e-06
8.210750899812811099e+01 2.755458790861544246e-06
8.222104583164369274e+01 2.743572019986039221e-06
8.233473966191532156e+01 2.731738017409663867e-06
8.244859070603548901e+01 2.719956852975972512e-06
8.256259918139672038e+01 2.708228592298807945e-06
8.267676530569214322e+01 2.696553296816820692e-06
8.279108929691604146e+01 2.684931023847822276e-06
8.290557137336398341e+01 2.673361826642971180e-06
8.302021175363353223e+01 2.661845754440803390e-06
8.313501065662443068e+01 2.650382852520950795e-06
8.324996830153907013e+01 2.638973162257793109e-06
8.336508490788312997e+01 2.627616721173806539e-06
8.348036069546560611e+01 2.616313562992770588e-06
8.359579588439963516e+01 2.605063717692664838e-06
8.371139069510257968e+01 2.593867211558439524e-06
8.382714534829659669e+01 2.582724067234515489e-06
8.394306006500919182e+01 2.571634303777010532e-06
8.405913506657333301e+01 2.560597936705836178e-06
8.417537057462818950e+01 2.549614978056438682e-06
8.429176681111927394e+01 2.538685436431340138e-06
8.440832399829913868e+01 2.527809317051463590e-06
8.452504235872756055e+01 2.516986621807144326e-06
8.464192211527205245e+01 2.506217349308938721e-06
8.475896349110844596e+01 2.495501494938123498e-06
8.487616670972099087e+01 2.484839050896947649e-06
8.499353199490315092e+01 2.474230006258636603e-06
8.511105957075770334e+01 2.463674347017090614e-06
8.522874966169732147e+01 2.453172056136340471e-06
8.534660249244512897e+01 2.442723113599674566e-06
8.546461828803481353e+01 2.432327496458577912e-06
8.558279727381139423e+01 2.421985178881259936e-06
8.570113967543139211e+01 2.411696132200993799e-06
8.581964571886332749e+01 2.401460324964162644e-06
8.593831563038835952e+01 2.391277722977929770e-06
8.605714963660031458e+01 2.381148289357734728e-06
8.617614796440658154e+01 2.371071984574361672e-06
8.629531084102815441e+01 2.361048766500835341e-06
8.641463849400021502e+01 2.351078590458940530e-06
8.653413115117271559e+01 2.341161409265417996e-06
8.665378904071052091e+01 2.331297173277970206e-06
8.677361239109413305e+01 2.321485830440814771e-06
8.689360143111990453e+01 2.311727326330042632e-06
8.701375638990052153e+01 2.302021604198612879e-06
8.713407749686565751e+01 2.292368605021045593e-06
8.725456498176204434e+01 2.282768267537807647e-06
8.737521907465425386e+01 2.273220528299400768e-06
8.749604000592488262e+01 2.263725321710095966e-06
8.761702800627509191e+01 2.254282580071405806e-06
8.773818330672520460e+01 2.244892233625166200e-06
8.785950613861476199e+01 2.235554210596416176e-06
8.798099673360343331e+01 2.226268437235820680e-06
8.810265532367105834e+01 2.217034837861871446e-06
8.822448214111827269e+01 2.207853334902775323e-06
8.834647741856703362e+01 2.198723848937966930e-06
8.846864138896083318e+01 2.189646298739307073e-06
8.859097428556540876e+01 2.180620601312006291e-06
8.871347634196889942e+01 2.171646671935227806e-06
8.883614779208262746e+01 2.162724424202288554e-06
8.895898887014119794e+01 2.153853770060661162e-06
8.908199981070315232e+01 2.145034619851561726e-06
8.920518084865149433e+01 2.136266882349241977e-06
8.932853221919383202e+01 2.127550464800020136e-06
8.945205415786320202e+01 2.118885272960886555e-06
8.957574690051818322e+01 2.110271211137881090e-06
8.969961068334352206e+01 2.101708182224129114e-06
8.982364574285065828e+01 2.093196087737521351e-06
8.994785231587793817e+01 2.084734827858143420e-06
9.007223063959135345e+01 2.076324301465310652e-06
9.019678095148471186e+01 2.067964406174376335e-06
9.032150348938023399e+01 2.059655038373146926e-06
9.044639849142912169e+01 2.051396093258019869e-06
9.057146619611170024e+01 2.043187464869826636e-06
9.069670684223828516e+01 2.035029046129303086e-06
9.082212066894921065e+01 2.026920728872337039e-06
9.094770791571556856e+01 2.018862403884807171e-06
9.107346882233964891e+01 2.010853960937213953e-06
9.119940362895519570e+01 2.002895288818896394e-06
9.132551257602818851e+01 1.994986275372078531e-06
9.145179590435697037e+01 1.987126807525443698e-06
9.157825385507284466e+01 1.979316771327575809e-06
9.170488666964072877e+01 1.971556051979961456e-06
9.183169458985919675e+01 1.963844533869787872e-06
9.195867785786138882e+01 1.956182100602385988e-06
9.208583671611512500e+01 1.948568635033413871e-06
9.221317140742348784e+01 1.941004019300692035e-06
9.234068217492547603e+01 1.933488134855836311e-06
9.246836926209607554e+01 1.926020862495479481e-06
9.259623291274715484e+01 1.918602082392341290e-06
9.272427337102757861e+01 1.911231674125869446e-06
9.285249088142379037e+01 1.903909516712711625e-06
9.298088568876049465e+01 1.896635488636825799e-06
9.310945803820068534e+01 1.889409467879373090e-06
9.323820817524661209e+01 1.882231331948255076e-06
9.336713634573976606e+01 1.875100957907457557e-06
9.349624279586181785e+01 1.868018222406042584e-06
9.362552777213466015e+01 1.860983001706936145e-06
9.375499152142110404e+01 1.853995171715371533e-06
9.388463429092546164e+01 1.847054608007160339e-06
9.401445632819367404e+01 1.840161185856581859e-06
9.414445788111419233e+01 1.833314780264096533e-06
9.427463919791806291e+01 1.826515265983780278e-06
9.440500052717960955e+01 1.819762517550480581e-06
9.453554211781703032e+01 1.813056409306700049e-06
9.466626421909251121e+01 1.806396815429297013e-06
9.479716708061312147e+01 1.799783609955845184e-06
9.492825095233092725e+01 1.793216666810818837e-06
9.505951608454364532e+01 1.786695859831481520e-06
9.519096272789519730e+01 1.780221062793557087e-06
9.532259113337595124e+01 1.773792149436651483e-06
9.545440155232350321e+01 1.767408993489441176e-06
9.558639423642286204e+01 1.761071468694613614e-06
9.571856943770704618e+01 1.754779448833601443e-06
9.585092740855773741e+01 1.748532807751043328e-06
9.598346840170542293e+01 1.742331419379059920e-06
9.611619267023024804e+01 1.736175157761286724e-06
9.624910046756214399e+01 1.730063897076679322e-06
9.638219204748152436e+01 1.723997388732342337e-06
9.651546766411983924e+01 1.717974708417572687e-06
9.664892757195974582e+01 1.711994710961186683e-06
9.678257202583601781e+01 1.706056265347763057e-06
9.691640128093565920e+01 1.700158254703162937e-06
9.705041559279851526e+01 1.694299576072722406e-06
9.718461521731798314e+01 1.688479140206331025e-06
9.731900041074104024e+01 1.682695871350428704e-06
9.745357142966926745e+01 1.676948707046658346e-06
9.758832853105886329e+01 1.671236597937116032e-06
9.772327197222138295e+01 1.665558507575996093e-06
9.785840201082430667e+01 1.659913412247624505e-06
9.799371890489123871e+01 1.654300300790612519e-06
9.812922291280274578e+01 1.648718174428084578e-06
9.826491429329649918e+01 1.643166046603889247e-06
9.840079330546814163e+01 1.637642942824603220e-06
9.853686020877144358e+01 1.632147900507238394e-06
9.867311526301892854e+01 1.626679968832605006e-06
9.880955872838256937e+01 1.621238208604084352e-06
9.894619086539384512e+01 1.615821692111868458e-06
9.908301193494475001e+01 1.610429503002385085e-06
9.922002219828785030e+01 1.605060736152982379e-06
9.935722191703696637e+01 1.599714497551606149e-06
9.949461135316785487e+01 1.594389904181473786e-06
9.963219076901829396e+01 1.589086083910640439e-06
9.976996042728903547e+01 1.583802175386278082e-06
9.990792059104393275e+01 1.578537327933674456e-06
1.000460715237106513e+02 1.573290701459774225e-06
1.001844134890810238e+02 1.568061466361253885e-06
1.003229467513119317e+02 1.562848803436912082e-06
1.004616715749252620e+02 1.557651903804446509e-06
1.006005882248087602e+02 1.552469968821379781e-06
1.007396969662164281e+02 1.547302210010116923e-06
1.008789980647689930e+02 1.542147848987097420e-06
1.010184917864547742e+02 1.537006117395765047e-06
1.011581783976295839e+02 1.531876256843570860e-06
1.012980581650176219e+02 1.526757518842615873e-06
1.014381313557119739e+02 1.521649164754041232e-06
1.015783982371748806e+02 1.516550465736036906e-06
1.017188590772388039e+02 1.511460702695346090e-06
1.018595141441061855e+02 1.506379166242266999e-06
1.020003637063504982e+02 1.501305156648975673e-06
1.021414080329165301e+02 1.496237983811124466e-06
1.022826473931209108e+02 1.491176967212708395e-06
1.024240820566529635e+02 1.486121435893969994e-06
1.025657122935746060e+02 1.481070728422435455e-06
1.027075383743213450e+02 1.476024192866873864e-06
1.028495605697025894e+02 1.470981186774112220e-06
1.029917791509021470e+02 1.465941077148744543e-06
1.031341943894791058e+02 1.460903240435507032e-06
1.032768065573677774e+02 1.455867062504330044e-06
1.034196159268785635e+02 1.450831938637992169e-06
1.035626227706984395e+02 1.445797273522231331e-06
1.037058273618913375e+02 1.440762481238335582e-06
1.038492299738990852e+02 1.435726985258010922e-06
1.039928308805413337e+02 1.430690218440604310e-06
1.041366303560164113e+02 1.425651623032481724e-06
1.042806286749018909e+02 1.420610650668494590e-06
1.044248261121548182e+02 1.415566762375576284e-06
1.045692229431128624e+02 1.410519428578227726e-06
1.047138194434940317e+02 1.405468129105904570e-06
1.048586158893977398e+02 1.400412353202299622e-06
1.050036125573051748e+02 1.395351599536249453e-06
1.051488097240797259e+02 1.390285376214406643e-06
1.052942076669679352e+02 1.385213200795408316e-06
1.054398066635994269e+02 1.380134600305656784e-06
1.055856069919878166e+02 1.375049111256461802e-06
1.057316089305311380e+02 1.369956279662572804e-06
1.058778127580122970e+02 1.364855661061965586e-06
1.060242187536000245e+02 1.359746820536897010e-06
1.061708271968487480e+02 1.354629332736021881e-06
1.063176383676995727e+02 1.349502781897612656e-06
1.064646525464805649e+02 1.344366761873738007e-06
1.066118700139078044e+02 1.339220876155337106e-06
1.067592910510851567e+02 1.334064737898108982e-06
1.069069159395053390e+02 1.328897969949211418e-06
1.070547449610502895e+02 1.323720204874526309e-06
1.072027783979916506e+02 1.318531084986632080e-06
1.073510165329916646e+02 1.313330262373166154e-06
1.074994596491031444e+02 1.308117398925752829e-06
1.076481080297703983e+02 1.302892166369216802e-06
1.077969619588296979e+02 1.297654246291083640e-06
1.079460217205096484e+02 1.292403330171312958e-06
1.080952875994322255e+02 1.287139119412141301e-06
1.082447598806126763e+02 1.281861325367994477e-06
1.083944388494604425e+02 1.276569669375341441e-06
1.085443247917796299e+02 1.271263882782496941e-06
1.086944179937694344e+02 1.265943706979188684e-06
1.088447187420251367e+02 1.260608893425880560e-06
1.089952273235379892e+02 1.255259203682807869e-06
1.091459440256962097e+02 1.249894409438532075e-06
1.092968691362854088e+02 1.244514292538033922e-06
1.094480029434890014e+02 1.239118645010262971e-06
1.095993457358892726e+02 1.233707269094993204e-06
1.097508978024671933e+02 1.228279977269024077e-06
1.099026594326034427e+02 1.222836592271495588e-06
1.100546309160788780e+02 1.217376947128443973e-06
1.102068125430749319e+02 1.211900885176309193e-06
1.103592046041746073e+02 1.206408260084443787e-06
1.105118073903624207e+02 1.200898935876583877e-06
1.106646211930253401e+02 1.195372786951063189e-06
1.108176463039532962e+02 1.189829698099807557e-06
1.109708830153395525e+02 1.184269564526051886e-06
1.111243316197817563e+02 1.178692291860557020e-06
1.112779924102818256e+02 1.173097796176496773e-06
1.114318656802469576e+02 1.167486004002664862e-06
1.115859517234900551e+02 1.161856852335169473e-06
1.117402508342301672e+02 1.156210288647390763e-06
1.118947633070935552e+02 1.150546270898189672e-06
1.120494894371135501e+02 1.144864767538319114e-06
1.122044295197315336e+02 1.139165757514911557e-06
1.123595838507974207e+02 1.133449230274018005e-06
1.125149527265701437e+02 1.127715185761091019e-06
1.126705364437186034e+02 1.121963634419426810e-06
1.128263352993215989e+02 1.116194597186383662e-06
1.129823495908688358e+02 1.110408105487415220e-06
1.131385796162613815e+02 1.104604201227796882e-06
1.132950256738121340e+02 1.098782936782000198e-06
1.134516880622468307e+02 1.092944374980644536e-06
1.136085670807039349e+02 1.087088589094987908e-06
1.137656630287356734e+02 1.081215662818894913e-06
1.139229762063084621e+02 1.075325690248172306e-06
1.140805069138034327e+02 1.069418775857297405e-06
1.142382554520173983e+02 1.063495034473405707e-06
1.143962221221627686e+02 1.057554591247567370e-06
1.145544072258685731e+02 1.051597581623226547e-06
1.147128110651809436e+02 1.045624151301748326e-06
1.148714339425635416e+02 1.039634456205141444e-06
1.150302761608986515e+02 1.033628662435714531e-06
1.151893380234869824e+02 1.027606946232852865e-06
1.153486198340487761e+02 1.021569493926624261e-06
1.155081218967242904e+02 1.015516501888394721e-06
1.156678445160741830e+02 1.009448176478250555e-06
1.158277879970805913e+02 1.003364733989259807e-06
1.159879526451470895e+02 9.972664005885782602e-07
1.161483387660996129e+02 9.911534122552401639e-07
1.163089466661870119e+02 9.850260147147255737e-07
1.164697766520815065e+02 9.788844633702043567e-07
1.166308290308797098e+02 9.727290232304428889e-07
1.167921041101025423e+02 9.665599688343520539e-07
1.169536021976962701e+02 9.603775841721576980e-07
1.171153236020329729e+02 9.541821626031575432e-07
1.172772686319110562e+02 9.479740067700332162e-07
1.174394375965562460e+02 9.417534285097292537e-07
1.176018308056215318e+02 9.355207487608924119e-07
1.177644485691881897e+02 9.292762974677925083e-07
1.179272911977661380e+02 9.230204134807938261e-07
1.180903590022950596e+02 9.167534444532753345e-07
1.182536522941442030e+02 9.104757467351533529e-07
1.184171713851135195e+02 9.041876852627900316e-07
1.185809165874340891e+02 8.978896334454540917e-07
1.187448882137686326e+02 8.915819730482958109e-07
1.189090865772125909e+02 8.852650940717461555e-07
1.190735119912939410e+02 8.789393946275218507e-07
1.192381647699743752e+02 8.726052808110812765e-07
1.194030452276496845e+02 8.662631665706344227e-07
1.195681536791502992e+02 8.599134735727029844e-07
1.197334904397423685e+02 8.535566310641986217e-07
1.198990558251275758e+02 8.471930757311816988e-07
1.200648501514443467e+02 8.408232515541201878e-07
1.202308737352681760e+02 8.344476096598469441e-07
1.203971268936122385e+02 8.280666081701634730e-07
1.205636099439284408e+02 8.216807120471211030e-07
1.207303232041072647e+02 8.152903929350543175e-07
1.208972669924789045e+02 8.088961289993706916e-07
1.210644416278137356e+02 8.024984047621338558e-07
1.212318474293227695e+02 7.960977158710873706e-07
1.213994847166588471e+02 7.896951050392144113e-07
1.215673538099163977e+02 7.832926193759359786e-07
1.217354550296326039e+02 7.768923729624497547e-07
1.219037886967879132e+02 7.704964307677256140e-07
1.220723551328064502e+02 7.641068085627753003e-07
1.222411546595571963e+02 7.577254728842538336e-07
1.224101875993538471e+02 7.513543410459226179e-07
1.225794542749558929e+02 7.449952811962755286e-07
1.227489550095691300e+02 7.386501124207510130e-07
1.229186901268461583e+02 7.323206048869102555e-07
1.230886599508874895e+02 7.260084800309231274e-07
1.232588648062414336e+02 7.197154107838633092e-07
1.234293050179051789e+02 7.134430218360568973e-07
1.235999809113253605e+02 7.071928899379963641e-07
1.237708928123984577e+02 7.009665442362166503e-07
1.239420410474720029e+02 6.947654666424988270e-07
1.241134259433444100e+02 6.885910922349434786e-07
1.242850478272661121e+02 6.824448096892969260e-07
1.244569070269400584e+02 6.763279617390251130e-07
1.246290038705222116e+02 6.702418456626686236e-07
1.248013386866226568e+02 6.641877137969268548e-07
1.249739118043055583e+02 6.581667740741493377e-07
1.251467235530901831e+02 6.521801905826393503e-07
1.253197742629514551e+02 6.462290841484965186e-07
1.254930642643204521e+02 6.403145329375387582e-07
1.256665938880855862e+02 6.344375730760292994e-07
1.258403634655923895e+02 6.285991992888439096e-07
1.260143733286447230e+02 6.228003655537671045e-07
1.261886238095052448e+02 6.170419857707462211e-07
1.263631152408959508e+02 6.113249344447981784e-07
1.265378479559992826e+02 6.056500473813805405e-07
1.267128222884580424e+02 6.000181223931672425e-07
1.268880385723765016e+02 5.944299200169540898e-07
1.270634971423209123e+02 5.888861642397112596e-07
1.272391983333200471e+02 5.833875432326786990e-07
1.274151424808663364e+02 5.779347100924930598e-07
1.275913299209157401e+02 5.725282835883721907e-07
1.277677609898888704e+02 5.671688489143325927e-07
1.279444360246715888e+02 5.618569584456322984e-07
1.281213553626154180e+02 5.565931324984453941e-07
1.282985193415387926e+02 5.513778600919498444e-07
1.284759282997268599e+02 5.462115997120750775e-07
1.286535825759326599e+02 5.410947800760144423e-07
1.288314825093777074e+02 5.360278008968224734e-07
1.290096284397524187e+02 5.310110336473604710e-07
1.291880207072173050e+02 5.260448223229093803e-07
1.293666596524028876e+02 5.211294842018167065e-07
1.295455456164108341e+02 5.162653106034755952e-07
1.297246789408144423e+02 5.114525676431807951e-07
1.299040599676592649e+02 5.066914969831864195e-07
1.300836890394641614e+02 5.019823165794918034e-07
1.302635664992212412e+02 4.973252214238666116e-07
1.304436926903970573e+02 4.927203842806370478e-07
1.306240679569330609e+02 4.881679564177766145e-07
1.308046926432462271e+02 4.836680683319234349e-07
1.309855670942301344e+02 4.792208304669377836e-07
1.311666916552548798e+02 4.748263339256405792e-07
1.313480666721682439e+02 4.704846511744113880e-07
1.315296924912961742e+02 4.661958367403178752e-07
1.317115694594438651e+02 4.619599279005768532e-07
1.318936979238956724e+02 4.577769453640162167e-07
1.320760782324163074e+02 4.536468939443442691e-07
1.322587107332513483e+02 4.495697632250606863e-07
1.324415957751278086e+02 4.455455282157597725e-07
1.326247337072553023e+02 4.415741499997351654e-07
1.328081248793259590e+02 4.376555763727127167e-07
1.329917696415155319e+02 4.337897424726260533e-07
1.331756683444840235e+02 4.299765714003122095e-07
1.333598213393761966e+02 4.262159748310755030e-07
1.335442289778227689e+02 4.225078536170647031e-07
1.337288916119402700e+02 4.188520983804377103e-07
1.339138095943322639e+02 4.152485900972531829e-07
1.340989832780899178e+02 4.116972006721456524e-07
1.342844130167924845e+02 4.081977935037794135e-07
1.344700991645085253e+02 4.047502240410911431e-07
1.346560420757958809e+02 4.013543403304128332e-07
1.348422421057026952e+02 3.980099835535152189e-07
1.350286996097681254e+02 3.947169885566442279e-07
1.352154149440228252e+02 3.914751843706724792e-07
1.354023884649901959e+02 3.882843947224210445e-07
1.355896205296861297e+02 3.851444385373630205e-07
1.357771114956204315e+02 3.820551304337253752e-07
1.359648617207972165e+02 3.790162812082335450e-07
1.361528715637155074e+02 3.760276983136067757e-07
1.363411413833704842e+02 3.730891863279675834e-07
1.365296715392533144e+02 3.702005474163828600e-07
1.367184623913523751e+02 3.673615817847026974e-07
1.369075143001538777e+02 3.645720881258862405e-07
1.370968276266423231e+02 3.618318640590590447e-07
1.372864027323018377e+02 3.591407065614863272e-07
1.374762399791159453e+02 3.564984123937348541e-07
1.376663397295688753e+02 3.539047785182261725e-07
1.378567023466460739e+02 3.513596025114374114e-07
1.380473281938348293e+02 3.488626829700398690e-07
1.382382176351253804e+02 3.464138199111933366e-07
1.384293710350109734e+02 3.440128151673071806e-07
1.386207887584889420e+02 3.416594727755450545e-07
1.388124711710613042e+02 3.393535993623509643e-07
1.390044186387354443e+02 3.370950045233132634e-07
1.391966315280252218e+02 3.348835011986581701e-07
1.393891102059508285e+02 3.327189060447252780e-07
1.395818550400402103e+02 3.306010398016972750e-07
1.397748663983294648e+02 3.285297276579516949e-07
1.399681446493634667e+02 3.265047996113797620e-07
1.401616901621971465e+02 3.245260908279909180e-07
1.403555033063953204e+02 3.225934419981899675e-07
1.405495844520339688e+02 3.207066996910844485e-07
1.407439339697008336e+02 3.188657167071821631e-07
1.409385522304959295e+02 3.170703524298844402e-07
1.411334396060328515e+02 3.153204731761449639e-07
1.413285964684386329e+02 3.136159525467237208e-07
1.415240231903550523e+02 3.119566717764155356e-07
1.417197201449391173e+02 3.103425200846923834e-07
1.419156877058637178e+02 3.087733950271934750e-07
1.421119262473188769e+02 3.072492028484823981e-07
1.423084361440116083e+02 3.057698588365578285e-07
1.425052177711671959e+02 3.043352876795439748e-07
1.427022715045298185e+02 3.029454238250630465e-07
1.428995977203630048e+02 3.016002118427675790e-07
1.430971967954511399e+02 3.002996067905265943e-07
1.432950691070990388e+02 2.990435745847973213e-07
1.434932150331334810e+02 2.978320923756900082e-07
1.436916349519036658e+02 2.966651489272812167e-07
1.438903292422818367e+02 2.955427450037298728e-07
1.440892982836645615e+02 2.944648937617730120e-07
1.442885424559726175e+02 2.934316211501907520e-07
1.444880621396522429e+02 2.924429663168474996e-07
1.446878577156757615e+02 2.914989820239441881e-07
1.448879295655421799e+02 2.905997350721265625e-07
1.450882780712784097e+02 2.897453067341150146e-07
1.452889036154392386e+02 2.889357931985536061e-07
1.454898065811085814e+02 2.881713060247968283e-07
1.456909873518999063e+02 2.874519726093536524e-07
1.458924463119576274e+02 2.867779366647767173e-07
1.460941838459568203e+02 2.861493587117757139e-07
1.462962003391047290e+02 2.855664165853823038e-07
1.464984961771411918e+02 2.850293059560057729e-07
1.467010717463392950e+02 2.845382408662729304e-07
1.469039274335067091e+02 2.840934542845727167e-07
1.471070636259855462e+02 2.836951986762362482e-07
1.473104807116536676e+02 2.833437465933661980e-07
1.475141790789252809e+02 2.830393912843208360e-07
1.477181591167515364e+02 2.827824473239419579e-07
1.479224212146218633e+02 2.825732512656205945e-07
1.481269657625638558e+02 2.824121623163779826e-07
1.483317931511445522e+02 2.822995630361599784e-07
1.485369037714710032e+02 2.822358600625949757e-07
1.487422980151910679e+02 2.822214848625504636e-07
1.489479762744944935e+02 2.822568945118410428e-07
1.491539389421129158e+02 2.823425725045206547e-07
1.493601864113212230e+02 2.824790295932625616e-07
1.495667190759380958e+02 2.826668046623721179e-07
1.497735373303266044e+02 2.829064656350786470e-07
1.499806415693956581e+02 2.831986104168025547e-07
1.501880321885996921e+02 2.835438678761882002e-07
1.503957095839402029e+02 2.839428988657653629e-07
1.506036741519662314e+02 2.843963972841999738e-07
1.508119262897749877e+02 2.849050911821748783e-07
1.510204663950133011e+02 2.854697439140558010e-07
1.512292948658773355e+02 2.860911553375796843e-07
1.514384121011140962e+02 2.867701630639361399e-07
1.516478185000218843e+02 2.875076437606961343e-07
1.518575144624510358e+02 2.883045145102071959e-07
1.520675003888052856e+02 2.891617342261512523e-07
1.522777766800415407e+02 2.900803051311365908e-07
1.524883437376712720e+02 2.910612742983279979e-07
1.526992019637612259e+02 2.921056353525016893e-07
1.529103517609338780e+02 2.932130721911459444e-07
1.531217935323689971e+02 2.943823163425280041e-07
1.533335276818033321e+02 2.956120864649160374e-07
1.535455546135320901e+02 2.969011061522867899e-07
1.537578747324095332e+02 2.982481005850424310e-07
1.539704884438495753e+02 2.996517932538357687e-07
1.541833961538272320e+02 3.011109027533274565e-07
1.543965982688783924e+02 3.026241396431863937e-07
1.546100951961012413e+02 3.041902033741750257e-07
1.548238873431569687e+02 3.058077792776818583e-07
1.550379751182702250e+02 3.074755356175194711e-07
1.552523589302306561e+02 3.091921207033291941e-07
1.554670391883927323e+02 3.109561600653576115e-07
1.556820163026770274e+02 3.127662536908732393e-07
1.558972906835711001e+02 3.146209733229314998e-07
1.561128627421298347e+02 3.165188598226095148e-07
1.563287328899770614e+02 3.184584205963284467e-07
1.565449015393052719e+02 3.204381270902381897e-07
1.567613691028771257e+02 3.224564123541294384e-07
1.569781359940260757e+02 3.245116686776860747e-07
1.571952026266568510e+02 3.266022453023314340e-07
1.574125694152471056e+02 3.287264462123217038e-07
1.576302367748471340e+02 3.308825280090543263e-07
1.578482051210812642e+02 3.330686978730455298e-07
1.580664748701485962e+02 3.352831116182860661e-07
1.582850464388235139e+02 3.375238718440826593e-07
1.585039202444573050e+02 3.397890261898305799e-07
1.587230967049777348e+02 3.420765656984568403e-07
1.589425762388907799e+02 3.443844232946135913e-07
1.591623592652809975e+02 3.467104723839383072e-07
1.593824462038123499e+02 3.490525255800107006e-07
1.596028374747296255e+02 3.514083335658791898e-07
1.598235334988580973e+02 3.537755840971878761e-07
1.600445346976052861e+02 3.561519011542499242e-07
1.602658414929612718e+02 3.585348442504757065e-07
1.604874543074996041e+02 3.609219079047818679e-07
1.607093735643785806e+02 3.633105212856819515e-07
1.609315996873411621e+02 3.656980480348561060e-07
1.611541331007164786e+02 3.680817862780746347e-07
1.613769742294201421e+02 3.704589688312788344e-07
1.616001234989558952e+02 3.728267636097165975e-07
1.618235813354153549e+02 3.751822742478364857e-07
1.620473481654794625e+02 3.775225409376156141e-07
1.622714244164192507e+02 3.798445414928465441e-07
1.624958105160962987e+02 3.821451926466084282e-07
1.627205068929643801e+02 3.844213515890412445e-07
1.629455139760692646e+02 3.866698177520891619e-07
1.631708321950500817e+02 3.888873348476363531e-07
1.633964619801401454e+02 3.910705931650136658e-07
1.636224037621674370e+02 3.932162321333374515e-07
1.638486579725562251e+02 3.953208431537090138e-07
1.640752250433268671e+02 3.973809727056464270e-07
1.643021054070972582e+02 3.993931257315252200e-07
1.645292994970834570e+02 4.013537693020828038e-07
1.647568077471004528e+02 4.032593365652977710e-07
1.649846305915636435e+02 4.051062309801188054e-07
1.652127684654885513e+02 4.068908308356422128e-07
1.654412218044924145e+02 4.086094940554335103e-07
1.656699910447948980e+02 4.102585632856437007e-07
1.658990766232185763e+02 4.118343712645299010e-07
1.661284789771906958e+02 4.133332464699433339e-07
1.663581985447427769e+02 4.147515190400752820e-07
1.665882357645122340e+02 4.160855269616895360e-07
1.668185910757430293e+02 4.173316225186569609e-07
1.670492649182862976e+02 4.184861789924526123e-07
1.672802577326019673e+02 4.195455976048625061e-07
1.675115699597584751e+02 4.205063146917667467e-07
1.677432020414343015e+02 4.213648090955581644e-07
1.679751544199187094e+02 4.221176097622075535e-07
1.682074275381124266e+02 4.227613035276734915e-07
1.684400218395290381e+02 4.232925430768081938e-07
1.686729377682949291e+02 4.237080550565273913e-07
1.689061757691508490e+02 4.240046483235287979e-07
1.691397362874524219e+02 4.241792223054330538e-07
1.693736197691710004e+02 4.242287754527679997e-07
1.696078266608951139e+02 4.241504137578984648e-07
1.698423574098303561e+02 4.239413593156072583e-07
1.700772124638007767e+02 4.235989588987271960e-07
1.703123922712497347e+02 4.231206925210582089e-07
1.705478972812405800e+02 4.225041819585376391e-07
1.707837279434579898e+02 4.217471991986144346e-07
1.710198847082080533e+02 4.208476747867375880e-07
1.712563680264196933e+02 4.198037060379546304e-07
1.714931783496452908e+02 4.186135650808666880e-07
1.717303161300615670e+02 4.172757067004332255e-07
1.719677818204709752e+02 4.157887759456394369e-07
1.722055758743015019e+02 4.141516154675927013e-07
1.724436987456084580e+02 4.123632725533294927e-07
1.726821508890748476e+02 4.104230058205624663e-07
1.729209327600123345e+02 4.083302915385848947e-07
1.731600448143626636e+02 4.060848295408224252e-07
1.733994875086975469e+02 4.036865486949218790e-07
1.736392613002201699e+02 4.011356118968254262e-07
1.738793666467660159e+02 3.984324205560806160e-07
1.741198040068033492e+02 3.955776185406395186e-07
1.743605738394350340e+02 3.925720955504762339e-07
1.746016766043982216e+02 3.894169898908617526e-07
1.748431127620659140e+02 3.861136906175567924e-07
1.750848827734477595e+02 3.826638390280598353e-07
1.753269871001906495e+02 3.790693294749651160e-07
1.755694262045804237e+02 3.753323094796230077e-07
1.758122005495415863e+02 3.714551791267486345e-07
1.760553105986389824e+02 3.674405897229902984e-07
1.762987568160784235e+02 3.632914417053054411e-07
1.765425396667074835e+02 3.590108817878494876e-07
1.767866596160170332e+02 3.546022993390238127e-07
1.770311171301410411e+02 3.500693219836000521e-07
1.772759126758582795e+02 3.454158104280880426e-07
1.775210467205929774e+02 3.406458525108959269e-07
1.777665197324154462e+02 3.357637564824144363e-07
1.780123321800438703e+02 3.307740435236475652e-07
1.782584845328439656e+02 3.256814395157926341e-07
1.785049772608306853e+02 3.204908660766778143e-07
1.787518108346689303e+02 3.152074308838077524e-07
1.789989857256742312e+02 3.098364173074619482e-07
1.792465024058143399e+02 3.043832733808145162e-07
1.794943613477092015e+02 2.988536001378792708e-07
1.797425630246323465e+02 2.932531393534492864e-07
1.799911079105116869e+02 2.875877607227103981e-07
1.802399964799308805e+02 2.818634485215390683e-07
1.804892292081294158e+02 2.760862877916642136e-07
1.807388065710040621e+02 2.702624500978457317e-07
1.809887290451096078e+02 2.643981789070170347e-07
1.812389971076596851e+02 2.584997746419927068e-07
1.814896112365283329e+02 2.525735794645705232e-07
1.817405719102498836e+02 2.466259618451221386e-07
1.819918796080204970e+02 2.406633009773213239e-07
1.822435348096989571e+02 2.346919710983846193e-07
1.824955379958074957e+02 2.287183257763216952e-07
1.827478896475332419e+02 2.227486822264638830e-07
1.830005902467282226e+02 2.167893057202327945e-07
1.832536402759109251e+02 2.108463941491598624e-07
1.835070402182670364e+02 2.049260628070127892e-07
1.837607905576501821e+02 1.990343294523982686e-07
1.840148917785837170e+02 1.931770997132143131e-07
1.842693443662602704e+02 1.873601528932107751e-07
1.845241488065437352e+02 1.815891282390656130e-07
1.847793055859696949e+02 1.758695117245992569e-07
1.850348151917464463e+02 1.702066234063894863e-07
1.852906781117564492e+02 1.646056054022618840e-07
1.855468948345563263e+02 1.590714105413450966e-07
1.858034658493783979e+02 1.536087917309689645e-07
1.860603916461315350e+02 1.482222920821461444e-07
1.863176727154017556e+02 1.429162358316204544e-07
1.865753095484541291e+02 1.376947200942992316e-07
1.868333026372324355e+02 1.325616074757950261e-07
1.870916524743608704e+02 1.275205195701047066e-07
1.873503595531448411e+02 1.225748313630851659e-07
1.876094243675717053e+02 1.177276665575663460e-07
1.878688474123124763e+02 1.129818938310723264e-07
1.881286291827215678e+02 1.083401240324107256e-07
1.883887701748386121e+02 1.038047083183084121e-07
1.886492708853891145e+02 9.937773722660250619e-08
1.889101318117852486e+02 9.506104067748088605e-08
1.891713534521276756e+02 9.085618888961980190e-08
1.894329363052050894e+02 8.676449419347540177e-08
1.896948808704961777e+02 8.278701371932760920e-08
1.899571876481703327e+02 7.892455293353067114e-08
1.902198571390883046e+02 7.517766999226827725e-08
1.904828898448040206e+02 7.154668087815684461e-08
1.907462862675644431e+02 6.803166528157977054e-08
1.910100469103111038e+02 6.463247318513977767e-08
1.912741722766810994e+02 6.134873210675298797e-08
1.915386628710076877e+02 5.817985495406936608e-08
1.918035191983221068e+02 5.512504844062982906e-08
1.920687417643534047e+02 5.218332201213994244e-08
1.923343310755300593e+02 4.935366431648256991e-08
1.926002876389809160e+02 4.663549468219653632e-08
1.928666119625357851e+02 4.402804267254308386e-08
1.931333045547273457e+02 4.153018599984443219e-08
1.934003659247908615e+02 3.914048302781934482e-08
1.936677965826659431e+02 3.685720462023506733e-08
1.939355970389973720e+02 3.467836515064688270e-08
1.942037678051357545e+02 3.260175251242714981e-08
1.944723093931395113e+02 3.062495699208170519e-08
1.947412223157743938e+02 2.874539889171748031e-08
1.950105070865155312e+02 2.696035480820906793e-08
1.952801642195479417e+02 2.526698249725847852e-08
1.955501942297675555e+02 2.366234426970273589e-08
1.958205976327828637e+02 2.214342888527550802e-08
1.960913749449146906e+02 2.070717192535977429e-08
1.963625266831980696e+02 1.935047464112474691e-08
1.966340533653829539e+02 1.807022128683281501e-08
1.969059555099350405e+02 1.686329495992322994e-08
1.971782336360375609e+02 1.572659197992602535e-08
1.974508882635910538e+02 1.465703484724905587e-08
1.977239199132151555e+02 1.365158383051095238e-08
1.979973291062494525e+02 1.270724723744692818e-08
1.982711163647541639e+02 1.182109042955452914e-08
1.985452822115120171e+02 1.099024364464290726e-08
1.988198271700281339e+02 1.021190869440157187e-08
1.990947517645315656e+02 9.483364606097973857e-09
1.993700565199762025e+02 8.801972278638768193e-09
1.996457419620423366e+02 8.165178223575742200e-09
1.999218086171366338e+02 7.570517461276890059e-09
2.001982570123937819e+02 7.015615641525583919e-09
2.004750876756774858e+02 6.498190456335436709e-09
2.007523011355810922e+02 6.016052410815448613e-09
2.010298979214294945e+02 5.567105015625238159e-09
2.013078785632789049e+02 5.149344461941004887e-09
2.015862435919187874e+02 4.760858836993648708e-09
2.018649935388724543e+02 4.399826935201269783e-09
2.021441289363980331e+02 4.064516716752429162e-09
2.024236503174902850e+02 3.753283462236989814e-09
2.027035582158803777e+02 3.464567668641867788e-09
2.029838531660376759e+02 3.196892728720989009e-09
2.032645357031706510e+02 2.948862432501882580e-09
2.035456063632275630e+02 2.719158326485257622e-09
2.038270656828985068e+02 2.506536962971523115e-09
2.041089141996149863e+02 2.309827068946630624e-09
2.043911524515519034e+02 2.127926661051826036e-09
2.046737809776283257e+02 1.959800130412583374e-09
2.049568003175083390e+02 1.804475318475908549e-09
2.052402110116028666e+02 1.661040602538620060e-09
2.055240136010695267e+02 1.528642007330343091e-09
2.058082086278143947e+02 1.406480356853646732e-09
2.060927966344928848e+02 1.293808478677946957e-09
2.063777781645106302e+02 1.189928471031485387e-09
2.066631537620252459e+02 1.094189041331606710e-09
2.069489239719462148e+02 1.005982923242021350e-09
2.072350893399366782e+02 9.247443779297355930e-10
2.075216504124143455e+02 8.499467839175798798e-10
2.078086077365522613e+02 7.811003187808152898e-10
2.080959618602807950e+02 7.177497349091107242e-10
2.083837133322872148e+02 6.594722306470009324e-10
2.086718627020178758e+02 6.058754173201480713e-10
2.089604105196787884e+02 5.565953819564740719e-10
2.092493573362366135e+02 5.112948448994509989e-10
2.095387037034204809e+02 4.696614109895669038e-10
2.098284501737218193e+02 4.314059125455496848e-10
2.101185973003962886e+02 3.962608420038099858e-10
2.104091456374645190e+02 3.639788717690312055e-10
2.107000957397130492e+02 3.343314585793681308e-10
2.109914481626961731e+02 3.071075294955704723e-10
2.112832034627358269e+02 2.821122464757928793e-10
2.115753621969233791e+02 2.591658463912015657e-10
2.118679249231205404e+02 2.381025532701150059e-10
2.121608921999601876e+02 2.187695595220092005e-10
2.124542645868483532e+02 2.010260728847022970e-10
2.127480426439639132e+02 1.847424258556420338e-10
2.130422269322606610e+02 1.697992444049958747e-10
2.133368180134679335e+02 1.560866728244068099e-10
2.136318164500916907e+02 1.435036516346884103e-10
2.139272228054163634e+02 1.319572455582424901e-10
2.142230376435045685e+02 1.213620186540182838e-10
2.145192615291991842e+02 1.116394538118649267e-10
2.148158950281240891e+02 1.027174139089982695e-10
2.151129387066851564e+02 9.452964204039439165e-11
2.154103931320720164e+02 8.701529834720784747e-11
2.157082588722580851e+02 8.011853108073059391e-11
2.160065364960022407e+02 7.378807965343965544e-11
2.163052265728499037e+02 6.797690754186853103e-11
2.166043296731338614e+02 6.264186301812422428e-11
2.169038463679761151e+02 5.774336579669961737e-11
2.172037772292878230e+02 5.324511779070731361e-11
2.175041228297711768e+02 4.911383627597466851e-11
2.178048837429202820e+02 4.531900786246537832e-11
2.181060605430220107e+02 4.183266176999901001e-11
2.184076538051580769e+02 3.862916099868071188e-11
2.187096641052046664e+02 3.568501007424196417e-11
2.190120920198345686e+02 3.297867813394032711e-11
2.193149381265179443e+02 3.049043620030918067e-11
2.196182030035232344e+02 2.820220756736517370e-11
2.199218872299192640e+02 2.609743029732466402e-11
2.202259913855747868e+02 2.416093089529631968e-11
2.205305160511606744e+02 2.237880829481998646e-11
2.208354618081507681e+02 2.073832734891871967e-11
2.211408292388226471e+02 1.922782107927247608e-11
2.214466189262598448e+02 1.783660099061978712e-11
2.217528314543513943e+02 1.655487480851148823e-11
2.220594674077940169e+02 1.537367104631359737e-11
2.223665273720926905e+02 1.428476985202761218e-11
2.226740119335626673e+02 1.328063962711819955e-11
2.229819216793293037e+02 1.235437894843552915e-11
2.232902571973300212e+02 1.149966336043264605e-11
2.235990190763153009e+02 1.071069663856036282e-11
2.239082079058494514e+02 9.982166155934918168e-12
2.242178242763126548e+02 9.309202014392084276e-12
2.245278687789009098e+02 8.687339627941973875e-12
2.248383420056277942e+02 8.112485471516819294e-12
2.251492445493256298e+02 7.580885730995776239e-12
2.254605770036461934e+02 7.089097611788306796e-12
2.257723399630628478e+02 6.633963082972896551e-12
2.260845340228703719e+02 6.212584852174566289e-12
2.263971597791868362e+02 5.822304383150115702e-12
2.267102178289546544e+02 5.460681783538578262e-12
2.270237087699414644e+02 5.125477404484371677e-12
2.273376332007421752e+02 4.814635006985515345e-12
2.276519917207786818e+02 4.526266361911417958e-12
2.279667849303020830e+02 4.258637161744012350e-12
2.282820134303933628e+02 4.010154132335841761e-12
2.285976778229645561e+02 3.779353242364922921e-12
2.289137787107606243e+02 3.564888916802807297e-12
2.292303166973593420e+02 3.365524168633279651e-12
2.295472923871733428e+02 3.180121570330419721e-12
2.298647063854509724e+02 3.007634993281175631e-12
2.301825592982773401e+02 2.847102049447657646e-12
2.305008517325762796e+02 2.697637175178224493e-12
2.308195842961102073e+02 2.558425302213294342e-12
2.311387575974821971e+02 2.428716065640001762e-12
2.314583722461368041e+02 2.307818502861291751e-12
2.317784288523611451e+02 2.195096201595410909e-12
2.320989280272869166e+02 2.089962858533182418e-12
2.324198703828901955e+02 1.991878213592549653e-12
2.327412565319935140e+02 1.900344327731576193e-12
2.330630870882667693e+02 1.814902175055511286e-12
2.333853626662281897e+02 1.735128522485257499e-12
2.337080838812465799e+02 1.660633072571249412e-12
2.340312513495407813e+02 1.591055847158997816e-12
2.343548656881820591e+02 1.526064791548940651e-12
2.346789275150950118e+02 1.465353580569510921e-12
2.350034374490583104e+02 1.408639609601863997e-12
2.353283961097071142e+02 1.355662155081625493e-12
2.356538041175326157e+02 1.306180690359181480e-12
2.359796620938842580e+02 1.259973344043924215e-12
2.363059706609706723e+02 1.216835489095897078e-12
2.366327304418606445e+02 1.176578451971188701e-12
2.369599420604852753e+02 1.139028332082037967e-12
2.372876061416376388e+02 1.104024922710259850e-12
2.376157233109750280e+02 1.071420725316634184e-12
2.379442941950199497e+02 1.041080049928375844e-12
2.382733194211609202e+02 1.012878194968108461e-12
2.386027996176547674e+02 9.867007005145982542e-13
2.389327354136263182e+02 9.624426695662010948e-13
2.392631274390706153e+02 9.400081524136159838e-13
2.395939763248538270e+02 9.193095897283999444e-13
2.399252827027142132e+02 9.002673104381634896e-13
2.402570472052643424e+02 8.828090808940329676e-13
2.405892704659908361e+02 8.668697022461406437e-13
2.409219531192564716e+02 8.523906533295016650e-13
2.412550958003012909e+02 8.393197767317392393e-13
2.415886991452434245e+02 8.276110060681370114e-13
2.419227637910813939e+02 8.172239519201166083e-13
2.422572903756937706e+02 8.081149262429016687e-13
2.425922795378415060e+02 8.002332532899844386e-13
2.429277319171686997e+02 7.935332909310886674e-13
2.432636481542037643e+02 7.879750500576482999e-13
2.436000288903615854e+02 7.835238247701104977e-13
2.439368747679431806e+02 7.801498671797898496e-13
2.442741864301380303e+02 7.778281027220605975e-13
2.446119645210249871e+02 7.765378823834764752e-13
2.449502096855732418e+02 7.762627686933914920e-13
2.452889225696446545e+02 7.769903527285180608e-13
2.456281038199933846e+02 7.787120997330032452e-13
2.459677540842681367e+02 7.814232212727923782e-13
2.463078740110129843e+02 7.851225721260632112e-13
2.466484642496694732e+02 7.898125703658565458e-13
2.469895254505765081e+02 7.954991393202879812e-13
2.473310582649724552e+02 8.021916703034460909e-13
2.476730633449962795e+02 8.099030051987978658e-13
2.480155413436883691e+02 8.186494381494107230e-13
2.483584929149929508e+02 8.284507357680501933e-13
2.487019187137577205e+02 8.393301754263955702e-13
2.490458193957361743e+02 8.513146013188668503e-13
2.493901956175885175e+02 8.644344981240238973e-13
2.497350480368827732e+02 8.787240822061666146e-13
2.500803773120969709e+02 8.942214104139939875e-13
2.504261841026189188e+02 9.109685066410963360e-13
2.507724690687484781e+02 9.290115064184873181e-13
2.511192328716985571e+02 9.484008199098982074e-13
2.514664761735960781e+02 9.691913137794569438e-13
2.518141996374843927e+02 9.914425124987058143e-13
2.521624039273228561e+02 1.015218819754939742e-12
2.525110897079892140e+02 1.040589760718847472e-12
2.528602576452806261e+02 1.067630246023522579e-12
2.532099084059145753e+02 1.096420858403018431e-12
2.535600426575313406e+02 1.127048163034499715e-12
2.539106610686935426e+02 1.159605042724417725e-12
2.542617643088885586e+02 1.194191059179082281e-12
2.546133530485295751e+02 1.230912841699019887e-12
2.549654279589564680e+02 1.269884504738661265e-12
2.553179897124382762e+02 1.311228095877828187e-12
2.556710389821728029e+02 1.355074075856298875e-12
2.560245764422891170e+02 1.401561832433008816e-12
2.563786027678482355e+02 1.450840229940235471e-12
2.567331186348446863e+02 1.503068196517977302e-12
2.570881247202082136e+02 1.558415351127996555e-12
2.574436217018040907e+02 1.617062672564328425e-12
2.577996102584349956e+02 1.679203212796746996e-12
2.581560910698423754e+02 1.745042857104348767e-12
2.585130648167072991e+02 1.814801133578459452e-12
2.588705321806527877e+02 1.888712074696708981e-12
2.592284938442438147e+02 1.967025133793931942e-12
2.595869504909891816e+02 2.050006159378836990e-12
2.599459028053431098e+02 2.137938430365721488e-12
2.603053514727057518e+02 2.231123755413041689e-12
2.606652971794259770e+02 2.329883639676071311e-12
2.610257406128009166e+02 2.434560522394772425e-12
2.613866824610782373e+02 2.545519088846535452e-12
2.617481234134575061e+02 2.663147660294761408e-12
2.621100641600908148e+02 2.787859665657627495e-12
2.624725053920855657e+02 2.920095198703798391e-12
2.628354478015039035e+02 3.060322664654195563e-12
2.631988920813652157e+02 3.209040520125919147e-12
2.635628389256472133e+02 3.366779110393638502e-12
2.639272890292869533e+02 3.534102607964454752e-12
2.642922430881832838e+02 3.711611056463557373e-12
2.646577017991965022e+02 3.899942523796456131e-12
2.650236658601506861e+02 4.099775368500337340e-12
2.653901359698350575e+02 4.311830623108478836e-12
2.657571128280045514e+02 4.536874498221506760e-12
2.661245971353828281e+02 4.775721010817468539e-12
2.664925895936615348e+02 5.029234740109757131e-12
2.668610909055028060e+02 5.298333714006976285e-12
2.672301017745405147e+02 5.583992428898151751e-12
2.675996229053812385e+02 5.887245005101412995e-12
2.679696550036066469e+02 6.209188479867662706e-12
2.683401987757732172e+02 6.550986239288990915e-12
2.687112549294148494e+02 6.913871589861794126e-12
2.690828241730437185e+02 7.299151469741983317e-12
2.694549072161513550e+02 7.708210298939788009e-12
2.698275047692113162e+02 8.142513966796969498e-12
2.702006175436787885e+02 8.603613954065169617e-12
2.705742462519929177e+02 9.093151585787332225e-12
2.709483916075780598e+02 9.612862409903049176e-12
2.713230543248448043e+02 1.016458069510434113e-11
2.716982351191923044e+02 1.075024403993023155e-11
2.720739347070084477e+02 1.137189808337880943e-11
2.724501538056716186e+02 1.203170130546657904e-11
2.728268931335522325e+02 1.273192990413865461e-11
2.732041534100146123e+02 1.347498273273084249e-11
2.735819353554172721e+02 1.426338627980385963e-11
2.739602396911147935e+02 1.509979967060658502e-11
2.743390671394594165e+02 1.598701966667152280e-11
2.747184184238020066e+02 1.692798563708923450e-11
2.750982942684942714e+02 1.792578447186796476e-11
2.754786953988889877e+02 1.898365540444686691e-11
2.758596225413419916e+02 2.010499470690158611e-11
2.762410764232135989e+02 2.129336021765941364e-11
2.766230577728696289e+02 2.255247565763011265e-11
2.770055673196839621e+02 2.388623468661542482e-11
2.773886057940381420e+02 2.529870464759005724e-11
2.777721739273238768e+02 2.679412994210099366e-11
2.781562724519443464e+02 2.837693497553185974e-11
2.785409021013152255e+02 3.005172660637274533e-11
2.789260636098670716e+02 3.182329602898037215e-11
2.793117577130452673e+02 3.369662001461206581e-11
2.796979851473123517e+02 3.567686143083019506e-11
2.800847466501492704e+02 3.776936895471297952e-11
2.804720429600564557e+02 3.997967589074717463e-11
2.808598748165563848e+02 4.231349799992532458e-11
2.812482429601932381e+02 4.477673024231700807e-11
2.816371481325356285e+02 4.737544233156905530e-11
2.820265910761773966e+02 5.011587299616403342e-11
2.824165725347390890e+02 5.300442283924224155e-11
2.828070932528702883e+02 5.604764568619442437e-11
2.831981539762495572e+02 5.925223830722328220e-11
2.835897554515865977e+02 6.262502840097754054e-11
2.839818984266238999e+02 6.617296072483000631e-11
2.843745836501375379e+02 6.990308125794702037e-11
2.847678118719397844e+02 7.382251928493751962e-11
2.851615838428789402e+02 7.793846729051272473e-11
2.855559003148418924e+02 8.225815855970826395e-11
2.859507620407550803e+02 8.678884238364165900e-11
2.863461697745859738e+02 9.153775677772016049e-11
2.867421242713453466e+02 9.651209862789285448e-11
2.871386262870871633e+02 1.017189911907809279e-10
2.875356765789111364e+02 1.071654488859835373e-10
2.879332759049639208e+02 1.128583393328305202e-10
2.883314250244401364e+02 1.188043426002883618e-10
2.887301246975851541e+02 1.250099076570301239e-10
2.891293756856947539e+02 1.314812060293168895e-10
2.895291787511176267e+02 1.382240826972148021e-10
2.899295346572566814e+02 1.452440042846334871e-10
2.903304441685701818e+02 1.525460046261668828e-10
2.907319080505741908e+02 1.601346278232025807e-10
2.911339270698426276e+02 1.680138689334585162e-10
2.915365019940096545e+02 1.761871124719790483e-10
2.919396335917708143e+02 1.846570689372615752e-10
2.923433226328844512e+02 1.934257096136915997e-10
2.927475698881740414e+02 2.024941999403784867e-10
2.931523761295281361e+02 2.118628317768286472e-10
2.935577421299030334e+02 2.215309549371536073e-10
2.939636686633235740e+02 2.314969084061684805e-10
2.943701565048849602e+02 2.417579516930206676e-10
2.947772064307548590e+02 2.523101968196947467e-10
2.951848192181733452e+02 2.631485414825687118e-10
2.955929956454555168e+02 2.742666039654933377e-10
2.960017364919928582e+02 2.856566604201685472e-10
2.964110425382541507e+02 2.973095851654296520e-10
2.968209145657883141e+02 3.092147946889442816e-10
2.972313533572241226e+02 3.213601960634090799e-10
2.976423596962728197e+02 3.337321405130426079e-10
2.980539343677293687e+02 3.463153828845975801e-10
2.984660781574735324e+02 3.590930477895589443e-10
2.988787918524729434e+02 3.720466031900212302e-10
2.992920762407821940e+02 3.851558421986822771e-10
2.997059321115461330e+02 3.983988738535889264e-10
3.001203602550007759e+02 4.117521236095177190e-10
3.005353614624744978e+02 4.251903442595814244e-10
3.009509365263908194e+02 4.386866379626082283e-10
3.013670862402681223e+02 4.522124900035574044e-10
3.017838113987224915e+02 4.657378148550943689e-10
3.022011127974685110e+02 4.792310150385450464e-10
3.026189912333209691e+02 4.926590532014666342e-10
3.030374475041974165e+02 5.059875377377127531e-10
3.034564824091176547e+02 5.191808221728640819e-10
3.038760967482068054e+02 5.322021184258828590e-10
3.042962913226959927e+02 5.450136239350262409e-10
3.047170669349252989e+02 5.575774750019250285e-10
3.051384243883432532e+02 5.698629970820953253e-10
3.055603644875097871e+02 5.818440881209921850e-10
3.059828880380971441e+02 5.934953431093273491e-10
3.064059958468916420e+02 6.047921102164630619e-10
3.068296887217958329e+02 6.157105858412336429e-10
3.072539674718287870e+02 6.262279053431369467e-10
3.076788329071282533e+02 6.363222289523311261e-10
3.081042858389525350e+02 6.459728223956045373e-10
3.085303270796812853e+02 6.551601318177069588e-10
3.089569574428183500e+02 6.638658526220345608e-10
3.093841777429916533e+02 6.720729919013341104e-10
3.098119887959558696e+02 6.797659241780833213e-10
3.102403914185936742e+02 6.869304402237526870e-10
3.106693864289169369e+02 6.935537887769521260e-10
3.110989746460697916e+02 6.996247110313829696e-10
3.115291568903278971e+02 7.051334678153967432e-10
3.119599339831015641e+02 7.100718594350562415e-10
3.123913067469370617e+02 7.144332382020843112e-10
3.128232760055175277e+02 7.182125137154605558e-10
3.132558425836662650e+02 7.214061510119210696e-10
3.136890073073459462e+02 7.240121617440148555e-10
3.141227710036618532e+02 7.260300885862268534e-10
3.145571345008629009e+02 7.274609831079979865e-10
3.149920986283430011e+02 7.283073773884656464e-10
3.154276642166438478e+02 7.285732496801787843e-10
3.158638320974546900e+02 7.282639844583267671e-10
3.163006031036151171e+02 7.273863272177241357e-10
3.167379780691163660e+02 7.259483344021355535e-10
3.171759578291025718e+02 7.239593188689570922e-10
3.176145432198736671e+02 7.214297913075025307e-10
3.180537350788850404e+02 7.183713980403050110e-10
3.184935342447503785e+02 7.147968556449558288e-10
3.189339415572430312e+02 7.107198828381731956e-10
3.193749578572972609e+02 7.061551300650435775e-10
3.198165839870110858e+02 7.011181072340442184e-10
3.202588207896460517e+02 6.956251100334475011e-10
3.207016691096299610e+02 6.896931452563774687e-10
3.211451297925584640e+02 6.833398555512228361e-10
3.215892036851959688e+02 6.765834440008325078e-10
3.220338916354788239e+02 6.694425989184013969e-10
3.224791944925150347e+02 6.619364192305354676e-10
3.229251131065868208e+02 6.540843407987566989e-10
3.233716483291523218e+02 6.459060640098826353e-10
3.238188010128467340e+02 6.374214829436939877e-10
3.242665720114852093e+02 6.286506164031680264e-10
3.247149621800625141e+02 6.196135410687817113e-10
3.251639723747560993e+02 6.103303270135328707e-10
3.256136034529272365e+02 6.008209757909742967e-10
3.260638562731224397e+02 5.911053612829967813e-10
3.265147316950765344e+02 5.812031734696174300e-10
3.269662305797119188e+02 5.711338652580273321e-10
3.274183537891419746e+02 5.609166024837630393e-10
3.278711021866722035e+02 5.505702171735258529e-10
3.283244766368014780e+02 5.401131641356872962e-10
3.287784780052249971e+02 5.295634809225960743e-10
3.292331071588342866e+02 5.189387511876968223e-10
3.296883649657196429e+02 5.082560714399741348e-10
3.301442522951718956e+02 4.975320211796300087e-10
3.306007700176835442e+02 4.867826363807847832e-10
3.310579190049518843e+02 4.760233862708265882e-10
3.315157001298783825e+02 4.652691533405294835e-10
3.319741142665720304e+02 4.545342165052995982e-10
3.324331622903505377e+02 4.438322373255499317e-10
3.328928450777414696e+02 4.331762491828401027e-10
3.333531635064856573e+02 4.225786492986150882e-10
3.338141184555365157e+02 4.120511934742267280e-10
3.342757108050632269e+02 4.016049934231324758e-10
3.347379414364521608e+02 3.912505165608262130e-10
3.352008112323078990e+02 3.809975881129714228e-10
3.356643210764567016e+02 3.708553953987274834e-10
3.361284718539457685e+02 3.608324941440410844e-10
3.365932644510467071e+02 3.509368166777801641e-10
3.370586997552560433e+02 3.411756818637576986e-10
3.375247786552986327e+02 3.315558066216469219e-10
3.379915020411273758e+02 3.220833188916151422e-10
3.384588708039258336e+02 3.127637718991169950e-10
3.389268858361101593e+02 3.036021595795976256e-10
3.393955480313300654e+02 2.946029330259046626e-10
3.398648582844718931e+02 2.857700178253725403e-10
3.403348174916586686e+02 2.771068321582171300e-10
3.408054265502526050e+02 2.686163055333765329e-10
3.412766863588569777e+02 2.603008980436591712e-10
3.417485978173172043e+02 2.521626200273444441e-10
3.422211618267240283e+02 2.442030520293852018e-10
3.426943792894132912e+02 2.364233649612357252e-10
3.431682511089686614e+02 2.288243403644637807e-10
3.436427781902235665e+02 2.214063906896608902e-10
3.441179614392619897e+02 2.141695795081821750e-10
3.445938017634221069e+02 2.071136415805874197e-10
3.450703000712955486e+02 2.002380027119450426e-10
3.455474572727307532e+02 1.935417993299213970e-10
3.460252742788342744e+02 1.870238977279292900e-10
3.465037520019721455e+02 1.806829129211384467e-10
3.469828913557731198e+02 1.745172270690034235e-10
3.474626932551281584e+02 1.685250074233195321e-10
3.479431586161937275e+02 1.627042237660620523e-10
3.484242883563931059e+02 1.570526653064108569e-10
3.489060833944178626e+02 1.515679570110117157e-10
3.493885446502309833e+02 1.462475753461342070e-10
3.498716730450664159e+02 1.410888634147616687e-10
3.503554695014324238e+02 1.360890454754756719e-10
3.508399349431127803e+02 1.312452408339897609e-10
3.513250702951684730e+02 1.265544771015576535e-10
3.518108764839405467e+02 1.220137028178147100e-10
3.522973544370499894e+02 1.176197994385604045e-10
3.527845050834008021e+02 1.133695926917455575e-10
3.532723293531815898e+02 1.092598633074440968e-10
3.537608281778665855e+02 1.052873571298708702e-10
3.542500024902194014e+02 1.014487946214493278e-10
3.547398532242922329e+02 9.774087977086317091e-11
3.552303813154292129e+02 9.416030841852875339e-11
3.557215877002679463e+02 9.070377601433850664e-11
3.562134733167407603e+02 8.736798482376849633e-11
3.567060391040780587e+02 8.414965059937671955e-11
3.571992860028078667e+02 8.104550873568719788e-11
3.576932149547592417e+02 7.805231992597886357e-11
3.581878269030634101e+02 7.516687534017096643e-11
3.586831227921555296e+02 7.238600134334508833e-11
3.591791035677777586e+02 6.970656377465933281e-11
3.596757701769788582e+02 6.712547180665145802e-11
3.601731235681175463e+02 6.463968140489080825e-11
3.606711646908639182e+02 6.224619840791143422e-11
3.611698944962009250e+02 5.994208124721796511e-11
3.616693139364276135e+02 5.772444332689485819e-11
3.621694239651586713e+02 5.559045508212027113e-11
3.626702255373279513e+02 5.353734573541868417e-11
3.631717196091895516e+02 5.156240476917130778e-11
3.636739071383197484e+02 4.966298313238872163e-11
3.641767890836197807e+02 4.783649419923885678e-11
3.646803664053159650e+02 4.608041449632119916e-11
3.651846400649626503e+02 4.439228421507861232e-11
3.656896110254438099e+02 4.276970752515603634e-11
3.661952802509745197e+02 4.121035270392777579e-11
3.667016487071043116e+02 3.971195209676208251e-11
3.672087173607166619e+02 3.827230192201653149e-11
3.677164871800324590e+02 3.688926193405793242e-11
3.682249591346114244e+02 3.556075495703163211e-11
3.687341341953536471e+02 3.428476630145279918e-11
3.692440133345028244e+02 3.305934307504980181e-11
3.697545975256458632e+02 3.188259339872218216e-11
3.702658877437164620e+02 3.075268553781568588e-11
3.707778849649963604e+02 2.966784695838261491e-11
3.712905901671168749e+02 2.862636331746878458e-11
3.718040043290623089e+02 2.762657739593647294e-11
3.723181284311696686e+02 2.666688798179350606e-11
3.728329634551317326e+02 2.574574871143618868e-11
3.733485103839985868e+02 2.486166687574565691e-11
3.738647702021806367e+02 2.401320219747009714e-11
3.743817438954484373e+02 2.319896558585561091e-11
3.748994324509360467e+02 2.241761787404146321e-11
3.754178368571425040e+02 2.166786854431058411e-11
3.759369581039333070e+02 2.094847444587804515e-11
3.764567971825438804e+02 2.025823850950011507e-11
3.769773550855792337e+02 1.959600846283543602e-11
3.774986328070172021e+02 1.896067555013027994e-11
3.780206313422101516e+02 1.835117325946901466e-11
3.785433516878864566e+02 1.776647606052952148e-11
3.790667948421537972e+02 1.720559815548019904e-11
3.795909618044989315e+02 1.666759224539819731e-11
3.801158535757911068e+02 1.615154831430611697e-11
3.806414711582834229e+02 1.565659243271155021e-11
3.811678155556146521e+02 1.518188558229269238e-11
3.816948877728124785e+02 1.472662250317539040e-11
3.822226888162931004e+02 1.429003056504860907e-11
3.827512196938648117e+02 1.387136866318826367e-11
3.832804814147295360e+02 1.346992611911632562e-11
3.838104749894842485e+02 1.308498798817207699e-11
3.843412014301244994e+02 1.271577217569308415e-11
3.848726617500441307e+02 1.236152017788930565e-11
3.854048569640385722e+02 1.202151489087727518e-11
3.859377880883065473e+02 1.169507811082096473e-11
3.864714561404516644e+02 1.138156819791661892e-11
3.870058621394857141e+02 1.108037789269682448e-11
3.875410071058283279e+02 1.079093227398701399e-11
3.880768920613107298e+02 1.051268684864386920e-11
3.886135180291769871e+02 1.024512576394081652e-11
3.891508860340856586e+02 9.987760134133703601e-12
3.896889971021135466e+02 9.740126473366372820e-12
3.902278522607549007e+02 9.501785227653141543e-12
3.907674525389252835e+02 9.272319399192306875e-12
3.913077989669630483e+02 9.051333256767608295e-12
3.918488925766308171e+02 8.838451126435061842e-12
3.923907344011190617e+02 8.633316257116478832e-12
3.929333254750459332e+02 8.435589756099696745e-12
3.934766668344604454e+02 8.244949589804976022e-12
3.940207595168442936e+02 8.061089645507043836e-12
3.945656045611133891e+02 7.883718850001823188e-12
3.951112030076214410e+02 7.712560341492839791e-12
3.956575558981595577e+02 7.547350691231421577e-12
3.962046642759598853e+02 7.387839171685353677e-12
3.967525291856969147e+02 7.233787068234462249e-12
3.973011516734894712e+02 7.084967031598626693e-12
3.978505327869041821e+02 6.941162468397419002e-12
3.984006735749548511e+02 6.802166967414947406e-12
3.989515750881063809e+02 6.667783759310797312e-12
3.995032383782761940e+02 6.537825207672111367e-12
4.000556644988358244e+02 6.412112329440776429e-12
4.006088545046147829e+02 6.290474342883705454e-12
4.011628094518997045e+02 6.172748241398264856e-12
4.017175303984384414e+02 6.058778391553660021e-12
4.022730184034414265e+02 5.948416153880941210e-12
4.028292745275833227e+02 5.841519525018042939e-12
4.033862998330067171e+02 5.737952799909568522e-12
4.039440953833216668e+02 5.637586252847652733e-12
4.045026622436094499e+02 5.540295836214999304e-12
4.050620014804240441e+02 5.445962895869310042e-12
4.056221141617937747e+02 5.354473902175255328e-12
4.061830013572252369e+02 5.265720195752977276e-12
4.067446641377025003e+02 5.179597747073142346e-12
4.073071035756910874e+02 5.096006929083886059e-12
4.078703207451394519e+02 5.014852302105664482e-12
4.084343167214807409e+02 4.936042410279072378e-12
4.089990925816363756e+02 4.859489588896110117e-12
4.095646494040157108e+02 4.785109781986258266e-12
4.101309882685196158e+02 4.712822369568653605e-12
4.106981102565424635e+02 4.642550004017692818e-12
4.112660164509733249e+02 4.574218455024761728e-12
4.118347079361999477e+02 4.507756462668803155e-12
4.124041857981084718e+02 4.443095598140324110e-12
4.129744511240867837e+02 4.380170131689073548e-12
4.135455050030265056e+02 4.318916907394445544e-12
4.141173485253245303e+02 4.259275224379410242e-12
4.146899827828868297e+02 4.201186724112436740e-12
4.152634088691278293e+02 4.144595283465293313e-12
4.158376278789745584e+02 4.089446913210330792e-12
4.164126409088674450e+02 4.035689661663570908e-12
4.169884490567644661e+02 3.983273523195605524e-12
4.175650534221405223e+02 3.932150351348564671e-12
4.181424551059912460e+02 3.882273776313244072e-12
4.187206552108348205e+02 3.833599126535159614e-12
4.192996548407134014e+02 3.786083354231237117e-12
4.198794551011971521e+02 3.739684964611291385e-12
4.204600570993837323e+02 3.694363948611777958e-12
4.210414619439019930e+02 3.650081718958331289e-12
4.216236707449139658e+02 3.606801049385589931e-12
4.222066846141161705e+02 3.564486016852261292e-12
4.227905046647438212e+02 3.523101946598271145e-12
4.233751320115700310e+02 3.482615359899853979e-12
4.239605677709099609e+02 3.442993924385898264e-12
4.245468130606224122e+02 3.404206406787596956e-12
4.251338690001113605e+02 3.366222627999734211e-12
4.257217367103301626e+02 3.329013420338388647e-12
4.263104173137807038e+02 3.292550586887513223e-12
4.268999119345177178e+02 3.256806862831238519e-12
4.274902216981499805e+02 3.221755878675393115e-12
4.280813477318425839e+02 3.187372125266135662e-12
4.286732911643203465e+02 3.153630920519397177e-12
4.292660531258676997e+02 3.120508377779058539e-12
4.298596347483323257e+02 3.087981375725608166e-12
4.304540371651271471e+02 3.056027529761888995e-12
4.310492615112316912e+02 3.024625164806473021e-12
4.316453089231965237e+02 2.993753289427652451e-12
4.322421805391422254e+02 2.963391571256072766e-12
4.328398774987637694e+02 2.933520313615676394e-12
4.334384009433320557e+02 2.904120433316911896e-12
4.340377520156955029e+02 2.875173439557978634e-12
4.346379318602844251e+02 2.846661413883115370e-12
4.352389416231101222e+02 2.818566991149495874e-12
4.358407824517690869e+02 2.790873341456040666e-12
4.364434554954447094e+02 2.763564152990194061e-12
4.370469619049089260e+02 2.736623615750689521e-12
4.376513028325263690e+02 2.710036406106127702e-12
4.382564794322536841e+02 2.683787672151216717e-12
4.388624928596437940e+02 2.657863019823594478e-12
4.394693442718474330e+02 2.632248499747054954e-12
4.400770348276148525e+02 2.606930594767118143e-12
4.406855656873001976e+02 2.581896208146956341e-12
4.412949380128604844e+02 2.557132652393340418e-12
4.419051529678602037e+02 2.532627638682648286e-12
4.425162117174726291e+02 2.508369266858936606e-12
4.431281154284817489e+02 2.484346015976593799e-12
4.437408652692864734e+02 2.460546735361727400e-12
4.443544624098997815e+02 2.436960636166802263e-12
4.449689080219532116e+02 2.413577283394017965e-12
4.455842032786981690e+02 2.390386588364456979e-12
4.462003493550081998e+02 2.367378801609794517e-12
4.468173474273826287e+02 2.344544506164742640e-12
4.474351986739462745e+02 2.321874611239201372e-12
4.480539042744536573e+02 2.299360346249089947e-12
4.486734654102904756e+02 2.276993255186153276e-12
4.492938832644755962e+02 2.254765191307079930e-12
4.499151590216652039e+02 2.232668312123221506e-12
4.505372938681521191e+02 2.210695074672481154e-12
4.511602889918701180e+02 2.188838231055201167e-12
4.517841455823955812e+02 2.167090824216949029e-12
4.524088648309492555e+02 2.145446183960913941e-12
4.530344479304006313e+02 2.123897923173179171e-12
4.536608960752672033e+02 2.102439934245140861e-12
4.542882104617187338e+02 2.081066385676424674e-12
4.549163922875789581e+02 2.059771718843293896e-12
4.555454427523275172e+02 2.038550644917242924e-12
4.561753630571041640e+02 2.017398141918644142e-12
4.568061544047079678e+02 1.996309451891363100e-12
4.574378179996018048e+02 1.975280078183529476e-12
4.580703550479140631e+02 1.954305782820870679e-12
4.587037667574404054e+02 1.933382583958917615e-12
4.593380543376481455e+02 1.912506753400512072e-12
4.599732189996754528e+02 1.891674814165712853e-12
4.606092619563358426e+02 1.870883538101413845e-12
4.612461844221193132e+02 1.850129943517770337e-12
4.618839876131967799e+02 1.829411292839673313e-12
4.625226727474193353e+02 1.808725090261266310e-12
4.631622410443225704e+02 1.788069079391665596e-12
4.638026937251285062e+02 1.767441240880976048e-12
4.644440320127473001e+02 1.746839790015302494e-12
4.650862571317816219e+02 1.726263174270386080e-12
4.657293703085259722e+02 1.705710070813537998e-12
4.663733727709711161e+02 1.685179383943651809e-12
4.670182657488058453e+02 1.664670242460121244e-12
4.676640504734188539e+02 1.644181996951191503e-12
4.683107281779029449e+02 1.623714216992838326e-12
4.689583000970547459e+02 1.603266688250186576e-12
4.696067674673786883e+02 1.582839409472877429e-12
4.702561315270890532e+02 1.562432589377171812e-12
4.709063935161118479e+02 1.542046643407584949e-12
4.715575546760890120e+02 1.521682190371093505e-12
4.722096162503780192e+02 1.501340048938290430e-12
4.728625794840561412e+02 1.481021234004898967e-12
4.735164456239222091e+02 1.460726952909219491e-12
4.741712159184987740e+02 1.440458601500219776e-12
4.748268916180360861e+02 1.420217760052266243e-12
4.754834739745119236e+02 1.400006189022897699e-12
4.761409642416357428e+02 1.379825824650465100e-12
4.767993636748505537e+02 1.359678774389005159e-12
4.774586735313349095e+02 1.339567312178489658e-12
4.781188950700071700e+02 1.319493873549082473e-12
4.787800295515252174e+02 1.299461050558581374e-12
4.794420782382903781e+02 1.279471586562876570e-12
4.801050423944498675e+02 1.259528370819797797e-12
4.807689232858982677e+02 1.239634432927710875e-12
4.814337221802821887e+02 1.219792937100089955e-12
4.820994403469995859e+02 1.200007176278853981e-12
4.827660790572041947e+02 1.180280675150389434e-12
4.834336395838076328e+02 1.160620077958851102e-12
4.841021232014809357e+02 1.141035219622852877e-12
4.847715311866594448e+02 1.121535774227070672e-12
4.854418648175418980e+02 1.102131072531034988e-12
4.861131253740950910e+02 1.082830100929585410e-12
4.867853141380556394e+02 1.063641500993578168e-12
4.874584323929321386e+02 1.044573569570414232e-12
4.881324814240094270e+02 1.025634259423397415e-12
4.888074625183481317e+02 1.006831180388949954e-12
4.894833769647891017e+02 9.881716010298650392e-13
4.901602260539553413e+02 9.696624507629969009e-13
4.908380110782540555e+02 9.513103224391751406e-13
4.915167333318810279e+02 9.331214753531990630e-13
4.921963941108201652e+02 9.151018386619725333e-13
4.928769947128478748e+02 8.972570151881271136e-13
4.935585364375352810e+02 8.795922855872220777e-13
4.942410205862497605e+02 8.621126128564784353e-13
4.949244484621600009e+02 8.448226471630205554e-13
4.956088213702348639e+02 8.277267309700820396e-13
4.962941406172485017e+02 8.108289044395463643e-13
4.969804075117818343e+02 7.941329110900151453e-13
4.976676233642249372e+02 7.776422036892982982e-13
4.983557894867811910e+02 7.613599503610831898e-13
4.990449071934670542e+02 7.452890408859248946e-13
4.997349778001166101e+02 7.294320931767341994e-13
5.004260026243832158e+02 7.137914599099606487e-13
5.011179829857418895e+02 6.983692352937400191e-13
5.018109202054937441e+02 6.831672619551324763e-13
5.025048156067653053e+02 6.681871379288894790e-13
5.031996705145134001e+02 6.534302237307249767e-13
5.038954862555268051e+02 6.388976494990093483e-13
5.045922641584285202e+02 6.245903221889241819e-13
5.052900055536803166e+02 6.105089328039202535e-13
5.059887117735820539e+02 5.966539636502710313e-13
5.066883841522765124e+02 5.830256956003441914e-13
5.073890240257512119e+02 5.696242153516876514e-13
5.080906327318405715e+02 5.564494226690605576e-13
5.087932116102305145e+02 5.435010375974713501e-13
5.094967620024578991e+02 5.307786076348200901e-13
5.102012852519150670e+02 5.182815148532083336e-13
5.109067827038521159e+02 5.060089829589944238e-13
5.116132557053787195e+02 4.939600842818103045e-13
5.123207056054689019e+02 4.821337466836261597e-13
5.130291337549605259e+02 4.705287603796987077e-13
5.137385415065597272e+02 4.591437846632975497e-13
5.144489302148427896e+02 4.479773545272501275e-13
5.151603012362605796e+02 4.370278871755108883e-13
5.158726559291380909e+02 4.262936884188372148e-13
5.165859956536788786e+02 4.157729589487786259e-13
5.173003217719679014e+02 4.054638004850544839e-13
5.180156356479724309e+02 3.953642217918848650e-13
5.187319386475479632e+02 3.854721445589532535e-13
5.194492321384365141e+02 3.757854091437315116e-13
5.201675174902725303e+02 3.663017801717934800e-13
5.208867960745837991e+02 3.570189519926021904e-13
5.216070692647945179e+02 3.479345539884575268e-13
5.223283384362293873e+02 3.390461557346705747e-13
5.230506049661133829e+02 3.303512720097115711e-13
5.237738702335765311e+02 3.218473676540095007e-13
5.244981356196554998e+02 3.135318622767922918e-13
5.252234025072965551e+02 3.054021348105355447e-13
5.259496722813596534e+02 2.974555279129485545e-13
5.266769463286181008e+02 2.896893522167147229e-13
5.274052260377634411e+02 2.821008904274372596e-13
5.281345127994073891e+02 2.746874012706714759e-13
5.288648080060839902e+02 2.674461232889542050e-13
5.295961130522546227e+02 2.603742784901442261e-13
5.303284293343072022e+02 2.534690758485753791e-13
5.310617582505610699e+02 2.467277146606680495e-13
5.317961012012692663e+02 2.401473877568718395e-13
5.325314595886202369e+02 2.337252845720249998e-13
5.332678348167434024e+02 2.274585940762634477e-13
5.340052282917077946e+02 2.213445075689802754e-13
5.347436414215273999e+02 2.153802213381428329e-13
5.354830756161633190e+02 2.095629391876895730e-13
5.362235322875254724e+02 2.038898748357309687e-13
5.369650128494780574e+02 1.983582541862822187e-13
5.377075187178386386e+02 1.929653174775101413e-13
5.384510513103830363e+02 1.877083213094164482e-13
5.391956120468474865e+02 1.825845405540048777e-13
5.399412023489311423e+02 1.775912701509906174e-13
5.406878236403002802e+02 1.727258267922217999e-13
5.414354773465885273e+02 1.679855504979574580e-13
5.421841648954011816e+02 1.633678060881498099e-13
5.429338877163177131e+02 1.588699845519750494e-13
5.436846472408939235e+02 1.544895043188285927e-13
5.444364449026664943e+02 1.502238124339381571e-13
5.451892821371529863e+02 1.460703856418759770e-13
5.459431603818563872e+02 1.420267313811121740e-13
5.466980810762676128e+02 1.380903886927955205e-13
5.474540456618672124e+02 1.342589290469375118e-13
5.482110555821311664e+02 1.305299570890747419e-13
5.489691122825291814e+02 1.269011113105819627e-13
5.497282172105307154e+02 1.233700646455975771e-13
5.504883718156067971e+02 1.199345249976170209e-13
5.512495775492317307e+02 1.165922356987463263e-13
5.520118358648891217e+02 1.133409759044597059e-13
5.527751482180703988e+02 1.101785609267983062e-13
5.535395160662803846e+02 1.071028425087734667e-13
5.543049408690392283e+02 1.041117090427384762e-13
5.550714240878845658e+02 1.012030857354270335e-13
5.558389671863769763e+02 9.837493472226581956e-14
5.566075716300990734e+02 9.562525513358517028e-14
5.573772388866603933e+02 9.295208311515283604e-14
5.581479704257001231e+02 9.035349180551888087e-14
5.589197677188889202e+02 8.782759127255273134e-14
5.596926322399342553e+02 8.537252841142380948e-14
5.604665654645796167e+02 8.298648680632510866e-14
5.612415688706096262e+02 8.066768655805095677e-14
5.620176439378527675e+02 7.841438407958113068e-14
5.627947921481826370e+02 7.622487186166536040e-14
5.635730149855239688e+02 7.409747821037812856e-14
5.643523139358519529e+02 7.203056695858046280e-14
5.651326904871966690e+02 7.002253715305593375e-14
5.659141461296460420e+02 6.807182271913619782e-14
5.666966823553478889e+02 6.617689210448223471e-14
5.674803006585152616e+02 6.433624790367352064e-14
5.682650025354251966e+02 6.254842646517004770e-14
5.690507894844247403e+02 6.081199748213133352e-14
5.698376630059320860e+02 5.912556356857166795e-14
5.706256246024418033e+02 5.748775982219957690e-14
5.714146757785247246e+02 5.589725337528611379e-14
5.722048180408322651e+02 5.435274293481612205e-14
5.729960528980996060e+02 5.285295831312702803e-14
5.737883818611473998e+02 5.139665995018961460e-14
5.745818064428872276e+02 4.998263842861787021e-14
5.753763281583210301e+02 4.860971398246970740e-14
5.761719485245459964e+02 4.727673600079957903e-14
5.769686690607574064e+02 4.598258252691925576e-14
5.777664912882505632e+02 4.472615975426419814e-14
5.785654167304262501e+02 4.350640151968352795e-14
5.793654469127898210e+02 4.232226879497705592e-14
5.801665833629567715e+02 4.117274917740916314e-14
5.809688276106550120e+02 4.005685637992278286e-14
5.817721811877270284e+02 3.897362972171117800e-14
5.825766456281353385e+02 3.792213361977035481e-14
5.833822224679619239e+02 3.690145708204014776e-14
5.841889132454132323e+02 3.591071320265030082e-14
5.849967195008227918e+02 3.494903865981435722e-14
5.858056427766535990e+02 3.401559321683015929e-14
5.866156846175032342e+02 3.310955922664505276e-14
5.874268465701031801e+02 3.223014114039239375e-14
5.882391301833246189e+02 3.137656502027707741e-14
5.890525370081801384e+02 3.054807805717493955e-14
5.898670685978268011e+02 2.974394809326015586e-14
5.906827265075709192e+02 2.896346314995604478e-14
5.914995122948677135e+02 2.820593096149853695e-14
5.923174275193266567e+02 2.747067851433494646e-14
5.931364737427137470e+02 2.675705159259910430e-14
5.939566525289538959e+02 2.606441432985652538e-14
5.947779654441366119e+02 2.539214876730344867e-14
5.956004140565150919e+02 2.473965441857715011e-14
5.964239999365115636e+02 2.410634784131512474e-14
5.972487246567199008e+02 2.349166221559503856e-14
5.980745897919078971e+02 2.289504692934930898e-14
5.989015969190227224e+02 2.231596717084913159e-14
5.997297476171903554e+02 2.175390352833587711e-14
6.005590434677209259e+02 2.120835159684715537e-14
6.013894860541112166e+02 2.067882159229407293e-14
6.022210769620468227e+02 2.016483797281626901e-14
6.030538177794082912e+02 1.966593906743497183e-14
6.038877100962694158e+02 1.918167671201973904e-14
6.047227555049039438e+02 1.871161589255695466e-14
6.055589555997869411e+02 1.825533439571762121e-14
6.063963119775977475e+02 1.781242246669897327e-14
6.072348262372256613e+02 1.738248247431132082e-14
6.080744999797688024e+02 1.696512407628930865e-14
6.089153348085400239e+02 1.655993890466838658e-14
6.097573323290689586e+02 1.616652082502068364e-14
6.106004941491050886e+02 1.578447867642891652e-14
6.114448218786227471e+02 1.541343571034873237e-14
6.122903171298204370e+02 1.505302901243730741e-14
6.131369815171269693e+02 1.470290894931892107e-14
6.139848166572033961e+02 1.436273863914130341e-14
6.148338241689455117e+02 1.403219344483619137e-14
6.156840056734897644e+02 1.371096048904046722e-14
6.165353627942123467e+02 1.339873818969685969e-14
6.173878971567348799e+02 1.309523581539134535e-14
6.182416103889266878e+02 1.280017305953369340e-14
6.190965041209077526e+02 1.251327963252865394e-14
6.199525799850537169e+02 1.223429487112954958e-14
6.208098396159958838e+02 1.196296736420098181e-14
6.216682846506262194e+02 1.169905459415335880e-14
6.225279167281004220e+02 1.144232259335181915e-14
6.233887374898399685e+02 1.119254561483182670e-14
6.242507485795379125e+02 1.094950581668293206e-14
6.251139516431586571e+02 1.071299295949862212e-14
6.259783483289427295e+02 1.048280411631335629e-14
6.268439402874101916e+02 1.025874339447468501e-14
6.277107291713626864e+02 1.004062166892907630e-14
6.285787166358891227e+02 9.828256326417903278e-15
6.294479043383653334e+02 9.621471020111034876e-15
6.303182939384591918e+02 9.420095434218395240e-15
6.311898870981334539e+02 9.223965058147942324e-15
6.320626854816504192e+02 9.032920969797496134e-15
6.329366907555721582e+02 8.846809627583411339e-15
6.338119045887655147e+02 8.665482670830858342e-15
6.346883286524054029e+02 8.488796728164543923e-15
6.355659646199765120e+02 8.316613233560009627e-15
6.364448141672800148e+02 8.148798249724410380e-15
6.373248789724320886e+02 7.985222298496545889e-15
6.382061607158701690e+02 7.825760197967415811e-15
6.390886610803552230e+02 7.670290906035325584e-15
6.399723817509747050e+02 7.518697370124196840e-15
6.408573244151477866e+02 7.370866382805425704e-15
6.417434907626254699e+02 7.226688443074685739e-15
6.426308824854955901e+02 7.086057623046047791e-15
6.435195012781857713e+02 6.948871439837169824e-15
6.444093488374663821e+02 6.815030732430163812e-15
6.453004268624556516e+02 6.684439543298503834e-15
6.461927370546194425e+02 6.557005004605630031e-15
6.470862811177770482e+02 6.432637228782861031e-15
6.479810607581039221e+02 6.311249203308331469e-15
6.488770776841339512e+02 6.192756689513222214e-15
6.497743336067654809e+02 6.077078125248772096e-15
6.506728302392608612e+02 5.964134531259485181e-15
6.515725692972521301e+02 5.853849421107248677e-15
6.524735524987435156e+02 5.746148714504230833e-15
6.533757815641143907e+02 5.640960653916219443e-15
6.542792582161248447e+02 5.538215724302563609e-15
6.551839841799154556e+02 5.437846575867991961e-15
6.560899611830127469e+02 5.339787949702914504e-15
6.569971909553320302e+02 5.243976606198519811e-15
6.579056752291800194e+02 5.150351256123582804e-15
6.588154157392611978e+02 5.058852494257521057e-15
6.597264142226762260e+02 4.969422735478689967e-15
6.606386724189287634e+02 4.882006153208734850e-15
6.615521920699278553e+02 4.796548620120574691e-15
6.624669749199905482e+02 4.712997651021284861e-15
6.633830227158476873e+02 4.631302347822461203e-15
6.643003372066436896e+02 4.551413346517860407e-15
6.652189201439422277e+02 4.473282766088128978e-15
6.661387732817291862e+02 4.396864159258588545e-15
6.670598983764147079e+02 4.322112465036917001e-15
6.679822971868402419e+02 4.248983962961750606e-15
6.689059714742770666e+02 4.177436228996482335e-15
6.698309230024323142e+02 4.107428093003836502e-15
6.707571535374524956e+02 4.038919597740582300e-15
6.716846648479252053e+02 3.971871959313881948e-15
6.726134587048859430e+02 3.906247529043605915e-15
6.735435368818167490e+02 3.842009756676214576e-15
6.744749011546530255e+02 3.779123154898897996e-15
6.754075533017858106e+02 3.717553265104703964e-15
6.763414951040645064e+02 3.657266624360942382e-15
6.772767283448032458e+02 3.598230733534999276e-15
6.782132548097798690e+02 3.540414026535156001e-15
6.791510762872424039e+02 3.483785840622589649e-15
6.800901945679115670e+02 3.428316387755906795e-15
6.810306114449834922e+02 3.373976726928444093e-15
6.819723287141360970e+02 3.320738737462290307e-15
6.829153481735280593e+02 3.268575093222456222e-15
6.838596716238056388e+02 3.217459237717315169e-15
6.848053008681046094e+02 3.167365360053095939e-15
6.857522377120533292e+02 3.118268371709762513e-15
6.867004839637795612e+02 3.070143884108467979e-15
6.876500414339085410e+02 3.022968186942572961e-15
6.886009119355704797e+02 2.976718227241984803e-15
6.895530972844023836e+02 2.931371589146172310e-15
6.905065992985512366e+02 2.886906474358655345e-15
6.914614197986805948e+02 2.843301683258634089e-15
6.924175606079689942e+02 2.800536596646436888e-15
6.933750235521169998e+02 2.758591158098439658e-15
6.943338104593495927e+02 2.717445856911125951e-15
6.952939231604193537e+02 2.677081711611980260e-15
6.962553634886121472e+02 2.637480254017037471e-15
6.972181332797470077e+02 2.598623513815996072e-15
6.981822343721821653e+02 2.560494003665495828e-15
6.991476686068177742e+02 2.523074704772742718e-15
7.001144378270989819e+02 2.486349052951999189e-15
7.010825438790221824e+02 2.450300925136942140e-15
7.020519886111341066e+02 2.414914626333587489e-15
7.030227738745383022e+02 2.380174876997071679e-15
7.039949015228976350e+02 2.346066800818140328e-15
7.049683734124399734e+02 2.312575912905052215e-15
7.059431914019577334e+02 2.279688108346647844e-15
7.069193573528146999e+02 2.247389651143256750e-15
7.078968731289483003e+02 2.215667163493321511e-15
7.088757405968727880e+02 2.184507615422465098e-15
7.098559616256852678e+02 2.153898314743787110e-15
7.108375380870654681e+02 2.123826897337768986e-15
7.118204718552821078e+02 2.094281317740611986e-15
7.128047648071953972e+02 2.065249840030822977e-15
7.137904188222599942e+02 2.036721029003119534e-15
7.147774357825319385e+02 2.008683741620718132e-15
7.157658175726674017e+02 1.981127118735749065e-15
7.167555660799291672e+02 1.954040577069148619e-15
7.177466831941901546e+02 1.927413801440904538e-15
7.187391708079353521e+02 1.901236737242462061e-15
7.197330308162689789e+02 1.875499583142919944e-15
7.207282651169139172e+02 1.850192784021207506e-15
7.217248756102173957e+02 1.825307024116620755e-15
7.227228641991547420e+02 1.800833220390564965e-15
7.237222327893318834e+02 1.776762516091964185e-15
7.247229832889920544e+02 1.753086274520295986e-15
7.257251176090146600e+02 1.729796072978985043e-15
7.267286376629225515e+02 1.706883696913183495e-15
7.277335453668844139e+02 1.684341134225712969e-15
7.287398426397177218e+02 1.662160569765487499e-15
7.297475314028956745e+02 1.640334379982397923e-15
7.307566135805462864e+02 1.618855127743390342e-15
7.317670910994585256e+02 1.597715557304612828e-15
7.327789658890861801e+02 1.576908589434085659e-15
7.337922398815501310e+02 1.556427316680396613e-15
7.348069150116451738e+02 1.536264998782394501e-15
7.358229932168391088e+02 1.516415058215610436e-15
7.368404764372800173e+02 1.496871075870537599e-15
7.378593666157983080e+02 1.477626786858856354e-15
7.388796656979103545e+02 1.458676076443481139e-15
7.399013756318252035e+02 1.440012976088050958e-15
7.409244983684432100e+02 1.421631659622557357e-15
7.419490358613634271e+02 1.403526439521135793e-15
7.429749900668862210e+02 1.385691763288200943e-15
7.440023629440163404e+02 1.368122209950009125e-15
7.450311564544697376e+02 1.350812486647743964e-15
7.460613725626726591e+02 1.333757425329304338e-15
7.470930132357684670e+02 1.316951979536564403e-15
7.481260804436207081e+02 1.300391221284763514e-15
7.491605761588159567e+02 1.284070338031753304e-15
7.501965023566709760e+02 1.267984629733619127e-15
7.512338610152313549e+02 1.252129505984500762e-15
7.522726541152788968e+02 1.236500483237487510e-15
7.533128836403342348e+02 1.221093182104546500e-15
7.543545515766602421e+02 1.205903324732638399e-15
7.553976599132683987e+02 1.190926732253687850e-15
7.564422106419183365e+02 1.176159322306472984e-15
7.574882057571246605e+02 1.161597106627707104e-15
7.585356472561600185e+02 1.147236188710487118e-15
7.595845371390579430e+02 1.133072761527905230e-15
7.606348774086199001e+02 1.119103105319948784e-15
7.616866700704147206e+02 1.105323585441549635e-15
7.627399171327849672e+02 1.091730650270030217e-15
7.637946206068503443e+02 1.078320829170091493e-15
7.648507825065109955e+02 1.065090730893765782e-15
7.659084048484539835e+02 1.052037128589280395e-15
7.669674896521524943e+02 1.039157062792790108e-15
7.680280389398732268e+02 1.026447660547610844e-15
7.690900547366793489e+02 1.013906105887528524e-15
7.701535390704331121e+02 1.001529638593009769e-15
7.712184939718034684e+02 9.893155529770664751e-16
7.722849214742649337e+02 9.772611967004372198e-16
7.733528236141046364e+02 9.653639696146702877e-16
7.744222024304255001e+02 9.536213226328730301e-16
7.754930599651492003e+02 9.420307566272953164e-16
7.765653982630234395e+02 9.305898213528030058e-16
7.776392193716209249e+02 9.192961143959878203e-16
7.787145253413464161e+02 9.081472801488036923e-16
7.797913182254392268e+02 8.971410088064980559e-16
7.808696000799802732e+02 8.862750353888380040e-16
7.819493729638912782e+02 8.755471387843750285e-16
7.830306389389414790e+02 8.649551408168886844e-16
7.841134000697514921e+02 8.544969053335090385e-16
7.851976584237957013e+02 8.441703373141497027e-16
7.862834160714099880e+02 8.339733820013525447e-16
7.873706750857907082e+02 8.239040240503770343e-16
7.884594375430015134e+02 8.139602866987033579e-16
7.895497055219769891e+02 8.041402309547817682e-16
7.906414811045256101e+02 7.944419548052073561e-16
7.917347663753371307e+02 7.848635924400508524e-16
7.928295634219811063e+02 7.754033134959767627e-16
7.939258743349149654e+02 7.660593223163217170e-16
7.950237012074867380e+02 7.568298572281911117e-16
7.961230461359380115e+02 7.477131898357123139e-16
7.972239112194117752e+02 7.387076243293230414e-16
7.983262985599510557e+02 7.298114968106696229e-16
7.994302102625064208e+02 7.210231746324601885e-16
8.005356484349391621e+02 7.123410557532602652e-16
8.016426151880243651e+02 7.037635681066256246e-16
8.027511126354584121e+02 6.952891689842763606e-16
8.038611428938578456e+02 6.869163444329815675e-16
8.049727080827672125e+02 6.786436086647946014e-16
8.060858103246614519e+02 6.704695034803290998e-16
8.072004517449501009e+02 6.623925977046849770e-16
8.083166344719835479e+02 6.544114866358388172e-16
8.094343606370533735e+02 6.465247915050858918e-16
8.105536323743987168e+02 6.387311589492571099e-16
8.116744518212100274e+02 6.310292604944398279e-16
8.127968211176321347e+02 6.234177920509835127e-16
8.139207424067717511e+02 6.158954734193232502e-16
8.150462178346965629e+02 6.084610478066212995e-16
8.161732495504426197e+02 6.011132813537562326e-16
8.173018397060176312e+02 5.938509626724439094e-16
8.184319904564041508e+02 5.866729023924003543e-16
8.195637039595673059e+02 5.795779327180378215e-16
8.206969823764534340e+02 5.725649069947550839e-16
8.218318278709980405e+02 5.656326992843333467e-16
8.229682426101288684e+02 5.587802039494171765e-16
8.241062287637690815e+02 5.520063352467440945e-16
8.252457885048451089e+02 5.453100269289332123e-16
8.263869240092851669e+02 5.386902318546900272e-16
8.275296374560276718e+02 5.321459216071585734e-16
8.286739310270236274e+02 5.256760861202731151e-16
8.298198069072403769e+02 5.192797333128948129e-16
8.309672672846694468e+02 5.129558887305120863e-16
8.321163143503250694e+02 5.067035951944651324e-16
8.332669502982520271e+02 5.005219124583435558e-16
8.344191773255291764e+02 4.944099168715074135e-16
8.355729976322722905e+02 4.883667010495328800e-16
8.367284134216424718e+02 4.823913735513711196e-16
8.378854268998441057e+02 4.764830585632026141e-16
8.390440402761337282e+02 4.706408955886226931e-16
8.402042557628225268e+02 4.648640391452463191e-16
8.413660755752798650e+02 4.591516584673869060e-16
8.425295019319413541e+02 4.535029372147627241e-16
8.436945370543073750e+02 4.479170731871354413e-16
8.448611831669512640e+02 4.423932780446346745e-16
8.460294424975221546e+02 4.369307770337080070e-16
8.471993172767488431e+02 4.315288087185712891e-16
8.483708097384475195e+02 4.261866247180107687e-16
8.495439221195201753e+02 4.209034894474418945e-16
8.507186566599633579e+02 4.156786798660617454e-16
8.518950156028707852e+02 4.105114852290439076e-16
8.530730011944368698e+02 4.054012068446185212e-16
8.542526156839647911e+02 4.003471578359002830e-16
8.554338613238655853e+02 3.953486629074957633e-16
8.566167403696655356e+02 3.904050581165872617e-16
8.578012550800096960e+02 3.855156906485632631e-16
8.589874077166658708e+02 3.806799185969938897e-16
8.601752005445316627e+02 3.758971107478932700e-16
8.613646358316340184e+02 3.711666463682216404e-16
8.625557158491369592e+02 3.664879149984080254e-16
8.637484428713443094e+02 3.618603162489607441e-16
8.649428191757070863e+02 3.572832596009415118e-16
8.661388470428231585e+02 3.527561642103492845e-16
8.673365287564446362e+02 3.482784587162033673e-16
8.685358666034817361e+02 3.438495810523437834e-16
8.697368628740059648e+02 3.394689782628243132e-16
8.709395198612583044e+02 3.351361063208145837e-16
8.721438398616479617e+02 3.308504299510166815e-16
8.733498251747606673e+02 3.266114224553834436e-16
8.745574781033616318e+02 3.224185655422049390e-16
8.757668009533997520e+02 3.182713491584238062e-16
8.769777960340150003e+02 3.141692713251141207e-16
8.781904656575379704e+02 3.101118379760913996e-16
8.794048121394973805e+02 3.060985627995730809e-16
8.806208377986238247e+02 3.021289670827960987e-16
8.818385449568532977e+02 2.982025795596187674e-16
8.830579359393352661e+02 2.943189362609056197e-16
8.842790130744318731e+02 2.904775803678288605e-16
8.855017786937254414e+02 2.866780620678392768e-16
8.867262351320224525e+02 2.829199384133921952e-16
8.879523847273572983e+02 2.792027731832852587e-16
8.891802298209995570e+02 2.755261367466300629e-16
8.904097727574541068e+02 2.718896059293441035e-16
8.916410158844682883e+02 2.682927638831646142e-16
8.928739615530361107e+02 2.647351999570819879e-16
8.941086121174013215e+02 2.612165095712264088e-16
8.953449699350660467e+02 2.577362940930477510e-16
8.965830373667895401e+02 2.542941607158805004e-16
8.978228167765962553e+02 2.508897223397417939e-16
8.990643105317797108e+02 2.475225974543542919e-16
9.003075210029059008e+02 2.441924100243885124e-16
9.015524505638217079e+02 2.408987893768252770e-16
9.027991015916534252e+02 2.376413700904538501e-16
9.040474764668156240e+02 2.344197918874121435e-16
9.052975775730144505e+02 2.312336995268049778e-16
9.065494072972510367e+02 2.280827427002865081e-16
9.078029680298302537e+02 2.249665759296047945e-16
9.090582621643594621e+02 2.218848584661234297e-16
9.103152920977563554e+02 2.188372541921815824e-16
9.115740602302537354e+02 2.158234315243521390e-16
9.128345689654020134e+02 2.128430633185241107e-16
9.140968207100779637e+02 2.098958267767859109e-16
9.153608178744839279e+02 2.069814033560810315e-16
9.166265628721560006e+02 2.040994786785990147e-16
9.178940581199674398e+02 2.012497424438901612e-16
9.191633060381328733e+02 1.984318883426513900e-16
9.204343090502161431e+02 1.956456139721727490e-16
9.217070695831296234e+02 1.928906207534210100e-16
9.229815900671425197e+02 1.901666138497145675e-16
9.242578729358845067e+02 1.874733020869891508e-16
9.255359206263497072e+02 1.848103978756017399e-16
9.268157355789045369e+02 1.821776171336740179e-16
9.280973202372873629e+02 1.795746792119314539e-16
9.293806770486166897e+02 1.770013068200312631e-16
9.306658084633946828e+02 1.744572259543442367e-16
9.319527169355110345e+02 1.719421658271716827e-16
9.332414049222518315e+02 1.694558587973728502e-16
9.345318748842977357e+02 1.669980403023868375e-16
9.358241292857331928e+02 1.645684487916390251e-16
9.371181705940499569e+02 1.621668256612718096e-16
9.384140012801508419e+02 1.597929151902310679e-16
9.397116238183580208e+02 1.574464644776394764e-16
9.410110406864126844e+02 1.551272233814937357e-16
9.423122543654826586e+02 1.528349444586058529e-16
9.436152673401670654e+02 1.505693829058077862e-16
9.449200820984996199e+02 1.483302965023996036e-16
9.462267011319570429e+02 1.461174455538080025e-16
9.475351269354589476e+02 1.439305928364492457e-16
9.488453620073752290e+02 1.417695035437793839e-16
9.501574088495307251e+02 1.396339452335077018e-16
9.514712699672089684e+02 1.375236877759611864e-16
9.527869478691604854e+02 1.354385033035773631e-16
9.541044450676017732e+02 1.333781661615419647e-16
9.554237640782245080e+02 1.313424528594960753e-16
9.567449074201988424e+02 1.293311420243515491e-16
9.580678776161773840e+02 1.273440143541744975e-16
9.593926771923038359e+02 1.253808525731277485e-16
9.607193086782125420e+02 1.234414413874528517e-16
9.620477746070361036e+02 1.215255674424884250e-16
9.633780775154095863e+02 1.196330218147962623e-16
9.647102199434780232e+02 1.177636413516060485e-16
9.660442044348963009e+02 1.159172989547451121e-16
9.673800335368376864e+02 1.140938653194959541e-16
9.687177097999972375e+02 1.122932078013296908e-16
9.700572357785965778e+02 1.105151905400707886e-16
9.713986140303918546e+02 1.087596745825223357e-16
9.727418471166731706e+02 1.070265180035188191e-16
9.740869376022733377e+02 1.053155760253596903e-16
9.754338880555718561e+02 1.036267011356308690e-16
9.767827010484987795e+02 1.019597432033665330e-16
9.781333791565431284e+02 1.003145495935371789e-16
9.794859249587530030e+02 9.869096527984904077e-17
9.808403410377430873e+02 9.708883295582313751e-17
9.821966299796996509e+02 9.550799314415528253e-17
9.835547943743839596e+02 9.394828430432018683e-17
9.849148368151413706e+02 9.240954293842537600e-17
9.862767598989003091e+02 9.089160369529803397e-17
9.876405662261812495e+02 8.939429947278524937e-17
9.890062584011003537e+02 8.791746151826219189e-17
9.903738390313741320e+02 8.646091952735770938e-17
9.917433107283275149e+02 8.502450174086141578e-17
9.931146761068937394e+02 8.360803503982325213e-17
9.944879377856226483e+02 8.221134503886169239e-17
9.958630983866851238e+02 8.083425617762793763e-17
9.972401605358769530e+02 7.947659181047919870e-17
9.986191268626276951e+02 7.813817429432127926e-17
1.000000000000000000e+03 7.681882507465272856e-17
