1.000000000000000021e-03 3.775788783849797710e+03
1.001844134890810109e-03 3.782255466314965815e+03
1.003691670615116955e-03 3.788732586010858995e+03
1.005542613444513830e-03 3.795220157128627761e+03
1.007396969662164394e-03 3.801718193870750383e+03
1.009254745562814838e-03 3.808226710450992414e+03
1.011115947452822942e-03 3.814745721094425335e+03
1.012980581650176288e-03 3.821275240037364256e+03
1.014848654484510476e-03 3.827815281527399748e+03
1.016720172297138182e-03 3.834365859823347364e+03
1.018595141441061948e-03 3.840926989195260376e+03
1.020473568281003024e-03 3.847498683924381567e+03
1.022355459193420666e-03 3.854080958303178704e+03
1.024240820566529485e-03 3.860673826635264504e+03
1.026129658800329367e-03 3.867277303235424824e+03
1.028021980306618273e-03 3.873891402429584559e+03
1.029917791509021505e-03 3.880516138554810368e+03
1.031817098843010360e-03 3.887151525959284299e+03
1.033719908755921426e-03 3.893797579001196482e+03
1.035626227706984339e-03 3.900454311998277262e+03
1.037536062167336961e-03 3.907121739205280392e+03
1.039449418620053568e-03 3.913799874881545747e+03
1.041366303560164151e-03 3.920488733296508599e+03
1.043286723494673499e-03 3.927188328729688692e+03
1.045210684942590035e-03 3.933898675470756643e+03
1.047138194434940345e-03 3.940619787819370231e+03
1.049069258514797806e-03 3.947351680085263524e+03
1.051003883737302311e-03 3.954094366588205503e+03
1.052942076669679356e-03 3.960847861657930935e+03
1.054883843891269097e-03 3.967612179634180848e+03
1.056829191993540872e-03 3.974387334866642504e+03
1.058778127580122918e-03 3.981173341714943945e+03
1.060730657266821227e-03 3.987970214548646709e+03
1.062686787681639067e-03 3.994777967747146704e+03
1.064646525464805820e-03 4.001596615699791528e+03
1.066609877268796282e-03 4.008426172805731767e+03
1.068576849758350392e-03 4.015266653473931001e+03
1.070547449610502943e-03 4.022118072123232196e+03
1.072521683514597460e-03 4.028980443182193540e+03
1.074499558172317204e-03 4.035853781089163931e+03
1.076481080297704042e-03 4.042738100292227500e+03
1.078466256617178175e-03 4.049633415249193604e+03
1.080455093869568282e-03 4.056539740427575907e+03
1.082447598806126916e-03 4.063457090304533267e+03
1.084443778190558906e-03 4.070385479366913387e+03
1.086443638799043264e-03 4.077324922111168689e+03
1.088447187420251393e-03 4.084275433043360408e+03
1.090454430855378317e-03 4.091237026679145856e+03
1.092465375918157209e-03 4.098209717543726583e+03
1.094480029434889961e-03 4.105193520171837008e+03
1.096498398244466922e-03 4.112188449107750785e+03
1.098520489198387060e-03 4.119194518905205769e+03
1.100546309160788756e-03 4.126211744127418569e+03
1.102575865008464549e-03 4.133240139347058175e+03
1.104609163630891925e-03 4.140279719140564339e+03
1.106646211930253487e-03 4.147330498012929638e+03
1.108687016821456898e-03 4.154392490417249064e+03
1.110731585232166765e-03 4.161465710813517035e+03
1.112779924102818294e-03 4.168550173669997093e+03
1.114832040386649382e-03 4.175645893463272841e+03
1.116887941049720789e-03 4.182752884678126065e+03
1.118947633070935645e-03 4.189871161807600402e+03
1.121011123442072419e-03 4.197000739352933124e+03
1.123078419167798138e-03 4.204141631823477837e+03
1.125149527265701570e-03 4.211293853736757228e+03
1.127224454766311869e-03 4.218457419618393942e+03
1.129303208713120909e-03 4.225632344002097852e+03
1.131385796162613861e-03 4.232818641429582385e+03
1.133472224184284369e-03 4.240016326450633642e+03
1.135562499860666864e-03 4.247225413622959422e+03
1.137656630287356722e-03 4.254445917512292908e+03
1.139754622573031090e-03 4.261677852692248052e+03
1.141856483839481405e-03 4.268921233744357778e+03
1.143962221221627709e-03 4.276176075258001219e+03
1.146071841867551174e-03 4.283442391830418273e+03
1.148185352938515353e-03 4.290720198066645025e+03
1.150302761608986563e-03 4.298009508579497378e+03
1.152424075066665974e-03 4.305310337989518302e+03
1.154549300512506095e-03 4.312622700925006029e+03
1.156678445160741779e-03 4.319946612021882174e+03
1.158811516238911904e-03 4.327282085923796330e+03
1.160948520987880846e-03 4.334629137281976909e+03
1.163089466661869050e-03 4.341987780755218409e+03
1.165234360528475148e-03 4.349358031009936894e+03
1.167383209868696559e-03 4.356739902720021746e+03
1.169536021976962667e-03 4.364133410566900238e+03
1.171692804161149782e-03 4.371538569239438402e+03
1.173853563742614532e-03 4.378955393433944664e+03
1.176018308056215331e-03 4.386383897854119823e+03
1.178187044450333416e-03 4.393824097210434957e+03
1.180359780286906017e-03 4.401276006166352090e+03
1.182536522941441976e-03 4.408739639296600217e+03
1.184717279803055787e-03 4.416215011172347658e+03
1.186902058274487545e-03 4.423702136370989138e+03
1.189090865772125935e-03 4.431201029475941141e+03
1.191283709726041187e-03 4.438711705076753788e+03
1.193480597580000692e-03 4.446234177768988047e+03
1.195681536791503045e-03 4.453768462154186636e+03
1.197886534831798860e-03 4.461314572839889479e+03
1.200095599185913974e-03 4.468872524439520021e+03
1.202308737352681756e-03 4.476442331572407056e+03
1.204525956844759802e-03 4.484024008863724703e+03
1.206747265188663765e-03 4.491617570944424187e+03
1.208972669924789035e-03 4.499223032451288418e+03
1.211202178607433295e-03 4.506840408026764635e+03
1.213435798804829912e-03 4.514469712319018072e+03
1.215673538099163982e-03 4.522110959981874657e+03
1.217915404086607244e-03 4.529764165674757351e+03
1.220161404377339762e-03 4.537429344062687051e+03
1.222411546595572043e-03 4.545106509816207108e+03
1.224665838379579300e-03 4.552795677611336941e+03
1.226924287381718579e-03 4.560496862129597503e+03
1.229186901268461505e-03 4.568210078057883948e+03
1.231453687720418782e-03 4.575935340088491103e+03
1.233724654432360795e-03 4.583672662919046161e+03
1.235999809113253606e-03 4.591422061252481399e+03
1.238279159486274129e-03 4.599183549796966872e+03
1.240562713288845915e-03 4.606957143265901323e+03
1.242850478272661263e-03 4.614742856377863063e+03
1.245142462203703993e-03 4.622540703856545406e+03
1.247438672862284355e-03 4.630350700430791221e+03
1.249739118043055727e-03 4.638172860834415587e+03
1.252043805555049091e-03 4.646007199806311291e+03
1.254352743221697321e-03 4.653853732090325138e+03
1.256665938880855782e-03 4.661712472432021059e+03
1.258983400384840060e-03 4.669583435501909662e+03
1.261305135600440707e-03 4.677466635890526049e+03
1.263631152408959454e-03 4.685362088188138841e+03
1.265961458706232846e-03 4.693269806988566415e+03
1.268296062402653928e-03 4.701189806889196007e+03
1.270634971423209103e-03 4.709122102490945508e+03
1.272978193707494186e-03 4.717066708398156152e+03
1.275325737209750824e-03 4.725023639218572498e+03
1.277677609898888837e-03 4.732992909563345165e+03
1.280033819758510287e-03 4.740974534046905319e+03
1.282394374786945254e-03 4.748968527286980134e+03
1.284759282997268532e-03 4.756974903904482744e+03
1.287128552417336064e-03 4.764993678523539529e+03
1.289502191089808136e-03 4.773024865771361874e+03
1.291880207072173235e-03 4.781068480278251627e+03
1.294262608436783394e-03 4.789124536677565629e+03
1.296649403270872620e-03 4.797193049605602937e+03
1.299040599676592675e-03 4.805274033701596636e+03
1.301436205771036494e-03 4.813367503607683830e+03
1.303836229686262472e-03 4.821473473968817416e+03
1.306240679569330675e-03 4.829591959432733347e+03
1.308649563582320189e-03 4.837722974649891512e+03
1.311062889902365764e-03 4.845866534273469370e+03
1.313480666721682536e-03 4.854022652959254629e+03
1.315902902247588577e-03 4.862191345365590678e+03
1.318329604702541758e-03 4.870372626153406600e+03
1.320760782324162949e-03 4.878566509986099845e+03
1.323196443365260745e-03 4.886773011529479845e+03
1.325636596093867888e-03 4.894992145451751639e+03
1.328081248793259485e-03 4.903223926423464036e+03
1.330530409761989871e-03 4.911468369117416842e+03
1.332984087313917329e-03 4.919725488208677234e+03
1.335442289778227725e-03 4.927995298374444246e+03
1.337905025499472452e-03 4.936277814293458505e+03
1.340372302837586436e-03 4.944573050586986938e+03
1.342844130167924772e-03 4.952881021770888765e+03
1.345320515881288318e-03 4.961201742350576751e+03
1.347801468383947763e-03 4.969535226832225817e+03
1.350286996097681356e-03 4.977881489722673905e+03
1.352777107459792252e-03 4.986240545529327392e+03
1.355271810923148199e-03 4.994612408760182007e+03
1.357771114956204299e-03 5.002997093923672765e+03
1.360275028043029470e-03 5.011394615528684881e+03
1.362783558683342651e-03 5.019804988084473734e+03
1.365296715392533191e-03 5.028228226100598476e+03
1.367814506701697059e-03 5.036664344086872916e+03
1.370336941157663298e-03 5.045113356553310041e+03
1.372864027323018312e-03 5.053575278010068359e+03
1.375395773776144246e-03 5.062050122967366406e+03
1.377932189111237635e-03 5.070537905935440904e+03
1.380473281938348219e-03 5.079038641424524940e+03
1.383019060883403442e-03 5.087552343944696986e+03
1.385569534588234047e-03 5.096079028005907276e+03
1.388124711710613099e-03 5.104618708117920505e+03
1.390684600924274638e-03 5.113171398790133935e+03
1.393249210918951408e-03 5.121737114531687439e+03
1.395818550400402180e-03 5.130315869851305251e+03
1.398392628090435602e-03 5.138907679257235031e+03
1.400971452726950534e-03 5.147512557257212393e+03
1.403555033063953175e-03 5.156130518358385416e+03
1.406143377871598701e-03 5.164761577067279177e+03
1.408736495936214897e-03 5.173405747889703889e+03
1.411334396060328613e-03 5.182063045330703972e+03
1.413937087062705229e-03 5.190733483894529854e+03
1.416544577778368168e-03 5.199417078084475179e+03
1.419156877058637281e-03 5.208113842402954106e+03
1.421773993771155735e-03 5.216823791351359432e+03
1.424395936799915593e-03 5.225546939416433815e+03
1.427022715045296640e-03 5.234283300966478237e+03
1.429654337424091743e-03 5.243032890307534217e+03
1.432290812869533745e-03 5.251795721742601927e+03
1.434932150331334711e-03 5.260571809572085840e+03
1.437578358775706095e-03 5.269361168093657398e+03
1.440229447185397988e-03 5.278163811602317764e+03
1.442885424559726222e-03 5.286979754390210474e+03
1.445546299914598392e-03 5.295809010746599597e+03
1.448212082282553754e-03 5.304651594957769703e+03
1.450882780712784044e-03 5.313507521307025854e+03
1.453558404271172071e-03 5.322376804074554457e+03
1.456238962040320344e-03 5.331259457537379603e+03
1.458924463119576223e-03 5.340155495969313051e+03
1.461614916625072905e-03 5.349064933640845084e+03
1.464310331689750019e-03 5.357987784819108128e+03
1.467010717463392878e-03 5.366924063767789448e+03
1.469716083112661102e-03 5.375873784747045647e+03
1.472426437821113985e-03 5.384836962013460834e+03
1.475141790789252783e-03 5.393813609820015699e+03
1.477862151234539357e-03 5.402803742415887427e+03
1.480587528391438899e-03 5.411807374046488803e+03
1.483317931511445292e-03 5.420824518953401821e+03
1.486053369863109958e-03 5.429855191374203969e+03
1.488793852732082186e-03 5.438899405542540080e+03
1.491539389421129083e-03 5.447957175687885865e+03
1.494289989250178292e-03 5.457028516035637040e+03
1.497045661556344444e-03 5.466113440806919243e+03
1.499806415693956483e-03 5.475211964218572575e+03
1.502572261034600164e-03 5.484324100483069742e+03
1.505343206967137788e-03 5.493449863808424197e+03
1.508119262897749833e-03 5.502589268398142849e+03
1.510900438249964013e-03 5.511742328451151479e+03
1.513686742464681297e-03 5.520909058130952872e+03
1.516478185000218843e-03 5.530089471459376000e+03
1.519274775332330168e-03 5.539283582414141165e+03
1.522076522954248293e-03 5.548491404966741356e+03
1.524883437376712853e-03 5.557712953082306740e+03
1.527695528127997852e-03 5.566948240719601017e+03
1.530512804753954813e-03 5.576197281830836801e+03
1.533335276818033376e-03 5.585460090361669245e+03
1.536162953901323586e-03 5.594736680251071448e+03
1.538995845602584732e-03 5.604027065431315350e+03
1.541833961538272230e-03 5.613331259827826216e+03
1.544677311342582734e-03 5.622649277359122607e+03
1.547525904667472344e-03 5.631981131936769998e+03
1.550379751182702362e-03 5.641326837465221615e+03
1.553238860575865531e-03 5.650686407841812979e+03
1.556103242552415739e-03 5.660059856956657313e+03
1.558972906835710956e-03 5.669447198692531856e+03
1.561847863167034481e-03 5.678848446924859672e+03
1.564728121305638099e-03 5.688263615521535939e+03
1.567613691028771350e-03 5.697692718342950684e+03
1.570504582131709284e-03 5.707135769241808703e+03
1.573400804427797133e-03 5.716592782063125014e+03
1.576302367748471343e-03 5.726063770644082979e+03
1.579209281943302944e-03 5.735548748813976090e+03
1.582121556880027469e-03 5.745047730394162500e+03
1.585039202444572934e-03 5.754560729197859473e+03
1.587962228541104498e-03 5.764087759030221605e+03
1.590890645092045939e-03 5.773628833688127088e+03
1.593824462038123668e-03 5.783183966960156795e+03
1.596763689338396436e-03 5.792753172626496962e+03
1.599708336970284174e-03 5.802336464458850969e+03
1.602658414929612665e-03 5.811933856220352027e+03
1.605613933230635006e-03 5.821545361631458036e+03
1.608574901906076500e-03 5.831170994253397112e+03
1.611541331007164792e-03 5.840810767595825382e+03
1.614513230603657626e-03 5.850464695157972528e+03
1.617490610783890335e-03 5.860132790428592671e+03
1.620473481654794703e-03 5.869815066885837950e+03
1.623461853341946889e-03 5.879511537997153027e+03
1.626455735989595832e-03 5.889222217219230515e+03
1.629455139760692525e-03 5.898947117997873647e+03
1.632460074836935334e-03 5.908686253767918060e+03
1.635470551418798405e-03 5.918439637953161764e+03
1.638486579725562239e-03 5.928207283966231444e+03
1.641508169995360093e-03 5.937989205208492422e+03
1.644535332485198582e-03 5.947785415070004092e+03
1.647568077471004734e-03 5.957595926929372581e+03
1.650606415247655697e-03 5.967420754153713460e+03
1.653650356129008877e-03 5.977259910098426190e+03
1.656699910447948778e-03 5.987113408107284158e+03
1.659755088556408038e-03 5.996981261512208221e+03
1.662815900825414693e-03 6.006863483633206670e+03
1.665882357645122325e-03 6.016760087778287016e+03
1.668954469424840849e-03 6.026671087243384136e+03
1.672032246593082487e-03 6.036596495312176557e+03
1.675115699597584532e-03 6.046536325256131022e+03
1.678204838905356404e-03 6.056490590334253284e+03
1.681299675002710008e-03 6.066459303793080835e+03
1.684400218395290310e-03 6.076442478866595593e+03
1.687506479608123040e-03 6.086440128776060192e+03
1.690618469185636592e-03 6.096452266729985240e+03
1.693736197691709947e-03 6.106478905924024730e+03
1.696859675709703249e-03 6.116520059540807779e+03
1.699988913842488377e-03 6.126575740729264908e+03
1.703123922712497518e-03 6.136645962471137864e+03
1.706264712961745068e-03 6.146730737664293883e+03
1.709411295251875990e-03 6.156830079191287041e+03
1.712563680264196815e-03 6.166943999919620182e+03
1.715721878699706226e-03 6.177072512701554842e+03
1.718885901279144490e-03 6.187215630374134889e+03
1.722055758743015145e-03 6.197373365758885484e+03
1.725231461851633790e-03 6.207545731661977698e+03
1.728413021385159527e-03 6.217732740873855619e+03
1.731600448143626615e-03 6.227934406169286376e+03
1.734793752946992614e-03 6.238150740307214619e+03
1.737992946635161587e-03 6.248381756030643373e+03
1.741198040068033534e-03 6.258627466066582201e+03
1.744409044125535191e-03 6.268887883125807093e+03
1.747625969707651897e-03 6.279163019902931410e+03
1.750848827734475741e-03 6.289452889076171232e+03
1.754077629146236781e-03 6.299757503307245315e+03
1.757312384903334922e-03 6.310076875241339621e+03
1.760553105986389791e-03 6.320411017506963617e+03
1.763799803396263501e-03 6.330759942715778379e+03
1.767052488154110743e-03 6.341123663462591139e+03
1.770311171301410446e-03 6.351502192325167016e+03
1.773575863899998521e-03 6.361895541864179904e+03
1.776846577032117078e-03 6.372303724623045127e+03
1.780123321800438502e-03 6.382726753127837583e+03
1.783406109328115755e-03 6.393164639887194426e+03
1.786694950758813604e-03 6.403617397392199564e+03
1.789989857256742232e-03 6.414085038116244505e+03
1.793290840006707540e-03 6.424567574514959233e+03
1.796597910214134137e-03 6.435065019021210901e+03
1.799911079105116730e-03 6.445577383929432472e+03
1.803230357926452216e-03 6.456104681388916106e+03
1.806555757945672424e-03 6.466646923523207988e+03
1.809887290451095941e-03 6.477204122435809040e+03
1.813224966751850664e-03 6.487776290210052139e+03
1.816568798177925839e-03 6.498363438908985700e+03
1.819918796080204808e-03 6.508965580575321837e+03
1.823274971830497531e-03 6.519582727231214449e+03
1.826637336821593065e-03 6.530214890878278311e+03
1.830005902467282328e-03 6.540862083497228923e+03
1.833380680202410795e-03 6.551524317048093508e+03
1.836761681482911241e-03 6.562201603469783549e+03
1.840148917785837130e-03 6.572893954680142087e+03
1.843542400609414445e-03 6.583601382575843672e+03
1.846942141473066189e-03 6.594323899032134250e+03
1.850348151917464426e-03 6.605061515902838437e+03
1.853760443504563456e-03 6.615814245020170347e+03
1.857179027817633865e-03 6.626582098194652644e+03
1.860603916461315210e-03 6.637365087214954656e+03
1.864035121061639660e-03 6.648163223847789595e+03
1.867472653266084902e-03 6.658976519837831802e+03
1.870916524743608620e-03 6.669804986907515740e+03
1.874366747184681671e-03 6.680648636756968699e+03
1.877823332301341210e-03 6.691507481063871637e+03
1.881286291827215630e-03 6.702381531483300023e+03
1.884755637517577034e-03 6.713270799647730200e+03
1.888231381149376364e-03 6.724175297166744713e+03
1.891713534521276578e-03 6.735095035626980462e+03
1.895202109453707076e-03 6.746030026592033209e+03
1.898697117788887773e-03 6.756980281553845089e+03
1.902198571390882869e-03 6.767945811806621350e+03
1.905706482145636200e-03 6.778926628580689794e+03
1.909220861961003976e-03 6.789922743081074259e+03
1.912741722766810948e-03 6.800934166487472794e+03
1.916269076514873606e-03 6.811960909953952978e+03
1.919802935179055255e-03 6.823002984608981023e+03
1.923343310755300717e-03 6.834060401555225326e+03
1.926890215261671015e-03 6.845133171869391845e+03
1.930443660738397809e-03 6.856221306602173172e+03
1.934003659247908761e-03 6.867324816778015702e+03
1.937570222874882399e-03 6.878443713395094164e+03
1.941143363726282808e-03 6.889578007425066971e+03
1.944723093931394978e-03 6.900727709813038018e+03
1.948309425641880314e-03 6.911892831477381151e+03
1.951902371031800703e-03 6.923073383309581914e+03
1.955501942297675766e-03 6.934269376174116587e+03
1.959108151658515810e-03 6.945480820908391252e+03
1.962721011355859999e-03 6.956707728322482581e+03
1.966340533653829475e-03 6.967950109199110557e+03
1.969966730839154898e-03 6.979207974293402003e+03
1.973599615221230657e-03 6.990481334332864208e+03
1.977239199132151733e-03 7.001770200017172101e+03
1.980885494926748827e-03 7.013074582018030014e+03
1.984538514982645170e-03 7.024394490979120746e+03
1.988198271700281246e-03 7.035729937515829988e+03
1.991864777502972035e-03 7.047080932215252687e+03
1.995538044836943446e-03 7.058447485635949306e+03
1.999218086171366138e-03 7.069829608303478381e+03
2.002904913998415810e-03 7.081227310594220398e+03
2.006598540833295311e-03 7.092640602722302901e+03
2.010298979214294925e-03 7.104069494864368608e+03
2.014006241702826199e-03 7.115513997166187437e+03
2.017720340883459671e-03 7.126974119742367293e+03
2.021441289363982551e-03 7.138449872676477753e+03
2.025169099775423007e-03 7.149941266020683543e+03
2.028903784772109146e-03 7.161448309795672685e+03
2.032645357031706308e-03 7.172971013990552819e+03
2.036393829255251763e-03 7.184509388562595632e+03
2.040149214167214127e-03 7.196063443437252317e+03
2.043911524515518944e-03 7.207633188507832529e+03
2.047680773071606803e-03 7.219218633635432525e+03
2.051456972630471502e-03 7.230819788648902431e+03
2.055240136010695173e-03 7.242436663344444241e+03
2.059030276054505965e-03 7.254069267485748242e+03
2.062827405627814907e-03 7.265717610803617390e+03
2.066631537620252333e-03 7.277381702995914566e+03
2.070442684945229036e-03 7.289061553727471619e+03
2.074260860539959249e-03 7.300757172629841079e+03
2.078086077365522664e-03 7.312468569301158823e+03
2.081918348406901296e-03 7.324195753306051301e+03
2.085757686673016340e-03 7.335938734175490936e+03
2.089604105196788027e-03 7.347697521406511441e+03
2.093457617035161637e-03 7.359472124462304237e+03
2.097318235269168222e-03 7.371262552771788251e+03
2.101185973003962763e-03 7.383068815729649941e+03
2.105060843368860169e-03 7.394890922676776427e+03
2.108942859517397295e-03 7.406728882756087842e+03
2.112832034627358524e-03 7.418582704992668369e+03
2.116728381900836054e-03 7.430452398374485711e+03
2.120631914564269794e-03 7.442337971852743067e+03
2.124542645868483359e-03 7.454239434341647211e+03
2.128460589088743485e-03 7.466156794718457604e+03
2.132385757524798628e-03 7.478090061823185351e+03
2.136318164500917126e-03 7.490039244458406756e+03
2.140257823365947047e-03 7.502004351389213298e+03
2.144204747493345248e-03 7.513985391342959701e+03
2.148158950281238953e-03 7.525982373009141156e+03
2.152120445152460888e-03 7.537995305039320556e+03
2.156089245554592207e-03 7.550024196046774705e+03
2.160065364960022348e-03 7.562069054606503414e+03
2.164048816865975916e-03 7.574129889255034868e+03
2.168039614794574702e-03 7.586206708490134588e+03
2.172037772292878446e-03 7.598299520770890012e+03
2.176043302932921270e-03 7.610408334517343064e+03
2.180056220311775862e-03 7.622533158110384647e+03
2.184076538051580793e-03 7.634673999891637322e+03
2.188104269799601674e-03 7.646830868163247032e+03
2.192139429228271916e-03 7.659003771187751227e+03
2.196182030035232630e-03 7.671192717187909693e+03
2.200232085943392910e-03 7.683397714346518114e+03
2.204289610700961490e-03 7.695618770806238899e+03
2.208354618081505294e-03 7.707855894669559348e+03
2.212427121883993666e-03 7.720109093963194027e+03
2.216507135932834372e-03 7.732378376490450137e+03
2.220594674077940381e-03 7.744663749953737351e+03
2.224689750194754588e-03 7.756965222012605409e+03
2.228792378184316601e-03 7.769282800283822326e+03
2.232902571973300471e-03 7.781616492341126104e+03
2.237020345514055888e-03 7.793966305715006456e+03
2.241145712784673241e-03 7.806332247892662963e+03
2.245278687789008763e-03 7.818714326317694940e+03
2.249419284556753058e-03 7.831112548390029588e+03
2.253567517143467962e-03 7.843526921465689156e+03
2.257723399630628611e-03 7.855957452856687269e+03
2.261886946125688490e-03 7.868404149830744245e+03
2.266058170762106760e-03 7.880867019611228898e+03
2.270237087699414607e-03 7.893346069376971172e+03
2.274423711123254709e-03 7.905841306262006583e+03
2.278618055245423303e-03 7.918352737355516183e+03
2.282820134303933501e-03 7.930880369701540985e+03
2.287029962563047383e-03 7.943424210298895559e+03
2.291247554313338448e-03 7.955984266100974310e+03
2.295472923871733247e-03 7.968560544015543201e+03
2.299706085581555183e-03 7.981153050904606971e+03
2.303947053812586965e-03 7.993761793584214502e+03
2.308195842961102261e-03 8.006386778824295106e+03
2.312452467449929890e-03 8.019028013348489367e+03
2.316716941728496747e-03 8.031685503833924486e+03
2.320989280272869448e-03 8.044359256875163737e+03
2.325269497585819370e-03 8.057049278831434094e+03
2.329557608196853886e-03 8.069755575952078289e+03
2.333853626662281845e-03 8.082478154437358171e+03
2.338157567565256074e-03 8.095217020438467443e+03
2.342469445515815013e-03 8.107972180057187870e+03
2.346789275150949934e-03 8.120743639345801057e+03
2.351117071134634865e-03 8.133531404306861987e+03
2.355452848157893811e-03 8.146335480893050772e+03
2.359796620938842387e-03 8.159155875006999850e+03
2.364148404222731620e-03 8.171992592500984756e+03
2.368508212782014302e-03 8.184845639176939585e+03
2.372876061416376216e-03 8.197715020786130481e+03
2.377251964952802488e-03 8.210600743029002842e+03
2.381635938245621389e-03 8.223502811555114022e+03
2.386027996176547702e-03 8.236421231962665843e+03
2.390428153654749078e-03 8.249356009798664672e+03
2.394836425616878994e-03 8.262307150558470312e+03
2.399252827027142237e-03 8.275274659685772349e+03
2.403677372877340013e-03 8.288258542572315491e+03
2.408110078186914173e-03 8.301258804557748590e+03
2.412550958003012707e-03 8.314275450929490034e+03
2.417000027400523568e-03 8.327308486922363954e+03
2.421457301482142326e-03 8.340357917718665703e+03
2.425922795378415101e-03 8.353423748447821708e+03
2.430396524247784105e-03 8.366505984166999042e+03
2.434878503276655722e-03 8.379604629699904763e+03
2.439368747679431740e-03 8.392719689716534049e+03
2.443867272698579604e-03 8.405851168830449751e+03
2.448374093604674482e-03 8.418999071599628223e+03
2.452889225696446539e-03 8.432163402526033678e+03
2.457412684300848155e-03 8.445344166055716414e+03
2.461944484773086889e-03 8.458541366578465386e+03
2.466484642496694860e-03 8.471755008427600842e+03
2.471033172883572993e-03 8.484985095879819710e+03
2.475590091374036978e-03 8.498231633155040981e+03
2.480155413436886235e-03 8.511494624416129227e+03
2.484729154569436868e-03 8.524774073768750895e+03
2.489311330297591923e-03 8.538069985261186957e+03
2.493901956175885188e-03 8.551382362884087343e+03
2.498501047787528902e-03 8.564711210570338153e+03
2.503108620744482274e-03 8.578056532194807005e+03
2.507724690687484874e-03 8.591418331574208423e+03
2.512349273286127761e-03 8.604796612466860097e+03
2.516982384238899018e-03 8.618191378572504618e+03
2.521624039273228420e-03 8.631602633532107575e+03
2.526274254145558125e-03 8.645030380927688384e+03
2.530933044641385608e-03 8.658474624282063814e+03
2.535600426575313534e-03 8.671935367058709744e+03
2.540276415791116547e-03 8.685412612659534716e+03
2.544961028161779430e-03 8.698906364309179480e+03
2.549654279589564764e-03 8.712416624992123616e+03
2.554356186006061930e-03 8.725943397615648792e+03
2.559066763372232645e-03 8.739486685024729013e+03
2.563786027678482526e-03 8.753046490001795974e+03
2.568513994944696208e-03 8.766622815266660837e+03
2.573250681220307610e-03 8.780215663476099508e+03
2.577996102584349802e-03 8.793825037223865365e+03
2.582750275145498375e-03 8.807450939040274534e+03
2.587513215042146469e-03 8.821093371392231347e+03
2.592284938442438163e-03 8.834752336682808163e+03
2.597065461544341338e-03 8.848427837251168967e+03
2.601854800575696246e-03 8.862119875372360184e+03
2.606652971794259747e-03 8.875828453256995999e+03
2.611459991487782070e-03 8.889553573051258354e+03
2.616275875974039770e-03 8.903295236836420372e+03
2.621100641600908158e-03 8.917053446628868187e+03
2.625934304746412040e-03 8.930828204379806266e+03
2.630776881818770382e-03 8.944619511975028217e+03
2.635628389256469174e-03 8.958427371234767634e+03
2.640488843528309565e-03 8.972251783913445252e+03
2.645358261133455135e-03 8.986092751699487053e+03
2.650236658601506923e-03 8.999950276215082340e+03
2.655124052492538120e-03 9.013824358996911542e+03
2.660020459397169097e-03 9.027715001329750521e+03
2.664925895936615108e-03 9.041622204326757128e+03
2.669840378762735299e-03 9.055545969030976266e+03
2.674763924558108165e-03 9.069486296416291225e+03
2.679696550036066247e-03 9.083443187387279977e+03
2.684638271940771592e-03 9.097416642778816822e+03
2.689589107047264758e-03 9.111406663356088757e+03
2.694549072161513386e-03 9.125413249814177107e+03
2.699518184120489397e-03 9.139436402778004776e+03
2.704496459792202386e-03 9.153476122801999736e+03
2.709483916075778112e-03 9.167532410369953141e+03
2.714480569901504912e-03 9.181605265894842887e+03
2.719486438230886600e-03 9.195694689718406153e+03
2.724501538056716202e-03 9.209800682111279457e+03
2.729525886403112809e-03 9.223923243272400214e+03
2.734559500325598348e-03 9.238062373329075854e+03
2.739602396911147882e-03 9.252218072336681871e+03
2.744654593278239053e-03 9.266390340278348958e+03
2.749716106576928411e-03 9.280579177064882970e+03
2.754786953988890008e-03 9.294784582534524816e+03
2.759867152727489559e-03 9.309006556452630321e+03
2.764956720037837785e-03 9.323245098511588367e+03
2.770055673196839853e-03 9.337500208297382414e+03
2.775164029513271704e-03 9.351771885107058552e+03
2.780281806327818215e-03 9.366060128076567707e+03
2.785409021013152131e-03 9.380364936265759752e+03
2.790545690973983070e-03 9.394686308658308917e+03
2.795691833647107830e-03 9.409024244161468232e+03
2.800847466501492789e-03 9.423378741605873074e+03
2.806012607038305129e-03 9.437749799745406563e+03
2.811187272790997838e-03 9.452137417256841218e+03
2.816371481325356113e-03 9.466541592739704356e+03
2.821565250239551140e-03 9.480962324715990690e+03
2.826768597164218150e-03 9.495399611630011350e+03
2.831981539762495458e-03 9.509853451848115583e+03
2.837204095730101652e-03 9.524323843658481564e+03
2.842436282795389804e-03 9.538810785270903580e+03
2.847678118719397782e-03 9.553314274816555553e+03
2.852929621295927608e-03 9.567834310347790961e+03
2.858190808351585357e-03 9.582370889837869981e+03
2.863461697745859659e-03 9.596924011180784873e+03
2.868742307371174166e-03 9.611493672191045334e+03
2.874032655152940902e-03 9.626079870603387462e+03
2.879332759049639187e-03 9.640682604072597314e+03
2.884642637052855108e-03 9.655301870155892175e+03
2.889962307187363046e-03 9.669937666134035680e+03
2.895291787511176419e-03 9.684589989081952808e+03
2.900631096115601892e-03 9.699258835989840009e+03
2.905980251125320907e-03 9.713944203764694976e+03
2.911339270698426115e-03 9.728646089230162033e+03
2.916708173026507245e-03 9.743364489126244735e+03
2.922086976334699673e-03 9.758099400109180351e+03
2.927475698881740369e-03 9.772850818751068800e+03
2.932874358960050297e-03 9.787618741539768962e+03
2.938282974895770842e-03 9.802403164878560347e+03
2.943701565048849680e-03 9.817204085086010309e+03
2.949130147813091955e-03 9.832021498395653907e+03
2.954568741616214050e-03 9.846855400955853838e+03
2.960017364919928593e-03 9.861705788829523954e+03
2.965476036219981751e-03 9.876572657993809116e+03
2.970944774046236497e-03 9.891456004340063373e+03
2.976423596962728124e-03 9.906355823673387931e+03
2.981912523567718017e-03 9.921272111712592960e+03
2.987411572493776056e-03 9.936204864089833791e+03
2.992920762407821813e-03 9.951154076350467221e+03
2.998440112011208254e-03 9.966119743952294812e+03
3.003969640039775950e-03 9.981101862162246107e+03
3.009509365263908151e-03 9.996100425922100840e+03
3.015059306488614057e-03 1.001111543005101339e+04
3.020619482553571749e-03 1.002614686927775256e+04
3.026189912333209723e-03 1.004119473824068882e+04
3.031770614736764569e-03 1.005625903148746875e+04
3.037361608708333445e-03 1.007133974347472940e+04
3.042962913226962985e-03 1.008643686856797831e+04
3.048574547306686158e-03 1.010155040104120599e+04
3.054196529996610308e-03 1.011668033507680775e+04
3.059828880380971797e-03 1.013182666476522900e+04
3.065471617579190646e-03 1.014698938410473966e+04
3.071124760745959879e-03 1.016216848700131777e+04
3.076788329071282815e-03 1.017736396726821295e+04
3.082462341780560673e-03 1.019257581862588449e+04
3.088146818134649817e-03 1.020780403470165402e+04
3.093841777429916402e-03 1.022304860902957262e+04
3.099547238998324409e-03 1.023830953504999889e+04
3.105263222207475544e-03 1.025358680610963529e+04
3.110989746460697709e-03 1.026888041546098430e+04
3.116726831197101817e-03 1.028419035625937795e+04
3.122474495891636864e-03 1.029951662141772431e+04
3.128232760055175369e-03 1.031485920354120935e+04
3.134001643234571918e-03 1.033021809512127766e+04
3.139781165012716941e-03 1.034559328855187596e+04
3.145571345008629088e-03 1.036098477612931310e+04
3.151372202877492090e-03 1.037639255005177802e+04
3.157183758310747566e-03 1.039181660241933969e+04
3.163006031036150970e-03 1.040725692523353246e+04
3.168839040817827968e-03 1.042271351039715228e+04
3.174682807456361607e-03 1.043818634971409119e+04
3.180537350788850432e-03 1.045367543488899355e+04
3.186402690688968330e-03 1.046918075752707773e+04
3.192278847067039124e-03 1.048470230913384876e+04
3.198165839870110733e-03 1.050024008111486182e+04
3.204063689082012421e-03 1.051579406477554585e+04
3.209972414723429816e-03 1.053136425132087425e+04
3.215892036851959561e-03 1.054695063185517756e+04
3.221822575562200384e-03 1.056255319738185790e+04
3.227764050985794300e-03 1.057817193880317609e+04
3.233716483291519846e-03 1.059380684691974966e+04
3.239679892685349335e-03 1.060945791232816009e+04
3.245654299410506531e-03 1.062512512526538012e+04
3.251639723747560759e-03 1.064080847582442766e+04
3.257636186014468103e-03 1.065650795399350318e+04
3.263643706566662916e-03 1.067222354965601880e+04
3.269662305797118966e-03 1.068795525259001442e+04
3.275692004136406248e-03 1.070370305246806493e+04
3.281732822052785530e-03 1.071946693885713830e+04
3.287784780052249983e-03 1.073524690121808635e+04
3.293847898678619289e-03 1.075104292890571742e+04
3.299922198513597759e-03 1.076685501116821433e+04
3.306007700176835477e-03 1.078268313714716169e+04
3.312104424326021979e-03 1.079852729587715476e+04
3.318212391656928748e-03 1.081438747628559031e+04
3.324331622903501596e-03 1.083026366719241196e+04
3.330462138837925277e-03 1.084615585730993007e+04
3.336603960270678564e-03 1.086206403524237430e+04
3.342757108050632697e-03 1.087798818948590997e+04
3.348921603065092584e-03 1.089392830842824333e+04
3.355097466239892641e-03 1.090988438033679267e+04
3.361284718539457941e-03 1.092585639316016022e+04
3.367483380966863633e-03 1.094184433455315593e+04
3.373693474563931646e-03 1.095784819205277927e+04
3.379915020411273629e-03 1.097386795308384535e+04
3.386148039628387226e-03 1.098990360495895220e+04
3.392392553373718093e-03 1.100595513487805874e+04
3.398648582844719310e-03 1.102202252992828289e+04
3.404916149277948962e-03 1.103810577708370693e+04
3.411195273949115675e-03 1.105420486320501550e+04
3.417485978173171856e-03 1.107031977503940288e+04
3.423788283304379180e-03 1.108645049922013459e+04
3.430102210736368003e-03 1.110259702226647096e+04
3.436427781902235377e-03 1.111875933058330702e+04
3.442765018274591016e-03 1.113493741046092691e+04
3.449113941365651841e-03 1.115113124807487293e+04
3.455474572727307465e-03 1.116734082948548166e+04
3.461846933951181343e-03 1.118356614063786037e+04
3.468231046668728348e-03 1.119980716736154136e+04
3.474626932551281178e-03 1.121606389536094321e+04
3.481034613310147931e-03 1.123233631002952097e+04
3.487454110696674558e-03 1.124862439645719132e+04
3.493885446502309911e-03 1.126492813960743297e+04
3.500328642558702026e-03 1.128124752432471723e+04
3.506783720737747124e-03 1.129758253533406059e+04
3.513250702951684588e-03 1.131393315724088461e+04
3.519729611153164621e-03 1.133029937453072307e+04
3.526220467335310256e-03 1.134668117156890730e+04
3.532723293531815807e-03 1.136307853260046977e+04
3.539238111816995439e-03 1.137949144174968205e+04
3.545764944305882481e-03 1.139591988302001664e+04
3.552303813154292309e-03 1.141236384029373403e+04
3.558854740558887834e-03 1.142882329733176448e+04
3.565417748757281416e-03 1.144529823777331876e+04
3.571992860028078663e-03 1.146178864513571898e+04
3.578580096690981219e-03 1.147829450281416575e+04
3.585179481106851810e-03 1.149481579408149446e+04
3.591791035677777567e-03 1.151135250208775687e+04
3.598414782847173671e-03 1.152790460978234660e+04
3.605050745099829326e-03 1.154447209970452786e+04
3.611698944962009241e-03 1.156105495420236184e+04
3.618359405001519979e-03 1.157765315549785737e+04
3.625032147827774148e-03 1.159426668568653986e+04
3.631717196091895777e-03 1.161089552673746039e+04
3.638414572486764129e-03 1.162753966049258270e+04
3.645124299747119073e-03 1.164419906866698511e+04
3.651846400649626581e-03 1.166087373284818568e+04
3.658580898012944206e-03 1.167756363449607852e+04
3.665327814697825169e-03 1.169426875494278283e+04
3.672087173607166497e-03 1.171098907539219545e+04
3.678858997686111805e-03 1.172772457691980890e+04
3.685643309922119817e-03 1.174447524047257866e+04
3.692440133345028120e-03 1.176124104686845021e+04
3.699249491027161146e-03 1.177802197679631536e+04
3.706071406083376145e-03 1.179481801081566300e+04
3.712905901671168570e-03 1.181162912935634267e+04
3.719753000990739297e-03 1.182845531263676094e+04
3.726612727285062276e-03 1.184529654047221447e+04
3.733485103839989487e-03 1.186215279248857223e+04
3.740370153984300811e-03 1.187902404817877323e+04
3.747267901089808544e-03 1.189591028690259373e+04
3.754178368571425058e-03 1.191281148788627979e+04
3.761101579887232618e-03 1.192972763022230538e+04
3.768037558538587899e-03 1.194665869286930683e+04
3.774986328070171863e-03 1.196360465465155357e+04
3.781947912070097312e-03 1.198056549425891717e+04
3.788922334169976536e-03 1.199754119024656393e+04
3.795909618044989407e-03 1.201453172103459656e+04
3.802909787413991799e-03 1.203153706490801414e+04
3.809922866039565457e-03 1.204855720001623013e+04
3.816948877728124686e-03 1.206559210437301590e+04
3.823987846329985740e-03 1.208264175585621888e+04
3.831039795739437075e-03 1.209970613220737141e+04
3.838104749894846474e-03 1.211678521101686965e+04
3.845182732778711782e-03 1.213387896950774666e+04
3.852273768417769761e-03 1.215098738458164371e+04
3.859377880883062013e-03 1.216811043299558332e+04
3.866495094290023447e-03 1.218524809136671865e+04
3.873625432798553838e-03 1.220240033617201334e+04
3.880768920613107166e-03 1.221956714374806324e+04
3.887925581982781820e-03 1.223674849029092366e+04
3.895095441201389553e-03 1.225394435185562361e+04
3.902278522607548726e-03 1.227115470435620227e+04
3.909474850584752394e-03 1.228837952356525966e+04
3.916684449561461112e-03 1.230561878511380382e+04
3.923907344011190977e-03 1.232287246449097256e+04
3.931143558452587783e-03 1.234014053704382968e+04
3.938393117449518095e-03 1.235742297797706124e+04
3.945656045611137773e-03 1.237471976235280272e+04
3.952932367591985643e-03 1.239203086509026980e+04
3.960222108092074575e-03 1.240935626095196130e+04
3.967525291856965203e-03 1.242669592434421065e+04
3.974841943677854400e-03 1.244404982936119450e+04
3.982172088391646401e-03 1.246141794994661905e+04
3.989515750881063826e-03 1.247880025989792557e+04
3.996872956074700584e-03 1.249619673286595571e+04
4.004243728947133769e-03 1.251360734235488962e+04
4.011628094518996518e-03 1.253103206172190585e+04
4.019026077857053465e-03 1.254847086417688661e+04
4.026437704074310037e-03 1.256592372278232506e+04
4.033862998330067090e-03 1.258339061045290327e+04
4.041301985830035408e-03 1.260087149995541586e+04
4.048754691826409423e-03 1.261836636390844069e+04
4.056221141617938342e-03 1.263587517478209338e+04
4.063701360550041504e-03 1.265339790489787083e+04
4.071195374014864761e-03 1.267093452642828925e+04
4.078703207451390630e-03 1.268848501139676409e+04
4.086224886345515492e-03 1.270604933159274151e+04
4.093760436230121577e-03 1.272362745836273098e+04
4.101309882685196667e-03 1.274121936283799914e+04
4.108873251337880929e-03 1.275882501599726493e+04
4.116450567862589213e-03 1.277644438866655764e+04
4.124041857981084781e-03 1.279407745151883864e+04
4.131647147462549560e-03 1.281172417507387036e+04
4.139266462123705574e-03 1.282938452969791615e+04
4.146899827828867853e-03 1.284705848560359118e+04
4.154547270490062394e-03 1.286474601284948403e+04
4.162208816067097285e-03 1.288244708134010762e+04
4.169884490567644236e-03 1.290016166082551899e+04
4.177574320047353074e-03 1.291788972090112657e+04
4.185278330609904646e-03 1.293563123100753910e+04
4.192996548407133990e-03 1.295338616043021830e+04
4.200728999639102325e-03 1.297115447829926779e+04
4.208475710554175110e-03 1.298893615353607311e+04
4.216236707449140010e-03 1.300673115464907460e+04
4.224012016669261536e-03 1.302453944991184289e+04
4.231801664608402479e-03 1.304236100743959651e+04
4.239605677709100233e-03 1.306019579518890532e+04
4.247424082462640527e-03 1.307804378095751781e+04
4.255256905409181452e-03 1.309590493238428462e+04
4.263104173137807242e-03 1.311377921694854012e+04
4.270965912286648833e-03 1.313166660197041710e+04
4.278842149542961930e-03 1.314956705461009005e+04
4.286732911643203331e-03 1.316748054186794616e+04
4.294638225373153227e-03 1.318540703058412510e+04
4.302558117567971581e-03 1.320334648743839898e+04
4.310492615112316954e-03 1.322129887894998319e+04
4.318441744940429775e-03 1.323926417147722350e+04
4.326405534036205196e-03 1.325724233121604993e+04
4.334384009433320598e-03 1.327523332402079723e+04
4.342377198215285894e-03 1.329323711522481062e+04
4.350385127515573637e-03 1.331125366995455261e+04
4.358407824517691008e-03 1.332928295317128686e+04
4.366445316455263952e-03 1.334732492967103099e+04
4.374497630612158607e-03 1.336537956408427817e+04
4.382564794322536816e-03 1.338344682087579531e+04
4.390646834970983632e-03 1.340152666434439016e+04
4.398743779992583640e-03 1.341961905862270760e+04
4.406855656873001625e-03 1.343772396767700229e+04
4.414982493148610077e-03 1.345584135530696039e+04
4.423124316406541225e-03 1.347397118514540489e+04
4.431281154284818016e-03 1.349211342065811550e+04
4.439453034472428707e-03 1.351026802514380506e+04
4.447639984709411860e-03 1.352843496173347921e+04
4.455842032786982120e-03 1.354661419339021450e+04
4.464059206547583113e-03 1.356480568290634983e+04
4.472291533885020161e-03 1.358300939290544738e+04
4.480539042744536606e-03 1.360122528584285828e+04
4.488801761122898810e-03 1.361945332400522966e+04
4.497079717068521061e-03 1.363769346951070474e+04
4.505372938681521076e-03 1.365594568430842082e+04
4.513681454113856184e-03 1.367420993017838009e+04
4.522005291569394445e-03 1.369248616873138235e+04
4.530344479304006591e-03 1.371077436140863028e+04
4.538699045625684859e-03 1.372907446948163852e+04
4.547069018894609772e-03 1.374738645405199895e+04
4.555454427523275042e-03 1.376571027605126801e+04
4.563855299976571703e-03 1.378404589624065011e+04
4.572271664771867042e-03 1.380239327521091036e+04
4.580703550479140775e-03 1.382075237298451248e+04
4.589150985721037086e-03 1.383912314790545861e+04
4.597613999173000808e-03 1.385750555778010494e+04
4.606092619563358082e-03 1.387589956023168088e+04
4.614586875673397891e-03 1.389430511269966155e+04
4.623096796337507371e-03 1.391272217244012063e+04
4.631622410443225583e-03 1.393115069652507918e+04
4.640163746931382296e-03 1.394959064184240015e+04
4.648720834796176045e-03 1.396804196509584835e+04
4.657293703085260000e-03 1.398650462280457032e+04
4.665882380899874678e-03 1.400497857130300872e+04
4.674486897394908649e-03 1.402346376674071325e+04
4.683107281779029518e-03 1.404196016508217144e+04
4.691743563314770653e-03 1.406046772210655581e+04
4.700395771318612720e-03 1.407898639345737320e+04
4.709063935161123329e-03 1.409751613599912343e+04
4.717748084267009943e-03 1.411605690798850810e+04
4.726448248115259522e-03 1.413460866759471173e+04
4.735164456239222656e-03 1.415317137281698706e+04
4.743896738226696837e-03 1.417174498148462408e+04
4.752645123720066096e-03 1.419032945125675360e+04
4.761409642416357391e-03 1.420892473962212171e+04
4.770190324067377641e-03 1.422753080389897150e+04
4.778987198479795265e-03 1.424614760123489941e+04
4.787800295515252068e-03 1.426477508860673152e+04
4.796629645090448243e-03 1.428341322282025430e+04
4.805475277177253396e-03 1.430206196051018560e+04
4.814337221802821899e-03 1.432072125814001447e+04
4.823215509049674429e-03 1.433939107199223690e+04
4.832110169055815058e-03 1.435807135697369995e+04
4.841021232014814518e-03 1.437676206543597982e+04
4.849948728175925566e-03 1.439546314926138803e+04
4.858892687844195736e-03 1.441417456014016170e+04
4.867853141380551474e-03 1.443289624957016349e+04
4.876830119201916100e-03 1.445162816885674147e+04
4.885823651781290473e-03 1.447037026911252178e+04
4.894833769647890902e-03 1.448912250125728679e+04
4.903860503387214194e-03 1.450788481601775857e+04
4.912903883641176438e-03 1.452665716392740251e+04
4.921963941108201471e-03 1.454543949532643273e+04
4.931040706543308484e-03 1.456423176036148107e+04
4.940134210758255137e-03 1.458303390898552971e+04
4.949244484621600007e-03 1.460184589095913907e+04
4.958371559058840500e-03 1.462066765592193951e+04
4.967515465052506525e-03 1.463949915342467284e+04
4.976676233642248967e-03 1.465834033283264034e+04
4.985853895924979330e-03 1.467719114331777928e+04
4.995048483054936525e-03 1.469605153385839731e+04
5.004260026243826515e-03 1.471492145323882505e+04
5.013488556760915121e-03 1.473380085004964712e+04
5.022734105933115631e-03 1.475268967268738015e+04
5.031996705145133642e-03 1.477158786935423996e+04
5.041276385839533851e-03 1.479049538805806151e+04
5.050573179516877967e-03 1.480941217661229166e+04
5.059887117735820117e-03 1.482833818263566900e+04
5.069218232113197921e-03 1.484727335355223840e+04
5.078566554324174739e-03 1.486621763660955912e+04
5.087932116102304725e-03 1.488517097899769760e+04
5.097314949239682876e-03 1.490413332777387586e+04
5.106715085587029170e-03 1.492310462980164448e+04
5.116132557053787444e-03 1.494208483175004039e+04
5.125567395608265041e-03 1.496107388009388160e+04
5.135019633277705664e-03 1.498007172111331965e+04
5.144489302148428159e-03 1.499907830089382696e+04
5.153976434365925390e-03 1.501809356532614947e+04
5.163481062134952712e-03 1.503711746010611205e+04
5.173003217719678894e-03 1.505614993073448932e+04
5.182542933443748563e-03 1.507519092251701659e+04
5.192100241690434000e-03 1.509424038056408608e+04
5.201675174902725338e-03 1.511329824968036883e+04
5.211267765583424243e-03 1.513236447236302047e+04
5.220878046295296566e-03 1.515143898900432214e+04
5.230506049661134797e-03 1.517052173971268894e+04
5.240151808363908113e-03 1.518961266437955601e+04
5.249815355146859527e-03 1.520871170267938760e+04
5.259496722813596960e-03 1.522781879406950065e+04
5.269195944228245027e-03 1.524693387778987380e+04
5.278913052315511827e-03 1.526605689286312918e+04
5.288648080060839862e-03 1.528518777809454878e+04
5.298401060510501449e-03 1.530432647207166519e+04
5.308172026771694994e-03 1.532347291316425435e+04
5.317961012012692446e-03 1.534262703952449738e+04
5.327768049462913019e-03 1.536178878930348583e+04
5.337593172413071518e-03 1.538095810401874223e+04
5.347436414215273742e-03 1.540013492793026671e+04
5.357297808283117101e-03 1.541931920520051244e+04
5.367177388091838933e-03 1.543851087980764169e+04
5.377075187178385896e-03 1.545770989554556400e+04
5.386991239141571824e-03 1.547691619602391438e+04
5.396925577642167071e-03 1.549612972466794054e+04
5.406878236403002587e-03 1.551535042471827728e+04
5.416849249209120844e-03 1.553457823923125034e+04
5.426838649907846958e-03 1.555381311107853617e+04
5.436846472408938744e-03 1.557305498294731842e+04
5.446872750684691664e-03 1.559230379734002418e+04
5.456917518770032505e-03 1.561155949577293904e+04
5.466980810762675502e-03 1.563082201512343090e+04
5.477062660823192597e-03 1.565009129052202115e+04
5.487163103175170427e-03 1.566936725687962098e+04
5.497282172105307473e-03 1.568864984888866820e+04
5.507419901963515538e-03 1.570793900102314910e+04
5.517576327163075008e-03 1.572723464753868211e+04
5.527751482180704237e-03 1.574653672247211944e+04
5.537945401556721749e-03 1.576584515964176171e+04
5.548158119895139906e-03 1.578515989264728705e+04
5.558389671863770733e-03 1.580448085486958371e+04
5.568640092194378569e-03 1.582380797947075371e+04
5.578909415682758999e-03 1.584314119938182193e+04
5.589197677188888908e-03 1.586248044700304126e+04
5.599504911637034031e-03 1.588182565418284139e+04
5.609831154015846970e-03 1.590117675253168090e+04
5.620176439378526782e-03 1.592053367343765603e+04
5.630540802842894446e-03 1.593989634806656250e+04
5.640924279591547248e-03 1.595926470736189913e+04
5.651326904871966338e-03 1.597863868204476785e+04
5.661748713996614737e-03 1.599801820261377361e+04
5.672189742343101276e-03 1.601740319934532090e+04
5.682650025354251712e-03 1.603679360229306985e+04
5.693129598538270927e-03 1.605618934128844194e+04
5.703628497468845281e-03 1.607559034595648336e+04
5.714146757785246687e-03 1.609499654675243437e+04
5.724684415192494817e-03 1.611440787559241289e+04
5.735241505461428219e-03 1.613382426433305409e+04
5.745818064428872586e-03 1.615324564462248782e+04
5.756414127997738772e-03 1.617267194790024769e+04
5.767029732137132075e-03 1.619210310539741113e+04
5.777664912882511834e-03 1.621153904813635199e+04
5.788319706335768623e-03 1.623097970693106254e+04
5.798994148665386449e-03 1.625042501238686782e+04
5.809688276106550302e-03 1.626987489490078588e+04
5.820402124961249375e-03 1.628932928466106205e+04
5.831135731598441861e-03 1.630878811160862824e+04
5.841889132454132147e-03 1.632825130410521706e+04
5.852662364031535613e-03 1.634771878859923709e+04
5.863455462901178382e-03 1.636719049121037824e+04
5.874268465701031755e-03 1.638666633783471116e+04
5.885101409136623239e-03 1.640614625414455440e+04
5.895954329981168383e-03 1.642563016558857635e+04
5.906827265075709557e-03 1.644511799739187336e+04
5.917720251329224371e-03 1.646460967455613354e+04
5.928633325718760984e-03 1.648410512185930929e+04
5.939566525289544791e-03 1.650360426385599567e+04
5.950519887155119800e-03 1.652310702487722301e+04
5.961493448497482209e-03 1.654261332902416689e+04
5.972487246567192293e-03 1.656212310011767113e+04
5.983501318683512316e-03 1.658163626172588192e+04
5.994535702234511480e-03 1.660115273719310426e+04
6.005590434677209044e-03 1.662067244964004931e+04
6.016665553537713096e-03 1.664019532196379078e+04
6.027761096411328109e-03 1.665972127683797225e+04
6.038877100962694588e-03 1.667925023671286181e+04
6.050013604925894885e-03 1.669878212381521007e+04
6.061170646104620599e-03 1.671831686014868319e+04
6.072348262372256715e-03 1.673785436749360088e+04
6.083546491672048133e-03 1.675739456739236994e+04
6.094765372017212426e-03 1.677693738018312797e+04
6.106004941491050865e-03 1.679648272440026267e+04
6.117265238247120152e-03 1.681603051820137625e+04
6.128546300509312220e-03 1.683558067950835539e+04
6.139848166572026839e-03 1.685513312600800054e+04
6.151170874800286105e-03 1.687468777515177862e+04
6.162514463629840261e-03 1.689424454415589571e+04
6.173878971567348974e-03 1.691380335000179548e+04
6.185264437190455926e-03 1.693336410943573719e+04
6.196670899147965761e-03 1.695292673896923588e+04
6.208098396159959440e-03 1.697249115488012467e+04
6.219546967017900059e-03 1.699205727416344234e+04
6.231016650584816734e-03 1.701162501633600186e+04
6.242507485795380055e-03 1.703119430119105164e+04
6.254019511656079035e-03 1.705076504830713020e+04
6.265552767245337329e-03 1.707033717704801529e+04
6.277107291713626865e-03 1.708991060656273476e+04
6.288683124283641311e-03 1.710948525578589033e+04
6.300280304250381949e-03 1.712906104343770858e+04
6.311898870981334612e-03 1.714863788802411364e+04
6.323538863916583312e-03 1.716821570783716743e+04
6.335200322568925596e-03 1.718779442095385093e+04
6.346883286524053827e-03 1.720737394438195042e+04
6.358587795440632379e-03 1.722695419246893289e+04
6.370313889050484117e-03 1.724653507890076435e+04
6.382061607158701425e-03 1.726611651713319588e+04
6.393830989643763292e-03 1.728569842039181458e+04
6.405622076457714864e-03 1.730528070167228725e+04
6.417434907626255042e-03 1.732486327374057510e+04
6.429269523248911690e-03 1.734444604913301737e+04
6.441125963499163935e-03 1.736402894015661514e+04
6.453004268624555791e-03 1.738361185888908585e+04
6.464904478946880036e-03 1.740319471715819964e+04
6.476826634862261484e-03 1.742277742522681365e+04
6.488770776841339127e-03 1.744235989100526058e+04
6.500736945429388437e-03 1.746194202197204140e+04
6.512725181246434118e-03 1.748152372536098119e+04
6.524735524987434858e-03 1.750110490816142556e+04
6.536768017422372665e-03 1.752068547711837164e+04
6.548822699396434147e-03 1.754026533873282096e+04
6.560899611830126738e-03 1.755984439926195773e+04
6.572998795719406200e-03 1.757942256471918517e+04
6.585120292135851830e-03 1.759899974087476949e+04
6.597264142226761871e-03 1.761857583353875089e+04
6.609430387215333054e-03 1.763815075086318757e+04
6.621619068400784631e-03 1.765772440215240567e+04
6.633830227158477207e-03 1.767729669650021970e+04
6.646063904940097480e-03 1.769686754277713771e+04
6.658320143273751927e-03 1.771643684963065971e+04
6.670598983764147206e-03 1.773600452548551766e+04
6.682900468092716796e-03 1.775557047854377743e+04
6.695224638017738088e-03 1.777513461678538079e+04
6.707571535374524940e-03 1.779469684796806541e+04
6.719941202075514416e-03 1.781425707960356158e+04
6.732333680110455000e-03 1.783381521758820963e+04
6.744749011546529761e-03 1.785337116546748803e+04
6.757187238528480390e-03 1.787292482637213106e+04
6.769648403278795412e-03 1.789247610319595697e+04
6.782132548097798662e-03 1.791202489859612251e+04
6.794639715363845305e-03 1.793157111499339226e+04
6.807169947533439798e-03 1.795111465457259328e+04
6.819723287141360793e-03 1.797065541928260427e+04
6.832299776800855422e-03 1.799019331083696306e+04
6.844899459203728637e-03 1.800972823071401945e+04
6.857522377120534030e-03 1.802926008011597514e+04
6.870168573400700467e-03 1.804878875989819062e+04
6.882838090972656121e-03 1.806831417066221547e+04
6.895530972844023630e-03 1.808783621277513521e+04
6.908247262101706830e-03 1.810735478636949847e+04
6.920987001912092852e-03 1.812686979134419744e+04
6.933750235521170084e-03 1.814638112736442781e+04
6.946537006254657406e-03 1.816588869386205988e+04
6.959347357518202819e-03 1.818539239003626062e+04
6.972181332797470175e-03 1.820489211485324995e+04
6.985038975658336945e-03 1.822438776677279384e+04
6.997920329747025180e-03 1.824387924320650927e+04
7.010825438790221215e-03 1.826336644117923788e+04
7.023754346595281230e-03 1.828284925747962188e+04
7.036707097050317120e-03 1.830232758866012591e+04
7.049683734124399456e-03 1.832180133103773187e+04
7.062684301867682389e-03 1.834127038069422269e+04
7.075708844411533749e-03 1.836073463347652068e+04
7.088757405968734542e-03 1.838019398499713498e+04
7.101830030833570888e-03 1.839964833063200058e+04
7.114926763382034385e-03 1.841909756521111194e+04
7.128047648071953943e-03 1.843854158271324923e+04
7.141192729443120689e-03 1.845798027680808082e+04
7.154362052117493528e-03 1.847741354092899564e+04
7.167555660799291954e-03 1.849684126827302316e+04
7.180773600275196407e-03 1.851626335180163005e+04
7.194015915414479247e-03 1.853567968424080391e+04
7.207282651169139194e-03 1.855509015808185723e+04
7.220573852574098221e-03 1.857449466558161294e+04
7.233889564747302166e-03 1.859389309874016180e+04
7.247229832889920224e-03 1.861328534891614981e+04
7.260594702286472454e-03 1.863267130688177349e+04
7.273984218304998042e-03 1.865205086316182496e+04
7.287398426397184541e-03 1.867142390804582828e+04
7.300837372098538738e-03 1.869079033158834136e+04
7.314301101028556663e-03 1.871015002360945073e+04
7.327789658890854554e-03 1.872950287369548096e+04
7.341303091473340599e-03 1.874884877119928206e+04
7.354841444648346771e-03 1.876818760524067329e+04
7.368404764372799703e-03 1.878751926444775017e+04
7.381993096688391556e-03 1.880684363627280254e+04
7.395606487721714459e-03 1.882616060771793855e+04
7.409244983684432247e-03 1.884547006554841209e+04
7.422908630873412301e-03 1.886477189629339773e+04
7.436597475670901625e-03 1.888406598624652543e+04
7.450311564544697708e-03 1.890335222146616070e+04
7.464050944048281240e-03 1.892263048777637232e+04
7.477815660820993048e-03 1.894190067076710329e+04
7.491605761588159863e-03 1.896116265575507350e+04
7.505421293161306830e-03 1.898041632735682288e+04
7.519262302438254643e-03 1.899966156965215851e+04
7.533128836403335526e-03 1.901889826648053713e+04
7.547020942127522468e-03 1.903812630144719151e+04
7.560938666768574935e-03 1.905734555792335959e+04
7.574882057571246177e-03 1.907655591904728135e+04
7.588851161867385571e-03 1.909575726772428607e+04
7.602846027076150259e-03 1.911494948662783645e+04
7.616866700704147397e-03 1.913413245818274663e+04
7.630913230345565991e-03 1.915330606407693995e+04
7.644985663682398944e-03 1.917247018519068297e+04
7.659084048484539331e-03 1.919162470213910638e+04
7.673208432609997243e-03 1.921076949530395359e+04
7.687358864005040295e-03 1.922990444483399915e+04
7.701535390704330672e-03 1.924902943064593637e+04
7.715738060831146307e-03 1.926814433242509403e+04
7.729966922597476288e-03 1.928724902962589840e+04
7.744222024304247241e-03 1.930634340146723116e+04
7.758503414341455170e-03 1.932542732670823534e+04
7.772811141188312040e-03 1.934450068356681368e+04
7.787145253413463482e-03 1.936356335000840045e+04
7.801505799675090280e-03 1.938261520376851695e+04
7.815892828721129545e-03 1.940165612235402295e+04
7.830306389389415228e-03 1.942068598304336410e+04
7.844746530607821233e-03 1.943970466288746320e+04
7.859213301394486068e-03 1.945871203871029138e+04
7.873706750857906514e-03 1.947770798707233189e+04
7.888226928197171819e-03 1.949669238326537379e+04
7.902773882702097269e-03 1.951566510119829036e+04
7.917347663753371637e-03 1.953462601448772330e+04
7.931948320822780965e-03 1.955357499651802937e+04
7.946575903473314384e-03 1.957251192044242998e+04
7.961230461359380950e-03 1.959143665918346233e+04
7.975912044226962302e-03 1.961034908543407801e+04
7.990620701913753177e-03 1.962924907165796321e+04
8.005356484349392121e-03 1.964813649012066890e+04
8.020119441555553438e-03 1.966701121319309095e+04
8.034909623646191781e-03 1.968587311322974347e+04
8.049727080827672257e-03 1.970472206236473721e+04
8.064571863398926552e-03 1.972355793250926581e+04
8.079444021751674976e-03 1.974238059535277353e+04
8.094343606370534017e-03 1.976118992236347185e+04
8.109270667833248791e-03 1.977998578478928539e+04
8.124225256810831824e-03 1.979876805365873952e+04
8.139207424067717439e-03 1.981753659932498704e+04
8.154217220461990739e-03 1.983629129024416034e+04
8.169254696945489960e-03 1.985503199426242645e+04
8.184319904564042389e-03 1.987375857900031770e+04
8.199412894457608347e-03 1.989247091185371755e+04
8.214533717860437317e-03 1.991116885999477017e+04
8.229682426101288251e-03 1.992985229037268437e+04
8.244859070603549264e-03 1.994852106971472313e+04
8.260063702885463155e-03 1.996717506452807720e+04
8.275296374560276585e-03 1.998581414112125640e+04
8.290557137336397944e-03 2.000443816560460982e+04
8.305846043017624594e-03 2.002304700387123739e+04
8.321163143503250426e-03 2.004164052159686253e+04
8.336508490788308717e-03 2.006021858424128732e+04
8.351882136963714384e-03 2.007878105704882182e+04
8.367284134216423572e-03 2.009732780504947732e+04
8.382714534829664374e-03 2.011585869305942106e+04
8.398173391183044387e-03 2.013437358524114097e+04
8.413660755752798773e-03 2.015287234430603348e+04
8.429176681111932509e-03 2.017135483253309940e+04
8.444721219930373043e-03 2.018982091198503986e+04
8.460294424975221828e-03 2.020827044450922767e+04
8.475896349110844524e-03 2.022670329173867503e+04
8.491527045299131216e-03 2.024511931509311398e+04
8.507186566599633445e-03 2.026351837577997503e+04
8.522874966169732489e-03 2.028190033469249101e+04
8.538592297264866599e-03 2.030026505186756549e+04
8.554338613238655908e-03 2.031861238688085723e+04
8.570113967543134884e-03 2.033694219909584353e+04
8.585918413728908447e-03 2.035525434766536273e+04
8.601752005445316776e-03 2.037354869153274922e+04
8.617614796440662556e-03 2.039182508943297216e+04
8.633506840562341078e-03 2.041008339989363230e+04
8.649428191757070963e-03 2.042832348115373316e+04
8.665378904071055488e-03 2.044654519040933519e+04
8.681359031650143915e-03 2.046474838416201237e+04
8.697368628740069149e-03 2.048293291869920722e+04
8.713407749686565701e-03 2.050109865010187423e+04
8.729476448935619484e-03 2.051924543424520743e+04
8.745574781033615269e-03 2.053737312680021932e+04
8.761702800627510154e-03 2.055548158323448661e+04
8.777860562465066019e-03 2.057357065875559056e+04
8.794048121394974424e-03 2.059164020771218929e+04
8.810265532367101207e-03 2.060969008383485561e+04
8.826512850432651283e-03 2.062772014064525501e+04
8.842790130744317828e-03 2.064573023146381820e+04
8.859097428556545958e-03 2.066372020941096707e+04
8.875434799225633345e-03 2.068168992740833710e+04
8.891802298209995625e-03 2.069963923818002877e+04
8.908199981070320794e-03 2.071756799414209672e+04
8.924627903469727064e-03 2.073547604656327530e+04
8.941086121174023071e-03 2.075336324603429239e+04
8.957574690051818903e-03 2.077122944294425542e+04
8.974093666074781095e-03 2.078907448748590832e+04
8.990643105317788764e-03 2.080689822965657731e+04
9.007223063959134829e-03 2.082470051925994267e+04
9.023833598280702958e-03 2.084248120590693725e+04
9.040474764668156651e-03 2.086024013882155123e+04
9.057146619611169958e-03 2.087797716612734803e+04
9.073849219703578398e-03 2.089569213549128835e+04
9.090582621643594069e-03 2.091338489438870238e+04
9.107346882233968710e-03 2.093105529010418104e+04
9.124142058382208806e-03 2.094870316973331501e+04
9.140968207100778550e-03 2.096632838018410985e+04
9.157825385507280258e-03 2.098393076817407928e+04
9.174713650824650388e-03 2.100151017976570802e+04
9.191633060381329545e-03 2.101906645992384802e+04
9.208583671611512284e-03 2.103659945332201460e+04
9.225565542055275473e-03 2.105410900444815707e+04
9.242578729358836773e-03 2.107159495760596110e+04
9.259623291274715964e-03 2.108905715691653677e+04
9.276699285661913624e-03 2.110649544631974641e+04
9.293806770486166130e-03 2.112390966950696384e+04
9.310945803820068825e-03 2.114129966915951809e+04
9.328116443843336228e-03 2.115866528722572912e+04
9.345318748842977238e-03 2.117600636546394162e+04
9.362552777213459937e-03 2.119332274545405380e+04
9.379818587456982201e-03 2.121061426859891435e+04
9.397116238183580994e-03 2.122788077612597044e+04
9.414445788111413388e-03 2.124512210908765701e+04
9.431807296066921364e-03 2.126233810794138844e+04
9.449200820984996613e-03 2.127952861192258206e+04
9.466626421909256350e-03 2.129669345993243041e+04
9.484084157992164754e-03 2.131383249069928934e+04
9.501574088495298373e-03 2.133094554278027499e+04
9.519096272789519600e-03 2.134803245456302830e+04
9.536650770355151879e-03 2.136509306426705007e+04
9.554237640782245120e-03 2.138212720985076157e+04
9.571856943770704063e-03 2.139913472832781190e+04
9.589508739130555431e-03 2.141611545616405056e+04
9.607193086782124872e-03 2.143306922965693593e+04
9.624910046756210424e-03 2.144999588494070122e+04
9.642659679194353142e-03 2.146689525798758405e+04
9.660442044348963725e-03 2.148376718460951088e+04
9.678257202583596605e-03 2.150061150042914232e+04
9.696105214373126890e-03 2.151742804009114843e+04
9.713986140303918632e-03 2.153421663719436037e+04
9.731900041074109317e-03 2.155097712513473743e+04
9.749846977493731304e-03 2.156770933715101637e+04
9.767827010484987638e-03 2.158441310632694876e+04
9.785840201082430731e-03 2.160108826559262161e+04
9.803886610433139304e-03 2.161773464772695661e+04
9.821966299796995939e-03 2.163435208539979794e+04
9.840079330546813718e-03 2.165094041120876500e+04
9.858225764168615513e-03 2.166749945761392883e+04
9.876405662261812657e-03 2.168402905693139473e+04
9.894619086539385364e-03 2.170052904133515767e+04
9.912866098828158543e-03 2.171699924285914676e+04
9.931146761068937109e-03 2.173343949339594474e+04
9.949461135316780072e-03 2.174984962360266218e+04
9.967809283741187881e-03 2.176622946120747292e+04
9.986191268626277637e-03 2.178257883335770384e+04
1.000460715237106064e-02 2.179889756705717446e+04
1.002305699748960201e-02 2.181518548916781219e+04
1.004154086661125655e-02 2.183144242641173696e+04
1.006005882248087527e-02 2.184766820537428794e+04
1.007861092795901518e-02 2.186386265309489318e+04
1.009719724602217011e-02 2.188002559807859143e+04
1.011581783976295799e-02 2.189615686897298656e+04
1.013447277239034987e-02 2.191225629430327899e+04
1.015316210722988499e-02 2.192832370247411745e+04
1.017188590772388074e-02 2.194435892177152709e+04
1.019064423743165984e-02 2.196036178035761623e+04
1.020943716002974642e-02 2.197633210458903704e+04
1.022826473931209672e-02 2.199226971689601487e+04
1.024712703919031069e-02 2.200817443906165136e+04
1.026602412369384543e-02 2.202404609274341055e+04
1.028495605697025451e-02 2.203988449947528352e+04
1.030392290328536672e-02 2.205568948067026213e+04
1.032292472702353928e-02 2.207146085764930103e+04
1.034196159268785040e-02 2.208719845311547761e+04
1.036103356490035085e-02 2.210290209190459791e+04
1.038014070840224436e-02 2.211857159893449716e+04
1.039928308805413218e-02 2.213420679902387201e+04
1.041846076883623171e-02 2.214980751689449244e+04
1.043767381584857941e-02 2.216537357717341365e+04
1.045692229431128585e-02 2.218090480420245876e+04
1.047620626956472130e-02 2.219640101910191515e+04
1.049552580706975685e-02 2.221186204035083574e+04
1.051488097240797781e-02 2.222728768625256271e+04
1.053427183128191093e-02 2.224267777501022283e+04
1.055369844951526206e-02 2.225803212472927771e+04
1.057316089305310874e-02 2.227335055341966290e+04
1.059265922796214301e-02 2.228863287906481855e+04
1.061219352043089523e-02 2.230387891992328150e+04
1.063176383676995088e-02 2.231908849429210386e+04
1.065137024341219867e-02 2.233426142038387115e+04
1.067101280691301786e-02 2.234939751632919069e+04
1.069069159395053328e-02 2.236449660017921997e+04
1.071040667132583390e-02 2.237955848990226150e+04
1.073015810596319314e-02 2.239458300292423155e+04
1.074994596491031518e-02 2.240956995577609268e+04
1.076977031533853449e-02 2.242451916483195600e+04
1.078963122454306735e-02 2.243943044639474101e+04
1.080952875994322868e-02 2.245430361669880585e+04
1.082946298908265582e-02 2.246913849191233749e+04
1.084943397962956704e-02 2.248393488783683279e+04
1.086944179937694883e-02 2.249869261764008843e+04
1.088948651624281616e-02 2.251341149312597190e+04
1.090956819827042582e-02 2.252809132602133104e+04
1.092968691362853489e-02 2.254273192798862874e+04
1.094984273061159509e-02 2.255733311062862776e+04
1.097003571764000596e-02 2.257189468548812511e+04
1.099026594326034389e-02 2.258641646446023151e+04
1.101053347614559461e-02 2.260089826006110161e+04
1.103083838509539248e-02 2.261533988482292989e+04
1.105118073903624092e-02 2.262974115123269075e+04
1.107156060702175343e-02 2.264410187173420127e+04
1.109197805823288786e-02 2.265842185873117705e+04
1.111243316197817535e-02 2.267270092431751254e+04
1.113292598769398054e-02 2.268693887918226028e+04
1.115345660494470106e-02 2.270113553354784017e+04
1.117402508342302259e-02 2.271529069760191851e+04
1.119463149295015642e-02 2.272940418150062033e+04
1.121527590347606851e-02 2.274347579537073761e+04
1.123595838507973621e-02 2.275750534908496047e+04
1.125667900796935988e-02 2.277149264928332923e+04
1.127743784248261272e-02 2.278543750020729931e+04
1.129823495908688358e-02 2.279933970601106557e+04
1.131907042837950600e-02 2.281319907081945712e+04
1.133994432108802533e-02 2.282701539873133515e+04
1.136085670807039302e-02 2.284078849384555360e+04
1.138180766031524765e-02 2.285451816127822894e+04
1.140279724894213004e-02 2.286820420755647865e+04
1.142382554520173996e-02 2.288184643930276798e+04
1.144489262047618076e-02 2.289544466313449448e+04
1.146599854627918143e-02 2.290899868566671284e+04
1.148714339425636020e-02 2.292250831351292436e+04
1.150832723618544842e-02 2.293597335282615313e+04
1.152955014397656457e-02 2.294939360875872808e+04
1.155081218967242418e-02 2.296276888633754425e+04
1.157211344544860007e-02 2.297609899059867166e+04
1.159345398361377039e-02 2.298938372659052402e+04
1.161483387660995625e-02 2.300262289937468086e+04
1.163625319701278200e-02 2.301581631220341660e+04
1.165771201753170068e-02 2.302896376306491220e+04
1.167921041101025424e-02 2.304206504900766231e+04
1.170074845042631817e-02 2.305511996708956212e+04
1.172232620889234259e-02 2.306812831438134162e+04
1.174394375965562461e-02 2.308108988797039274e+04
1.176560117609852345e-02 2.309400448656037406e+04
1.178729853173873104e-02 2.310687191398914729e+04
1.180903590022951144e-02 2.311969197515448832e+04
1.183081335535995579e-02 2.313246447500096110e+04
1.185263097105524431e-02 2.314518921852226413e+04
1.187448882137687005e-02 2.315786601076323132e+04
1.189638698052291298e-02 2.317049465451046490e+04
1.191832552282828112e-02 2.318307494582635991e+04
1.194030452276496207e-02 2.319560667958133126e+04
1.196232405494229711e-02 2.320808965068980979e+04
1.198438419410720150e-02 2.322052365411305072e+04
1.200648501514443335e-02 2.323290848487113180e+04
1.202862659307685732e-02 2.324524393977275395e+04
1.205080900306567705e-02 2.325752981957887823e+04
1.207303232041072663e-02 2.326976592565320243e+04
1.209529662055068219e-02 2.328195205943689507e+04
1.211760197906334297e-02 2.329408802245217885e+04
1.213994847166588453e-02 2.330617361625155900e+04
1.216233617421512772e-02 2.331820863965568424e+04
1.218476516270776758e-02 2.333019288742555000e+04
1.220723551328065093e-02 2.334212615407112389e+04
1.222974730221103486e-02 2.335400823418574510e+04
1.225230060591683476e-02 2.336583892244981689e+04
1.227489550095690711e-02 2.337761801381687837e+04
1.229753206403127672e-02 2.338934530643091057e+04
1.232021037198141947e-02 2.340102060112564504e+04
1.234293050179051908e-02 2.341264369892756440e+04
1.236569253058371516e-02 2.342421440098014500e+04
1.238849653562840158e-02 2.343573250854742946e+04
1.241134259433444159e-02 2.344719782199537076e+04
1.243423078425445923e-02 2.345861013524505688e+04
1.245716118308409434e-02 2.346996923973529556e+04
1.248013386866226627e-02 2.348127492701387018e+04
1.250314891897145488e-02 2.349252698874780253e+04
1.252620641213793122e-02 2.350372521673931624e+04
1.254930642643205252e-02 2.351486940630503159e+04
1.257244904026851018e-02 2.352595936095317666e+04
1.259563433220660215e-02 2.353699488551899776e+04
1.261886238095051745e-02 2.354797578500035161e+04
1.264213326534956681e-02 2.355890186456073207e+04
1.266544706439847595e-02 2.356977292889702221e+04
1.268880385723764916e-02 2.358058877203060183e+04
1.271220372315342781e-02 2.359134917904961912e+04
1.273564674157838875e-02 2.360205393490472852e+04
1.275913299209157324e-02 2.361270282469346421e+04
1.278266255441878364e-02 2.362329563366459115e+04
1.280623550843284011e-02 2.363383215133292106e+04
1.282985193415387901e-02 2.364431218315525985e+04
1.285351191174958704e-02 2.365473553857029037e+04
1.287721552153549623e-02 2.366510202722570102e+04
1.290096284397524926e-02 2.367541145898210016e+04
1.292475395968086839e-02 2.368566364327097472e+04
1.294858894941306078e-02 2.369585837587532660e+04
1.297246789408143877e-02 2.370599543943093522e+04
1.299639087474483562e-02 2.371607461621304901e+04
1.302035797261156570e-02 2.372609568868088900e+04
1.304436926903969861e-02 2.373605843948264737e+04
1.306842484553735230e-02 2.374596265450570354e+04
1.309252478376294639e-02 2.375580812975015215e+04
1.311666916552548662e-02 2.376559466345085821e+04
1.314085807278485285e-02 2.377532205407307993e+04
1.316509158765205925e-02 2.378499010031658327e+04
1.318936979238956829e-02 2.379459860007031602e+04
1.321369276941151798e-02 2.380414733968419023e+04
1.323806060128404280e-02 2.381363609832802103e+04
1.326247337072553739e-02 2.382306465527575347e+04
1.328693116060693236e-02 2.383243279002501004e+04
1.331143405395200825e-02 2.384174028232240380e+04
1.333598213393762631e-02 2.385098691338506251e+04
1.336057548389404936e-02 2.386017246657900978e+04
1.338521418730520031e-02 2.386929672568053866e+04
1.340989832780898477e-02 2.387835947471834515e+04
1.343462798919752184e-02 2.388736049797774103e+04
1.345940325541746148e-02 2.389629958112403619e+04
1.348422421057026907e-02 2.390517651400868272e+04
1.350909093891248906e-02 2.391399108761904427e+04
1.353400352485607111e-02 2.392274309322645058e+04
1.355896205296861293e-02 2.393143232239066492e+04
1.358396660797367081e-02 2.394005856616442543e+04
1.360901727475104239e-02 2.394862161004234076e+04
1.363411413833704941e-02 2.395712123721128955e+04
1.365925728392485168e-02 2.396555723114053399e+04
1.368444679686469864e-02 2.397392937559779966e+04
1.370968276266423813e-02 2.398223745540092932e+04
1.373496526698881476e-02 2.399048126637966925e+04
1.376029439566173358e-02 2.399866061270111095e+04
1.378567023466460012e-02 2.400677529906949349e+04
1.381109287013755627e-02 2.401482513053814910e+04
1.383656238837960295e-02 2.402280991201736106e+04
1.386207887584889331e-02 2.403072943531345300e+04
1.388764241916300851e-02 2.403858347787310049e+04
1.391325310509929081e-02 2.404637181672707811e+04
1.393891102059508467e-02 2.405409422923992315e+04
1.396461625274806814e-02 2.406175049331714035e+04
1.399036888881654422e-02 2.406934039673469670e+04
1.401616901621971500e-02 2.407686374108099699e+04
1.404201672253802685e-02 2.408432032934351810e+04
1.406791209551340634e-02 2.409170996489900062e+04
1.409385522304960024e-02 2.409903245143760068e+04
1.411984619321245311e-02 2.410628758759672564e+04
1.414588509423023686e-02 2.411347516357608038e+04
1.417197201449390577e-02 2.412059496915949057e+04
1.419810704255742607e-02 2.412764679452569180e+04
1.422429026713807089e-02 2.413463043024786020e+04
1.425052177711671163e-02 2.414154566691475702e+04
1.427680166153815107e-02 2.414839229488269120e+04
1.430313000961137664e-02 2.415517010486203071e+04
1.432950691070990386e-02 2.416187888798200584e+04
1.435593245437205567e-02 2.416851843572811413e+04
1.438240673030127814e-02 2.417508853632918544e+04
1.440892982836645790e-02 2.418158897295044881e+04
1.443550183860219105e-02 2.418801952873899791e+04
1.446212285120911968e-02 2.419437998727687955e+04
1.448879295655422506e-02 2.420067013293357013e+04
1.451551224517113117e-02 2.420688976193876442e+04
1.454228080776044131e-02 2.421303868471267197e+04
1.456909873518999823e-02 2.421911671297174689e+04
1.459596611849522767e-02 2.422512365892007074e+04
1.462288304887943667e-02 2.423105933422037924e+04
1.464984961771411201e-02 2.423692353231715606e+04
1.467686591653926710e-02 2.424271603086530013e+04
1.470393203706370742e-02 2.424843660745065426e+04
1.473104807116536533e-02 2.425408504013727361e+04
1.475821411089161227e-02 2.425966110902269793e+04
1.478543024845955373e-02 2.426516460963313511e+04
1.481269657625638655e-02 2.427059534635780801e+04
1.484001318683965225e-02 2.427595312420121263e+04
1.486738017293759428e-02 2.428123774869580666e+04
1.489479762744944785e-02 2.428644902348694086e+04
1.492226564344579197e-02 2.429158674070265261e+04
1.494978431416881665e-02 2.429665068925898595e+04
1.497735373303266983e-02 2.430164065860509072e+04
1.500497399362376791e-02 2.430655643873818190e+04
1.503264518970110972e-02 2.431139782260763968e+04
1.506036741519661479e-02 2.431616460947170708e+04
1.508814076421540785e-02 2.432085659999459676e+04
1.511596533103616059e-02 2.432547359540997422e+04
1.514384121011140907e-02 2.433001539743225658e+04
1.517176849606786428e-02 2.433448180576133018e+04
1.519974728370676598e-02 2.433887261782530913e+04
1.522777766800415336e-02 2.434318763149295773e+04
1.525585974411122758e-02 2.434742664522609266e+04
1.528399360735465881e-02 2.435158945798712011e+04
1.531217935323690021e-02 2.435567586859485891e+04
1.534041707743655572e-02 2.435968567613320920e+04
1.536870687580864543e-02 2.436361868029903781e+04
1.539704884438496645e-02 2.436747468140981073e+04
1.542544307937441204e-02 2.437125348036855939e+04
1.545388967716329262e-02 2.437495487860684807e+04
1.548238873431568956e-02 2.437857867817785882e+04
1.551094034757373452e-02 2.438212468177820119e+04
1.553954461385797896e-02 2.438559269274620965e+04
1.556820163026770461e-02 2.438898251494371652e+04
1.559691149408124790e-02 2.439229395278027005e+04
1.562567430275637118e-02 2.439552681132815997e+04
1.565449015393052812e-02 2.439868089633177442e+04
1.568335914542124190e-02 2.440175601404324698e+04
1.571228137522642093e-02 2.440475197071885123e+04
1.574125694152471097e-02 2.440766857313383298e+04
1.577028594267579353e-02 2.441050562875812830e+04
1.579936847722074322e-02 2.441326294556516950e+04
1.582850464388236081e-02 2.441594032718125527e+04
1.585769454156549588e-02 2.441853757258283076e+04
1.588693826935741460e-02 2.442105448120107758e+04
1.591623592652809116e-02 2.442349085318691141e+04
1.594558761253057552e-02 2.442584649132237246e+04
1.597499342700132302e-02 2.442812120696034617e+04
1.600445346976052050e-02 2.443031481421069839e+04
1.603396784081246099e-02 2.443242712793162718e+04
1.606353664034583864e-02 2.443445796365549540e+04
1.609315996873411647e-02 2.443640713614381093e+04
1.612283792653585943e-02 2.443827445954150608e+04
1.615257061449506051e-02 2.444005974871449507e+04
1.618235813354153285e-02 2.444176281930266123e+04
1.621220058479119416e-02 2.444338348586165739e+04
1.624209806954642760e-02 2.444492155854568773e+04
1.627205068929644602e-02 2.444637684740642726e+04
1.630205854571761120e-02 2.444774916329393818e+04
1.633212174067380854e-02 2.444903831772888589e+04
1.636224037621675231e-02 2.445024412183798268e+04
1.639241455458636393e-02 2.445136638692817360e+04
1.642264437821110840e-02 2.445240492512326091e+04
1.645292994970833783e-02 2.445335954962542746e+04
1.648327137188465921e-02 2.445423008464921804e+04
1.651366874773625010e-02 2.445501636875717304e+04
1.654412218044924027e-02 2.445571824229384583e+04
1.657463177340003438e-02 2.445633554645504046e+04
1.660519763015570055e-02 2.445686811141031649e+04
1.663581985447427913e-02 2.445731573034211760e+04
1.666649855030515742e-02 2.445767818978440118e+04
1.669723382178942006e-02 2.445795527714682612e+04
1.672802577326019599e-02 2.445814678789876416e+04
1.675887450924304703e-02 2.445825257253518066e+04
1.678978013445625930e-02 2.445827250714819456e+04
1.682074275381124917e-02 2.445820646885886890e+04
1.685176247241290670e-02 2.445805433284543324e+04
1.688283939555992874e-02 2.445781592118736444e+04
1.691397362874523178e-02 2.445749100859626560e+04
1.694516527765625377e-02 2.445707936901198627e+04
1.697641444817533235e-02 2.445658077780868189e+04
1.700772124638007601e-02 2.445599504335128950e+04
1.703908577854370068e-02 2.445532202590899760e+04
1.707050815113542869e-02 2.445456159123699399e+04
1.710198847082080448e-02 2.445371360602741333e+04
1.713352684446208668e-02 2.445277792792048058e+04
1.716512337911860198e-02 2.445175438871348888e+04
1.719677818204709552e-02 2.445064281673824735e+04
1.722849136070214032e-02 2.444944304130969977e+04
1.726026302273644258e-02 2.444815489218003859e+04
1.729209327600124066e-02 2.444677819774338059e+04
1.732398222854666936e-02 2.444531278676816510e+04
1.735592998862210690e-02 2.444375848903228325e+04
1.738793666467659121e-02 2.444211513768352597e+04
1.742000236535912877e-02 2.444038258169826440e+04
1.745212719951909353e-02 2.443856067681812419e+04
1.748431127620658429e-02 2.443664927982458539e+04
1.751655470467283066e-02 2.443464824791584033e+04
1.754885759437051218e-02 2.443255743402531516e+04
1.758122005495415738e-02 2.443037668942808887e+04
1.761364219628051841e-02 2.442810586643091301e+04
1.764612412840892847e-02 2.442574481616318371e+04
1.767866596160170417e-02 2.442329336648832032e+04
1.771126780632447870e-02 2.442075133141060360e+04
1.774392977324661461e-02 2.441811852581217681e+04
1.777665197324155427e-02 2.441539476907890275e+04
1.780943451738719804e-02 2.441257992444495176e+04
1.784227751696632058e-02 2.440967388541263063e+04
1.787518108346688311e-02 2.440667654713454976e+04
1.790814532858246363e-02 2.440358780323468091e+04
1.794117036421261427e-02 2.440040751409630320e+04
1.797425630246322556e-02 2.439713551707280931e+04
1.800740325564697403e-02 2.439377165015405626e+04
1.804061133628361013e-02 2.439031575343093937e+04
1.807388065710040584e-02 2.438676767990856024e+04
1.810721133103251196e-02 2.438312729165908604e+04
1.814060347122334327e-02 2.437939445205540687e+04
1.817405719102498790e-02 2.437556902686762260e+04
1.820757260399854735e-02 2.437165089603576780e+04
1.824114982391454934e-02 2.436763994843887849e+04
1.827478896475333292e-02 2.436353607422251662e+04
1.830849014070543013e-02 2.435933915896754479e+04
1.834225346617196842e-02 2.435504904214722046e+04
1.837607905576502804e-02 2.435066554116576299e+04
1.840996702430806181e-02 2.434618847450366593e+04
1.844391748683625251e-02 2.434161767742573647e+04
1.847793055859696040e-02 2.433695308029169610e+04
1.851200635505004591e-02 2.433219464970075205e+04
1.854614499186830329e-02 2.432734235346589048e+04
1.858034658493784227e-02 2.432239613125116739e+04
1.861461125035846972e-02 2.431735580245966776e+04
1.864893910444413369e-02 2.431222115632784698e+04
1.868333026372324263e-02 2.430699198347242418e+04
1.871778484493911640e-02 2.430166810759799046e+04
1.875230296505035407e-02 2.429624943816308223e+04
1.878688474123124674e-02 2.429073589975133291e+04
1.882153029087219043e-02 2.428512741811028536e+04
1.885623973158003994e-02 2.427942391519827652e+04
1.889101318117853562e-02 2.427362530600773243e+04
1.892585075770871275e-02 2.426773150603531030e+04
1.896075257942926931e-02 2.426174243099899832e+04
1.899571876481702393e-02 2.425565797539132109e+04
1.903074943256724896e-02 2.424947801334202813e+04
1.906584470159412154e-02 2.424320241943025394e+04
1.910100469103111209e-02 2.423683107003711848e+04
1.913622952023136953e-02 2.423036384707997422e+04
1.917151930876818955e-02 2.422380063603979215e+04
1.920687417643534081e-02 2.421714132376507405e+04
1.924229424324751594e-02 2.421038580347170137e+04
1.927777962944073400e-02 2.420353399040708609e+04
1.931333045547273600e-02 2.419658580648397401e+04
1.934894684202342896e-02 2.418954117499418498e+04
1.938462890999524679e-02 2.418240002531498612e+04
1.942037678051358740e-02 2.417516229703828867e+04
1.945619057492721168e-02 2.416782793206150018e+04
1.949207041480869804e-02 2.416039687140991373e+04
1.952801642195478582e-02 2.415286901879722063e+04
1.956402871838683680e-02 2.414524424640861253e+04
1.960010742635123412e-02 2.413752242681908683e+04
1.963625266831979521e-02 2.412970344507109985e+04
1.967246456699021928e-02 2.412178725052889786e+04
1.970874324528644472e-02 2.411377381619452353e+04
1.974508882635910706e-02 2.410566311623064030e+04
1.978150143358595181e-02 2.409745509436641805e+04
1.981798119057223695e-02 2.408914962987950639e+04
1.985452822115120128e-02 2.408074659535789033e+04
1.989114264938441484e-02 2.407224587066928143e+04
1.992782459956223690e-02 2.406364742593642950e+04
1.996457419620424265e-02 2.405495130219335988e+04
2.000139156405963264e-02 2.404615754361819199e+04
2.003827682810768035e-02 2.403726615396037596e+04
2.007523011355811723e-02 2.402827696247888889e+04
2.011225154585158381e-02 2.401918975371668057e+04
2.014934125066004944e-02 2.401000431707896132e+04
2.018649935388723560e-02 2.400072057164383659e+04
2.022372598166906343e-02 2.399133860699138677e+04
2.026102126037405624e-02 2.398185852552592405e+04
2.029838531660376963e-02 2.397228040649165632e+04
2.033581827719323568e-02 2.396260416488234841e+04
2.037332026921138614e-02 2.395282964843613809e+04
2.041089141996149658e-02 2.394295670708060061e+04
2.044853185698159576e-02 2.393298526132227562e+04
2.048624170804490968e-02 2.392291535611790459e+04
2.052402110116028841e-02 2.391274705047848693e+04
2.056187016457267092e-02 2.390248039225830871e+04
2.059978902676348061e-02 2.389211532444628028e+04
2.063777781645107293e-02 2.388165173790748304e+04
2.067583666259118977e-02 2.387108952505391790e+04
2.071396569437736548e-02 2.386042861788543451e+04
2.075216504124142297e-02 2.384966902299067806e+04
2.079043483285383798e-02 2.383881075670820428e+04
2.082877519912423175e-02 2.382785383723589257e+04
2.086718627020178740e-02 2.381679828760485543e+04
2.090566817647570089e-02 2.380564413393499126e+04
2.094422104857565289e-02 2.379439140238996697e+04
2.098284501737218352e-02 2.378304001828043329e+04
2.102154021397719189e-02 2.377158973878487450e+04
2.106030676974436633e-02 2.376004030705829427e+04
2.109914481626961810e-02 2.374839155442720585e+04
2.113805448539156709e-02 2.373664383265853030e+04
2.117703590919193732e-02 2.372479768745928959e+04
2.121608921999602881e-02 2.371285364703195955e+04
2.125521455037317556e-02 2.370081167927183560e+04
2.129441203313717570e-02 2.368867110170709930e+04
2.133368180134678077e-02 2.367643119815828322e+04
2.137302398830609809e-02 2.366409152593744875e+04
2.141243872756506961e-02 2.365165260792227491e+04
2.145192615291991595e-02 2.363911518175660603e+04
2.149148639841360134e-02 2.362647992641036399e+04
2.153111959833629852e-02 2.361374680772634747e+04
2.157082588722580851e-02 2.360091531794309412e+04
2.161060539986804294e-02 2.358798494601322454e+04
2.165045827129747150e-02 2.357495540921704378e+04
2.169038463679761122e-02 2.356182682080711311e+04
2.173038463190143585e-02 2.354859933501318665e+04
2.177045839239186154e-02 2.353527313275659981e+04
2.181060605430221178e-02 2.352184851698386046e+04
2.185082775391666843e-02 2.350832582744669344e+04
2.189112362777076090e-02 2.349470537332830645e+04
2.193149381265178249e-02 2.348098701996067757e+04
2.197193844559929346e-02 2.346717030486123986e+04
2.201245766390556510e-02 2.345325476486647676e+04
2.205305160511605508e-02 2.343924026712455452e+04
2.209372040702990009e-02 2.342512722987194866e+04
2.213446420770031828e-02 2.341091612446247018e+04
2.217528314543514012e-02 2.339660733965038526e+04
2.221617735879724206e-02 2.338220094397818320e+04
2.225714698660502880e-02 2.336769693007100068e+04
2.229819216793292938e-02 2.335309528520591994e+04
2.233931304211181704e-02 2.333839593430811146e+04
2.238050974872951571e-02 2.332359877003528527e+04
2.242178242763127882e-02 2.330870369227350966e+04
2.246313121892022646e-02 2.329371074356588360e+04
2.250455626295789699e-02 2.327862011623275612e+04
2.254605770036462870e-02 2.326343201053680605e+04
2.258763567202010450e-02 2.324814657944865030e+04
2.262929031906378563e-02 2.323276388047436558e+04
2.267102178289545286e-02 2.321728396122726554e+04
2.271283020517561937e-02 2.320170688525953665e+04
2.275471572782604424e-02 2.318603277208362852e+04
2.279667849303020771e-02 2.317026175557391980e+04
2.283871864323378659e-02 2.315439394898331011e+04
2.288083632114518151e-02 2.313842930967443681e+04
2.292303166973593334e-02 2.312236772848910914e+04
2.296530483224125396e-02 2.310620912741707070e+04
2.300765595216049120e-02 2.308995383498691081e+04
2.305008517325762840e-02 2.307360247531060668e+04
2.309259263956179101e-02 2.305715566114953253e+04
2.313517849536768367e-02 2.304061346484431488e+04
2.317784288523612457e-02 2.302397534012970209e+04
2.322058595399451725e-02 2.300724071499989805e+04
2.326340784673733633e-02 2.299040944317861795e+04
2.330630870882666530e-02 2.297348211657317006e+04
2.334928868589261630e-02 2.295645940080639411e+04
2.339234792383388176e-02 2.293934181784826069e+04
2.343548656881820624e-02 2.292212951872887788e+04
2.347870476728287914e-02 2.290482259665482343e+04
2.352200266593526892e-02 2.288742106915214026e+04
2.356538041175326031e-02 2.286992466599631007e+04
2.360883815198580246e-02 2.285233305184311757e+04
2.365237603415338077e-02 2.283464604393894115e+04
2.369599420604852694e-02 2.281686424511587393e+04
2.373969281573634973e-02 2.279898851352194106e+04
2.378347201155497567e-02 2.278101959186787280e+04
2.382733194211610409e-02 2.276295741419241313e+04
2.387127275630547552e-02 2.274480156957467989e+04
2.391529460328343723e-02 2.272655170540483232e+04
2.395939763248536997e-02 2.270820798958307569e+04
2.400358199362224304e-02 2.268977086938223511e+04
2.404784783668111742e-02 2.267124076899366992e+04
2.409219531192563490e-02 2.265261781002044881e+04
2.413662456989658367e-02 2.263390192101581488e+04
2.418113576141232846e-02 2.261509305704185317e+04
2.422572903756937956e-02 2.259619156051335085e+04
2.427040454974288552e-02 2.257719805815593281e+04
2.431516244958714310e-02 2.255811315580483279e+04
2.436000288903615932e-02 2.253893701568207325e+04
2.440492602030407826e-02 2.251966944157164835e+04
2.444993199588577429e-02 2.250031024547931884e+04
2.449502096855733779e-02 2.248085952715182430e+04
2.454019309137658172e-02 2.246131763366312225e+04
2.458544851768362099e-02 2.244168491750018438e+04
2.463078740110130962e-02 2.242196166818771962e+04
2.467620989553582014e-02 2.240214812000397797e+04
2.472171615517714666e-02 2.238224450409559358e+04
2.476730633449961486e-02 2.236225100939758704e+04
2.481298058826246142e-02 2.234216778835799778e+04
2.485873907151028503e-02 2.232199499853645102e+04
2.490458193957361538e-02 2.230173288146364575e+04
2.495050934806943704e-02 2.228138174839954445e+04
2.499652145290169949e-02 2.226094190721674022e+04
2.504261841026189303e-02 2.224041357209999478e+04
2.508880037662951368e-02 2.221979688612420068e+04
2.513506750877264259e-02 2.219909200542949111e+04
2.518141996374843872e-02 2.217829925479711528e+04
2.522785789890374247e-02 2.215741907347772212e+04
2.527438147187552678e-02 2.213645185984570344e+04
2.532099084059147298e-02 2.211539757138932691e+04
2.536768616327050516e-02 2.209425591071906092e+04
2.541446759842331399e-02 2.207302670470823796e+04
2.546133530485294311e-02 2.205171077828861962e+04
2.550828944165525400e-02 2.203030943338961515e+04
2.555533016821950887e-02 2.200882377523446848e+04
2.560245764422890841e-02 2.198725369617629258e+04
2.564967202966112261e-02 2.196559863104602118e+04
2.569697348478887020e-02 2.194385814442896663e+04
2.574436217018040776e-02 2.192203238574202624e+04
2.579183824670010228e-02 2.190012167285171745e+04
2.583940187550898965e-02 2.187812638778244946e+04
2.588705321806528126e-02 2.185604712397580079e+04
2.593479243612498847e-02 2.183388451857232940e+04
2.598261969174238059e-02 2.181163924053323717e+04
2.603053514727058509e-02 2.178931203421805549e+04
2.607853896536214272e-02 2.176690364294824758e+04
2.612663130896952096e-02 2.174441403429333513e+04
2.617481234134573856e-02 2.172184190785117607e+04
2.622308222604483388e-02 2.169918591867126815e+04
2.627144112692248248e-02 2.167644661281988738e+04
2.631988920813651753e-02 2.165362665099328660e+04
2.636842663414750224e-02 2.163072861005794039e+04
2.641705356971931623e-02 2.160775236653427419e+04
2.646577017991964820e-02 2.158469578274582454e+04
2.651457663012061691e-02 2.156155702406190903e+04
2.656347308599928125e-02 2.153833698581899444e+04
2.661245971353828552e-02 2.151503786444818616e+04
2.666153667902631391e-02 2.149166152949533353e+04
2.671070414905873588e-02 2.146820833596491502e+04
2.675996229053813694e-02 2.144467820567927265e+04
2.680931127067488415e-02 2.142107105660925663e+04
2.685875125698774027e-02 2.139738679270166904e+04
2.690828241730435638e-02 2.137362531962267531e+04
2.695790491976189293e-02 2.134978665077655387e+04
2.700761893280758524e-02 2.132587096169408323e+04
2.705742462519928129e-02 2.130187846762432673e+04
2.710732216600609049e-02 2.127780984344086028e+04
2.715731172460886939e-02 2.125366616574239015e+04
2.720739347070084274e-02 2.122944848647871913e+04
2.725756757428817595e-02 2.120515756419692116e+04
2.730783420569053710e-02 2.118079401427405173e+04
2.735819353554172495e-02 2.115635823350838837e+04
2.740864573479016852e-02 2.113184975067558480e+04
2.745919097469956549e-02 2.110726788578442938e+04
2.750982942684944421e-02 2.108261252294803126e+04
2.756056126313573273e-02 2.105788466440338743e+04
2.761138665577140758e-02 2.103308542315660816e+04
2.766230577728697945e-02 2.100821544579523470e+04
2.771331880053114899e-02 2.098327490270486669e+04
2.776442589867136879e-02 2.095826397178859042e+04
2.781562724519442281e-02 2.093318307437095064e+04
2.786692301390706825e-02 2.090803275653233504e+04
2.791831337893655243e-02 2.088281355203227577e+04
2.796979851473123391e-02 2.085752594561354636e+04
2.802137859606118261e-02 2.083217040781965625e+04
2.807305379801879400e-02 2.080674720957457976e+04
2.812482429601932676e-02 2.078125628319045791e+04
2.817669026580153432e-02 2.075569757917453535e+04
2.822865188342826501e-02 2.073007182045187074e+04
2.828070932528703105e-02 2.070438034233803410e+04
2.833286276809066778e-02 2.067862433181210145e+04
2.838511238887785407e-02 2.065280405754671301e+04
2.843745836501376800e-02 2.062691946708831165e+04
2.848990087419066633e-02 2.060097067696467639e+04
2.854244009442848465e-02 2.057495818836321268e+04
2.859507620407549314e-02 2.054888255182878129e+04
2.864780938180882044e-02 2.052274423258727984e+04
2.870063980663510594e-02 2.049654361204340239e+04
2.875356765789111382e-02 2.047028108709582739e+04
2.880659311524430208e-02 2.044395718229123304e+04
2.885971635869350946e-02 2.041757247417579492e+04
2.891293756856947589e-02 2.039112746219923065e+04
2.896625692553550860e-02 2.036462245452183561e+04
2.901967461058807540e-02 2.033805775560846087e+04
2.907319080505741879e-02 2.031143424831049924e+04
2.912680569060822205e-02 2.028475339058778991e+04
2.918051944924013666e-02 2.025801634890294008e+04
2.923433226328845877e-02 2.023122231171788735e+04
2.928824431542474335e-02 2.020436970769946856e+04
2.934225578865739051e-02 2.017745812490695243e+04
2.939636686633234630e-02 2.015048969352542190e+04
2.945057773213361971e-02 2.012346680408163593e+04
2.950488857008397997e-02 2.009639065436770034e+04
2.955929956454553947e-02 2.006926144775622743e+04
2.961381090022044069e-02 2.004207928692321366e+04
2.966842276215140781e-02 2.001484393493176321e+04
2.972313533572241290e-02 1.998755506433518531e+04
2.977794880665930732e-02 1.996021292636426369e+04
2.983286336103042891e-02 1.993281870221913778e+04
2.988787918524729234e-02 1.990537356431454100e+04
2.994299646606514084e-02 1.987787777290044323e+04
2.999821539058363309e-02 1.985033105849143612e+04
3.005353614624746081e-02 1.982273359408209217e+04
3.010895892084698364e-02 1.979508689287258312e+04
3.016448390251890224e-02 1.976739266974522616e+04
3.022011127974683423e-02 1.973965163744493111e+04
3.027584124136199761e-02 1.971186350146829864e+04
3.033167397654383882e-02 1.968402816454384083e+04
3.038760967482066061e-02 1.965614681207702597e+04
3.044364852607033683e-02 1.962822103648430857e+04
3.049979072052083975e-02 1.960025130140240071e+04
3.055603644875097558e-02 1.957223624358898451e+04
3.061238590169100202e-02 1.954417465619763243e+04
3.066883927062325627e-02 1.951606822854272104e+04
3.072539674718287664e-02 1.948792019110810361e+04
3.078205852335835768e-02 1.945973253231056515e+04
3.083882479149225794e-02 1.943150412827783293e+04
3.089569574428184875e-02 1.940323349574135500e+04
3.095267157477973527e-02 1.937492086394292710e+04
3.100975247639458851e-02 1.934656780463055475e+04
3.106693864289171089e-02 1.931817573506321060e+04
3.112423026839374399e-02 1.928974539052349064e+04
3.118162754738129996e-02 1.926127732749960705e+04
3.123913067469369018e-02 1.923277154499974858e+04
3.129673984552948374e-02 1.920422744367947234e+04
3.135445525544724998e-02 1.917564492429023812e+04
3.141227710036618298e-02 1.914702657001943226e+04
3.147020557656676765e-02 1.911837575052764441e+04
3.152824088069149794e-02 1.908969334898534362e+04
3.158638320974546665e-02 1.906097679462538508e+04
3.164463276109707318e-02 1.903222383447546963e+04
3.170298973247870356e-02 1.900343597073151977e+04
3.176145432198736879e-02 1.897461622418437037e+04
3.182002672808543348e-02 1.894576666996899075e+04
3.187870714960122642e-02 1.891688776347129169e+04
3.193749578572974146e-02 1.888797974798715950e+04
3.199639283603332440e-02 1.885904243446023611e+04
3.205539850044232530e-02 1.883007542381166786e+04
3.211451297925582704e-02 1.880107870033103245e+04
3.217373647314226981e-02 1.877205302208519788e+04
3.223306918314013808e-02 1.874299926465064345e+04
3.229251131065868224e-02 1.871391856953422393e+04
3.235206305747855005e-02 1.868481222716107368e+04
3.241172462575254987e-02 1.865568154312560000e+04
3.247149621800625441e-02 1.862652786162919801e+04
3.253137803713870152e-02 1.859735234836036398e+04
3.259137028642314360e-02 1.856815417046860239e+04
3.265147316950765127e-02 1.853893125542939379e+04
3.271168689041591138e-02 1.850968296439729966e+04
3.277201165354780288e-02 1.848041220211560358e+04
3.283244766368016015e-02 1.845112222586628195e+04
3.289299512596745301e-02 1.842181429156937520e+04
3.295365424594251524e-02 1.839248833811171789e+04
3.301442522951716918e-02 1.836314423037854431e+04
3.307530828298298198e-02 1.833378170196143037e+04
3.313630361301195260e-02 1.830440055542838672e+04
3.319741142665718486e-02 1.827500166571149384e+04
3.325863193135368545e-02 1.824558662139611988e+04
3.331996533491892593e-02 1.821615650031926270e+04
3.338141184555364765e-02 1.818671105939731569e+04
3.344297167184255570e-02 1.815725000340428596e+04
3.350464502275497802e-02 1.812777487475937596e+04
3.356643210764567037e-02 1.809828842040489326e+04
3.362833313625540610e-02 1.806879227069799163e+04
3.369034831871178109e-02 1.803928526546610374e+04
3.375247786552987989e-02 1.800976601633232713e+04
3.381472198761300424e-02 1.798023528131490821e+04
3.387708089625342256e-02 1.795069517288657516e+04
3.393955480313302214e-02 1.792114699238558387e+04
3.400214392032405858e-02 1.789159010691087315e+04
3.406484846028989821e-02 1.786202384993462329e+04
3.412766863588567734e-02 1.783245006508326696e+04
3.419060466035914181e-02 1.780287207765888525e+04
3.425365674735122296e-02 1.777329154540779564e+04
3.431682511089687027e-02 1.774370647740935237e+04
3.438010996542570363e-02 1.771411475618758777e+04
3.444351152576285297e-02 1.768451751867111670e+04
3.450703000712955493e-02 1.765491768460558524e+04
3.457066562514395092e-02 1.762531725159079724e+04
3.463441859582182952e-02 1.759571635712405259e+04
3.469828913557731348e-02 1.756611496494325547e+04
3.476227746122366458e-02 1.753651343792844636e+04
3.482638378997394979e-02 1.750691234314367102e+04
3.489060833944180456e-02 1.747731264141682550e+04
3.495495132764218221e-02 1.744771600837440565e+04
3.501941297299205474e-02 1.741812387329015837e+04
3.508399349431125941e-02 1.738853527660655891e+04
3.514869311082309544e-02 1.735894820175664063e+04
3.521351204215516367e-02 1.732936286466363526e+04
3.527845050834008123e-02 1.729978316716618428e+04
3.534350872981623093e-02 1.727021275981387225e+04
3.540868692742855928e-02 1.724065136681829972e+04
3.547398532242922176e-02 1.721109710743237156e+04
3.553940413647842245e-02 1.718154925213809111e+04
3.560494359164512179e-02 1.715200880757313280e+04
3.567060391040779987e-02 1.712247695485876102e+04
3.573638531565527521e-02 1.709295509248972303e+04
3.580228803068732923e-02 1.706344469159576693e+04
3.586831227921557369e-02 1.703394703801643118e+04
3.593445828536417225e-02 1.700446316368016778e+04
3.600072627367056910e-02 1.697499385319624344e+04
3.606711646908637020e-02 1.694553862959668550e+04
3.613362909697794695e-02 1.691609660080640606e+04
3.620026438312729661e-02 1.688666775261080693e+04
3.626702255373277783e-02 1.685725321215587246e+04
3.633390383540992946e-02 1.682785425265779850e+04
3.640090845519217133e-02 1.679847254361001615e+04
3.646803664053159533e-02 1.676910984949116391e+04
3.653528861929976335e-02 1.673976693320313279e+04
3.660266461978843588e-02 1.671044331103093282e+04
3.667016487071043246e-02 1.668113876069209437e+04
3.673778960120029080e-02 1.665185478906083154e+04
3.680553904081512034e-02 1.662259340599297866e+04
3.687341341953538632e-02 1.659335522656194371e+04
3.694141296776561750e-02 1.656413915129685120e+04
3.700953791633532219e-02 1.653494441052839829e+04
3.707778849649961961e-02 1.650577244960861935e+04
3.714616493994011420e-02 1.647662538332518670e+04
3.721466747876566589e-02 1.644750416592425972e+04
3.728329634551315330e-02 1.641840829147662589e+04
3.735205177314834812e-02 1.638933754423410574e+04
3.742093399506658119e-02 1.636029377739572192e+04
3.748994324509360987e-02 1.633127949413888564e+04
3.755907975748639521e-02 1.630229561954249584e+04
3.762834376693389993e-02 1.627334095156872718e+04
3.769773550855792105e-02 1.624441448238578960e+04
3.776725521791380463e-02 1.621551725849161448e+04
3.783690313099131314e-02 1.618665108146995226e+04
3.790667948421539563e-02 1.615781740657368209e+04
3.797658451444699962e-02 1.612901716410724657e+04
3.804661845898391070e-02 1.610025110882804438e+04
3.811678155556148806e-02 1.607151907923307590e+04
3.818707404235350406e-02 1.604282052058226509e+04
3.825749615797296305e-02 1.601415576890749981e+04
3.832804814147293404e-02 1.598552680762875207e+04
3.839873023234730010e-02 1.595693559688846290e+04
3.846954267053159793e-02 1.592838227521885347e+04
3.854048569640385752e-02 1.589986597558628455e+04
3.861155955078536539e-02 1.587138649169313612e+04
3.868276447494158055e-02 1.584294524017207368e+04
3.875410071058283529e-02 1.581454383625541959e+04
3.882556849986520953e-02 1.578618340010607426e+04
3.889716808539137038e-02 1.575786467984128649e+04
3.896889971021134935e-02 1.572958822455326845e+04
3.904076361782345822e-02 1.570135392399430748e+04
3.911276005217497603e-02 1.567316155036146483e+04
3.918488925766309972e-02 1.564501163471021391e+04
3.925715147913570735e-02 1.561690554022864308e+04
3.932954696189220473e-02 1.558884449017194493e+04
3.940207595168440657e-02 1.556082868756144489e+04
3.947473869471727903e-02 1.553285797434381857e+04
3.954753543764984169e-02 1.550493284134908208e+04
3.962046642759598641e-02 1.547705494392708715e+04
3.969353191212528914e-02 1.544922592915069981e+04
3.976673213926394668e-02 1.542144606902544547e+04
3.984006735749548445e-02 1.539371476053914012e+04
3.991353781576169324e-02 1.536603175867847312e+04
3.998714376346342719e-02 1.533839808889502638e+04
4.006088545046147809e-02 1.531081503061197509e+04
4.013476312707744270e-02 1.528328345825213546e+04
4.020877704409450693e-02 1.525580375024118075e+04
4.028292745275834780e-02 1.522837626943202486e+04
4.035721460477795924e-02 1.520100152069217256e+04
4.043163875232656107e-02 1.517368007467492680e+04
4.050620014804238306e-02 1.514641251673608531e+04
4.058089904502954620e-02 1.511919948102311719e+04
4.065573569685895089e-02 1.509204160350563143e+04
4.073071035756908875e-02 1.506493943951188339e+04
4.080582328166698636e-02 1.503789345243487151e+04
4.088107472412896154e-02 1.501090408137299346e+04
4.095646494040156710e-02 1.498397162977633161e+04
4.103199418640243040e-02 1.495709633167452193e+04
4.110766271852109299e-02 1.493027862280900990e+04
4.118347079361999591e-02 1.490351963243654245e+04
4.125941866903519439e-02 1.487682062113775100e+04
4.133550660257732934e-02 1.485018233325825713e+04
4.141173485253247383e-02 1.482360472197333911e+04
4.148810367766301438e-02 1.479708771569278542e+04
4.156461333720855994e-02 1.477063190116633996e+04
4.164126409088676067e-02 1.474423837345746688e+04
4.171805619889423083e-02 1.471790807657736696e+04
4.179498992190740919e-02 1.469164092535655254e+04
4.187206552108346108e-02 1.466543642380430174e+04
4.194928325806120128e-02 1.463929448733615027e+04
4.202664339496189200e-02 1.461321639419882922e+04
4.210414619439020040e-02 1.458720369075479721e+04
4.218179191943507295e-02 1.456125736473541474e+04
4.225958083367059581e-02 1.453537737392394229e+04
4.233751320115700101e-02 1.450956356849247095e+04
4.241558928644141580e-02 1.448381594867622698e+04
4.249380935455884106e-02 1.445813468721872232e+04
4.257217367103301869e-02 1.443252001431258577e+04
4.265068250187741689e-02 1.440697290007714764e+04
4.272933611359602118e-02 1.438149487718074488e+04
4.280813477318427818e-02 1.435608732574912756e+04
4.288707874813003917e-02 1.433075017992540052e+04
4.296616830641438595e-02 1.430548259879772922e+04
4.304540371651269237e-02 1.428028394310657677e+04
4.312478524739534608e-02 1.425515491179398668e+04
4.320431316852878234e-02 1.423009673436936646e+04
4.328398774987637920e-02 1.420511041815146928e+04
4.336380926189932483e-02 1.418019586165975124e+04
4.344377797555765836e-02 1.415535261075772905e+04
4.352389416231101232e-02 1.413058054555025774e+04
4.360415809411968130e-02 1.410588101695962905e+04
4.368457004344547534e-02 1.408125577287107080e+04
4.376513028325263593e-02 1.405670606548663818e+04
4.384583908700885602e-02 1.403223111295935814e+04
4.392669672868607794e-02 1.400782960747579637e+04
4.400770348276151350e-02 1.398350068936213938e+04
4.408885962421852517e-02 1.395924542989849760e+04
4.417016542854757671e-02 1.393506541913103138e+04
4.425162117174723936e-02 1.391096200694446816e+04
4.433322713032499668e-02 1.388693537394230952e+04
4.441498358129826463e-02 1.386298533195046184e+04
4.449689080219532133e-02 1.383911174398855655e+04
4.457894907105621612e-02 1.381531480856597045e+04
4.466115866643382420e-02 1.379159485802007839e+04
4.474351986739463077e-02 1.376795221990720347e+04
4.482603295351977185e-02 1.374438719722996029e+04
4.490869820490596409e-02 1.372090007785533817e+04
4.499151590216651786e-02 1.369749114787984945e+04
4.507448632643216990e-02 1.367416071028424085e+04
4.515760975935211030e-02 1.365090908261316690e+04
4.524088648309494698e-02 1.362773657798520981e+04
4.532431678034960776e-02 1.360464337893394259e+04
4.540790093432640201e-02 1.358162947003747104e+04
4.549163922875787414e-02 1.355869481873126097e+04
4.557553194789979584e-02 1.353583954331485074e+04
4.565957937653217918e-02 1.351306423480372541e+04
4.574378179996015786e-02 1.349036957223294121e+04
4.582813950401509739e-02 1.346775615444002324e+04
4.591265277505538617e-02 1.344522397917528178e+04
4.599732189996754567e-02 1.342277275888470285e+04
4.608214716616712558e-02 1.340040221087329155e+04
4.616712886159970303e-02 1.337811223817990140e+04
4.625226727474193028e-02 1.335590297087764702e+04
4.633756269460238830e-02 1.333377455155193456e+04
4.642301541072262755e-02 1.331172718906445152e+04
4.650862571317818800e-02 1.328976135525372592e+04
4.659439389257948733e-02 1.326787758296534957e+04
4.668032024007297276e-02 1.324607637904248804e+04
4.676640504734190518e-02 1.322435781707055139e+04
4.685264860660749708e-02 1.320272157844390313e+04
4.693905121062983549e-02 1.318116733178367576e+04
4.702561315270888109e-02 1.315969489531879481e+04
4.711233472668555772e-02 1.313830468011898847e+04
4.719921622694259189e-02 1.311699724217750918e+04
4.728625794840561614e-02 1.309577312322117359e+04
4.737346018654411961e-02 1.307463245622648901e+04
4.746082323737255831e-02 1.305357484172549266e+04
4.754834739745119471e-02 1.303259984627877566e+04
4.763603296388722180e-02 1.301170706135008550e+04
4.772388023433573462e-02 1.299089629856331703e+04
4.781188950700072243e-02 1.297016749224320301e+04
4.790006108063616513e-02 1.294952057802268791e+04
4.798839525454692834e-02 1.292895559854558996e+04
4.807689232858985279e-02 1.290847307136064956e+04
4.816555260317475357e-02 1.288807364236262038e+04
4.825437637926541928e-02 1.286775795244598339e+04
4.834336395838073619e-02 1.284752627024186404e+04
4.843251564259554859e-02 1.282737785084304778e+04
4.852183173454178988e-02 1.280731178127203566e+04
4.861131253740950953e-02 1.278732715570496839e+04
4.870095835494782366e-02 1.276742347226168931e+04
4.879076949146610165e-02 1.274760112622284578e+04
4.888074625183481264e-02 1.272786063187257605e+04
4.897088894148668436e-02 1.270820249931126273e+04
4.906119786641769537e-02 1.268862702890777837e+04
4.915167333318810200e-02 1.266913402111474352e+04
4.924231564892356250e-02 1.264972320370264424e+04
4.933312512131605293e-02 1.263039430580575936e+04
4.942410205862500516e-02 1.261114704007616820e+04
4.951524676967829913e-02 1.259198105755511278e+04
4.960655956387334531e-02 1.257289599718903082e+04
4.969804075117816022e-02 1.255389149983411698e+04
4.978969064213233792e-02 1.253496723532002216e+04
4.988150954784816710e-02 1.251612307750762920e+04
4.997349778001163728e-02 1.249735899228443122e+04
5.006565565088360453e-02 1.247867494594630807e+04
5.015798347330071433e-02 1.246007089934926626e+04
5.025048156067653260e-02 1.244154663473683104e+04
5.034315022700261433e-02 1.242310172023712039e+04
5.043598978684953049e-02 1.240473571350276507e+04
5.052900055536802687e-02 1.238644817458496800e+04
5.062218284828997467e-02 1.236823871971718108e+04
5.071553698192950849e-02 1.235010723571978633e+04
5.080906327318408106e-02 1.233205369349130160e+04
5.090276203953554568e-02 1.231407806393803548e+04
5.099663359905128729e-02 1.229618031594757849e+04
5.109067827038518694e-02 1.227836023070926603e+04
5.118489637277878757e-02 1.226061725274333912e+04
5.127928822606235559e-02 1.224295079428804274e+04
5.137385415065594957e-02 1.222536027080514941e+04
5.146859446757059281e-02 1.220784510560213675e+04
5.156350949840923098e-02 1.219040484933378684e+04
5.165859956536789088e-02 1.217303918960989904e+04
5.175386499123680456e-02 1.215574782240244713e+04
5.184930609940142238e-02 1.213853044526360281e+04
5.194492321384365507e-02 1.212138675447251808e+04
5.204071665914278277e-02 1.210431637760681951e+04
5.213668676047670397e-02 1.208731887116069083e+04
5.223283384362296944e-02 1.207039379058262057e+04
5.232915823495988550e-02 1.205354069368137425e+04
5.242566026146772834e-02 1.203675913987095373e+04
5.252234025072968771e-02 1.202004863715198007e+04
5.261919853093308813e-02 1.200340860694572257e+04
5.271623543087045061e-02 1.198683846534701843e+04
5.281345127994070687e-02 1.197033763155259476e+04
5.291084640815017781e-02 1.195390552783544263e+04
5.300842114611377387e-02 1.193754160025292185e+04
5.310617582505611223e-02 1.192124540419544610e+04
5.320411077681259232e-02 1.190501653141259521e+04
5.330222633383067260e-02 1.188885457577607303e+04
5.340052282917077953e-02 1.187275913324890462e+04
5.349900059650758433e-02 1.185672980035567707e+04
5.359765997013110628e-02 1.184076604847983072e+04
5.369650128494780211e-02 1.182486713041820258e+04
5.379552487648183584e-02 1.180903228068904718e+04
5.389473108087603631e-02 1.179326073779560647e+04
5.399412023489313928e-02 1.177755174419174000e+04
5.409369267591693231e-02 1.176190454795651203e+04
5.419344874195335116e-02 1.174631846732869417e+04
5.429338877163174953e-02 1.173079290999911427e+04
5.439351310420586366e-02 1.171532729240115623e+04
5.449382207955509594e-02 1.169992103392185709e+04
5.459431603818563905e-02 1.168457355687807285e+04
5.469499532123157232e-02 1.166928428606332091e+04
5.479586027045618007e-02 1.165405257514957157e+04
5.489691122825291619e-02 1.163887762378260231e+04
5.499814853764668082e-02 1.162375861552726565e+04
5.509957254229493756e-02 1.160869473805779489e+04
5.520118358648891388e-02 1.159368518312389642e+04
5.530298201515480155e-02 1.157872914651758219e+04
5.540496817385482525e-02 1.156382583166979930e+04
5.550714240878849154e-02 1.154897448277351759e+04
5.560950506679370603e-02 1.153417436916655060e+04
5.571205649534809179e-02 1.151942476405200250e+04
5.581479704256998159e-02 1.150472494420315161e+04
5.591772705721970160e-02 1.149007418993606188e+04
5.602084688870075102e-02 1.147547178508230536e+04
5.612415688706094002e-02 1.146091699645041808e+04
5.622765740299370124e-02 1.144640895335315872e+04
5.633134878783910976e-02 1.143194673003884418e+04
5.643523139358519458e-02 1.141752940506949926e+04
5.653930557286907660e-02 1.140315606149547421e+04
5.664357167897818290e-02 1.138882578682268650e+04
5.674803006585152354e-02 1.137453767298072853e+04
5.685268108808073234e-02 1.136029081534114266e+04
5.695752510091139920e-02 1.134608429380857706e+04
5.706256246024421497e-02 1.133191717396665081e+04
5.716779352263618580e-02 1.131778852516211555e+04
5.727321864530193762e-02 1.130369742121566196e+04
5.737883818611477088e-02 1.128964294039310880e+04
5.748465250360796502e-02 1.127562416537710124e+04
5.759066195697599977e-02 1.126164018323990422e+04
5.769686690607571389e-02 1.124769007962089563e+04
5.780326771142766523e-02 1.123377289319614283e+04
5.790986473421717851e-02 1.121988764043254923e+04
5.801665833629567753e-02 1.120603334226361039e+04
5.812364888018185793e-02 1.119220902429828857e+04
5.823083672906302632e-02 1.117841371679599433e+04
5.833822224679619667e-02 1.116464645464202476e+04
5.844580579790938091e-02 1.115090627732439134e+04
5.855358774760285184e-02 1.113719222693374832e+04
5.866156846175032274e-02 1.112350328421944505e+04
5.876974830690031432e-02 1.110983835508256743e+04
5.887812765027723022e-02 1.109619634588803819e+04
5.898670685978271711e-02 1.108257616824277284e+04
5.909548630399685809e-02 1.106897673897413006e+04
5.920446635217945647e-02 1.105539698010976645e+04
5.931364737427134021e-02 1.104183581885845706e+04
5.942302974089547218e-02 1.102829218759200376e+04
5.953261382335834490e-02 1.101476502252956561e+04
5.964239999365115313e-02 1.100125323388722245e+04
5.975238862445110544e-02 1.098775570530848563e+04
5.986258008912273554e-02 1.097427132441021604e+04
5.997297476171903341e-02 1.096079898421832877e+04
6.008357301698283304e-02 1.094733758315544583e+04
6.019437523034801979e-02 1.093388602502926369e+04
6.030538177794082799e-02 1.092044321902213596e+04
6.041659303658118707e-02 1.090700807968178015e+04
6.052800938378385259e-02 1.089357952691312312e+04
6.063963119775980792e-02 1.088015647448622803e+04
6.075145885741749241e-02 1.086673776880078367e+04
6.086349274236407120e-02 1.085332223359882119e+04
6.097573323290687158e-02 1.083990869844810186e+04
6.108818071005443773e-02 1.082649599880492860e+04
6.120083555551799476e-02 1.081308297601238337e+04
6.131369815171266308e-02 1.079966847729984511e+04
6.142676888175887390e-02 1.078625135578396294e+04
6.154004812948348641e-02 1.077283047047036598e+04
6.165353627942123799e-02 1.075940468625705034e+04
6.176723371681597935e-02 1.074597287298669107e+04
6.188114082762199292e-02 1.073253386899648831e+04
6.199525799850538060e-02 1.071908646992390641e+04
6.210958561684522955e-02 1.070562947447738770e+04
6.222412407073504848e-02 1.069216168774648759e+04
6.233887374898402362e-02 1.067868192121329412e+04
6.245383504111833711e-02 1.066518899276510456e+04
6.256900833738260337e-02 1.065168172670834429e+04
6.268439402874098620e-02 1.063815895378396999e+04
6.279999250687871848e-02 1.062461951118388788e+04
6.291580416420330946e-02 1.061106224256884343e+04
6.303182939384589789e-02 1.059748599808724430e+04
6.314806858966270919e-02 1.058388962109265231e+04
6.326452214623620729e-02 1.057027191278984901e+04
6.338119045887655179e-02 1.055663167009384779e+04
6.349807392362288860e-02 1.054296769687569758e+04
6.361517293724468225e-02 1.052927880398943489e+04
6.373248789724321461e-02 1.051556380930045270e+04
6.385001920185268132e-02 1.050182153771495177e+04
6.396776725004175990e-02 1.048805082121091618e+04
6.408573244151481718e-02 1.047425049887030946e+04
6.420391517671333870e-02 1.046041941691241846e+04
6.432231585681737196e-02 1.044655642872866156e+04
6.444093488374666445e-02 1.043266039491837728e+04
6.455977266016224569e-02 1.041873018126066745e+04
6.467882958946762073e-02 1.040476463276862523e+04
6.479810607581036608e-02 1.039076258171670088e+04
6.491760252408321219e-02 1.037672286756821813e+04
6.503731933992565328e-02 1.036264433746902614e+04
6.515725692972521021e-02 1.034852584629256489e+04
6.527741570061880438e-02 1.033436625668601300e+04
6.539779606049427041e-02 1.032016443911783790e+04
6.551839841799154962e-02 1.030591927192645744e+04
6.563922318250420274e-02 1.029162964136997471e+04
6.576027076418076989e-02 1.027729444167724978e+04
6.588154157392611676e-02 1.026291257509993375e+04
6.600303602340298892e-02 1.024848295196579966e+04
6.612475452503317752e-02 1.023400449073238997e+04
6.624669749199908753e-02 1.021947611653022432e+04
6.636886533824506995e-02 1.020489675789908324e+04
6.649125847847880966e-02 1.019026535074850472e+04
6.661387732817287965e-02 1.017558083938843447e+04
6.673672230356594848e-02 1.016084217658942907e+04
6.685979382166429286e-02 1.014604832364334652e+04
6.698309230024324101e-02 1.013119825042511729e+04
6.710661815784847717e-02 1.011629093545579781e+04
6.723037181379767913e-02 1.010132536596612590e+04
6.735435368818167012e-02 1.008630053796105130e+04
6.747856420186605642e-02 1.007121545628548301e+04
6.760300377649251791e-02 1.005606913469041501e+04
6.772767283448032083e-02 1.004086059590036166e+04
6.785257179902780267e-02 1.002558887168115143e+04
6.797770109411362116e-02 1.001025300312195941e+04
6.810306114449837800e-02 9.994852058007092637e+03
6.822865237572592334e-02 9.979385143523153602e+03
6.835447521412499339e-02 9.963851378883900907e+03
6.848053008681041776e-02 9.948249892374737101e+03
6.860681742168471542e-02 9.932579821421453744e+03
6.873333764743952412e-02 9.916840312659756819e+03
6.886009119355700203e-02 9.901030522005168677e+03
6.898707849031145145e-02 9.885149614723643026e+03
6.911429996877052617e-02 9.869196765502492781e+03
6.924175606079689682e-02 9.853171158521930920e+03
6.936944719904961087e-02 9.837071987526989687e+03
6.949737381698560534e-02 9.820898455899912733e+03
6.962553634886121945e-02 9.804649776732938335e+03
6.975393522973355465e-02 9.788325172901444603e+03
6.988257089546205669e-02 9.771923877137500313e+03
7.001144378270993118e-02 9.755445132429194928e+03
7.014055432894562847e-02 9.738888232943465482e+03
7.026990297244443961e-02 9.722252563496937000e+03
7.039949015228980089e-02 9.705537527634405706e+03
7.052931630837491750e-02 9.688742538211299689e+03
7.065938188140422072e-02 9.671867017457694601e+03
7.078968731289479732e-02 9.654910397042631303e+03
7.092023304517808269e-02 9.637872118138067890e+03
7.105101952140112365e-02 9.620751631483182791e+03
7.118204718552821608e-02 9.603548397448361357e+03
7.131331648234237597e-02 9.586261886099266121e+03
7.144482785744685205e-02 9.568891577260821578e+03
7.157658175726673566e-02 9.551436960581000676e+03
7.170857862905027913e-02 9.533897535594576766e+03
7.184081892087054722e-02 9.516272811786742750e+03
7.197330308162690204e-02 9.498562308656462847e+03
7.210603156104662681e-02 9.480765555779718852e+03
7.223900480968624416e-02 9.462882092872634530e+03
7.237222327893323703e-02 9.444911507292776150e+03
7.250568742100745034e-02 9.426853553299786654e+03
7.263939768896271465e-02 9.408708035089981422e+03
7.277335453668840048e-02 9.390474765414599460e+03
7.290755841891084776e-02 9.372153565619115398e+03
7.304200979119497561e-02 9.353744265682333207e+03
7.317670910994585054e-02 9.335246704254843280e+03
7.331165683241017139e-02 9.316660728697124796e+03
7.344685341667796241e-02 9.297986195117027819e+03
7.358229932168391940e-02 9.279222968406827931e+03
7.371799500720910281e-02 9.260370922279578735e+03
7.385394093388250591e-02 9.241429939305040534e+03
7.399013756318251200e-02 9.222399910945034208e+03
7.412658535743867072e-02 9.203280737588151169e+03
7.426328477983297482e-02 9.184072328583883063e+03
7.440023629440167818e-02 9.164774602276109363e+03
7.453744036603673906e-02 9.145387486036106566e+03
7.467489746048742993e-02 9.125910916294684284e+03
7.481260804436203060e-02 9.106344855786221160e+03
7.495057258512918819e-02 9.086689477836964215e+03
7.508879155111965187e-02 9.066945093750031447e+03
7.522726541152788271e-02 9.047112023158621014e+03
7.536599463641352470e-02 9.027190591785178185e+03
7.550497969670318110e-02 9.007181131434999770e+03
7.564422106419183001e-02 8.987083979989571162e+03
7.578371921154450352e-02 8.966899481399324941e+03
7.592347461229786987e-02 8.946627985675613672e+03
7.606348774086199582e-02 8.926269848882115184e+03
7.620375907252166514e-02 8.905825433125857671e+03
7.634428908343823816e-02 8.885295106547320756e+03
7.648507825065113674e-02 8.864679243310201855e+03
7.662612705207950958e-02 8.843978223590413108e+03
7.676743596652395307e-02 8.823192433564530802e+03
7.690900547366788520e-02 8.802322265397579031e+03
7.705083605407943292e-02 8.781368117230360440e+03
7.719292818921288934e-02 8.760330393165846544e+03
7.733528236141042067e-02 8.739209503255386153e+03
7.747789905390380094e-02 8.718005876107305085e+03
7.762077875081581368e-02 8.696720184657018763e+03
7.776392193716208379e-02 8.675353317935663654e+03
7.790732909885268731e-02 8.653906173731493254e+03
7.805100072269371969e-02 8.632379650989609218e+03
7.819493729638912760e-02 8.610774649751474499e+03
7.833913930854215224e-02 8.589092071094881248e+03
7.848360724865710569e-02 8.567332817073596743e+03
7.862834160714105014e-02 8.545497790657615042e+03
7.877334287530531054e-02 8.523587895673032108e+03
7.891861154536745915e-02 8.501604036742548487e+03
7.906414811045260616e-02 8.479547119225660936e+03
7.920995306459531482e-02 8.457418049159365182e+03
7.935602690274121129e-02 8.435217733198787755e+03
7.950237012074863607e-02 8.412947078557945133e+03
7.964898321539044812e-02 8.390606992950877611e+03
7.979586668435555141e-02 8.368198384532732234e+03
7.994302102625064355e-02 8.345722161841089473e+03
8.009044674060192270e-02 8.323179233737530012e+03
8.023814432785687789e-02 8.300570509349201529e+03
8.038611428938578773e-02 8.277896976849888233e+03
8.053435712748353847e-02 8.255160002006445211e+03
8.068287334537134481e-02 8.232361058955177214e+03
8.083166344719835972e-02 8.209501615544304514e+03
8.098072793804360348e-02 8.186583133213614929e+03
8.113006732391740694e-02 8.163607066898137418e+03
8.127968211176325730e-02 8.140574864933710160e+03
8.142957280945956056e-02 8.117487968964167521e+03
8.157973992582125133e-02 8.094347813850630700e+03
8.173018397060172191e-02 8.071155827582480015e+03
8.188090545449427937e-02 8.047913431190014308e+03
8.203190488913408851e-02 8.024622038659313148e+03
8.218318278709980940e-02 8.001283056848384149e+03
8.233473966191533211e-02 7.977897885405523084e+03
8.248657602805167799e-02 7.954467916689322919e+03
8.263869240092852619e-02 7.930994535690399061e+03
8.279108929691604557e-02 7.907479119955044553e+03
8.294376723333671264e-02 7.883923039510444141e+03
8.309672672846694919e-02 7.860327656791953814e+03
8.324996830153907901e-02 7.836694327072036685e+03
8.340349247274282674e-02 7.813024561630999415e+03
8.355729976322727459e-02 7.789320259802426335e+03
8.371139069510256936e-02 7.765583365481392320e+03
8.386576579144165711e-02 7.741815807034576210e+03
8.402042557628221220e-02 7.718019497215383126e+03
8.417537057462819161e-02 7.694196333083196805e+03
8.433060131245179170e-02 7.670348195927092092e+03
8.448611831669508576e-02 7.646476951193395507e+03
8.464192211527206411e-02 7.622584448417663225e+03
8.479801323707011895e-02 7.598672521160500764e+03
8.495439221195201507e-02 7.574742986947511781e+03
8.511105957075769390e-02 7.550797647213263190e+03
8.526801584530595279e-02 7.526838287249099267e+03
8.542526156839648499e-02 7.502866676154922970e+03
8.558279727381139235e-02 7.478884566794725288e+03
8.574062349631721147e-02 7.454893695756116358e+03
8.589874077166663457e-02 7.430895783313342690e+03
8.605714963660031358e-02 7.406892533394197017e+03
8.621585062884888628e-02 7.382885633550570674e+03
8.637484428713447515e-02 7.358876767516232576e+03
8.653413115117271348e-02 7.334867888947243046e+03
8.669371176167457727e-02 7.310861215627492129e+03
8.685358666034813380e-02 7.286858953476585157e+03
8.701375638990052619e-02 7.262863284138087693e+03
8.717422149403963871e-02 7.238876364979208120e+03
8.733498251747606744e-02 7.214900329097021313e+03
8.749604000592488273e-02 7.190937285330692248e+03
8.765739450610753047e-02 7.166989318279844156e+03
8.781904656575380275e-02 7.143058488328982094e+03
8.798099673360343376e-02 7.119146831677689079e+03
8.814324555940818151e-02 7.095256360376651173e+03
8.830579359393353478e-02 7.071389062369256862e+03
8.846864138896083640e-02 7.047546901538900784e+03
8.863178949728883760e-02 7.023731817761632556e+03
8.879523847273576576e-02 6.999945726964113419e+03
8.895898887014119794e-02 6.976190521186957994e+03
8.912304124536782335e-02 6.952468068653007322e+03
8.928739615530356666e-02 6.928780213840837860e+03
8.945205415786319780e-02 6.905128777744645959e+03
8.961701581199039979e-02 6.881515673529344895e+03
8.978228167765962831e-02 6.857943102514178463e+03
8.994785231587794361e-02 6.834413289213051030e+03
9.011372828868714768e-02 6.810928428260413057e+03
9.027991015916533857e-02 6.787490684546831289e+03
9.044639849142911692e-02 6.764102193361211903e+03
9.061319385063532073e-02 6.740765060539932165e+03
9.078029680298303761e-02 6.717481362622571396e+03
9.094770791571556157e-02 6.694253147014161186e+03
9.111542775712219711e-02 6.671082432153702939e+03
9.128345689654024375e-02 6.647971207688856339e+03
9.145179590435696670e-02 6.624921434656608653e+03
9.162044535201144257e-02 6.601935045669865758e+03
9.178940581199669657e-02 6.579013945109570159e+03
9.195867785786138171e-02 6.556160009322560654e+03
9.212826206421188824e-02 6.533375086824634309e+03
9.229815900671425877e-02 6.510660998508897137e+03
9.246836926209607566e-02 6.488019537859368938e+03
9.263889340814868145e-02 6.465452471435423831e+03
9.280973202372873321e-02 6.442961612352252814e+03
9.298088568876049231e-02 6.420548918832849267e+03
9.315235498423755922e-02 6.398216344003501945e+03
9.332414049222517716e-02 6.375965810983053416e+03
9.349624279586181419e-02 6.353799213160100408e+03
9.366866247936136980e-02 6.331718414475609279e+03
9.384140012801513164e-02 6.309725249711022116e+03
9.401445632819367682e-02 6.287821524781480548e+03
9.418783166734910617e-02 6.266009017034216413e+03
9.436152673401666802e-02 6.244289475551785472e+03
9.453554211781703409e-02 6.222664621459970476e+03
9.470987840945820080e-02 6.201136148240280818e+03
9.488453620073747374e-02 6.179705722046936899e+03
9.505951608454364654e-02 6.158374982028029081e+03
9.523481865485872166e-02 6.137145540650834846e+03
9.541044450676018640e-02 6.116018984031041327e+03
9.558639423642285859e-02 6.094996872265882303e+03
9.576266844112098220e-02 6.074080739770886794e+03
9.593926771923039221e-02 6.053272095067643022e+03
9.611619267023024937e-02 6.032572416306584273e+03
9.629344389470530230e-02 6.011983154037016902e+03
9.647102199434784420e-02 5.991505734594715250e+03
9.664892757195973905e-02 5.971141560487980314e+03
9.682716123145462817e-02 5.950892010752007991e+03
9.700572357785970656e-02 5.930758441306065833e+03
9.718461521731797115e-02 5.910742185313089067e+03
9.736383675709024688e-02 5.890844553542035101e+03
9.754338880555714353e-02 5.871066834732483585e+03
9.772327197222138717e-02 5.851410295961630254e+03
9.790348686770954101e-02 5.831876183013475384e+03
9.808403410377430909e-02 5.812465720750107721e+03
9.826491429329649308e-02 5.793180113485024776e+03
9.844612805028728209e-02 5.774020545358252093e+03
9.862767598989002904e-02 5.754988180713628026e+03
9.880955872838256826e-02 5.736084164477389095e+03
9.899177688317918611e-02 5.717309622538740769e+03
9.917433107283274429e-02 5.698665638555601618e+03
9.935722191703696970e-02 5.680153084455690987e+03
9.954045003662820301e-02 5.661772722017612068e+03
9.972401605358774401e-02 5.643525298841242147e+03
9.990792059104393330e-02 5.625411549331690367e+03
1.000921642732741645e-01 5.607432195012812372e+03
1.002767477257073131e-01 5.589587944840989621e+03
1.004616715749252626e-01 5.571879495519140619e+03
1.006469364486656942e-01 5.554307531810909495e+03
1.008325429758239467e-01 5.536872726854960092e+03
1.010184917864547782e-01 5.519575742479582914e+03
1.012047835117753092e-01 5.502417229517192936e+03
1.013914187841662568e-01 5.485397828119137557e+03
1.015783982371748911e-01 5.468518168070385400e+03
1.017657225055167702e-01 5.451778869104437945e+03
1.019533922250777103e-01 5.435180541218202052e+03
1.021414080329165336e-01 5.418723784986881583e+03
1.023297705672665120e-01 5.402409188095854915e+03
1.025184804675382116e-01 5.386237107369553996e+03
1.027075383743213388e-01 5.370207552973511156e+03
1.028969449293866550e-01 5.354320504613416233e+03
1.030867007756888221e-01 5.338575940998905935e+03
1.032768065573677757e-01 5.322973839998830954e+03
1.034672629197516680e-01 5.307514178795942826e+03
1.036580705093587129e-01 5.292196934041032364e+03
1.038492299738990876e-01 5.277022082006636083e+03
1.040407419622778329e-01 5.261989598739972280e+03
1.042326071245962410e-01 5.247099460215729778e+03
1.044248261121548255e-01 5.232351642487956269e+03
1.046173995774551391e-01 5.217746121841837521e+03
1.048103281742017584e-01 5.203282874944855394e+03
1.050036125573051704e-01 5.188961878997466556e+03
1.051972533828832157e-01 5.174783111883588390e+03
1.053912513082639890e-01 5.160746552320410046e+03
1.055856069919878099e-01 5.146852170625207691e+03
1.057803210938091099e-01 5.133099604574921614e+03
1.059753942746994165e-01 5.119488080993621224e+03
1.061708271968487549e-01 5.106016809936123536e+03
1.063666205236686452e-01 5.092685011019932062e+03
1.065627749197940177e-01 5.079491913359081991e+03
1.067592910510851562e-01 5.066436755498937600e+03
1.069561695846306254e-01 5.053518785351833685e+03
1.071534111887491592e-01 5.040737260133752898e+03
1.073510165329916582e-01 5.028091446301822543e+03
1.075489862881442021e-01 5.015580619492753613e+03
1.077473211262294367e-01 5.003204064462207498e+03
1.079460217205096412e-01 4.990961075025004902e+03
1.081450887454886989e-01 4.978850953996246062e+03
1.083445228769140123e-01 4.966873013133341374e+03
1.085443247917796256e-01 4.955026573078881484e+03
1.087444951683275846e-01 4.943310963304406869e+03
1.089450346860510316e-01 4.931725380564374973e+03
1.091459440256962177e-01 4.920268442331557708e+03
1.093472238692644177e-01 4.908938628040668846e+03
1.095488749000150669e-01 4.897734433656007241e+03
1.097508978024671900e-01 4.886654371395658927e+03
1.099532932624024545e-01 4.875696969459689171e+03
1.101560619668672525e-01 4.864860771762965669e+03
1.103592046041746016e-01 4.854144337672253641e+03
1.105627218639073372e-01 4.843546241747733802e+03
1.107666144369194999e-01 4.833065073488753114e+03
1.109708830153395415e-01 4.822699437083691919e+03
1.111755282925722677e-01 4.812447951164048391e+03
1.113805509633008506e-01 4.802309248562480207e+03
1.115859517234900483e-01 4.792281976074818886e+03
1.117917312703875926e-01 4.782364794226042250e+03
1.119978903025273947e-01 4.772556377037008133e+03
1.122044295197315300e-01 4.762855261043254359e+03
1.124113496231123194e-01 4.753259443196182474e+03
1.126186513150754798e-01 4.743766811725841762e+03
1.128263352993215951e-01 4.734375273938491773e+03
1.130344022808493221e-01 4.725082755831490431e+03
1.132428529659574301e-01 4.715887201717287098e+03
1.134516880622468415e-01 4.706786573856502400e+03
1.136609082786238512e-01 4.697778852099982032e+03
1.138705143253016389e-01 4.688862033539528966e+03
1.140805069138034339e-01 4.680034132167288590e+03
1.142908867569645964e-01 4.671293178543763133e+03
1.145016545689347548e-01 4.662637219474019730e+03
1.147128110651809418e-01 4.654064317692264922e+03
1.149243569624891631e-01 4.645572551554543679e+03
1.151362929789676026e-01 4.637160014739369217e+03
1.153486198340487878e-01 4.628824799756362154e+03
1.155613382484915463e-01 4.620564672596062337e+03
1.157744489443844338e-01 4.612377091604333145e+03
1.159879526451470938e-01 4.604259521201323878e+03
1.162018500755336442e-01 4.596209444502333099e+03
1.164161419616347448e-01 4.588224362969023787e+03
1.166308290308797069e-01 4.580301796074173581e+03
1.168459120120397959e-01 4.572439280979921932e+03
1.170613916352297307e-01 4.564634372229356813e+03
1.172772686319110552e-01 4.556884641451177231e+03
1.174935437348941930e-01 4.549187677077404260e+03
1.177102176783406534e-01 4.541541084073886850e+03
1.179272911977661403e-01 4.533942483683405044e+03
1.181447650300427865e-01 4.526389513181366965e+03
1.183626399134012630e-01 4.518879825643828553e+03
1.185809165874340959e-01 4.511411083504647650e+03
1.187995957930972346e-01 4.503980767741442833e+03
1.190186782727134240e-01 4.496586143677961445e+03
1.192381647699743696e-01 4.489224481103643484e+03
1.194580560299428607e-01 4.481893067525958941e+03
1.196783527990561563e-01 4.474589207984698078e+03
1.198990558251275818e-01 4.467310224882603507e+03
1.201201658573499004e-01 4.460053457832018466e+03
1.203416836462974648e-01 4.452816263517508560e+03
1.205636099439284376e-01 4.445596015574198645e+03
1.207859455035881907e-01 4.438390104481626622e+03
1.210086910800108606e-01 4.431195937473064987e+03
1.212318474293227755e-01 4.424010938460028228e+03
1.214554153090446897e-01 4.416832547971767781e+03
1.216793954780939352e-01 4.409658223109752726e+03
1.219037886967879042e-01 4.402485425365948686e+03
1.221285957268456041e-01 4.395311530444409982e+03
1.223538173313911404e-01 4.388133880006760592e+03
1.225794542749558957e-01 4.380949832950243035e+03
1.228055073234808059e-01 4.373756765826154151e+03
1.230319772443198151e-01 4.366552072885927373e+03
1.232588648062414305e-01 4.359333166142914706e+03
1.234861707794322749e-01 4.352097475449440026e+03
1.237138959354992934e-01 4.344842448589196465e+03
1.239420410474720013e-01 4.337565551384513128e+03
1.241706068898060095e-01 4.330264267818573899e+03
1.243995942383845643e-01 4.322936100172153601e+03
1.246290038705222120e-01 4.315578569174836957e+03
1.248588365649668797e-01 4.308189214170479318e+03
1.250890931019023045e-01 4.300765595591288729e+03
1.253197742629514611e-01 4.293305354612202791e+03
1.255508808311782132e-01 4.285806218320923108e+03
1.257824135910909358e-01 4.278265935676434310e+03
1.260143733286447076e-01 4.270682274320822216e+03
1.262467608312436429e-01 4.263053020810167254e+03
1.264795768877444437e-01 4.255375980856700153e+03
1.267128222884580380e-01 4.247648979582228094e+03
1.269464978251532150e-01 4.239869861782255612e+03
1.271806042910588741e-01 4.232036492200938483e+03
1.274151424808663280e-01 4.224146755816464974e+03
1.276501131907329945e-01 4.216198558136680731e+03
1.278855172182838951e-01 4.208189825504719010e+03
1.281213553626154300e-01 4.200118505414440733e+03
1.283576284242976540e-01 4.191982577842313731e+03
1.285943372053765521e-01 4.183780254369405156e+03
1.288314825093777316e-01 4.175509955159775927e+03
1.290690651413080592e-01 4.167170126272058951e+03
1.293070859076594081e-01 4.158759233217917426e+03
1.295455456164108510e-01 4.150275761255291400e+03
1.297844450770311020e-01 4.141718215686521944e+03
1.300237851004822365e-01 4.133085122160806350e+03
1.302635664992212172e-01 4.124375026981154406e+03
1.305037900872038081e-01 4.115586497415308258e+03
1.307444566798867391e-01 4.106718122010770458e+03
1.309855670942301209e-01 4.097768510913443606e+03
1.312271221487011641e-01 4.088736296189716086e+03
1.314691226632763166e-01 4.079620132152043425e+03
1.317115694594438724e-01 4.070418791650497951e+03
1.319544633602075245e-01 4.061131497862853394e+03
1.321978051900882245e-01 4.051757611793640535e+03
1.324415957751277906e-01 4.042296511948411535e+03
1.326858359428914336e-01 4.032747594524287706e+03
1.329305265224700328e-01 4.023110273605170732e+03
1.331756683444840217e-01 4.013383981356003005e+03
1.334212622410850535e-01 4.003568168216002505e+03
1.336673090459597757e-01 3.993662303090641672e+03
1.339138095943322726e-01 3.983665873542410736e+03
1.341607647229664801e-01 3.973578385980029452e+03
1.344081752701700161e-01 3.963399365846202727e+03
1.346560420757958731e-01 3.953128357803707331e+03
1.349043659812462492e-01 3.942764975624797898e+03
1.351531478294750177e-01 3.932309337087469430e+03
1.354023884649901976e-01 3.921761847590919388e+03
1.356520887338576453e-01 3.911122926740694766e+03
1.359022494837030248e-01 3.900393005201513461e+03
1.361528715637155273e-01 3.889572524679956587e+03
1.364039558246503137e-01 3.878661937905167179e+03
1.366555031188310676e-01 3.867661708607231958e+03
1.369075143001538819e-01 3.856572311493438519e+03
1.371599902240888680e-01 3.845394232222385654e+03
1.374129317476842915e-01 3.834127967375677599e+03
1.376663397295688762e-01 3.822774024427712448e+03
1.379202150299543017e-01 3.811332921712993993e+03
1.381745585106392005e-01 3.799805260842379539e+03
1.384293710350109896e-01 3.788192215970467714e+03
1.386846534680495624e-01 3.776495227246985905e+03
1.389404066763300361e-01 3.764715735762522854e+03
1.391966315280252220e-01 3.752855181782626914e+03
1.394533288929094283e-01 3.740915004511739880e+03
1.397104996423604861e-01 3.728896641859898409e+03
1.399681446493634684e-01 3.716801530211893805e+03
1.402262647885134939e-01 3.704631104199172569e+03
1.404848609360179745e-01 3.692386796474496805e+03
1.407439339697008351e-01 3.680070037489191691e+03
1.410034847690042337e-01 3.667682255273276951e+03
1.412635142149925860e-01 3.655224875761101885e+03
1.415240231903550638e-01 3.642699552424004196e+03
1.417850125794082317e-01 3.630108518116388041e+03
1.420464832681000156e-01 3.617454082719577400e+03
1.423084361440115908e-01 3.604738539806094195e+03
1.425708720963614062e-01 3.591964166290332741e+03
1.428337920160076824e-01 3.579133222091265907e+03
1.430971967954511315e-01 3.566247949807204805e+03
1.433610873288388987e-01 3.553310574402355087e+03
1.436254645119665052e-01 3.540323302905212586e+03
1.438903292422818447e-01 3.527288324118628680e+03
1.441556824188878483e-01 3.514207808341541295e+03
1.444215249425450653e-01 3.501083907102191006e+03
1.446878577156757717e-01 3.487918826601578075e+03
1.449546816423658291e-01 3.474715279957529674e+03
1.452219976283687930e-01 3.461476181221795741e+03
1.454898065811085772e-01 3.448204412940711791e+03
1.457581094096820074e-01 3.434902824899412735e+03
1.460269070248629286e-01 3.421574233863013433e+03
1.462962003391047316e-01 3.408221423339815829e+03
1.465659902665430447e-01 3.394847143366279397e+03
1.468362777229998695e-01 3.381454110313191450e+03
1.471070636259855513e-01 3.368045006712916802e+03
1.473783488947028597e-01 3.354622481107189287e+03
1.476501344500497082e-01 3.341189147915114518e+03
1.479224212146218742e-01 3.327747632983548101e+03
1.481952101127170240e-01 3.314300936980119786e+03
1.484685020703368219e-01 3.300852235058230690e+03
1.487422980151910656e-01 3.287404658968766853e+03
1.490165988767003236e-01 3.273961295032403541e+03
1.492914055859987099e-01 3.260525184142346006e+03
1.495667190759381038e-01 3.247099321795172273e+03
1.498425402810900364e-01 3.233686658149498271e+03
1.501188701377500212e-01 3.220290098111438510e+03
1.503957095839401903e-01 3.206912501446383885e+03
1.506730595594120981e-01 3.193556682916446789e+03
1.509509210056508843e-01 3.180225412442718607e+03
1.512292948658773284e-01 3.166921472883256229e+03
1.515081820850521233e-01 3.153647882523952831e+03
1.517875836098785403e-01 3.140407695231566777e+03
1.520675003888052879e-01 3.127203913864239894e+03
1.523479333720307305e-01 3.114039490582270446e+03
1.526288835115049147e-01 3.100917327208976076e+03
1.529103517609338991e-01 3.087840275618778833e+03
1.531923390757824466e-01 3.074811138151967043e+03
1.534748464132769108e-01 3.061832668055167687e+03
1.537578747324095385e-01 3.048907569946684362e+03
1.540414249939403846e-01 3.036038500306040078e+03
1.543254981604018361e-01 3.023228069125621914e+03
1.546100951961012493e-01 3.010478889933499431e+03
1.548952170671238637e-01 2.997793598417334124e+03
1.551808647413371323e-01 2.985174787336068675e+03
1.554670391883927194e-01 2.972625002002695055e+03
1.557537413797309978e-01 2.960146740933742876e+03
1.560409722885837402e-01 2.947742456519678399e+03
1.563287328899770623e-01 2.935414555715478400e+03
1.566170241607357794e-01 2.923165400750457593e+03
1.569058470794854332e-01 2.910997309856911670e+03
1.571952026266568436e-01 2.898912558016641469e+03
1.574850917844888010e-01 2.886913377715596198e+03
1.577755155370310081e-01 2.875001915077240028e+03
1.580664748701485767e-01 2.863180128509756742e+03
1.583579707715239981e-01 2.851449909031080551e+03
1.586500042306616676e-01 2.839813111959738308e+03
1.589425762388907704e-01 2.828271557679771377e+03
1.592356877893681688e-01 2.816827032416461407e+03
1.595293398770828708e-01 2.805481289022358396e+03
1.598235334988581113e-01 2.794236047773255450e+03
1.601182696533559324e-01 2.783092997173633648e+03
1.604135493410799862e-01 2.772053794771259163e+03
1.607093735643785881e-01 2.761120067980571548e+03
1.610057433274490468e-01 2.750293329437042757e+03
1.613026596363400234e-01 2.739574701936622205e+03
1.616001234989558888e-01 2.728965191385826529e+03
1.618981359250597218e-01 2.718465785146426697e+03
1.621966979262762509e-01 2.708077452673420794e+03
1.624958105160962951e-01 2.697801146154326943e+03
1.627954747098796784e-01 2.687637801150611722e+03
1.630956915248581718e-01 2.677588337241210411e+03
1.633964619801401286e-01 2.667653658667923537e+03
1.636977870967126492e-01 2.657834654982747452e+03
1.639996678974461053e-01 2.648132201480245840e+03
1.643021054070972486e-01 2.638546973953878478e+03
1.646051006523120419e-01 2.629079114094397937e+03
1.649086546616304605e-01 2.619728669969805196e+03
1.652127684654885464e-01 2.610495689236364342e+03
1.655174430962230991e-01 2.601380219431701789e+03
1.658226795880747007e-01 2.592382308267105145e+03
1.661284789771907133e-01 2.583502003919022627e+03
1.664348423016299428e-01 2.574739355319769857e+03
1.667417706013648582e-01 2.566094412447590003e+03
1.670492649182863110e-01 2.557567226616120934e+03
1.673573262962064767e-01 2.549157834105540132e+03
1.676659557808620193e-01 2.540865828453704580e+03
1.679751544199187263e-01 2.532690329923269019e+03
1.682849232629737291e-01 2.524630449030520595e+03
1.685952633615602769e-01 2.516685310787213893e+03
1.689061757691508459e-01 2.508854054547847227e+03
1.692176615411600527e-01 2.501135833859794275e+03
1.695297217349495955e-01 2.493529816316111464e+03
1.698423574098303357e-01 2.486035183411197067e+03
1.701555696270672657e-01 2.478651130399024169e+03
1.704693594498823961e-01 2.471376866151590548e+03
1.707837279434579747e-01 2.464211433350277275e+03
1.710986761749413165e-01 2.457153224602750470e+03
1.714142052134469685e-01 2.450200501202123178e+03
1.717303161300615666e-01 2.443351548403777088e+03
1.720470099978470557e-01 2.436604674881070878e+03
1.723642878918436594e-01 2.429958212193166673e+03
1.726821508890748480e-01 2.423410514264541234e+03
1.730006000685495315e-01 2.416959956876088199e+03
1.733196365112670279e-01 2.410604937167400749e+03
1.736392613002201712e-01 2.404343873150117815e+03
1.739594755203984211e-01 2.398175138842875640e+03
1.742802802587928024e-01 2.392096619241763619e+03
1.746016766043982371e-01 2.386105982327438142e+03
1.749236656482183461e-01 2.380200921549926989e+03
1.752462484832688350e-01 2.374379156606752531e+03
1.755694262045804088e-01 2.368638432744829970e+03
1.758931999092039900e-01 2.362976520084183448e+03
1.762175706962127997e-01 2.357391212963036651e+03
1.765425396667074931e-01 2.351880329303771759e+03
1.768681079238192955e-01 2.346441709999482100e+03
1.771942765727131941e-01 2.341073156503358859e+03
1.775210467205929621e-01 2.335771901044122387e+03
1.778484194767035731e-01 2.330534874195207067e+03
1.781763959523360030e-01 2.325359032291627955e+03
1.785049772608306995e-01 2.320241360244599036e+03
1.788341645175806627e-01 2.315178870818805080e+03
1.791639588400364136e-01 2.310168603948406144e+03
1.794943613477091859e-01 2.305207626091255861e+03
1.798253731621742013e-01 2.300293029620541347e+03
1.801569954070757207e-01 2.295421932253374962e+03
1.804892292081294314e-01 2.290591546235385067e+03
1.808220756931275819e-01 2.285799550127499515e+03
1.811555359919421737e-01 2.281043815168148285e+03
1.814896112365283476e-01 2.276322230799745284e+03
1.818243025609293795e-01 2.271632703951624535e+03
1.821596111012792063e-01 2.266973158750384755e+03
1.824955379958075052e-01 2.262341536249233741e+03
1.828320843848429411e-01 2.257735794176235686e+03
1.831692514108165803e-01 2.253153906700930747e+03
1.835070402182670257e-01 2.248593863408090328e+03
1.838454519538428311e-01 2.244053308016651499e+03
1.841844877663076918e-01 2.239528974397300772e+03
1.845241488065437196e-01 2.235017475595981068e+03
1.848644362275549125e-01 2.230515451701403435e+03
1.852053511844722888e-01 2.226019569678737753e+03
1.855468948345563307e-01 2.221526523253312462e+03
1.858890683372022290e-01 2.217033032843813544e+03
1.862318728539432422e-01 2.212535845544131462e+03
1.865753095484541380e-01 2.208031735153288082e+03
1.869193795865563279e-01 2.203517509859489564e+03
1.872640841362205044e-01 2.198990108656654229e+03
1.876094243675717199e-01 2.194446571912777472e+03
1.879554014528929673e-01 2.189883967410069090e+03
1.883020165666284829e-01 2.185299388888628528e+03
1.886492708853891032e-01 2.180689956323918523e+03
1.889971655879547630e-01 2.176052816242313384e+03
1.893457018552797133e-01 2.171385142074047508e+03
1.896948808704961853e-01 2.166684134542822903e+03
1.900447038189175542e-01 2.161947024301973670e+03
1.903951718880438904e-01 2.157171312735491483e+03
1.907462862675644300e-01 2.152354985265681535e+03
1.910980481493629313e-01 2.147496100901788850e+03
1.914504587275210890e-01 2.142592741436942106e+03
1.918035191983221144e-01 2.137643011865481185e+03
1.921572307602561203e-01 2.132645040816367327e+03
1.925115946140225631e-01 2.127596981002227949e+03
1.928666119625357944e-01 2.122497009683535452e+03
1.932222840109284467e-01 2.117343329164437819e+03
1.935786119665550420e-01 2.112134282682357025e+03
1.939355970389973760e-01 2.106868628174641799e+03
1.942932404400670721e-01 2.101545227221452933e+03
1.946515433838111875e-01 2.096162962370618516e+03
1.950105070865155166e-01 2.090720737507279409e+03
1.953701327667083376e-01 2.085217478227427819e+03
1.957304216451658530e-01 2.079652132215024722e+03
1.960913749449146870e-01 2.074023669622439684e+03
1.964529938912375484e-01 2.068331083453723295e+03
1.968152797116766994e-01 2.062573545118009861e+03
1.971782336360375643e-01 2.056750857449019804e+03
1.975418568963943078e-01 2.050862988164104536e+03
1.979061507270923892e-01 2.044909918617624044e+03
1.982711163647541408e-01 2.038891643893490254e+03
1.986367550482824873e-01 2.032808172894651989e+03
1.990030680188643319e-01 2.026659528429620423e+03
1.993700565199761909e-01 2.020445747295746514e+03
1.997377217973876906e-01 2.014166880535181917e+03
2.001060650991651757e-01 2.007823208509372989e+03
2.004750876756774824e-01 2.001415655017141034e+03
2.008447907795984366e-01 1.994945262595751728e+03
2.012151756659125712e-01 1.988413075366168869e+03
2.015862435919187901e-01 1.981820138797545042e+03
2.019579958172340040e-01 1.975167499473828912e+03
2.023304336037988760e-01 1.968456204862424329e+03
2.027035582158803750e-01 1.961687303085097483e+03
2.030773709200776600e-01 1.954861848977831187e+03
2.034518729853255770e-01 1.947981245221036488e+03
2.038270656828985172e-01 1.941047410960724619e+03
2.042029502864159962e-01 1.934062295396910486e+03
2.045795280718455678e-01 1.927027833775358886e+03
2.049568003175083197e-01 1.919945946948573692e+03
2.053347683040828708e-01 1.912818540953218189e+03
2.057134333146088678e-01 1.905647506603800821e+03
2.060927966344928974e-01 1.898434719102529471e+03
2.064728595515112064e-01 1.891182084606013404e+03
2.068536233558155024e-01 1.883891935174699029e+03
2.072350893399366734e-01 1.876566821902505126e+03
2.076172587987886176e-01 1.869209269879319208e+03
2.080001330296740447e-01 1.861821775187363073e+03
2.083837133322872237e-01 1.854406804505626269e+03
2.087680010087198945e-01 1.846966794745493871e+03
2.091529973634649597e-01 1.839504152717300940e+03
2.095387037034204814e-01 1.832021255995964339e+03
2.099251213378952874e-01 1.824520607077234672e+03
2.103122515786120805e-01 1.817004984195451470e+03
2.107000957397130447e-01 1.809477163285954930e+03
2.110886551377638976e-01 1.801939880606329780e+03
2.114779310917576649e-01 1.794395832563518979e+03
2.118679249231205375e-01 1.786847675581114345e+03
2.122586379557148129e-01 1.779298026006013060e+03
2.126500715158447796e-01 1.771749460053351413e+03
2.130422269322606588e-01 1.764204542565942120e+03
2.134351055361623228e-01 1.756665959509388358e+03
2.138287086612055410e-01 1.749136409964404493e+03
2.142230376435045602e-01 1.741618548863695423e+03
2.146180938216382950e-01 1.734114987075847239e+03
2.150138785366541572e-01 1.726628291590332765e+03
2.154103931320720255e-01 1.719160985741033073e+03
2.158076389538902407e-01 1.711715549467030996e+03
2.162056173505884915e-01 1.704294420975122193e+03
2.166043296731338663e-01 1.696900011961230121e+03
2.170037772749848493e-01 1.689534702101496805e+03
2.174039615120952618e-01 1.682200828771850865e+03
2.178048837429202855e-01 1.674900687294086083e+03
2.182065453284194601e-01 1.667636531404755033e+03
2.186089476320627611e-01 1.660410573754666984e+03
2.190120920198345422e-01 1.653224986437978487e+03
2.194159798602376699e-01 1.646081897399056970e+03
2.198206125242994635e-01 1.638983320525101817e+03
2.202259913855747764e-01 1.631931167632505776e+03
2.206321178201521849e-01 1.624927312675775738e+03
2.210389932066579022e-01 1.617973594541716921e+03
2.214466189262598583e-01 1.611071817686744453e+03
2.218549963626736954e-01 1.604223752794029679e+03
2.222641269021669030e-01 1.597431137449811104e+03
2.226740119335626489e-01 1.590695667569154011e+03
2.230846528482462454e-01 1.584018850610730397e+03
2.234960510401679812e-01 1.577402035187583124e+03
2.239082079058494490e-01 1.570846540577739916e+03
2.243211248443876260e-01 1.564353661434058495e+03
2.247348032574589538e-01 1.557924668434423438e+03
2.251492445493256112e-01 1.551560808941467030e+03
2.255644501268385949e-01 1.545263307671571965e+03
2.259804213994439093e-01 1.539033341410339290e+03
2.263971597791868406e-01 1.532871798086866193e+03
2.268146666807159539e-01 1.526779391763877811e+03
2.272329435212895876e-01 1.520756821588261573e+03
2.276519917207786847e-01 1.514804774372656539e+03
2.280718127016733987e-01 1.508923925094552033e+03
2.284924078890871180e-01 1.503114937397560880e+03
2.289137787107606292e-01 1.497378464094777655e+03
2.293359265970685568e-01 1.491715063263132606e+03
2.297588529810224989e-01 1.486124883668821212e+03
2.301825592982773283e-01 1.480607953135014441e+03
2.306070469871354944e-01 1.475164299345892005e+03
2.310323174885511865e-01 1.469793950075886187e+03
2.314583722461368009e-01 1.464496933398268084e+03
2.318852127061660218e-01 1.459273277893145178e+03
2.323128403175803991e-01 1.454123009722344477e+03
2.327412565319935123e-01 1.449045902110573479e+03
2.331704628036951610e-01 1.444041296930095996e+03
2.336004605896580544e-01 1.439108503765829710e+03
2.340312513495407809e-01 1.434246843353918848e+03
2.344628365456944141e-01 1.429455647422758375e+03
2.348952176431668981e-01 1.424734258536952439e+03
2.353283961097071275e-01 1.420082029944125225e+03
2.357623734157716644e-01 1.415498270051389909e+03
2.361971510345279024e-01 1.410981821621872768e+03
2.366327304418606448e-01 1.406531301204151760e+03
2.370691131163764065e-01 1.402145342965317013e+03
2.375063005394077442e-01 1.397822600181676307e+03
2.379442941950199453e-01 1.393561744759708972e+03
2.383830955700141918e-01 1.389361466769734761e+03
2.388227061539341944e-01 1.385220470197179111e+03
2.392631274390706053e-01 1.381137214346408655e+03
2.397043609204653758e-01 1.377109752114550247e+03
2.401464080959183900e-01 1.373136121544363732e+03
2.405892704659908232e-01 1.369214384787751669e+03
2.410329495340117201e-01 1.365342627447172845e+03
2.414774468060825185e-01 1.361518957944059366e+03
2.419227637910813800e-01 1.357741506913603189e+03
2.423689020006699890e-01 1.354008343424648956e+03
2.428158629492967735e-01 1.350317202273154635e+03
2.432636481542037599e-01 1.346665748202815394e+03
2.437122591354309586e-01 1.343051671637489335e+03
2.441616974158207776e-01 1.339472688065897273e+03
2.446119645210249882e-01 1.335926537464259127e+03
2.450630619795078347e-01 1.332410983757303711e+03
2.455149913225530001e-01 1.328923795221373211e+03
2.459677540842681309e-01 1.325462589916067600e+03
2.464213518015891669e-01 1.322024918067703993e+03
2.468757860142870852e-01 1.318608354116411874e+03
2.473310582649724532e-01 1.315210497196366987e+03
2.477871700990998960e-01 1.311828970784459443e+03
2.482441230649750363e-01 1.308461422392182158e+03
2.487019187137577136e-01 1.305105523849509154e+03
2.491605585994692007e-01 1.301758978989065781e+03
2.496200442789965057e-01 1.298419521548214107e+03
2.500803773120969797e-01 1.295084908502056123e+03
2.505415592614054221e-01 1.291752919780454022e+03
2.510035916924374111e-01 1.288421358203605450e+03
2.514664761735960763e-01 1.285088049455232976e+03
2.519302142761771779e-01 1.281750848231259624e+03
2.523948075743731589e-01 1.278407749394602433e+03
2.528602576452806394e-01 1.275056874809852161e+03
2.533265660689035248e-01 1.271696370792985817e+03
2.537937344281603336e-01 1.268324404453118404e+03
2.542617643088885826e-01 1.264939163846725023e+03
2.547306572998495611e-01 1.261538858157843151e+03
2.552004149927354915e-01 1.258121731531502519e+03
2.556710389821728047e-01 1.254686270665499023e+03
2.561425308657295230e-01 1.251231160805235504e+03
2.566148922439197011e-01 1.247755109857397201e+03
2.570881247202081998e-01 1.244256843368823411e+03
2.575622299010179583e-01 1.240735104760868353e+03
2.580372093957333246e-01 1.237188655576070460e+03
2.585130648167072720e-01 1.233616304549427014e+03
2.589897977792662842e-01 1.230017169104244658e+03
2.594674099017149071e-01 1.226390549851576225e+03
2.599459028053430765e-01 1.222735762839197378e+03
2.604252781144295592e-01 1.219052137648135613e+03
2.609055374562493368e-01 1.215339017576623974e+03
2.613866824610782680e-01 1.211595759826692529e+03
2.618687147621978628e-01 1.207821802996395490e+03
2.623516359959027211e-01 1.204016941700893540e+03
2.628354478015038631e-01 1.200181088514014391e+03
2.633201518213363346e-01 1.196314163984593279e+03
2.638057497007637586e-01 1.192416096646553797e+03
2.642922430881832763e-01 1.188486823074042832e+03
2.647796336350329849e-01 1.184526288847818478e+03
2.652679229957952689e-01 1.180534607083478022e+03
2.657571128280045714e-01 1.176512236227681569e+03
2.662472047922519458e-01 1.172459679577124234e+03
2.667382005521899968e-01 1.168377441083581743e+03
2.672301017745404850e-01 1.164266025261469167e+03
2.677229101290977131e-01 1.160125937096109965e+03
2.682166272887360203e-01 1.155957700888219961e+03
2.687112549294148889e-01 1.151762130018072185e+03
2.692067947301836073e-01 1.147540258750719204e+03
2.697032483731889863e-01 1.143293119515611352e+03
2.702006175436788005e-01 1.139021736637889262e+03
2.706989039300095601e-01 1.134727126141918461e+03
2.711981092236512292e-01 1.130410295575665941e+03
2.716982351191923328e-01 1.126072349231109683e+03
2.721992833143474511e-01 1.121714740109762033e+03
2.727012555099609936e-01 1.117338981384624731e+03
2.732041534100146385e-01 1.112946568532639276e+03
2.737079787216326054e-01 1.108538979111936669e+03
2.742127331550862634e-01 1.104117672558027607e+03
2.747184184238020133e-01 1.099684105818089847e+03
2.752250362443657838e-01 1.095239963963533228e+03
2.757325883365285280e-01 1.090787104247152683e+03
2.762410764232136051e-01 1.086327363029952494e+03
2.767505022305206119e-01 1.081862550214406383e+03
2.772608674877331536e-01 1.077394449139501603e+03
2.777721739273238399e-01 1.072924816970137954e+03
2.782844232849594479e-01 1.068455481445507985e+03
2.787976172995085267e-01 1.063988457643199354e+03
2.793117577130452833e-01 1.059525757688464182e+03
2.798268462708574100e-01 1.055069361326629405e+03
2.803428847214511910e-01 1.050621216015422533e+03
2.808598748165563874e-01 1.046183237053663333e+03
2.813778183111344533e-01 1.041757319995648231e+03
2.818967169633820880e-01 1.037345396993405984e+03
2.824165725347390632e-01 1.032949391126792989e+03
2.829373867898937189e-01 1.028571192440564801e+03
2.834591614967876261e-01 1.024212658235876916e+03
2.839818984266239132e-01 1.019875613420905324e+03
2.845055993538709860e-01 1.015561845410154774e+03
2.850302660562702983e-01 1.011273041722071753e+03
2.855559003148418484e-01 1.007010813593229273e+03
2.860825039138891746e-01 1.002776742705240395e+03
2.866100786410074042e-01 9.985723825541473389e+02
2.871386262870871398e-01 9.943992589423369282e+02
2.876681486463224524e-01 9.902588639257668319e+02
2.881986475162162109e-01 9.861524945666266149e+02
2.887301246975851887e-01 9.820812463436028565e+02
2.892625819945682797e-01 9.780461863837319925e+02
2.897960212146302728e-01 9.740483626714083130e+02
2.903304441685701787e-01 9.700888045188505657e+02
2.908658526705261149e-01 9.661685185087803802e+02
2.914022485379810790e-01 9.622882900026129391e+02
2.919396335917708307e-01 9.584486097711238699e+02
2.924780096560877785e-01 9.546499390507876797e+02
2.930173785584892499e-01 9.508927306944209477e+02
2.935577421299029877e-01 9.471774294666232663e+02
2.940991022046322012e-01 9.435044686428710747e+02
2.946414606203640041e-01 9.398740678562739959e+02
2.951848192181732999e-01 9.362861325586599150e+02
2.957291798425310536e-01 9.327405434663402275e+02
2.962745443413096202e-01 9.292371826574461693e+02
2.968209145657883519e-01 9.257759336230675444e+02
2.973682923706615910e-01 9.223566767898845455e+02
2.979166796140430007e-01 9.189790919554801576e+02
2.984660781574735577e-01 9.156425851543733643e+02
2.990164898659273263e-01 9.123465506529001914e+02
2.995679166078166755e-01 9.090903913713665361e+02
3.001203602550007732e-01 9.058735187137332332e+02
3.006738226827895266e-01 9.026953451824729200e+02
3.012283057699521316e-01 8.995551050062437071e+02
3.017838113987224569e-01 8.964518447144039328e+02
3.023403414548045398e-01 8.933846143451783064e+02
3.028978978273808020e-01 8.903524769030824473e+02
3.034564824091176560e-01 8.873545080566594834e+02
3.040160970961708342e-01 8.843897826192740013e+02
3.045767437881941042e-01 8.814572166637797181e+02
3.051384243883432656e-01 8.785556215044825876e+02
3.057011408032846433e-01 8.756838214942339391e+02
3.062648949432008050e-01 8.728406561242524049e+02
3.068296887217958346e-01 8.700249796833687697e+02
3.073955240563044367e-01 8.672356366559056369e+02
3.079624028674955993e-01 8.644713384461610985e+02
3.085303270796812547e-01 8.617307570663698471e+02
3.090992986207222737e-01 8.590125808372449683e+02
3.096693194220337397e-01 8.563155141675700861e+02
3.102403914185936640e-01 8.536382771748947107e+02
3.108125165489473152e-01 8.509795690246148752e+02
3.113856967552157129e-01 8.483380100351527062e+02
3.119599339831015672e-01 8.457122220020364693e+02
3.125352301818946632e-01 8.431008432626701961e+02
3.131115873044807985e-01 8.405025284647496164e+02
3.136890073073459462e-01 8.379159463813432467e+02
3.142674921505850261e-01 8.353397342995162944e+02
3.148470437979076775e-01 8.327724973657713008e+02
3.154276642166438105e-01 8.302128553218890374e+02
3.160093553777528208e-01 8.276594445965426985e+02
3.165921192558273645e-01 8.251109181931652756e+02
3.171759578291025727e-01 8.225659502511106211e+02
3.177608730794616587e-01 8.200232568905053085e+02
3.183468669924418015e-01 8.174815789995550404e+02
3.189339415572430281e-01 8.149396733327391757e+02
3.195220987667323209e-01 8.123963124953647821e+02
3.201113406174529996e-01 8.098502861329620828e+02
3.207016691096299943e-01 8.073004612635957074e+02
3.212930862471761184e-01 8.047458102532800694e+02
3.218855940377009506e-01 8.021853267248336579e+02
3.224791944925149978e-01 7.996180183331382523e+02
3.230738896266390214e-01 7.970429068440607807e+02
3.236696814588095883e-01 7.944590623256619892e+02
3.242665720114852324e-01 7.918657710936422518e+02
3.248645633108553366e-01 7.892624051310632467e+02
3.254636573868446847e-01 7.866483469497541137e+02
3.260638562731224543e-01 7.840229895581215942e+02
3.266651620071081563e-01 7.813857424773991625e+02
3.272675766299776301e-01 7.787362098342233594e+02
3.278711021866722031e-01 7.760742187676310095e+02
3.284757407259030204e-01 7.733996138913211098e+02
3.290814943001604265e-01 7.707122449757142704e+02
3.296883649657196269e-01 7.680119670008100456e+02
3.302963547826470725e-01 7.652987312777390798e+02
3.309054658148095074e-01 7.625727931538706343e+02
3.315157001298784101e-01 7.598344693325205981e+02
3.321270597993392637e-01 7.570840752525928110e+02
3.327395468984977733e-01 7.543219250457523231e+02
3.333531635064856391e-01 7.515483577796319423e+02
3.339679117062702707e-01 7.487639456296840308e+02
3.345837935846587841e-01 7.459693789332003462e+02
3.352008112323078826e-01 7.431653418739145991e+02
3.358189667437296300e-01 7.403525112699580859e+02
3.364382622172975568e-01 7.375315616444269153e+02
3.370586997552560415e-01 7.347032964498715728e+02
3.376802814637261396e-01 7.318686564786825102e+02
3.383030094527120224e-01 7.290285776990764361e+02
3.389268858361101922e-01 7.261839837554756514e+02
3.395519127317142005e-01 7.233357863119329068e+02
3.401780922612240854e-01 7.204849340511728997e+02
3.408054265502525881e-01 7.176324582132180012e+02
3.414339177283313709e-01 7.147793861935123232e+02
3.420635679289205644e-01 7.119267303615254150e+02
3.426943792894132645e-01 7.090754880598755108e+02
3.433263539511454132e-01 7.062266536618047894e+02
3.439594940594017380e-01 7.033812443129060057e+02
3.445938017634220807e-01 7.005402688438305177e+02
3.452292792164112778e-01 6.977047202446030951e+02
3.458659285755435464e-01 6.948755757318639326e+02
3.465037520019721429e-01 6.920537950784803343e+02
3.471427516608359687e-01 6.892403145458374638e+02
3.477829297212655657e-01 6.864360528127606358e+02
3.484242883563931081e-01 6.836419133809083633e+02
3.490668297433568434e-01 6.808587847056094233e+02
3.497105560633110843e-01 6.780875364786492128e+02
3.503554695014323705e-01 6.753290017936741378e+02
3.510015722469261856e-01 6.725839918565125117e+02
3.516488664930363384e-01 6.698533039918391978e+02
3.522973544370499588e-01 6.671377218299774086e+02
3.529470382803074346e-01 6.644380063074651162e+02
3.535979202282086287e-01 6.617548485049389910e+02
3.542500024902194289e-01 6.590889058562166838e+02
3.549032872798815741e-01 6.564408242461514646e+02
3.555577768148176498e-01 6.538112382501865341e+02
3.562134733167407474e-01 6.512007570270928909e+02
3.568703790114611807e-01 6.486098958228552647e+02
3.575284961288928698e-01 6.460391307241395680e+02
3.581878269030634443e-01 6.434889292927650786e+02
3.588483735721188506e-01 6.409597507886950325e+02
3.595101383783336768e-01 6.384520153203422979e+02
3.601731235681175369e-01 6.359659871631987471e+02
3.608373313920215653e-01 6.335018813275421508e+02
3.615027641047487972e-01 6.310599086589612625e+02
3.621694239651587210e-01 6.286402759554381419e+02
3.628373132362774922e-01 6.262431284367545459e+02
3.635064341853047054e-01 6.238684095289627294e+02
3.641767890836197785e-01 6.215160199670631300e+02
3.648483802067924997e-01 6.191858613069688317e+02
3.655212098345874128e-01 6.168778354732485241e+02
3.661952802509745308e-01 6.145917491824108083e+02
3.668705937441357201e-01 6.123271983768672726e+02
3.675471526064715277e-01 6.100837557103818654e+02
3.682249591346114515e-01 6.078609995124803618e+02
3.689040156294187134e-01 6.056585103835318478e+02
3.695843243960009183e-01 6.034757438339012197e+02
3.702658877437164930e-01 6.013119919360954100e+02
3.709487079861814585e-01 5.991665448009406418e+02
3.716327874412801435e-01 5.970387020918823282e+02
3.723181284311696260e-01 5.949277641837119290e+02
3.730047332822907236e-01 5.928329275270842800e+02
3.736926043253743224e-01 5.907533198753127408e+02
3.743817438954484267e-01 5.886880789884339720e+02
3.750721543318484286e-01 5.866363541092382548e+02
3.757638379782234916e-01 5.845972948601310009e+02
3.764567971825438786e-01 5.825700055672241433e+02
3.771510342971112761e-01 5.805535841847714664e+02
3.778465516785636802e-01 5.785471406423949929e+02
3.785433516878864424e-01 5.765497968223422731e+02
3.792414366904187095e-01 5.745607035038281083e+02
3.799408090558604734e-01 5.725790577194206890e+02
3.806414711582834509e-01 5.706040714750578218e+02
3.813434253761357473e-01 5.686349673626926915e+02
3.820466740922529580e-01 5.666709829967188625e+02
3.827512196938648303e-01 5.647114358059163806e+02
3.834570645726024241e-01 5.627557069018920402e+02
3.841642111245088254e-01 5.608031873912111678e+02
3.848726617500440872e-01 5.588532768608830565e+02
3.855824188540963315e-01 5.569054093125050713e+02
3.862934848459885773e-01 5.549591329568103220e+02
3.870058621394856790e-01 5.530140296775234674e+02
3.877195531528055961e-01 5.510696875166674999e+02
3.884345603086239995e-01 5.491257024535015034e+02
3.891508860340856524e-01 5.471817351868345440e+02
3.898685327608112372e-01 5.452375219253482328e+02
3.905875029249044061e-01 5.432928073095898753e+02
3.913077989669630496e-01 5.413473401999149246e+02
3.920294233320841260e-01 5.394008875785032160e+02
3.927523784698750409e-01 5.374532941942459274e+02
3.934766668344604201e-01 5.355044321081677481e+02
3.942022908844895479e-01 5.335541759991732533e+02
3.949292530831473580e-01 5.316024045222749237e+02
3.956575558981595964e-01 5.296490467482303757e+02
3.963872018018040344e-01 5.276940926151031590e+02
3.971181932709177964e-01 5.257375367143901030e+02
3.978505327869041874e-01 5.237793745867403459e+02
3.985842228357443506e-01 5.218196241005325646e+02
3.993192659080022078e-01 5.198583974342908505e+02
4.000556644988358390e-01 5.178958316259943331e+02
4.007934211080048104e-01 5.159320625265901299e+02
4.015325382398772791e-01 5.139672292745804043e+02
4.022730184034414291e-01 5.120015502171677326e+02
4.030148641123107445e-01 5.100353107175541822e+02
4.037580778847353336e-01 5.080687948482273555e+02
4.045026622436094788e-01 5.061022832305746988e+02
4.052486197164785198e-01 5.041361041270760666e+02
4.059959528355507330e-01 5.021707031755402681e+02
4.067446641377024941e-01 5.002065373766594121e+02
4.074947561644897132e-01 4.982440571193918686e+02
4.082462314621552735e-01 4.962837181376695526e+02
4.089990925816363587e-01 4.943260485386595064e+02
4.097533420785762770e-01 4.923716005981514172e+02
4.105089825133295123e-01 4.904209181979909999e+02
4.112660164509733263e-01 4.884745383137354224e+02
4.120244464613154745e-01 4.865330211628398729e+02
4.127842751189015336e-01 4.845969476729738972e+02
4.135455050030265034e-01 4.826668906080371926e+02
4.143081386977403024e-01 4.807434133440014534e+02
4.150721787918594252e-01 4.788270537544889862e+02
4.158376278789745473e-01 4.769183092699083772e+02
4.166044885574579082e-01 4.750176654554961715e+02
4.173727634304748579e-01 4.731255997753172551e+02
4.181424551059912398e-01 4.712425604218005333e+02
4.189135661967812729e-01 4.693689053959110424e+02
4.196860993204388768e-01 4.675049664622065393e+02
4.204600570993837216e-01 4.656510696108204570e+02
4.212354421608727195e-01 4.638075216605129754e+02
4.220122571370079068e-01 4.619745247831528445e+02
4.227905046647438270e-01 4.601522330688214311e+02
4.235701873858997435e-01 4.583407973970888065e+02
4.243513079471650795e-01 4.565403604109737898e+02
4.251338690001114085e-01 4.547509901170263902e+02
4.259178732012000590e-01 4.529727011479296266e+02
4.267033232117900532e-01 4.512055061767611051e+02
4.274902216981499858e-01 4.494494155715611896e+02
4.282785713314637421e-01 4.477044003872617282e+02
4.290683747878424326e-01 4.459703910227372603e+02
4.298596347483323310e-01 4.442473164559715428e+02
4.306523538989226463e-01 4.425351058926200949e+02
4.314465349305576236e-01 4.408336745028734072e+02
4.322421805391422622e-01 4.391429176266235004e+02
4.330392934255543613e-01 4.374627301065283405e+02
4.338378762956526247e-01 4.357930077610480453e+02
4.346379318602844322e-01 4.341336389971454537e+02
4.354394628352979968e-01 4.324844984940283439e+02
4.362424719415482488e-01 4.308454608044547172e+02
4.370469619049089371e-01 4.292164017551443749e+02
4.378529354562807896e-01 4.275971812719815830e+02
4.386603953315993953e-01 4.259876259101889104e+02
4.394693442718474174e-01 4.243875601207977866e+02
4.402797850230605881e-01 4.227968103746704855e+02
4.410917203363400318e-01 4.212151794173087183e+02
4.419051529678602042e-01 4.196424169126547099e+02
4.427200856788770511e-01 4.180782686086999433e+02
4.435365212357403886e-01 4.165224834064519541e+02
4.443544624098997864e-01 4.149747802886184331e+02
4.451739119779171139e-01 4.134348121948013386e+02
4.459948727214744779e-01 4.119022280050970721e+02
4.468173474273826051e-01 4.103766811948942745e+02
4.476413388875931654e-01 4.088578039386880505e+02
4.484668498992047669e-01 4.073451841018332402e+02
4.492938832644756131e-01 4.058384098222638272e+02
4.501224417908316622e-01 4.043370749455016266e+02
4.509525282908748434e-01 4.028407723656932831e+02
4.517841455823955465e-01 4.013490901504233648e+02
4.526172964883789507e-01 3.998616213441216019e+02
4.534519838370172917e-01 3.983779657191413435e+02
4.542882104617187444e-01 3.968977580940440930e+02
4.551259792011149163e-01 3.954206747094606271e+02
4.559652928990742815e-01 3.939463988404389170e+02
4.568061544047079536e-01 3.924746217928194483e+02
4.576485665723825091e-01 3.910051023318738430e+02
4.584925322617283694e-01 3.895376592446897348e+02
4.593380543376481273e-01 3.880721161703959865e+02
4.601851356703295370e-01 3.866083072531597509e+02
4.610337791352513981e-01 3.851461512935951532e+02
4.618839876131967670e-01 3.836856180099711651e+02
4.627357639902612840e-01 3.822266784837922842e+02
4.635891111578614443e-01 3.807693165952812251e+02
4.644440320127473099e-01 3.793135890898354319e+02
4.653005294570110584e-01 3.778595787915753021e+02
4.661586063980951988e-01 3.764073675202938603e+02
4.670182657488058386e-01 3.749570435844717053e+02
4.678795104273189009e-01 3.735087184576308914e+02
4.687423433571930587e-01 3.720625069769132551e+02
4.696067674673786718e-01 3.706185226991712511e+02
4.704727856922258367e-01 3.691769026480930620e+02
4.713404009714980414e-01 3.677378241265518568e+02
4.722096162503780503e-01 3.663014658632221767e+02
4.730804344794814487e-01 3.648679971162379161e+02
4.739528586148651912e-01 3.634374639648005427e+02
4.748268916180360955e-01 3.620098081873809406e+02
4.757025364559643310e-01 3.605849691411860931e+02
4.765797961010896922e-01 3.591629215016823764e+02
4.774586735313349206e-01 3.577438641069677487e+02
4.783391717301144763e-01 3.563280823506112256e+02
4.792212936863431971e-01 3.549158573845409137e+02
4.801050423944498990e-01 3.535074658982206302e+02
4.809904208543833715e-01 3.521031801475831458e+02
4.818774320716264215e-01 3.507032679860681128e+02
4.827660790572042004e-01 3.493079928977373925e+02
4.836563648276932526e-01 3.479176140323898494e+02
4.845482924052348928e-01 3.465323862426106416e+02
4.854418648175418682e-01 3.451525601227183984e+02
4.863370850979118476e-01 3.437783820495287728e+02
4.872339562852363581e-01 3.424100942248959427e+02
4.881324814240094456e-01 3.410479347199645304e+02
4.890326635643417186e-01 3.396921375210824294e+02
4.899345057619665655e-01 3.383429325773233245e+02
4.908380110782540329e-01 3.370005458495527364e+02
4.917431825802198175e-01 3.356651993610065574e+02
4.926500233405340379e-01 3.343371112493139208e+02
4.935585364375352779e-01 3.330164958199185321e+02
4.944687249552369157e-01 3.317035636008600932e+02
4.953805919833413340e-01 3.303984674382724620e+02
4.962941406172485248e-01 3.291010978166758036e+02
4.972093739580654148e-01 3.278112685837567710e+02
4.981262951126199101e-01 3.265287960701232919e+02
4.990449071934670577e-01 3.252534990719223629e+02
4.999652133189037007e-01 3.239851988182622904e+02
5.008872166129769710e-01 3.227237189395927999e+02
5.018109202054936713e-01 3.214688854370093054e+02
5.027363272320347631e-01 3.202205266524698573e+02
5.036634408339610847e-01 3.189784732399083396e+02
5.045922641584285051e-01 3.177425581372096985e+02
5.055228003583964735e-01 3.165126165390501001e+02
5.064550525926374558e-01 3.152884858705701845e+02
5.073890240257512563e-01 3.140700057618618644e+02
5.083247178281712353e-01 3.128570180232668463e+02
5.092621371761794080e-01 3.116493666214474274e+02
5.102012852519151043e-01 3.104468976562329203e+02
5.111421652433842944e-01 3.092494593382150470e+02
5.120847803444739110e-01 3.080569019670738271e+02
5.130291337549605091e-01 3.068690779106257764e+02
5.139752286805201464e-01 3.056858415845766785e+02
5.149230683327425950e-01 3.045070497833236800e+02
5.158726559291380021e-01 3.033325770202658873e+02
5.168239946931518780e-01 3.021623212193805443e+02
5.177770878541739785e-01 3.009961832821131225e+02
5.187319386475479632e-01 2.998340654667223362e+02
5.196885503145860508e-01 2.986758713767093241e+02
5.206469261025756801e-01 2.975215059495605487e+02
5.216070692647944984e-01 2.963708754457846908e+02
5.225689830605194652e-01 2.952238874382547920e+02
5.235326707550366221e-01 2.940804508018292722e+02
5.244981356196555256e-01 2.929404757032594375e+02
5.254653809317166857e-01 2.918038735913714277e+02
5.264344099746056660e-01 2.906705571875179999e+02
5.274052260377634083e-01 2.895404404762887793e+02
5.283778324166953366e-01 2.884134386964863666e+02
5.293522324129861234e-01 2.872894683323421532e+02
5.303284293343072386e-01 2.861684471049852618e+02
5.313064264944311610e-01 2.850502939641430658e+02
5.322862272132417027e-01 2.839349290800780068e+02
5.332678348167434468e-01 2.828222738357540038e+02
5.342512526370762904e-01 2.817122508192148302e+02
5.352364840125233281e-01 2.806047838161892400e+02
5.362235322875253951e-01 2.794997978028927719e+02
5.372124008126909489e-01 2.783972524284773158e+02
5.382030929448055057e-01 2.772972420779077538e+02
5.391956120468475167e-01 2.761998932113409637e+02
5.401899614879948075e-01 2.751053302859928067e+02
5.411861446436402323e-01 2.740136757683469000e+02
5.421841648954012216e-01 2.729250501469243773e+02
5.431840256311295523e-01 2.718395719455908193e+02
5.441857302449272238e-01 2.707573577373741500e+02
5.451892821371528974e-01 2.696785221588045260e+02
5.461946847144377726e-01 2.686031779247292661e+02
5.472019413896953566e-01 2.675314358436132807e+02
5.482110555821311237e-01 2.664634048332993075e+02
5.492220307172586136e-01 2.653991919372066945e+02
5.502348702269058700e-01 2.643389023409739593e+02
5.512495775492317618e-01 2.632826393895065280e+02
5.522661561287351972e-01 2.622305046044361347e+02
5.532846094162658934e-01 2.611825977019674951e+02
5.543049408690392532e-01 2.601390166110973041e+02
5.553271539506442478e-01 2.590998574922031139e+02
5.563512521310589598e-01 2.580652147559716809e+02
5.573772388866603533e-01 2.570351810826723522e+02
5.584051177002347099e-01 2.560098474417513899e+02
5.594348920609932829e-01 2.549893031117318856e+02
5.604665654645795136e-01 2.539736296686074866e+02
5.615001414130853519e-01 2.529628168011132345e+02
5.625356234150606927e-01 2.519567846140602967e+02
5.635730149855240345e-01 2.509554524276243797e+02
5.646123196459784666e-01 2.499587405880655524e+02
5.656535409244188850e-01 2.489665704566205022e+02
5.666966823553479804e-01 2.479788643986144905e+02
5.677417474797863406e-01 2.469955457728120507e+02
5.687887398452834420e-01 2.460165389209824411e+02
5.698376630059320824e-01 2.450417691576894583e+02
5.708885205223795944e-01 2.440711627602928786e+02
5.719413159618379483e-01 2.431046469591661321e+02
5.729960528980996282e-01 2.421421499281113370e+02
5.740527349115455147e-01 2.411836007749882924e+02
5.751113655891608722e-01 2.402289295325314811e+02
5.761719485245460071e-01 2.392780671493698890e+02
5.772344873179261482e-01 2.383309454812337833e+02
5.782989855761686560e-01 2.373874972823476242e+02
5.793654469127897944e-01 2.364476561970124919e+02
5.804338749479714954e-01 2.355113567513591590e+02
5.815042733085717952e-01 2.345785343452843392e+02
5.825766456281353811e-01 2.336491252445578652e+02
5.836509955469100230e-01 2.327230665730957355e+02
5.847273267118541229e-01 2.318002963054043164e+02
5.858056427766535901e-01 2.308807532591791301e+02
5.868859474017321665e-01 2.299643839214454317e+02
5.879682442542618626e-01 2.290511725994084600e+02
5.890525370081801659e-01 2.281411162537885389e+02
5.901388293441971467e-01 2.272342117798656886e+02
5.912271249498126657e-01 2.263304559980416855e+02
5.923174275193267002e-01 2.254298456546369778e+02
5.934097407538500013e-01 2.245323774226843625e+02
5.945040683613214139e-01 2.236380479027105252e+02
5.956004140565150928e-01 2.227468536235284944e+02
5.966987815610577117e-01 2.218587910430137242e+02
5.977991746034390097e-01 2.209738565488850384e+02
5.989015969190226718e-01 2.200920464594800876e+02
6.000060522500636484e-01 2.192133570245242993e+02
6.011125443457152606e-01 2.183377844259024698e+02
6.022210769620468529e-01 2.174653247784207792e+02
6.033316538620544511e-01 2.165959741305698003e+02
6.044442788156717539e-01 2.157297284652829319e+02
6.055589555997868967e-01 2.148665837006889490e+02
6.066756879982510009e-01 2.140065356908658316e+02
6.077944798018948269e-01 2.131495802265856980e+02
6.089153348085399875e-01 2.122957130360603628e+02
6.100382568230098279e-01 2.114449297856822341e+02
6.111632496571467454e-01 2.105972260807600662e+02
6.122903171298204050e-01 2.097525974662547696e+02
6.134194630669447257e-01 2.089110394275054432e+02
6.145506913014892048e-01 2.080725473909588743e+02
6.156840056734897981e-01 2.072371168008861844e+02
6.168194100300666838e-01 2.064047447696663085e+02
6.179569082254320334e-01 2.055754300360782452e+02
6.190965041209077757e-01 2.047491713001922164e+02
6.202382015849363661e-01 2.039259671498800515e+02
6.213820044930925546e-01 2.031058160620483761e+02
6.225279167281004833e-01 2.022887164038656920e+02
6.236759421798421243e-01 2.014746664339899667e+02
6.248260847453748212e-01 2.006636643037851400e+02
6.259783483289427242e-01 1.998557080585369761e+02
6.271327368419878923e-01 1.990507956386639705e+02
6.282892542031681682e-01 1.982489248809167748e+02
6.294479043383652828e-01 1.974500935195828788e+02
6.306086911807030626e-01 1.966542991876758322e+02
6.317716186705580883e-01 1.958615394181250906e+02
6.329366907555721289e-01 1.950718116449604622e+02
6.341039113906684621e-01 1.942851132044874021e+02
6.352732845380638649e-01 1.935014413364603456e+02
6.364448141672800485e-01 1.927207931852506988e+02
6.376185042551617554e-01 1.919431658010040564e+02
6.387943587858848637e-01 1.911685561408015133e+02
6.399723817509747059e-01 1.903969610698039219e+02
6.411525771493171710e-01 1.896283773624000162e+02
6.423349489871711393e-01 1.888628017033440187e+02
6.435195012781858015e-01 1.881002306888869384e+02
6.447062380434096518e-01 1.873406608279070440e+02
6.458951633113084734e-01 1.865840885430275478e+02
6.470862811177771068e-01 1.858305101717335788e+02
6.482795955061509963e-01 1.850799219674829885e+02
6.494751105272248415e-01 1.843323187902814198e+02
6.506728302392609242e-01 1.835876869019406001e+02
6.518727587080073160e-01 1.828460092243585393e+02
6.530749000067100907e-01 1.821072688031109408e+02
6.542792582161248705e-01 1.813714488158084635e+02
6.554858374245352559e-01 1.806385325710593577e+02
6.566946417277618187e-01 1.799085035074443510e+02
6.579056752291800869e-01 1.791813451924970764e+02
6.591189420397328691e-01 1.784570413216934526e+02
6.603344462779422441e-01 1.777355757174548785e+02
6.615521920699278802e-01 1.770169323281519098e+02
6.627721835494160274e-01 1.763010952271228859e+02
6.639944248577579478e-01 1.755880486116986674e+02
6.652189201439422384e-01 1.748777768022339103e+02
6.664456735646068219e-01 1.741702642411514717e+02
6.676746892840574876e-01 1.734654954919891168e+02
6.689059714742769946e-01 1.727634552384596702e+02
6.701395243149440573e-01 1.720641282835141510e+02
6.713753519934447800e-01 1.713674995484165038e+02
6.726134587048858693e-01 1.706735540718260324e+02
6.738538486521127302e-01 1.699822770088845800e+02
6.750965260457189032e-01 1.692936536303151343e+02
6.763414951040644940e-01 1.686076693215252931e+02
6.775887600532893851e-01 1.679243095817177220e+02
6.788383251273244490e-01 1.672435600230135151e+02
6.800901945679115324e-01 1.665654063695748448e+02
6.813443726246121157e-01 1.658898344567423635e+02
6.826008635548262982e-01 1.652168302301731160e+02
6.838596716238056761e-01 1.645463797449910430e+02
6.851208011046651114e-01 1.638784691649433682e+02
6.863842562784027157e-01 1.632130847615598555e+02
6.876500414339085099e-01 1.625502129133605251e+02
6.889181608679838531e-01 1.618898413212280900e+02
6.901886188853539883e-01 1.612319621817001121e+02
6.914614197986805877e-01 1.605765687038181113e+02
6.927365679285811817e-01 1.599236540936359461e+02
6.940140676036383738e-01 1.592732115544321232e+02
6.952939231604193804e-01 1.586252342869137237e+02
6.965761389434884654e-01 1.579797154894254732e+02
6.978607193054200408e-01 1.573366483581530986e+02
6.991476686068177626e-01 1.566960260873254072e+02
7.004369912163241896e-01 1.560578418694168761e+02
7.017286915106403233e-01 1.554220888953463771e+02
7.030227738745383759e-01 1.547887603546748210e+02
7.043192427008745371e-01 1.541578494358040530e+02
7.056181023906081817e-01 1.535293493261695232e+02
7.069193573528147478e-01 1.529032532124337251e+02
7.082230120046981714e-01 1.522795542806807703e+02
7.095290707716114254e-01 1.516582457166036306e+02
7.108375380870655125e-01 1.510393207056949052e+02
7.121484183927494493e-01 1.504227724334336358e+02
7.134617161385435891e-01 1.498085940854703040e+02
7.147774357825319447e-01 1.491967788478137038e+02
7.160955817910230614e-01 1.485873199070102544e+02
7.174161586385588985e-01 1.479802104503280020e+02
7.187391708079352570e-01 1.473754436659348528e+02
7.200646227902148810e-01 1.467730127430775156e+02
7.213925190847404467e-01 1.461729108722587398e+02
7.227228641991547686e-01 1.455751312454112849e+02
7.240556626494106807e-01 1.449796670560738789e+02
7.253909189597911311e-01 1.443865114995605268e+02
7.267286376629225053e-01 1.437956577731339678e+02
7.280688232997877263e-01 1.432070990761749840e+02
7.294114804197466828e-01 1.426208286103484966e+02
7.307566135805462215e-01 1.420368395797725043e+02
7.321042273483404639e-01 1.414551251911802012e+02
7.334543262977039069e-01 1.408756786540868973e+02
7.348069150116451898e-01 1.402984931809502882e+02
7.361619980816274111e-01 1.397235618965972037e+02
7.375195801075783431e-01 1.391508768675715544e+02
7.388796656979104149e-01 1.385804294937269106e+02
7.402422594695348135e-01 1.380122111968058789e+02
7.416073660478748053e-01 1.374462134322023132e+02
7.429749900668862761e-01 1.368824276888195186e+02
7.443451361690679446e-01 1.363208454889313543e+02
7.457178090054821240e-01 1.357614583880425130e+02
7.470930132357684883e-01 1.352042579747495097e+02
7.484707535281570623e-01 1.346492358706050538e+02
7.498510345594900928e-01 1.340963837299784416e+02
7.512338610152313745e-01 1.335456932399201833e+02
7.526192375894875664e-01 1.329971561200255508e+02
7.540071689850220693e-01 1.324507641222983239e+02
7.553976599132683489e-01 1.319065090310184303e+02
7.567907150943515848e-01 1.313643826626046405e+02
7.581863392570982185e-01 1.308243768654843393e+02
7.595845371390579359e-01 1.302864835199567608e+02
7.609853134865166568e-01 1.297506945380633852e+02
7.623886730545113011e-01 1.292170018634558062e+02
7.637946206068504384e-01 1.286853974712629736e+02
7.652031609161246140e-01 1.281558733679624709e+02
7.666142987637283301e-01 1.276284215912488378e+02
7.680280389398732588e-01 1.271030342099048625e+02
7.694443862436027848e-01 1.265797033236733711e+02
7.708633454828134335e-01 1.260584210631270139e+02
7.722849214742649737e-01 1.255391795895429965e+02
7.737091190436021781e-01 1.250219710947737184e+02
7.751359430253693672e-01 1.245067878011205522e+02
7.765653982630235097e-01 1.239936219612101098e+02
7.779974896089562053e-01 1.234824658578653782e+02
7.794322219245075622e-01 1.229733118039828383e+02
7.808696000799802972e-01 1.224661521424079638e+02
7.823096289546616067e-01 1.219609792458105062e+02
7.837523134368336031e-01 1.214577855165625806e+02
7.851976584237957413e-01 1.209565633866145902e+02
7.866456688218782523e-01 1.204573053173740220e+02
7.880963495464574642e-01 1.199600037995836317e+02
7.895497055219770077e-01 1.194646513531998551e+02
7.910057416819589182e-01 1.189712405272730820e+02
7.924644629690258402e-01 1.184797638998273754e+02
7.939258743349150160e-01 1.179902140777399353e+02
7.953899807404929412e-01 1.175025836966245407e+02
7.968567871557782345e-01 1.170168654227025655e+02
7.983262985599510753e-01 1.165330521115503046e+02
7.997985199413768509e-01 1.160511369202690020e+02
8.012734562976198127e-01 1.155711130541400848e+02
8.027511126354583970e-01 1.150929737389852647e+02
8.042314939709069854e-01 1.146167122211227394e+02
8.057146053292271182e-01 1.141423217673285677e+02
8.072004517449500316e-01 1.136697956647941083e+02
8.086890382618915352e-01 1.131991272210852486e+02
8.101803699331660003e-01 1.127303097641027279e+02
8.116744518212100079e-01 1.122633366420390360e+02
8.131712889977927849e-01 1.117982012233390066e+02
8.146708865440387415e-01 1.113348968966569998e+02
8.161732495504426810e-01 1.108734170708167710e+02
8.176783831168845662e-01 1.104137551747705999e+02
8.191862923526525009e-01 1.099559046575562604e+02
8.206969823764533878e-01 1.094998589882578841e+02
8.222104583164364655e-01 1.090456116559629436e+02
8.237267253102077413e-01 1.085931561697213112e+02
8.252457885048450903e-01 1.081424860585045593e+02
8.267676530569219029e-01 1.076935948711632847e+02
8.282923241325174102e-01 1.072464761763875174e+02
8.298198069072404426e-01 1.068011235626625393e+02
8.313501065662443068e-01 1.063575306382296617e+02
8.328832283042417739e-01 1.059156910310440907e+02
8.344191773255291711e-01 1.054755983887323083e+02
8.359579588439962627e-01 1.050372463785524957e+02
8.374995780831510084e-01 1.046006286873505928e+02
8.390440402761337735e-01 1.041657390215200536e+02
8.405913506657333167e-01 1.037325711069608190e+02
8.421415145044101047e-01 1.033011186890354765e+02
8.436945370543074141e-01 1.028713755325296688e+02
8.452504235872752014e-01 1.024433354216092766e+02
8.468091793848854243e-01 1.020169921597785248e+02
8.483708097384474733e-01 1.015923395698397513e+02
8.499353199490319311e-01 1.011693714938489705e+02
8.515027153274817850e-01 1.007480817930770627e+02
8.530730011944368529e-01 1.003284643479656353e+02
8.546461828803485483e-01 9.991051305808619531e+01
8.562222657254958680e-01 9.949422184209886666e+01
8.578012550800097058e-01 9.907958463770891910e+01
8.593831563038835109e-01 9.866659540162694952e+01
8.609679747669980454e-01 9.825524810952535404e+01
8.625557158491369281e-01 9.784553675599663336e+01
8.641463849400021768e-01 9.743745535451306239e+01
8.657399874392375239e-01 9.703099793738282131e+01
8.673365287564446247e-01 9.662615855570906831e+01
8.689360143111986012e-01 9.622293127934825918e+01
8.705384495330722450e-01 9.582131019686737261e+01
8.721438398616480070e-01 9.542128941550288346e+01
8.737521907465420901e-01 9.502286306111835756e+01
8.753635076474204357e-01 9.462602527816208919e+01
8.769777960340150447e-01 9.423077022962664273e+01
8.785950613861480685e-01 9.383709209700484166e+01
8.802153091937438001e-01 9.344498508024994976e+01
8.818385449568532097e-01 9.305444339528675357e+01
8.834647741856703762e-01 9.266546121512332945e+01
8.850940024005479190e-01 9.227803266799068638e+01
8.867262351320225333e-01 9.189215189950674301e+01
8.883614779208262036e-01 9.150781307569837963e+01
8.899997363179117382e-01 9.112501038293629563e+01
8.916410158844683131e-01 9.074373802787255272e+01
8.932853221919383468e-01 9.036399023737787672e+01
8.949326608220420365e-01 8.998576125847655760e+01
8.965830373667895703e-01 8.960904535828609596e+01
8.982364574285062186e-01 8.923383682395196104e+01
8.998929266198487653e-01 8.886012996258652663e+01
9.015524505638217168e-01 8.848791910120664284e+01
9.032150348938027262e-01 8.811719858667042615e+01
9.048806852535548062e-01 8.774796278561598228e+01
9.065494072972510864e-01 8.738020608439889259e+01
9.082212066894921332e-01 8.701392288903072370e+01
9.098960891053219369e-01 8.664910762511757980e+01
9.115740602302537798e-01 8.628575473779790173e+01
9.132551257602818939e-01 8.592385869168221291e+01
9.149392914019076617e-01 8.556341397079123112e+01
9.166265628721559366e-01 8.520441507849440654e+01
9.183169458985919187e-01 8.484685653745088985e+01
9.200104462193466892e-01 8.449073288954643601e+01
9.217070695831296456e-01 8.413603869583555195e+01
9.234068217492542585e-01 8.378276853647842870e+01
9.251097084876551691e-01 8.343091701068276222e+01
9.268157355789045093e-01 8.308047873664317251e+01
9.285249088142384366e-01 8.273144835148058007e+01
9.302372339955691238e-01 8.238382051118391303e+01
9.319527169355110718e-01 8.203758989054904305e+01
9.336713634573982068e-01 8.169275118312022244e+01
9.353931793953002005e-01 8.134929910113089591e+01
9.371181705940500040e-01 8.100722837544422816e+01
9.388463429092546164e-01 8.066653375549468308e+01
9.405777022073231741e-01 8.032721000922832388e+01
9.423122543654827155e-01 7.998925192304510290e+01
9.440500052717960555e-01 7.965265430174015648e+01
9.457909608251883204e-01 7.931741196844537001e+01
9.475351269354589379e-01 7.898351976457131229e+01
9.492825095233088373e-01 7.865097254974914165e+01
9.510331145203575476e-01 7.831976520177241241e+01
9.527869478691605165e-01 7.798989261654064364e+01
9.545440155232355339e-01 7.766134970800018777e+01
9.563043234470759435e-01 7.733413140808799824e+01
9.580678776161772880e-01 7.700823266667404710e+01
9.598346840170547400e-01 7.668364845150362896e+01
9.616047486472604211e-01 7.636037374814182499e+01
9.633780775154094922e-01 7.603840355991529520e+01
9.651546766411983613e-01 7.571773290785633037e+01
9.669345520554210038e-01 7.539835683064697491e+01
9.687177097999972730e-01 7.508027038456114610e+01
9.705041559279852237e-01 7.476346864341032017e+01
9.722938965036083125e-01 7.444794669848596413e+01
9.740869376022733839e-01 7.413369965850431242e+01
9.758832853105881000e-01 7.382072264955144192e+01
9.776829457263889189e-01 7.350901081502581746e+01
9.794859249587529737e-01 7.319855931558507223e+01
9.812922291280269382e-01 7.288936332908902216e+01
9.831018643658437917e-01 7.258141805054529527e+01
9.849148368151413591e-01 7.227471869205469091e+01
9.867311526301898450e-01 7.196926048275531684e+01
9.885508179766044901e-01 7.166503866876934126e+01
9.903738390313741036e-01 7.136204851314730035e+01
9.922002219828784941e-01 7.106028529581391240e+01
9.940299730309066772e-01 7.075974431351494331e+01
9.958630983866851860e-01 7.046042087976125856e+01
9.976996042728903946e-01 7.016231032477691087e+01
9.995394969236774951e-01 6.986540799544377478e+01
1.001382782584698372e+00 6.956970925524858274e+01
1.003229467513119255e+00 6.927520948422993285e+01
1.005079557977650140e+00 6.898190407892364817e+01
1.006933060258556889e+00 6.868978845231112018e+01
1.008789980647689877e+00 6.839885803376500917e+01
1.010650325448503084e+00 6.810910826879302249e+01
1.012514100976071418e+00 6.782053460617947849e+01
1.014381313557119801e+00 6.753313249058119538e+01
1.016251969530036270e+00 6.724689738158487273e+01
1.018126075244901063e+00 6.696182475550133972e+01
1.020003637063505053e+00 6.667791010530766016e+01
1.021884661359367064e+00 6.639514894058977745e+01
1.023769154517764735e+00 6.611353678748308482e+01
1.025657122935746068e+00 6.583306918861666190e+01
1.027548573022159850e+00 6.555374170305404391e+01
1.029443511197673411e+00 6.527554990623664821e+01
1.031341943894791058e+00 6.499848938992755620e+01
1.033243877557884494e+00 6.472255576215272299e+01
1.035149318643205030e+00 6.444774464714588191e+01
1.037058273618913340e+00 6.417405168529117532e+01
1.038970748965098334e+00 6.390147253306663089e+01
1.040886751173796032e+00 6.363000286298906616e+01
1.042806286749018874e+00 6.335963836355666956e+01
1.044729362206768819e+00 6.309037473919415362e+01
1.046655984075068213e+00 6.282220771019691341e+01
1.048586158893977549e+00 6.255513301267498605e+01
1.050519893215614564e+00 6.228914639849921286e+01
1.052457193604184660e+00 6.202424363524439599e+01
1.054398066635994224e+00 6.176042050613581580e+01
1.056342518899480609e+00 6.149767280999350305e+01
1.058290556995230336e+00 6.123599636117832290e+01
1.060242187536000191e+00 6.097538698953755443e+01
1.062197417146745426e+00 6.071584054035037070e+01
1.064156252464634189e+00 6.045735287427418569e+01
1.066118700139077946e+00 6.019991986729057487e+01
1.068084766831750798e+00 5.994353741065148711e+01
1.070054459216608134e+00 5.968820141082667163e+01
1.072027783979916382e+00 5.943390778944905861e+01
1.074004747820272776e+00 5.918065248326244188e+01
1.075985357448624002e+00 5.892843144406877087e+01
1.077969619588296846e+00 5.867724063867421336e+01
1.079957540975013064e+00 5.842707604883835160e+01
1.081949128356918699e+00 5.817793367121974768e+01
1.083944388494604505e+00 5.792980951732513262e+01
1.085943328161125265e+00 5.768269961345693986e+01
1.087945954142030880e+00 5.743660000066098803e+01
1.089952273235379909e+00 5.719150673467552082e+01
1.091962292251771105e+00 5.694741588587893943e+01
1.093976018014362728e+00 5.670432353923827407e+01
1.095993457358892753e+00 5.646222579425902666e+01
1.098014617133709070e+00 5.622111876493291760e+01
1.100039504199784801e+00 5.598099857968784931e+01
1.102068125430749168e+00 5.574186138133656243e+01
1.104100487712907031e+00 5.550370332702625120e+01
1.106136597945258870e+00 5.526652058818872604e+01
1.108176463039532988e+00 5.503030935048922601e+01
1.110220089920198827e+00 5.479506581377728480e+01
1.112267485524498944e+00 5.456078619203613300e+01
1.114318656802469665e+00 5.432746671333317323e+01
1.116373610716959730e+00 5.409510361977115878e+01
1.118432354243663829e+00 5.386369316743718372e+01
1.120494894371135475e+00 5.363323162635544605e+01
1.122561238100820091e+00 5.340371528043620941e+01
1.124631392447073885e+00 5.317514042742835301e+01
1.126705364437186052e+00 5.294750337887006708e+01
1.128783161111408750e+00 5.272080046004005283e+01
1.130864789522973313e+00 5.249502800990983076e+01
1.132950256738121331e+00 5.227018238109442905e+01
1.135039569836125750e+00 5.204625993980506138e+01
1.137132735909310632e+00 5.182325706580112268e+01
1.139229762063084683e+00 5.160117015234199300e+01
1.141330655415954576e+00 5.137999560613996408e+01
1.143435423099558257e+00 5.115972984731228479e+01
1.145544072258685597e+00 5.094036930933377505e+01
1.147656610051298820e+00 5.072191043899054819e+01
1.149773043648564474e+00 5.050434969633170113e+01
1.151893380234869868e+00 5.028768355462391781e+01
1.154017627007854152e+00 5.007190850030336549e+01
1.156145791178430526e+00 4.985702103292993570e+01
1.158277879970806001e+00 4.964301766514128644e+01
1.160413900622514927e+00 4.942989492260539919e+01
1.162553860384434090e+00 4.921764934397580760e+01
1.164697766520815136e+00 4.900627748084459512e+01
1.166845626309306105e+00 4.879577589769725421e+01
1.168997447040972304e+00 4.858614117186723291e+01
1.171153236020329835e+00 4.837736989348966432e+01
1.173313000565360031e+00 4.816945866545715660e+01
1.175476748007543870e+00 4.796240410337352955e+01
1.177644485691881737e+00 4.775620283550949097e+01
1.179816220976916519e+00 4.755085150275783690e+01
1.181991961234763799e+00 4.734634675858833219e+01
1.184171713851135177e+00 4.714268526900312395e+01
1.186355486225358469e+00 4.693986371249306444e+01
1.188543285770412128e+00 4.673787877999252061e+01
1.190735119912939455e+00 4.653672717483591015e+01
1.192930996093283902e+00 4.633640561271334946e+01
1.195130921765509724e+00 4.613691082162690549e+01
1.197334904397423516e+00 4.593823954184735214e+01
1.199542951470609076e+00 4.574038852586978265e+01
1.201755070480441390e+00 4.554335453837121861e+01
1.203971268936122385e+00 4.534713435616662025e+01
1.206191554360701801e+00 4.515172476816577785e+01
1.208415934291098948e+00 4.495712257533139677e+01
1.210644416278137347e+00 4.476332459063463176e+01
1.212877007886560277e+00 4.457032763901407435e+01
1.215113716695065404e+00 4.437812855733193373e+01
1.217354550296326110e+00 4.418672419433237053e+01
1.219599516297014130e+00 4.399611141063858355e+01
1.221848622317833755e+00 4.380628709889651873e+01
1.224101875993538480e+00 4.361724821613633196e+01
1.226359284972964314e+00 4.342899173841158245e+01
1.228620856919053317e+00 4.324151465205201816e+01
1.230886599508874912e+00 4.305481395363709396e+01
1.233156520433661196e+00 4.286888664996764220e+01
1.235430627398822923e+00 4.268372975804038560e+01
1.237708928123984586e+00 4.249934030501980686e+01
1.239991430343006629e+00 4.231571532821151749e+01
1.242278141804007641e+00 4.213285187503580431e+01
1.244569070269400557e+00 4.195074700300007464e+01
1.246864223515907533e+00 4.176939777967258749e+01
1.249163609334596137e+00 4.158880128265504084e+01
1.251467235530901778e+00 4.140895459955603997e+01
1.253775109924650133e+00 4.122985482796463685e+01
1.256087240350092893e+00 4.105149907542276111e+01
1.258403634655923975e+00 4.087388445939956938e+01
1.260724300705315271e+00 4.069700810726372708e+01
1.263049246375939516e+00 4.052086715625723912e+01
1.265378479559992719e+00 4.034545875346906740e+01
1.267712008164231019e+00 4.017078005580779632e+01
1.270049840109985784e+00 3.999682822997588261e+01
1.272391983333200471e+00 3.982360045244249136e+01
1.274738445784453722e+00 3.965109390941699985e+01
1.277089235428982006e+00 3.947930579682321905e+01
1.279444360246715817e+00 3.930823332027183170e+01
1.281803828232297215e+00 3.913787369503511115e+01
1.284167647395114464e+00 3.896822414601955842e+01
1.286535825759326679e+00 3.879928190774006680e+01
1.288908371363886696e+00 3.863104422429374551e+01
1.291285292262577489e+00 3.846350834933290486e+01
1.293666596524029044e+00 3.829667154603964718e+01
1.296052292231754555e+00 3.813053108709910077e+01
1.298442387484175065e+00 3.796508425467314396e+01
1.300836890394641454e+00 3.780032834037488243e+01
1.303235809091472630e+00 3.763626064524159176e+01
1.305639151717971291e+00 3.747287847970954289e+01
1.308046926432462342e+00 3.731017916358725017e+01
1.310459141408314876e+00 3.714816002602961476e+01
1.312875804833967042e+00 3.698681840551235922e+01
1.315296924912961796e+00 3.682615164980525435e+01
1.317722509863970437e+00 3.666615711594681670e+01
1.320152567920816589e+00 3.650683217021839511e+01
1.322587107332513501e+00 3.634817418811783796e+01
1.325026136363280926e+00 3.619018055433424053e+01
1.327469663292583979e+00 3.603284866272171172e+01
1.329917696415155115e+00 3.587617591627375901e+01
1.332370244041020335e+00 3.572015972709776577e+01
1.334827314495534933e+00 3.556479751638892850e+01
1.337288916119402593e+00 3.541008671440503264e+01
1.339755057268712246e+00 3.525602476044052480e+01
1.342225746314962054e+00 3.510260910280088353e+01
1.344700991645085386e+00 3.494983719877743056e+01
1.347180801661486349e+00 3.479770651462151676e+01
1.349665184782059990e+00 3.464621452551921266e+01
1.352154149440228270e+00 3.449535871556582833e+01
1.354647704084966264e+00 3.434513657774040496e+01
1.357145857180825255e+00 3.419554561388064684e+01
1.359648617207972254e+00 3.404658333465722109e+01
1.362155992662207327e+00 3.389824725954896678e+01
1.364667992055001777e+00 3.375053491681706674e+01
1.367184623913523689e+00 3.360344384348021407e+01
1.369705896780661902e+00 3.345697158528958681e+01
1.372231819215064874e+00 3.331111569670319739e+01
1.374762399791159329e+00 3.316587374086135043e+01
1.377297647099188227e+00 3.302124328956127641e+01
1.379837569745235859e+00 3.287722192323204240e+01
1.382382176351253822e+00 3.273380723091003119e+01
1.384931475555098768e+00 3.259099681021338313e+01
1.387485476010551055e+00 3.244878826731769550e+01
1.390044186387354497e+00 3.230717921693074857e+01
1.392607615371240781e+00 3.216616728226770761e+01
1.395175771663954789e+00 3.202575009502685077e+01
1.397748663983294781e+00 3.188592529536401088e+01
1.400326301063129719e+00 3.174669053186860879e+01
1.402908691653439455e+00 3.160804346153868494e+01
1.405495844520339821e+00 3.146998174975603391e+01
1.408087768446108390e+00 3.133250307026228754e+01
1.410684472229224440e+00 3.119560510513366225e+01
1.413285964684386498e+00 3.105928554475700309e+01
1.415892254642553194e+00 3.092354208780499647e+01
1.418503350950969022e+00 3.078837244121182692e+01
1.421119262473188760e+00 3.065377432014906134e+01
1.423739998089119441e+00 3.051974544800084033e+01
1.426365566695037668e+00 3.038628355634005018e+01
1.428995977203630252e+00 3.025338638490380916e+01
1.431631238544020190e+00 3.012105168156922730e+01
1.434271359661793088e+00 2.998927720232957483e+01
1.436916349519036684e+00 2.985806071126956951e+01
1.439566217094360168e+00 2.972739998054204591e+01
1.442220971382935701e+00 2.959729279034326410e+01
1.444880621396522402e+00 2.946773692888911000e+01
1.447545176163495206e+00 2.933873019239145918e+01
1.450214644728883950e+00 2.921027038503364537e+01
1.452889036154392244e+00 2.908235531894728254e+01
1.455568359518440102e+00 2.895498281418786846e+01
1.458252623916189039e+00 2.882815069871118752e+01
1.460941838459568265e+00 2.870185680834983444e+01
1.463636012277315990e+00 2.857609898678906646e+01
1.466335154515004291e+00 2.845087508554331279e+01
1.469039274335067091e+00 2.832618296393291857e+01
1.471748380916840349e+00 2.820202048905982650e+01
1.474462483456582484e+00 2.807838553578490348e+01
1.477181591167515240e+00 2.795527598670372527e+01
1.479905713279851431e+00 2.783268973212347674e+01
1.482634859040820041e+00 2.771062467003971008e+01
1.485369037714710183e+00 2.758907870611256286e+01
1.488108258582889087e+00 2.746804975364389279e+01
1.490852530943844512e+00 2.734753573355362022e+01
1.493601864113212274e+00 2.722753457435668523e+01
1.496356267423802455e+00 2.710804421214010063e+01
1.499115750225642696e+00 2.698906259053922341e+01
1.501880321885997072e+00 2.687058766071538329e+01
1.504649991789408059e+00 2.675261738133221101e+01
1.507424769337725845e+00 2.663514971853296132e+01
1.510204663950132975e+00 2.651818264591757313e+01
1.512989685063189205e+00 2.640171414451956977e+01
1.515779842130850152e+00 2.628574220278344598e+01
1.518575144624510376e+00 2.617026481654148284e+01
1.521375602033031127e+00 2.605527998899122011e+01
1.524181223862767665e+00 2.594078573067293902e+01
1.526992019637612330e+00 2.582678005739714422e+01
1.529807998899014754e+00 2.571326090158459010e+01
1.532629171206024932e+00 2.560022608019144030e+01
1.535455546135320981e+00 2.548767341220732519e+01
1.538287133281237118e+00 2.537560072777033682e+01
1.541123942255806956e+00 2.526400586810192905e+01
1.543965982688783933e+00 2.515288668544382489e+01
1.546813264227684170e+00 2.504224104299360931e+01
1.549665796537815998e+00 2.493206681484202392e+01
1.552523589302306606e+00 2.482236188591000925e+01
1.555386652222146449e+00 2.471312415188635114e+01
1.558254995016209676e+00 2.460435151916556507e+01
1.561128627421298320e+00 2.449604190478639154e+01
1.564007559192170271e+00 2.438819323637028802e+01
1.566891800101567256e+00 2.428080345206110024e+01
1.569781359940260579e+00 2.417387050046391650e+01
1.572676248517069997e+00 2.406739234058551347e+01
1.575576475658908793e+00 2.396136694177431536e+01
1.578482051210812642e+00 2.385579228366102456e+01
1.581392985035968035e+00 2.375066635609996979e+01
1.584309287015757128e+00 2.364598715910999616e+01
1.587230967049777508e+00 2.354175270281674415e+01
1.590158035055888375e+00 2.343796100739425015e+01
1.593090500970238521e+00 2.333461010300765537e+01
1.596028374747296086e+00 2.323169802975624521e+01
1.598971666359892296e+00 2.312922283761614040e+01
1.601920385799243451e+00 2.302718258638438087e+01
1.604874543074995996e+00 2.292557534562225996e+01
1.607834148215255166e+00 2.282439919459993050e+01
1.610799211266614961e+00 2.272365222224106063e+01
1.613769742294203002e+00 2.262333252706730136e+01
1.616745751381701401e+00 2.252343821714408278e+01
1.619727248631393612e+00 2.242396741002584193e+01
1.622714244164192410e+00 2.232491823270200726e+01
1.625706748119670308e+00 2.222628882154365115e+01
1.628704770656103307e+00 2.212807732224953483e+01
1.631708321950500862e+00 2.203028188979340740e+01
1.634717412198635200e+00 2.193290068837129780e+01
1.637732051615087281e+00 2.183593189134880674e+01
1.640752250433268777e+00 2.173937368120942892e+01
1.643778018905468041e+00 2.164322424950243473e+01
1.646809367302880078e+00 2.154748179679154418e+01
1.649846305915636524e+00 2.145214453260404852e+01
1.652888845052851385e+00 2.135721067537947349e+01
1.655936995042644355e+00 2.126267845241969212e+01
1.658990766232185887e+00 2.116854609983827373e+01
1.662050168987728282e+00 2.107481186251072813e+01
1.665115213694635443e+00 2.098147399402517266e+01
1.668185910757430390e+00 2.088853075663266168e+01
1.671262270599816135e+00 2.079598042119871337e+01
1.674344303664723865e+00 2.070382126715410820e+01
1.677432020414342917e+00 2.061205158244690594e+01
1.680525431330151198e+00 2.052066966349434551e+01
1.683624546912962705e+00 2.042967381513486202e+01
1.686729377682949282e+00 2.033906235058093515e+01
1.689839934179689029e+00 2.024883359137159999e+01
1.692956226962195831e+00 2.015898586732560105e+01
1.696078266608951335e+00 2.006951751649507187e+01
1.699206063717951354e+00 1.998042688511878140e+01
1.702339628906729851e+00 1.989171232757652774e+01
1.705478972812405569e+00 1.980337220634298845e+01
1.708624106091713779e+00 1.971540489194242340e+01
1.711775039421036926e+00 1.962780876290365839e+01
1.714931783496453033e+00 1.954058220571473825e+01
1.718094349033758128e+00 1.945372361477874534e+01
1.721262746768515095e+00 1.936723139236898916e+01
1.724436987456084536e+00 1.928110394858519783e+01
1.727617081871655857e+00 1.919533970130963496e+01
1.730803040810296789e+00 1.910993707616340131e+01
1.733994875086975362e+00 1.902489450646331903e+01
1.737192595536609430e+00 1.894021043317872000e+01
1.740396213014097304e+00 1.885588330488867470e+01
1.743605738394350402e+00 1.877191157773975405e+01
1.746821182572342090e+00 1.868829371540329731e+01
1.750042556463130117e+00 1.860502818903391642e+01
1.753269871001906344e+00 1.852211347722737145e+01
1.756503137144029170e+00 1.843954806597915663e+01
1.759742365865053948e+00 1.835733044864353758e+01
1.762987568160784280e+00 1.827545912589209820e+01
1.766238755047294218e+00 1.819393260567349202e+01
1.769495937560978005e+00 1.811274940317250426e+01
1.772759126758582937e+00 1.803190804077004117e+01
1.776028333717240670e+00 1.795140704800321529e+01
1.779303569534517848e+00 1.787124496152530639e+01
1.782584845328439638e+00 1.779142032506653592e+01
1.785872172237539246e+00 1.771193168939454310e+01
1.789165561420891226e+00 1.763277761227544005e+01
1.792465024058143452e+00 1.755395665843513697e+01
1.795770571349567968e+00 1.747546739952043637e+01
1.799082214516083855e+00 1.739730841406116468e+01
1.802399964799308973e+00 1.731947828743157913e+01
1.805723833461592154e+00 1.724197561181273741e+01
1.809053831786046285e+00 1.716479898615498811e+01
1.812389971076596717e+00 1.708794701614025513e+01
1.815732262658015461e+00 1.701141831414494376e+01
1.819080717875952713e+00 1.693521149920315239e+01
1.822435348096989705e+00 1.685932519696958920e+01
1.825796164708661129e+00 1.678375803968338431e+01
1.829163179119507765e+00 1.670850866613156782e+01
1.832536402759109118e+00 1.663357572161296360e+01
1.835915847078117169e+00 1.655895785790256625e+01
1.839301523548307005e+00 1.648465373321556982e+01
1.842693443662602792e+00 1.641066201217219245e+01
1.846091618935128187e+00 1.633698136576220250e+01
1.849496060901240524e+00 1.626361047131009840e+01
1.852906781117564572e+00 1.619054801244028852e+01
1.856323791162044046e+00 1.611779267904233848e+01
1.859747102633967142e+00 1.604534316723679410e+01
1.863176727154017609e+00 1.597319817934080888e+01
1.866612676364309609e+00 1.590135642383424219e+01
1.870054961928421688e+00 1.582981661532598849e+01
1.873503595531448518e+00 1.575857747452017321e+01
1.876958588880026424e+00 1.568763772818306634e+01
1.880419953702385794e+00 1.561699610910967273e+01
1.883887701748385934e+00 1.554665135609080551e+01
1.887361844789548382e+00 1.547660221388048640e+01
1.890842394619110634e+00 1.540684743316312399e+01
1.894329363052050796e+00 1.533738577052133678e+01
1.897822761925141322e+00 1.526821598840361283e+01
1.901322603096983199e+00 1.519933685509232824e+01
1.904828898448040375e+00 1.513074714467209425e+01
1.908341659880693930e+00 1.506244563699789651e+01
1.911860899319266505e+00 1.499443111766395909e+01
1.915386628710076700e+00 1.492670237797216437e+01
1.918918860021474382e+00 1.485925821490124576e+01
1.922457605243873546e+00 1.479209743911415309e+01
1.926002876389809160e+00 1.472521905611977111e+01
1.929554685493960475e+00 1.465862226495932852e+01
1.933113044613206100e+00 1.459230627175683992e+01
1.936677965826659520e+00 1.452627028108203966e+01
1.940249461235703743e+00 1.446051349599545333e+01
1.943827542964046140e+00 1.439503511809272496e+01
1.947412223157743982e+00 1.432983434754916807e+01
1.951003513985259508e+00 1.426491038316334325e+01
1.954601427637495004e+00 1.420026242240078496e+01
1.958205976327828557e+00 1.413588966143729131e+01
1.961817172292169786e+00 1.407179129520141458e+01
1.965435027788984268e+00 1.400796651741739574e+01
1.969059555099350378e+00 1.394441452064695319e+01
1.972690766526994377e+00 1.388113449633125640e+01
1.976328674398325935e+00 1.381812563483249967e+01
1.979973291062494534e+00 1.375538712547471221e+01
1.983624628891414998e+00 1.369291815658490563e+01
1.987282700279824121e+00 1.363071791553318945e+01
1.990947517645315745e+00 1.356878558877304819e+01
1.994619093428377399e+00 1.350712036188112108e+01
1.998297440092444699e+00 1.344572141959652178e+01
2.001982570123937766e+00 1.338458794585989864e+01
2.005674496032297416e+00 1.332371912385238133e+01
2.009373230350040895e+00 1.326311413603374945e+01
2.013078785632789192e+00 1.320277216418072186e+01
2.016791174459324321e+00 1.314269238942451956e+01
2.020510409431624854e+00 1.308287399228838055e+01
2.024236503174902779e+00 1.302331615272471232e+01
2.027969468337661230e+00 1.296401805015165465e+01
2.031709317591720687e+00 1.290497886348971157e+01
2.035456063632275825e+00 1.284619777119771733e+01
2.039209719177933255e+00 1.278767395130860685e+01
2.042970296970748389e+00 1.272940658146502990e+01
2.046737809776283168e+00 1.267139483895419794e+01
2.050512270383631819e+00 1.261363790074301150e+01
2.054293691605480809e+00 1.255613494351225334e+01
2.058082086278143930e+00 1.249888514369087211e+01
2.061877467261600927e+00 1.244188767748993740e+01
2.065679847439555239e+00 1.238514172093593224e+01
2.069489239719461970e+00 1.232864644990416814e+01
2.073305657032585181e+00 1.227240104015152866e+01
2.077129112334035188e+00 1.221640466734913133e+01
2.080959618602807648e+00 1.216065650711463597e+01
2.084797188841842619e+00 1.210515573504406639e+01
2.088641836078048541e+00 1.204990152674361958e+01
2.092493573362366188e+00 1.199489305786082483e+01
2.096352413769801970e+00 1.194012950411570273e+01
2.100218370399468792e+00 1.188561004133152821e+01
2.104091456374645119e+00 1.183133384546506228e+01
2.107971684842801174e+00 1.177730009263690469e+01
2.111859068975659781e+00 1.172350795916109512e+01
2.115753621969233667e+00 1.166995662157472147e+01
2.119655357043865429e+00 1.161664525666722092e+01
2.123564287444284826e+00 1.156357304150911780e+01
2.127480426439639416e+00 1.151073915348080945e+01
2.131403787323552290e+00 1.145814277030077655e+01
2.135334383414162929e+00 1.140578307005361935e+01
2.139272228054163616e+00 1.135365923121794296e+01
2.143217334610861613e+00 1.130177043269356041e+01
2.147169716476206691e+00 1.125011585382892676e+01
2.151129387066851528e+00 1.119869467444774891e+01
2.155096359824190788e+00 1.114750607487571621e+01
2.159070648214400645e+00 1.109654923596683673e+01
2.163052265728499179e+00 1.104582333912927616e+01
2.167041225882375244e+00 1.099532756635131925e+01
2.171037542216848859e+00 1.094506110022659939e+01
2.175041228297712070e+00 1.089502312397937089e+01
2.179052297715766251e+00 1.084521282148948629e+01
2.183070764086886495e+00 1.079562937731679639e+01
2.187096641052046486e+00 1.074627197672575818e+01
2.191129942277384224e+00 1.069713980570925216e+01
2.195170681454239325e+00 1.064823205101246906e+01
2.199218872299192551e+00 1.059954790015658510e+01
2.203274528554130196e+00 1.055108654146170188e+01
2.207337663986269849e+00 1.050284716407017527e+01
2.211408292388226560e+00 1.045482895796903833e+01
2.215486427578048811e+00 1.040703111401260728e+01
2.219572083399262041e+00 1.035945282394472677e+01
2.223665273720926816e+00 1.031209328042053563e+01
2.227766012437681020e+00 1.026495167702819877e+01
2.231874313469778048e+00 1.021802720831045264e+01
2.235990190763152974e+00 1.017131906978548983e+01
2.240113658289448750e+00 1.012482645796810665e+01
2.244244730046080605e+00 1.007854857039020402e+01
2.248383420056277782e+00 1.003248460562113742e+01
2.252529742369122623e+00 9.986633763288040200e+00
2.256683711059615849e+00 9.940995244095473637e+00
2.260845340228703648e+00 9.895568249845268838e+00
2.265014644003345179e+00 9.850351983455739813e+00
2.269191636536549872e+00 9.805345648980935636e+00
2.273376332007421841e+00 9.760548451629533773e+00
2.277568744621221164e+00 9.715959597783415447e+00
2.281768888609395862e+00 9.671578295016217908e+00
2.285976778229645401e+00 9.627403752111343138e+00
2.290192427765962879e+00 9.583435179079977217e+00
2.294415851528675443e+00 9.539671787178876983e+00
2.298647063854509565e+00 9.496112788927625559e+00
2.302886079106622130e+00 9.452757398126088617e+00
2.307132911674663944e+00 9.409604829871218712e+00
2.311387575974821917e+00 9.366654300573935998e+00
2.315650086449862144e+00 9.323905027975682103e+00
2.319920457569194294e+00 9.281356231164590298e+00
2.324198703828902257e+00 9.239007130591758710e+00
2.328484839751808533e+00 9.196856948086960415e+00
2.332778879887519974e+00 9.154904906874314463e+00
2.337080838812465533e+00 9.113150231587782812e+00
2.341390731129965985e+00 9.071592148286196533e+00
2.345708571470262349e+00 9.030229884468450763e+00
2.350034374490583389e+00 8.989062669088035307e+00
2.354368154875186914e+00 8.948089732567698462e+00
2.358709927335404632e+00 8.907310306813810641e+00
2.363059706609706545e+00 8.866723625230344297e+00
2.367417507463733362e+00 8.826328922732926685e+00
2.371783344690362227e+00 8.786125435762382807e+00
2.376157233109750244e+00 8.746112402298324540e+00
2.380539187569378878e+00 8.706289061872421797e+00
2.384929222944119243e+00 8.666654655581380595e+00
2.389327354136263182e+00 8.627208426099958416e+00
2.393733596075592995e+00 8.587949617693471538e+00
2.398147963719423181e+00 8.548877476230332562e+00
2.402570472052643513e+00 8.509991249194378327e+00
2.407001136087788318e+00 8.471290185696778607e+00
2.411439970865067561e+00 8.432773536488072708e+00
2.415886991452434351e+00 8.394440553969708674e+00
2.420342212945628457e+00 8.356290469767925444e+00
2.424805650468222495e+00 8.318322048006828950e+00
2.429277319171686766e+00 8.280533619160069136e+00
2.433757234235425226e+00 8.242923514783003114e+00
2.438245410866840324e+00 8.205490085155657809e+00
2.442741864301380517e+00 8.168231699091775155e+00
2.447246609802581130e+00 8.131146743750466754e+00
2.451759662662137629e+00 8.094233624450003717e+00
2.456281038199933597e+00 8.057490764484434465e+00
2.460810751764113569e+00 8.020916604942124550e+00
2.465348818731125213e+00 7.984509604527027626e+00
2.469895254505765081e+00 7.948268239382080935e+00
2.474450074521245657e+00 7.912191002914783944e+00
2.479013294239240661e+00 7.876276405625194599e+00
2.483584929149929454e+00 7.840522974936010137e+00
2.488164994772067651e+00 7.804929255024791068e+00
2.492753506653019535e+00 7.769493806658432256e+00
2.497350480368827785e+00 7.734215207029588868e+00
2.501955931524260102e+00 7.699092049595209986e+00
2.506569875752853171e+00 7.664122943917233144e+00
2.511192328716985500e+00 7.629306515505005493e+00
2.515823306107907165e+00 7.594641405660030209e+00
2.520462823645814421e+00 7.560126271322248570e+00
2.525110897079892336e+00 7.525759784918559347e+00
2.529767542188362306e+00 7.491540634213128769e+00
2.534432774778553554e+00 7.457467522159329398e+00
2.539106610686935550e+00 7.423539166753929663e+00
2.543789065779189951e+00 7.389754300892580119e+00
2.548480155950257231e+00 7.356111672227439335e+00
2.553179897124382869e+00 7.322610043026403837e+00
2.557888305255187511e+00 7.289248190033943864e+00
2.562605396325703833e+00 7.256024904333833625e+00
2.567331186348446703e+00 7.222938991213284865e+00
2.572065691365459372e+00 7.189989270028912749e+00
2.576808927448362319e+00 7.157174574074256945e+00
2.581560910698423861e+00 7.124493750448691820e+00
2.586321657246594352e+00 7.091945659928236445e+00
2.591091183253580787e+00 7.059529176837522790e+00
2.595869504909892100e+00 7.027243188923489647e+00
2.600656638435886681e+00 6.995086597230569581e+00
2.605452600081846093e+00 6.963058315977082913e+00
2.610257406128008828e+00 6.931157272433416061e+00
2.615071072884645353e+00 6.899382406801243484e+00
2.619893616692102967e+00 6.867732672094394530e+00
2.624725053920855533e+00 6.836207034021037465e+00
2.629565400971577649e+00 6.804804470866998578e+00
2.634414674275176615e+00 6.773523973380719099e+00
2.639272890292869711e+00 6.742364544659221970e+00
2.644140065516230820e+00 6.711325200035460625e+00
2.649016216467238394e+00 6.680404966967048885e+00
2.653901359698350504e+00 6.649602884925924329e+00
2.658795511792538591e+00 6.618918005289533113e+00
2.663698689363364736e+00 6.588349391232978469e+00
2.668610909055027847e+00 6.557896117622420640e+00
2.673532187542412952e+00 6.527557270909729148e+00
2.678462541531166696e+00 6.497331949028011699e+00
2.683401987757732421e+00 6.467219261288563281e+00
2.688350542989425662e+00 6.437218328278630608e+00
2.693308224024483888e+00 6.407328281760412025e+00
2.698275047692113571e+00 6.377548264571140102e+00
2.703251030852567904e+00 6.347877430524008879e+00
2.708236190397181442e+00 6.318314944310382764e+00
2.713230543248447812e+00 6.288859981402744381e+00
2.718234106360066793e+00 6.259511727958823712e+00
2.723246896716995824e+00 6.230269380726658035e+00
2.728268931335525060e+00 6.201132146950458335e+00
2.733300227263314230e+00 6.172099244277660546e+00
2.738340801579469908e+00 6.143169900666625161e+00
2.743390671394594360e+00 6.114343354295432853e+00
2.748449853850836178e+00 6.085618853471533640e+00
2.753518366121964878e+00 6.056995656542150996e+00
2.758596225413419756e+00 6.028473031805656746e+00
2.763683448962361844e+00 6.000050257423809263e+00
2.768780054037750737e+00 5.971726621334641827e+00
2.773886057940381011e+00 5.943501421166390131e+00
2.779001478002960823e+00 5.915373964152006891e+00
2.784126331590162096e+00 5.887343567044577952e+00
2.789260636098670698e+00 5.859409556033535971e+00
2.794404408957266828e+00 5.831571266661438990e+00
2.799557667626858759e+00 5.803828043741758869e+00
2.804720429600564557e+00 5.776179241277104026e+00
2.809892712403761816e+00 5.748624222378370341e+00
2.815074533594138728e+00 5.721162359184551960e+00
2.820265910761774020e+00 5.693793032783091235e+00
2.825466861529172036e+00 5.666515633131124829e+00
2.830677403551346227e+00 5.639329558977174806e+00
2.835897554515866226e+00 5.612234217783616863e+00
2.841127332142912021e+00 5.585229025649810275e+00
2.846366754185353898e+00 5.558313407235666581e+00
2.851615838428789296e+00 5.531486795686068270e+00
2.856874602691622744e+00 5.504748632555684473e+00
2.862143064825118710e+00 5.478098367734471452e+00
2.867421242713453111e+00 5.451535459373800130e+00
2.872709154273794585e+00 5.425059373812961994e+00
2.878006817456340460e+00 5.398669585506465474e+00
2.883314250244401133e+00 5.372365576951654731e+00
2.888631470654450251e+00 5.346146838617008790e+00
2.893958496736176222e+00 5.320012868870935385e+00
2.899295346572567045e+00 5.293963173910966269e+00
2.904642038279944938e+00 5.267997267693653285e+00
2.909998590008051167e+00 5.242114671864722908e+00
2.915365019940096225e+00 5.216314915689883591e+00
2.920741346292815344e+00 5.190597535986077204e+00
2.926127587316548873e+00 5.164962077053072420e+00
2.931523761295281805e+00 5.139408090605689594e+00
2.936929886546725488e+00 5.113935135706292101e+00
2.942345981422372247e+00 5.088542778697832780e+00
2.947772064307548678e+00 5.063230593137301838e+00
2.953208153621496468e+00 5.037998159729519365e+00
2.958654267817415029e+00 5.012845066261441218e+00
2.964110425382541436e+00 4.987770907536750009e+00
2.969576644838206825e+00 4.962775285310916829e+00
2.975052944739887906e+00 4.937857808226663536e+00
2.980539343677293562e+00 4.913018091749649763e+00
2.986035860274401266e+00 4.888255758104748772e+00
2.991542513189543673e+00 4.863570436212468096e+00
2.997059321115461472e+00 4.838961761625811597e+00
3.002586302779358451e+00 4.814429376467579402e+00
3.008123476942985430e+00 4.789972929367792176e+00
3.013670862402681561e+00 4.765592075401624328e+00
3.019228477989456039e+00 4.741286476027559260e+00
3.024796342569047169e+00 4.717055799025878571e+00
3.030374475041973881e+00 4.692899718437519851e+00
3.035962894343622764e+00 4.668817914503105904e+00
3.041561619444286713e+00 4.644810073602418932e+00
3.047170669349252847e+00 4.620875936972574038e+00
3.052790063098856699e+00 4.597016164295166796e+00
3.058419819768535941e+00 4.573232210374704287e+00
3.064059958468916101e+00 4.549525527505437594e+00
3.069710498345866512e+00 4.525897537003904070e+00
3.075371458580552275e+00 4.502349629452110591e+00
3.081042858389525740e+00 4.478883164944993389e+00
3.086724717024763365e+00 4.455499473342286798e+00
3.092417053773754976e+00 4.432199854524252913e+00
3.098119887959558394e+00 4.408985578651476445e+00
3.103833238940857608e+00 4.385857886428333074e+00
3.109557126112048042e+00 4.362817989369928817e+00
3.115291568903278741e+00 4.339867070072616961e+00
3.121036586780539857e+00 4.317006282487541036e+00
3.126792199245720383e+00 4.294236752197417850e+00
3.132558425836662330e+00 4.271559576696271066e+00
3.138335286127252655e+00 4.248975825671723605e+00
3.144122799727460560e+00 4.226486541290186416e+00
3.149920986283429869e+00 4.204092738484322744e+00
3.155729865477533647e+00 4.181795405242922037e+00
3.161549457028432375e+00 4.159595502903008502e+00
3.167379780691163660e+00 4.137493966443870796e+00
3.173220856257183087e+00 4.115491704783141635e+00
3.179072703554453483e+00 4.093589601074542728e+00
3.184935342447503537e+00 4.071788513007317256e+00
3.190808792837485530e+00 4.050089273107221111e+00
3.196693074662264156e+00 4.028492689038765562e+00
3.202588207896460037e+00 4.006999543908905892e+00
3.208494212551539437e+00 3.985610596571648845e+00
3.214411108675871542e+00 3.964326581933866667e+00
3.220338916354788417e+00 3.943148211261921610e+00
3.226277655710675596e+00 3.922076172489029844e+00
3.232227346903012943e+00 3.901111130523422510e+00
3.238188010128467464e+00 3.880253727556925103e+00
3.244159665620951927e+00 3.859504583374075537e+00
3.250142333651682591e+00 3.838864295661608583e+00
3.256136034529272028e+00 3.818333440318062433e+00
3.262140788599771746e+00 3.797912571763698786e+00
3.268156616246763679e+00 3.777602223250307478e+00
3.274183537891420137e+00 3.757402907171061290e+00
3.280221573992561979e+00 3.737315115370245966e+00
3.286270745046753206e+00 3.717339319452629631e+00
3.292331071588342706e+00 3.697475971092681224e+00
3.298402574189557068e+00 3.677725502343236030e+00
3.304485273460561423e+00 3.658088325943740671e+00
3.310579190049518505e+00 3.638564835627984717e+00
3.316684344642682358e+00 3.619155406431027178e+00
3.322800757964441853e+00 3.599860394995568758e+00
3.328928450777414838e+00 3.580680139877384871e+00
3.335067443882507199e+00 3.561614961849991712e+00
3.341217758118976366e+00 3.542665164208334438e+00
3.347379414364521466e+00 3.523831033071412655e+00
3.353552433535330835e+00 3.505112837683965310e+00
3.359736836586174835e+00 3.486510830716862408e+00
3.365932644510467142e+00 3.468025248566420693e+00
3.372139878340325581e+00 3.449656311652451901e+00
3.378358559146665385e+00 3.431404224714901918e+00
3.384588708039258709e+00 3.413269177109258479e+00
3.390830346166795906e+00 3.395251343100484487e+00
3.397083494716983676e+00 3.377350882155429890e+00
3.403348174916586366e+00 3.359567939233857103e+00
3.409624408031525444e+00 3.341902645077758027e+00
3.415912215366937676e+00 3.324355116499186913e+00
3.422211618267240407e+00 3.306925456666421681e+00
3.428522638116226595e+00 3.289613755388342664e+00
3.434845296337109222e+00 3.272420089397257481e+00
3.441179614392619879e+00 3.255344522629792348e+00
3.447525613785069609e+00 3.238387106506099844e+00
3.453883316056412411e+00 3.221547880207226822e+00
3.460252742788342495e+00 3.204826870950549633e+00
3.466633915602340466e+00 3.188224094263434338e+00
3.473026856159768361e+00 3.171739554254859428e+00
3.479431586161937151e+00 3.155373243885196022e+00
3.485848127350165360e+00 3.139125145234003877e+00
3.492276501505880759e+00 3.122995229765750835e+00
3.498716730450664336e+00 3.106983458593687519e+00
3.505168836046349323e+00 3.091089782741517134e+00
3.511632840195086480e+00 3.075314143403153011e+00
3.518108764839405378e+00 3.059656472200377841e+00
3.524596631962314319e+00 3.044116691438367273e+00
3.531096463587348300e+00 3.028694714359238649e+00
3.537608281778665820e+00 3.013390445393383743e+00
3.544132108641116830e+00 2.998203780408766228e+00
3.550667966320302238e+00 2.983134606958108392e+00
3.557215877002679161e+00 2.968182804523864959e+00
3.563775862915603998e+00 2.953348244761191843e+00
3.570347946327433686e+00 2.938630791738659820e+00
3.576932149547592310e+00 2.924030302176896967e+00
3.583528494926633723e+00 2.909546625685107912e+00
3.590137004856344127e+00 2.895179604995362421e+00
3.596757701769788262e+00 2.880929076194865157e+00
3.603390608141412432e+00 2.866794868955957476e+00
3.610035746487107122e+00 2.852776806764081297e+00
3.616693139364276277e+00 2.838874707143602460e+00
3.623362809371935445e+00 2.825088381881422972e+00
3.630044779150761958e+00 2.811417637248597057e+00
3.636739071383197519e+00 2.797862274219721890e+00
3.643445708793511262e+00 2.784422088690298391e+00
3.650164714147870360e+00 2.771096871691989705e+00
3.656896110254438170e+00 2.757886409605752931e+00
3.663639919963426195e+00 2.744790484372964912e+00
3.670396166167195773e+00 2.731808873704412832e+00
3.677164871800324697e+00 2.718941351287318398e+00
3.683946059839672937e+00 2.706187686990299213e+00
3.690739753304490112e+00 2.693547647066278472e+00
3.697545975256459005e+00 2.681020994353489506e+00
3.704364748799803930e+00 2.668607488474391776e+00
3.711196097081356893e+00 2.656306886032707038e+00
3.718040043290623320e+00 2.644118940808505513e+00
3.724896610659888641e+00 2.632043403951308314e+00
3.731765822464267135e+00 2.620080024171379751e+00
3.738647702021806296e+00 2.608228547929057228e+00
3.745542272693556107e+00 2.596488719622275898e+00
3.752449557883634768e+00 2.584860281772277890e+00
3.759369581039333053e+00 2.573342975207434158e+00
3.766302365651181816e+00 2.561936539245355693e+00
3.773247935253020380e+00 2.550640711873246591e+00
3.780206313422101783e+00 2.539455229926454560e+00
3.787177523779144295e+00 2.528379829265420486e+00
3.794161589988437555e+00 2.517414244950849866e+00
3.801158535757910961e+00 2.506558211417309945e+00
3.808168384839202947e+00 2.495811462645192158e+00
3.815191161027768896e+00 2.485173732331049656e+00
3.822226888162930880e+00 2.474644754056435136e+00
3.829275590127985129e+00 2.464224261455154164e+00
3.836337290850271753e+00 2.453911870327714517e+00
3.843412014301244906e+00 2.443705208287630715e+00
3.850499784496580702e+00 2.433600285109145389e+00
3.857600625496228286e+00 2.423593122014826573e+00
3.864714561404516857e+00 2.413679801494297283e+00
3.871841616370228945e+00 2.403856465975020562e+00
3.878981814586668353e+00 2.394119316554201404e+00
3.886135180291769853e+00 2.384464611790143795e+00
3.893301737768150694e+00 2.374888666551766558e+00
3.900481511343220742e+00 2.365387850924642432e+00
3.907674525389252640e+00 2.355958589172307160e+00
3.914880804323453312e+00 2.346597358751427276e+00
3.922100372608073204e+00 2.337300689379439245e+00
3.929333254750459137e+00 2.328065162153540868e+00
3.936579475303165321e+00 2.318887408719580545e+00
3.943839058864023084e+00 2.309764110489804345e+00
3.951112030076214143e+00 2.300691997908165476e+00
3.958398413628381629e+00 2.291667849762053066e+00
3.965698234254681598e+00 2.282688492539359348e+00
3.973011516734894943e+00 2.273750799829675984e+00
3.980338285894500672e+00 2.264851691768627440e+00
3.987678566604746067e+00 2.255988134524244515e+00
3.995032383782762153e+00 2.247157139824257133e+00
4.002399762391612548e+00 2.238355764523418667e+00
4.009780727440409365e+00 2.229581110209692518e+00
4.017175303984384271e+00 2.220830322848419414e+00
4.024583517124963095e+00 2.212100592463430715e+00
4.032005392009876843e+00 2.203389152854100974e+00
4.039440953833216774e+00 2.194693281347462666e+00
4.046890227835548082e+00 2.186010298584319056e+00
4.054353239303982726e+00 2.177337568338507889e+00
4.061830013572252263e+00 2.168672497368334895e+00
4.069320576020825087e+00 2.160012535299192127e+00
4.076824952076957054e+00 2.151355174536550674e+00
4.084343167214807835e+00 2.142697950208277913e+00
4.091875246955514633e+00 2.134038440135438197e+00
4.099421216867267681e+00 2.125374264830648841e+00
4.106981102565424813e+00 2.116703087522997073e+00
4.114554929712563869e+00 2.108022614208740819e+00
4.122142724018601712e+00 2.099330593726693728e+00
4.129744511240867944e+00 2.090624817857539064e+00
4.137360317184178626e+00 2.081903121446068816e+00
4.144990167700956185e+00 2.073163382545376354e+00
4.152634088691278258e+00 2.064403522582217487e+00
4.160292106103002041e+00 2.055621506542426591e+00
4.167964245931832679e+00 2.046815343175601765e+00
4.175650534221404975e+00 2.037983085218047830e+00
4.183350997063392640e+00 2.029122829632997949e+00
4.191065660597587339e+00 2.020232717867238126e+00
4.198794551011971521e+00 2.011310936123140269e+00
4.206537694542840988e+00 2.002355715645076195e+00
4.214295117474855523e+00 1.993365333019381902e+00
4.222066846141161456e+00 1.984338110486719930e+00
4.229852906923468048e+00 1.975272416265997810e+00
4.237653326252120323e+00 1.966166664888792548e+00
4.245468130606224300e+00 1.957019317543222447e+00
4.253297346513697619e+00 1.947828882426403618e+00
4.261141000551393887e+00 1.938593915104291687e+00
4.268999119345177284e+00 1.929313018878065389e+00
4.276871729569998948e+00 1.919984845155908726e+00
4.284758857950023092e+00 1.910608093829165854e+00
4.292660531258676748e+00 1.901181513651906130e+00
4.300576776318774996e+00 1.891703902622742017e+00
4.308507620002596461e+00 1.882174108367924648e+00
4.316453089231965023e+00 1.872591028524663637e+00
4.324413210978367950e+00 1.862953611123500552e+00
4.332388012263013621e+00 1.853260854968840743e+00
4.340377520156954994e+00 1.843511810016386310e+00
4.348381761781169530e+00 1.833705577746540083e+00
4.356400764306632922e+00 1.823841311532647724e+00
4.364434554954446988e+00 1.813918217002941535e+00
4.372483160995896512e+00 1.803935552395225850e+00
4.380546609752568266e+00 1.793892628903096309e+00
4.388624928596438046e+00 1.783788811012698483e+00
4.396718144949942619e+00 1.773623516828929825e+00
4.404826286286106729e+00 1.763396218389928327e+00
4.412949380128605270e+00 1.753106441968907303e+00
4.421087454051879639e+00 1.742753768362125033e+00
4.429240535681223889e+00 1.732337833162026941e+00
4.437408652692864663e+00 1.721858327014453849e+00
4.445591832814082878e+00 1.711314995858826293e+00
4.453790103823276780e+00 1.700707641150359883e+00
4.462003493550081856e+00 1.690036120063147074e+00
4.470232029875458757e+00 1.679300345673184536e+00
4.478475740731769683e+00 1.668500287120294301e+00
4.486734654102904507e+00 1.657635969747888627e+00
4.495008798024342944e+00 1.646707475219696626e+00
4.503298200583278899e+00 1.635714941612361528e+00
4.511602889918701287e+00 1.624658563483048601e+00
4.519922894221480192e+00 1.613538591911099607e+00
4.528258241734490319e+00 1.602355334512762353e+00
4.536608960752672282e+00 1.591109155428212407e+00
4.544975079623157832e+00 1.579800475279867999e+00
4.553356626745358682e+00 1.568429771101246928e+00
4.561753630571041107e+00 1.556997576235529701e+00
4.570166119604461841e+00 1.545504480202932518e+00
4.578594122402423139e+00 1.533951128536312547e+00
4.587037667574404232e+00 1.522338222584044498e+00
4.595496783782643035e+00 1.510666519279661335e+00
4.603971499742223195e+00 1.498936830877477533e+00
4.612461844221197538e+00 1.487150024653544955e+00
4.620967846040656468e+00 1.475307022571436866e+00
4.629489534074852308e+00 1.463408800912165519e+00
4.638026937251285453e+00 1.451456389867815888e+00
4.646580084550787859e+00 1.439450873098384820e+00
4.655149005007651830e+00 1.427393387251277179e+00
4.663733727709710841e+00 1.415285121443220051e+00
4.672334281798429245e+00 1.403127316704144034e+00
4.680950696469026617e+00 1.390921265382677019e+00
4.689583000970547921e+00 1.378668310513115447e+00
4.698231224605987855e+00 1.366369845143490691e+00
4.706895396732382331e+00 1.354027311624706131e+00
4.715575546760890191e+00 1.341642200860565071e+00
4.724271704156928209e+00 1.329216051518540498e+00
4.732983898440231485e+00 1.316750449201461448e+00
4.741712159184987563e+00 1.304247025579927666e+00
4.750456516019924358e+00 1.291707457485704369e+00
4.759216998628392759e+00 1.279133465966218797e+00
4.767993636748505182e+00 1.266526815300223152e+00
4.776786460173194193e+00 1.253889311975108001e+00
4.785595498750349286e+00 1.241222803625931181e+00
4.794420782382903923e+00 1.228529177936731331e+00
4.803262341028921689e+00 1.215810361504465975e+00
4.812120204701733073e+00 1.203068318665990732e+00
4.820994403469995859e+00 1.190305050288810840e+00
4.829884967457835465e+00 1.177522821342600556e+00
4.838791926844929314e+00 1.164727382376963494e+00
4.847715311866593879e+00 1.151927028234688732e+00
4.856655152813926790e+00 1.139129874025781364e+00
4.865611480033864567e+00 1.126343780516707804e+00
4.874584323929321172e+00 1.113576353430316690e+00
4.883573714959281276e+00 1.100834943230585949e+00
4.892579683638881072e+00 1.088126645370573575e+00
4.901602260539553058e+00 1.075458300981743776e+00
4.910641476289088203e+00 1.062836497983139727e+00
4.919697361571772731e+00 1.050267572588459819e+00
4.928769947128478712e+00 1.037757611189568996e+00
4.937859263756755546e+00 1.025312452594933976e+00
4.946965342310964076e+00 1.012937690601635410e+00
4.956088213702348533e+00 1.000638676880142297e+00
4.965227908899170650e+00 9.884205241509690376e-01
4.974384458926801145e+00 9.762881096330764397e-01
4.983557894867812088e+00 9.642460787440150227e-01
4.992748247862115463e+00 9.522988490323032185e-01
5.001955549107028887e+00 9.404506143231950999e-01
5.011179829857418611e+00 9.287053490591201665e-01
5.020421121425788336e+00 9.170668128170583744e-01
5.029679455182369807e+00 9.055385549853143257e-01
5.038954862555268477e+00 8.941239195828348807e-01
5.048247375030523898e+00 8.828260502049666281e-01
5.057557024152258940e+00 8.716478950798318692e-01
5.066883841522765053e+00 8.605922122204846536e-01
5.076227858802599080e+00 8.496615746583408013e-01
5.085589107710725365e+00 8.388583757441022692e-01
5.094967620024578814e+00 8.281848345031824765e-01
5.104363427580214108e+00 8.176430010329507336e-01
5.113776562272395410e+00 8.072347619301054600e-01
5.123207056054689623e+00 7.969618457368689013e-01
5.132654940939604948e+00 7.868258283953858401e-01
5.142120248998685916e+00 7.768281387004112304e-01
5.151603012362605760e+00 7.669700637409168076e-01
5.161103263221312076e+00 7.572527543217744128e-01
5.170621033824092549e+00 7.476772303575103251e-01
5.180156356479725055e+00 7.382443862303775806e-01
5.189709263556566476e+00 7.289549961058883198e-01
5.199279787482652182e+00 7.198097191992876009e-01
5.208867960745838133e+00 7.108091049870260969e-01
5.218473815893872825e+00 7.019535983579836547e-01
5.228097385534542063e+00 6.932435446994349437e-01
5.237738702335764884e+00 6.846791949135079269e-01
5.247397799025689480e+00 6.762607103602266134e-01
5.257074708392838858e+00 6.679881677236799709e-01
5.266769463286181008e+00 6.598615637984613924e-01
5.276482096615280781e+00 6.518808201937290603e-01
5.286212641350389596e+00 6.440457879529073448e-01
5.295961130522545801e+00 6.363562520872561024e-01
5.305727597223723002e+00 6.288119360219756038e-01
5.315512074606897563e+00 6.214125059539932217e-01
5.325314595886203151e+00 6.141575751207265510e-01
5.335135194337023101e+00 6.070467079796768584e-01
5.344973903296089013e+00 6.000794242988867211e-01
5.354830756161632621e+00 5.932552031586078023e-01
5.364705786393454190e+00 5.865734868649700173e-01
5.374599027513073501e+00 5.800336847764954173e-01
5.384510513103830220e+00 5.736351770447976062e-01
5.394440276810978929e+00 5.673773182709248575e-01
5.404388352341843671e+00 5.612594410790506805e-01
5.414354773465885451e+00 5.552808596095895055e-01
5.424339574014858556e+00 5.494408729338268182e-01
5.434342787882907366e+00 5.437387683925826165e-01
5.444364449026664943e+00 5.381738248614851283e-01
5.454404591465406682e+00 5.327453159456624343e-01
5.464463249281123147e+00 5.274525131069359718e-01
5.474540456618672835e+00 5.222946887266298743e-01
5.484636247685880761e+00 5.172711191074433890e-01
5.494750656753640605e+00 5.123810874179047792e-01
5.504883718156067474e+00 5.076238865831007585e-01
5.515035466290571620e+00 5.029988221256312952e-01
5.525205935618013875e+00 4.985052149607502314e-01
5.535395160662804237e+00 4.941424041499671849e-01
5.545603176013004898e+00 4.899097496174399935e-01
5.555830016320483900e+00 4.858066348336625984e-01
5.566075716300990628e+00 4.818324694711916267e-01
5.576340310734312133e+00 4.779866920371808048e-01
5.586623834464374383e+00 4.742687724877951982e-01
5.596926322399341736e+00 4.706782148296598800e-01
5.607247809511778591e+00 4.672145597136727058e-01
5.617588330838717781e+00 4.638773870267691724e-01
5.627947921481825766e+00 4.606663184872945016e-01
5.638326616607498565e+00 4.575810202499510093e-01
5.648724451446968331e+00 4.546212055264164942e-01
5.659141461296460562e+00 4.517866372279534803e-01
5.669577681517267820e+00 4.490771306366190263e-01
5.680033147535912263e+00 4.464925561118213704e-01
5.690507894844247794e+00 4.440328418393315602e-01
5.701001958999560415e+00 4.416979766300651589e-01
5.711515375624728996e+00 4.394880127762414990e-01
5.722048180408322970e+00 4.374030689728830579e-01
5.732600409104710693e+00 4.354433333129053008e-01
5.743172097534219311e+00 4.336090663644088794e-01
5.753763281583209377e+00 4.319006043391992455e-01
5.764373997204240041e+00 4.303183623619125653e-01
5.775004280416169422e+00 4.288628378496208704e-01
5.785654167304262963e+00 4.275346140122162630e-01
5.796323694020355966e+00 4.263343634843944074e-01
5.807012896782928202e+00 4.252628521006130979e-01
5.817721811877270000e+00 4.243209428249503645e-01
5.828450475655587049e+00 4.235095998484499913e-01
5.839198924537102542e+00 4.228298928671900825e-01
5.849967195008228593e+00 4.222830015550360638e-01
5.860755323622638180e+00 4.218702202458364803e-01
5.871563347001432120e+00 4.215929628406286378e-01
5.882391301833245656e+00 4.214527679563462859e-01
5.893239224874355031e+00 4.214513043334746079e-01
5.904107152948842696e+00 4.215903765211452825e-01
5.914995122948677242e+00 4.218719308592861483e-01
5.925903171833879490e+00 4.222980617786445401e-01
5.936831336632627298e+00 4.228710184408038253e-01
5.947779654441366581e+00 4.235932117417079978e-01
5.958748162424978290e+00 4.244672217037223083e-01
5.969736897816857457e+00 4.254958052828635706e-01
5.980745897919078402e+00 4.266819046196014265e-01
5.991775200102507526e+00 4.280286557634899736e-01
6.002824841806907230e+00 4.295393979039279775e-01
6.013894860541111775e+00 4.312176831415385769e-01
6.024985293883099224e+00 4.330672868369789819e-01
6.036096179480167301e+00 4.350922185765796479e-01
6.047227555049039083e+00 4.372967337968936552e-01
6.058379458375974025e+00 4.396853461132290697e-01
6.069551927316939377e+00 4.422628404004180780e-01
6.080744999797688344e+00 4.450339036135779192e-01
6.091958713813935056e+00 4.479981654162912830e-01
6.103193107431460263e+00 4.511514704781521834e-01
6.114448218786226796e+00 4.544895992983628008e-01
6.125724086084549214e+00 4.580083307415146465e-01
6.137020747603173731e+00 4.617034169127622878e-01
6.148338241689454975e+00 4.655705585396567314e-01
6.159676606761463447e+00 4.696053808255258311e-01
6.171035881308099214e+00 4.738034097491348740e-01
6.182416103889267767e+00 4.781600487948963751e-01
6.193817313135956404e+00 4.826705561072262007e-01
6.205239547750414530e+00 4.873300220719789522e-01
6.216682846506262905e+00 4.921333473369022826e-01
6.228147248248605550e+00 4.970752212921150104e-01
6.239632791894210939e+00 5.021501010405740040e-01
6.251139516431586607e+00 5.073521908971555527e-01
6.262667460921160334e+00 5.126754224638756519e-01
6.274216664495392948e+00 5.181134353372095491e-01
6.285787166358892009e+00 5.236595585119928620e-01
6.297379005788587669e+00 5.293067925547081387e-01
6.308992222133817940e+00 5.350477926269109341e-01
6.320626854816504547e+00 5.408748524475752717e-01
6.332282943331270175e+00 5.467798892904979224e-01
6.343960527245549486e+00 5.527544301202140797e-01
6.355659646199764978e+00 5.587895989766576976e-01
6.367380339907443343e+00 5.648761057250063500e-01
6.379122648155325592e+00 5.710042362929904636e-01
6.390886610803552692e+00 5.771638445230514725e-01
6.402672267785747273e+00 5.833443457710113522e-01
6.414479659109193044e+00 5.895347123866389039e-01
6.426308824854955581e+00 5.957234712140265787e-01
6.438159805177991579e+00 6.018987032513960500e-01
6.450032640307338916e+00 6.080480456105649134e-01
6.461927370546193927e+00 6.141586959154814451e-01
6.473844036272099700e+00 6.202174192774904116e-01
6.485782677937058871e+00 6.262105579814127854e-01
6.497743336067655306e+00 6.321240440117960047e-01
6.509726051265233515e+00 6.379434145422213653e-01
6.521730864205987466e+00 6.436538305022990736e-01
6.533757815641143551e+00 6.492400983272869075e-01
6.545806946397077830e+00 6.546866949833856086e-01
6.557878297375435928e+00 6.599777963483000054e-01
6.569971909553319556e+00 6.650973090111572672e-01
6.582087823983370001e+00 6.700289055383563674e-01
6.594226081793954641e+00 6.747560632327153085e-01
6.606386724189287740e+00 6.792621063918214963e-01
6.618569792449550349e+00 6.835302520484135558e-01
6.630775327931075935e+00 6.875436591506035588e-01
6.643003372066436540e+00 6.912854811128841259e-01
6.655253966364634621e+00 6.947389216406282264e-01
6.667527152411216740e+00 6.978872937007525312e-01
6.679822971868402348e+00 7.007140814801348094e-01
6.692141466475267642e+00 7.032030051410109728e-01
6.704482678047831712e+00 7.053380881493667154e-01
6.716846648479252835e+00 7.071037269186082330e-01
6.729233419739941269e+00 7.084847624765655549e-01
6.741643033877689817e+00 7.094665538298454699e-01
6.754075533017857680e+00 7.100350526657440708e-01
6.766530959363463715e+00 7.101768789988793795e-01
6.779009355195372954e+00 7.098793973378418887e-01
6.791510762872424500e+00 7.091307929167778301e-01
6.804035224831550543e+00 7.079201475085027395e-01
6.816582783587970873e+00 7.062375143097870955e-01
6.829153481735280806e+00 7.040739913664921801e-01
6.841747361945646588e+00 7.014217929865137480e-01
6.854364466969926184e+00 6.982743185726733026e-01
6.867004839637795399e+00 6.946262182960536435e-01
6.879668522857940616e+00 6.904734550232789481e-01
6.892355559618151162e+00 6.858133619094043398e-01
6.905065992985512935e+00 6.806446950714662991e-01
6.917799866106530970e+00 6.749676807670729195e-01
6.930557222207260004e+00 6.687840565175617868e-01
6.943338104593496318e+00 6.620971056366549146e-01
6.956142556650869224e+00 6.549116846534123182e-01
6.968970621845038238e+00 6.472342431523208095e-01
6.981822343721820978e+00 6.390728355941380778e-01
6.994697765907316622e+00 6.304371247279625390e-01
7.007596932108105747e+00 6.213383762581022873e-01
7.020519886111340924e+00 6.117894444884983685e-01
7.033466671784944779e+00 6.018047487317985667e-01
7.046437333077741449e+00 5.914002403401186214e-01
7.059431914019577370e+00 5.805933602885859912e-01
7.072450458721520228e+00 5.694029873209351944e-01
7.085493011375982420e+00 5.578493767479847376e-01
7.098559616256852500e+00 5.459540900734168867e-01
7.111650317719695025e+00 5.337399157066570199e-01
7.124765160201842917e+00 5.212307811087613096e-01
7.137904188222599977e+00 5.084516568024144423e-01
7.151067446383368775e+00 4.954284527616235057e-01
7.164254979367781218e+00 4.821879077780608647e-01
7.177466831941901049e+00 4.687574724790518066e-01
7.190703048954318000e+00 4.551651867458761935e-01
7.203963675336350292e+00 4.414395523483281014e-01
7.217248756102174312e+00 4.276094016729007352e-01
7.230558336348958726e+00 4.137037634749797244e-01
7.243892461257065207e+00 3.997517266301467420e-01
7.257251176090146139e+00 3.857823028953289435e-01
7.270634526195347114e+00 3.718242897153065107e-01
7.284042557003441054e+00 3.579061341251445483e-01
7.297475314028956994e+00 3.440557988022844849e-01
7.310932842870391468e+00 3.303006313140249839e-01
7.324415189210299104e+00 3.166672375869930001e-01
7.337922398815501346e+00 3.031813605935201883e-01
7.351454517537222344e+00 2.898677652079482692e-01
7.365011591311216854e+00 2.767501301320582363e-01
7.378593666157982511e+00 2.638509477248043300e-01
7.392200788182855753e+00 2.511914324980417668e-01
7.405833003576217877e+00 2.387914389566162532e-01
7.419490358613634484e+00 2.266693893707975027e-01
7.433172899655983379e+00 2.148422119710670930e-01
7.446880673149671281e+00 2.033252899517775936e-01
7.460613725626726200e+00 1.921324215628175125e-01
7.474372103705012371e+00 1.812757914572388218e-01
7.488155854088360819e+00 1.707659533511086125e-01
7.501965023566709689e+00 1.606118239393281577e-01
7.515799659016313861e+00 1.508206879006792067e-01
7.529659807399845306e+00 1.413982137177347276e-01
7.543545515766602705e+00 1.323484799337659445e-01
7.557456831252649998e+00 1.236740113715677908e-01
7.571393801080954944e+00 1.153758247484200361e-01
7.585356472561599617e+00 1.074534830391547513e-01
7.599344893091883435e+00 9.990515786635813245e-02
7.613359110156534548e+00 9.272769913341542825e-02
7.627399171327849281e+00 8.591671106411398473e-02
7.641465124265831577e+00 7.946663377135650130e-02
7.655557016718407048e+00 7.337099569957419853e-02
7.669674896521524232e+00 6.762421776875793267e-02
7.683818811599370413e+00 6.222037989785259710e-02
7.697988809964512846e+00 5.715182545656440766e-02
7.712184939718034649e+00 5.240938707623900294e-02
7.726407249049756842e+00 4.798263157501984205e-02
7.740655786238338720e+00 4.386009166562290090e-02
7.754930599651492784e+00 4.002948281380655504e-02
7.769231737746129518e+00 3.647790406305322780e-02
7.783559249068496833e+00 3.319202205128844729e-02
7.797913182254392339e+00 3.015823781532704292e-02
7.812293586029303682e+00 2.736283630607941331e-02
7.826700509208553314e+00 2.479211882133769418e-02
7.841134000697514317e+00 2.243251880374172100e-02
7.855594109491718768e+00 2.027070165052446624e-02
7.870080884677075339e+00 1.829364934072711529e-02
7.884594375430014956e+00 1.648873080769526142e-02
7.899134631017631136e+00 1.484375907259527332e-02
7.913701700797905580e+00 1.334703621198699355e-02
7.928295634219811205e+00 1.198738726263946092e-02
7.942916480823534187e+00 1.075418417326007986e-02
7.957564290240619620e+00 9.637360899309482115e-03
7.972239112194118071e+00 8.627420706834568534e-03
7.986940996498804957e+00 7.715436707586414804e-03
8.001669993061289787e+00 6.893046593548338846e-03
8.016426151880242656e+00 6.152442477036970843e-03
8.031209523046536347e+00 5.486356675295022550e-03
8.046020156743393770e+00 4.888044207979132423e-03
8.060858103246614448e+00 4.351262704093293923e-03
8.075723412924682876e+00 3.870250343253160263e-03
8.090616136238988787e+00 3.439702385954009848e-03
8.105536323743987026e+00 3.054746779843167583e-03
8.120484026087332552e+00 2.710919264621916396e-03
8.135459294010116693e+00 2.404138337747953411e-03
8.150462178346966624e+00 2.130680386990544892e-03
8.165492730026285173e+00 1.887155244338356791e-03
8.180551000070391154e+00 1.670482368928113146e-03
8.195637039595672135e+00 1.477867824517924969e-03
8.210750899812815362e+00 1.306782179510549043e-03
8.225892632026912565e+00 1.154939424467512797e-03
8.241062287637690886e+00 1.020276973216656651e-03
8.256259918139672749e+00 9.009367888028425647e-04
8.271485575122310863e+00 7.952476543549032812e-04
8.286739310270235137e+00 7.017085911509207468e-04
8.302021175363353933e+00 6.189734114431892902e-04
8.317331222277084990e+00 5.458363816357255814e-04
8.332669502982520626e+00 4.812189618991251296e-04
8.348036069546560967e+00 4.241575809560739767e-04
8.363430974132160856e+00 3.737923993059249833e-04
8.378854268998441768e+00 3.293570103199739991e-04
8.394306006500915629e+00 2.901690261868767836e-04
8.409786239091650017e+00 2.556214944085547164e-04
8.425295019319413825e+00 2.251750902386462382e-04
8.440832399829918842e+00 1.983510309443640269e-04
8.456398433365926337e+00 1.747246589024725846e-04
8.471993172767488645e+00 1.539196421710959230e-04
8.487616670972103705e+00 1.356027431957325695e-04
8.503268981014866057e+00 1.194791086038191335e-04
8.518950156028706644e+00 1.052880355324171496e-04
8.534660249244513608e+00 9.279917254378167505e-05
8.550399313991356109e+00 8.180911585170653978e-05
8.566167403696654858e+00 7.213836425881449681e-05
8.581964571886333104e+00 6.362859884984789233e-05
8.597790872185054667e+00 5.614025606695556396e-05
8.613646358316339402e+00 4.955036528567159562e-05
8.629531084102811889e+00 4.375062439561219275e-05
8.645445103466345316e+00 3.864568915601083614e-05
8.661388470428232011e+00 3.415165423342116660e-05
8.677361239109409041e+00 3.019470583335966143e-05
8.693363463730623408e+00 2.670992770710433465e-05
8.709395198612583044e+00 2.364024405000996509e-05
8.725456498176209053e+00 2.093548441127487491e-05
8.741547416942742288e+00 1.855155721115963127e-05
8.757668009533997378e+00 1.644971981517089293e-05
8.773818330672520815e+00 1.459593435202181743e-05
8.789998435181743730e+00 1.296029958939953053e-05
8.806208377986237679e+00 1.151655020575118491e-05
8.822448214111826559e+00 1.024161572433689231e-05
8.838717998685837074e+00 9.115232214506541539e-06
8.855017786937255053e+00 8.119600621566904511e-06
8.871347634196890652e+00 7.239086267117210001e-06
8.887707595897627044e+00 6.459954672853291554e-06
8.904097727574541210e+00 5.770139408544163447e-06
8.920518084865145525e+00 5.159038154862937036e-06
8.936968723509556511e+00 4.617333609404033104e-06
8.953449699350660040e+00 4.136836254461754447e-06
8.969961068334356469e+00 3.710346352634048078e-06
8.986502886509681431e+00 3.331532845299118910e-06
9.003075210029059861e+00 2.994827103376144737e-06
9.019678095148471186e+00 2.695329723146542824e-06
9.036311598227610986e+00 2.428728775485905129e-06
9.052975775730145003e+00 2.191228107640096740e-06
9.069670684223828161e+00 1.979484465340875848e-06
9.086396380380763915e+00 1.790552352006777122e-06
9.103152920977564122e+00 1.621835673227259572e-06
9.119940362895519570e+00 1.471045330613214036e-06
9.136758763120852223e+00 1.336162031197290309e-06
9.153608178744839563e+00 1.215403668454450337e-06
9.170488666964068614e+00 1.107196710084408413e-06
9.187400285080604689e+00 1.010151097226935623e-06
9.204343090502161928e+00 9.230382208703675805e-07
9.221317140742353757e+00 8.447715948670849951e-07
9.238322493420822568e+00 7.743898920683241324e-07
9.255359206263497285e+00 7.110420514122333810e-07
9.272427337102758571e+00 6.539742000449305593e-07
9.289526943877611131e+00 6.025181663286771483e-07
9.306658084633946615e+00 5.560813874424203325e-07
9.323820817524660853e+00 5.141380396829379992e-07
9.341015200809920316e+00 4.762212409498354404e-07
9.358241292857330862e+00 4.419161936203915839e-07
9.375499152142110049e+00 4.108541524122099897e-07
9.392788837247346478e+00 3.827071161846121387e-07
9.410110406864125920e+00 3.571831551947719268e-07
9.427463919791801317e+00 3.340222963227007460e-07
9.444849434938152655e+00 3.129928984081903947e-07
9.462267011319571708e+00 2.938884582704763190e-07
9.479716708061317831e+00 2.765247953603000957e-07
9.497198584397649412e+00 2.607375694547720557e-07
9.514712699672090324e+00 2.463800914628514917e-07
9.532259113337600454e+00 2.333213923659458357e-07
9.549837884956749789e+00 2.214445196610083498e-07
9.567449074201988424e+00 2.106450344813881556e-07
9.585092740855774451e+00 2.008296859115627771e-07
9.602768944810836871e+00 1.919152419445150664e-07
9.620477746070362102e+00 1.838274591087876108e-07
9.638219204748152080e+00 1.764997117805457407e-07
9.655993381068904924e+00 1.698675963868062904e-07
9.673800335368376579e+00 1.638708981524377131e-07
9.691640128093560236e+00 1.584563205525398631e-07
9.709512819802963435e+00 1.535767349677511703e-07
9.727418471166730640e+00 1.491904805249220094e-07
9.745357142966922126e+00 1.452607572869714123e-07
9.763328896097682730e+00 1.417551001384109605e-07
9.781333791565431923e+00 1.386449225994836939e-07
9.799371890489128489e+00 1.359051213991468466e-07
9.817443254100403749e+00 1.335137339923629407e-07
9.835547943743838673e+00 1.314516423595266581e-07
9.853686020877143292e+00 1.297023174083676243e-07
9.871857547071332561e+00 1.282515991383986758e-07
9.890062584011003466e+00 1.270875084479337550e-07
9.908301193494475356e+00 1.262000870830805150e-07
9.926573437434054625e+00 1.255812627628869097e-07
9.944879377856226554e+00 1.252247369787492505e-07
9.963219076901829396e+00 1.251258933706376763e-07
9.981592596826340369e+00 1.252817249374448746e-07
1.000000000000000000e+01 1.256907786521556526e-07
