1.000000000000000000e+00 6.986742265114834538e+01
1.001382782584698150e+00 6.964575763200059555e+01
1.002767477257072715e+00 6.942476670293497421e+01
1.004154086661125600e+00 6.920444791734760770e+01
1.005542613444514011e+00 6.898479933390024144e+01
1.006933060258556889e+00 6.876581901650686746e+01
1.008325429758239133e+00 6.854750503432120468e+01
1.009719724602217150e+00 6.832985546172328384e+01
1.011115947452823294e+00 6.811286837932007643e+01
1.012514100976071640e+00 6.789654188125776102e+01
1.013914187841662651e+00 6.768087407085762663e+01
1.015316210722988277e+00 6.746586305647448967e+01
1.016720172297137736e+00 6.725150695145580926e+01
1.018126075244901507e+00 6.703780387413011965e+01
1.019533922250777325e+00 6.682475194779561889e+01
1.020943716002974622e+00 6.661234930070871485e+01
1.022355459193420524e+00 6.640059406607235815e+01
1.023769154517764068e+00 6.618948438202467344e+01
1.025184804675382422e+00 6.597901839162756232e+01
1.026602412369384654e+00 6.576919424285534888e+01
1.028021980306618177e+00 6.556001008858324042e+01
1.029443511197672967e+00 6.535146408657611516e+01
1.030867007756887777e+00 6.514355439947686932e+01
1.032292472702353692e+00 6.493627919479580157e+01
1.033719908755921457e+00 6.472963664489830649e+01
1.035149318643205030e+00 6.452362492699437269e+01
1.036580705093586907e+00 6.431824222312694417e+01
1.038014070840224345e+00 6.411348672016093531e+01
1.039449418620053800e+00 6.390935660977168453e+01
1.040886751173796254e+00 6.370585008843388408e+01
1.042326071245962327e+00 6.350296535741044579e+01
1.043767381584858045e+00 6.330070062274146636e+01
1.045210684942589507e+00 6.309905409523274500e+01
1.046655984075068657e+00 6.289802399044491210e+01
1.048103281742017723e+00 6.269760852868223111e+01
1.049552580706975435e+00 6.249780593498157089e+01
1.051003883737302136e+00 6.229861443910115781e+01
1.052457193604183994e+00 6.210003227550993188e+01
1.053912513082640334e+00 6.190205768337607850e+01
1.055369844951526304e+00 6.170468890655632066e+01
1.056829191993540862e+00 6.150792419358484864e+01
1.058290556995230114e+00 6.131176179766210055e+01
1.059753942746993527e+00 6.111619997664453763e+01
1.061219352043089259e+00 6.092123699303289186e+01
1.062686787681639045e+00 6.072687111396155046e+01
1.064156252464633967e+00 6.053310061118803276e+01
1.065627749197939789e+00 6.033992376108177069e+01
1.067101280691301834e+00 6.014733884461331570e+01
1.068576849758350766e+00 5.995534414734335371e+01
1.070054459216608134e+00 5.976393795941235254e+01
1.071534111887491481e+00 5.957311857552946321e+01
1.073015810596319453e+00 5.938288429496164866e+01
1.074499558172317792e+00 5.919323342152337375e+01
1.075985357448624224e+00 5.900416426356543553e+01
1.077473211262294450e+00 5.881567513396443303e+01
1.078963122454306589e+00 5.862776435011224407e+01
1.080455093869568062e+00 5.844043023390514691e+01
1.081949128356919143e+00 5.825367111173319756e+01
1.083445228769140511e+00 5.806748531446972095e+01
1.084943397962956579e+00 5.788187117746075216e+01
1.086443638799043043e+00 5.769682704051404443e+01
1.087945954142030436e+00 5.751235124788910014e+01
1.089450346860510788e+00 5.732844214828640617e+01
1.090956819827042956e+00 5.714509809483646308e+01
1.092465375918157289e+00 5.696231744509019990e+01
1.093976018014362728e+00 5.678009856100747754e+01
1.095488749000150364e+00 5.659843980894734727e+01
1.097003571764000540e+00 5.641733955965747782e+01
1.098520489198387295e+00 5.623679618826333382e+01
1.100039504199785023e+00 5.605680807425837031e+01
1.101560619668672247e+00 5.587737360149306198e+01
1.103083838509539394e+00 5.569849115816512608e+01
1.104609163630892343e+00 5.552015913680860848e+01
1.106136597945259092e+00 5.534237593428385793e+01
1.107666144369195083e+00 5.516513995176749319e+01
1.109197805823288530e+00 5.498844959474133987e+01
1.110731585232166196e+00 5.481230327298293048e+01
1.112267485524499389e+00 5.463669940055495289e+01
1.113805509633008617e+00 5.446163639579500426e+01
1.115345660494470037e+00 5.428711268130534506e+01
1.116887941049720334e+00 5.411312668394284486e+01
1.118432354243663385e+00 5.393967683480872211e+01
1.119978903025274475e+00 5.376676156923841887e+01
1.121527590347606962e+00 5.359437932679151828e+01
1.123078419167798270e+00 5.342252855124153399e+01
1.124631392447073663e+00 5.325120769056596970e+01
1.126186513150754243e+00 5.308041519693606602e+01
1.127743784248261161e+00 5.291014952670674631e+01
1.129303208713121176e+00 5.274040914040698169e+01
1.130864789522973313e+00 5.257119250272913291e+01
1.132428529659573968e+00 5.240249808251946462e+01
1.133994432108802464e+00 5.223432435276800589e+01
1.135562499860667263e+00 5.206666979059849609e+01
1.137132735909310854e+00 5.189953287725873565e+01
1.138705143253016416e+00 5.173291209811027613e+01
1.140279724894212698e+00 5.156680594261874973e+01
1.141856483839480907e+00 5.140121290434401402e+01
1.143435423099558701e+00 5.123613148093033942e+01
1.145016545689347742e+00 5.107156017409628390e+01
1.146599854627918136e+00 5.090749748962515753e+01
1.148185352938515091e+00 5.074394193735516723e+01
1.149773043648563808e+00 5.058089203116949761e+01
1.151362929789676359e+00 5.041834628898663340e+01
1.152955014397656575e+00 5.025630323275074574e+01
1.154549300512506038e+00 5.009476138842170201e+01
1.156145791178430082e+00 4.993371928596562981e+01
1.157744489443843783e+00 4.977317545934499066e+01
1.159345398361376844e+00 4.961312844650908005e+01
1.160948520987880928e+00 4.945357678938429302e+01
1.162553860384434090e+00 4.929451903386456024e+01
1.164161419616347226e+00 4.913595372980168463e+01
1.165771201753170061e+00 4.897787943099562824e+01
1.167383209868696925e+00 4.882029469518526810e+01
1.168997447040972304e+00 4.866319808403855518e+01
1.170613916352297279e+00 4.850658816314294342e+01
1.172232620889234411e+00 4.835046350199627341e+01
1.173853563742615069e+00 4.819482267399671827e+01
1.175476748007544092e+00 4.803966425643369575e+01
1.177102176783406673e+00 4.788498683047831861e+01
1.178729853173873021e+00 4.773078898117390878e+01
1.180359780286905469e+00 4.757706929742657564e+01
1.181991961234764466e+00 4.742382637199568762e+01
1.183626399134013019e+00 4.727105880148487671e+01
1.185263097105524466e+00 4.711876518633226141e+01
1.186902058274487359e+00 4.696694413080123809e+01
1.188543285770411684e+00 4.681559424297125815e+01
1.190186782727134851e+00 4.666471413472836360e+01
1.191832552282827695e+00 4.651430242175592156e+01
1.193480597580000913e+00 4.636435772352538720e+01
1.195130921765509502e+00 4.621487866328713778e+01
1.196783527990561202e+00 4.606586386806098687e+01
1.198438419410720046e+00 4.591731196862730258e+01
1.200095599185914352e+00 4.576922159951735125e+01
1.201755070480441390e+00 4.562159139900465021e+01
1.203416836462974482e+00 4.547442000909537541e+01
1.205080900306567893e+00 4.532770607551942277e+01
1.206747265188664153e+00 4.518144824772129198e+01
1.208415934291099170e+00 4.503564517885075702e+01
1.210086910800108662e+00 4.489029552575410520e+01
1.211760197906334158e+00 4.474539794896477218e+01
1.213435798804829435e+00 4.460095111269448154e+01
1.215113716695065849e+00 4.445695368482417820e+01
1.216793954780939657e+00 4.431340433689486247e+01
1.218476516270776688e+00 4.417030174409875798e+01
1.220161404377339665e+00 4.402764458517420820e+01
1.221848622317833311e+00 4.388543154051062345e+01
1.223538173313911903e+00 4.374366129228475586e+01
1.225230060591683712e+00 4.360233252626674272e+01
1.226924287381718548e+00 4.346144393188480137e+01
1.228620856919053095e+00 4.332099420221550901e+01
1.230319772443197568e+00 4.318098203397432400e+01
1.232021037198141933e+00 4.304140612750688888e+01
1.233724654432361012e+00 4.290226518677939538e+01
1.235430627398822923e+00 4.276355791936962447e+01
1.237138959354992629e+00 4.262528303645751748e+01
1.238849653562840381e+00 4.248743925281607403e+01
1.240562713288846375e+00 4.235002528680242762e+01
1.242278141804007863e+00 4.221303986034840250e+01
1.243995942383845588e+00 4.207648169895158929e+01
1.245716118308409115e+00 4.194034953166618607e+01
1.247438672862283715e+00 4.180464209109396734e+01
1.249163609334596803e+00 4.166935811337530993e+01
1.250890931019023267e+00 4.153449633818000564e+01
1.252620641213793240e+00 4.140005550869820183e+01
1.254352743221696986e+00 4.126603437163176835e+01
1.256087240350092227e+00 4.113243167718498938e+01
1.257824135910909913e+00 4.099924617905561064e+01
1.259563433220660444e+00 4.086647663442627021e+01
1.261305135600440552e+00 4.073412180395511228e+01
1.263049246375939072e+00 4.060218045176723223e+01
1.264795768877443827e+00 4.047065134544567400e+01
1.266544706439847401e+00 4.033953325602271178e+01
1.268296062402654023e+00 4.020882495797080480e+01
1.270049840109985562e+00 4.007852522919391447e+01
1.271806042910588408e+00 3.994863285101868655e+01
1.273564674157839027e+00 3.981914660818580387e+01
1.275325737209751287e+00 3.969006528884094109e+01
1.277089235428982006e+00 3.956138768452647270e+01
1.278855172182838729e+00 3.943311259017225012e+01
1.280623550843284164e+00 3.930523880408728132e+01
1.282394374786944624e+00 3.917776512795089872e+01
1.284167647395114908e+00 3.905069036680422556e+01
1.285943372053765632e+00 3.892401332904137234e+01
1.287721552153549442e+00 3.879773282640100263e+01
1.289502191089807903e+00 3.867184767395757206e+01
1.291285292262576823e+00 3.854635669011282317e+01
1.293070859076594470e+00 3.842125869658717363e+01
1.294858894941306238e+00 3.829655251841136732e+01
1.296649403270872414e+00 3.817223698391783415e+01
1.298442387484174620e+00 3.804831092473202148e+01
1.300237851004821588e+00 3.792477317576410201e+01
1.302035797261156258e+00 3.780162257520057523e+01
1.303836229686262671e+00 3.767885796449569114e+01
1.305639151717971291e+00 3.755647818836302321e+01
1.307444566798866781e+00 3.743448209476709110e+01
1.309252478376294659e+00 3.731286853491502598e+01
1.311062889902366191e+00 3.719163636324817190e+01
1.312875804833967042e+00 3.707078443743368723e+01
1.314691226632763055e+00 3.695031161835630940e+01
1.316509158765206244e+00 3.683021677010990658e+01
1.318329604702542346e+00 3.671049875998929934e+01
1.320152567920817033e+00 3.659115645848211074e+01
1.321978051900882356e+00 3.647218873926004079e+01
1.323806060128404072e+00 3.635359447917124953e+01
1.325636596093867414e+00 3.623537255823171677e+01
1.327469663292584645e+00 3.611752185961714900e+01
1.329305265224700605e+00 3.600004126965480111e+01
1.331143405395200929e+00 3.588292967781542586e+01
1.332984087313917154e+00 3.576618597670494637e+01
1.334827314495534489e+00 3.564980906205645539e+01
1.336673090459598257e+00 3.553379783272207249e+01
1.338521418730520329e+00 3.541815119066480833e+01
1.340372302837586460e+00 3.530286804095059949e+01
1.342225746314961832e+00 3.518794729174029356e+01
1.344081752701699717e+00 3.507338785428127181e+01
1.345940325541746141e+00 3.495918864289988193e+01
1.347801468383948098e+00 3.484534857499325966e+01
1.349665184782059990e+00 3.473186657102123576e+01
1.351531478294750066e+00 3.461874155449849155e+01
1.353400352485607305e+00 3.450597245198672169e+01
1.355271810923148745e+00 3.439355819308646289e+01
1.357145857180825477e+00 3.428149771042932770e+01
1.359022494837030415e+00 3.416978993967026668e+01
1.360901727475104073e+00 3.405843381947927639e+01
1.362783558683342111e+00 3.394742829153409502e+01
1.364667992055002443e+00 3.383677230051186768e+01
1.366555031188311009e+00 3.372646479408169284e+01
1.368444679686469767e+00 3.361650472289657898e+01
1.370336941157663135e+00 3.350689104058586310e+01
1.372231819215064430e+00 3.339762270374723130e+01
1.374129317476843637e+00 3.328869867193922261e+01
1.376029439566173629e+00 3.318011790767334901e+01
1.377932189111237715e+00 3.307187937640627240e+01
1.379837569745235637e+00 3.296398204653251440e+01
1.381745585106391561e+00 3.285642488937629935e+01
1.383656238837960073e+00 3.274920687918423567e+01
1.385569534588234175e+00 3.264232699311749997e+01
1.387485476010551055e+00 3.253578421124431230e+01
1.389404066763300083e+00 3.242957751653237608e+01
1.391325310509929025e+00 3.232370589484111889e+01
1.393249210918952041e+00 3.221816833491425314e+01
1.395175771663955011e+00 3.211296382837220875e+01
1.397104996423604639e+00 3.200809136970454460e+01
1.399036888881654006e+00 3.190354995626253398e+01
1.400971452726949895e+00 3.179933858825161153e+01
1.402908691653439899e+00 3.169545626872385213e+01
1.404848609360179745e+00 3.159190200357054579e+01
1.406791209551340405e+00 3.148867480151481146e+01
1.408736495936214528e+00 3.138577367410393393e+01
1.410684472229223774e+00 3.128319763570243239e+01
1.412635142149926359e+00 3.118094570348398875e+01
1.414588509423023721e+00 3.107901689742474716e+01
1.416544577778368064e+00 3.097741024029542345e+01
1.418503350950968578e+00 3.087612475765431697e+01
1.420464832680999434e+00 3.077515947783979655e+01
1.422429026713806888e+00 3.067451343196302815e+01
1.424395936799915940e+00 3.057418565390078058e+01
1.426365566695037446e+00 3.047417518028797190e+01
1.428337920160076546e+00 3.037448105051045388e+01
1.430313000961137782e+00 3.027510230669802027e+01
1.432290812869534191e+00 3.017603799371674711e+01
1.434271359661793310e+00 3.007728715916227813e+01
1.436254645119664941e+00 2.997884885335205851e+01
1.438240673030128036e+00 2.988072212931874461e+01
1.440229447185398692e+00 2.978290604280266152e+01
1.442220971382936145e+00 2.968539965224480071e+01
1.444215249425450764e+00 2.958820201877960443e+01
1.446212285120911600e+00 2.949131220622802019e+01
1.448212082282553492e+00 2.939472928109022476e+01
1.450214644728883062e+00 2.929845231253877103e+01
1.452219976283688485e+00 2.920248037241124806e+01
1.454228080776044152e+00 2.910681253520342793e+01
1.456238962040320217e+00 2.901144787806224556e+01
1.458252623916188595e+00 2.891638548077868620e+01
1.460269070248630063e+00 2.882162442578093930e+01
1.462288304887943147e+00 2.872716379812720788e+01
1.464310331689750111e+00 2.863300268549892280e+01
1.466335154515004069e+00 2.853914017819380788e+01
1.468362777229998084e+00 2.844557536911879581e+01
1.470393203706370722e+00 2.835230735378328504e+01
1.472426437821114265e+00 2.825933523029217298e+01
1.474462483456582484e+00 2.816665809933892106e+01
1.476501344500497082e+00 2.807427506419880814e+01
1.478543024845955678e+00 2.798218523072201336e+01
1.480587528391439589e+00 2.789038770732675587e+01
1.482634859040820485e+00 2.779888160499257665e+01
1.484685020703368385e+00 2.770766603725348531e+01
1.486738017293759206e+00 2.761674012019116731e+01
1.488793852732081646e+00 2.752610297242814497e+01
1.490852530943845178e+00 2.743575371512125471e+01
1.492914055859987377e+00 2.734569147195471928e+01
1.494978431416881692e+00 2.725591536913340462e+01
1.497045661556344109e+00 2.716642453537626878e+01
1.499115750225642252e+00 2.707721810190964717e+01
1.501188701377500934e+00 2.698829520246038527e+01
1.503264518970111263e+00 2.689965497324947918e+01
1.505343206967137748e+00 2.681129655298511594e+01
1.507424769337725401e+00 2.672321908285645975e+01
1.509509210056508399e+00 2.663542170652657504e+01
1.511596533103615858e+00 2.654790357012622337e+01
1.513686742464681600e+00 2.646066382224703872e+01
1.515779842130850152e+00 2.637370161393509704e+01
1.517875836098785181e+00 2.628701609868430822e+01
1.519974728370676820e+00 2.620060643242991105e+01
1.522076522954248778e+00 2.611447177354199667e+01
1.524181223862767887e+00 2.602861128281888980e+01
1.526288835115049203e+00 2.594302412348063669e+01
1.528399360735465562e+00 2.585770946111873769e+01
1.530512804753954237e+00 2.577266646362810931e+01
1.532629171206025376e+00 2.568789430129232443e+01
1.534748464132769552e+00 2.560339214679316910e+01
1.536870687580864425e+00 2.551915917520427612e+01
1.538995845602584289e+00 2.543519456398460576e+01
1.541123942255806289e+00 2.535149749297207222e+01
1.543254981604018861e+00 2.526806714437724821e+01
1.545388967716329720e+00 2.518490270277688836e+01
1.547525904667472307e+00 2.510200335510771552e+01
1.549665796537815776e+00 2.501936829065991930e+01
1.551808647413370545e+00 2.493699670107103827e+01
1.553954461385797625e+00 2.485488778031938750e+01
1.556103242552415944e+00 2.477304072471813612e+01
1.558254995016209676e+00 2.469145473290866732e+01
1.560409722885836903e+00 2.461012900585460272e+01
1.562567430275637159e+00 2.452906274683536481e+01
1.564728121305638764e+00 2.444825516144002719e+01
1.566891800101567478e+00 2.436770545756118977e+01
1.569058470794854276e+00 2.428741284538862999e+01
1.571228137522642454e+00 2.420737653740315665e+01
1.573400804427796507e+00 2.412759574837056320e+01
1.575576475658909237e+00 2.404806969533536787e+01
1.577755155370310414e+00 2.396879759761458217e+01
1.579936847722074100e+00 2.388977867679190581e+01
1.582121556880027091e+00 2.381101215671118609e+01
1.584309287015756240e+00 2.373249726347071231e+01
1.586500042306617120e+00 2.365423322541693807e+01
1.588693826935741571e+00 2.357621927313838128e+01
1.590890645092045697e+00 2.349845463945980129e+01
1.593090500970238077e+00 2.342093855943586433e+01
1.595293398770827764e+00 2.334367027034531716e+01
1.597499342700132052e+00 2.326664901168502553e+01
1.599708336970284472e+00 2.318987402516376406e+01
1.601920385799243229e+00 2.311334455469645377e+01
1.604135493410799418e+00 2.303705984639805848e+01
1.606353664034583906e+00 2.296101914857775128e+01
1.608574901906077104e+00 2.288522171173288910e+01
1.610799211266615183e+00 2.280966678854313301e+01
1.613026596363400067e+00 2.273435363386459684e+01
1.615257061449506315e+00 2.265928150472380054e+01
1.617490610783889338e+00 2.258444966031198931e+01
1.619727248631394056e+00 2.250985736197913312e+01
1.621966979262762454e+00 2.243550387322813933e+01
1.624209806954642454e+00 2.236138845970896583e+01
1.626455735989595253e+00 2.228751038921294025e+01
1.628704770656104195e+00 2.221386893166670973e+01
1.630956915248582106e+00 2.214046335912674124e+01
1.633212174067380840e+00 2.206729294577335310e+01
1.635470551418798157e+00 2.199435696790494887e+01
1.637732051615086615e+00 2.192165470393236504e+01
1.639996678974461997e+00 2.184918543437312621e+01
1.642264437821110645e+00 2.177694844184561163e+01
1.644535332485198564e+00 2.170494301106351998e+01
1.646809367302879856e+00 2.163316842883000746e+01
1.649086546616304050e+00 2.156162398403215263e+01
1.651366874773624982e+00 2.149030896763514775e+01
1.653650356129009458e+00 2.141922267267686664e+01
1.655936995042644355e+00 2.134836439426189258e+01
1.658226795880746618e+00 2.127773342955628522e+01
1.660519763015570360e+00 2.120732907778165099e+01
1.662815900825415305e+00 2.113715064020971113e+01
1.665115213694635887e+00 2.106719742015667407e+01
1.667417706013648582e+00 2.099746872297773237e+01
1.669723382178941673e+00 2.092796385606134280e+01
1.672032246593081917e+00 2.085868212882392569e+01
1.674344303664724531e+00 2.078962285270405985e+01
1.676659557808620526e+00 2.072078534115723869e+01
1.678978013445626027e+00 2.065216890965020013e+01
1.681299675002709604e+00 2.058377287565548031e+01
1.683624546912962039e+00 2.051559655864590326e+01
1.685952633615603435e+00 2.044763928008928389e+01
1.688283939555992985e+00 2.037990036344270095e+01
1.690618469185636741e+00 2.031237913414734564e+01
1.692956226962195609e+00 2.024507491962295447e+01
1.695297217349495122e+00 2.017798704926241271e+01
1.697641444817533207e+00 2.011111485442635782e+01
1.699988913842488625e+00 2.004445766843783616e+01
1.702339628906729851e+00 1.997801482657695971e+01
1.704693594498823517e+00 1.991178566607544909e+01
1.707050815113542841e+00 1.984576952611137202e+01
1.709411295251876739e+00 1.977996574780382133e+01
1.711775039421037370e+00 1.971437367420762143e+01
1.714142052134469685e+00 1.964899265030785358e+01
1.716512337911859865e+00 1.958382202301483233e+01
1.718885901279143757e+00 1.951886114115866988e+01
1.721262746768515761e+00 1.945410935548399678e+01
1.723642878918437038e+00 1.938956601864480689e+01
1.726026302273644175e+00 1.932523048519916387e+01
1.728413021385159176e+00 1.926110211160402130e+01
1.730803040810295901e+00 1.919718025620992918e+01
1.733196365112671167e+00 1.913346427925594995e+01
1.735592998862210967e+00 1.906995354286436140e+01
1.737992946635161573e+00 1.900664741103557631e+01
1.740396213014096860e+00 1.894354524964294129e+01
1.742802802587927413e+00 1.888064642642758528e+01
1.745212719951908964e+00 1.881795031099338189e+01
1.747625969707651938e+00 1.875545627480160960e+01
1.750042556463129895e+00 1.869316369116609167e+01
1.752462484832687739e+00 1.863107193524792748e+01
1.754885759437051052e+00 1.856918038405058269e+01
1.757312384903335412e+00 1.850748841641460274e+01
1.759742365865054170e+00 1.844599541301271373e+01
1.762175706962127775e+00 1.838470075634474199e+01
1.764612412840893096e+00 1.832360383073253374e+01
1.767052488154111645e+00 1.826270402231504164e+01
1.769495937560978671e+00 1.820200071904321248e+01
1.771942765727132052e+00 1.814149331067504534e+01
1.774392977324661169e+00 1.808118118877061420e+01
1.776846577032116459e+00 1.802106374668705513e+01
1.779303569534516960e+00 1.796114037957364573e+01
1.781763959523360308e+00 1.790141048436685978e+01
1.784227751696632280e+00 1.784187345978545736e+01
1.786694950758813238e+00 1.778252870632552174e+01
1.789165561420890782e+00 1.772337562625550333e+01
1.791639588400365080e+00 1.766441362361152301e+01
1.794117036421260858e+00 1.760564210419226683e+01
1.796597910214134508e+00 1.754706047555421122e+01
1.799082214516083411e+00 1.748866814700675931e+01
1.801569954070756374e+00 1.743046452960742698e+01
1.804061133628360958e+00 1.737244903615695790e+01
1.806555757945673024e+00 1.731462108119449539e+01
1.809053831786046507e+00 1.725698008099282532e+01
1.811555359919421626e+00 1.719952545355358708e+01
1.814060347122334438e+00 1.714225661860240280e+01
1.816568798177926825e+00 1.708517299758413799e+01
1.819080717875953157e+00 1.702827401365819426e+01
1.821596111012792063e+00 1.697155909169368471e+01
1.824114982391454642e+00 1.691502765826475851e+01
1.826637336821592239e+00 1.685867914164587944e+01
1.829163179119508653e+00 1.680251297180700831e+01
1.831692514108166137e+00 1.674652858040899517e+01
1.834225346617196717e+00 1.669072540079890032e+01
1.836761681482911079e+00 1.663510286800527638e+01
1.839301523548306339e+00 1.657966041873346796e+01
1.841844877663077584e+00 1.652439749136102165e+01
1.844391748683625654e+00 1.646931352593300701e+01
1.846942141473066235e+00 1.641440796415743364e+01
1.849496060901240302e+00 1.635968024940055798e+01
1.852053511844722333e+00 1.630512982668230393e+01
1.854614499186830079e+00 1.625075614267169044e+01
1.857179027817634331e+00 1.619655864568223080e+01
1.859747102633967142e+00 1.614253678566734251e+01
1.862318728539432255e+00 1.608869001421582823e+01
1.864893910444413549e+00 1.603501778454724658e+01
1.867472653266085691e+00 1.598151955150749615e+01
1.870054961928422133e+00 1.592819477156414720e+01
1.872640841362204878e+00 1.587504290280204167e+01
1.875230296505034921e+00 1.582206340491870833e+01
1.877823332301340464e+00 1.576925573921995394e+01
1.880419953702386460e+00 1.571661936861525355e+01
1.883020165666285273e+00 1.566415375761342688e+01
1.885623973158003785e+00 1.561185837231810858e+01
1.888231381149375832e+00 1.555973268042325053e+01
1.890842394619109967e+00 1.550777615120876085e+01
1.893457018552797910e+00 1.545598825553608613e+01
1.896075257942927195e+00 1.540436846584374564e+01
1.898697117788887834e+00 1.535291625614291888e+01
1.901322603096982755e+00 1.530163110201314502e+01
1.903951718880438237e+00 1.525051248059783049e+01
1.906584470159412126e+00 1.519955987059997682e+01
1.909220861961004267e+00 1.514877275227772202e+01
1.911860899319266505e+00 1.509815060744010751e+01
1.914504587275210223e+00 1.504769291944264253e+01
1.917151930876819010e+00 1.499739917318304983e+01
1.919802935179055980e+00 1.494726885509689218e+01
1.922457605243873768e+00 1.489730145311904153e+01
1.925115946140225631e+00 1.484749645630483350e+01
1.927777962944072998e+00 1.479785335497171239e+01
1.930443660738396794e+00 1.474837164096254938e+01
1.933113044613206766e+00 1.469905080764617544e+01
1.935786119665550586e+00 1.464989034991300798e+01
1.938462890999524513e+00 1.460088976417075735e+01
1.941143363726282267e+00 1.455204854834011918e+01
1.943827542964045252e+00 1.450336620185048275e+01
1.946515433838112541e+00 1.445484222563564813e+01
1.949207041480869984e+00 1.440647612212957540e+01
1.951902371031800421e+00 1.435826739526208762e+01
1.954601427637494337e+00 1.431021555045464488e+01
1.957304216451657419e+00 1.426232009461615036e+01
1.960010742635123204e+00 1.421458053613865680e+01
1.962721011355860190e+00 1.416699638489319568e+01
1.965435027788984046e+00 1.411956715222553349e+01
1.968152797116766495e+00 1.407229235095207187e+01
1.970874324528644417e+00 1.402517149535553287e+01
1.973599615221231174e+00 1.397820410118093370e+01
1.976328674398326157e+00 1.393138968563127555e+01
1.979061507270923670e+00 1.388472776736357162e+01
1.981798119057224472e+00 1.383821786648454122e+01
1.984538514982643997e+00 1.379185950454660414e+01
1.987282700279824565e+00 1.374565220454369552e+01
1.990030680188643597e+00 1.369959549090720152e+01
1.992782459956223384e+00 1.365368888950187376e+01
1.995538044836942637e+00 1.360793192762168857e+01
1.998297440092445809e+00 1.356232413398582892e+01
2.001060650991652423e+00 1.351686503873461831e+01
2.003827682810768618e+00 1.347155417342547068e+01
2.006598540833294919e+00 1.342639107102881546e+01
2.009373230350040007e+00 1.338137526592408655e+01
2.012151756659126711e+00 1.333650629389576281e+01
2.014934125066004444e+00 1.329178369212926292e+01
2.017720340883459862e+00 1.324720699920702671e+01
2.020510409431624854e+00 1.320277575510448997e+01
2.023304336037988094e+00 1.315848950118609473e+01
2.026102126037405693e+00 1.311434778020139369e+01
2.028903784772109642e+00 1.307035013628101972e+01
2.031709317591720687e+00 1.302649611493276005e+01
2.034518729853255437e+00 1.298278526303765545e+01
2.037332026921138795e+00 1.293921712884604602e+01
2.040149214167213287e+00 1.289579126197366676e+01
2.042970296970748834e+00 1.285250721339775559e+01
2.045795280718455622e+00 1.280936453545313825e+01
2.048624170804490774e+00 1.276636278182833806e+01
2.051456972630470776e+00 1.272350150756178522e+01
2.054293691605481698e+00 1.268078026903783595e+01
2.057134333146088956e+00 1.263819862398300486e+01
2.059978902676347978e+00 1.259575613146210138e+01
2.062827405627814414e+00 1.255345235187439279e+01
2.065679847439554795e+00 1.251128684694977800e+01
2.068536233558155857e+00 1.246925917974501452e+01
2.071396569437737423e+00 1.242736891463986026e+01
2.074260860539959062e+00 1.238561561733333427e+01
2.077129112334034744e+00 1.234399885483988513e+01
2.080001330296739503e+00 1.230251819548570502e+01
2.082877519912422759e+00 1.226117320890486795e+01
2.085757686673017197e+00 1.221996346603564199e+01
2.088641836078048541e+00 1.217888853911676428e+01
2.091529973634649320e+00 1.213794800168361654e+01
2.094422104857565525e+00 1.209714142856463681e+01
2.097318235269169051e+00 1.205646839587750740e+01
2.100218370399469237e+00 1.201592848102548317e+01
2.103122515786120861e+00 1.197552126269373574e+01
2.106030676974436133e+00 1.193524632084562853e+01
2.108942859517396684e+00 1.189510323671903969e+01
2.111859068975660669e+00 1.185509159282277736e+01
2.114779310917576982e+00 1.181521097293280853e+01
2.117703590919193690e+00 1.177546096208872228e+01
2.120631914564269138e+00 1.173584114659005628e+01
2.123564287444283938e+00 1.169635111399266592e+01
2.126500715158448518e+00 1.165699045310511650e+01
2.129441203313717779e+00 1.161775875398509328e+01
2.132385757524798642e+00 1.157865560793581317e+01
2.135334383414162041e+00 1.153968060750239744e+01
2.138287086612054466e+00 1.150083334646834210e+01
2.141243872756506406e+00 1.146211341985197052e+01
2.144204747493345664e+00 1.142352042390281142e+01
2.147169716476206691e+00 1.138505395609808524e+01
2.150138785366541239e+00 1.134671361513918875e+01
2.153111959833629907e+00 1.130849900094816540e+01
2.156089245554593248e+00 1.127040971466414021e+01
2.159070648214400645e+00 1.123244535863988247e+01
2.162056173505884527e+00 1.119460553643823353e+01
2.165045827129747469e+00 1.115688985282869261e+01
2.168039614794575964e+00 1.111929791378387300e+01
2.171037542216849747e+00 1.108182932647607366e+01
2.174039615120952895e+00 1.104448369927380291e+01
2.177045839239185820e+00 1.100726064173833052e+01
2.180056220311775483e+00 1.097015976462021669e+01
2.183070764086885163e+00 1.093318067985594944e+01
2.186089476320628222e+00 1.089632300056443448e+01
2.189112362777076104e+00 1.085958634104364862e+01
2.192139429228271652e+00 1.082297031676718468e+01
2.195170681454238881e+00 1.078647454438089959e+01
2.198206125242993636e+00 1.075009864169949303e+01
2.201245766390556025e+00 1.071384222770313954e+01
2.204289610700961521e+00 1.067770492253413117e+01
2.207337663986269849e+00 1.064168634749349707e+01
2.210389932066577856e+00 1.060578612503767992e+01
2.213446420770031953e+00 1.057000387877512537e+01
2.216507135932835215e+00 1.053433923346307033e+01
2.219572083399262041e+00 1.049879181500411818e+01
2.222641269021668808e+00 1.046336125044294008e+01
2.225714698660503199e+00 1.042804716796300291e+01
2.228792378184317524e+00 1.039284919688323150e+01
2.231874313469778937e+00 1.035776696765476501e+01
2.234960510401680089e+00 1.032280011185764046e+01
2.238050974872951571e+00 1.028794826219753489e+01
2.241145712784672117e+00 1.025321105250251819e+01
2.244244730046081937e+00 1.021858811771975439e+01
2.247348032574590260e+00 1.018407909391230781e+01
2.250455626295789546e+00 1.014968361825591359e+01
2.253567517143467480e+00 1.011540132903565592e+01
2.256683711059614961e+00 1.008123186564288964e+01
2.259804213994440314e+00 1.004717486857193265e+01
2.262929031906379063e+00 1.001322997941689330e+01
2.266058170762106805e+00 9.979396840868462348e+00
2.269191636536549872e+00 9.945675096710784757e+00
2.272329435212895099e+00 9.912064391818205422e+00
2.275471572782604035e+00 9.878564372152172979e+00
2.278618055245423601e+00 9.845174684758028150e+00
2.281768888609395862e+00 9.811894977761896897e+00
2.284924078890870902e+00 9.778724900367521400e+00
2.288083632114518373e+00 9.745664102853158539e+00
2.291247554313339041e+00 9.712712236568401991e+00
2.294415851528675887e+00 9.679868953931125120e+00
2.297588529810225211e+00 9.647133908424343929e+00
2.300765595216048620e+00 9.614506754593142190e+00
2.303947053812586354e+00 9.581987148041523739e+00
2.307132911674664832e+00 9.549574745429410427e+00
2.310323174885512643e+00 9.517269204469524624e+00
2.313517849536768534e+00 9.485070183924312559e+00
2.316716941728496071e+00 9.452977343602920968e+00
2.319920457569193406e+00 9.420990344358129320e+00
2.323128403175804824e+00 9.389108848083308700e+00
2.326340784673734063e+00 9.357332517709407327e+00
2.329557608196854090e+00 9.325661017201911207e+00
2.332778879887519530e+00 9.294094011557831436e+00
2.336004605896579545e+00 9.262631166802703930e+00
2.339234792383388051e+00 9.231272149987571396e+00
2.342469445515815263e+00 9.200016629186025696e+00
2.345708571470262349e+00 9.168864273491198702e+00
2.348952176431668537e+00 9.137814753012801106e+00
2.352200266593527100e+00 9.106867738874138141e+00
2.355452848157894685e+00 9.076022903209185699e+00
2.358709927335405077e+00 9.045279919159591842e+00
2.361971510345278968e+00 9.014638460871791992e+00
2.365237603415337730e+00 8.984098203494014001e+00
2.368508212782013178e+00 8.953658823173416437e+00
2.371783344690363116e+00 8.923319997053097197e+00
2.375063005394077553e+00 8.893081403269261997e+00
2.378347201155497803e+00 8.862942720948252529e+00
2.381635938245620920e+00 8.832903630203714940e+00
2.384929222944117910e+00 8.802963812133645760e+00
2.388227061539343055e+00 8.773122948817560385e+00
2.391529460328344125e+00 8.743380723313631364e+00
2.394836425616878373e+00 8.713736819655784061e+00
2.398147963719422293e+00 8.684190922850863359e+00
2.401464080959182734e+00 8.654742718875798602e+00
2.404784783668111547e+00 8.625391894674731219e+00
2.408110078186914471e+00 8.596138138156238284e+00
2.411439970865067561e+00 8.566981138190417511e+00
2.414774468060824741e+00 8.537920584606196073e+00
2.418113576141232901e+00 8.508956168188396063e+00
2.421457301482142999e+00 8.480087580605621511e+00
2.424805650468222495e+00 8.451314514221897056e+00
2.428158629492967346e+00 8.422636662294225474e+00
2.431516244958714879e+00 8.394053719029582084e+00
2.434878503276654449e+00 8.365565379582124095e+00
2.438245410866841212e+00 8.337171340050320012e+00
2.441616974158208109e+00 8.308871297474221151e+00
2.444993199588577415e+00 8.280664949832608812e+00
2.448374093604674062e+00 8.252551996040260462e+00
2.451759662662136297e+00 8.224532135945169742e+00
2.455149913225530778e+00 8.196605070325738041e+00
2.458544851768362349e+00 8.168770500888085095e+00
2.461944484773086472e+00 8.141028130263235241e+00
2.465348818731124325e+00 8.113377662004403135e+00
2.468757860142872129e+00 8.085818800584258170e+00
2.472171615517714027e+00 8.058351251392197767e+00
2.475590091374037183e+00 8.030974720731625993e+00
2.479013294239240217e+00 8.003688915817219751e+00
2.482441230649749198e+00 7.976493544772265132e+00
2.485873907151028739e+00 7.949388316625918272e+00
2.489311330297592217e+00 7.922372941310566574e+00
2.492753506653019535e+00 7.895447129659077135e+00
2.496200442789964669e+00 7.868610593402173947e+00
2.499652145290170324e+00 7.841863045165767154e+00
2.503108620744480817e+00 7.815204198468278740e+00
2.506569875752854060e+00 7.788633767718001977e+00
2.510035916924374000e+00 7.762151468210431560e+00
2.513506750877263940e+00 7.735757016125655028e+00
2.516982384238898085e+00 7.709450128525721979e+00
2.520462823645815309e+00 7.683230523352003516e+00
2.523948075743732034e+00 7.657097919422572119e+00
2.527438147187552886e+00 7.631052036429646357e+00
2.530933044641385354e+00 7.605092594936916583e+00
2.534432774778552666e+00 7.579219316377007409e+00
2.537937344281604446e+00 7.553431923048853136e+00
2.541446759842332259e+00 7.527730138115164671e+00
2.544961028161779382e+00 7.502113685599815618e+00
2.548480155950257231e+00 7.476582290385284324e+00
2.552004149927353804e+00 7.451135678210137669e+00
2.555533016821950554e+00 7.425773575666423376e+00
2.559066763372233044e+00 7.400495710197170673e+00
2.562605396325703833e+00 7.375301810093840338e+00
2.566148922439196234e+00 7.350191604493781838e+00
2.569697348478887200e+00 7.325164823377737555e+00
2.573250681220308866e+00 7.300221197567323017e+00
2.576808927448363207e+00 7.275360458722504475e+00
2.580372093957333135e+00 7.250582339339129767e+00
2.583940187550898049e+00 7.225886572746382797e+00
2.587513215042145376e+00 7.201272893104364137e+00
2.591091183253581676e+00 7.176741035401558833e+00
2.594674099017149516e+00 7.152290735452393022e+00
2.598261969174238128e+00 7.127921729894767466e+00
2.601854800575695403e+00 7.103633756187585746e+00
2.605452600081844761e+00 7.079426552608315326e+00
2.609055374562494478e+00 7.055299858250529965e+00
2.612663130896952346e+00 7.031253413021513410e+00
2.616275875974039877e+00 7.007286957639757397e+00
2.619893616692102079e+00 6.983400233632628407e+00
2.623516359959025657e+00 6.959592983333857674e+00
2.627144112692247901e+00 6.935864949881204389e+00
2.630776881818770896e+00 6.912215877214018533e+00
2.634414674275176615e+00 6.888645510070857014e+00
2.638057497007637142e+00 6.865153593987094460e+00
2.641705356971931540e+00 6.841739875292518036e+00
2.645358261133456068e+00 6.818404101108986204e+00
2.649016216467238838e+00 6.795146019348045741e+00
2.652679229957952689e+00 6.771965378708562966e+00
2.656347308599928958e+00 6.748861928674375399e+00
2.660020459397170356e+00 6.725835419511937197e+00
2.663698689363365624e+00 6.702885602267986798e+00
2.667382005521900634e+00 6.680012228767205684e+00
2.671070414905873047e+00 6.657215051609889578e+00
2.674763924558107853e+00 6.634493824169615195e+00
2.678462541531165364e+00 6.611848300590954963e+00
2.682166272887361202e+00 6.589278235787137561e+00
2.685875125698774291e+00 6.566783385437755527e+00
2.689589107047264172e+00 6.544363505986482643e+00
2.693308224024483000e+00 6.522018354638750459e+00
2.697032483731888419e+00 6.499747689359501202e+00
2.700761893280757775e+00 6.477551268870898049e+00
2.704496459792202767e+00 6.455428852650049620e+00
2.708236190397180998e+00 6.433380200926752224e+00
2.711981092236511959e+00 6.411405074681227667e+00
2.715731172460886800e+00 6.389503235641886825e+00
2.719486438230887426e+00 6.367674446283064782e+00
2.723246896716996268e+00 6.345918469822787067e+00
2.727012555099609603e+00 6.324235070220561639e+00
2.730783420569053987e+00 6.302624012175123802e+00
2.734559500325599579e+00 6.281085061122225532e+00
2.738340801579470352e+00 6.259617983232442562e+00
2.742127331550863190e+00 6.238222545408925512e+00
2.745919097469956327e+00 6.216898515285254057e+00
2.749716106576927555e+00 6.195645661223203149e+00
2.753518366121966210e+00 6.174463752310556330e+00
2.757325883365286057e+00 6.153352558358952784e+00
2.761138665577140827e+00 6.132311849901690870e+00
2.764956720037837545e+00 6.111341398191562746e+00
2.768780054037749849e+00 6.090440975198689877e+00
2.772608674877333090e+00 6.069610353608362097e+00
2.776442589867136324e+00 6.048849306818911309e+00
2.780281806327818295e+00 6.028157608939544332e+00
2.784126331590161652e+00 6.007535034788190842e+00
2.787976172995084045e+00 5.986981359889419707e+00
2.791831337893655007e+00 5.966496360472262950e+00
2.795691833647108826e+00 5.946079813468132969e+00
2.799557667626858759e+00 5.925731496508674923e+00
2.803428847214511244e+00 5.905451187923691059e+00
2.807305379801879663e+00 5.885238666739015301e+00
2.811187272790999003e+00 5.865093712674434911e+00
2.815074533594139616e+00 5.845016106141576628e+00
2.818967169633820546e+00 5.825005628241860300e+00
2.822865188342826404e+00 5.805062060764377918e+00
2.826768597164217134e+00 5.785185186183863237e+00
2.830677403551347115e+00 5.765374787658583244e+00
2.834591614967876705e+00 5.745630649028317549e+00
2.838511238887785559e+00 5.725952554812272943e+00
2.842436282795389069e+00 5.706340290207061017e+00
2.846366754185353010e+00 5.686793641084628703e+00
2.850302660562704204e+00 5.667312393990248331e+00
2.854244009442849173e+00 5.647896336140474816e+00
2.858190808351585677e+00 5.628545255421104621e+00
2.862143064825118266e+00 5.609258940385194236e+00
2.866100786410072931e+00 5.590037180251006710e+00
2.870063980663510428e+00 5.570879764900019460e+00
2.874032655152940929e+00 5.551786484874952521e+00
2.878006817456340460e+00 5.532757131377706195e+00
2.881986475162161554e+00 5.513791496267439030e+00
2.885971635869351459e+00 5.494889372058528565e+00
2.889962307187364132e+00 5.476050551918642206e+00
2.893958496736176667e+00 5.457274829666713067e+00
2.897960212146303061e+00 5.438561999771009958e+00
2.901967461058806652e+00 5.419911857347161188e+00
2.905980251125319658e+00 5.401324198156194356e+00
2.909998590008052499e+00 5.382798818602596569e+00
2.914022485379811567e+00 5.364335515732359561e+00
2.918051944924013430e+00 5.345934087231039911e+00
2.922086976334698605e+00 5.327594331421840579e+00
2.926127587316547540e+00 5.309316047263646254e+00
2.930173785584893942e+00 5.291099034349143082e+00
2.934225578865739426e+00 5.272943092902879769e+00
2.938282974895770838e+00 5.254848023779351784e+00
2.942345981422371803e+00 5.236813628461102432e+00
2.946414606203638709e+00 5.218839709056823040e+00
2.950488857008397581e+00 5.200926068299449589e+00
2.954568741616214744e+00 5.183072509544283335e+00
2.958654267817414585e+00 5.165278836767097204e+00
2.962745443413095536e+00 5.147544854562246641e+00
2.966842276215140739e+00 5.129870368140832859e+00
2.970944774046237580e+00 5.112255183328794139e+00
2.975052944739888350e+00 5.094699106565062863e+00
2.979166796140429341e+00 5.077201944899698560e+00
2.983286336103043723e+00 5.059763505992044941e+00
2.987411572493774425e+00 5.042383598108877152e+00
2.991542513189544561e+00 5.025062030122558809e+00
2.995679166078167199e+00 5.007798611509216791e+00
2.999821539058362685e+00 4.990593152346884942e+00
3.003969640039775513e+00 4.973445463313707293e+00
3.008123476942984098e+00 4.956355355686104858e+00
3.012283057699522093e+00 4.939322641336953090e+00
3.016448390251890377e+00 4.922347132733777109e+00
3.020619482553571267e+00 4.905428642936948691e+00
3.024796342569046725e+00 4.888566985597893932e+00
3.028978978273809464e+00 4.871761974957291130e+00
3.033167397654382924e+00 4.855013425843265118e+00
3.037361608708333716e+00 4.838321153669636665e+00
3.041561619444286269e+00 4.821684974434115922e+00
3.045767437881940154e+00 4.805104704713605734e+00
3.049979072052083851e+00 4.788580161546438951e+00
3.054196529996611176e+00 4.772111162394220507e+00
3.058419819768535941e+00 4.755697525288435479e+00
3.062648949432007495e+00 4.739339068839603542e+00
3.066883927062325821e+00 4.723035612235470637e+00
3.071124760745958415e+00 4.706786975239252158e+00
3.075371458580553163e+00 4.690592978187842377e+00
3.079624028674955660e+00 4.674453441990078062e+00
3.083882479149225642e+00 4.658368188124938136e+00
3.088146818134648530e+00 4.642337038639827718e+00
3.092417053773756308e+00 4.626359816148797321e+00
3.096693194220338174e+00 4.610436343830825123e+00
3.100975247639458754e+00 4.594566445428051260e+00
3.105263222207474971e+00 4.578749945244044106e+00
3.109557126112046710e+00 4.562986668142112734e+00
3.113856967552158572e+00 4.547276439543523452e+00
3.118162754738130538e+00 4.531619085425816706e+00
3.122474495891636614e+00 4.516014432321082239e+00
3.126792199245719939e+00 4.500462307314254673e+00
3.131115873044806541e+00 4.484962538041405544e+00
3.135445525544724887e+00 4.469514952688041554e+00
3.139781165012717867e+00 4.454119379987417027e+00
3.144122799727460560e+00 4.438775649218843711e+00
3.148470437979075776e+00 4.423483590206001459e+00
3.152824088069150488e+00 4.408243033315260462e+00
3.157183758310749155e+00 4.393053809454013248e+00
3.161549457028433263e+00 4.377915750069002243e+00
3.165921192558273756e+00 4.362828687144661544e+00
3.170298973247869689e+00 4.347792453201435592e+00
3.174682807456362887e+00 4.332806881294154699e+00
3.179072703554454815e+00 4.317871805010358166e+00
3.183468669924419014e+00 4.302987058468686676e+00
3.187870714960122420e+00 4.288152476317200090e+00
3.192278847067038239e+00 4.273367893731762734e+00
3.196693074662262823e+00 4.258633146414425141e+00
3.201113406174531217e+00 4.243948070591776478e+00
3.205539850044233141e+00 4.229312503013343161e+00
3.209972414723429868e+00 4.214726280949960824e+00
3.214411108675870654e+00 4.200189242192168493e+00
3.218855940377007840e+00 4.185701225048606311e+00
3.223306918314012837e+00 4.171262068344402607e+00
3.227764050985795219e+00 4.156871611419593826e+00
3.232227346903012943e+00 4.142529694127529361e+00
3.236696814588094995e+00 4.128236156833271053e+00
3.241172462575255153e+00 4.113990840412022010e+00
3.245654299410507093e+00 4.099793586247558963e+00
3.250142333651683479e+00 4.085644236230632664e+00
3.254636573868447069e+00 4.071542632757429558e+00
3.259137028642313805e+00 4.057488618727989937e+00
3.263643706566664804e+00 4.043482037544657182e+00
3.268156616246764568e+00 4.029522733110519894e+00
3.272675766299777411e+00 4.015610549827852260e+00
3.277201165354779899e+00 4.001745332596603255e+00
3.281732822052784826e+00 3.987926926812817019e+00
3.286270745046751429e+00 3.974155178367123842e+00
3.290814943001604931e+00 3.960429933643189848e+00
3.295365424594251635e+00 3.946751039516211979e+00
3.299922198513597582e+00 3.933118343351374779e+00
3.304485273460560979e+00 3.919531693002348938e+00
3.309054658148093075e+00 3.905990936809771163e+00
3.313630361301194593e+00 3.892495923599736951e+00
3.318212391656928606e+00 3.879046502682293784e+00
3.322800757964441853e+00 3.865642523849950773e+00
3.327395468984976734e+00 3.852283837376170528e+00
3.331996533491892620e+00 3.838970294013895668e+00
3.336603960270679181e+00 3.825701744994045139e+00
3.341217758118976366e+00 3.812478042024042058e+00
3.345837935846588174e+00 3.799299037286343772e+00
3.350464502275498635e+00 3.786164583436952835e+00
3.355097466239894466e+00 3.773074533603952396e+00
3.359736836586175723e+00 3.760028741386062912e+00
3.364382622172975346e+00 3.747027060851150004e+00
3.369034831871177804e+00 3.734069346534787837e+00
3.373693474563930650e+00 3.721155453438817595e+00
3.378358559146667162e+00 3.708285237029881554e+00
3.383030094527121001e+00 3.695458553237986443e+00
3.387708089625342645e+00 3.682675258455071710e+00
3.392392553373717146e+00 3.669935209533571108e+00
3.397083494716982788e+00 3.657238263784981402e+00
3.401780922612242630e+00 3.644584278978443503e+00
3.406484846028988933e+00 3.631973113339324044e+00
3.411195273949115592e+00 3.619404625547781418e+00
3.415912215366936788e+00 3.606878674737374002e+00
3.420635679289204312e+00 3.594395120493634632e+00
3.425365674735122656e+00 3.581953822852687708e+00
3.430102210736368562e+00 3.569554642299829439e+00
3.434845296337109222e+00 3.557197439768139624e+00
3.439594940594016492e+00 3.544882076637096091e+00
3.444351152576286434e+00 3.532608414731173152e+00
3.449113941365653524e+00 3.520376316318483578e+00
3.453883316056413300e+00 3.508185644109364620e+00
3.458659285755435242e+00 3.496036261255040412e+00
3.463441859582182314e+00 3.483928031346223531e+00
3.468231046668727391e+00 3.471860818411756533e+00
3.473026856159770137e+00 3.459834486917260588e+00
3.477829297212656545e+00 3.447848901763758800e+00
3.482638378997394923e+00 3.435903928286343945e+00
3.487454110696673659e+00 3.423999432252800013e+00
3.492276501505878983e+00 3.412135279862280157e+00
3.497105560633112287e+00 3.400311337743957996e+00
3.501941297299206557e+00 3.388527472955678910e+00
3.506783720737746801e+00 3.376783552982646430e+00
3.511632840195085592e+00 3.365079445736070429e+00
3.516488664930361274e+00 3.353415019551851284e+00
3.521351204215516173e+00 3.341790143189260931e+00
3.526220467335310804e+00 3.330204685829623479e+00
3.531096463587348300e+00 3.318658517074994485e+00
3.535979202282085510e+00 3.307151506946852226e+00
3.540868692742856094e+00 3.295683525884794740e+00
3.545764944305884292e+00 3.284254444745239532e+00
3.550667966320303126e+00 3.272864134800125058e+00
3.555577768148176165e+00 3.261512467735604659e+00
3.560494359164511291e+00 3.250199315650765364e+00
3.565417748757279792e+00 3.238924551056346690e+00
3.570347946327434574e+00 3.227688046873442573e+00
3.575284961288929697e+00 3.216489676432234379e+00
3.580228803068732812e+00 3.205329313470713704e+00
3.585179481106850918e+00 3.194206832133402951e+00
3.590137004856342351e+00 3.183122106970098120e+00
3.595101383783337656e+00 3.172075012934596927e+00
3.600072627367058242e+00 3.161065425383442928e+00
3.605050745099829701e+00 3.150093220074670963e+00
3.610035746487106234e+00 3.139158273166549495e+00
3.615027641047486195e+00 3.128260461216336275e+00
3.620026438312728967e+00 3.117399661179023784e+00
3.625032147827775386e+00 3.106575750406116665e+00
3.630044779150761958e+00 3.095788606644380714e+00
3.635064341853045722e+00 3.085038108034605209e+00
3.640090845519217133e+00 3.074324133110385660e+00
3.645124299747120045e+00 3.063646560796888352e+00
3.650164714147871248e+00 3.053005270409623773e+00
3.655212098345874239e+00 3.042400141653250234e+00
3.660266461978844532e+00 3.031831054620331312e+00
3.665327814697823428e+00 3.021297889790135471e+00
3.670396166167197105e+00 3.010800528027427703e+00
3.675471526064715277e+00 3.000338850581268257e+00
3.680553904081512506e+00 2.989912739083803395e+00
3.685643309922118860e+00 2.979522075549083659e+00
3.690739753304487891e+00 2.969166742371851520e+00
3.695843243960010405e+00 2.958846622326361864e+00
3.700953791633532219e+00 2.948561598565195396e+00
3.706071406083376374e+00 2.938311554618074695e+00
3.711196097081356005e+00 2.928096374390682932e+00
3.716327874412799659e+00 2.917915942163491039e+00
3.721466747876565506e+00 2.907770142590583973e+00
3.726612727285062210e+00 2.897658860698492767e+00
3.731765822464267135e+00 2.887581981885027460e+00
3.736926043253742336e+00 2.877539391918121581e+00
3.742093399506658091e+00 2.867530976934667741e+00
3.747267901089809339e+00 2.857556623439361676e+00
3.752449557883634768e+00 2.847616218303556490e+00
3.757638379782234139e+00 2.837709648764116910e+00
3.762834376693390936e+00 2.827836802422265539e+00
3.768037558538585685e+00 2.817997567242455315e+00
3.773247935253021268e+00 2.808191831551217099e+00
3.778465516785637135e+00 2.798419484036034799e+00
3.783690313099130176e+00 2.788680413744219155e+00
3.788922334169975592e+00 2.778974510081765548e+00
3.794161589988439331e+00 2.769301662812253539e+00
3.799408090558605622e+00 2.759661762055703793e+00
3.804661845898391181e+00 2.750054698287469179e+00
3.809922866039564759e+00 2.740480362337130771e+00
3.815191161027768008e+00 2.730938645387373853e+00
3.820466740922531468e+00 2.721429438972892356e+00
3.825749615797297221e+00 2.711952634979272414e+00
3.831039795739437093e+00 2.702508125641906123e+00
3.836337290850270865e+00 2.693095803474882199e+00
3.841642111245087143e+00 2.683715560752236051e+00
3.846954267053159793e+00 2.674367289809299830e+00
3.852273768417770583e+00 2.665050883337834353e+00
3.857600625496228286e+00 2.655766234387048286e+00
3.862934848459884662e+00 2.646513236362427079e+00
3.868276447494158443e+00 2.637291783024536596e+00
3.873625432798551760e+00 2.628101768487828949e+00
3.878981814586669241e+00 2.618943087219481658e+00
3.884345603086240217e+00 2.609815634038202159e+00
3.889716808539136483e+00 2.600719304113072727e+00
3.895095441201391839e+00 2.591653992962363429e+00
3.900481511343222962e+00 2.582619596452387256e+00
3.905875029249044950e+00 2.573616010796323295e+00
3.911276005217497520e+00 2.564643132553069194e+00
3.916684449561459669e+00 2.555700858626082983e+00
3.922100372608070984e+00 2.546789086262241320e+00
3.927523784698752518e+00 2.537907713050683078e+00
3.932954696189221444e+00 2.529056636921682699e+00
3.938393117449518144e+00 2.520235756145506656e+00
3.943839058864022196e+00 2.511444969331266819e+00
3.949292530831471471e+00 2.502684175425814672e+00
3.954753543764984336e+00 2.493953273712594676e+00
3.960222108092075644e+00 2.485252163810540704e+00
3.965698234254681598e+00 2.476580745672934292e+00
3.971181932709176632e+00 2.467938919586318391e+00
3.976673213926394723e+00 2.459326586169356954e+00
3.982172088391647602e+00 2.450743646371756235e+00
3.987678566604746955e+00 2.442190001473137695e+00
3.993192659080022189e+00 2.433665553081953092e+00
3.998714376346342192e+00 2.425170203134386693e+00
4.004243728947135317e+00 2.416703853893256593e+00
4.009780727440410253e+00 2.408266407946928478e+00
4.015325382398773790e+00 2.399857768208232489e+00
4.020877704409451248e+00 2.391477837913388083e+00
4.026437704074308677e+00 2.383126520620915567e+00
4.032005392009874178e+00 2.374803720210562297e+00
4.037580778847354779e+00 2.366509340882240853e+00
4.043163875232657745e+00 2.358243287154958789e+00
4.048754691826409235e+00 2.350005463865754596e+00
4.054353239303981837e+00 2.341795776168635435e+00
4.059959528355505221e+00 2.333614129533527315e+00
4.065573569685894562e+00 2.325460429745213720e+00
4.071195374014864754e+00 2.317334582902295992e+00
4.076824952076957054e+00 2.309236495416142176e+00
4.082462314621551513e+00 2.301166074009850959e+00
4.088107472412896293e+00 2.293123225717201397e+00
4.093760436230122757e+00 2.285107857881630178e+00
4.099421216867267681e+00 2.277119878155197785e+00
4.105089825133294568e+00 2.269159194497551990e+00
4.110766271852110521e+00 2.261225715174916662e+00
4.116450567862592003e+00 2.253319348759057483e+00
4.122142724018602600e+00 2.245440004126277422e+00
4.127842751189015225e+00 2.237587590456388664e+00
4.133550660257732545e+00 2.229762017231710303e+00
4.139266462123704748e+00 2.221963194236064698e+00
4.144990167700953521e+00 2.214191031553762734e+00
4.150721787918595140e+00 2.206445439568607725e+00
4.156461333720856466e+00 2.198726328962902876e+00
4.162208816067097139e+00 2.191033610716450308e+00
4.167964245931831790e+00 2.183367196105563846e+00
4.173727634304750467e+00 2.175726996702084914e+00
4.179498992190739948e+00 2.168112924372388228e+00
4.185278330609904174e+00 2.160524891276413229e+00
4.191065660597586451e+00 2.152962809866679095e+00
4.196860993204388102e+00 2.145426592887314854e+00
4.202664339496189783e+00 2.137916153373083272e+00
4.208475710554176352e+00 2.130431404648422067e+00
4.214295117474855523e+00 2.122972260326464689e+00
4.220122571370078290e+00 2.115538634308098853e+00
4.225958083367061136e+00 2.108130440780990877e+00
4.231801664608404678e+00 2.100747594218643766e+00
4.237653326252121211e+00 2.093390009379439309e+00
4.243513079471650684e+00 2.086057601305691733e+00
4.249380935455882913e+00 2.078750285322698232e+00
4.255256905409179780e+00 2.071467977037802832e+00
4.261141000551396552e+00 2.064210592339459360e+00
4.267033232117901420e+00 2.056978047396291309e+00
4.272933611359602146e+00 2.049770258656156141e+00
4.278842149542961160e+00 2.042587142845220693e+00
4.284758857950021316e+00 2.035428616967042803e+00
4.290683747878426324e+00 2.028294598301627616e+00
4.296616830641439400e+00 2.021185004404530972e+00
4.302558117567971685e+00 2.014099753105921931e+00
4.308507620002595573e+00 2.007038762509689267e+00
4.314465349305574016e+00 2.000001950992509769e+00
4.320431316852878290e+00 1.992989237202955399e+00
4.326405534036206646e+00 1.986000540060583575e+00
4.332388012263013621e+00 1.979035778755037889e+00
4.338378762956525136e+00 1.972094872745144833e+00
4.344377797555765142e+00 1.965177741758020069e+00
4.350385127515576045e+00 1.958284305788176027e+00
4.356400764306633810e+00 1.951414485096641949e+00
4.362424719415482599e+00 1.944568200210057052e+00
4.368457004344546313e+00 1.937745371919803228e+00
4.374497630612156129e+00 1.930945921281119304e+00
4.380546609752570930e+00 1.924169769612222858e+00
4.386603953315995064e+00 1.917416838493434694e+00
4.392669672868607655e+00 1.910687049766312873e+00
4.398743779992582148e+00 1.903980325532772300e+00
4.404826286286104953e+00 1.897296588154230079e+00
4.410917203363401207e+00 1.890635760250738207e+00
4.417016542854758754e+00 1.883997764700116262e+00
4.423124316406541467e+00 1.877382524637114303e+00
4.429240535681223001e+00 1.870789963452530902e+00
4.435365212357401887e+00 1.864220004792383811e+00
4.441498358129825519e+00 1.857672572557049540e+00
4.447639984709413241e+00 1.851147590900421802e+00
4.453790103823276780e+00 1.844644984229069973e+00
4.459948727214744224e+00 1.838164677201392649e+00
4.466115866643383114e+00 1.831706594726788095e+00
4.472291533885020876e+00 1.825270661964809582e+00
4.478475740731770571e+00 1.818856804324344045e+00
4.484668498992047780e+00 1.812464947462779419e+00
4.490869820490598130e+00 1.806095017285174631e+00
4.497079717068518612e+00 1.799746939943439594e+00
4.503298200583279787e+00 1.793420641835514306e+00
4.509525282908749766e+00 1.787116049604549950e+00
4.515760975935211086e+00 1.780833090138096431e+00
4.522005291569393570e+00 1.774571690567283921e+00
4.528258241734488543e+00 1.768331778266016840e+00
4.534519838370174583e+00 1.762113280850168939e+00
4.540790093432640617e+00 1.755916126176777281e+00
4.547069018894609904e+00 1.749740242343234664e+00
4.553356626745357794e+00 1.743585557686502030e+00
4.559652928990740151e+00 1.737452000782302886e+00
4.565957937653216447e+00 1.731339500444330826e+00
4.572271664771867528e+00 1.725247985723461719e+00
4.578594122402423139e+00 1.719177385906967226e+00
4.584925322617282362e+00 1.713127630517720545e+00
4.591265277505538478e+00 1.707098649313423033e+00
4.597613999173002064e+00 1.701090372285814389e+00
4.603971499742223195e+00 1.695102729659902607e+00
4.610337791352513648e+00 1.689135651893187040e+00
4.616712886159971774e+00 1.683189069674880356e+00
4.623096796337504699e+00 1.677262913925148924e+00
4.629489534074853196e+00 1.671357115794331438e+00
4.635891111578613888e+00 1.665471606662186188e+00
4.642301541072261450e+00 1.659606318137121894e+00
4.648720834796174373e+00 1.653761182055439427e+00
4.655149005007653606e+00 1.647936130480578187e+00
4.661586063980952765e+00 1.642131095702356047e+00
4.668032024007296776e+00 1.636346010236218174e+00
4.674486897394907636e+00 1.630580806822488737e+00
4.680950696469025729e+00 1.624835418425625289e+00
4.687423433571932918e+00 1.619109778233472463e+00
4.693905121062981856e+00 1.613403819656514360e+00
4.700395771318612859e+00 1.607717476327145789e+00
4.706895396732380554e+00 1.602050682098923984e+00
4.713404009714978748e+00 1.596403371045842068e+00
4.719921622694259078e+00 1.590775477461593201e+00
4.726448248115260320e+00 1.585166935858840054e+00
4.732983898440231485e+00 1.579577680968487829e+00
4.739528586148650469e+00 1.574007647738963955e+00
4.746082323737256914e+00 1.568456771335481337e+00
4.752645123720063758e+00 1.562924987139338695e+00
4.759216998628394535e+00 1.557412230747187154e+00
4.765797961010896699e+00 1.551918437970320808e+00
4.772388023433571824e+00 1.546443544833960848e+00
4.778987198479797804e+00 1.540987487576548576e+00
4.785595498750351950e+00 1.535550202649033968e+00
4.792212936863433193e+00 1.530131626714175797e+00
4.798839525454693167e+00 1.524731696645826640e+00
4.805475277177252202e+00 1.519350349528244326e+00
4.812120204701730408e+00 1.513987522655384277e+00
4.818774320716266324e+00 1.508643153530208281e+00
4.825437637926543566e+00 1.503317179864049891e+00
4.832110169055814808e+00 1.498009539621627084e+00
4.838791926844927538e+00 1.492720171099562121e+00
4.845482924052346263e+00 1.487449012819671346e+00
4.852183173454179155e+00 1.482196003506632165e+00
4.858892687844196701e+00 1.476961082087325572e+00
4.865611480033864567e+00 1.471744187690169792e+00
4.872339562852362249e+00 1.466545259644474575e+00
4.879076949146609721e+00 1.461364237479782835e+00
4.885823651781291410e+00 1.456201060925220725e+00
4.892579683638881960e+00 1.451055669908848156e+00
4.899345057619665766e+00 1.445928004557017088e+00
4.906119786641768066e+00 1.440818005193720497e+00
4.912903883641178915e+00 1.435725612339952439e+00
4.919697361571773619e+00 1.430650766713065902e+00
4.926500233405342044e+00 1.425593409226136421e+00
4.933312512131605487e+00 1.420553480987329253e+00
4.940134210758253985e+00 1.415530923299255672e+00
4.946965342310961411e+00 1.410525677658346133e+00
4.953805919833414784e+00 1.405537685754221444e+00
4.960655956387335586e+00 1.400566889469063714e+00
4.967515465052506407e+00 1.395613230876986854e+00
4.974384458926799368e+00 1.390676652243415523e+00
4.981262951126196548e+00 1.385757096024462731e+00
4.988150954784815738e+00 1.380854504866309007e+00
4.995048483054937982e+00 1.375968821604582448e+00
5.001955549107028887e+00 1.371099989263746322e+00
5.008872166129767933e+00 1.366247951056482668e+00
5.015798347330071572e+00 1.361412650383078571e+00
5.022734105933116311e+00 1.356594030830820197e+00
5.029679455182369807e+00 1.351792036173379064e+00
5.036634408339611291e+00 1.347006610370210300e+00
5.043598978684953771e+00 1.342237697565946242e+00
5.050573179516880451e+00 1.337485242089793358e+00
5.057557024152259828e+00 1.332749188454932954e+00
5.064550525926375002e+00 1.328029481357922981e+00
5.071553698192950321e+00 1.323326065678099406e+00
5.078566554324172699e+00 1.318638886476983796e+00
5.085589107710722701e+00 1.313967888997687794e+00
5.092621371761794968e+00 1.309313018664327366e+00
5.099663359905128424e+00 1.304674221081425944e+00
5.106715085587029357e+00 1.300051442033333338e+00
5.113776562272394521e+00 1.295444627483641309e+00
5.120847803444741331e+00 1.290853723574595602e+00
5.127928822606234505e+00 1.286278676626514184e+00
5.135019633277705609e+00 1.281719433137215924e+00
5.142120248998685916e+00 1.277175939781431513e+00
5.149230683327425062e+00 1.272648143410238797e+00
5.156350949840923015e+00 1.268135991050478584e+00
5.163481062134954058e+00 1.263639429904190647e+00
5.170621033824092549e+00 1.259158407348036857e+00
5.177770878541737787e+00 1.254692870932737181e+00
5.184930609940144208e+00 1.250242768382502812e+00
5.192100241690437379e+00 1.245808047594469725e+00
5.199279787482653070e+00 1.241388656638136023e+00
5.206469261025756801e+00 1.236984543754801491e+00
5.213668676047668704e+00 1.232595657357005381e+00
5.220878046295294617e+00 1.228221946027973299e+00
5.228097385534544728e+00 1.223863358521060984e+00
5.235326707550367331e+00 1.219519843759195865e+00
5.242566026146772806e+00 1.215191350834328610e+00
5.249815355146858487e+00 1.210877829006882234e+00
5.257074708392837081e+00 1.206579227705202317e+00
5.264344099746059769e+00 1.202295496525010554e+00
5.271623543087046393e+00 1.198026585228863627e+00
5.278913052315511223e+00 1.193772443745601208e+00
5.286212641350388708e+00 1.189533022169810383e+00
5.293522324129858347e+00 1.185308270761288751e+00
5.300842114611377554e+00 1.181098139944495973e+00
5.308172026771695862e+00 1.176902580308030188e+00
5.315512074606897563e+00 1.172721542604082456e+00
5.322862272132415917e+00 1.168554977747911172e+00
5.330222633383066899e+00 1.164402836817304721e+00
5.337593172413074072e+00 1.160265071052055896e+00
5.344973903296089901e+00 1.156141631853438767e+00
5.352364840125233947e+00 1.152032470783669771e+00
5.359765997013108851e+00 1.147937539565395459e+00
5.367177388091835866e+00 1.143856790081162478e+00
5.374599027513076166e+00 1.139790174372901088e+00
5.382030929448056611e+00 1.135737644641403588e+00
5.389473108087603492e+00 1.131699153245806944e+00
5.396925577642165628e+00 1.127674652703075431e+00
5.404388352341841006e+00 1.123664095687489262e+00
5.411861446436405210e+00 1.119667435030128777e+00
5.419344874195336281e+00 1.115684623718368407e+00
5.426838649907846701e+00 1.111715614895359083e+00
5.434342787882905590e+00 1.107760361859527976e+00
5.441857302449269795e+00 1.103818818064069562e+00
5.449382207955508761e+00 1.099890937116441147e+00
5.456917518770034725e+00 1.095976672777857930e+00
5.464463249281123147e+00 1.092075978962798732e+00
5.472019413896951789e+00 1.088188809738497076e+00
5.479586027045618479e+00 1.084315119324449128e+00
5.487163103175172196e+00 1.080454862091916546e+00
5.494750656753641493e+00 1.076607992563429983e+00
5.502348702269059366e+00 1.072774465412298595e+00
5.509957254229492563e+00 1.068954235462115543e+00
5.517576327163071781e+00 1.065147257686267945e+00
5.525205935618015651e+00 1.061353487207451929e+00
5.532846094162660044e+00 1.057572879297182133e+00
5.540496817385482942e+00 1.053805389375308987e+00
5.548158119895138185e+00 1.050050973009531985e+00
5.555830016320480347e+00 1.046309585914921403e+00
5.563512521310591374e+00 1.042581183953432911e+00
5.571205649534809012e+00 1.038865723133433283e+00
5.578909415682758777e+00 1.035163159609219008e+00
5.586623834464373495e+00 1.031473449680544219e+00
5.594348920609929721e+00 1.027796549792142189e+00
5.602084688870073492e+00 1.024132416533255263e+00
5.609831154015846977e+00 1.020481006637160570e+00
5.617588330838717781e+00 1.016842276980703064e+00
5.625356234150604706e+00 1.013216184583828117e+00
5.633134878783911503e+00 1.009602686609109456e+00
5.640924279591549073e+00 1.006001740361288643e+00
5.648724451446968331e+00 1.002413303286809665e+00
5.656535409244188628e+00 9.988373329733540862e-01
5.664357167897819956e+00 9.952737871493861910e-01
5.672189742343098473e+00 9.917226236836876874e-01
5.680033147535914040e+00 9.881838005849025164e-01
5.687887398452834198e+00 9.846572760010806613e-01
5.695752510091139698e+00 9.811430082192198476e-01
5.703628497468844039e+00 9.776409556648197885e-01
5.711515375624731661e+00 9.741510769014203319e-01
5.719413159618381037e+00 9.706733306301579267e-01
5.727321864530193984e+00 9.672076756893144278e-01
5.735241505461426748e+00 9.637540710538676780e-01
5.743172097534217535e+00 9.603124758350481960e-01
5.751113655891612275e+00 9.568828492798933105e-01
5.759066195697598367e+00 9.534651507708034046e-01
5.767029732137132214e+00 9.500593398250992694e-01
5.775004280416167646e+00 9.466653760945837881e-01
5.782989855761685227e+00 9.432832193651002894e-01
5.790986473421718017e+00 9.399128295560981172e-01
5.798994148665387982e+00 9.365541667201925380e-01
5.807012896782928202e+00 9.332071910427331973e-01
5.815042733085716620e+00 9.298718628413686904e-01
5.823083672906304464e+00 9.265481425656147962e-01
5.831135731598438454e+00 9.232359907964269308e-01
5.839198924537103430e+00 9.199353682457641623e-01
5.847273267118541007e+00 9.166462357561684371e-01
5.855358774760283325e+00 9.133685543003337015e-01
5.863455462901181470e+00 9.101022849806826853e-01
5.871563347001434785e+00 9.068473890289422412e-01
5.879682442542620180e+00 9.036038278057217932e-01
5.887812765027723216e+00 9.003715628000920068e-01
5.895954329981166531e+00 8.971505556291650141e-01
5.904107152948840032e+00 8.939407680376750820e-01
5.912271249498130210e+00 8.907421618975635003e-01
5.920446635217947673e+00 8.875546992075632469e-01
5.928633325718760894e+00 8.843783420927826544e-01
5.936831336632625522e+00 8.812130528042929623e-01
5.945040683613211030e+00 8.780587937187179781e-01
5.953261382335834462e+00 8.749155273378230735e-01
5.961493448497483527e+00 8.717832162881072877e-01
5.969736897816857457e+00 8.686618233203935446e-01
5.977991746034388321e+00 8.655513113094230881e-01
5.986258008912273887e+00 8.624516432534514720e-01
5.994535702234507824e+00 8.593627822738456601e-01
6.002824841806909006e+00 8.562846916146789056e-01
6.011125443457152606e+00 8.532173346423309601e-01
6.019437523034800286e+00 8.501606748450897255e-01
6.027761096411331287e+00 8.471146758327496862e-01
6.036096179480169077e+00 8.440793013362174468e-01
6.044442788156718649e+00 8.410545152071142727e-01
6.052800938378385176e+00 8.380402814173847359e-01
6.061170646104619308e+00 8.350365640588970351e-01
6.069551927316935824e+00 8.320433273430548615e-01
6.077944798018950046e+00 8.290605355403555254e-01
6.086349274236408924e+00 8.260881516160145654e-01
6.094765372017212357e+00 8.231261372276508226e-01
6.103193107431458486e+00 8.201744541278429557e-01
6.111632496571464124e+00 8.172330642291897318e-01
6.120083555551798504e+00 8.143019296035591825e-01
6.128546300509313483e+00 8.113810124813334301e-01
6.137020747603173731e+00 8.084702752506606194e-01
6.145506913014890493e+00 8.055696804567119562e-01
6.154004812948349112e+00 8.026791908009430765e-01
6.162514463629841899e+00 7.997987691403531940e-01
6.171035881308100990e+00 7.969283784867565723e-01
6.179569082254320556e+00 7.940679820060532190e-01
6.188114082762200319e+00 7.912175430175016899e-01
6.196670899147968647e+00 7.883770249929974439e-01
6.205239547750416307e+00 7.855463915563580812e-01
6.213820044930924880e+00 7.827256064826071391e-01
6.222412407073504959e+00 7.799146336972615501e-01
6.231016650584815686e+00 7.771134372756318687e-01
6.239632791894207386e+00 7.743219814421091751e-01
6.248260847453749989e+00 7.715402305694738505e-01
6.256900833738259671e+00 7.687681491781950260e-01
6.265552767245337940e+00 7.660057019357378039e-01
6.274216664495391171e+00 7.632528536558789156e-01
6.282892542031677685e+00 7.605095692980156086e-01
6.291580416420329058e+00 7.577758139664857451e-01
6.300280304250382102e+00 7.550515529098901224e-01
6.308992222133817940e+00 7.523367515204162359e-01
6.317716186705579773e+00 7.496313753331690366e-01
6.326452214623621728e+00 7.469353900254971368e-01
6.335200322568927511e+00 7.442487614163353360e-01
6.343960527245549486e+00 7.415714554655363777e-01
6.352732845380636206e+00 7.389034382732173611e-01
6.361517293724469724e+00 7.362446760791024891e-01
6.370313889050487788e+00 7.335951352618744759e-01
6.379122648155327369e+00 7.309547823385210696e-01
6.387943587858849526e+00 7.283235839636970077e-01
6.396776725004174047e+00 7.257015069290772002e-01
6.405622076457713199e+00 7.230885181627191294e-01
6.414479659109196596e+00 7.204845847284311322e-01
6.423349489871712947e+00 7.178896738251364651e-01
6.432231585681736696e+00 7.153037527862465828e-01
6.441125963499162665e+00 7.127267890790351945e-01
6.450032640307337140e+00 7.101587503040159843e-01
6.458951633113088064e+00 7.075996041943235504e-01
6.467882958946764127e+00 7.050493186150963432e-01
6.476826634862261400e+00 7.025078615628654877e-01
6.485782677937057095e+00 6.999752011649431616e-01
6.494751105272246861e+00 6.974513056788156362e-01
6.503731933992566105e+00 6.949361434915424240e-01
6.512725181246435291e+00 6.924296831191518731e-01
6.521730864205987466e+00 6.899318932060458653e-01
6.530749000067099352e+00 6.874427425244029610e-01
6.539779606049426874e+00 6.849621999735903133e-01
6.548822699396437130e+00 6.824902345795712533e-01
6.557878297375437704e+00 6.800268154943215348e-01
6.566946417277618409e+00 6.775719119952463565e-01
6.576027076418075268e+00 6.751254934846001587e-01
6.585120292135848707e+00 6.726875294889085311e-01
6.594226081793958194e+00 6.702579896583974461e-01
6.603344462779424440e+00 6.678368437664199408e-01
6.612475452503318252e+00 6.654240617088857945e-01
6.621619068400783625e+00 6.630196135037009775e-01
6.630775327931072383e+00 6.606234692902004380e-01
6.639944248577583252e+00 6.582355993285901041e-01
6.649125847847882298e+00 6.558559739993923277e-01
6.658320143273751768e+00 6.534845638028875525e-01
6.667527152411214963e+00 6.511213393585647546e-01
6.676746892840570879e+00 6.487662714045732137e-01
6.685979382166427953e+00 6.464193307971768387e-01
6.695224638017739593e+00 6.440804885102092703e-01
6.704482678047831712e+00 6.417497156345358666e-01
6.713753519934446246e+00 6.394269833775134693e-01
6.723037181379766913e+00 6.371122630624574956e-01
6.732333680110456520e+00 6.348055261281086992e-01
6.741643033877691593e+00 6.325067441281011504e-01
6.750965260457189032e+00 6.302158887304416535e-01
6.760300377649250514e+00 6.279329317169779490e-01
6.769648403278791804e+00 6.256578449828795740e-01
6.779009355195374731e+00 6.233906005361222746e-01
6.788383251273246266e+00 6.211311704969640912e-01
6.797770109411362505e+00 6.188795270974397633e-01
6.807169947533437515e+00 6.166356426808412561e-01
6.816582783587967320e+00 6.143994897012142742e-01
6.826008635548265424e+00 6.121710407228502238e-01
6.835447521412501892e+00 6.099502684197802838e-01
6.844899459203728220e+00 6.077371455752788032e-01
6.854364466969924408e+00 6.055316450813584828e-01
6.863842562784023826e+00 6.033337399382799893e-01
6.873333764743951413e+00 6.011434032540524663e-01
6.882838090972656531e+00 5.989606082439461465e-01
6.892355559618151162e+00 5.967853282300007445e-01
6.901886188853538329e+00 5.946175366405413998e-01
6.911429996877052950e+00 5.924572070096920662e-01
6.920987001912094705e+00 5.903043129768942299e-01
6.930557222207260004e+00 5.881588282864291806e-01
6.940140676036383738e+00 5.860207267869380621e-01
6.949737381698561478e+00 5.838899824309506936e-01
6.959347357518199217e+00 5.817665692744106165e-01
6.968970621845040014e+00 5.796504614762058027e-01
6.978607193054200408e+00 5.775416332977016953e-01
6.988257089546205947e+00 5.754400591022752476e-01
6.997920329747023160e+00 5.733457133548519602e-01
7.007596932108102195e+00 5.712585706214454717e-01
7.017286915106404344e+00 5.691786055686987034e-01
7.026990297244443795e+00 5.671057929634282235e-01
7.036707097050316939e+00 5.650401076721698335e-01
7.046437333077739673e+00 5.629815246607269286e-01
7.056181023906085592e+00 5.609300189937214132e-01
7.065938188140420628e+00 5.588855658341455035e-01
7.075708844411534137e+00 5.568481404429188597e-01
7.085493011375980643e+00 5.548177181784434975e-01
7.095290707716112699e+00 5.527942744961625854e-01
7.105101952140112864e+00 5.507777849481264587e-01
7.114926763382036334e+00 5.487682251825513058e-01
7.124765160201842917e+00 5.467655709433862921e-01
7.134617161385433448e+00 5.447697980698839038e-01
7.144482785744687092e+00 5.427808824961659617e-01
7.154362052117490656e+00 5.407988002508015146e-01
7.164254979367782994e+00 5.388235274563756283e-01
7.174161586385589651e+00 5.368550403290677231e-01
7.184081892087053056e+00 5.348933151782316875e-01
7.194015915414477824e+00 5.329383284059743264e-01
7.203963675336353845e+00 5.309900565067396938e-01
7.213925190847406022e+00 5.290484760668924258e-01
7.223900480968624471e+00 5.271135637643041827e-01
7.233889564747300049e+00 5.251852963679446429e-01
7.243892461257061655e+00 5.232636507374700541e-01
7.253909189597915308e+00 5.213486038228166697e-01
7.263939768896272575e+00 5.194401326637964056e-01
7.273984218304998528e+00 5.175382143896920528e-01
7.284042557003439278e+00 5.156428262188574863e-01
7.294114804197462831e+00 5.137539454583173182e-01
7.304200979119497283e+00 5.118715495033699936e-01
7.314301101028558350e+00 5.099956158371929948e-01
7.324415189210299104e+00 5.081261220304486015e-01
7.334543262977036626e+00 5.062630457408913154e-01
7.344685341667796408e+00 5.044063647129811701e-01
7.354841444648343440e+00 5.025560567774932652e-01
7.365011591311218631e+00 5.007120998511341847e-01
7.375195801075783208e+00 4.988744719361553615e-01
7.385394093388248926e+00 4.970431511199744357e-01
7.395606487721718025e+00 4.952181155747914509e-01
7.405833003576222318e+00 4.933993435572129882e-01
7.416073660478749829e+00 4.915868134078764107e-01
7.426328477983297205e+00 4.897805035510716110e-01
7.436597475670899904e+00 4.879803924943719173e-01
7.446880673149667729e+00 4.861864588282603927e-01
7.457178090054823905e+00 4.843986812257636831e-01
7.467489746048745047e+00 4.826170384420805370e-01
7.477815660820993138e+00 4.808415093142202057e-01
7.488155854088359042e+00 4.790720727606371243e-01
7.498510345594897153e+00 4.773087077808668144e-01
7.508879155111963577e+00 4.755513934551692801e-01
7.519262302438256995e+00 4.738001089441668534e-01
7.529659807399845306e+00 4.720548334884912545e-01
7.540071689850218917e+00 4.703155464084249338e-01
7.550497969670318277e+00 4.685822271035497977e-01
7.560938666768576510e+00 4.668548550523955454e-01
7.571393801080956720e+00 4.651334098120878946e-01
7.581863392570982185e+00 4.634178710180035798e-01
7.592347461229789651e+00 4.617082183834207432e-01
7.602846027076154201e+00 4.600044316991769855e-01
7.613359110156536325e+00 4.583064908333220888e-01
7.623886730545113011e+00 4.566143757307820072e-01
7.634428908343823927e+00 4.549280664130133101e-01
7.644985663682397181e+00 4.532475429776710030e-01
7.655557016718403496e+00 4.515727858601880085e-01
7.666142987637284634e+00 4.499037771672170782e-01
7.676743596652395141e+00 4.482404996566479172e-01
7.687358864005040537e+00 4.465829361261804964e-01
7.697988809964511070e+00 4.449310694121545451e-01
7.708633454828130560e+00 4.432848823895270129e-01
7.719292818921287491e+00 4.416443579718569712e-01
7.729966922597476753e+00 4.400094791112812986e-01
7.740655786238338720e+00 4.383802287984970292e-01
7.751359430253691229e+00 4.367565900627407571e-01
7.762077875081581091e+00 4.351385459717649895e-01
7.772811141188314288e+00 4.335260796318192167e-01
7.783559249068496833e+00 4.319191741876268753e-01
7.794322219245076511e+00 4.303178128223627552e-01
7.805100072269373079e+00 4.287219787576317387e-01
7.815892828721133334e+00 4.271316552534430433e-01
7.826700509208555090e+00 4.255468256081904044e-01
7.837523134368336031e+00 4.239674731586243750e-01
7.848360724865709237e+00 4.223935812798312872e-01
7.859213301394484041e+00 4.208251333852067178e-01
7.870080884677079780e+00 4.192621129264322843e-01
7.880963495464576418e+00 4.177045033934486118e-01
7.891861154536745637e+00 4.161522883144301299e-01
7.902773882702094355e+00 4.146054512557599270e-01
7.913701700797903804e+00 4.130639758220024937e-01
7.924644629690262398e+00 4.115278456558781328e-01
7.935602690274119020e+00 4.099970444382333712e-01
7.946575903473313218e+00 4.084715558880172015e-01
7.957564290240617844e+00 4.069513637622496627e-01
7.968567871557779903e+00 4.054364518559959718e-01
7.979586668435554309e+00 4.039268040023381579e-01
7.990620701913756285e+00 4.024224040723447526e-01
8.001669993061289787e+00 4.009232359750426467e-01
8.012734562976197239e+00 3.994292836573870020e-01
8.023814432785689732e+00 3.979405311042329974e-01
8.034909623646194987e+00 3.964569623383035202e-01
8.046020156743395546e+00 3.949785614201602457e-01
8.057146053292271404e+00 3.935053124481721620e-01
8.068287334537131983e+00 3.920371995584849278e-01
8.079444021751669425e+00 3.905742069249883430e-01
8.090616136238994116e+00 3.891163187592855954e-01
8.101803699331661335e+00 3.876635193106625632e-01
8.113006732391740528e+00 3.862157928660512884e-01
8.124225256810829521e+00 3.847731237500022217e-01
8.135459294010111364e+00 3.833354963246463631e-01
8.146708865440391634e+00 3.819028949896658420e-01
8.157973992582126854e+00 3.804753041822596105e-01
8.169254696945490224e+00 3.790527083771068062e-01
8.180551000070389378e+00 3.776350920863357219e-01
8.191862923526521456e+00 3.762224398594874453e-01
8.203190488913408629e+00 3.748147362834817753e-01
8.214533717860438955e+00 3.734119659825824722e-01
8.225892632026912565e+00 3.720141136183601205e-01
8.237267253102075415e+00 3.706211638896584892e-01
8.248657602805167244e+00 3.692331015325575061e-01
8.260063702885464210e+00 3.678499113203366755e-01
8.271485575122312639e+00 3.664715780634389963e-01
8.282923241325173436e+00 3.650980866094355459e-01
8.294376723333668266e+00 3.637294218429849568e-01
8.305846043017620417e+00 3.623655686857989444e-01
8.317331222277088543e+00 3.610065120966036156e-01
8.328832283042419959e+00 3.596522370711015548e-01
8.340349247274282618e+00 3.583027286419334101e-01
8.351882136963713066e+00 3.569579718786404787e-01
8.363430974132157303e+00 3.556179518876239620e-01
8.374995780831511638e+00 3.542826538121078839e-01
8.386576579144167098e+00 3.529520628320987896e-01
8.398173391183044956e+00 3.516261641643469438e-01
8.409786239091648241e+00 3.503049430623056959e-01
8.421415145044097272e+00 3.489883848160917901e-01
8.433060131245175839e+00 3.476764747524455634e-01
8.444721219930375611e+00 3.463691982346890907e-01
8.456398433365926337e+00 3.450665406626873821e-01
8.468091793848852689e+00 3.437684874728055284e-01
8.479801323707011562e+00 3.424750241378682336e-01
8.491527045299132936e+00 3.411861361671181259e-01
8.503268981014866057e+00 3.399018091061741242e-01
8.515027153274818517e+00 3.386220285369890837e-01
8.526801584530597111e+00 3.373467800778084391e-01
8.538592297264862907e+00 3.360760493831261297e-01
8.550399313991357886e+00 3.348098221436436317e-01
8.562222657254958236e+00 3.335480840862252716e-01
8.574062349631720537e+00 3.322908209738569263e-01
8.585918413728906629e+00 3.310380186056013918e-01
8.597790872185049338e+00 3.297896628165548627e-01
8.609679747669982675e+00 3.285457394778036333e-01
8.621585062884889794e+00 3.273062344963787451e-01
8.633506840562342077e+00 3.260711338152136318e-01
8.645445103466341763e+00 3.248404234130986001e-01
8.657399874392378791e+00 3.236140893046352551e-01
8.669371176167455673e+00 3.223921175401928685e-01
8.681359031650144331e+00 3.211744942058628594e-01
8.693363463730621632e+00 3.199612054234133307e-01
8.705384495330720895e+00 3.187522373502431616e-01
8.717422149403963871e+00 3.175475761793375429e-01
8.729476448935621136e+00 3.163472081392199042e-01
8.741547416942742288e+00 3.151511194939076166e-01
8.753635076474202137e+00 3.139592965428645854e-01
8.765739450610755767e+00 3.127717256209550656e-01
8.777860562465059857e+00 3.115883930983974759e-01
8.789998435181745506e+00 3.104092853807156049e-01
8.802153091937437779e+00 3.092343889086934250e-01
8.814324555940816097e+00 3.080636901583269083e-01
8.826512850432649770e+00 3.068971756407760654e-01
8.838717998685840627e+00 3.057348319023187599e-01
8.850940024005481632e+00 3.045766455243001380e-01
8.863178949728883538e+00 3.034226031230879417e-01
8.875434799225631721e+00 3.022726913500209944e-01
8.887707595897625268e+00 3.011268968913626831e-01
8.899997363179121379e+00 2.999852064682524411e-01
8.912304124536785110e+00 2.988476068366551774e-01
8.924627903469726675e+00 2.977140847873149254e-01
8.936968723509554735e+00 2.965846271457027172e-01
8.949326608220415480e+00 2.954592207719696773e-01
8.961701581199040589e+00 2.943378525608963403e-01
8.974093666074782760e+00 2.932205094418438018e-01
8.986502886509681431e+00 2.921071783787022591e-01
8.998929266198485877e+00 2.909978463698434936e-01
9.011372828868713825e+00 2.898925004480681911e-01
9.023833598280697643e+00 2.887911276805572025e-01
9.036311598227612762e+00 2.876937151688210847e-01
9.048806852535546952e+00 2.866002500486487525e-01
9.061319385063530518e+00 2.855107194900565748e-01
9.073849219703582492e+00 2.844251106972384147e-01
9.086396380380767468e+00 2.833434109085135599e-01
9.098960891053222255e+00 2.822656073962765411e-01
9.111542775712219822e+00 2.811916874669446176e-01
9.124142058382204823e+00 2.801216384609068188e-01
9.136758763120848670e+00 2.790554477524718191e-01
9.149392914019081502e+00 2.779931027498171447e-01
9.162044535201147255e+00 2.769345908949365498e-01
9.174713650824651623e+00 2.758798996635870582e-01
9.187400285080602913e+00 2.748290165652382822e-01
9.200104462193461785e+00 2.737819291430192425e-01
9.212826206421187436e+00 2.727386249736652446e-01
9.225565542055278456e+00 2.716990916674669743e-01
9.238322493420822568e+00 2.706633168682158752e-01
9.251097084876549914e+00 2.696312882531521349e-01
9.263889340814868589e+00 2.686029935329116158e-01
9.276699285661916150e+00 2.675784204514726206e-01
9.289526943877612908e+00 2.665575567861019346e-01
9.302372339955690350e+00 2.655403903473029237e-01
9.315235498423758642e+00 2.645269089787604666e-01
9.328116443843340377e+00 2.635171005572879976e-01
9.341015200809922092e+00 2.625109529927736607e-01
9.353931793953005780e+00 2.615084542281257418e-01
9.366866247936137313e+00 2.605095922392205443e-01
9.379818587456979273e+00 2.595143550348458783e-01
9.392788837247341149e+00 2.585227306566482142e-01
9.405777022073234406e+00 2.575347071790777265e-01
9.418783166734909784e+00 2.565502727093342261e-01
9.431807296066921253e+00 2.555694153873124264e-01
9.444849434938150878e+00 2.545921233855474308e-01
9.457909608251878097e+00 2.536183849091595000e-01
9.470987840945817027e+00 2.526481881957990394e-01
9.484084157992164421e+00 2.516815215155925323e-01
9.497198584397649412e+00 2.507183731710861951e-01
9.510331145203574366e+00 2.497587314971921324e-01
9.523481865485873499e+00 2.488025848611316315e-01
9.536650770355153739e+00 2.478499216623807067e-01
9.549837884956749789e+00 2.469007303326138936e-01
9.563043234470759657e+00 2.459549993356492104e-01
9.576266844112099719e+00 2.450127171673928406e-01
9.589508739130559789e+00 2.440738723557816514e-01
9.602768944810840424e+00 2.431384534607295977e-01
9.616047486472604433e+00 2.422064490740696574e-01
9.629344389470530174e+00 2.412778478000350557e-01
9.642659679194350630e+00 2.403526352568050029e-01
9.655993381068910253e+00 2.394307909016597513e-01
9.669345520554212925e+00 2.385122935924395560e-01
9.682716123145462817e+00 2.375971223711082214e-01
9.696105214373123005e+00 2.366852564623095623e-01
9.709512819802961658e+00 2.357766752719375469e-01
9.722938965036087566e+00 2.348713583857207909e-01
9.736383675709021190e+00 2.339692855678163208e-01
9.749846977493730193e+00 2.330704367594191584e-01
9.763328896097680953e+00 2.321747920773839235e-01
9.776829457263886525e+00 2.312823318128578165e-01
9.790348686770954600e+00 2.303930364299271449e-01
9.803886610433142579e+00 2.295068865642746203e-01
9.817443254100403749e+00 2.286238630218497547e-01
9.831018643658435252e+00 2.277439467775510262e-01
9.844612805028731373e+00 2.268671189739183136e-01
9.858225764168620842e+00 2.259933609198398752e-01
9.871857547071334338e+00 2.251226540892672379e-01
9.885508179766045345e+00 2.242549801199440196e-01
9.899177688317916335e+00 2.233903208121445771e-01
9.912866098828153838e+00 2.225286581274243392e-01
9.926573437434059954e+00 2.216699741873807417e-01
9.940299730309069659e+00 2.208142512724253770e-01
9.954045003662820079e+00 2.199614718205654962e-01
9.967809283741186022e+00 2.191116184261981126e-01
9.981592596826335040e+00 2.182646738389129870e-01
9.995394969236780724e+00 2.174206209623055497e-01
1.000921642732741645e+01 2.165794428528030890e-01
1.002305699748960244e+01 2.157411227184951041e-01
1.003691670615116927e+01 2.149056439179805322e-01
1.005079557977649785e+01 2.140729899592199170e-01
1.006469364486657447e+01 2.132431444983979851e-01
1.007861092795901570e+01 2.124160913387982685e-01
1.009254745562814826e+01 2.115918144296838610e-01
1.010650325448503217e+01 2.107702978651910253e-01
1.012047835117752470e+01 2.099515258832289621e-01
1.013447277239034960e+01 2.091354828643890995e-01
1.014848654484510604e+01 2.083221533308667328e-01
1.016251969530036270e+01 2.075115219453868010e-01
1.017657225055167736e+01 2.067035735101420690e-01
1.019064423743165904e+01 2.058982929657389715e-01
1.020473568281003551e+01 2.050956653901498672e-01
1.021884661359367108e+01 2.042956759976790604e-01
1.023297705672665181e+01 2.034983101379305714e-01
1.024712703919031043e+01 2.027035532947901730e-01
1.026129658800328848e+01 2.019113910854115901e-01
1.027548573022160383e+01 2.011218092592124418e-01
1.028969449293866489e+01 2.003347936968790655e-01
1.030392290328536653e+01 1.995503304093766417e-01
1.031817098843009894e+01 1.987684055369701164e-01
1.033243877557884005e+01 1.979890053482503409e-01
1.034672629197517146e+01 1.972121162391699545e-01
1.036103356490034955e+01 1.964377247320854281e-01
1.037536062167336937e+01 1.956658174748062140e-01
1.038970748965097890e+01 1.948963812396534989e-01
1.040407419622777851e+01 1.941294029225231199e-01
1.041846076883623162e+01 1.933648695419586117e-01
1.043286723494673573e+01 1.926027682382298045e-01
1.044729362206768997e+01 1.918430862724171126e-01
1.046173995774550924e+01 1.910858110255070630e-01
1.047620626956472201e+01 1.903309299974892121e-01
1.049069258514798442e+01 1.895784308064644985e-01
1.050519893215614431e+01 1.888283011877577577e-01
1.051972533828832113e+01 1.880805289930360946e-01
1.053427183128191125e+01 1.873351021894376633e-01
1.054883843891268569e+01 1.865920088587017245e-01
1.056342518899481142e+01 1.858512371963096377e-01
1.057803210938090999e+01 1.851127755106295181e-01
1.059265922796214277e+01 1.843766122220665826e-01
1.060730657266820742e+01 1.836427358622231554e-01
1.062197417146744804e+01 1.829111350730603658e-01
1.063666205236686935e+01 1.821817986060688677e-01
1.065137024341219885e+01 1.814547153214449426e-01
1.066609877268796325e+01 1.807298741872703229e-01
1.068084766831750265e+01 1.800072642787016453e-01
1.069561695846306826e+01 1.792868747771610982e-01
1.071040667132583479e+01 1.785686949695373116e-01
1.072521683514597512e+01 1.778527142473885492e-01
1.074004747820272776e+01 1.771389221061512587e-01
1.075489862881441461e+01 1.764273081443579749e-01
1.076977031533853513e+01 1.757178620628545296e-01
1.078466256617178587e+01 1.750105736640286680e-01
1.079957540975013153e+01 1.743054328510398321e-01
1.081450887454887066e+01 1.736024296270547718e-01
1.082946298908265526e+01 1.729015540944905949e-01
1.084443778190559371e+01 1.722027964542589551e-01
1.085943328161125265e+01 1.715061470050198433e-01
1.087444951683275818e+01 1.708115961424354901e-01
1.088948651624281538e+01 1.701191343584334825e-01
1.090454430855377765e+01 1.694287522404718804e-01
1.091962292251771771e+01 1.687404404708093275e-01
1.093472238692644183e+01 1.680541898257819911e-01
1.094984273061159463e+01 1.673699911750816394e-01
1.096498398244466976e+01 1.666878354810422125e-01
1.098014617133708448e+01 1.660077137979280026e-01
1.099532932624025250e+01 1.653296172712264145e-01
1.101053347614559463e+01 1.646535371369483025e-01
1.102575865008464540e+01 1.639794647209276146e-01
1.104100487712907075e+01 1.633073914381300284e-01
1.105627218639072851e+01 1.626373087919633920e-01
1.107156060702175360e+01 1.619692083735920218e-01
1.108687016821456872e+01 1.613030818612571360e-01
1.110220089920198738e+01 1.606389210195995898e-01
1.111755282925722632e+01 1.599767176989871365e-01
1.113292598769398190e+01 1.593164638348471274e-01
1.114832040386649936e+01 1.586581514469994625e-01
1.116373610716959774e+01 1.580017726389982557e-01
1.117917312703876043e+01 1.573473195974737504e-01
1.119463149295015647e+01 1.566947845914793136e-01
1.121011123442071700e+01 1.560441599718430661e-01
1.122561238100820624e+01 1.553954381705203169e-01
1.124113496231123221e+01 1.547486116999543804e-01
1.125667900796935861e+01 1.541036731524354220e-01
1.127224454766311901e+01 1.534606151994677425e-01
1.128783161111408262e+01 1.528194305911387829e-01
1.130344022808493776e+01 1.521801121554890446e-01
1.131907042837950605e+01 1.515426527978913918e-01
1.133472224184284372e+01 1.509070455004267453e-01
1.135039569836125750e+01 1.502732833212697405e-01
1.136609082786237934e+01 1.496413593940727205e-01
1.138180766031524627e+01 1.490112669273548074e-01
1.139754622573031106e+01 1.483829992038966095e-01
1.141330655415954531e+01 1.477565495801325957e-01
1.142908867569646070e+01 1.471319114855532961e-01
1.144489262047618006e+01 1.465090784221051157e-01
1.146071841867551733e+01 1.458880439635954485e-01
1.147656610051298642e+01 1.452688017551029553e-01
1.149243569624891492e+01 1.446513455123857317e-01
1.150832723618544762e+01 1.440356690212986346e-01
1.152424075066665488e+01 1.434217661372076957e-01
1.154017627007854685e+01 1.428096307844119450e-01
1.155613382484915519e+01 1.421992569555666497e-01
1.157211344544860054e+01 1.415906387111069420e-01
1.158811516238911388e+01 1.409837701786797737e-01
1.160413900622514305e+01 1.403786455525721510e-01
1.162018500755337058e+01 1.397752590931475303e-01
1.163625319701278116e+01 1.391736051262827401e-01
1.165234360528475221e+01 1.385736780428057646e-01
1.166845626309305395e+01 1.379754722979409653e-01
1.168459120120397365e+01 1.373789824107508883e-01
1.170074845042631750e+01 1.367842029635869816e-01
1.171692804161149759e+01 1.361911286015378142e-01
1.173313000565360120e+01 1.355997540318815975e-01
1.174935437348941392e+01 1.350100740235437580e-01
1.176560117609852441e+01 1.344220834065514847e-01
1.178187044450333865e+01 1.338357770714971307e-01
1.179816220976916519e+01 1.332511499689986723e-01
1.181447650300427910e+01 1.326681971091658863e-01
1.183081335535995571e+01 1.320869135610676370e-01
1.184717279803056300e+01 1.315072944522011344e-01
1.186355486225359179e+01 1.309293349679659102e-01
1.187995957930972324e+01 1.303530303511364341e-01
1.189638698052291232e+01 1.297783759013399763e-01
1.191283709726040563e+01 1.292053669745358568e-01
1.192930996093284612e+01 1.286339989824956676e-01
1.194580560299429095e+01 1.280642673922888497e-01
1.196232405494229845e+01 1.274961677257667736e-01
1.197886534831799032e+01 1.269296955590514531e-01
1.199542951470608365e+01 1.263648465220259254e-01
1.201201658573499564e+01 1.258016162978254915e-01
1.202862659307685789e+01 1.252400006223341467e-01
1.204525956844759804e+01 1.246799952836790681e-01
1.206191554360701801e+01 1.241215961217304042e-01
1.207859455035881346e+01 1.235647990276016323e-01
1.209529662055068222e+01 1.230095999431523729e-01
1.211202178607433311e+01 1.224559948604932308e-01
1.212877007886560321e+01 1.219039802338741374e-01
1.214554153090446853e+01 1.213535588842582641e-01
1.216233617421512747e+01 1.208047385009890090e-01
1.217915404086607900e+01 1.202575267433239475e-01
1.219599516297014041e+01 1.197119311070000136e-01
1.221285957268456102e+01 1.191679589253094862e-01
1.222974730221103457e+01 1.186256173701836086e-01
1.224665838379578808e+01 1.180849134532777206e-01
1.226359284972964936e+01 1.175458540270638702e-01
1.228055073234808070e+01 1.170084457859270344e-01
1.229753206403127663e+01 1.164726952672649474e-01
1.231453687720418877e+01 1.159386088525944936e-01
1.233156520433660575e+01 1.154061927686588357e-01
1.234861707794323316e+01 1.148754530885408159e-01
1.236569253058371487e+01 1.143463957327790631e-01
1.238279159486274139e+01 1.138190264704866117e-01
1.239991430343006584e+01 1.132933509204753636e-01
1.241706068898059456e+01 1.127693745523800223e-01
1.243423078425445816e+01 1.122471026877875644e-01
1.245142462203703992e+01 1.117265405013681129e-01
1.246864223515907533e+01 1.112076930220087384e-01
1.248588365649668752e+01 1.106905651339489538e-01
1.250314891897145486e+01 1.101751615779198029e-01
1.252043805555049794e+01 1.096614869522818392e-01
1.253775109924650089e+01 1.091495457141687525e-01
1.255508808311782154e+01 1.086393421806294834e-01
1.257244904026851096e+01 1.081308805297730991e-01
1.258983400384839513e+01 1.076241648019153757e-01
1.260724300705315848e+01 1.071191989007242024e-01
1.262467608312436518e+01 1.066159865943689528e-01
1.264213326534956749e+01 1.061145315166685116e-01
1.265961458706232712e+01 1.056148371682402720e-01
1.267712008164230397e+01 1.051169069176507154e-01
1.269464978251532905e+01 1.046207440025634788e-01
1.271220372315342928e+01 1.041263515308919890e-01
1.272978193707494299e+01 1.036337324819466554e-01
1.274738445784453056e+01 1.031428897075875734e-01
1.276501131907329167e+01 1.026538259333714537e-01
1.278266255441878307e+01 1.021665437597025078e-01
1.280033819758510205e+01 1.016810456629802795e-01
1.281803828232297171e+01 1.011973339967471436e-01
1.283576284242975873e+01 1.007154109928356384e-01
1.285351191174958707e+01 1.002352787625139102e-01
1.287128552417336813e+01 9.975693929763036760e-02
1.288908371363886829e+01 9.928039447175776577e-02
1.290690651413080658e+01 9.880564604133364182e-02
1.292475395968086893e+01 9.833269564680277575e-02
1.294262608436782713e+01 9.786154481375387848e-02
1.296052292231755310e+01 9.739219495405797289e-02
1.297844450770311120e+01 9.692464736700348582e-02
1.299639087474483645e+01 9.645890324042755148e-02
1.301436205771035937e+01 9.599496365184945201e-02
1.303235809091471964e+01 9.553282956959670280e-02
1.305037900872038925e+01 9.507250185393281705e-02
1.306842484553735240e+01 9.461398125818108740e-02
1.308649563582320141e+01 9.415726842984402378e-02
1.310459141408314032e+01 9.370236391172424850e-02
1.312271221487012163e+01 9.324926814303759193e-02
1.314085807278485341e+01 9.279798146052740948e-02
1.315902902247588635e+01 9.234850409957406914e-02
1.317722509863970437e+01 9.190083619530006742e-02
1.319544633602074768e+01 9.145497778367553399e-02
1.321369276941151760e+01 9.101092880261581197e-02
1.323196443365261388e+01 9.056868909308023186e-02
1.325026136363280926e+01 9.012825840016366885e-02
1.326858359428914191e+01 8.968963637418596313e-02
1.328693116060693313e+01 8.925282257177932776e-02
1.330530409761990462e+01 8.881781645696802674e-02
1.332370244041020868e+01 8.838461740224816399e-02
1.334212622410850457e+01 8.795322468966181029e-02
1.336057548389404914e+01 8.752363751186573171e-02
1.337905025499471812e+01 8.709585497319963232e-02
1.339755057268712868e+01 8.666987609074568166e-02
1.341607647229664835e+01 8.624569979538852793e-02
1.343462798919752110e+01 8.582332493286642938e-02
1.345320515881288337e+01 8.540275026482149756e-02
1.347180801661485816e+01 8.498397446984420900e-02
1.349043659812463147e+01 8.456699614451174130e-02
1.350909093891248780e+01 8.415181380442551817e-02
1.352777107459792205e+01 8.373842588523938701e-02
1.354647704084966264e+01 8.332683074368758824e-02
1.356520887338575854e+01 8.291702665860445354e-02
1.358396660797367161e+01 8.250901183194041255e-02
1.360275028043029444e+01 8.210278438977472448e-02
1.362155992662207282e+01 8.169834238332010501e-02
1.364039558246503070e+01 8.129568378992463318e-02
1.365925728392485183e+01 8.089480651406803779e-02
1.367814506701697752e+01 8.049570838835184983e-02
1.369705896780661902e+01 8.009838717448658496e-02
1.371599902240888724e+01 7.970284056427041908e-02
1.373496526698881404e+01 7.930906618056615676e-02
1.375395773776143571e+01 7.891706157826985923e-02
1.377297647099188893e+01 7.852682424527579474e-02
1.379202150299542851e+01 7.813835160343557407e-02
1.381109287013755527e+01 7.775164100951098556e-02
1.383019060883403384e+01 7.736668975612330523e-02
1.384931475555097968e+01 7.698349507269458547e-02
1.386846534680496212e+01 7.660205412638501632e-02
1.388764241916300968e+01 7.622236402302406955e-02
1.390684600924274505e+01 7.584442180803613320e-02
1.392607615371240826e+01 7.546822446736027590e-02
1.394533288929093651e+01 7.509376892836436279e-02
1.396461625274806906e+01 7.472105206075341233e-02
1.398392628090435785e+01 7.435007067747220755e-02
1.400326301063129719e+01 7.398082153560188445e-02
1.402262647885134861e+01 7.361330133725081659e-02
1.404201672253802613e+01 7.324750673043964322e-02
1.406143377871599398e+01 7.288343430998027450e-02
1.408087768446108434e+01 7.252108061834892927e-02
1.410034847690042525e+01 7.216044214655356615e-02
1.411984619321245304e+01 7.180151533499490313e-02
1.413937087062704556e+01 7.144429657432113667e-02
1.415892254642553993e+01 7.108878220627830313e-02
1.417850125794082317e+01 7.073496852455229966e-02
1.419810704255742628e+01 7.038285177560636707e-02
1.421773993771154920e+01 7.003242815951231381e-02
1.423739998089118686e+01 6.968369383077475943e-02
1.425708720963614873e+01 6.933664489915118689e-02
1.427680166153815122e+01 6.899127743046348793e-02
1.429654337424091715e+01 6.864758744740515062e-02
1.431631238544019524e+01 6.830557093034168858e-02
1.433610873288388277e+01 6.796522381810488067e-02
1.435593245437205567e+01 6.762654200878105704e-02
1.437578358775706100e+01 6.728952136049315413e-02
1.439566217094360212e+01 6.695415769217658020e-02
1.441556824188877606e+01 6.662044678434882183e-02
1.443550183860219072e+01 6.628838437987320809e-02
1.445546299914598976e+01 6.595796618471616579e-02
1.447545176163495384e+01 6.562918786869838261e-02
1.449546816423658235e+01 6.530204506623987770e-02
1.451551224517113070e+01 6.497653337709896615e-02
1.453558404271172932e+01 6.465264836710475638e-02
1.455568359518440857e+01 6.433038556888372173e-02
1.457581094096820173e+01 6.400974048258006865e-02
1.459596611849522851e+01 6.369070857656979057e-02
1.461614916625072347e+01 6.337328528816878193e-02
1.463636012277316745e+01 6.305746602433461023e-02
1.465659902665431069e+01 6.274324616236200136e-02
1.467686591653926698e+01 6.243062105057307909e-02
1.469716083112660954e+01 6.211958600899948613e-02
1.471748380916839594e+01 6.181013633006086222e-02
1.473783488947029241e+01 6.150226727923534253e-02
1.475821411089161117e+01 6.119597409572454655e-02
1.477862151234539390e+01 6.089125199311304359e-02
1.479905713279851298e+01 6.058809616002006765e-02
1.481952101127169463e+01 6.028650176074765166e-02
1.484001318683965209e+01 5.998646393591981762e-02
1.486053369863110873e+01 5.968797780311822093e-02
1.488108258582889043e+01 5.939103845751059207e-02
1.490165988767003213e+01 5.909564097247237829e-02
1.492226564344579209e+01 5.880178040020452024e-02
1.494289989250179040e+01 5.850945177234272154e-02
1.496356267423802500e+01 5.821865010056290202e-02
1.498425402810900309e+01 5.792937037717919846e-02
1.500497399362376783e+01 5.764160757573669885e-02
1.502572261034599421e+01 5.735535665159844504e-02
1.504649991789408858e+01 5.707061254252521199e-02
1.506730595594120992e+01 5.678737016925180375e-02
1.508814076421540662e+01 5.650562443605448848e-02
1.510900438249964139e+01 5.622537023131511658e-02
1.512989685063188539e+01 5.594660242807847350e-02
1.515081820850522121e+01 5.566931588460271446e-02
1.517176849606786426e+01 5.539350544490646150e-02
1.519274775332330130e+01 5.511916593930728248e-02
1.521375602033031171e+01 5.484629218495689490e-02
1.523479333720306528e+01 5.457487898636938228e-02
1.525585974411122869e+01 5.430492113594322795e-02
1.527695528127997804e+01 5.403640909156114808e-02
1.529807998899014621e+01 5.376931394376391338e-02
1.531923390757824421e+01 5.350360177814640628e-02
1.534041707743655536e+01 5.323923924027434279e-02
1.536162953901324357e+01 5.297619352914358787e-02
1.538287133281237118e+01 5.271443239050668805e-02
1.540414249939403923e+01 5.245392411038844738e-02
1.542544307937441239e+01 5.219463750879012320e-02
1.544677311342581838e+01 5.193654193357357535e-02
1.546813264227685103e+01 5.167960725452334231e-02
1.548952170671238626e+01 5.142380385758082983e-02
1.551094034757373485e+01 5.116910263924553948e-02
1.553238860575865488e+01 5.091547500114113750e-02
1.555386652222145649e+01 5.066289284473850241e-02
1.557537413797310677e+01 5.041132856623416897e-02
1.559691149408124922e+01 5.016075505157972791e-02
1.561847863167034589e+01 4.991114567165533950e-02
1.564007559192170227e+01 4.966247427758752747e-02
1.566170241607356850e+01 4.941471519620271174e-02
1.568335914542124243e+01 4.916784322561588982e-02
1.570504582131709270e+01 4.892183363094877724e-02
1.572676248517069908e+01 4.867666214017360438e-02
1.574850917844887199e+01 4.843230494008036319e-02
1.577028594267579287e+01 4.818873867236036362e-02
1.579209281943303722e+01 4.794594042980652310e-02
1.581392985035968124e+01 4.770388775262372066e-02
1.583579707715239948e+01 4.746255862484583671e-02
1.585769454156549507e+01 4.722193147085852055e-02
1.587962228541103649e+01 4.698198515201986586e-02
1.590158035055889130e+01 4.674269896338013180e-02
1.592356877893681677e+01 4.650405263049307153e-02
1.594558761253057710e+01 4.626602630631789642e-02
1.596763689338395764e+01 4.602860056820856638e-02
1.598971666359891408e+01 4.579175641498477861e-02
1.601182696533560090e+01 4.555547526408439823e-02
1.603396784081246196e+01 4.531973894879195303e-02
1.605613933230635126e+01 4.508452971554079841e-02
1.607834148215254544e+01 4.484983022128626040e-02
1.610057433274489824e+01 4.461562353094472577e-02
1.612283792653585834e+01 4.438189311489868644e-02
1.614513230603657590e+01 4.414862284656179137e-02
1.616745751381701623e+01 4.391579700000189379e-02
1.618981359250596341e+01 4.368340024762062263e-02
1.621220058479119075e+01 4.345141765788333027e-02
1.623461853341947858e+01 4.321983469309954862e-02
1.625706748119670308e+01 4.298863720724981075e-02
1.627954747098796773e+01 4.275781144385483457e-02
1.630205854571761037e+01 4.252734403388730433e-02
1.632460074836935959e+01 4.229722199371959562e-02
1.634717412198635955e+01 4.206743272310815157e-02
1.636977870967126591e+01 4.183796400320946574e-02
1.639241455458636310e+01 4.160880399462603407e-02
1.641508169995359268e+01 4.137994123547937553e-02
1.643778018905468841e+01 4.115136463950692242e-02
1.646051006523121174e+01 4.092306349418205896e-02
1.648327137188465841e+01 4.069502745885147238e-02
1.650606415247655789e+01 4.046724656289064220e-02
1.652888845052850542e+01 4.023971120387296457e-02
1.655174430962231824e+01 4.001241214574991628e-02
1.657463177340003568e+01 3.978534051704163410e-02
1.659755088556407898e+01 3.955848780903306605e-02
1.662050168987728327e+01 3.933184587397502152e-02
1.664348423016298639e+01 3.910540692328721285e-02
1.666649855030515681e+01 3.887916352576058221e-02
1.668954469424840781e+01 3.865310860575761620e-02
1.671262270599816091e+01 3.842723544140620728e-02
1.673573262962064945e+01 3.820153766278879676e-02
1.675887450924304645e+01 3.797600925011992284e-02
1.678204838905357121e+01 3.775064453191263186e-02
1.680525431330151065e+01 3.752543818313228835e-02
1.682849232629737202e+01 3.730038522333330858e-02
1.685176247241290426e+01 3.707548101477859542e-02
1.687506479608122234e+01 3.685072126053889202e-02
1.689839934179689962e+01 3.662610200257034043e-02
1.692176615411600338e+01 3.640161961976776800e-02
1.694516527765625469e+01 3.617727082599263982e-02
1.696859675709703197e+01 3.595305266807318628e-02
1.699206063717950599e+01 3.572896252377447124e-02
1.701555696270673579e+01 3.550499809973747811e-02
1.703908577854370066e+01 3.528115742938556232e-02
1.706264712961744934e+01 3.505743887079473819e-02
1.708624106091713912e+01 3.483384110452854288e-02
1.710986761749412466e+01 3.461036313143445869e-02
1.713352684446208940e+01 3.438700427039950019e-02
1.715721878699706338e+01 3.416376415606623557e-02
1.718094349033758306e+01 3.394064273650383712e-02
1.720470099978470557e+01 3.371764027083667958e-02
1.722849136070214016e+01 3.349475732682560825e-02
1.725231461851634762e+01 3.327199477840245972e-02
1.727617081871655813e+01 3.304935380315699583e-02
1.730006000685495238e+01 3.282683587977203860e-02
1.732398222854666869e+01 3.260444278540956808e-02
1.734793752946991674e+01 3.238217659304346713e-02
1.737192595536610185e+01 3.216003966873846875e-02
1.739594755203984278e+01 3.193803466887620152e-02
1.742000236535912805e+01 3.171616453732356566e-02
1.744409044125534081e+01 3.149443250254684717e-02
1.746821182572341158e+01 3.127284207466619892e-02
1.749236656482184316e+01 3.105139704245353863e-02
1.751655470467283138e+01 3.083010147027061970e-02
1.754077629146236816e+01 3.060895969494636937e-02
1.756503137144028059e+01 3.038797632259556195e-02
1.758931999092039078e+01 3.016715622537367164e-02
1.761364219628051941e+01 2.994650453817244637e-02
1.763799803396263499e+01 2.972602665525084231e-02
1.766238755047294262e+01 2.950572822680408436e-02
1.768681079238191955e+01 2.928561515546989485e-02
1.771126780632447861e+01 2.906569359276936493e-02
1.773575863899999305e+01 2.884596993548561167e-02
1.776028333717240670e+01 2.862645082197713339e-02
1.778484194767035476e+01 2.840714312842681707e-02
1.780943451738719929e+01 2.818805396502669161e-02
1.783406109328116784e+01 2.796919067209767060e-02
1.785872172237539957e+01 2.775056081614553707e-02
1.788341645175806605e+01 2.753217218585113368e-02
1.790814532858246366e+01 2.731403278799681214e-02
1.793290840006706688e+01 2.709615084332937102e-02
1.795770571349567035e+01 2.687853478235717117e-02
1.798253731621742801e+01 2.666119324108585237e-02
1.800740325564697386e+01 2.644413505668898740e-02
1.803230357926452143e+01 2.622736926311689670e-02
1.805723833461591354e+01 2.601090508664307202e-02
1.808220756931276796e+01 2.579475194134835114e-02
1.810721133103251290e+01 2.557891942454532802e-02
1.813224966751850786e+01 2.536341731214077078e-02
1.815732262658015372e+01 2.514825555393980852e-02
1.818243025609292829e+01 2.493344426889075247e-02
1.820757260399854616e+01 2.471899374027234156e-02
1.823274971830498359e+01 2.450491441082420369e-02
1.825796164708660996e+01 2.429121687782139632e-02
1.828320843848429433e+01 2.407791188809401545e-02
1.830849014070543035e+01 2.386501033299433597e-02
1.833380680202411739e+01 2.365252324331009598e-02
1.835915847078117125e+01 2.344046178412808809e-02
1.838454519538428400e+01 2.322883724964716276e-02
1.840996702430805954e+01 2.301766105794414083e-02
1.843542400609413434e+01 2.280694474569162217e-02
1.846091618935129119e+01 2.259669996283123969e-02
1.848644362275549113e+01 2.238693846720397548e-02
1.851200635505004399e+01 2.217767211913677233e-02
1.853760443504563327e+01 2.196891287599096396e-02
1.856323791162043335e+01 2.176067278667048396e-02
1.858890683372023389e+01 2.155296398609446440e-02
1.861461125035847175e+01 2.134579868963470961e-02
1.864035121061639444e+01 2.113918918752046364e-02
1.866612676364309564e+01 2.093314783921217115e-02
1.869193795865562535e+01 2.072768706774671260e-02
1.871778484493911421e+01 2.052281935405579627e-02
1.874366747184681614e+01 2.031855723125985599e-02
1.876958588880026468e+01 2.011491327893934894e-02
1.879554014528929429e+01 1.991190011738686386e-02
1.882153029087218954e+01 1.970953040184003635e-02
1.884755637517578108e+01 1.950781681670018738e-02
1.887361844789548471e+01 1.930677206973723317e-02
1.889971655879547541e+01 1.910640888628412429e-02
1.892585075770871228e+01 1.890674000342295463e-02
1.895202109453706285e+01 1.870777816416575867e-02
1.897822761925142387e+01 1.850953611163108983e-02
1.900447038189175331e+01 1.831202658322137952e-02
1.903074943256724794e+01 1.811526230480088248e-02
1.905706482145636116e+01 1.791925598487955837e-02
1.908341659880692731e+01 1.772402030880286528e-02
1.910980481493630023e+01 1.752956793295254792e-02
1.913622952023137103e+01 1.733591147895947870e-02
1.916269076514873504e+01 1.714306352793212515e-02
1.918918860021474160e+01 1.695103661470314521e-02
1.921572307602560059e+01 1.675984334149272295e-02
1.924229424324751747e+01 1.656950371925387105e-02
1.926890215261671102e+01 1.638004902444023872e-02
1.929554685493960520e+01 1.619151060326018410e-02
1.932222840109283624e+01 1.600391881006999611e-02
1.934894684202343029e+01 1.581730301366825880e-02
1.937570222874883186e+01 1.563169160411441092e-02
1.940249461235703876e+01 1.544711200005065461e-02
1.942932404400670876e+01 1.526359065650748949e-02
1.945619057492721282e+01 1.508115307317304740e-02
1.948309425641879145e+01 1.489982380310598403e-02
1.951003513985260440e+01 1.471962646187270976e-02
1.953701327667083376e+01 1.454058373708951545e-02
1.956402871838683666e+01 1.436271739834915802e-02
1.959108151658514885e+01 1.418604830751506347e-02
1.961817172292168721e+01 1.401059642936116484e-02
1.964529938912376394e+01 1.383638084254168628e-02
1.967246456699022161e+01 1.366341975087045739e-02
1.969966730839155034e+01 1.349173049489160899e-02
1.972690766526993400e+01 1.332132956372556951e-02
1.975418568963942079e+01 1.315223260716971015e-02
1.978150143358595159e+01 1.298445444803934291e-02
1.980885494926748791e+01 1.281800909472999295e-02
1.983624628891415043e+01 1.265290975398419143e-02
1.986367550482823674e+01 1.248916884384837500e-02
1.989114264938441323e+01 1.232679800680063463e-02
1.991864777502973283e+01 1.216580812303660886e-02
1.994619093428377354e+01 1.200620932389623655e-02
1.997377217973876995e+01 1.184801100541616782e-02
2.000139156405963448e+01 1.169122184199503263e-02
2.002904913998414571e+01 1.153584980015433074e-02
2.005674496032298393e+01 1.138190215238381146e-02
2.008447907795984477e+01 1.122938549105562296e-02
2.011225154585158492e+01 1.107830574239473953e-02
2.014006241702825051e+01 1.092866818049303100e-02
2.016791174459325475e+01 1.078047744135371064e-02
2.019579958172340994e+01 1.063373753695519286e-02
2.022372598166906599e+01 1.048845186932088024e-02
2.025169099775422765e+01 1.034462324458515319e-02
2.027969468337660430e+01 1.020225388704358235e-02
2.030773709200777688e+01 1.006134545317678014e-02
2.033581827719323698e+01 9.921899045638409367e-03
2.036393829255251831e+01 9.783915227196052569e-03
2.039209719177933167e+01 9.647394034616512890e-03
2.042029502864158985e+01 9.512334992486614488e-03
2.044853185698159592e+01 9.378737126958934522e-03
2.047680773071607163e+01 9.246598979416716102e-03
2.050512270383632085e+01 9.115918620046932833e-03
2.053347683040828642e+01 8.986693661316632123e-03
2.056187016457267092e+01 8.858921271342773407e-03
2.059030276054507169e+01 8.732598187149947719e-03
2.061877467261600927e+01 8.607720727809324221e-03
2.064728595515111920e+01 8.484284807451126717e-03
2.067583666259119113e+01 8.362285948146450792e-03
2.070442684945227896e+01 8.241719292651467077e-03
2.073305657032586069e+01 8.122579617008731864e-03
2.076172587987886331e+01 8.004861343001304710e-03
2.079043483285384042e+01 7.888558550453924137e-03
2.081918348406901487e+01 7.773664989377905565e-03
2.084797188841841376e+01 7.660174091954267614e-03
2.087680010087199989e+01 7.548078984352309465e-03
2.090566817647570375e+01 7.437372498379955614e-03
2.093457617035161533e+01 7.328047182961633550e-03
2.096352413769801615e+01 7.220095315441829933e-03
2.099251213378951775e+01 7.113508912710827213e-03
2.102154021397719319e+01 7.008279742150303956e-03
2.105060843368860546e+01 6.904399332396572372e-03
2.107971684842801352e+01 6.801858983919197889e-03
2.110886551377639009e+01 6.700649779413872346e-03
2.113805448539156728e+01 6.600762594006817294e-03
2.116728381900837164e+01 6.502188105270615033e-03
2.119655357043865251e+01 6.404916803049551417e-03
2.122586379557148106e+01 6.308938999093700178e-03
2.125521455037317509e+01 6.214244836501545827e-03
2.128460589088744825e+01 6.120824298969602083e-03
2.131403787323553445e+01 6.028667219849759631e-03
2.134351055361623395e+01 5.937763291013557418e-03
2.137302398830609818e+01 5.848102071523599531e-03
2.140257823365946876e+01 5.759672996112302421e-03
2.143217334610860547e+01 5.672465383468476390e-03
2.146180938216383893e+01 5.586468444331620792e-03
2.149148639841359909e+01 5.501671289395671134e-03
2.152120445152460704e+01 5.418062937021908380e-03
2.155096359824189634e+01 5.335632320762679313e-03
2.158076389538901196e+01 5.254368296696444035e-03
2.161060539986804230e+01 5.174259650576142067e-03
2.164048816865975766e+01 5.095295104791047920e-03
2.167041225882374889e+01 5.017463325144551692e-03
2.170037772749847349e+01 4.940752927448889033e-03
2.173038463190143332e+01 4.865152483938297613e-03
2.176043302932922430e+01 4.790650529503039101e-03
2.179052297715766429e+01 4.717235567744973608e-03
2.182065453284194589e+01 4.644896076857633026e-03
2.185082775391666843e+01 4.573620515332139404e-03
2.188104269799602619e+01 4.503397327491183606e-03
2.191129942277385467e+01 4.434214948853210103e-03
2.194159798602376554e+01 4.366061811329004054e-03
2.197193844559929232e+01 4.298926348252548116e-03
2.200232085943391880e+01 4.232796999249283619e-03
2.203274528554128864e+01 4.167662214942923632e-03
2.206321178201523026e+01 4.103510461504387107e-03
2.209372040702989892e+01 4.040330225044520308e-03
2.212427121883993308e+01 3.978110015853115675e-03
2.215486427578047923e+01 3.916838372487295959e-03
2.218549963626738375e+01 3.856503865711078186e-03
2.221617735879724265e+01 3.797095102289117612e-03
2.224689750194754723e+01 3.738600728637167438e-03
2.227766012437680843e+01 3.681009434331511138e-03
2.230846528482461366e+01 3.624309955480597457e-03
2.233931304211181512e+01 3.568491077960935041e-03
2.237020345514057240e+01 3.513541640520120683e-03
2.240113658289448750e+01 3.459450537749822301e-03
2.243211248443876116e+01 3.406206722930857269e-03
2.246313121892022835e+01 3.353799210753718920e-03
2.249419284556754306e+01 3.302217079916572144e-03
2.252529742369123866e+01 3.251449475603820222e-03
2.255644501268385937e+01 3.201485611847511032e-03
2.258763567202010236e+01 3.152314773774504784e-03
2.261886946125687103e+01 3.103926319742119841e-03
2.265014644003346334e+01 3.056309683364259386e-03
2.268146666807159662e+01 3.009454375431569895e-03
2.271283020517562079e+01 2.963349985727222174e-03
2.274423711123254677e+01 2.917986184741726274e-03
2.277568744621219921e+01 2.873352725288819045e-03
2.280718127016735153e+01 2.829439444025005565e-03
2.283871864323378631e+01 2.786236262875566028e-03
2.287029962563047647e+01 2.743733190369153536e-03
2.290192427765962790e+01 2.701920322883668169e-03
2.293359265970684646e+01 2.660787845805692806e-03
2.296530483224125163e+01 2.620326034606000436e-03
2.299706085581555470e+01 2.580525255833537694e-03
2.302886079106622219e+01 2.541375968030083841e-03
2.306070469871355044e+01 2.502868722567996428e-03
2.309259263956178998e+01 2.464994164413446265e-03
2.312452467449930893e+01 2.427743032817003023e-03
2.315650086449862144e+01 2.391106161934466318e-03
2.318852127061660440e+01 2.355074481379280590e-03
2.322058595399451875e+01 2.319639016709551787e-03
2.325269497585818002e+01 2.284790889851069651e-03
2.328484839751810043e+01 2.250521319458845346e-03
2.331704628036951732e+01 2.216821621219189267e-03
2.334928868589261697e+01 2.183683208094009537e-03
2.338157567565256301e+01 2.151097590509853073e-03
2.341390731129964919e+01 2.119056376493072633e-03
2.344628365456945573e+01 2.087551271753403624e-03
2.347870476728287770e+01 2.056574079717801186e-03
2.351117071134634884e+01 2.026116701516025506e-03
2.354368154875187003e+01 1.996171135920333725e-03
2.357623734157715489e+01 1.966729479240476256e-03
2.360883815198580393e+01 1.937783925176094586e-03
2.364148404222731870e+01 1.909326764628158785e-03
2.367417507463733273e+01 1.881350385470843128e-03
2.370691131163763998e+01 1.853847272285879654e-03
2.373969281573634760e+01 1.826810006060522636e-03
2.377251964952803576e+01 1.800231263851018951e-03
2.380539187569378967e+01 1.774103818412907938e-03
2.383830955700141985e+01 1.748420537799625241e-03
2.387127275630547629e+01 1.723174384931033722e-03
2.390428153654747945e+01 1.698358417132913353e-03
2.393733596075594150e+01 1.673965785649260624e-03
2.397043609204653691e+01 1.649989735128269382e-03
2.400358199362224454e+01 1.626423603083607464e-03
2.403677372877339025e+01 1.603260819332127550e-03
2.407001136087787074e+01 1.580494905409208541e-03
2.410329495340118555e+01 1.558119473963107213e-03
2.413662456989658267e+01 1.536128228129187952e-03
2.417000027400523621e+01 1.514514960885474711e-03
2.420342212945627480e+01 1.493273388601335395e-03
2.423689020006698769e+01 1.472395593715529255e-03
2.427040454974288508e+01 1.451872824368393962e-03
2.430396524247784029e+01 1.431696559912541992e-03
2.433757234235425315e+01 1.411858518096953570e-03
2.437122591354308199e+01 1.392350647820620596e-03
2.440492602030407809e+01 1.373165122135699317e-03
2.443867272698580706e+01 1.354294331490910053e-03
2.447246609802581219e+01 1.335730877205940515e-03
2.450630619795078147e+01 1.317467565168348219e-03
2.454019309137657956e+01 1.299497399744668292e-03
2.457412684300847161e+01 1.281813577897500823e-03
2.460810751764115167e+01 1.264409483501243358e-03
2.464213518015891680e+01 1.247278681848789338e-03
2.467620989553581978e+01 1.230414914342259011e-03
2.471033172883571538e+01 1.213812093360999581e-03
2.474450074521246989e+01 1.197464297300153326e-03
2.477871700991000381e+01 1.181365765773706574e-03
2.481298058826246233e+01 1.165510894975805298e-03
2.484729154569436815e+01 1.149894233194580445e-03
2.488164994772066407e+01 1.134510476473029467e-03
2.491605585994693328e+01 1.119354464411365189e-03
2.495050934806943843e+01 1.104421176105837557e-03
2.498501047787528861e+01 1.089705726219003610e-03
2.501955931524259924e+01 1.075203361176612759e-03
2.505415592614053111e+01 1.060909455486670153e-03
2.508880037662951423e+01 1.046819508176036456e-03
2.512349273286127982e+01 1.032929139340556810e-03
2.515823306107907342e+01 1.019234086804364199e-03
2.519302142761771535e+01 1.005730202884643149e-03
2.522785789890374275e+01 9.924134512579200693e-04
2.526274254145559084e+01 9.792799039242874176e-04
2.529767542188362128e+01 9.663257382660155699e-04
2.533265660689035315e+01 9.535472341972020061e-04
2.536768616327050552e+01 9.409407714011391735e-04
2.540276415791115383e+01 9.285028266523605994e-04
2.543789065779191461e+01 9.162299712201721694e-04
2.547306572998495611e+01 9.041188683509946040e-04
2.550828944165525414e+01 8.921662708264325786e-04
2.554356186006062046e+01 8.803690185946207300e-04
2.557888305255186268e+01 8.687240364720756570e-04
2.561425308657296540e+01 8.572283319135668616e-04
2.564967202966112225e+01 8.458789928476828602e-04
2.568513994944695966e+01 8.346731855756315448e-04
2.572065691365459372e+01 8.236081527311081216e-04
2.575622299010178295e+01 8.126812112990514916e-04
2.579183824670010239e+01 8.018897506911423518e-04
2.582750275145498264e+01 7.912312308761582395e-04
2.586321657246594441e+01 7.807031805630648214e-04
2.589897977792663042e+01 7.703031954351526132e-04
2.593479243612498664e+01 7.600289364332962977e-04
2.597065461544342924e+01 7.498781280866020265e-04
2.600656638435886592e+01 7.398485568888790677e-04
2.604252781144295881e+01 7.299380697191348334e-04
2.607853896536214222e+01 7.201445723047328286e-04
2.611459991487780741e+01 7.104660277255363688e-04
2.615071072884646597e+01 7.009004549577027652e-04
2.618687147621978539e+01 6.914459274557135243e-04
2.622308222604483419e+01 6.821005717712155976e-04
2.625934304746412096e+01 6.728625662075006812e-04
2.629565400971576139e+01 6.637301395082738191e-04
2.633201518213364878e+01 6.547015695795220481e-04
2.636842663414750021e+01 6.457751822433905340e-04
2.640488843528309815e+01 6.369493500228205589e-04
2.644140065516230820e+01 6.282224909560286561e-04
2.647796336350328517e+01 6.195930674396196323e-04
2.651457663012061516e+01 6.110595850994706693e-04
2.655124052492538311e+01 6.026205916883496834e-04
2.658795511792538591e+01 5.942746760093472374e-04
2.662472047922518215e+01 5.860204668642652681e-04
2.666153667902631241e+01 5.778566320260519014e-04
2.669840378762736677e+01 5.697818772344866558e-04
2.673532187542413041e+01 5.617949452143317264e-04
2.677229101290976843e+01 5.538946147151292557e-04
2.680931127067488262e+01 5.460796995719870237e-04
2.684638271940772825e+01 5.383490477865668367e-04
2.688350542989427083e+01 5.307015406276712789e-04
2.692067947301836028e+01 5.231360917507207366e-04
2.695790491976189429e+01 5.156516463354934810e-04
2.699518184120487874e+01 5.082471802416067700e-04
2.703251030852566217e+01 5.009216991810342334e-04
2.706989039300097133e+01 4.936742379072505847e-04
2.710732216600609235e+01 4.865038594203471172e-04
2.714480569901505191e+01 4.794096541876909198e-04
2.718234106360065638e+01 4.723907393796464792e-04
2.721992833143473334e+01 4.654462581198164843e-04
2.725756757428817778e+01 4.585753787494781979e-04
2.729525886403112622e+01 4.517772941056807218e-04
2.733300227263314142e+01 4.450512208126726358e-04
2.737079787216324434e+01 4.383963985862726793e-04
2.740864573479016997e+01 4.318120895507498503e-04
2.744654593278240284e+01 4.252975775679780808e-04
2.748449853850836178e+01 4.188521675784223782e-04
2.752250362443658105e+01 4.124751849537197494e-04
2.756056126313573174e+01 4.061659748605336590e-04
2.759867152727490947e+01 3.999239016353805598e-04
2.763683448962363443e+01 3.937483481702160450e-04
2.767505022305206097e+01 3.876387153084573140e-04
2.771331880053114816e+01 3.815944212512721655e-04
2.775164029513270236e+01 3.756149009738774533e-04
2.779001478002962244e+01 3.696996056516333091e-04
2.782844232849595656e+01 3.638480020957798790e-04
2.786692301390706916e+01 3.580595721985685106e-04
2.790545690973982929e+01 3.523338123876748476e-04
2.794404408957265318e+01 3.466702330897088158e-04
2.798268462708575655e+01 3.410683582026655353e-04
2.802137859606118298e+01 3.355277245772245696e-04
2.806012607038305262e+01 3.300478815067014343e-04
2.809892712403761905e+01 3.246283902256056090e-04
2.813778183111342912e+01 3.192688234166634058e-04
2.817669026580153613e+01 3.139687647262042088e-04
2.821565250239551048e+01 3.087278082878709478e-04
2.825466861529172391e+01 3.035455582544904405e-04
2.829373867898937078e+01 2.984216283381471322e-04
2.833286276809066706e+01 2.933556413582866012e-04
2.837204095730103148e+01 2.883472287978803769e-04
2.841127332142912110e+01 2.833960303675587232e-04
2.845055993538709771e+01 2.785016935776900814e-04
2.848990087419066697e+01 2.736638733183670573e-04
2.852929621295926310e+01 2.688822314472804134e-04
2.856874602691624432e+01 2.641564363854494060e-04
2.860825039138891768e+01 2.594861627208019635e-04
2.864780938180881975e+01 2.548710908195860568e-04
2.868742307371174149e+01 2.503109064456240799e-04
2.872709154273793075e+01 2.458053003873835146e-04
2.876681486463226278e+01 2.413539680928765115e-04
2.880659311524430066e+01 2.369566093124177673e-04
2.884642637052855108e+01 2.326129277492125654e-04
2.888631470654449984e+01 2.283226307178137652e-04
2.892625819945681087e+01 2.240854288104545181e-04
2.896625692553550735e+01 2.199010355712749777e-04
2.900631096115602148e+01 2.157691671784719534e-04
2.904642038279945027e+01 2.116895421343650276e-04
2.908658526705261238e+01 2.076618809634460622e-04
2.912680569060822222e+01 2.036859059184025758e-04
2.916708173026508533e+01 1.997613406941353253e-04
2.920741346292815521e+01 1.958879101498349506e-04
2.924780096560877496e+01 1.920653400390961627e-04
2.928824431542474116e+01 1.882933567481228179e-04
2.932874358960048511e+01 1.845716870420454530e-04
2.936929886546726820e+01 1.809000578193517973e-04
2.940991022046322101e+01 1.772781958744953131e-04
2.945057773213362040e+01 1.737058276686580477e-04
2.949130147813090375e+01 1.701826791087214107e-04
2.953208153621494958e+01 1.667084753344296713e-04
2.957291798425312024e+01 1.632829405138016318e-04
2.961381090022044305e+01 1.599057976467691997e-04
2.965476036219981637e+01 1.565767683770560056e-04
2.969576644838205226e+01 1.532955728123376713e-04
2.973682923706614289e+01 1.500619293526275679e-04
2.977794880665930677e+01 1.468755545269541190e-04
2.981912523567718054e+01 1.437361628382725909e-04
2.986035860274401088e+01 1.406434666166370953e-04
2.990164898659271842e+01 1.375971758806054804e-04
2.994299646606513932e+01 1.345969982068703893e-04
2.998440112011209990e+01 1.316426386080888657e-04
3.002586302779358363e+01 1.287337994188987155e-04
3.006738226827895488e+01 1.258701801900658705e-04
3.010895892084698389e+01 1.230514775907737843e-04
3.015059306488612734e+01 1.202773853189580697e-04
3.019228477989457815e+01 1.175475940197016097e-04
3.023403414548045376e+01 1.148617912115891087e-04
3.027584124136199861e+01 1.122196612209980845e-04
3.031770614736763036e+01 1.096208851242642582e-04
3.035962894343620988e+01 1.070651406976274504e-04
3.040160970961709808e+01 1.045521023749320294e-04
3.044364852607033711e+01 1.020814412280867691e-04
3.048574547306686355e+01 9.965290895999865956e-05
3.052790063098855100e+01 9.726652058202413015e-05
3.057011408032848010e+01 9.492230956231983941e-05
3.061238590169100249e+01 9.262026781116727641e-05
3.065471617579190777e+01 9.036034743769265224e-05
3.069710498345866156e+01 8.814246249369508577e-05
3.073955240563043034e+01 8.596649070161044499e-05
3.078205852335835857e+01 8.383227516376088304e-05
3.082462341780562198e+01 8.173962605032937328e-05
3.086724717024763365e+01 7.968832226359947300e-05
3.090992986207222870e+01 7.767811307625690554e-05
3.095267157477973541e+01 7.570871974169439953e-05
3.099547238998322740e+01 7.377983707444990243e-05
3.103833238940857697e+01 7.189113499909606942e-05
3.108125165489472863e+01 7.004226006602971052e-05
3.112423026839374529e+01 6.823283693283445763e-05
3.116726831197100367e+01 6.646246980997479290e-05
3.121036586780541811e+01 6.473074386979280157e-05
3.125352301818946543e+01 6.303722661789850506e-05
3.129673984552948696e+01 6.138146922616736188e-05
3.134001643234571688e+01 5.976300782674275687e-05
3.138335286127250967e+01 5.818136476650791683e-05
3.142674921505851771e+01 5.663604982166443099e-05
3.147020557656676942e+01 5.512656137213993587e-05
3.151372202877492157e+01 5.365238753566597290e-05
3.155729865477533380e+01 5.221300726147800914e-05
3.160093553777526409e+01 5.080789138366509193e-05
3.164463276109707479e+01 4.943650363431412929e-05
3.168839040817827879e+01 4.809830161666592784e-05
3.173220856257182731e+01 4.679273773856665612e-05
3.177608730794616676e+01 4.551926010660909170e-05
3.182002672808543409e+01 4.427731338137886062e-05
3.186402690688966644e+01 4.306633959432821417e-05
3.190808792837485441e+01 4.188577892682618630e-05
3.195220987667323342e+01 4.073507045200249008e-05
3.199639283603332274e+01 3.961365284004989099e-05
3.204063689082013866e+01 3.852096502768020009e-05
3.208494212551541125e+01 3.745644685248616761e-05
3.212930862471760918e+01 3.641953965298619567e-05
3.217373647314227014e+01 3.540968683514843381e-05
3.221822575562200086e+01 3.442633440624626368e-05
3.226277655710673997e+01 3.346893147688255677e-05
3.230738896266392146e+01 3.253693073207126281e-05
3.235206305747854572e+01 3.162978887225931007e-05
3.239679892685349216e+01 3.074696702519241862e-05
3.244159665620951927e+01 2.988793112953918847e-05
3.248645633108551323e+01 2.905215229118426028e-05
3.253137803713870113e+01 2.823910711311547795e-05
3.257636186014467938e+01 2.744827799982855638e-05
3.262140788599771923e+01 2.667915343716184751e-05
3.266651620071080231e+01 2.593122824848720825e-05
3.271168689041591193e+01 2.520400382815493029e-05
3.275692004136408286e+01 2.449698835310946528e-05
3.280221573992562156e+01 2.380969697355788639e-05
3.284757407259030515e+01 2.314165198357712999e-05
3.289299512596745245e+01 2.249238297253400309e-05
3.293847898678620822e+01 2.186142695816627700e-05
3.298402574189558578e+01 2.124832850217353648e-05
3.302963547826470858e+01 2.065263980913569991e-05
3.307530828298298786e+01 2.007392080957314122e-05
3.312104424326020791e+01 1.951173922793638475e-05
3.316684344642681026e+01 1.896567063629424501e-05
3.321270597993394347e+01 1.843529849447931240e-05
3.325863193135368334e+01 1.792021417741808788e-05
3.330462138837925323e+01 1.742001699035908700e-05
3.335067443882505955e+01 1.693431417269538098e-05
3.339679117062701152e+01 1.646272089104758337e-05
3.344297167184255670e+01 1.600486022226124252e-05
3.348921603065092256e+01 1.556036312694701628e-05
3.353552433535330835e+01 1.512886841417207484e-05
3.358189667437294190e+01 1.471002269788957967e-05
3.362833313625540654e+01 1.430348034567283437e-05
3.367483380966865525e+01 1.390890342029897474e-05
3.372139878340325936e+01 1.352596161470717050e-05
3.376802814637261463e+01 1.315433218083267049e-05
3.381472198761300518e+01 1.279369985280510386e-05
3.386148039628388773e+01 1.244375676496743069e-05
3.390830346166797682e+01 1.210420236516601770e-05
3.395519127317141539e+01 1.177474332373133908e-05
3.400214392032405897e+01 1.145509343855511230e-05
3.404916149277947568e+01 1.114497353665317564e-05
3.409624408031527310e+01 1.084411137257731503e-05
3.414339177283315507e+01 1.055224152403194312e-05
3.419060466035914203e+01 1.026910528502361027e-05
3.423788283304379121e+01 9.994450556862233360e-06
3.428522638116224641e+01 9.728031737314274746e-06
3.433263539511455775e+01 9.469609608187634796e-06
3.438010996542570297e+01 9.218951221621380125e-06
3.442765018274590716e+01 8.975829785329496286e-06
3.447525613785069254e+01 8.740024547039173120e-06
3.452292792164111290e+01 8.511320678348049208e-06
3.457066562514395258e+01 8.289509158210039158e-06
3.461846933951181171e+01 8.074386656250244894e-06
3.466633915602340466e+01 7.865755416091649164e-06
3.471427516608359554e+01 7.663423138868606925e-06
3.476227746122366824e+01 7.467202867088645147e-06
3.481034613310149695e+01 7.276912868991564970e-06
3.485848127350165271e+01 7.092376523548766943e-06
3.490668297433568057e+01 6.913422206228562561e-06
3.495495132764217772e+01 6.739883175650921210e-06
3.500328642558700665e+01 6.571597461239897417e-06
3.505168836046351544e+01 6.408407751975393356e-06
3.510015722469261590e+01 6.250161286339375884e-06
3.514869311082309622e+01 6.096709743538291858e-06
3.519729611153164939e+01 5.947909136082171881e-06
3.524596631962312898e+01 5.803619703788347764e-06
3.529470382803076234e+01 5.663705809273224752e-06
3.534350872981623581e+01 5.528035834989394221e-06
3.539238111816995769e+01 5.396482081857096153e-06
3.544132108641116474e+01 5.268920669535948218e-06
3.549032872798814253e+01 5.145231438373922057e-06
3.553940413647841723e+01 5.025297853068884664e-06
3.558854740558888352e+01 4.909006908070512101e-06
3.563775862915603909e+01 4.796249034746610965e-06
3.568703790114611962e+01 4.686918010334400003e-06
3.573638531565527643e+01 4.580910868691229371e-06
3.578580096690983225e+01 4.478127812857725933e-06
3.583528494926633812e+01 4.378472129441203896e-06
3.588483735721188594e+01 4.281850104824246792e-06
3.593445828536416542e+01 4.188170943201293284e-06
3.598414782847171978e+01 4.097346686441032991e-06
3.603390608141414475e+01 4.009292135772552327e-06
3.608373313920215963e+01 3.923924775288399906e-06
3.613362909697794834e+01 3.841164697256759308e-06
3.618359405001519491e+01 3.760934529232885845e-06
3.623362809371933224e+01 3.683159362957155194e-06
3.628373132362776232e+01 3.607766685026416586e-06
3.633390383540993440e+01 3.534686309323794444e-06
3.638414572486764342e+01 3.463850311189235473e-06
3.643445708793509397e+01 3.395192963314134985e-06
3.648483802067923421e+01 3.328650673340312531e-06
3.653528861929976301e+01 3.264161923143985081e-06
3.658580898012944260e+01 3.201667209783379416e-06
3.663639919963426195e+01 3.141108988089201333e-06
3.668705937441355758e+01 3.082431614875433571e-06
3.673778960120029069e+01 3.025581294748127875e-06
3.678858997686113952e+01 2.970506027489211637e-06
3.683946059839673381e+01 2.917155556991998325e-06
3.689040156294187511e+01 2.865481321725039697e-06
3.694141296776562200e+01 2.815436406700714679e-06
3.699249491027159564e+01 2.766975496924926506e-06
3.704364748799805795e+01 2.720054832304375426e-06
3.709487079861814607e+01 2.674632163987922134e-06
3.714616493994011392e+01 2.630666712118815450e-06
3.719753000990737490e+01 2.588119124974770772e-06
3.724896610659886420e+01 2.546951439473139110e-06
3.730047332822908857e+01 2.507127043019024835e-06
3.735205177314835367e+01 2.468610636674231455e-06
3.740370153984301282e+01 2.431368199625918462e-06
3.745542272693553798e+01 2.395366954933975959e-06
3.750721543318486084e+01 2.360575336537023760e-06
3.755907975748639416e+01 2.326962957497355412e-06
3.761101579887232305e+01 2.294500579466107297e-06
3.766302365651181816e+01 2.263160083350465316e-06
3.771510342971110674e+01 2.232914441165704226e-06
3.776725521791380658e+01 2.203737689055547990e-06
3.781947912070099704e+01 2.175604901465404228e-06
3.787177523779143939e+01 2.148492166453884735e-06
3.792414366904186807e+01 2.122376562128899462e-06
3.797658451444699779e+01 2.097236134196077549e-06
3.802909787413990017e+01 2.073049874607798408e-06
3.808168384839204634e+01 2.049797701302664641e-06
3.813434253761357695e+01 2.027460439026425127e-06
3.818707404235350822e+01 2.006019801226259949e-06
3.823987846329983853e+01 1.985458373012291685e-06
3.829275590127986817e+01 1.965759595180693682e-06
3.834570645726024196e+01 1.946907543242788748e-06
3.839873023234729743e+01 1.928880286227503868e-06
3.845182732778711454e+01 1.911648731877307067e-06
3.850499784496578570e+01 1.895184604680833998e-06
3.855824188540965736e+01 1.879460881934939127e-06
3.861155955078536550e+01 1.864451724888364029e-06
3.866495094290023360e+01 1.850132413719034439e-06
3.871841616370228678e+01 1.836479286100599081e-06
3.877195531528054318e+01 1.823469679130587714e-06
3.882556849986521286e+01 1.811081874408101120e-06
3.887925581982781864e+01 1.799295046063441392e-06
3.893301737768150872e+01 1.788089211555259547e-06
3.898685327608112061e+01 1.777445185063584250e-06
3.904076361782345828e+01 1.767344533318361014e-06
3.909474850584750527e+01 1.757769533714032095e-06
3.914880804323453134e+01 1.748703134570887734e-06
3.920294233320841215e+01 1.740128917412882446e-06
3.925715147913570746e+01 1.732031061140640943e-06
3.931143558452590270e+01 1.724394307986402006e-06
3.936579475303167186e+01 1.717203931145129371e-06
3.942022908844895568e+01 1.710445703983251565e-06
3.947473869471728136e+01 1.704105870732911594e-06
3.952932367591985496e+01 1.698171118586001902e-06
3.958398413628379586e+01 1.692628551107815880e-06
3.963872018018042809e+01 1.687465662895698056e-06
3.969353191212528742e+01 1.682670315413124647e-06
3.974841943677854061e+01 1.678230713934276076e-06
3.980338285894500672e+01 1.674135385538803080e-06
3.985842228357441286e+01 1.670373158100498516e-06
3.991353781576169268e+01 1.666933140217573561e-06
3.996872956074700767e+01 1.663804702035988490e-06
4.002399762391612370e+01 1.660977456920585077e-06
4.007934211080048215e+01 1.658441243932285836e-06
4.013476312707744142e+01 1.656186111072433212e-06
4.019026077857055412e+01 1.654202299258449821e-06
4.024583517124963095e+01 1.652480226997613922e-06
4.030148641123107467e+01 1.651010475728363355e-06
4.035721460477795830e+01 1.649783775801035646e-06
4.041301985830038035e+01 1.648790993072072801e-06
4.046890227835550036e+01 1.648023116088226883e-06
4.052486197164785153e+01 1.647471243838949795e-06
4.058089904502954681e+01 1.647126574057416677e-06
4.063701360550039254e+01 1.646980392052410045e-06
4.069320576020822955e+01 1.647024060054866875e-06
4.074947561644898997e+01 1.647249007064800860e-06
4.080582328166698858e+01 1.647646719185652334e-06
4.086224886345515017e+01 1.648208730434781442e-06
4.091875246955513035e+01 1.648926614020013465e-06
4.097533420785760683e+01 1.649791974073713220e-06
4.103199418640242868e+01 1.650796437836865406e-06
4.108873251337880816e+01 1.651931648286988784e-06
4.114554929712563336e+01 1.653189257204765133e-06
4.120244464613152502e+01 1.654560918675255415e-06
4.125941866903519184e+01 1.656038283020614840e-06
4.131647147462551573e+01 1.657612991162095877e-06
4.137360317184178626e+01 1.659276669409943306e-06
4.143081386977403469e+01 1.661020924680695949e-06
4.148810367766301255e+01 1.662837340141895719e-06
4.154547270490063937e+01 1.664717471285108410e-06
4.160292106103003817e+01 1.666652842428643879e-06
4.166044885574579126e+01 1.668634943651822364e-06
4.171805619889423156e+01 1.670655228163293083e-06
4.177574320047350653e+01 1.672705110106153766e-06
4.183350997063394772e+01 1.674775962803071390e-06
4.189135661967814883e+01 1.676859117444824032e-06
4.194928325806120029e+01 1.678945862225962828e-06
4.200728999639103023e+01 1.681027441931409069e-06
4.206537694542839034e+01 1.683095057977925788e-06
4.212354421608729638e+01 1.685139868914405483e-06
4.218179191943507078e+01 1.687152991384868862e-06
4.224012016669261271e+01 1.689125501558011247e-06
4.229852906923468225e+01 1.691048437026895453e-06
4.235701873858995015e+01 1.692912799182231382e-06
4.241558928644141702e+01 1.694709556062191479e-06
4.247424082462639916e+01 1.696429645681601312e-06
4.253297346513697619e+01 1.698063979842620734e-06
4.259178732012000523e+01 1.699603448428644424e-06
4.265068250187741938e+01 1.701038924182545187e-06
4.270965912286651189e+01 1.702361267969689878e-06
4.276871729569999303e+01 1.703561334525394643e-06
4.282785713314637377e+01 1.704629978685705634e-06
4.288707874813003684e+01 1.705558062099506405e-06
4.294638225373151386e+01 1.706336460418997753e-06
4.300576776318776950e+01 1.706956070964531258e-06
4.306523538989226552e+01 1.707407820858768530e-06
4.312478524739534436e+01 1.707682675623903417e-06
4.318441744940430027e+01 1.707771648234494554e-06
4.324413210978365640e+01 1.707665808617207317e-06
4.330392934255545612e+01 1.707356293587354361e-06
4.336380926189932694e+01 1.706834317210783071e-06
4.342377198215286427e+01 1.706091181578184844e-06
4.348381761781169530e+01 1.705118287977394221e-06
4.354394628352977747e+01 1.703907148447732292e-06
4.360415809411968269e+01 1.702449397698856111e-06
4.366445316455263992e+01 1.700736805374879496e-06
4.372483160995896156e+01 1.698761288643037674e-06
4.378529354562807896e+01 1.696514925084373178e-06
4.384583908700885502e+01 1.693989965862218894e-06
4.390646834970985424e+01 1.691178849142672576e-06
4.396718144949942086e+01 1.688074213739438730e-06
4.402797850230606258e+01 1.684668912953767603e-06
4.408885962421852156e+01 1.680956028578450476e-06
4.414982493148608000e+01 1.676928885033386916e-06
4.421087454051881593e+01 1.672581063598223058e-06
4.427200856788770977e+01 1.667906416706326726e-06
4.433322713032499962e+01 1.662899082262631935e-06
4.439453034472428783e+01 1.657553497946297370e-06
4.445591832814081101e+01 1.651864415457943913e-06
4.451739119779173137e+01 1.645826914669553065e-06
4.457894907105622195e+01 1.639436417634188597e-06
4.464059206547582903e+01 1.632688702411121781e-06
4.470232029875457158e+01 1.625579916661332767e-06
4.476413388875929655e+01 1.618106590966870738e-06
4.482603295351977124e+01 1.610265651827258201e-06
4.488801761122898881e+01 1.602054434284987801e-06
4.495008798024343122e+01 1.593470694131890935e-06
4.501224417908314734e+01 1.584512619647632249e-06
4.507448632643217223e+01 1.575178842821377678e-06
4.513681454113858393e+01 1.565468450007678556e-06
4.519922894221480192e+01 1.555380991967604848e-06
4.526172964883789263e+01 1.544916493246640777e-06
4.532431678034960498e+01 1.534075460841302324e-06
4.538699045625682515e+01 1.522858892106973085e-06
4.544975079623160497e+01 1.511268281860819114e-06
4.551259792011148875e+01 1.499305628634223403e-06
4.557553194789979756e+01 1.486973440030931861e-06
4.563855299976569313e+01 1.474274737148678168e-06
4.570166119604459709e+01 1.461213058023461564e-06
4.576485665723827623e+01 1.447792460058228538e-06
4.582813950401509118e+01 1.434017521399555268e-06
4.589150985721037301e+01 1.419893341228457532e-06
4.595496783782640904e+01 1.405425538934479589e-06
4.601851356703292595e+01 1.390620252144499435e-06
4.608214716616712536e+01 1.375484133581536124e-06
4.614586875673398225e+01 1.360024346731619957e-06
4.620967846040657179e+01 1.344248560300439146e-06
4.627357639902610487e+01 1.328164941445546351e-06
4.633756269460238286e+01 1.311782147773125952e-06
4.640163746931384736e+01 1.295109318093119436e-06
4.646580084550787859e+01 1.278156061930119107e-06
4.653005294570110806e+01 1.260932447792054512e-06
4.659439389257948960e+01 1.243448990203296665e-06
4.665882380899872572e+01 1.225716635512914517e-06
4.672334281798431022e+01 1.207746746494047266e-06
4.678795104273189054e+01 1.189551085754562492e-06
4.685264860660749520e+01 1.171141797984266682e-06
4.691743563314767584e+01 1.152531391068576238e-06
4.698231224605989809e+01 1.133732716103299407e-06
4.704727856922261253e+01 1.114758946350146744e-06
4.711233472668556033e+01 1.095623555176928180e-06
4.717748084267010000e+01 1.076340293031447917e-06
4.724271704156925722e+01 1.056923163502329345e-06
4.730804344794817240e+01 1.037386398524513093e-06
4.737346018654412205e+01 1.017744432791599978e-06
4.743896738226697352e+01 9.980118774408383046e-07
4.750456516019924180e+01 9.782034930811627792e-07
4.757025364559640934e+01 9.583341622375085040e-07
4.763603296388722441e+01 9.384188612887763015e-07
4.770190324067377929e+01 9.184726319796038802e-07
4.776786460173194371e+01 8.985105525887887027e-07
4.783391717301145007e+01 8.785477088403448672e-07
4.790006108063616352e+01 8.585991646445641840e-07
4.796629645090445138e+01 8.386799327590100854e-07
4.803262341028921867e+01 8.188049454604973410e-07
4.809904208543834159e+01 7.989890253200524513e-07
4.816555260317475273e+01 7.792468561740841403e-07
4.823215509049676797e+01 7.595929543845600086e-07
4.829884967457837774e+01 7.400423496068715771e-07
4.836563648276932526e+01 7.206149986689709686e-07
4.843251564259554698e+01 7.013323012597104955e-07
4.849948728175925794e+01 6.822145171774175553e-07
4.856655152813925014e+01 6.632807485674309789e-07
4.863370850979121229e+01 6.445489394798137778e-07
4.870095835494782222e+01 6.260358794954934617e-07
4.876830119201915892e+01 6.077572111888826612e-07
4.883573714959280920e+01 5.897274411892219282e-07
4.890326635643414477e+01 5.719599545982248404e-07
4.897088894148668459e+01 5.544670325192253681e-07
4.903860503387214465e+01 5.372598724520721184e-07
4.910641476289088558e+01 5.203486113078578980e-07
4.917431825802198375e+01 5.037423508002135561e-07
4.924231564892356516e+01 4.874491849721650107e-07
4.931040706543311103e+01 4.714762296223207341e-07
4.937859263756755013e+01 4.558296533993500790e-07
4.944687249552369224e+01 4.405147103397598485e-07
4.951524676967829919e+01 4.255357736314580892e-07
4.958371559058842593e+01 4.108963703930930827e-07
4.965227908899172604e+01 3.965992172678848200e-07
4.972093739580654415e+01 3.826462566397304474e-07
4.978969064213234219e+01 3.690386932886327217e-07
4.985853895924977053e+01 3.557770313125973008e-07
4.992748247862112265e+01 3.428611111530864295e-07
4.999652133189039205e+01 3.302901465715900901e-07
5.006565565088360614e+01 3.180627614350154626e-07
5.013488556760914605e+01 3.061770261783593217e-07
5.020421121425786026e+01 2.946304938232797878e-07
5.027363272320344834e+01 2.834202354416242231e-07
5.034315022700261721e+01 2.725428749631549442e-07
5.041276385839533702e+01 2.619946232365471524e-07
5.048247375030523898e+01 2.517713112625927354e-07
5.055228003583962249e+01 2.418684225279649281e-07
5.062218284828997383e+01 2.322811243768706211e-07
5.069218232113200884e+01 2.230042983669058987e-07
5.076227858802599258e+01 2.140325695635672766e-07
5.083247178281712308e+01 2.053603347360988168e-07
5.090276203953554557e+01 1.969817894247735620e-07
5.097314949239685689e+01 1.888909538569336593e-07
5.104363427580216950e+01 1.810816976958222327e-07
5.111421652433843121e+01 1.735477636125577903e-07
5.118489637277878757e+01 1.662827896773614314e-07
5.125567395608262444e+01 1.592803305717295975e-07
5.132654940939607258e+01 1.525338776280360314e-07
5.139752286805204307e+01 1.460368777077433056e-07
5.146859446757059686e+01 1.397827509334986212e-07
5.153976434365925030e+01 1.337649072940901707e-07
5.161103263221309589e+01 1.279767621446844956e-07
5.168239946931521445e+01 1.224117506276000800e-07
5.175386499123680295e+01 1.170633410415822506e-07
5.182542933443748723e+01 1.119250471897447271e-07
5.189709263556566299e+01 1.069904397382790898e-07
5.196885503145857399e+01 1.022531566196453570e-07
5.204071665914278810e+01 9.770691251527509067e-08
5.211267765583426836e+01 9.334550745384878226e-08
5.218473815893872825e+01 8.916283456200312699e-08
5.225689830605195141e+01 8.515288700482495968e-08
5.232915823495988406e+01 8.130976415389321647e-08
5.240151808363911101e+01 7.762767702059980650e-08
5.247397799025689125e+01 7.410095299257445706e-08
5.254653809317166235e+01 7.072403991062282186e-08
5.261919853093309030e+01 6.749150952333889496e-08
5.269195944228241757e+01 6.439806035589754024e-08
5.276482096615283979e+01 6.143852002892298981e-08
5.283778324166953411e+01 5.860784706258857338e-08
5.291084640815017792e+01 5.590113220014122078e-08
5.298401060510501281e+01 5.331359928421921020e-08
5.305727597223719982e+01 5.084060571821407387e-08
5.313064264944313919e+01 4.847764254389992358e-08
5.320411077681259826e+01 4.622033416544718709e-08
5.327768049462913069e+01 4.406443774873038012e-08
5.335135194337022568e+01 4.200584232369947242e-08
5.342512526370760639e+01 4.004056761635980162e-08
5.349900059650758521e+01 3.816476263568574793e-08
5.357297808283117035e+01 3.637470403959029820e-08
5.364705786393453479e+01 3.466679430283829584e-08
5.372124008126908734e+01 3.303755970859739239e-08
5.379552487648184211e+01 3.148364818411363526e-08
5.386991239141574539e+01 3.000182699982715964e-08
5.394440276810978929e+01 2.858898035009722511e-08
5.401899614879948786e+01 2.724210683256196248e-08
5.409369267591693387e+01 2.595831684207911283e-08
5.416849249209118256e+01 2.473482989410401857e-08
5.424339574014860688e+01 2.356897189134942138e-08
5.431840256311296145e+01 2.245817234656934402e-08
5.439351310420586572e+01 2.139996157333018568e-08
5.446872750684691766e+01 2.039196785574703457e-08
5.454404591465404195e+01 1.943191460724008771e-08
5.461946847144380968e+01 1.851761752755490453e-08
5.469499532123157337e+01 1.764698176646786147e-08
5.477062660823192886e+01 1.681799910183949102e-08
5.484636247685880761e+01 1.602874513895793767e-08
5.492220307172583205e+01 1.527737653741755570e-08
5.499814853764667788e+01 1.456212827114546481e-08
5.507419901963515940e+01 1.388131092656549618e-08
5.515035466290571975e+01 1.323330804332320973e-08
5.522661561287349485e+01 1.261657350146076568e-08
5.530298201515480372e+01 1.202962895841551638e-08
5.537945401556724789e+01 1.147106133876793729e-08
5.545603176013004543e+01 1.093952037920658854e-08
5.553271539506442878e+01 1.043371623078940926e-08
5.560950506679370875e+01 9.952417120199761470e-09
5.568640092194375768e+01 9.494447071344530389e-09
5.576340310734315153e+01 9.058683688334262237e-09
5.584051177002346833e+01 8.644056000582848826e-09
5.591772705721970027e+01 8.249542370500741685e-09
5.599504911637031057e+01 7.874168464014183103e-09
5.607247809511775216e+01 7.517005283912611388e-09
5.615001414130856006e+01 7.177167265838812072e-09
5.622765740299369952e+01 6.853810436540406246e-09
5.630540802842894266e+01 6.546130633852464798e-09
5.638326616607496078e+01 6.253361787727080056e-09
5.646123196459782179e+01 5.974774261500632593e-09
5.653930557286907543e+01 5.709673252478171484e-09
5.661748713996615123e+01 5.457397250809253691e-09
5.669577681517267820e+01 5.217316555550977137e-09
5.677417474797861274e+01 4.988831846734971916e-09
5.685268108808073606e+01 4.771372812194661272e-09
5.693129598538273939e+01 4.564396827857525098e-09
5.701001958999560770e+01 4.367387690164029087e-09
5.708885205223796078e+01 4.179854399241419907e-09
5.716779352263618819e+01 4.001329991435804424e-09
5.724684415192491826e+01 3.831370419786686648e-09
5.732600409104713890e+01 3.669553481017893930e-09
5.740527349115455280e+01 3.515477787612478222e-09
5.748465250360796830e+01 3.368761783539162071e-09
5.756414127997736330e+01 3.229042802204793996e-09
5.764373997204242528e+01 3.095976165212793941e-09
5.772344873179264368e+01 2.969234320525699237e-09
5.780326771142766518e+01 2.848506018642150529e-09
5.788319706335768444e+01 2.733495525421576674e-09
5.796323694020352946e+01 2.623921870210730082e-09
5.804338749479718018e+01 2.519518127951596551e-09
5.812364888018185383e+01 2.420030733976598532e-09
5.820402124961248802e+01 2.325218830225760254e-09
5.828450475655586871e+01 2.234853641650090567e-09
5.836509955469097122e+01 2.148717881596600512e-09
5.844580579790937946e+01 2.066605185001645383e-09
5.852662364031535702e+01 1.988319568253271613e-09
5.860755323622638002e+01 1.913674914614379715e-09
5.868859474017321531e+01 1.842494484133866146e-09
5.876974830690031126e+01 1.774610447004839050e-09
5.885101409136620276e+01 1.709863439364090375e-09
5.893239224874354676e+01 1.648102140559695162e-09
5.901388293441971911e+01 1.589182870946885694e-09
5.909548630399686431e+01 1.532969209306397194e-09
5.917720251329227921e+01 1.479331629010986795e-09
5.925903171833882510e+01 1.428147152098632484e-09
5.934097407538499880e+01 1.379299020443061678e-09
5.942302974089547263e+01 1.332676383242145161e-09
5.950519887155119392e+01 1.288174000076723217e-09
5.958748162424975447e+01 1.245691958820950311e-09
5.966987815610580270e+01 1.205135407715025705e-09
5.975238862445110755e+01 1.166414300939714020e-09
5.983501318683511982e+01 1.129443157059063137e-09
5.991775200102507171e+01 1.094140829725194350e-09
6.000060522500633198e+01 1.060430290064982768e-09
6.008357301698283237e+01 1.028238420193477494e-09
6.016665553537713151e+01 9.974958173240255439e-10
6.024985293883099757e+01 9.681366079681463447e-10
6.033316538620544378e+01 9.400982717418701479e-10
6.041659303658118318e+01 9.133214743167821706e-10
6.050013604925897681e+01 8.877499090760236142e-10
6.058379458375974025e+01 8.633301470560480719e-10
6.066756879982510497e+01 8.400114947745374675e-10
6.075145885741748941e+01 8.177458528871571038e-10
6.083546491672051104e+01 7.964851161166621468e-10
6.091958713813937720e+01 7.761777357883154730e-10
6.100382568230097746e+01 7.567743229669409083e-10
6.108818071005443784e+01 7.382284434316891788e-10
6.117265238247120607e+01 7.204964204591848325e-10
6.125724086084545661e+01 7.035371519409910468e-10
6.134194630669450987e+01 6.873119407111679481e-10
6.142676888175887484e+01 6.717843370537994088e-10
6.151170874800286015e+01 6.569199924457072351e-10
6.159676606761460249e+01 6.426865236683949401e-10
6.168194100300663507e+01 6.290533864938635753e-10
6.176723371681597996e+01 6.159917582146645914e-10
6.185264437190455311e+01 6.034744283476167409e-10
6.193817313135956226e+01 5.914756968949702410e-10
6.202382015849360641e+01 5.799712795967261132e-10
6.210958561684523005e+01 5.689382196527648125e-10
6.219546967017903683e+01 5.583548054354641066e-10
6.228147248248605905e+01 5.482004937510850349e-10
6.236759421798421243e+01 5.384558382433412422e-10
6.245383504111833872e+01 5.291024225643915127e-10
6.254019511656081676e+01 5.201227979675579077e-10
6.262667460921163354e+01 5.115004250033188272e-10
6.271327368419878923e+01 5.032196190242306678e-10
6.279999250687871637e+01 4.952654992274958187e-10
6.288683124283638648e+01 4.876239409843553640e-10
6.297379005788584294e+01 4.802815312246354289e-10
6.306086911807033601e+01 4.732255266623958877e-10
6.314806858966270653e+01 4.664438146645777760e-10
6.323538863916583352e+01 4.599248765795781037e-10
6.332282943331266978e+01 4.536577533561561600e-10
6.341039113906687419e+01 4.476320132957847185e-10
6.349807392362288283e+01 4.418377217930895710e-10
6.358587795440632817e+01 4.362654129296497797e-10
6.367380339907442988e+01 4.309060627964276688e-10
6.376185042551614401e+01 4.257510644290127239e-10
6.385001920185268887e+01 4.207922042483522492e-10
6.393830989643766571e+01 4.160216399074056527e-10
6.402672267785746385e+01 4.114318794511883537e-10
6.411525771493171533e+01 4.070157617044396591e-10
6.420391517671333759e+01 4.027664378071643672e-10
6.429269523248915164e+01 3.986773538239591354e-10
6.438159805177994599e+01 3.947422343583330991e-10
6.447062380434095985e+01 3.909550671079921921e-10
6.455977266016225258e+01 3.873100883016169643e-10
6.464904478946877475e+01 3.838017689618111283e-10
6.473844036272103608e+01 3.804248019426852591e-10
6.482795955061509119e+01 3.771740896942526136e-10
6.491760252408322174e+01 3.740447327089826548e-10
6.500736945429387958e+01 3.710320186090858352e-10
6.509726051265229785e+01 3.681314118358371802e-10
6.518727587080076091e+01 3.653385439049818033e-10
6.527741570061880338e+01 3.626492041947716843e-10
6.536768017422373589e+01 3.600593312353451402e-10
6.545806946397077297e+01 3.575650044704579110e-10
6.554858374245350205e+01 3.551624364644812254e-10
6.563922318250419607e+01 3.528479655294293608e-10
6.572998795719405507e+01 3.506180487485712972e-10
6.582087823983370356e+01 3.484692553747006450e-10
6.591189420397329002e+01 3.463982605827506199e-10
6.600303602340298426e+01 3.444018395577163979e-10
6.609430387215336111e+01 3.424768619002446039e-10
6.618569792449549993e+01 3.406202863334432574e-10
6.627721835494159563e+01 3.388291556955790380e-10
6.636886533824505818e+01 3.371005922044120299e-10
6.646063904940093892e+01 3.354317929798901986e-10
6.655253966364637108e+01 3.338200258128922553e-10
6.664456735646068353e+01 3.322626251684989734e-10
6.673672230356594071e+01 3.307569884131407303e-10
6.682900468092717006e+01 3.293005722557127374e-10
6.692141466475264622e+01 3.278908893933965859e-10
6.701395243149443104e+01 3.265255053536589437e-10
6.710661815784847306e+01 3.252020355244454758e-10
6.719941202075514752e+01 3.239181423651863121e-10
6.729233419739941269e+01 3.226715327917604427e-10
6.738538486521125037e+01 3.214599557290427162e-10
6.747856420186604964e+01 3.202811998250960450e-10
6.757187238528480577e+01 3.191330913215642092e-10
6.766530959363463182e+01 3.180134920751255725e-10
6.775887600532892918e+01 3.169202977252810985e-10
6.785257179902779967e+01 3.158514360040794757e-10
6.794639715363848609e+01 3.148048651836609261e-10
6.804035224831550011e+01 3.137785726578208144e-10
6.813443726246121912e+01 3.127705736539962221e-10
6.822865237572592889e+01 3.117789100723728098e-10
6.832299776800851987e+01 3.108016494489447981e-10
6.841747361945650141e+01 3.098368840396219747e-10
6.851208011046651336e+01 3.088827300225689861e-10
6.860681742168472397e+01 3.079373268161453957e-10
6.870168573400697198e+01 3.069988365099639819e-10
6.879668522857937774e+01 3.060654434065820143e-10
6.889181608679842839e+01 3.051353536715834852e-10
6.898707849031144690e+01 3.042067950897165458e-10
6.908247262101707520e+01 3.032780169249160897e-10
6.917799866106527418e+01 3.023472898820047223e-10
6.927365679285807687e+01 3.014129061679237196e-10
6.936944719904961687e+01 3.004731796502924884e-10
6.946537006254658309e+01 2.995264461111521642e-10
6.956142556650868869e+01 2.985710635936323018e-10
6.965761389434881323e+01 2.976054128392874685e-10
6.975393522973355687e+01 2.966278978137904795e-10
6.985038975658341087e+01 2.956369463185479333e-10
6.994697765907316978e+01 2.946310106857810624e-10
7.004369912163241452e+01 2.936085685544397082e-10
7.014055432894562614e+01 2.925681237242752986e-10
7.023754346595278264e+01 2.915082070852411324e-10
7.033466671784948687e+01 2.904273776192385511e-10
7.043192427008744971e+01 2.893242234711189639e-10
7.052931630837491639e+01 2.881973630856764277e-10
7.062684301867679437e+01 2.870454464072257474e-10
7.072450458721523603e+01 2.858671561381338926e-10
7.082230120046985178e+01 2.846612090526103889e-10
7.092023304517809379e+01 2.834263573617411854e-10
7.101830030833571072e+01 2.821613901256829847e-10
7.111650317719691827e+01 2.808651347086876917e-10
7.121484183927498179e+01 2.795364582724371650e-10
7.131331648234237264e+01 2.781742693030140263e-10
7.141192729443120868e+01 2.767775191665767226e-10
7.151067446383369486e+01 2.753452036886906104e-10
7.160955817910226529e+01 2.738763647520231210e-10
7.170857862905027957e+01 2.723700919069420133e-10
7.180773600275196600e+01 2.708255239893879040e-10
7.190703048954317467e+01 2.692418507402027398e-10
7.200646227902149121e+01 2.676183144199316780e-10
7.210603156104662048e+01 2.659542114129645742e-10
7.220573852574094076e+01 2.642488938147442035e-10
7.230558336348958903e+01 2.625017709956123169e-10
7.240556626494107206e+01 2.607123111347553926e-10
7.250568742100745112e+01 2.588800427176328968e-10
7.260594702286476831e+01 2.570045559901216647e-10
7.270634526195351555e+01 2.550855043626033431e-10
7.280688232997876241e+01 2.531226057571256771e-10
7.290755841891083833e+01 2.511156438907645449e-10
7.300837372098538935e+01 2.490644694882932252e-10
7.310932842870387560e+01 2.469690014172670333e-10
7.321042273483408280e+01 2.448292277387105141e-10
7.331165683241017916e+01 2.426452066666074028e-10
7.341303091473341169e+01 2.404170674295328444e-10
7.351454517537221989e+01 2.381450110278607309e-10
7.361619980816270470e+01 2.358293108801228897e-10
7.371799500720911169e+01 2.334703133522934206e-10
7.381993096688391631e+01 2.310684381639791470e-10
7.392200788182856286e+01 2.286241786657046974e-10
7.402422594695347868e+01 2.261381019817882587e-10
7.412658535743867105e+01 2.236108490135841244e-10
7.422908630873408242e+01 2.210431342981916635e-10
7.433172899655983201e+01 2.184357457181219832e-10
7.443451361690679846e+01 2.157895440577651311e-10
7.453744036603674772e+01 2.131054624029644788e-10
7.464050944048284464e+01 2.103845053804246136e-10
7.474372103705016457e+01 2.076277482341640815e-10
7.484707535281570756e+01 2.048363357367755081e-10
7.495057258512917997e+01 2.020114809337023051e-10
7.505421293161306551e+01 1.991544637193953369e-10
7.515799659016310841e+01 1.962666292447200113e-10
7.526192375894879660e+01 1.933493861556347084e-10
7.536599463641351804e+01 1.904042046637474626e-10
7.547020942127522858e+01 1.874326144500201831e-10
7.557456831252646623e+01 1.844362024035318708e-10
7.567907150943511851e+01 1.814166101978585523e-10
7.578371921154450774e+01 1.783755317083483053e-10
7.588851161867385997e+01 1.753147102741653740e-10
7.599344893091883080e+01 1.722359358097451482e-10
7.609853134865163327e+01 1.691410417709126565e-10
7.620375907252166314e+01 1.660319019816260117e-10
7.630913230345569787e+01 1.629104273279529474e-10
7.641465124265832287e+01 1.597785623265635130e-10
7.652031609161245740e+01 1.566383250186891610e-10
7.662612705207951080e+01 1.534926256177670592e-10
7.673208432610000784e+01 1.503451177495138543e-10
7.683818811599374499e+01 1.471993622182886723e-10
7.694443862436027359e+01 1.440587910911649693e-10
7.705083605407942571e+01 1.409267047534556415e-10
7.715738060831141354e+01 1.378062694885882118e-10
7.726407249049754000e+01 1.347005155659992946e-10
7.737091190436025556e+01 1.316123358193907511e-10
7.747789905390379772e+01 1.285444846964521935e-10
7.758503414341456050e+01 1.254995777601635389e-10
7.769231737746125077e+01 1.224800916208847994e-10
7.779974896089565561e+01 1.194883642777016745e-10
7.790732909885268498e+01 1.165265958469934908e-10
7.801505799675089747e+01 1.135968496556594368e-10
7.812293586029304038e+01 1.107010536762173558e-10
7.823096289546612070e+01 1.078410022808202273e-10
7.833913930854214414e+01 1.050183582911223247e-10
7.844746530607825719e+01 1.022346553011089788e-10
7.855594109491718768e+01 9.949130025008712186e-11
7.866456688218782745e+01 9.678957622334773205e-11
7.877334287530531753e+01 9.413064545841082253e-11
7.888226928197175880e+01 9.151555253514558508e-11
7.899134631017635400e+01 8.894522772867119977e-11
7.910057416819589093e+01 8.642049050444467986e-11
7.920995306459531093e+01 8.394205313569179242e-11
7.931948320822776566e+01 8.151052442396763946e-11
7.942916480823538450e+01 7.912641350442447590e-11
7.953899807404930300e+01 7.679013371814837837e-11
7.964898321539044446e+01 7.450200653472674123e-11
7.975912044226961939e+01 7.226226550908514140e-11
7.986940996498800871e+01 7.007106025746618376e-11
7.997985199413771795e+01 6.792846043830033135e-11
8.009044674060191937e+01 6.583445972463017475e-11
8.020119441555553408e+01 6.378897975558695975e-11
8.031209523046537413e+01 6.179187405533426970e-11
8.042314939709065413e+01 5.984293190875539622e-11
8.053435712748354547e+01 5.794188218401080873e-11
8.064571863398926155e+01 5.608839709296803980e-11
8.075723412924682520e+01 5.428209588129208620e-11
8.086890382618915396e+01 5.252254844084613430e-11
8.098072793804360003e+01 5.080927883777385605e-11
8.109270667833251878e+01 4.914176875044881598e-11
8.120484026087332552e+01 4.751946081217806318e-11
8.131712889977927716e+01 4.594176185423385871e-11
8.142957280945955745e+01 4.440804604550126810e-11
8.154217220461985960e+01 4.291765792562260520e-11
8.165492730026288370e+01 4.146991532914411226e-11
8.176783831168845040e+01 4.006411219875596305e-11
8.188090545449428248e+01 3.869952128622616105e-11
8.199412894457609013e+01 3.737539674015115930e-11
8.210750899812811099e+01 3.609097658013283080e-11
8.222104583164369274e+01 3.484548505738926011e-11
8.233473966191532156e+01 3.363813490226341069e-11
8.244859070603548901e+01 3.246812945941930253e-11
8.256259918139672038e+01 3.133466471190677174e-11
8.267676530569214322e+01 3.023693119553985140e-11
8.279108929691604146e+01 2.917411580535487536e-11
8.290557137336398341e+01 2.814540349615243765e-11
8.302021175363353223e+01 2.714997887935461433e-11
8.313501065662443068e+01 2.618702771860289659e-11
8.324996830153907013e+01 2.525573832672156947e-11
8.336508490788312997e+01 2.435530286678716349e-11
8.348036069546560611e+01 2.348491856020694673e-11
8.359579588439963516e+01 2.264378880478803330e-11
8.371139069510257968e+01 2.183112420589021741e-11
8.382714534829659669e+01 2.104614352379944129e-11
8.394306006500919182e+01 2.028807454052563503e-11
8.405913506657333301e+01 1.955615484925969274e-11
8.417537057462818950e+01 1.884963256972891453e-11
8.429176681111927394e+01 1.816776699271368317e-11
8.440832399829913868e+01 1.750982915696600079e-11
8.452504235872756055e+01 1.687510236174586696e-11
8.464192211527205245e+01 1.626288261818063555e-11
8.475896349110844596e+01 1.567247904258038109e-11
8.487616670972099087e+01 1.510321419482374185e-11
8.499353199490315092e+01 1.455442436484072261e-11
8.511105957075770334e+01 1.402545981018269046e-11
8.522874966169732147e+01 1.351568494757243094e-11
8.534660249244512897e+01 1.302447850127072006e-11
8.546461828803481353e+01 1.255123361100749848e-11
8.558279727381139423e+01 1.209535790213725484e-11
8.570113967543139211e+01 1.165627352060177404e-11
8.581964571886332749e+01 1.123341713518517703e-11
8.593831563038835952e+01 1.082623990945427744e-11
8.605714963660031458e+01 1.043420744569558995e-11
8.617614796440658154e+01 1.005679970305038638e-11
8.629531084102815441e+01 9.693510891971764714e-12
8.641463849400021502e+01 9.343849347021357393e-12
8.653413115117271559e+01 9.007337379937408731e-12
8.665378904071052091e+01 8.683511114814347814e-12
8.677361239109413305e+01 8.371920307134802255e-12
8.689360143111990453e+01 8.072128148316107457e-12
8.701375638990052153e+01 7.783711057338104563e-12
8.713407749686565751e+01 7.506258460933198637e-12
8.725456498176204434e+01 7.239372563741156180e-12
8.737521907465425386e+01 6.982668109740831523e-12
8.749604000592488262e+01 6.735772136200549449e-12
8.761702800627509191e+01 6.498323721303578897e-12
8.773818330672520460e+01 6.269973726535342456e-12
8.785950613861476199e+01 6.050384534848107937e-12
8.798099673360343331e+01 5.839229785543720505e-12
8.810265532367105834e+01 5.636194106755719351e-12
8.822448214111827269e+01 5.440972846343095518e-12
8.834647741856703362e+01 5.253271801948388107e-12
8.846864138896083318e+01 5.072806950915089481e-12
8.859097428556540876e+01 4.899304180703644909e-12
8.871347634196889942e+01 4.732499020390963482e-12
8.883614779208262746e+01 4.572136373788165733e-12
8.895898887014119794e+01 4.417970254665959176e-12
8.908199981070315232e+01 4.269763524527886049e-12
8.920518084865149433e+01 4.127287633331246119e-12
8.932853221919383202e+01 3.990322363515943850e-12
8.945205415786320202e+01 3.858655577659648514e-12
8.957574690051818322e+01 3.732082970047112384e-12
8.969961068334352206e+01 3.610407822402226481e-12
8.982364574285065828e+01 3.493440764005616280e-12
8.994785231587793817e+01 3.380999536385701653e-12
9.007223063959135345e+01 3.272908762748338086e-12
9.019678095148471186e+01 3.168999722281620126e-12
9.032150348938023399e+01 3.069110129449413509e-12
9.044639849142912169e+01 2.973083918365613986e-12
9.057146619611170024e+01 2.880771032321062822e-12
9.069670684223828516e+01 2.792027218514026110e-12
9.082212066894921065e+01 2.706713828021608051e-12
9.094770791571556856e+01 2.624697621029051773e-12
9.107346882233964891e+01 2.545850577324027374e-12
9.119940362895519570e+01 2.470049712045283507e-12
9.132551257602818851e+01 2.397176896667021042e-12
9.145179590435697037e+01 2.327118685185733967e-12
9.157825385507284466e+01 2.259766145470009970e-12
9.170488666964072877e+01 2.195014695721416199e-12
9.183169458985919675e+01 2.132763945989977176e-12
9.195867785786138882e+01 2.072917544677905616e-12
9.208583671611512500e+01 2.015383029961703934e-12
9.221317140742348784e+01 1.960071686054783711e-12
9.234068217492547603e+01 1.906898404230688114e-12
9.246836926209607554e+01 1.855781548520629561e-12
9.259623291274715484e+01 1.806642825997809312e-12
9.272427337102757861e+01 1.759407161556472931e-12
9.285249088142379037e+01 1.714002577093027099e-12
9.298088568876049465e+01 1.670360074993373676e-12
9.310945803820068534e+01 1.628413525830869544e-12
9.323820817524661209e+01 1.588099560177007661e-12
9.336713634573976606e+01 1.549357464428148237e-12
9.349624279586181785e+01 1.512129080549980852e-12
9.362552777213466015e+01 1.476358709643239308e-12
9.375499152142110404e+01 1.441993019233572213e-12
9.388463429092546164e+01 1.408980954190430202e-12
9.401445632819367404e+01 1.377273651180084956e-12
9.414445788111419233e+01 1.346824356560283809e-12
9.427463919791806291e+01 1.317588347625017140e-12
9.440500052717960955e+01 1.289522857109886735e-12
9.453554211781703032e+01 1.262587000870883921e-12
9.466626421909251121e+01 1.236741708651595533e-12
9.479716708061312147e+01 1.211949657855726503e-12
9.492825095233092725e+01 1.188175210245318054e-12
9.505951608454364532e+01 1.165384351486818493e-12
9.519096272789519730e+01 1.143544633470614660e-12
9.532259113337595124e+01 1.122625119332354380e-12
9.545440155232350321e+01 1.102596331107555772e-12
9.558639423642286204e+01 1.083430199953953821e-12
9.571856943770704618e+01 1.065100018879895211e-12
9.585092740855773741e+01 1.047580397919720018e-12
9.598346840170542293e+01 1.030847221701558751e-12
9.611619267023024804e+01 1.014877609355612900e-12
9.624910046756214399e+01 9.996498767157119501e-13
9.638219204748152436e+01 9.851421563557573572e-13
9.651546766411983924e+01 9.713264516147890667e-13
9.664892757195974582e+01 9.581738382048957515e-13
9.678257202583601781e+01 9.456569919834367662e-13
9.691640128093565920e+01 9.337500940342496196e-13
9.705041559279851526e+01 9.224287398401997907e-13
9.718461521731798314e+01 9.116698544465314013e-13
9.731900041074104024e+01 9.014516131792319917e-13
9.745357142966926745e+01 8.917533675158904880e-13
9.758832853105886329e+01 8.825555757378761034e-13
9.772327197222138295e+01 8.738397380207708714e-13
9.785840201082430667e+01 8.655883356460931650e-13
9.799371890489123871e+01 8.577847740414152405e-13
9.812922291280274578e+01 8.504133293777678761e-13
9.826491429329649918e+01 8.434590984736769917e-13
9.840079330546814163e+01 8.369079517735163736e-13
9.853686020877144358e+01 8.307464891853283562e-13
9.867311526301892854e+01 8.249619985786818614e-13
9.880955872838256937e+01 8.195424167578716507e-13
9.894619086539384512e+01 8.144762927391604115e-13
9.908301193494475001e+01 8.097527531728960313e-13
9.922002219828785030e+01 8.053614697630571971e-13
9.935722191703696637e+01 8.012926285469490654e-13
9.949461135316785487e+01 7.975369009076706582e-13
9.963219076901829396e+01 7.940854162009831485e-13
9.976996042728903547e+01 7.909297358862649280e-13
9.990792059104393275e+01 7.880618290591874326e-13
1.000460715237106513e+02 7.854740492905790285e-13
1.001844134890810238e+02 7.831591126827482087e-13
1.003229467513119317e+02 7.811100770603889010e-13
1.004616715749252620e+02 7.793203222190470949e-13
1.006005882248087602e+02 7.777835311591814481e-13
1.007396969662164281e+02 7.764936722388411838e-13
1.008789980647689930e+02 7.754449821823826217e-13
1.010184917864547742e+02 7.746319498869333535e-13
1.011581783976295839e+02 7.740493009721579679e-13
1.012980581650176219e+02 7.736919830225559044e-13
1.014381313557119739e+02 7.735551514748203352e-13
1.015783982371748806e+02 7.736341561060634875e-13
1.017188590772388039e+02 7.739245280816111728e-13
1.018595141441061855e+02 7.744219675237723659e-13
1.020003637063504982e+02 7.751223315656809457e-13
1.021414080329165301e+02 7.760216228566374942e-13
1.022826473931209108e+02 7.771159784877044868e-13
1.024240820566529635e+02 7.784016593084247277e-13
1.025657122935746060e+02 7.798750396075018798e-13
1.027075383743213450e+02 7.815325971323243448e-13
1.028495605697025894e+02 7.833709034237598653e-13
1.029917791509021470e+02 7.853866144445981338e-13
1.031341943894791058e+02 7.875764614814698936e-13
1.032768065573677774e+02 7.899372423016481355e-13
1.034196159268785635e+02 7.924658125475259901e-13
1.035626227706984395e+02 7.951590773531564673e-13
1.037058273618913375e+02 7.980139831682456998e-13
1.038492299738990852e+02 8.010275097765568548e-13
1.039928308805413337e+02 8.041966624967583631e-13
1.041366303560164113e+02 8.075184645548869824e-13
1.042806286749018909e+02 8.109899496189373516e-13
1.044248261121548182e+02 8.146081544868500298e-13
1.045692229431128624e+02 8.183701119206399927e-13
1.047138194434940317e+02 8.222728436200552116e-13
1.048586158893977398e+02 8.263133533304715400e-13
1.050036125573051748e+02 8.304886200804291776e-13
1.051488097240797259e+02 8.347955915454775549e-13
1.052942076669679352e+02 8.392311775357239058e-13
1.054398066635994269e+02 8.437922436052965709e-13
1.055856069919878166e+02 8.484756047832810654e-13
1.057316089305311380e+02 8.532780194260343002e-13
1.058778127580122970e+02 8.581961831920124100e-13
1.060242187536000245e+02 8.632267231409508280e-13
1.061708271968487480e+02 8.683661919601569389e-13
1.063176383676995727e+02 8.736110623214159849e-13
1.064646525464805649e+02 8.789577213728854349e-13
1.066118700139078044e+02 8.844024653711956612e-13
1.067592910510851567e+02 8.899414944595731358e-13
1.069069159395053390e+02 8.955709075988655200e-13
1.070547449610502895e+02 9.012866976588320886e-13
1.072027783979916506e+02 9.070847466779322182e-13
1.073510165329916646e+02 9.129608213006344888e-13
1.074994596491031444e+02 9.189105684017130327e-13
1.076481080297703983e+02 9.249295109080332540e-13
1.077969619588296979e+02 9.310130438286508492e-13
1.079460217205096484e+02 9.371564305049249160e-13
1.080952875994322255e+02 9.433547990928102198e-13
1.082447598806126763e+02 9.496031392900464180e-13
1.083944388494604425e+02 9.558962993217285392e-13
1.085443247917796299e+02 9.622289831978948766e-13
1.086944179937694344e+02 9.685957482575023402e-13
1.088447187420251367e+02 9.749910030135551255e-13
1.089952273235379892e+02 9.814090053142927129e-13
1.091459440256962097e+02 9.878438608360948631e-13
1.092968691362854088e+02 9.942895219235665928e-13
1.094480029434890014e+02 1.000739786792815823e-12
1.095993457358892726e+02 1.007188299114049882e-12
1.097508978024671933e+02 1.013628547989470439e-12
1.099026594326034427e+02 1.020053868342863452e-12
1.100546309160788780e+02 1.026457441736863713e-12
1.102068125430749319e+02 1.032832297634062578e-12
1.103592046041746073e+02 1.039171315117657936e-12
1.105118073903624207e+02 1.045467225087250794e-12
1.106646211930253401e+02 1.051712612945028685e-12
1.108176463039532962e+02 1.057899921786984652e-12
1.109708830153395525e+02 1.064021456113299898e-12
1.111243316197817563e+02 1.070069386071558192e-12
1.112779924102818256e+02 1.076035752245439225e-12
1.114318656802469576e+02 1.081912471000884253e-12
1.115859517234900551e+02 1.087691340400635387e-12
1.117402508342301672e+02 1.093364046697142751e-12
1.118947633070935552e+02 1.098922171412522096e-12
1.120494894371135501e+02 1.104357199012994957e-12
1.122044295197315336e+02 1.109660525183893841e-12
1.123595838507974207e+02 1.114823465709816074e-12
1.125149527265701437e+02 1.119837265962811938e-12
1.126705364437186034e+02 1.124693110999819007e-12
1.128263352993215989e+02 1.129382136268706117e-12
1.129823495908688358e+02 1.133895438920471703e-12
1.131385796162613815e+02 1.138224089722698028e-12
1.132950256738121340e+02 1.142359145567814519e-12
1.134516880622468307e+02 1.146291662566853507e-12
1.136085670807039349e+02 1.150012709717531648e-12
1.137656630287356734e+02 1.153513383132685018e-12
1.139229762063084621e+02 1.156784820812894339e-12
1.140805069138034327e+02 1.159818217944235794e-12
1.142382554520173983e+02 1.162604842699757173e-12
1.143962221221627686e+02 1.165136052520249854e-12
1.145544072258685731e+02 1.167403310847440505e-12
1.147128110651809436e+02 1.169398204279645905e-12
1.148714339425635416e+02 1.171112460117357392e-12
1.150302761608986515e+02 1.172537964263183948e-12
1.151893380234869824e+02 1.173666779437935808e-12
1.153486198340487761e+02 1.174491163671634938e-12
1.155081218967242904e+02 1.175003589025572266e-12
1.156678445160741830e+02 1.175196760498794462e-12
1.158277879970805913e+02 1.175063635069537699e-12
1.159879526451470895e+02 1.174597440819721770e-12
1.161483387660996129e+02 1.173791696088064531e-12
1.163089466661870119e+02 1.172640228594766260e-12
1.164697766520815065e+02 1.171137194478733994e-12
1.166308290308797098e+02 1.169277097185948301e-12
1.167921041101025423e+02 1.167054806145681446e-12
1.169536021976962701e+02 1.164465575169535125e-12
1.171153236020329729e+02 1.161505060506598064e-12
1.172772686319110562e+02 1.158169338486711484e-12
1.174394375965562460e+02 1.154454922682609094e-12
1.176018308056215318e+02 1.150358780521013421e-12
1.177644485691881897e+02 1.145878349271878322e-12
1.179272911977661380e+02 1.141011551344908523e-12
1.180903590022950596e+02 1.135756808822253797e-12
1.182536522941442030e+02 1.130113057156769751e-12
1.184171713851135195e+02 1.124079757965684725e-12
1.185809165874340891e+02 1.117656910850460031e-12
1.187448882137686326e+02 1.110845064175219500e-12
1.189090865772125909e+02 1.103645324737349330e-12
1.190735119912939410e+02 1.096059366266282689e-12
1.192381647699743752e+02 1.088089436688713473e-12
1.194030452276496845e+02 1.079738364101162834e-12
1.195681536791502992e+02 1.071009561394272624e-12
1.197334904397423685e+02 1.061907029476236757e-12
1.198990558251275758e+02 1.052435359047306780e-12
1.200648501514443467e+02 1.042599730880808721e-12
1.202308737352681760e+02 1.032405914571320741e-12
1.203971268936122385e+02 1.021860265715303951e-12
1.205636099439284408e+02 1.010969721494727971e-12
1.207303232041072647e+02 9.997417946398992850e-13
1.208972669924789045e+02 9.881845657536076487e-13
1.210644416278137356e+02 9.763066739845867309e-13
1.212318474293227695e+02 9.641173347101734545e-13
1.213994847166588471e+02 9.516294238612894832e-13
1.215673538099163977e+02 9.388620091184134095e-13
1.217354550296326039e+02 9.258348012018912573e-13
1.219037886967879132e+02 9.125674343214506084e-13
1.220723551328064502e+02 8.990794246091248622e-13
1.222411546595571963e+02 8.853901302567881248e-13
1.224101875993538471e+02 8.715187134343037030e-13
1.225794542749558929e+02 8.574841040532035216e-13
1.227489550095691300e+02 8.433049654312411105e-13
1.229186901268461583e+02 8.289996619027573302e-13
1.230886599508874895e+02 8.145862284102901798e-13
1.232588648062414336e+02 8.000823421035099150e-13
1.234293050179051789e+02 7.855052959619879519e-13
1.235999809113253605e+02 7.708719744497618750e-13
1.237708928123984577e+02 7.561988312014173569e-13
1.239420410474720029e+02 7.415018687307452198e-13
1.241134259433444100e+02 7.267966201460668692e-13
1.242850478272661121e+02 7.120981328486929358e-13
1.244569070269400584e+02 6.974209541844093641e-13
1.246290038705222116e+02 6.827791190115614778e-13
1.248013386866226568e+02 6.681861391435120477e-13
1.249739118043055583e+02 6.536549946181776523e-13
1.251467235530901831e+02 6.391981267418835080e-13
1.253197742629514551e+02 6.248274328512065966e-13
1.254930642643204521e+02 6.105542627319466090e-13
1.256665938880855862e+02 5.963894166314559677e-13
1.258403634655923895e+02 5.823431447971949215e-13
1.260143733286447230e+02 5.684251484721232527e-13
1.261886238095052448e+02 5.546445822755474158e-13
1.263631152408959508e+02 5.410100578961085699e-13
1.265378479559992826e+02 5.275296490226423590e-13
1.267128222884580424e+02 5.142108974378917618e-13
1.268880385723765016e+02 5.010608201990699369e-13
1.270634971423209123e+02 4.880859178298802739e-13
1.272391983333200471e+02 4.752921834482185781e-13
1.274151424808663364e+02 4.626851127547515614e-13
1.275913299209157401e+02 4.502697148081562131e-13
1.277677609898888704e+02 4.380505235138559152e-13
1.279444360246715888e+02 4.260316097547932062e-13
1.281213553626154180e+02 4.142165940939144545e-13
1.282985193415387926e+02 4.026086599800237719e-13
1.284759282997268599e+02 3.912105673908501967e-13
1.286535825759326599e+02 3.800246668487748893e-13
1.288314825093777074e+02 3.690529137474448009e-13
1.290096284397524187e+02 3.582968829295698522e-13
1.291880207072173050e+02 3.477577834589301951e-13
1.293666596524028876e+02 3.374364735319604090e-13
1.295455456164108341e+02 3.273334754771047580e-13
1.297246789408144423e+02 3.174489907928225955e-13
1.299040599676592649e+02 3.077829151777629147e-13
1.300836890394641614e+02 2.983348535094376691e-13
1.302635664992212412e+02 2.891041347305611565e-13
1.304436926903970573e+02 2.800898266048500135e-13
1.306240679569330609e+02 2.712907503068455633e-13
1.308046926432462271e+02 2.627054948130810447e-13
1.309855670942301344e+02 2.543324310645631892e-13
1.311666916552548798e+02 2.461697258730770630e-13
1.313480666721682439e+02 2.382153555464516011e-13
1.315296924912961742e+02 2.304671192103562317e-13
1.317115694594438651e+02 2.229226518066938387e-13
1.318936979238956724e+02 2.155794367508874907e-13
1.320760782324163074e+02 2.084348182326226913e-13
1.322587107332513483e+02 2.014860131468763962e-13
1.324415957751278086e+02 1.947301226439720319e-13
1.326247337072553023e+02 1.881641432894593654e-13
1.328081248793259590e+02 1.817849778265457274e-13
1.329917696415155319e+02 1.755894455354567244e-13
1.331756683444840235e+02 1.695742921858517046e-13
1.333598213393761966e+02 1.637361995800250394e-13
1.335442289778227689e+02 1.580717946860638167e-13
1.337288916119402700e+02 1.525776583615179611e-13
1.339138095943322639e+02 1.472503336694268977e-13
1.340989832780899178e+02 1.420863337897281736e-13
1.342844130167924845e+02 1.370821495302358418e-13
1.344700991645085253e+02 1.322342564422236086e-13
1.346560420757958809e+02 1.275391215467481139e-13
1.348422421057026952e+02 1.229932096785480458e-13
1.350286996097681254e+02 1.185929894551137111e-13
1.352154149440228252e+02 1.143349388792573074e-13
1.354023884649901959e+02 1.102155505839730308e-13
1.355896205296861297e+02 1.062313367290791750e-13
1.357771114956204315e+02 1.023788335593015521e-13
1.359648617207972165e+02 9.865460563413296882e-14
1.361528715637155074e+02 9.505524973986116146e-14
1.363411413833704842e+02 9.157739849456641219e-14
1.365296715392533144e+02 8.821772365701719522e-14
1.367184623913523751e+02 8.497293915053615322e-14
1.369075143001538777e+02 8.183980381300828995e-14
1.370968276266423231e+02 7.881512388425233850e-14
1.372864027323018377e+02 7.589575524194949397e-14
1.374762399791159453e+02 7.307860539736071882e-14
1.376663397295688753e+02 7.036063526186698001e-14
1.378567023466460739e+02 6.773886069537075308e-14
1.380473281938348293e+02 6.521035384743112650e-14
1.382382176351253804e+02 6.277224430178318872e-14
1.384293710350109734e+02 6.042172003479288299e-14
1.386207887584889420e+02 5.815602819812521565e-14
1.388124711710613042e+02 5.597247573568750519e-14
1.390044186387354443e+02 5.386842984468518415e-14
1.391966315280252218e+02 5.184131829033005700e-14
1.393891102059508285e+02 4.988862958352274982e-14
1.395818550400402103e+02 4.800791303047184038e-14
1.397748663983294648e+02 4.619677866298488941e-14
1.399681446493634667e+02 4.445289705785656545e-14
1.401616901621971465e+02 4.277399905343499210e-14
1.403555033063953204e+02 4.115787537119588216e-14
1.405495844520339688e+02 3.960237614981555753e-14
1.407439339697008336e+02 3.810541039891775935e-14
1.409385522304959295e+02 3.666494537939083645e-14
1.411334396060328515e+02 3.527900591682626553e-14
1.413285964684386329e+02 3.394567365437871857e-14
1.415240231903550523e+02 3.266308625097702740e-14
1.417197201449391173e+02 3.142943653058076296e-14
1.419156877058637178e+02 3.024297158786677078e-14
1.421119262473188769e+02 2.910199185541974880e-14
1.423084361440116083e+02 2.800485013727052061e-14
1.425052177711671959e+02 2.694995061330134100e-14
1.427022715045298185e+02 2.593574781882414902e-14
1.428995977203630048e+02 2.496074560333386816e-14
1.430971967954511399e+02 2.402349607222102989e-14
1.432950691070990388e+02 2.312259851498616983e-14
1.434932150331334810e+02 2.225669832323784414e-14
1.436916349519036658e+02 2.142448590156800179e-14
1.438903292422818367e+02 2.062469557415578557e-14
1.440892982836645615e+02 1.985610448976268473e-14
1.442885424559726175e+02 1.911753152756977453e-14
1.444880621396522429e+02 1.840783620612025314e-14
1.446878577156757615e+02 1.772591759746260084e-14
1.448879295655421799e+02 1.707071324839324127e-14
1.450882780712784097e+02 1.644119811055402111e-14
1.452889036154392386e+02 1.583638348097269048e-14
1.454898065811085814e+02 1.525531595448845003e-14
1.456909873518999063e+02 1.469707638936069217e-14
1.458924463119576274e+02 1.416077888722997797e-14
1.460941838459568203e+02 1.364556978847950987e-14
1.462962003391047290e+02 1.315062668390913738e-14
1.464984961771411918e+02 1.267515744354278884e-14
1.467010717463392950e+02 1.221839926327274412e-14
1.469039274335067091e+02 1.177961772995180919e-14
1.471070636259855462e+02 1.135810590545005247e-14
1.473104807116536676e+02 1.095318343010391310e-14
1.475141790789252809e+02 1.056419564591651670e-14
1.477181591167515364e+02 1.019051273977863725e-14
1.479224212146218633e+02 9.831528906921001766e-15
1.481269657625638558e+02 9.486661534745666444e-15
1.483317931511445522e+02 9.155350407113999596e-15
1.485369037714710032e+02 8.837056929127070019e-15
1.487422980151910679e+02 8.531263372376246946e-15
1.489479762744944935e+02 8.237472140600352071e-15
1.491539389421129158e+02 7.955205055640922121e-15
1.493601864113212230e+02 7.684002663548186441e-15
1.495667190759380958e+02 7.423423560662501547e-15
1.497735373303266044e+02 7.173043739455208336e-15
1.499806415693956581e+02 6.932455953891064089e-15
1.501880321885996921e+02 6.701269104051303540e-15
1.503957095839402029e+02 6.479107639724780741e-15
1.506036741519662314e+02 6.265610982665809771e-15
1.508119262897749877e+02 6.060432967192041727e-15
1.510204663950133011e+02 5.863241298786929101e-15
1.512292948658773355e+02 5.673717030353374154e-15
1.514384121011140962e+02 5.491554055756479668e-15
1.516478185000218843e+02 5.316458620286748439e-15
1.518575144624510358e+02 5.148148847663327000e-15
1.520675003888052856e+02 4.986354283193470935e-15
1.522777766800415407e+02 4.830815452703428595e-15
1.524883437376712720e+02 4.681283436845127106e-15
1.526992019637612259e+02 4.537518318547673081e-15
1.529103517609338780e+02 4.399275095166185444e-15
1.531217935323689971e+02 4.266309628503307384e-15
1.533335276818033321e+02 4.138389557959152016e-15
1.535455546135320901e+02 4.015293905752092789e-15
1.537578747324095332e+02 3.896812468237222325e-15
1.539704884438495753e+02 3.782745242271656967e-15
1.541833961538272320e+02 3.672901884473686047e-15
1.543965982688783924e+02 3.567101201365300208e-15
1.546100951961012413e+02 3.465170668515928342e-15
1.548238873431569687e+02 3.366945976926503592e-15
1.550379751182702250e+02 3.272270605007977859e-15
1.552523589302306561e+02 3.180995414611282731e-15
1.554670391883927323e+02 3.092978269667603534e-15
1.556820163026770274e+02 3.008083676085105677e-15
1.558972906835711001e+02 2.926182441637544788e-15
1.561128627421298347e+02 2.847151354659662410e-15
1.563287328899770614e+02 2.770872880435966615e-15
1.565449015393052719e+02 2.697234874243295194e-15
1.567613691028771257e+02 2.626130310068913193e-15
1.569781359940260757e+02 2.557457024089641983e-15
1.571952026266568510e+02 2.491117472051849895e-15
1.574125694152471056e+02 2.427018499746686919e-15
1.576302367748471340e+02 2.365071125824561778e-15
1.578482051210812642e+02 2.305190336238270853e-15
1.580664748701485962e+02 2.247294889648065668e-15
1.582850464388235139e+02 2.191307133163391620e-15
1.585039202444573050e+02 2.137152827832313091e-15
1.587230967049777348e+02 2.084760983326809255e-15
1.589425762388907799e+02 2.034063701304235062e-15
1.591623592652809975e+02 1.984996026957178535e-15
1.593824462038123499e+02 1.937495808292792581e-15
1.596028374747296255e+02 1.891503562709563877e-15
1.598235334988580973e+02 1.846962350466863573e-15
1.600445346976052861e+02 1.803817654663698164e-15
1.602658414929612718e+02 1.762017267368694973e-15
1.604874543074996041e+02 1.721511181562217368e-15
1.607093735643785806e+02 1.682251488572584590e-15
1.609315996873411621e+02 1.644192280706358858e-15
1.611541331007164786e+02 1.607289558789974356e-15
1.613769742294201421e+02 1.571501144357253674e-15
1.616001234989558952e+02 1.536786596231213763e-15
1.618235813354153549e+02 1.503107131264693922e-15
1.620473481654794625e+02 1.470425549016361178e-15
1.622714244164192507e+02 1.438706160152326244e-15
1.624958105160962987e+02 1.407914718375302679e-15
1.627205068929643801e+02 1.378018355694102693e-15
1.629455139760692646e+02 1.348985520857744312e-15
1.631708321950500817e+02 1.320785920787126453e-15
1.633964619801401454e+02 1.293390464847495255e-15
1.636224037621674370e+02 1.266771211813665425e-15
1.638486579725562251e+02 1.240901319387443854e-15
1.640752250433268671e+02 1.215754996135446128e-15
1.643021054070972582e+02 1.191307455722310124e-15
1.645292994970834570e+02 1.167534873320902435e-15
1.647568077471004528e+02 1.144414344088583439e-15
1.649846305915636435e+02 1.121923843603299082e-15
1.652127684654885513e+02 1.100042190160700259e-15
1.654412218044924145e+02 1.078749008837110564e-15
1.656699910447948980e+02 1.058024697229795739e-15
1.658990766232185763e+02 1.037850392789920603e-15
1.661284789771906958e+02 1.018207941668349710e-15
1.663581985447427769e+02 9.990798689988890468e-16
1.665882357645122340e+02 9.804493505472500715e-16
1.668185910757430293e+02 9.623001856582944106e-16
1.670492649182862976e+02 9.446167714371548277e-16
1.672802577326019673e+02 9.273840781037102707e-16
1.675115699597584751e+02 9.105876254629356317e-16
1.677432020414343015e+02 8.942134604363279969e-16
1.679751544199187094e+02 8.782481356031147926e-16
1.682074275381124266e+02 8.626786887019685150e-16
1.684400218395290381e+02 8.474926230471059146e-16
1.686729377682949291e+02 8.326778888144943479e-16
1.689061757691508490e+02 8.182228651565769465e-16
1.691397362874524219e+02 8.041163431058594800e-16
1.693736197691710004e+02 7.903475092298699744e-16
1.696078266608951139e+02 7.769059300016290763e-16
1.698423574098303561e+02 7.637815368521159119e-16
1.700772124638007767e+02 7.509646118723814126e-16
1.703123922712497347e+02 7.384457741347695398e-16
1.705478972812405800e+02 7.262159666045039655e-16
1.707837279434579898e+02 7.142664436139637153e-16
1.710198847082080533e+02 7.025887588735571837e-16
1.712563680264196933e+02 6.911747539943724237e-16
1.714931783496452908e+02 6.800165474989987228e-16
1.717303161300615670e+02 6.691065242981214369e-16
1.719677818204709752e+02 6.584373256114535766e-16
1.722055758743015019e+02 6.480018393129673729e-16
1.724436987456084580e+02 6.377931906808290406e-16
1.726821508890748476e+02 6.278047335339568343e-16
1.729209327600123345e+02 6.180300417376220415e-16
1.731600448143626636e+02 6.084629010615210147e-16
1.733994875086975469e+02 5.990973013745271224e-16
1.736392613002201699e+02 5.899274291610798282e-16
1.738793666467660159e+02 5.809476603448403197e-16
1.741198040068033492e+02 5.721525534060857070e-16
1.743605738394350340e+02 5.635368427797232326e-16
1.746016766043982216e+02 5.550954325216736786e-16
1.748431127620659140e+02 5.468233902317862272e-16
1.750848827734477595e+02 5.387159412220195440e-16
1.753269871001906495e+02 5.307684629192456749e-16
1.755694262045804237e+02 5.229764794924388204e-16
1.758122005495415863e+02 5.153356566945866247e-16
1.760553105986389824e+02 5.078417969099352540e-16
1.762987568160784235e+02 5.004908343977878458e-16
1.765425396667074835e+02 4.932788307244805017e-16
1.767866596160170332e+02 4.862019703753471503e-16
1.770311171301410411e+02 4.792565565390975541e-16
1.772759126758582795e+02 4.724390070572382312e-16
1.775210467205929774e+02 4.657458505315636488e-16
1.777665197324154462e+02 4.591737225829672081e-16
1.780123321800438703e+02 4.527193622552507812e-16
1.782584845328439656e+02 4.463796085578749374e-16
1.785049772608306853e+02 4.401513971417281288e-16
1.787518108346689303e+02 4.340317571023735794e-16
1.789989857256742312e+02 4.280178079055751852e-16
1.792465024058143399e+02 4.221067564298526070e-16
1.794943613477092015e+02 4.162958941213173999e-16
1.797425630246323465e+02 4.105825942561289998e-16
1.799911079105116869e+02 4.049643093061108385e-16
1.802399964799308805e+02 3.994385684032421864e-16
1.804892292081294158e+02 3.940029748990875320e-16
1.807388065710040621e+02 3.886552040151303959e-16
1.809887290451096078e+02 3.833930005803609310e-16
1.812389971076596851e+02 3.782141768525903587e-16
1.814896112365283329e+02 3.731166104199577011e-16
1.817405719102498836e+02 3.680982421795406171e-16
1.819918796080204970e+02 3.631570743897737403e-16
1.822435348096989571e+02 3.582911687937921210e-16
1.824955379958074957e+02 3.534986448107758091e-16
1.827478896475332419e+02 3.487776777925618300e-16
1.830005902467282226e+02 3.441264973428964499e-16
1.832536402759109251e+02 3.395433856967705386e-16
1.835070402182670364e+02 3.350266761574673058e-16
1.837607905576501821e+02 3.305747515889403967e-16
1.840148917785837170e+02 3.261860429613124505e-16
1.842693443662602704e+02 3.218590279474352449e-16
1.845241488065437352e+02 3.175922295683102095e-16
1.847793055859696949e+02 3.133842148855276609e-16
1.850348151917464463e+02 3.092335937387900810e-16
1.852906781117564492e+02 3.051390175267054993e-16
1.855468948345563263e+02 3.010991780291020273e-16
1.858034658493783979e+02 2.971128062692444074e-16
1.860603916461315350e+02 2.931786714142605185e-16
1.863176727154017556e+02 2.892955797123115435e-16
1.865753095484541291e+02 2.854623734649947851e-16
1.868333026372324355e+02 2.816779300335618424e-16
1.870916524743608704e+02 2.779411608775700636e-16
1.873503595531448411e+02 2.742510106246812852e-16
1.876094243675717053e+02 2.706064561703225049e-16
1.878688474123124763e+02 2.670065058059957156e-16
1.881286291827215678e+02 2.634501983750956643e-16
1.883887701748386121e+02 2.599366024550731485e-16
1.886492708853891145e+02 2.564648155649029994e-16
1.889101318117852486e+02 2.530339633967978518e-16
1.891713534521276756e+02 2.496431990711707801e-16
1.894329363052050894e+02 2.462917024139020876e-16
1.896948808704961777e+02 2.429786792549860024e-16
1.899571876481703327e+02 2.397033607476443197e-16
1.902198571390883046e+02 2.364650027070954993e-16
1.904828898448040206e+02 2.332628849681220234e-16
1.907462862675644431e+02 2.300963107606852643e-16
1.910100469103111038e+02 2.269646061027810059e-16
1.912741722766810994e+02 2.238671192098754904e-16
1.915386628710076877e+02 2.208032199201369749e-16
1.918035191983221068e+02 2.177722991348705598e-16
1.920687417643534047e+02 2.147737682734570888e-16
1.923343310755300593e+02 2.118071355931475788e-16
1.926002876389809160e+02 2.088722344580470330e-16
1.928666119625357851e+02 2.059689739144373009e-16
1.931333045547273457e+02 2.030972563101968543e-16
1.934003659247908615e+02 2.002569774876819625e-16
1.936677965826659431e+02 1.974480269748999586e-16
1.939355970389973720e+02 1.946702881749076927e-16
1.942037678051357545e+02 1.919236385533377220e-16
1.944723093931395113e+02 1.892079498240121541e-16
1.947412223157743938e+02 1.865230881326029751e-16
1.950105070865155312e+02 1.838689142382200399e-16
1.952801642195479417e+02 1.812452836929585505e-16
1.955501942297675555e+02 1.786520470192892961e-16
1.958205976327828637e+02 1.760890498852974217e-16
1.960913749449146906e+02 1.735561332776875387e-16
1.963625266831980696e+02 1.710531336725304981e-16
1.966340533653829539e+02 1.685798832037259925e-16
1.969059555099350405e+02 1.661362098291276652e-16
1.971782336360375609e+02 1.637219374943077495e-16
1.974508882635910538e+02 1.613368862939307450e-16
1.977239199132151555e+02 1.589808726307234595e-16
1.979973291062494525e+02 1.566537093719806488e-16
1.982711163647541639e+02 1.543552060036192228e-16
1.985452822115120171e+02 1.520851687817556494e-16
1.988198271700281339e+02 1.498434008817762355e-16
1.990947517645315656e+02 1.476297025448945169e-16
1.993700565199762025e+02 1.454438712221745792e-16
1.996457419620423366e+02 1.432857017160344371e-16
1.999218086171366338e+02 1.411549863191809326e-16
2.001982570123937819e+02 1.390515149510081236e-16
2.004750876756774858e+02 1.369750752914278079e-16
2.007523011355810922e+02 1.349254529121485750e-16
2.010298979214294945e+02 1.329024314053836888e-16
2.013078785632789049e+02 1.309057925100037763e-16
2.015862435919187874e+02 1.289353162351380193e-16
2.018649935388724543e+02 1.269907809812055822e-16
2.021441289363980331e+02 1.250719636584210837e-16
2.024236503174902850e+02 1.231786398027274187e-16
2.027035582158803777e+02 1.213105836892413281e-16
2.029838531660376759e+02 1.194675684431381769e-16
2.032645357031706510e+02 1.176493661480417144e-16
2.035456063632275630e+02 1.158557479519313618e-16
2.038270656828985068e+02 1.140864841705332073e-16
2.041089141996149863e+02 1.123413443882819739e-16
2.043911524515519034e+02 1.106200975568080733e-16
2.046737809776283257e+02 1.089225120909972346e-16
2.049568003175083390e+02 1.072483559626385861e-16
2.052402110116028666e+02 1.055973967916793086e-16
2.055240136010695267e+02 1.039694019351042496e-16
2.058082086278143947e+02 1.023641385734643631e-16
2.060927966344928848e+02 1.007813737950674085e-16
2.063777781645106302e+02 9.922087467788709220e-17
2.066631537620252459e+02 9.768240836915447356e-17
2.069489239719462148e+02 9.616574216272454894e-17
2.072350893399366782e+02 9.467064357419618480e-17
2.075216504124143455e+02 9.319688041382613672e-17
2.078086077365522613e+02 9.174422085727123577e-17
2.080959618602807950e+02 9.031243351416668006e-17
2.083837133322872148e+02 8.890128749460000294e-17
2.086718627020178758e+02 8.751055247347268116e-17
2.089604105196787884e+02 8.613999875280577433e-17
2.092493573362366135e+02 8.478939732200130529e-17
2.095387037034204809e+02 8.345851991610168405e-17
2.098284501737218193e+02 8.214713907206439475e-17
2.101185973003962886e+02 8.085502818309953591e-17
2.104091456374645190e+02 7.958196155107908898e-17
2.107000957397130492e+02 7.832771443706983177e-17
2.109914481626961731e+02 7.709206310999570254e-17
2.112832034627358269e+02 7.587478489349653219e-17
2.115753621969233791e+02 7.467565821097588462e-17
2.118679249231205404e+02 7.349446262889326249e-17
2.121608921999601876e+02 7.233097889832815296e-17
2.124542645868483532e+02 7.118498899483823564e-17
2.127480426439639132e+02 7.005627615666082241e-17
2.130422269322606610e+02 6.894462492126291554e-17
2.133368180134679335e+02 6.784982116030293140e-17
2.136318164500916907e+02 6.677165211300937749e-17
2.139272228054163634e+02 6.570990641801669010e-17
2.142230376435045685e+02 6.466437414369989439e-17
2.145192615291991842e+02 6.363484681702417212e-17
2.148158950281240891e+02 6.262111745094749824e-17
2.151129387066851564e+02 6.162298057040226790e-17
2.154103931320720164e+02 6.064023223690134714e-17
2.157082588722580851e+02 5.967267007178047896e-17
2.160065364960022407e+02 5.872009327811871880e-17
2.163052265728499037e+02 5.778230266136586524e-17
2.166043296731338614e+02 5.685910064870567962e-17
2.169038463679761151e+02 5.595029130717651398e-17
2.172037772292878230e+02 5.505568036060191785e-17
2.175041228297711768e+02 5.417507520533731259e-17
2.178048837429202820e+02 5.330828492486696268e-17
2.181060605430220107e+02 5.245512030329479756e-17
2.184076538051580769e+02 5.161539383773297296e-17
2.187096641052046664e+02 5.078891974964358914e-17
2.190120920198345686e+02 4.997551399513397898e-17
2.193149381265179443e+02 4.917499427426095259e-17
2.196182030035232344e+02 4.838718003934608764e-17
2.199218872299192640e+02 4.761189250234402304e-17
2.202259913855747868e+02 4.684895464129104551e-17
2.205305160511606744e+02 4.609819120584991901e-17
2.208354618081507681e+02 4.535942872198487776e-17
2.211408292388226471e+02 4.463249549578810701e-17
2.214466189262598448e+02 4.391722161649203928e-17
2.217528314543513943e+02 4.321343895867751769e-17
2.220594674077940169e+02 4.252098118371159365e-17
2.223665273720926905e+02 4.183968374044318503e-17
2.226740119335626673e+02 4.116938386516641881e-17
2.229819216793293037e+02 4.050992058088927073e-17
2.232902571973300212e+02 3.986113469592094341e-17
2.235990190763153009e+02 3.922286880180608620e-17
2.239082079058494514e+02 3.859496727062597259e-17
2.242178242763126548e+02 3.797727625168249874e-17
2.245278687789009098e+02 3.736964366760321971e-17
2.248383420056277942e+02 3.677191920986712152e-17
2.251492445493256298e+02 3.618395433378632557e-17
2.254605770036461934e+02 3.560560225295936733e-17
2.257723399630628478e+02 3.503671793321514808e-17
2.260845340228703719e+02 3.447715808607048625e-17
2.263971597791868362e+02 3.392678116171260177e-17
2.267102178289546544e+02 3.338544734153562303e-17
2.270237087699414644e+02 3.285301853024119254e-17
2.273376332007421752e+02 3.232935834752263426e-17
2.276519917207786818e+02 3.181433211935719878e-17
2.279667849303020830e+02 3.130780686891010882e-17
2.282820134303933628e+02 3.080965130708032011e-17
2.285976778229645561e+02 3.031973582269655191e-17
2.289137787107606243e+02 2.983793247238168780e-17
2.292303166973593420e+02 2.936411497010302488e-17
2.295472923871733428e+02 2.889815867642088855e-17
2.298647063854509724e+02 2.843994058745073046e-17
2.301825592982773401e+02 2.798933932355556548e-17
2.305008517325762796e+02 2.754623511778002590e-17
2.308195842961102073e+02 2.711050980404349877e-17
2.311387575974821971e+02 2.668204680510103919e-17
2.314583722461368041e+02 2.626073112028917116e-17
2.317784288523611451e+02 2.584644931306930849e-17
2.320989280272869166e+02 2.543908949837471255e-17
2.324198703828901955e+02 2.503854132978620544e-17
2.327412565319935140e+02 2.464469598653491928e-17
2.330630870882667693e+02 2.425744616034979401e-17
2.333853626662281897e+02 2.387668604216303394e-17
2.337080838812465799e+02 2.350231130867866311e-17
2.340312513495407813e+02 2.313421910882159898e-17
2.343548656881820591e+02 2.277230805006884383e-17
2.346789275150950118e+02 2.241647818468251534e-17
2.350034374490583104e+02 2.206663099584612157e-17
2.353283961097071142e+02 2.172266938371799316e-17
2.356538041175326157e+02 2.138449765141067361e-17
2.359796620938842580e+02 2.105202149090254448e-17
2.363059706609706723e+02 2.072514796889173748e-17
2.366327304418606445e+02 2.040378551260312778e-17
2.369599420604852753e+02 2.008784389554995549e-17
2.372876061416376388e+02 1.977723422326626239e-17
2.376157233109750280e+02 1.947186891900877570e-17
2.379442941950199497e+02 1.917166170944291291e-17
2.382733194211609202e+02 1.887652761031617108e-17
2.386027996176547674e+02 1.858638291212292795e-17
2.389327354136263182e+02 1.830114516577668794e-17
2.392631274390706153e+02 1.802073316828421100e-17
2.395939763248538270e+02 1.774506694843528608e-17
2.399252827027142132e+02 1.747406775251233099e-17
2.402570472052643424e+02 1.720765803002344229e-17
2.405892704659908361e+02 1.694576141946701819e-17
2.409219531192564716e+02 1.668830273413118065e-17
2.412550958003012909e+02 1.643520794793387615e-17
2.415886991452434245e+02 1.618640418130818202e-17
2.419227637910813939e+02 1.594181945680792246e-17
2.422572903756937706e+02 1.570137155492550936e-17
2.425922795378415060e+02 1.546496385466675759e-17
2.429277319171686997e+02 1.523250122104871792e-17
2.432636481542037643e+02 1.500389124461981993e-17
2.436000288903615854e+02 1.477904415830264512e-17
2.439368747679431806e+02 1.455787275709075250e-17
2.442741864301380303e+02 1.434029232048724273e-17
2.446119645210249871e+02 1.412622053758647152e-17
2.449502096855732418e+02 1.391557743469185227e-17
2.452889225696446545e+02 1.370828530537654523e-17
2.456281038199933846e+02 1.350426864289498142e-17
2.459677540842681367e+02 1.330345407485403085e-17
2.463078740110129843e+02 1.310577030005985223e-17
2.466484642496694732e+02 1.291114802745615769e-17
2.469895254505765081e+02 1.271951991708047316e-17
2.473310582649724552e+02 1.253082052295552686e-17
2.476730633449962795e+02 1.234498623784831377e-17
2.480155413436883691e+02 1.216195523982536099e-17
2.483584929149929508e+02 1.198166744053630711e-17
2.487019187137577205e+02 1.180406443516208453e-17
2.490458193957361743e+02 1.162908945396702541e-17
2.493901956175885175e+02 1.145668731539213991e-17
2.497350480368827732e+02 1.128680438063564069e-17
2.500803773120969709e+02 1.111938850966245193e-17
2.504261841026189188e+02 1.095438901859469032e-17
2.507724690687484781e+02 1.079175663842596389e-17
2.511192328716985571e+02 1.063144347501538216e-17
2.514664761735960781e+02 1.047340297031338780e-17
2.518141996374843927e+02 1.031758986477148373e-17
2.521624039273228561e+02 1.016396016089658818e-17
2.525110897079892140e+02 1.001247108790477823e-17
2.528602576452806261e+02 9.863081067436069878e-18
2.532099084059145753e+02 9.715749680290920808e-18
2.535600426575313406e+02 9.570437634150436615e-18
2.539106610686935426e+02 9.427106732248138895e-18
2.542617643088885586e+02 9.285719842952884663e-18
2.546133530485295751e+02 9.146240870235007986e-18
2.549654279589564680e+02 9.008634724982309795e-18
2.553179897124382762e+02 8.872867297133828365e-18
2.556710389821728029e+02 8.738905428603858908e-18
2.560245764422891170e+02 8.606716886967219319e-18
2.563786027678482355e+02 8.476270339878045631e-18
2.567331186348446863e+02 8.347535330196995350e-18
2.570881247202082136e+02 8.220482251800108262e-18
2.574436217018040907e+02 8.095082326047091801e-18
2.577996102584349956e+02 7.971307578883912202e-18
2.581560910698423754e+02 7.849130818558777399e-18
2.585130648167072991e+02 7.728525613928174015e-18
2.588705321806527877e+02 7.609466273334816173e-18
2.592284938442438147e+02 7.491927824035558255e-18
2.595869504909891816e+02 7.375885992159992249e-18
2.599459028053431098e+02 7.261317183183895483e-18
2.603053514727057518e+02 7.148198462897033760e-18
2.606652971794259770e+02 7.036507538849357785e-18
2.610257406128009166e+02 6.926222742260354929e-18
2.613866824610782373e+02 6.817323010375158966e-18
2.617481234134575061e+02 6.709787869251322392e-18
2.621100641600908148e+02 6.603597416963830625e-18
2.624725053920855657e+02 6.498732307213514565e-18
2.628354478015039035e+02 6.395173733325848373e-18
2.631988920813652157e+02 6.292903412627312726e-18
2.635628389256472133e+02 6.191903571186879719e-18
2.639272890292869533e+02 6.092156928912438958e-18
2.642922430881832838e+02 5.993646684988660207e-18
2.646577017991965022e+02 5.896356503647895556e-18
2.650236658601506861e+02 5.800270500262550105e-18
2.653901359698350575e+02 5.705373227749270719e-18
2.657571128280045514e+02 5.611649663276775366e-18
2.661245971353828281e+02 5.519085195265929218e-18
2.664925895936615348e+02 5.427665610677040853e-18
2.668610909055028060e+02 5.337377082573118795e-18
2.672301017745405147e+02 5.248206157952433918e-18
2.675996229053812385e+02 5.160139745844237070e-18
2.679696550036066469e+02 5.073165105658288064e-18
2.683401987757732172e+02 4.987269835783267980e-18
2.687112549294148494e+02 4.902441862427210753e-18
2.690828241730437185e+02 4.818669428693504499e-18
2.694549072161513550e+02 4.735941083887149324e-18
2.698275047692113162e+02 4.654245673045382111e-18
2.702006175436787885e+02 4.573572326688406605e-18
2.705742462519929177e+02 4.493910450784088149e-18
2.709483916075780598e+02 4.415249716922507759e-18
2.713230543248448043e+02 4.337580052696600720e-18
2.716982351191923044e+02 4.260891632283535633e-18
2.720739347070084477e+02 4.185174867223894934e-18
2.724501538056716186e+02 4.110420397394626316e-18
2.728268931335522325e+02 4.036619082171799159e-18
2.732041534100146123e+02 3.963761991780907257e-18
2.735819353554172721e+02 3.891840398830831299e-18
2.739602396911147935e+02 3.820845770028617674e-18
2.743390671394594165e+02 3.750769758073197730e-18
2.747184184238020066e+02 3.681604193724082399e-18
2.750982942684942714e+02 3.613341078043915909e-18
2.754786953988889877e+02 3.545972574812340188e-18
2.758596225413419916e+02 3.479491003108727124e-18
2.762410764232135989e+02 3.413888830061997956e-18
2.766230577728696289e+02 3.349158663766230951e-18
2.770055673196839621e+02 3.285293246359570993e-18
2.773886057940381420e+02 3.222285447265657228e-18
2.777721739273238768e+02 3.160128256595594307e-18
2.781562724519443464e+02 3.098814778709365589e-18
2.785409021013152255e+02 3.038338225935201868e-18
2.789260636098670716e+02 2.978691912446212309e-18
2.793117577130452673e+02 2.919869248292905917e-18
2.796979851473123517e+02 2.861863733590369421e-18
2.800847466501492704e+02 2.804668952859555388e-18
2.804720429600564557e+02 2.748278569521860087e-18
2.808598748165563848e+02 2.692686320545572890e-18
2.812482429601932381e+02 2.637886011244499164e-18
2.816371481325356285e+02 2.583871510226537230e-18
2.820265910761773966e+02 2.530636744493165793e-18
2.824165725347390890e+02 2.478175694688123930e-18
2.828070932528702883e+02 2.426482390494348383e-18
2.831981539762495572e+02 2.375550906180270971e-18
2.835897554515865977e+02 2.325375356292831401e-18
2.839818984266238999e+02 2.275949891497671206e-18
2.843745836501375379e+02 2.227268694566123971e-18
2.847678118719397844e+02 2.179325976507715356e-18
2.851615838428789402e+02 2.132115972847896724e-18
2.855559003148418924e+02 2.085632940050834413e-18
2.859507620407550803e+02 2.039871152085596056e-18
2.863461697745859738e+02 1.994824897136206562e-18
2.867421242713453466e+02 1.950488474453874701e-18
2.871386262870871633e+02 1.906856191351831337e-18
2.875356765789111364e+02 1.863922360340740137e-18
2.879332759049639208e+02 1.821681296404946135e-18
2.883314250244401364e+02 1.780127314418053393e-18
2.887301246975851541e+02 1.739254726697502032e-18
2.891293756856947539e+02 1.699057840696715019e-18
2.895291787511176267e+02 1.659530956834151603e-18
2.899295346572566814e+02 1.620668366458238197e-18
2.903304441685701818e+02 1.582464349946807172e-18
2.907319080505741908e+02 1.544913174940220213e-18
2.911339270698426276e+02 1.508009094706687718e-18
2.915365019940096545e+02 1.471746346638871123e-18
2.919396335917708143e+02 1.436119150879845707e-18
2.923433226328844512e+02 1.401121709077456295e-18
2.927475698881740414e+02 1.366748203265461926e-18
2.931523761295281361e+02 1.332992794869981339e-18
2.935577421299030334e+02 1.299849623839084146e-18
2.939636686633235740e+02 1.267312807894734030e-18
2.943701565048849602e+02 1.235376441904348171e-18
2.947772064307548590e+02 1.204034597370666751e-18
2.951848192181733452e+02 1.173281322037929160e-18
2.955929956454555168e+02 1.143110639612116886e-18
2.960017364919928582e+02 1.113516549593272616e-18
2.964110425382541507e+02 1.084493027217778380e-18
2.968209145657883141e+02 1.056034023508318412e-18
2.972313533572241226e+02 1.028133465429096970e-18
2.976423596962728197e+02 1.000785256144034474e-18
2.980539343677293687e+02 9.739832753753510128e-19
2.984660781574735324e+02 9.477213798601669670e-19
2.988787918524729434e+02 9.219934039022335988e-19
2.992920762407821940e+02 8.967931600164200860e-19
2.997059321115461330e+02 8.721144396630257350e-19
3.001203602550007759e+02 8.479510140690847168e-19
3.005353614624744978e+02 8.242966351338521418e-19
3.009509365263908194e+02 8.011450364155994295e-19
3.013670862402681223e+02 7.784899341966512568e-19
3.017838113987224915e+02 7.563250286236527000e-19
3.022011127974685110e+02 7.346440049198624978e-19
3.026189912333209691e+02 7.134405346666568213e-19
3.030374475041974165e+02 6.927082771506301219e-19
3.034564824091176547e+02 6.724408807735486064e-19
3.038760967482068054e+02 6.526319845214453614e-19
3.042962913226959927e+02 6.332752194899745881e-19
3.047170669349252989e+02 6.143643983192379995e-19
3.051384243883432532e+02 5.958950260047005341e-19
3.055603644875097871e+02 5.778632919748277509e-19
3.059828880380971441e+02 5.602650661032156192e-19
3.064059958468916420e+02 5.430959102248172734e-19
3.068296887217958329e+02 5.263510995596084020e-19
3.072539674718287870e+02 5.100256436077698535e-19
3.076788329071282533e+02 4.941143064945693668e-19
3.081042858389525350e+02 4.786116267465029016e-19
3.085303270796812853e+02 4.635119364822644950e-19
3.089569574428183500e+02 4.488093800053972846e-19
3.093841777429916533e+02 4.344979317874968083e-19
3.098119887959558696e+02 4.205714138334758302e-19
3.102403914185936742e+02 4.070235124224216843e-19
3.106693864289169369e+02 3.938477942199977385e-19
3.110989746460697916e+02 3.810377217600750186e-19
3.115291568903278971e+02 3.685866682954174355e-19
3.119599339831015641e+02 3.564879320187246129e-19
3.123913067469370617e+02 3.447347496572939265e-19
3.128232760055175277e+02 3.333203094459575465e-19
3.132558425836662650e+02 3.222377634842974132e-19
3.136890073073459462e+02 3.114802394856210593e-19
3.141227710036618532e+02 3.010408519263292833e-19
3.145571345008629009e+02 2.909127126052816381e-19
3.149920986283430011e+02 2.810889406239610209e-19
3.154276642166438478e+02 2.715626717989988681e-19
3.158638320974546900e+02 2.623270675195296175e-19
3.163006031036151171e+02 2.533753230624106733e-19
3.167379780691163660e+02 2.447006753790578567e-19
3.171759578291025718e+02 2.362964103683045141e-19
3.176145432198736671e+02 2.281558696498178316e-19
3.180537350788850404e+02 2.202724568534024204e-19
3.184935342447503785e+02 2.126396434394785318e-19
3.189339415572430312e+02 2.052509740664695559e-19
3.193749578572972609e+02 1.981000715209597774e-19
3.198165839870110858e+02 1.911806412265190849e-19
3.202588207896460517e+02 1.844864753473939203e-19
3.207016691096299610e+02 1.780114565028855251e-19
3.211451297925584640e+02 1.717495611085645028e-19
3.215892036851959688e+02 1.656948623602205613e-19
3.220338916354788239e+02 1.598415328762474730e-19
3.224791944925150347e+02 1.541838470141949449e-19
3.229251131065868208e+02 1.487161828768337154e-19
3.233716483291523218e+02 1.434330240229202446e-19
3.238188010128467340e+02 1.383289608976429020e-19
3.242665720114852093e+02 1.333986919972910511e-19
3.247149621800625141e+02 1.286370247826219078e-19
3.251639723747560993e+02 1.240388763547505852e-19
3.256136034529272365e+02 1.195992739073469842e-19
3.260638562731224397e+02 1.153133549683659298e-19
3.265147316950765344e+02 1.111763674442438451e-19
3.269662305797119188e+02 1.071836694790890772e-19
3.274183537891419746e+02 1.033307291409796154e-19
3.278711021866722035e+02 9.961312394714305868e-20
3.283244766368014780e+02 9.602654023929479182e-20
3.287784780052249971e+02 9.256677242007398966e-20
3.292331071588342866e+02 8.922972206112540597e-20
3.296883649657196429e+02 8.601139689284425079e-20
3.301442522951718956e+02 8.290790968553699300e-20
3.306007700176835442e+02 7.991547703124381577e-20
3.310579190049518843e+02 7.703041803513238990e-20
3.315157001298783825e+02 7.424915292491736402e-20
3.319741142665720304e+02 7.156820158638046634e-20
3.324331622903505377e+02 6.898418203274513229e-20
3.328928450777414696e+02 6.649380881516240561e-20
3.333531635064856573e+02 6.409389138128576904e-20
3.338141184555365157e+02 6.178133238854860829e-20
3.342757108050632269e+02 5.955312597830395089e-20
3.347379414364521608e+02 5.740635601678210513e-20
3.352008112323078990e+02 5.533819430836575249e-20
3.356643210764567016e+02 5.334589878642417645e-20
3.361284718539457685e+02 5.142681168663360812e-20
3.365932644510467071e+02 4.957835770732944282e-20
3.370586997552560433e+02 4.779804216125843935e-20
3.375247786552986327e+02 4.608344912270022518e-20
3.379915020411273758e+02 4.443223957375118472e-20
3.384588708039258336e+02 4.284214955320451913e-20
3.389268858361101593e+02 4.131098831131188563e-20
3.393955480313300654e+02 3.983663647336647594e-20
3.398648582844718931e+02 3.841704421488666901e-20
3.403348174916586686e+02 3.705022945095065261e-20
3.408054265502526050e+02 3.573427604196244718e-20
3.412766863588569777e+02 3.446733201801336723e-20
3.417485978173172043e+02 3.324760782374016196e-20
3.422211618267240283e+02 3.207337458544424592e-20
3.426943792894132912e+02 3.094296240203686777e-20
3.431682511089686614e+02 2.985475866121911918e-20
3.436427781902235665e+02 2.880720638216360050e-20
3.441179614392619897e+02 2.779880258579335037e-20
3.445938017634221069e+02 2.682809669362847949e-20
3.450703000712955486e+02 2.589368895606532311e-20
3.455474572727307532e+02 2.499422891076600369e-20
3.460252742788342744e+02 2.412841387179935897e-20
3.465037520019721455e+02 2.329498745000535637e-20
3.469828913557731198e+02 2.249273810499302404e-20
3.474626932551281584e+02 2.172049772906719179e-20
3.479431586161937275e+02 2.097714026329661048e-20
3.484242883563931059e+02 2.026158034586552022e-20
3.489060833944178626e+02 1.957277199275977677e-20
3.493885446502309833e+02 1.890970731077320304e-20
3.498716730450664159e+02 1.827141524277426022e-20
3.503554695014324238e+02 1.765696034507613538e-20
3.508399349431127803e+02 1.706544159674004760e-20
3.513250702951684730e+02 1.649599124055907552e-20
3.518108764839405467e+02 1.594777365544899114e-20
3.522973544370499894e+02 1.541998425991521913e-20
3.527845050834008021e+02 1.491184844623185766e-20
3.532723293531815898e+02 1.442262054494041875e-20
3.537608281778665855e+02 1.395158281924324442e-20
3.542500024902194014e+02 1.349804448883187164e-20
3.547398532242922329e+02 1.306134078268192380e-20
3.552303813154292129e+02 1.264083202031418869e-20
3.557215877002679463e+02 1.223590272100402289e-20
3.562134733167407603e+02 1.184596074041380342e-20
3.567060391040780587e+02 1.147043643409981323e-20
3.571992860028078667e+02 1.110878184734559461e-20
3.576932149547592417e+02 1.076046993075161974e-20
3.581878269030634101e+02 1.042499378101525683e-20
3.586831227921555296e+02 1.010186590632848438e-20
3.591791035677777586e+02 9.790617515809519876e-21
3.596757701769788582e+02 9.490797832393308971e-21
3.601731235681175463e+02 9.201973428599197532e-21
3.606711646908639182e+02 8.923727584595458790e-21
3.611698944962009250e+02 8.655659667983919746e-21
3.616693139364276135e+02 8.397384534730931233e-21
3.621694239651586713e+02 8.148531950676341218e-21
3.626702255373279513e+02 7.908746033052210658e-21
3.631717196091895516e+02 7.677684711454487086e-21
3.636739071383197484e+02 7.455019207716828964e-21
3.641767890836197807e+02 7.240433534138255035e-21
3.646803664053159650e+02 7.033624009530883279e-21
3.651846400649626503e+02 6.834298792557203400e-21
3.656896110254438099e+02 6.642177431838110288e-21
3.661952802509745197e+02 6.456990432320344501e-21
3.667016487071043116e+02 6.278478837403165965e-21
3.672087173607166619e+02 6.106393826334656426e-21
3.677164871800324590e+02 5.940496326394149666e-21
3.682249591346114244e+02 5.780556639392219797e-21
3.687341341953536471e+02 5.626354082029055801e-21
3.692440133345028244e+02 5.477676639660280898e-21
3.697545975256458632e+02 5.334320633033716736e-21
3.702658877437164620e+02 5.196090397567721382e-21
3.707778849649963604e+02 5.062797974756837339e-21
3.712905901671168749e+02 4.934262815296767651e-21
3.718040043290623089e+02 4.810311493534145100e-21
3.723181284311696686e+02 4.690777432859333012e-21
3.728329634551317326e+02 4.575500641665317108e-21
3.733485103839985868e+02 4.464327459512578589e-21
3.738647702021806367e+02 4.357110313147129402e-21
3.743817438954484373e+02 4.253707482030498822e-21
3.748994324509360467e+02 4.153982873049037691e-21
3.754178368571425040e+02 4.057805804083605548e-21
3.759369581039333070e+02 3.965050796127503087e-21
3.764567971825438804e+02 3.875597373651544335e-21
3.769773550855792337e+02 3.789329872925778121e-21
3.774986328070172021e+02 3.706137258016263071e-21
3.780206313422101516e+02 3.625912944183842875e-21
3.785433516878864566e+02 3.548554628423573148e-21
3.790667948421537972e+02 3.473964126889360628e-21
3.795909618044989315e+02 3.402047218961273937e-21
3.801158535757911068e+02 3.332713497717459882e-21
3.806414711582834229e+02 3.265876226583982991e-21
3.811678155556146521e+02 3.201452201944139275e-21
3.816948877728124785e+02 3.139361621495745907e-21
3.822226888162931004e+02 3.079527958154265044e-21
3.827512196938648117e+02 3.021877839306093698e-21
3.832804814147295360e+02 2.966340928791144984e-21
3.838104749894842485e+02 2.912845907381390588e-21
3.843412014301244994e+02 2.861312889815091199e-21
3.848726617500441307e+02 2.811663605394815362e-21
3.854048569640385722e+02 2.763823517464092043e-21
3.859377880883065473e+02 2.717721625756816954e-21
3.864714561404516644e+02 2.673290280196942456e-21
3.870058621394857141e+02 2.630465005429961069e-21
3.875410071058283279e+02 2.589184335416827508e-21
3.880768920613107298e+02 2.549389657463904897e-21
3.886135180291769871e+02 2.511025065106481653e-21
3.891508860340856586e+02 2.474037219299176299e-21
3.896889971021135466e+02 2.438375217404916369e-21
3.902278522607549007e+02 2.403990469506243150e-21
3.907674525389252835e+02 2.370836581593674782e-21
3.913077989669630483e+02 2.338869245215178006e-21
3.918488925766308171e+02 2.308046133197805885e-21
3.923907344011190617e+02 2.278326801077225755e-21
3.929333254750459332e+02 2.249672593894365934e-21
3.934766668344604454e+02 2.222046558039785256e-21
3.940207595168442936e+02 2.195413357847589350e-21
3.945656045611133891e+02 2.169739196658638133e-21
3.951112030076214410e+02 2.144991742090519192e-21
3.956575558981595577e+02 2.121140055268874699e-21
3.962046642759598853e+02 2.098154523789456609e-21
3.967525291856969147e+02 2.076006798194382230e-21
3.973011516734894712e+02 2.054669731760226818e-21
3.978505327869041821e+02 2.034117323407318114e-21
3.984006735749548511e+02 2.014324663551613731e-21
3.989515750881063809e+02 1.995267882731398964e-21
3.995032383782761940e+02 1.976924102851301964e-21
4.000556644988358244e+02 1.959271390895505692e-21
4.006088545046147829e+02 1.942288714970811503e-21
4.011628094518997045e+02 1.925955902549340034e-21
4.017175303984384414e+02 1.910253600787207410e-21
4.022730184034414265e+02 1.895163238803971919e-21
4.028292745275833227e+02 1.880666991813732171e-21
4.033862998330067171e+02 1.866747747005709553e-21
4.039440953833216668e+02 1.853389071077635180e-21
4.045026622436094499e+02 1.840575179331454967e-21
4.050620014804240441e+02 1.828290906245497370e-21
4.056221141617937747e+02 1.816521677442762407e-21
4.061830013572252369e+02 1.805253482979540607e-21
4.067446641377025003e+02 1.794472851882559301e-21
4.073071035756910874e+02 1.784166827867204705e-21
4.078703207451394519e+02 1.774322946173440137e-21
4.084343167214807409e+02 1.764929211459206851e-21
4.089990925816363756e+02 1.755974076694629107e-21
4.095646494040157108e+02 1.747446423003941521e-21
4.101309882685196158e+02 1.739335540404099694e-21
4.106981102565424635e+02 1.731631109392989994e-21
4.112660164509733249e+02 1.724323183342255264e-21
4.118347079361999477e+02 1.717402171651455682e-21
4.124041857981084718e+02 1.710858823624742987e-21
4.129744511240867837e+02 1.704684213030841863e-21
4.135455050030265056e+02 1.698869723311288059e-21
4.141173485253245303e+02 1.693407033402891834e-21
4.146899827828868297e+02 1.688288104142037626e-21
4.152634088691278293e+02 1.683505165220995307e-21
4.158376278789745584e+02 1.679050702667387360e-21
4.164126409088674450e+02 1.674917446819569851e-21
4.169884490567644661e+02 1.671098360772695824e-21
4.175650534221405223e+02 1.667586629270739807e-21
4.181424551059912460e+02 1.664375648022083213e-21
4.187206552108348205e+02 1.661459013416449259e-21
4.192996548407134014e+02 1.658830512623050495e-21
4.198794551011971521e+02 1.656484114050439350e-21
4.204600570993837323e+02 1.654413958149559755e-21
4.210414619439019930e+02 1.652614348542905174e-21
4.216236707449139658e+02 1.651079743463070496e-21
4.222066846141161705e+02 1.649804747485525097e-21
4.227905046647438212e+02 1.648784103540523675e-21
4.233751320115700310e+02 1.648012685190744636e-21
4.239605677709099609e+02 1.647485489161168878e-21
4.245468130606224122e+02 1.647197628109105493e-21
4.251338690001113605e+02 1.647144323622601347e-21
4.257217367103301626e+02 1.647320899436195992e-21
4.263104173137807038e+02 1.647722774853798494e-21
4.268999119345177178e+02 1.648345458368716486e-21
4.274902216981499805e+02 1.649184541471819043e-21
4.280813477318425839e+02 1.650235692639256602e-21
4.286732911643203465e+02 1.651494651491238630e-21
4.292660531258676997e+02 1.652957223114844484e-21
4.298596347483323257e+02 1.654619272543403150e-21
4.304540371651271471e+02 1.656476719385574542e-21
4.310492615112316912e+02 1.658525532598647596e-21
4.316453089231965237e+02 1.660761725399400169e-21
4.322421805391422254e+02 1.663181350307979188e-21
4.328398774987637694e+02 1.665780494319123522e-21
4.334384009433320557e+02 1.668555274196649372e-21
4.340377520156955029e+02 1.671501831886821027e-21
4.346379318602844251e+02 1.674616330046699823e-21
4.352389416231101222e+02 1.677894947683955733e-21
4.358407824517690869e+02 1.681333875905242729e-21
4.364434554954447094e+02 1.684929313769754177e-21
4.370469619049089260e+02 1.688677464246125251e-21
4.376513028325263690e+02 1.692574530269679684e-21
4.382564794322536841e+02 1.696616710898760911e-21
4.388624928596437940e+02 1.700800197568171086e-21
4.394693442718474330e+02 1.705121170438209006e-21
4.400770348276148525e+02 1.709575794838617075e-21
4.406855656873001976e+02 1.714160217806278927e-21
4.412949380128604844e+02 1.718870564716127733e-21
4.419051529678602037e+02 1.723702936005043819e-21
4.425162117174726291e+02 1.728653403988624619e-21
4.431281154284817489e+02 1.733718009770799490e-21
4.437408652692864734e+02 1.738892760246999591e-21
4.443544624098997815e+02 1.744173625200988139e-21
4.449689080219532116e+02 1.749556534496742454e-21
4.455842032786981690e+02 1.755037375365879430e-21
4.462003493550081998e+02 1.760611989792106510e-21
4.468173474273826287e+02 1.766276171994193740e-21
4.474351986739462745e+02 1.772025666008721421e-21
4.480539042744536573e+02 1.777856163374785435e-21
4.486734654102904756e+02 1.783763300922371389e-21
4.492938832644755962e+02 1.789742658666569898e-21
4.499151590216652039e+02 1.795789757810003930e-21
4.505372938681521191e+02 1.801900058855737568e-21
4.511602889918701180e+02 1.808068959833544188e-21
4.517841455823955812e+02 1.814291794641893299e-21
4.524088648309492555e+02 1.820563831508857930e-21
4.530344479304006313e+02 1.826880271574691125e-21
4.536608960752672033e+02 1.833236247599180132e-21
4.542882104617187338e+02 1.839626822797269032e-21
4.549163922875789581e+02 1.846046989805675448e-21
4.555454427523275172e+02 1.852491669784568737e-21
4.561753630571041640e+02 1.858955711657110528e-21
4.568061544047079678e+02 1.865433891490886655e-21
4.574378179996018048e+02 1.871920912024491377e-21
4.580703550479140631e+02 1.878411402342957029e-21
4.587037667574404054e+02 1.884899917705902016e-21
4.593380543376481455e+02 1.891380939531564394e-21
4.599732189996754528e+02 1.897848875540976169e-21
4.606092619563358426e+02 1.904298060065390984e-21
4.612461844221193132e+02 1.910722754521283522e-21
4.618839876131967799e+02 1.917117148055732019e-21
4.625226727474193353e+02 1.923475358366470953e-21
4.631622410443225704e+02 1.929791432699645386e-21
4.638026937251285062e+02 1.936059349028966085e-21
4.644440320127473001e+02 1.942273017419545907e-21
4.650862571317816219e+02 1.948426281579548950e-21
4.657293703085259722e+02 1.954512920602911907e-21
4.663733727709711161e+02 1.960526650906018581e-21
4.670182657488058453e+02 1.966461128361082966e-21
4.676640504734188539e+02 1.972309950629210991e-21
4.683107281779029449e+02 1.978066659695048464e-21
4.689583000970547459e+02 1.983724744605864219e-21
4.696067674673786883e+02 1.989277644416515544e-21
4.702561315270890532e+02 1.994718751342617178e-21
4.709063935161118479e+02 2.000041414122952810e-21
4.715575546760890120e+02 2.005238941592772146e-21
4.722096162503780192e+02 2.010304606468510697e-21
4.728625794840561412e+02 2.015231649344997576e-21
4.735164456239222091e+02 2.020013282905130967e-21
4.741712159184987740e+02 2.024642696341985944e-21
4.748268916180360861e+02 2.029113059993148091e-21
4.754834739745119236e+02 2.033417530186216703e-21
4.761409642416357428e+02 2.037549254294370131e-21
4.767993636748505537e+02 2.041501376000450672e-21
4.774586735313349095e+02 2.045267040767255609e-21
4.781188950700071700e+02 2.048839401511829378e-21
4.787800295515252174e+02 2.052211624480403395e-21
4.794420782382903781e+02 2.055376895321015677e-21
4.801050423944498675e+02 2.058328425349121425e-21
4.807689232858982677e+02 2.061059458002540953e-21
4.814337221802821887e+02 2.063563275480117262e-21
4.820994403469995859e+02 2.065833205558820047e-21
4.827660790572041947e+02 2.067862767721123862e-21
4.834336395838076328e+02 2.069649450652429491e-21
4.841021232014809357e+02 2.071195172069635077e-21
4.847715311866594448e+02 2.072502169504796015e-21
4.854418648175418980e+02 2.073572770685502541e-21
4.861131253740950910e+02 2.074409390608134267e-21
4.867853141380556394e+02 2.075014528591780570e-21
4.874584323929321386e+02 2.075390765315550961e-21
4.881324814240094270e+02 2.075540759843895413e-21
4.888074625183481317e+02 2.075467246642762978e-21
4.894833769647891017e+02 2.075173032590713490e-21
4.901602260539553413e+02 2.074660993987884791e-21
4.908380110782540555e+02 2.073934073566673734e-21
4.915167333318810279e+02 2.072995277506817483e-21
4.921963941108201652e+02 2.071847672458584410e-21
4.928769947128478748e+02 2.070494382576986798e-21
4.935585364375352810e+02 2.068938586569614616e-21
4.942410205862497605e+02 2.067183514761730057e-21
4.949244484621600009e+02 2.065232446180706397e-21
4.956088213702348639e+02 2.063088705663050625e-21
4.962941406172485017e+02 2.060755660986061817e-21
4.969804075117818343e+02 2.058236720027435044e-21
4.976676233642249372e+02 2.055535327954142430e-21
4.983557894867811910e+02 2.052654964443949314e-21
4.990449071934670542e+02 2.049599140941049095e-21
4.997349778001166101e+02 2.046371397948132749e-21
5.004260026243832158e+02 2.042975302357014575e-21
5.011179829857418895e+02 2.039414444819546349e-21
5.018109202054937441e+02 2.035692437160582217e-21
5.025048156067653053e+02 2.031812909834834088e-21
5.031996705145134001e+02 2.027779509429115790e-21
5.038954862555268051e+02 2.023595896211435466e-21
5.045922641584285202e+02 2.019265741728364115e-21
5.052900055536803166e+02 2.014792726451953194e-21
5.059887117735820539e+02 2.010180537477619773e-21
5.066883841522765124e+02 2.005432866273405121e-21
5.073890240257512119e+02 2.000553406482622175e-21
5.080906327318405715e+02 1.995545851779976907e-21
5.087932116102305145e+02 1.990413893782368796e-21
5.094967620024578991e+02 1.985161220014927498e-21
5.102012852519150670e+02 1.979791511933273883e-21
5.109067827038521159e+02 1.974308443001971204e-21
5.116132557053787195e+02 1.968715676830312934e-21
5.123207056054689019e+02 1.963016865365303568e-21
5.130291337549605259e+02 1.957215647142467739e-21
5.137385415065597272e+02 1.951315645594708436e-21
5.144489302148427896e+02 1.945320467419055214e-21
5.151603012362605796e+02 1.939233701002006196e-21
5.158726559291380909e+02 1.933058914902797676e-21
5.165859956536788786e+02 1.926799656395185888e-21
5.173003217719679014e+02 1.920459450067138327e-21
5.180156356479724309e+02 1.914041796478606526e-21
5.187319386475479632e+02 1.907550170876959368e-21
5.194492321384365141e+02 1.900988021969894508e-21
5.201675174902725303e+02 1.894358770755475047e-21
5.208867960745837991e+02 1.887665809408761469e-21
5.216070692647945179e+02 1.880912500224943670e-21
5.223283384362293873e+02 1.874102174617891610e-21
5.230506049661133829e+02 1.867238132174346924e-21
5.237738702335765311e+02 1.860323639762529186e-21
5.244981356196554998e+02 1.853361930694883012e-21
5.252234025072965551e+02 1.846356203944081247e-21
5.259496722813596534e+02 1.839309623411998392e-21
5.266769463286181008e+02 1.832225317250351597e-21
5.274052260377634411e+02 1.825106377232838475e-21
5.281345127994073891e+02 1.817955858177451409e-21
5.288648080060839902e+02 1.810776777418648984e-21
5.295961130522546227e+02 1.803572114328213212e-21
5.303284293343072022e+02 1.796344809883903661e-21
5.310617582505610699e+02 1.789097766285472166e-21
5.317961012012692663e+02 1.781833846616637299e-21
5.325314595886202369e+02 1.774555874552297875e-21
5.332678348167434024e+02 1.767266634110077457e-21
5.340052282917077946e+02 1.759968869445525031e-21
5.347436414215273999e+02 1.752665284689307344e-21
5.354830756161633190e+02 1.745358543826285704e-21
5.362235322875254724e+02 1.738051270614872560e-21
5.369650128494780574e+02 1.730746048546169429e-21
5.377075187178386386e+02 1.723445420841463945e-21
5.384510513103830363e+02 1.716151890487594749e-21
5.391956120468474865e+02 1.708867920308810487e-21
5.399412023489311423e+02 1.701595933074318332e-21
5.406878236403002802e+02 1.694338311640744119e-21
5.414354773465885273e+02 1.687097399128124534e-21
5.421841648954011816e+02 1.679875499128857729e-21
5.429338877163177131e+02 1.672674875948492147e-21
5.436846472408939235e+02 1.665497754877413356e-21
5.444364449026664943e+02 1.658346322492575210e-21
5.451892821371529863e+02 1.651222726988243519e-21
5.459431603818563872e+02 1.644129078535080612e-21
5.466980810762676128e+02 1.637067449666219431e-21
5.474540456618672124e+02 1.630039875690082293e-21
5.482110555821311664e+02 1.623048355128425002e-21
5.489691122825291814e+02 1.616094850179409402e-21
5.497282172105307154e+02 1.609181287204189011e-21
5.504883718156067971e+02 1.602309557236729012e-21
5.512495775492317307e+02 1.595481516515988465e-21
5.520118358648891217e+02 1.588698987039223055e-21
5.527751482180703988e+02 1.581963757136395955e-21
5.535395160662803846e+02 1.575277582064338121e-21
5.543049408690392283e+02 1.568642184620231460e-21
5.550714240878845658e+02 1.562059255773666124e-21
5.558389671863769763e+02 1.555530455316593151e-21
5.566075716300990734e+02 1.549057412530486539e-21
5.573772388866603933e+02 1.542641726870280273e-21
5.581479704257001231e+02 1.536284968664121871e-21
5.589197677188889202e+02 1.529988679828717119e-21
5.596926322399342553e+02 1.523754374599448987e-21
5.604665654645796167e+02 1.517583540274982390e-21
5.612415688706096262e+02 1.511477637975693523e-21
5.620176439378527675e+02 1.505438103415281843e-21
5.627947921481826370e+02 1.499466347685680373e-21
5.635730149855239688e+02 1.493563758054047078e-21
5.643523139358519529e+02 1.487731698772246198e-21
5.651326904871966690e+02 1.481971511897679967e-21
5.659141461296460420e+02 1.476284518125825246e-21
5.666966823553478889e+02 1.470672017633571349e-21
5.674803006585152616e+02 1.465135290933480568e-21
5.682650025354251966e+02 1.459675599738504005e-21
5.690507894844247403e+02 1.454294187836905029e-21
5.698376630059320860e+02 1.448992281977291983e-21
5.706256246024418033e+02 1.443771092763557957e-21
5.714146757785247246e+02 1.438631815559397922e-21
5.722048180408322651e+02 1.433575631402596762e-21
5.729960528980996060e+02 1.428603707928702460e-21
5.737883818611473998e+02 1.423717200304185604e-21
5.745818064428872276e+02 1.418917252168896786e-21
5.753763281583210301e+02 1.414204996588096462e-21
5.761719485245459964e+02 1.409581557013746210e-21
5.769686690607574064e+02 1.405048048255357791e-21
5.777664912882505632e+02 1.400605577460274564e-21
5.785654167304262501e+02 1.396255245103781346e-21
5.793654469127898210e+02 1.391998145988870638e-21
5.801665833629567715e+02 1.387835370256125992e-21
5.809688276106550120e+02 1.383768004403634516e-21
5.817721811877270284e+02 1.379797132317554995e-21
5.825766456281353385e+02 1.375923836313128352e-21
5.833822224679619239e+02 1.372149198186957998e-21
5.841889132454132323e+02 1.368474300280405470e-21
5.849967195008227918e+02 1.364900226554928711e-21
5.858056427766535990e+02 1.361428063679272910e-21
5.866156846175032342e+02 1.358058902129529149e-21
5.874268465701031801e+02 1.354793837302022865e-21
5.882391301833246189e+02 1.351633970639824316e-21
5.890525370081801384e+02 1.348580410773365919e-21
5.898670685978268011e+02 1.345634274675806876e-21
5.906827265075709192e+02 1.342796688833543613e-21
5.914995122948677135e+02 1.340068790432950132e-21
5.923174275193266567e+02 1.337451728563536167e-21
5.931364737427137470e+02 1.334946665438785144e-21
5.939566525289538959e+02 1.332554777635038715e-21
5.947779654441366119e+02 1.330277257349468678e-21
5.956004140565150919e+02 1.328115313678076694e-21
5.964239999365115636e+02 1.326070173914330229e-21
5.972487246567199008e+02 1.324143084869863935e-21
5.980745897919078971e+02 1.322335314217741308e-21
5.989015969190227224e+02 1.320648151859872845e-21
5.997297476171903554e+02 1.319082911319164163e-21
6.005590434677209259e+02 1.317640931158140194e-21
6.013894860541112166e+02 1.316323576424674595e-21
6.022210769620468227e+02 1.315132240126533996e-21
6.030538177794082912e+02 1.314068344736048008e-21
6.038877100962694158e+02 1.313133343725926639e-21
6.047227555049039438e+02 1.312328723138169464e-21
6.055589555997869411e+02 1.311656003187200878e-21
6.063963119775977475e+02 1.311116739899213573e-21
6.072348262372256613e+02 1.310712526788864527e-21
6.080744999797688024e+02 1.310444707134885388e-21
6.089153348085400239e+02 1.310312696225792150e-21
6.097573323290689586e+02 1.310315131685579910e-21
6.106004941491050886e+02 1.310450690081192732e-21
6.114448218786227471e+02 1.310718088277732457e-21
6.122903171298204370e+02 1.311116082120269876e-21
6.131369815171269693e+02 1.311643465147962803e-21
6.139848166572033961e+02 1.312299067338892364e-21
6.148338241689455117e+02 1.313081753884508759e-21
6.156840056734897644e+02 1.313990423992382555e-21
6.165353627942123467e+02 1.315024009715924454e-21
6.173878971567348799e+02 1.316181474810068433e-21
6.182416103889266878e+02 1.317461813611791114e-21
6.190965041209077526e+02 1.318864049944206842e-21
6.199525799850537169e+02 1.320387236043417518e-21
6.208098396159958838e+02 1.322030451506962178e-21
6.216682846506262194e+02 1.323792802262909206e-21
6.225279167281004220e+02 1.325673419558725808e-21
6.233887374898399685e+02 1.327671458968942982e-21
6.242507485795379125e+02 1.329786099420721298e-21
6.251139516431586571e+02 1.332016542236631176e-21
6.259783483289427295e+02 1.334362010193525211e-21
6.268439402874101916e+02 1.336821746597144263e-21
6.277107291713626864e+02 1.339395014371271080e-21
6.285787166358891227e+02 1.342081095160936251e-21
6.294479043383653334e+02 1.344879288449010133e-21
6.303182939384591918e+02 1.347788910685276637e-21
6.311898870981334539e+02 1.350809294427567780e-21
6.320626854816504192e+02 1.353939787494214392e-21
6.329366907555721582e+02 1.357179752127159397e-21
6.338119045887655147e+02 1.360528564165288502e-21
6.346883286524054029e+02 1.363985612227221443e-21
6.355659646199765120e+02 1.367550296903208892e-21
6.364448141672800148e+02 1.371222029955509486e-21
6.373248789724320886e+02 1.375000233526757756e-21
6.382061607158701690e+02 1.378884339355766838e-21
6.390886610803552230e+02 1.382873788000545507e-21
6.399723817509747050e+02 1.386968028067694872e-21
6.408573244151477866e+02 1.391166515448195041e-21
6.417434907626254699e+02 1.395468712558779435e-21
6.426308824854955901e+02 1.399874087588755313e-21
6.435195012781857713e+02 1.404382113751827945e-21
6.444093488374663821e+02 1.408992268542552291e-21
6.453004268624556516e+02 1.413704032996990870e-21
6.461927370546194425e+02 1.418516890957562232e-21
6.470862811177770482e+02 1.423430328341265255e-21
6.479810607581039221e+02 1.428443832411554996e-21
6.488770776841339512e+02 1.433556891053054966e-21
6.497743336067654809e+02 1.438768992049378730e-21
6.506728302392608612e+02 1.444079622363301363e-21
6.515725692972521301e+02 1.449488267419417127e-21
6.524735524987435156e+02 1.454994410388926388e-21
6.533757815641143907e+02 1.460597531476439122e-21
6.542792582161248447e+02 1.466297107208392700e-21
6.551839841799154556e+02 1.472092609723225769e-21
6.560899611830127469e+02 1.477983506062889750e-21
6.569971909553320302e+02 1.483969257465784660e-21
6.579056752291800194e+02 1.490049318660780341e-21
6.588154157392611978e+02 1.496223137162373119e-21
6.597264142226762260e+02 1.502490152566795458e-21
6.606386724189287634e+02 1.508849795849135607e-21
6.615521920699278553e+02 1.515301488661142598e-21
6.624669749199905482e+02 1.521844642629907696e-21
6.633830227158476873e+02 1.528478658657470075e-21
6.643003372066436896e+02 1.535202926220788109e-21
6.652189201439422277e+02 1.542016822672903846e-21
6.661387732817291862e+02 1.548919712544579368e-21
6.670598983764147079e+02 1.555910946846699765e-21
6.679822971868402419e+02 1.562989862373726524e-21
6.689059714742770666e+02 1.570155781007857914e-21
6.698309230024323142e+02 1.577408009024124876e-21
6.707571535374524956e+02 1.584745836396710550e-21
6.716846648479252053e+02 1.592168536106217349e-21
6.726134587048859430e+02 1.599675363448338233e-21
6.735435368818167490e+02 1.607265555343873685e-21
6.744749011546530255e+02 1.614938329650337391e-21
6.754075533017858106e+02 1.622692884475166804e-21
6.763414951040645064e+02 1.630528397491086644e-21
6.772767283448032458e+02 1.638444025253250311e-21
6.782132548097798690e+02 1.646438902518924131e-21
6.791510762872424039e+02 1.654512141569714425e-21
6.800901945679115670e+02 1.662662831536372398e-21
6.810306114449834922e+02 1.670890037726857865e-21
6.819723287141360970e+02 1.679192800957742706e-21
6.829153481735280593e+02 1.687570136888953285e-21
6.838596716238056388e+02 1.696021035362842827e-21
6.848053008681046094e+02 1.704544459747226809e-21
6.857522377120533292e+02 1.713139346283076693e-21
6.867004839637795612e+02 1.721804603437316814e-21
6.876500414339085410e+02 1.730539111260773125e-21
6.886009119355704797e+02 1.739341720751892962e-21
6.895530972844023836e+02 1.748211253226700013e-21
6.905065992985512366e+02 1.757146499695150734e-21
6.914614197986805948e+02 1.766146220244676910e-21
6.924175606079689942e+02 1.775209143430903038e-21
6.933750235521169998e+02 1.784333965676574881e-21
6.943338104593495927e+02 1.793519350678733781e-21
6.952939231604193537e+02 1.802763928824857076e-21
6.962553634886121472e+02 1.812066296618391942e-21
6.972181332797470077e+02 1.821425016114269090e-21
6.981822343721821653e+02 1.830838614365036535e-21
6.991476686068177742e+02 1.840305582877856057e-21
7.001144378270989819e+02 1.849824377083368970e-21
7.010825438790221824e+02 1.859393415816765200e-21
7.020519886111341066e+02 1.869011080811628208e-21
7.030227738745383022e+02 1.878675716207334025e-21
7.039949015228976350e+02 1.888385628070652504e-21
7.049683734124399734e+02 1.898139083931957440e-21
7.059431914019577334e+02 1.907934312337007748e-21
7.069193573528146999e+02 1.917769502414859444e-21
7.078968731289483003e+02 1.927642803462398538e-21
7.088757405968727880e+02 1.937552324546648542e-21
7.098559616256852678e+02 1.947496134125098585e-21
7.108375380870654681e+02 1.957472259685057229e-21
7.118204718552821078e+02 1.967478687402672593e-21
7.128047648071953972e+02 1.977513361822361312e-21
7.137904188222599942e+02 1.987574185557487806e-21
7.147774357825319385e+02 1.997659019012845669e-21
7.157658175726674017e+02 2.007765680129972623e-21
7.167555660799291672e+02 2.017891944155952405e-21
7.177466831941901546e+02 2.028035543436400248e-21
7.187391708079353521e+02 2.038194167233635902e-21
7.197330308162689789e+02 2.048365461570622003e-21
7.207282651169139172e+02 2.058547029101629598e-21
7.217248756102173957e+02 2.068736429010345167e-21
7.227228641991547420e+02 2.078931176936322666e-21
7.237222327893318834e+02 2.089128744930406907e-21
7.247229832889920544e+02 2.099326561440255221e-21
7.257251176090146600e+02 2.109522011326297103e-21
7.267286376629225515e+02 2.119712435909540156e-21
7.277335453668844139e+02 2.129895133051446906e-21
7.287398426397177218e+02 2.140067357267061368e-21
7.297475314028956745e+02 2.150226319872174172e-21
7.307566135805462864e+02 2.160369189164964835e-21
7.317670910994585256e+02 2.170493090643482513e-21
7.327789658890861801e+02 2.180595107259248093e-21
7.337922398815501310e+02 2.190672279707886047e-21
7.348069150116451738e+02 2.200721606757823874e-21
7.358229932168391088e+02 2.210740045617468392e-21
7.368404764372800173e+02 2.220724512341575443e-21
7.378593666157983080e+02 2.230671882277996058e-21
7.388796656979103545e+02 2.240578990554880305e-21
7.399013756318252035e+02 2.250442632609582419e-21
7.409244983684432100e+02 2.260259564759623416e-21
7.419490358613634271e+02 2.270026504816286362e-21
7.429749900668862210e+02 2.279740132741920459e-21
7.440023629440163404e+02 2.289397091351105183e-21
7.450311564544697376e+02 2.298993987056449355e-21
7.460613725626726591e+02 2.308527390659532572e-21
7.470930132357684670e+02 2.317993838187704091e-21
7.481260804436207081e+02 2.327389831776930623e-21
7.491605761588159567e+02 2.336711840601392304e-21
7.501965023566709760e+02 2.345956301850252305e-21
7.512338610152313549e+02 2.355119621751820482e-21
7.522726541152788968e+02 2.364198176645851357e-21
7.533128836403342348e+02 2.373188314103698458e-21
7.543545515766602421e+02 2.382086354097353788e-21
7.553976599132683987e+02 2.390888590217221986e-21
7.564422106419183365e+02 2.399591290938535497e-21
7.574882057571246605e+02 2.408190700937342501e-21
7.585356472561600185e+02 2.416683042455619226e-21
7.595845371390579430e+02 2.425064516715636032e-21
7.606348774086199001e+02 2.433331305383793571e-21
7.616866700704147206e+02 2.441479572083838356e-21
7.627399171327849672e+02 2.449505463959313301e-21
7.637946206068503443e+02 2.457405113285103674e-21
7.648507825065109955e+02 2.465174641388650030e-21
7.659084048484539835e+02 2.472810687047981292e-21
7.669674896521524943e+02 2.480311094077124784e-21
7.680280389398732268e+02 2.487673886722434912e-21
7.690900547366793489e+02 2.494897104572204456e-21
7.701535390704331121e+02 2.501978803309972887e-21
7.712184939718034684e+02 2.508917055469659800e-21
7.722849214742649337e+02 2.515709951192132639e-21
7.733528236141046364e+02 2.522355598982498148e-21
7.744222024304255001e+02 2.528852126468340238e-21
7.754930599651492003e+02 2.535197681158062052e-21
7.765653982630234395e+02 2.541390431199266768e-21
7.776392193716209249e+02 2.547428566136497060e-21
7.787145253413464161e+02 2.553310297668331323e-21
7.797913182254392268e+02 2.559033860403055011e-21
7.808696000799802732e+02 2.564597512612995489e-21
7.819493729638912782e+02 2.569999536986562317e-21
7.830306389389414790e+02 2.575238241378051271e-21
7.841134000697514921e+02 2.580311959554581294e-21
7.851976584237957013e+02 2.585219051939973271e-21
7.862834160714099880e+02 2.589957906354795386e-21
7.873706750857907082e+02 2.594526938752569023e-21
7.884594375430015134e+02 2.598924593951559705e-21
7.895497055219769891e+02 2.603149346361562870e-21
7.906414811045256101e+02 2.607199700705567122e-21
7.917347663753371307e+02 2.611074192735937239e-21
7.928295634219811063e+02 2.614771389943951588e-21
7.939258743349149654e+02 2.618289892263390603e-21
7.950237012074867380e+02 2.621628332767163325e-21
7.961230461359380115e+02 2.624785378355986471e-21
7.972239112194117752e+02 2.627759730440130910e-21
7.983262985599510557e+02 2.630550125612306226e-21
7.994302102625064208e+02 2.633155336312356317e-21
8.005356484349391621e+02 2.635574171482600695e-21
8.016426151880243651e+02 2.637805477213998650e-21
8.027511126354584121e+02 2.639848137382207177e-21
8.038611428938578456e+02 2.641701074273498051e-21
8.049727080827672125e+02 2.643363249199877654e-21
8.060858103246614519e+02 2.644833663103121430e-21
8.072004517449501009e+02 2.646111357147165106e-21
8.083166344719835479e+02 2.647195413298757149e-21
8.094343606370533735e+02 2.648084954895479828e-21
8.105536323743987168e+02 2.648779147201220136e-21
8.116744518212100274e+02 2.649277197948354056e-21
8.127968211176321347e+02 2.649578357866451940e-21
8.139207424067717511e+02 2.649681921196982540e-21
8.150462178346965629e+02 2.649587226193607538e-21
8.161732495504426197e+02 2.649293655607947347e-21
8.173018397060176312e+02 2.648800637160004545e-21
8.184319904564041508e+02 2.648107643993217866e-21
8.195637039595673059e+02 2.647214195113768695e-21
8.206969823764534340e+02 2.646119855813510400e-21
8.218318278709980405e+02 2.644824238076414780e-21
8.229682426101288684e+02 2.643327000968168880e-21
8.241062287637690815e+02 2.641627851008409486e-21
8.252457885048451089e+02 2.639726542525415466e-21
8.263869240092851669e+02 2.637622877993025144e-21
8.275296374560276718e+02 2.635316708349090696e-21
8.286739310270236274e+02 2.632807933295601980e-21
8.298198069072403769e+02 2.630096501579888489e-21
8.309672672846694468e+02 2.627182411256716591e-21
8.321163143503250694e+02 2.624065709930946175e-21
8.332669502982520271e+02 2.620746494980693269e-21
8.344191773255291764e+02 2.617224913760148516e-21
8.355729976322722905e+02 2.613501163782686470e-21
8.367284134216424718e+02 2.609575492883335469e-21
8.378854268998441057e+02 2.605448199360252605e-21
8.390440402761337282e+02 2.601119632096073491e-21
8.402042557628225268e+02 2.596590190657337264e-21
8.413660755752798650e+02 2.591860325373302261e-21
8.425295019319413541e+02 2.586930537392775240e-21
8.436945370543073750e+02 2.581801378719636143e-21
8.448611831669512640e+02 2.576473452226447120e-21
8.460294424975221546e+02 2.570947411645878756e-21
8.471993172767488431e+02 2.565223961540520740e-21
8.483708097384475195e+02 2.559303857250070014e-21
8.495439221195201753e+02 2.553187904816246205e-21
8.507186566599633579e+02 2.546876960885428724e-21
8.518950156028707852e+02 2.540371932588804110e-21
8.530730011944368698e+02 2.533673777399678326e-21
8.542526156839647911e+02 2.526783502968414400e-21
8.554338613238655853e+02 2.519702166934545171e-21
8.566167403696655356e+02 2.512430876716348143e-21
8.578012550800096960e+02 2.504970789277486716e-21
8.589874077166658708e+02 2.497323110871062380e-21
8.601752005445316627e+02 2.489489096760981921e-21
8.613646358316340184e+02 2.481470050920589638e-21
8.625557158491369592e+02 2.473267325708752634e-21
8.637484428713443094e+02 2.464882321523302134e-21
8.649428191757070863e+02 2.456316486431957221e-21
8.661388470428231585e+02 2.447571315781011988e-21
8.673365287564446362e+02 2.438648351781505099e-21
8.685358666034817361e+02 2.429549183073443531e-21
8.697368628740059648e+02 2.420275444267753243e-21
8.709395198612583044e+02 2.410828815466434482e-21
8.721438398616479617e+02 2.401211021761108676e-21
8.733498251747606673e+02 2.391423832709667671e-21
8.745574781033616318e+02 2.381469061792090177e-21
8.757668009533997520e+02 2.371348565844496730e-21
8.769777960340150003e+02 2.361064244472784142e-21
8.781904656575379704e+02 2.350618039445268447e-21
8.794048121394973805e+02 2.340011934065020193e-21
8.806208377986238247e+02 2.329247952522070384e-21
8.818385449568532977e+02 2.318328159225505500e-21
8.830579359393352661e+02 2.307254658116223843e-21
8.842790130744318731e+02 2.296029591960358861e-21
8.855017786937254414e+02 2.284655141623498093e-21
8.867262351320224525e+02 2.273133525326791597e-21
8.879523847273572983e+02 2.261466997884104643e-21
8.891802298209995570e+02 2.249657849921988248e-21
8.904097727574541068e+02 2.237708407081583587e-21
8.916410158844682883e+02 2.225621029203610948e-21
8.928739615530361107e+02 2.213398109496703905e-21
8.941086121174013215e+02 2.201042073689245192e-21
8.953449699350660467e+02 2.188555379165412585e-21
8.965830373667895401e+02 2.175940514085862864e-21
8.978228167765962553e+02 2.163199996493272011e-21
8.990643105317797108e+02 2.150336373403486622e-21
9.003075210029059008e+02 2.137352219882526486e-21
9.015524505638217079e+02 2.124250138110048118e-21
9.027991015916534252e+02 2.111032756429885741e-21
9.040474764668156240e+02 2.097702728387682530e-21
9.052975775730144505e+02 2.084262731756965891e-21
9.065494072972510367e+02 2.070715467553269190e-21
9.078029680298302537e+02 2.057063659037534477e-21
9.090582621643594621e+02 2.043310050708969614e-21
9.103152920977563554e+02 2.029457407288100088e-21
9.115740602302537354e+02 2.015508512690399194e-21
9.128345689654020134e+02 2.001466168991275974e-21
9.140968207100779637e+02 1.987333195382772637e-21
9.153608178744839279e+02 1.973112427122792984e-21
9.166265628721560006e+02 1.958806714477140558e-21
9.178940581199674398e+02 1.944418921655337033e-21
9.191633060381328733e+02 1.929951925740653393e-21
9.204343090502161431e+02 1.915408615614514931e-21
9.217070695831296234e+02 1.900791890876912560e-21
9.229815900671425197e+02 1.886104660762316410e-21
9.242578729358845067e+02 1.871349843052571884e-21
9.255359206263497072e+02 1.856530362986794714e-21
9.268157355789045369e+02 1.841649152169250203e-21
9.280973202372873629e+02 1.826709147475729696e-21
9.293806770486166897e+02 1.811713289959012623e-21
9.306658084633946828e+02 1.796664523754081403e-21
9.319527169355110345e+02 1.781565794983700467e-21
9.332414049222518315e+02 1.766420050665043256e-21
9.345318748842977357e+02 1.751230237617871259e-21
9.358241292857331928e+02 1.735999301375006846e-21
9.371181705940499569e+02 1.720730185095731500e-21
9.384140012801508419e+02 1.705425828482539745e-21
9.397116238183580208e+02 1.690089166702236953e-21
9.410110406864126844e+02 1.674723129311532243e-21
9.423122543654826586e+02 1.659330639188266602e-21
9.436152673401670654e+02 1.643914611468224515e-21
9.449200820984996199e+02 1.628477952489003631e-21
9.462267011319570429e+02 1.613023558740578741e-21
9.475351269354589476e+02 1.597554315823973268e-21
9.488453620073752290e+02 1.582073097418191011e-21
9.501574088495307251e+02 1.566582764256023341e-21
9.514712699672089684e+02 1.551086163109460278e-21
9.527869478691604854e+02 1.535586125785167183e-21
9.541044450676017732e+02 1.520085468130636451e-21
9.554237640782245080e+02 1.504586989051555290e-21
9.567449074201988424e+02 1.489093469540930899e-21
9.580678776161773840e+02 1.473607671720449619e-21
9.593926771923038359e+02 1.458132337894757688e-21
9.607193086782125420e+02 1.442670189619011161e-21
9.620477746070361036e+02 1.427223926780360043e-21
9.633780775154095863e+02 1.411796262336393392e-21
9.647102199434780232e+02 1.396390507095332939e-21
9.660442044348963009e+02 1.381010446141640457e-21
9.673800335368376864e+02 1.365659803904638980e-21
9.687177097999972375e+02 1.350342225977623728e-21
9.700572357785965778e+02 1.335061278628884100e-21
9.713986140303918546e+02 1.319820448380709120e-21
9.727418471166731706e+02 1.304623141655248231e-21
9.740869376022733377e+02 1.289472684485754772e-21
9.754338880555718561e+02 1.274372322292048879e-21
9.767827010484987795e+02 1.259325219718918045e-21
9.781333791565431284e+02 1.244334460535655421e-21
9.794859249587530030e+02 1.229403047595947627e-21
9.808403410377430873e+02 1.214533902856156224e-21
9.821966299796996509e+02 1.199729867450751166e-21
9.835547943743839596e+02 1.184993701823385374e-21
9.849148368151413706e+02 1.170328085912078356e-21
9.862767598989003091e+02 1.155735619387128555e-21
9.876405662261812495e+02 1.141218821939965974e-21
9.890062584011003537e+02 1.126780133621711479e-21
9.903738390313741320e+02 1.112421915229579280e-21
9.917433107283275149e+02 1.098146448739860404e-21
9.931146761068937394e+02 1.083955937785763780e-21
9.944879377856226483e+02 1.069852508178470944e-21
9.958630983866851238e+02 1.055838208470149307e-21
9.972401605358769530e+02 1.041915010556948975e-21
9.986191268626276951e+02 1.028084810320716021e-21
1.000000000000000000e+03 1.014349428307904607e-21
