1.000000000000000000e+00 6.987374342307315089e+01
1.001382782584698150e+00 6.965207399588138060e+01
1.002767477257072715e+00 6.943107866396864836e+01
1.004154086661125600e+00 6.921075548076566974e+01
1.005542613444514011e+00 6.899110250496772778e+01
1.006933060258556889e+00 6.877211780052142842e+01
1.008325429758239133e+00 6.855379943661220921e+01
1.009719724602217150e+00 6.833614548765069685e+01
1.011115947452823294e+00 6.811915403427174454e+01
1.012514100976071640e+00 6.790282317062869311e+01
1.013914187841662651e+00 6.768715100004025942e+01
1.015316210722988277e+00 6.747213563085827559e+01
1.016720172297137736e+00 6.725777517642642067e+01
1.018126075244901507e+00 6.704406775506939198e+01
1.019533922250777325e+00 6.683101149008093955e+01
1.020943716002974622e+00 6.661860450971239800e+01
1.022355459193420524e+00 6.640684494716143149e+01
1.023769154517764068e+00 6.619573094056038087e+01
1.025184804675382422e+00 6.598526063296496602e+01
1.026602412369384654e+00 6.577543217234303086e+01
1.028021980306618177e+00 6.556624371156250675e+01
1.029443511197672967e+00 6.535769340838102437e+01
1.030867007756887777e+00 6.514977942543379186e+01
1.032292472702353692e+00 6.494249993022270928e+01
1.033719908755921457e+00 6.473585309510441732e+01
1.035149318643205030e+00 6.452983709728023598e+01
1.036580705093586907e+00 6.432445011878357377e+01
1.038014070840224345e+00 6.411969034646963905e+01
1.039449418620053800e+00 6.391555597200356686e+01
1.040886751173796254e+00 6.371204519184963999e+01
1.042326071245962327e+00 6.350915620725994870e+01
1.043767381584858045e+00 6.330688722426344128e+01
1.045210684942589507e+00 6.310523645365420009e+01
1.046655984075068657e+00 6.290420211098104630e+01
1.048103281742017723e+00 6.270378241653602913e+01
1.049552580706975435e+00 6.250397559534340530e+01
1.051003883737302136e+00 6.230477987714860433e+01
1.052457193604183994e+00 6.210619349640728615e+01
1.053912513082640334e+00 6.190821469227407192e+01
1.055369844951526304e+00 6.171084170859180063e+01
1.056829191993540862e+00 6.151407279388036642e+01
1.058290556995230114e+00 6.131790620132615288e+01
1.059753942746993527e+00 6.112234018877032327e+01
1.061219352043089259e+00 6.092737301869878053e+01
1.062686787681639045e+00 6.073300295823058548e+01
1.064156252464633967e+00 6.053922827910749049e+01
1.065627749197939789e+00 6.034604725768296873e+01
1.067101280691301834e+00 6.015345817491110836e+01
1.068576849758350766e+00 5.996145931633653703e+01
1.070054459216608134e+00 5.977004897208262690e+01
1.071534111887491481e+00 5.957922543684146888e+01
1.073015810596319453e+00 5.938898700986293733e+01
1.074499558172317792e+00 5.919933199494355591e+01
1.075985357448624224e+00 5.901025870041647892e+01
1.077473211262294450e+00 5.882176543914027889e+01
1.078963122454306589e+00 5.863385052848840218e+01
1.080455093869568062e+00 5.844651229033853213e+01
1.081949128356919143e+00 5.825974905106188828e+01
1.083445228769140511e+00 5.807355914151277432e+01
1.084943397962956579e+00 5.788794089701785595e+01
1.086443638799043043e+00 5.770289265736552409e+01
1.087945954142030436e+00 5.751841276679533621e+01
1.089450346860510788e+00 5.733449957398787689e+01
1.090956819827042956e+00 5.715115143205354542e+01
1.092465375918157289e+00 5.696836669852269353e+01
1.093976018014362728e+00 5.678614373533481796e+01
1.095488749000150364e+00 5.660448090882799477e+01
1.097003571764000540e+00 5.642337658972881798e+01
1.098520489198387295e+00 5.624282915314166331e+01
1.100039504199785023e+00 5.606283697853847059e+01
1.101560619668672247e+00 5.588339844974834847e+01
1.103083838509539394e+00 5.570451195494685948e+01
1.104609163630892343e+00 5.552617588664623582e+01
1.106136597945259092e+00 5.534838864168487049e+01
1.107666144369195083e+00 5.517114862121666619e+01
1.109197805823288530e+00 5.499445423070122274e+01
1.110731585232166196e+00 5.481830387989343478e+01
1.112267485524499389e+00 5.464269598283298990e+01
1.113805509633008617e+00 5.446762895783445657e+01
1.115345660494470037e+00 5.429310122747702394e+01
1.116887941049720334e+00 5.411911121859417051e+01
1.118432354243663385e+00 5.394565736226369523e+01
1.119978903025274475e+00 5.377273809379740754e+01
1.121527590347606962e+00 5.360035185273114422e+01
1.123078419167798270e+00 5.342849708281432441e+01
1.124631392447073663e+00 5.325717223200059891e+01
1.126186513150754243e+00 5.308637575243685802e+01
1.127743784248261161e+00 5.291610610045383112e+01
1.129303208713121176e+00 5.274636173655582638e+01
1.130864789522973313e+00 5.257714112541080453e+01
1.132428529659573968e+00 5.240844273584027491e+01
1.133994432108802464e+00 5.224026504080936206e+01
1.135562499860667263e+00 5.207260651741687951e+01
1.137132735909310854e+00 5.190546564688553133e+01
1.138705143253016416e+00 5.173884091455167322e+01
1.140279724894212698e+00 5.157273080985565628e+01
1.141856483839480907e+00 5.140713382633194328e+01
1.143435423099558701e+00 5.124204846159918958e+01
1.145016545689347742e+00 5.107747321735047308e+01
1.146599854627918136e+00 5.091340659934331114e+01
1.148185352938515091e+00 5.074984711739001142e+01
1.149773043648563808e+00 5.058679328534796582e+01
1.151362929789676359e+00 5.042424362110970293e+01
1.152955014397656575e+00 5.026219664659318198e+01
1.154549300512506038e+00 5.010065088773220054e+01
1.156145791178430082e+00 4.993960487446651797e+01
1.157744489443843783e+00 4.977905714073233412e+01
1.159345398361376844e+00 4.961900622445251940e+01
1.160948520987880928e+00 4.945945066752701536e+01
1.162553860384434090e+00 4.930038901582302202e+01
1.164161419616347226e+00 4.914181981916586750e+01
1.165771201753170061e+00 4.898374163132876902e+01
1.167383209868696925e+00 4.882615301002383745e+01
1.168997447040972304e+00 4.866905251689212974e+01
1.170613916352297279e+00 4.851243871749436920e+01
1.172232620889234411e+00 4.835631018130119685e+01
1.173853563742615069e+00 4.820066548168399834e+01
1.175476748007544092e+00 4.804550319590509844e+01
1.177102176783406673e+00 4.789082190510840320e+01
1.178729853173873021e+00 4.773662019431006343e+01
1.180359780286905469e+00 4.758289665238904576e+01
1.181991961234764466e+00 4.742964987207749772e+01
1.183626399134013019e+00 4.727687844995173805e+01
1.185263097105524466e+00 4.712458098642250803e+01
1.186902058274487359e+00 4.697275608572585526e+01
1.188543285770411684e+00 4.682140235591387523e+01
1.190186782727134851e+00 4.667051840884513325e+01
1.191832552282827695e+00 4.652010286017547003e+01
1.193480597580000913e+00 4.637015432934891379e+01
1.195130921765509502e+00 4.622067143958836510e+01
1.196783527990561202e+00 4.607165281788594768e+01
1.198438419410720046e+00 4.592309709499454584e+01
1.200095599185914352e+00 4.577500290541787820e+01
1.201755070480441390e+00 4.562736888740175090e+01
1.203416836462974482e+00 4.548019368292477793e+01
1.205080900306567893e+00 4.533347593768917960e+01
1.206747265188664153e+00 4.518721430111175863e+01
1.208415934291099170e+00 4.504140742631474836e+01
1.210086910800108662e+00 4.489605397011665389e+01
1.211760197906334158e+00 4.475115259302327786e+01
1.213435798804829435e+00 4.460670195921868242e+01
1.215113716695065849e+00 4.446270073655605870e+01
1.216793954780939657e+00 4.431914759654873137e+01
1.218476516270776688e+00 4.417604121436122711e+01
1.220161404377339665e+00 4.403338026870670063e+01
1.221848622317833311e+00 4.389116343999704384e+01
1.223538173313911903e+00 4.374938941047629726e+01
1.225230060591683712e+00 4.360805686598256870e+01
1.226924287381718548e+00 4.346716449601040466e+01
1.228620856919053095e+00 4.332671099370161727e+01
1.230319772443197568e+00 4.318669505583597612e+01
1.232021037198141933e+00 4.304711538282185757e+01
1.233724654432361012e+00 4.290797067868728476e+01
1.235430627398822923e+00 4.276925965107029270e+01
1.237138959354992629e+00 4.263098101121036620e+01
1.238849653562840381e+00 4.249313347393864149e+01
1.240562713288846375e+00 4.235571575766918784e+01
1.242278141804007863e+00 4.221872658438983450e+01
1.243995942383845588e+00 4.208216467965286256e+01
1.245716118308409115e+00 4.194602877256618711e+01
1.247438672862283715e+00 4.181031759578404916e+01
1.249163609334596803e+00 4.167502988549819776e+01
1.250890931019023267e+00 4.154016438142882350e+01
1.252620641213793240e+00 4.140571982681551333e+01
1.254352743221696986e+00 4.127169496840815555e+01
1.256087240350092227e+00 4.113808855645823570e+01
1.257824135910909913e+00 4.100489934470969899e+01
1.259563433220660444e+00 4.087212609039021771e+01
1.261305135600440552e+00 4.073976755420196838e+01
1.263049246375939072e+00 4.060782250031311946e+01
1.264795768877443827e+00 4.047628969634882878e+01
1.266544706439847401e+00 4.034516791338229069e+01
1.268296062402654023e+00 4.021445592592606033e+01
1.270049840109985562e+00 4.008415251192326423e+01
1.271806042910588408e+00 3.995425645273861903e+01
1.273564674157839027e+00 3.982476653315004711e+01
1.275325737209751287e+00 3.969568154133938975e+01
1.277089235428982006e+00 3.956700026888430699e+01
1.278855172182838729e+00 3.943872151074896237e+01
1.280623550843284164e+00 3.931084406527597253e+01
1.282394374786944624e+00 3.918336673417714167e+01
1.284167647395114908e+00 3.905628832252518379e+01
1.285943372053765632e+00 3.892960763874506114e+01
1.287721552153549442e+00 3.880332349460515928e+01
1.289502191089807903e+00 3.867743470520903060e+01
1.291285292262576823e+00 3.855194008898657643e+01
1.293070859076594470e+00 3.842683846768551348e+01
1.294858894941306238e+00 3.830212866636296098e+01
1.296649403270872414e+00 3.817780951337696393e+01
1.298442387484174620e+00 3.805387984037777471e+01
1.300237851004821588e+00 3.793033848229958238e+01
1.302035797261156258e+00 3.780718427735197906e+01
1.303836229686262671e+00 3.768441606701146895e+01
1.305639151717971291e+00 3.756203269601336103e+01
1.307444566798866781e+00 3.744003301234288728e+01
1.309252478376294659e+00 3.731841586722710957e+01
1.311062889902366191e+00 3.719718011512664191e+01
1.312875804833967042e+00 3.707632461372714516e+01
1.314691226632763055e+00 3.695584822393105640e+01
1.316509158765206244e+00 3.683574980984919023e+01
1.318329604702542346e+00 3.671602823879275235e+01
1.320152567920817033e+00 3.659668238126459983e+01
1.321978051900882356e+00 3.647771111095153884e+01
1.323806060128404072e+00 3.635911330471562053e+01
1.325636596093867414e+00 3.624088784258620421e+01
1.327469663292584645e+00 3.612303360775177907e+01
1.329305265224700605e+00 3.600554948655157972e+01
1.331143405395200929e+00 3.588843436846762103e+01
1.332984087313917154e+00 3.577168714611651978e+01
1.334827314495534489e+00 3.565530671524130923e+01
1.336673090459598257e+00 3.553929197470348100e+01
1.338521418730520329e+00 3.542364182647470727e+01
1.340372302837586460e+00 3.530835517562891823e+01
1.342225746314961832e+00 3.519343093033437952e+01
1.344081752701699717e+00 3.507886800184522968e+01
1.345940325541746141e+00 3.496466530449399812e+01
1.347801468383948098e+00 3.485082175568332730e+01
1.349665184782059990e+00 3.473733627587793649e+01
1.351531478294750066e+00 3.462420778859696213e+01
1.353400352485607305e+00 3.451143522040570133e+01
1.355271810923148745e+00 3.439901750090782429e+01
1.357145857180825477e+00 3.428695356273769335e+01
1.359022494837030415e+00 3.417524234155204965e+01
1.360901727475104073e+00 3.406388277602248849e+01
1.362783558683342111e+00 3.395287380782753672e+01
1.364667992055002443e+00 3.384221438164465212e+01
1.366555031188311009e+00 3.373190344514277683e+01
1.368444679686469767e+00 3.362193994897410221e+01
1.370336941157663135e+00 3.351232284676667206e+01
1.372231819215064430e+00 3.340305109511646009e+01
1.374129317476843637e+00 3.329412365357961079e+01
1.376029439566173629e+00 3.318553948466469450e+01
1.377932189111237715e+00 3.307729755382523962e+01
1.379837569745235637e+00 3.296939682945172478e+01
1.381745585106391561e+00 3.286183628286411817e+01
1.383656238837960073e+00 3.275461488830417522e+01
1.385569534588234175e+00 3.264773162292777897e+01
1.387485476010551055e+00 3.254118546679738699e+01
1.389404066763300083e+00 3.243497540287441439e+01
1.391325310509929025e+00 3.232910041701155990e+01
1.393249210918952041e+00 3.222355949794535945e+01
1.395175771663955011e+00 3.211835163728864018e+01
1.397104996423604639e+00 3.201347582952296733e+01
1.399036888881654006e+00 3.190893107199103085e+01
1.400971452726949895e+00 3.180471636488929477e+01
1.402908691653439899e+00 3.170083071126055785e+01
1.404848609360179745e+00 3.159727311698626551e+01
1.406791209551340405e+00 3.149404259077930845e+01
1.408736495936214528e+00 3.139113814417647674e+01
1.410684472229223774e+00 3.128855879153112340e+01
1.412635142149926359e+00 3.118630355000563270e+01
1.414588509423023721e+00 3.108437143956425786e+01
1.416544577778368064e+00 3.098276148296557153e+01
1.418503350950968578e+00 3.088147270575526449e+01
1.420464832680999434e+00 3.078050413625877724e+01
1.422429026713806888e+00 3.067985480557392819e+01
1.424395936799915940e+00 3.057952374756376912e+01
1.426365566695037446e+00 3.047950999884912804e+01
1.428337920160076546e+00 3.037981259880159968e+01
1.430313000961137782e+00 3.028043058953605637e+01
1.432290812869534191e+00 3.018136301590350357e+01
1.434271359661793310e+00 3.008260892548412357e+01
1.436254645119664941e+00 2.998416736857964793e+01
1.438240673030128036e+00 2.988603739820653615e+01
1.440229447185398692e+00 2.978821807008872824e+01
1.442220971382936145e+00 2.969070844265034026e+01
1.444215249425450764e+00 2.959350757700886803e+01
1.446212285120911600e+00 2.949661453696781876e+01
1.448212082282553492e+00 2.940002838900967319e+01
1.450214644728883062e+00 2.930374820228893995e+01
1.452219976283688485e+00 2.920777304862496848e+01
1.454228080776044152e+00 2.911210200249492175e+01
1.456238962040320217e+00 2.901673414102684490e+01
1.458252623916188595e+00 2.892166854399260600e+01
1.460269070248630063e+00 2.882690429380087949e+01
1.462288304887943147e+00 2.873244047549022184e+01
1.464310331689750111e+00 2.863827617672207282e+01
1.466335154515004069e+00 2.854441048777388446e+01
1.468362777229998084e+00 2.845084250153214711e+01
1.470393203706370722e+00 2.835757131348543680e+01
1.472426437821114265e+00 2.826459602171761176e+01
1.474462483456582484e+00 2.817191572690095569e+01
1.476501344500497082e+00 2.807952953228917892e+01
1.478543024845955678e+00 2.798743654371073220e+01
1.480587528391439589e+00 2.789563586956187891e+01
1.482634859040820485e+00 2.780412662079992359e+01
1.484685020703368385e+00 2.771290791093646533e+01
1.486738017293759206e+00 2.762197885603046288e+01
1.488793852732081646e+00 2.753133857468169055e+01
1.490852530943845178e+00 2.744098618802378553e+01
1.492914055859987377e+00 2.735092081971770028e+01
1.494978431416881692e+00 2.726114159594480313e+01
1.497045661556344109e+00 2.717164764540038036e+01
1.499115750225642252e+00 2.708243809928675105e+01
1.501188701377500934e+00 2.699351209130677276e+01
1.503264518970111263e+00 2.690486875765708064e+01
1.505343206967137748e+00 2.681650723702147232e+01
1.507424769337725401e+00 2.672842667056429633e+01
1.509509210056508399e+00 2.664062620192388309e+01
1.511596533103615858e+00 2.655310497720598661e+01
1.513686742464681600e+00 2.646586214497704148e+01
1.515779842130850152e+00 2.637889685625770042e+01
1.517875836098785181e+00 2.629220826451640747e+01
1.519974728370676820e+00 2.620579552566270110e+01
1.522076522954248778e+00 2.611965779804081222e+01
1.524181223862767887e+00 2.603379424242313078e+01
1.526288835115049203e+00 2.594820402200361187e+01
1.528399360735465562e+00 2.586288630238454544e+01
1.530512804753954237e+00 2.577784025155999359e+01
1.532629171206025376e+00 2.569306503992423885e+01
1.534748464132769552e+00 2.560855984026779453e+01
1.536870687580864425e+00 2.552432382777110931e+01
1.538995845602584289e+00 2.544035617999787036e+01
1.541123942255806289e+00 2.535665607688908096e+01
1.543254981604018861e+00 2.527322270075632815e+01
1.545388967716329720e+00 2.519005523627554055e+01
1.547525904667472307e+00 2.510715287048081024e+01
1.549665796537815776e+00 2.502451479275786994e+01
1.551808647413370545e+00 2.494214019483795042e+01
1.553954461385797625e+00 2.486002827079135002e+01
1.556103242552415944e+00 2.477817821702121748e+01
1.558254995016209676e+00 2.469658923225740921e+01
1.560409722885836903e+00 2.461526051755013000e+01
1.562567430275637159e+00 2.453419127626367668e+01
1.564728121305638764e+00 2.445338071407038072e+01
1.566891800101567478e+00 2.437282803894421335e+01
1.569058470794854276e+00 2.429253246115473885e+01
1.571228137522642454e+00 2.421249319326096838e+01
1.573400804427796507e+00 2.413270945010512136e+01
1.575576475658909237e+00 2.405318044880654682e+01
1.577755155370310414e+00 2.397390540875549192e+01
1.579936847722074100e+00 2.389488355160724353e+01
1.582121556880027091e+00 2.381611410127566586e+01
1.584309287015756240e+00 2.373759628392757648e+01
1.586500042306617120e+00 2.365932932797624133e+01
1.588693826935741571e+00 2.358131246407559445e+01
1.590890645092045697e+00 2.350354492511412730e+01
1.593090500970238077e+00 2.342602594620892376e+01
1.595293398770827764e+00 2.334875476469950328e+01
1.597499342700132052e+00 2.327173062014201577e+01
1.599708336970284472e+00 2.319495275430314862e+01
1.601920385799243229e+00 2.311842041115418311e+01
1.604135493410799418e+00 2.304213283686512170e+01
1.606353664034583906e+00 2.296608927979863779e+01
1.608574901906077104e+00 2.289028899050426347e+01
1.610799211266615183e+00 2.281473122171236767e+01
1.613026596363400067e+00 2.273941522832837592e+01
1.615257061449506315e+00 2.266434026742685504e+01
1.617490610783889338e+00 2.258950559824562276e+01
1.619727248631394056e+00 2.251491048217999591e+01
1.621966979262762454e+00 2.244055418277681824e+01
1.624209806954642454e+00 2.236643596572869441e+01
1.626455735989595253e+00 2.229255509886824882e+01
1.628704770656104195e+00 2.221891085216227424e+01
1.630956915248582106e+00 2.214550249770596935e+01
1.633212174067380840e+00 2.207232930971719753e+01
1.635470551418798157e+00 2.199939056453060715e+01
1.637732051615086615e+00 2.192668554059213903e+01
1.639996678974461997e+00 2.185421351845307569e+01
1.642264437821110645e+00 2.178197378076445290e+01
1.644535332485198564e+00 2.170996561227131849e+01
1.646809367302879856e+00 2.163818829980712977e+01
1.649086546616304050e+00 2.156664113228798740e+01
1.651366874773624982e+00 2.149532340070700442e+01
1.653650356129009458e+00 2.142423439812878883e+01
1.655936995042644355e+00 2.135337341968358871e+01
1.658226795880746618e+00 2.128273976256187439e+01
1.660519763015570360e+00 2.121233272600869668e+01
1.662815900825415305e+00 2.114215161131809495e+01
1.665115213694635887e+00 2.107219572182741985e+01
1.667417706013648582e+00 2.100246436291202912e+01
1.669723382178941673e+00 2.093295684197949313e+01
1.672032246593081917e+00 2.086367246846413082e+01
1.674344303664724531e+00 2.079461055382162016e+01
1.676659557808620526e+00 2.072577041152336363e+01
1.678978013445626027e+00 2.065715135705097794e+01
1.681299675002709604e+00 2.058875270789098266e+01
1.683624546912962039e+00 2.052057378352914796e+01
1.685952633615603435e+00 2.045261390544521163e+01
1.688283939555992985e+00 2.038487239710726584e+01
1.690618469185636741e+00 2.031734858396648846e+01
1.692956226962195609e+00 2.025004179345172517e+01
1.695297217349495122e+00 2.018295135496394721e+01
1.697641444817533207e+00 2.011607659987101826e+01
1.699988913842488625e+00 2.004941686150226943e+01
1.702339628906729851e+00 1.998297147514323768e+01
1.704693594498823517e+00 1.991673977803005968e+01
1.707050815113542841e+00 1.985072110934444112e+01
1.709411295251876739e+00 1.978491481020819265e+01
1.711775039421037370e+00 1.971932022367796478e+01
1.714142052134469685e+00 1.965393669473992588e+01
1.716512337911859865e+00 1.958876357030445803e+01
1.718885901279143757e+00 1.952380019920106236e+01
1.721262746768515761e+00 1.945904593217282397e+01
1.723642878918437038e+00 1.939450012187144523e+01
1.726026302273644175e+00 1.933016212285189184e+01
1.728413021385159176e+00 1.926603129156713479e+01
1.730803040810295901e+00 1.920210698636308422e+01
1.733196365112671167e+00 1.913838856747328521e+01
1.735592998862210967e+00 1.907487539701380541e+01
1.737992946635161573e+00 1.901156683897803745e+01
1.740396213014096860e+00 1.894846225923159366e+01
1.742802802587927413e+00 1.888556102550712978e+01
1.745212719951908964e+00 1.882286250739922195e+01
1.747625969707651938e+00 1.876036607635932185e+01
1.750042556463129895e+00 1.869807110569056974e+01
1.752462484832687739e+00 1.863597697054268565e+01
1.754885759437051052e+00 1.857408304790712350e+01
1.757312384903335412e+00 1.851238871661171004e+01
1.759742365865054170e+00 1.845089335731572433e+01
1.762175706962127775e+00 1.838959635250497726e+01
1.764612412840893096e+00 1.832849708648659259e+01
1.767052488154111645e+00 1.826759494538416462e+01
1.769495937560978671e+00 1.820688931713257475e+01
1.771942765727132052e+00 1.814637959147320601e+01
1.774392977324661169e+00 1.808606515994888042e+01
1.776846577032116459e+00 1.802594541589881771e+01
1.779303569534516960e+00 1.796601975445382848e+01
1.781763959523360308e+00 1.790628757253133685e+01
1.784227751696632280e+00 1.784674826883035337e+01
1.786694950758813238e+00 1.778740124382675347e+01
1.789165561420890782e+00 1.772824589976815446e+01
1.791639588400365080e+00 1.766928164066922946e+01
1.794117036421260858e+00 1.761050787230674075e+01
1.796597910214134508e+00 1.755192400221463345e+01
1.799082214516083411e+00 1.749352943967930685e+01
1.801569954070756374e+00 1.743532359573466550e+01
1.804061133628360958e+00 1.737730588315732305e+01
1.806555757945673024e+00 1.731947571646180961e+01
1.809053831786046507e+00 1.726183251189577916e+01
1.811555359919421626e+00 1.720437568743519563e+01
1.814060347122334438e+00 1.714710466277951184e+01
1.816568798177926825e+00 1.709001885934700837e+01
1.819080717875953157e+00 1.703311770026992633e+01
1.821596111012792063e+00 1.697640061038984172e+01
1.824114982391454642e+00 1.691986701625279110e+01
1.826637336821592239e+00 1.686351634610468864e+01
1.829163179119508653e+00 1.680734802988656540e+01
1.831692514108166137e+00 1.675136149922985851e+01
1.834225346617196717e+00 1.669555618745174286e+01
1.836761681482911079e+00 1.663993152955045218e+01
1.839301523548306339e+00 1.658448696220063212e+01
1.841844877663077584e+00 1.652922192374868260e+01
1.844391748683625654e+00 1.647413585420814286e+01
1.846942141473066235e+00 1.641922819525500188e+01
1.849496060901240302e+00 1.636449839022318642e+01
1.852053511844722333e+00 1.630994588409988211e+01
1.854614499186830079e+00 1.625557012352095754e+01
1.857179027817634331e+00 1.620137055676638838e+01
1.859747102633967142e+00 1.614734663375571699e+01
1.862318728539432255e+00 1.609349780604347657e+01
1.864893910444413549e+00 1.603982352681462231e+01
1.867472653266085691e+00 1.598632325088003903e+01
1.870054961928422133e+00 1.593299643467200433e+01
1.872640841362204878e+00 1.587984253623968378e+01
1.875230296505034921e+00 1.582686101524460831e+01
1.877823332301340464e+00 1.577405133295622797e+01
1.880419953702386460e+00 1.572141295224740354e+01
1.883020165666285273e+00 1.566894533758994257e+01
1.885623973158003785e+00 1.561664795505020109e+01
1.888231381149375832e+00 1.556452027228453794e+01
1.890842394619109967e+00 1.551256175853497687e+01
1.893457018552797910e+00 1.546077188462475149e+01
1.896075257942927195e+00 1.540915012295391229e+01
1.898697117788887834e+00 1.535769594749489109e+01
1.901322603096982755e+00 1.530640883378815609e+01
1.903951718880438237e+00 1.525528825893782425e+01
1.906584470159412126e+00 1.520433370160729325e+01
1.909220861961004267e+00 1.515354464201488938e+01
1.911860899319266505e+00 1.510292056192951549e+01
1.914504587275210223e+00 1.505246094466637885e+01
1.917151930876819010e+00 1.500216527508256803e+01
1.919802935179055980e+00 1.495203303957281804e+01
1.922457605243873768e+00 1.490206372603656426e+01
1.925115946140225631e+00 1.485225682356048083e+01
1.927777962944072998e+00 1.480261182253624774e+01
1.930443660738396794e+00 1.475312821487998782e+01
1.933113044613206766e+00 1.470380549403197890e+01
1.935786119665550586e+00 1.465464315495235148e+01
1.938462890999524513e+00 1.460564069411680066e+01
1.941143363726282267e+00 1.455679760951229262e+01
1.943827542964045252e+00 1.450811340063278188e+01
1.946515433838112541e+00 1.445958756847493731e+01
1.949207041480869984e+00 1.441121961553396957e+01
1.951902371031800421e+00 1.436300904579923454e+01
1.954601427637494337e+00 1.431495536475016017e+01
1.957304216451657419e+00 1.426705807935197790e+01
1.960010742635123204e+00 1.421931669805146470e+01
1.962721011355860190e+00 1.417173073077279355e+01
1.965435027788984046e+00 1.412429968891333232e+01
1.968152797116766495e+00 1.407702308533947999e+01
1.970874324528644417e+00 1.402990043438251533e+01
1.973599615221231174e+00 1.398293125183439045e+01
1.976328674398326157e+00 1.393611505494363811e+01
1.979061507270923670e+00 1.388945136241122214e+01
1.981798119057224472e+00 1.384293969438642691e+01
1.984538514982643997e+00 1.379657957246274336e+01
1.987282700279824565e+00 1.375037051967374424e+01
1.990030680188643597e+00 1.370431206048902872e+01
1.992782459956223384e+00 1.365840372081014387e+01
1.995538044836942637e+00 1.361264502796649722e+01
1.998297440092445809e+00 1.356703551071130853e+01
2.001060650991652423e+00 1.352157469921757205e+01
2.003827682810768618e+00 1.347626212507400290e+01
2.006598540833294919e+00 1.343109732128104739e+01
2.009373230350040007e+00 1.338607982224680804e+01
2.012151756659126711e+00 1.334120916378314270e+01
2.014934125066004444e+00 1.329648488310151322e+01
2.017720340883459862e+00 1.325190651880918935e+01
2.020510409431624854e+00 1.320747361090511340e+01
2.023304336037988094e+00 1.316318570077605088e+01
2.026102126037405693e+00 1.311904233119259722e+01
2.028903784772109642e+00 1.307504304630521830e+01
2.031709317591720687e+00 1.303118739164032469e+01
2.034518729853255437e+00 1.298747491409639565e+01
2.037332026921138795e+00 1.294390516194004448e+01
2.040149214167213287e+00 1.290047768480206969e+01
2.042970296970748834e+00 1.285719203367366426e+01
2.045795280718455622e+00 1.281404776090242237e+01
2.048624170804490774e+00 1.277104442018857000e+01
2.051456972630470776e+00 1.272818156658108002e+01
2.054293691605481698e+00 1.268545875647375354e+01
2.057134333146088956e+00 1.264287554760149668e+01
2.059978902676347978e+00 1.260043149903637882e+01
2.062827405627814414e+00 1.255812617118392538e+01
2.065679847439554795e+00 1.251595912577919556e+01
2.068536233558155857e+00 1.247392992588310001e+01
2.071396569437737423e+00 1.243203813587849282e+01
2.074260860539959062e+00 1.239028332146650868e+01
2.077129112334034744e+00 1.234866504966270639e+01
2.080001330296739503e+00 1.230718288879338473e+01
2.082877519912422759e+00 1.226583640849175261e+01
2.085757686673017197e+00 1.222462517969423246e+01
2.088641836078048541e+00 1.218354877463678854e+01
2.091529973634649320e+00 1.214260676685108820e+01
2.094422104857565525e+00 1.210179873116089055e+01
2.097318235269169051e+00 1.206112424367833036e+01
2.100218370399469237e+00 1.202058288180016454e+01
2.103122515786120861e+00 1.198017422420419109e+01
2.106030676974436133e+00 1.193989785084551158e+01
2.108942859517396684e+00 1.189975334295287546e+01
2.111859068975660669e+00 1.185974028302507755e+01
2.114779310917576982e+00 1.181985825482725261e+01
2.117703590919193690e+00 1.178010684338729597e+01
2.120631914564269138e+00 1.174048563499221132e+01
2.123564287444283938e+00 1.170099421718452426e+01
2.126500715158448518e+00 1.166163217875864966e+01
2.129441203313717779e+00 1.162239910975735846e+01
2.132385757524798642e+00 1.158329460146807932e+01
2.135334383414162041e+00 1.154431824641947202e+01
2.138287086612054466e+00 1.150546963837774506e+01
2.141243872756506406e+00 1.146674837234317934e+01
2.144204747493345664e+00 1.142815404454651329e+01
2.147169716476206691e+00 1.138968625244548072e+01
2.150138785366541239e+00 1.135134459472123325e+01
2.153111959833629907e+00 1.131312867127484090e+01
2.156089245554593248e+00 1.127503808322377843e+01
2.159070648214400645e+00 1.123707243289845081e+01
2.162056173505884527e+00 1.119923132383864939e+01
2.165045827129747469e+00 1.116151436079015724e+01
2.168039614794575964e+00 1.112392114970118584e+01
2.171037542216849747e+00 1.108645129771898219e+01
2.174039615120952895e+00 1.104910441318636494e+01
2.177045839239185820e+00 1.101188010563825337e+01
2.180056220311775483e+00 1.097477798579824970e+01
2.183070764086885163e+00 1.093779766557523381e+01
2.186089476320628222e+00 1.090093875805991530e+01
2.189112362777076104e+00 1.086420087752146202e+01
2.192139429228271652e+00 1.082758363940407875e+01
2.195170681454238881e+00 1.079108666032361441e+01
2.198206125242993636e+00 1.075470955806420115e+01
2.201245766390556025e+00 1.071845195157491304e+01
2.204289610700961521e+00 1.068231346096630574e+01
2.207337663986269849e+00 1.064629370750719950e+01
2.210389932066577856e+00 1.061039231362122770e+01
2.213446420770031953e+00 1.057460890288354349e+01
2.216507135932835215e+00 1.053894310001752466e+01
2.219572083399262041e+00 1.050339453089140740e+01
2.222641269021668808e+00 1.046796282251498234e+01
2.225714698660503199e+00 1.043264760303636507e+01
2.228792378184317524e+00 1.039744850173860868e+01
2.231874313469778937e+00 1.036236514903650274e+01
2.234960510401680089e+00 1.032739717647324795e+01
2.238050974872951571e+00 1.029254421671723385e+01
2.241145712784672117e+00 1.025780590355876143e+01
2.244244730046081937e+00 1.022318187190679240e+01
2.247348032574590260e+00 1.018867175778574641e+01
2.250455626295789546e+00 1.015427519833222902e+01
2.253567517143467480e+00 1.011999183179182715e+01
2.256683711059614961e+00 1.008582129751594003e+01
2.259804213994440314e+00 1.005176323595850540e+01
2.262929031906379063e+00 1.001781728867287669e+01
2.266058170762106805e+00 9.983983098308568671e+00
2.269191636536549872e+00 9.950260308608134707e+00
2.272329435212895099e+00 9.916648564403992339e+00
2.275471572782604035e+00 9.883147511615238301e+00
2.278618055245423601e+00 9.849756797244515028e+00
2.281768888609395862e+00 9.816476069374861169e+00
2.284924078890870902e+00 9.783304977166611849e+00
2.288083632114518373e+00 9.750243170854210106e+00
2.291247554313339041e+00 9.717290301743144454e+00
2.294415851528675887e+00 9.684446022206801175e+00
2.297588529810225211e+00 9.651709985683417869e+00
2.300765595216048620e+00 9.619081846672935754e+00
2.303947053812586354e+00 9.586561260733926559e+00
2.307132911674664832e+00 9.554147884480560293e+00
2.310323174885512643e+00 9.521841375579493061e+00
2.313517849536768534e+00 9.489641392746808179e+00
2.316716941728496071e+00 9.457547595745017688e+00
2.319920457569193406e+00 9.425559645379944840e+00
2.323128403175804824e+00 9.393677203497766470e+00
2.326340784673734063e+00 9.361899932981913253e+00
2.329557608196854090e+00 9.330227497750124499e+00
2.332778879887519530e+00 9.298659562751387497e+00
2.336004605896579545e+00 9.267195793962956785e+00
2.339234792383388051e+00 9.235835858387352104e+00
2.342469445515815263e+00 9.204579424049402547e+00
2.345708571470262349e+00 9.173426159993210760e+00
2.348952176431668537e+00 9.142375736279253928e+00
2.352200266593527100e+00 9.111427823981376406e+00
2.355452848157894685e+00 9.080582095183851621e+00
2.358709927335405077e+00 9.049838222978442204e+00
2.361971510345278968e+00 9.019195881461438802e+00
2.365237603415337730e+00 8.988654745730782381e+00
2.368508212782013178e+00 8.958214491883097708e+00
2.371783344690363116e+00 8.927874797010767693e+00
2.375063005394077553e+00 8.897635339199117865e+00
2.378347201155497803e+00 8.867495797523391232e+00
2.381635938245620920e+00 8.837455852045973614e+00
2.384929222944117910e+00 8.807515183813439563e+00
2.388227061539343055e+00 8.777673474853708413e+00
2.391529460328344125e+00 8.747930408173191452e+00
2.394836425616878373e+00 8.718285667753887580e+00
2.398147963719422293e+00 8.688738938550594426e+00
2.401464080959182734e+00 8.659289906488007560e+00
2.404784783668111547e+00 8.629938258457919176e+00
2.408110078186914471e+00 8.600683682316409673e+00
2.411439970865067561e+00 8.571525866880971734e+00
2.414774468060824741e+00 8.542464501927742759e+00
2.418113576141232901e+00 8.513499278188701780e+00
2.421457301482142999e+00 8.484629887340942034e+00
2.424805650468222495e+00 8.455856021982771864e+00
2.428158629492967346e+00 8.427177375653746694e+00
2.431516244958714879e+00 8.398593642838699580e+00
2.434878503276654449e+00 8.370104518964986084e+00
2.438245410866841212e+00 8.341709700399686511e+00
2.441616974158208109e+00 8.313408884446886304e+00
2.444993199588577415e+00 8.285201769344908485e+00
2.448374093604674062e+00 8.257088054263585164e+00
2.451759662662136297e+00 8.229067439301509523e+00
2.455149913225530778e+00 8.201139625483328643e+00
2.458544851768362349e+00 8.173304314756993705e+00
2.461944484773086472e+00 8.145561209991109664e+00
2.465348818731124325e+00 8.117910014972148147e+00
2.468757860142872129e+00 8.090350434401832658e+00
2.472171615517714027e+00 8.062882173894417193e+00
2.475590091374037183e+00 8.035504939973971972e+00
2.479013294239240217e+00 8.008218440071777522e+00
2.482441230649749198e+00 7.981022382523589087e+00
2.485873907151028739e+00 7.953916476567041371e+00
2.489311330297592217e+00 7.926900432338951141e+00
2.492753506653019535e+00 7.899973960872697987e+00
2.496200442789964669e+00 7.873136774095553569e+00
2.499652145290170324e+00 7.846388584826110346e+00
2.503108620744480817e+00 7.819729106771604599e+00
2.506569875752854060e+00 7.793158054525332723e+00
2.510035916924374000e+00 7.766675143564018668e+00
2.513506750877263940e+00 7.740280090245233779e+00
2.516982384238898085e+00 7.713972611804803314e+00
2.520462823645815309e+00 7.687752426354199642e+00
2.523948075743732034e+00 7.661619252877976294e+00
2.527438147187552886e+00 7.635572811231206458e+00
2.530933044641385354e+00 7.609612822136889498e+00
2.534432774778552666e+00 7.583739007183422309e+00
2.537937344281604446e+00 7.557951088822029817e+00
2.541446759842332259e+00 7.532248790364212354e+00
2.544961028161779382e+00 7.506631835979254319e+00
2.548480155950257231e+00 7.481099950691623590e+00
2.552004149927353804e+00 7.455652860378520153e+00
2.555533016821950554e+00 7.430290291767293276e+00
2.559066763372233044e+00 7.405011972432983924e+00
2.562605396325703833e+00 7.379817630795804995e+00
2.566148922439196234e+00 7.354706996118641982e+00
2.569697348478887200e+00 7.329679798504559862e+00
2.573250681220308866e+00 7.304735768894325965e+00
2.576808927448363207e+00 7.279874639063955932e+00
2.580372093957333135e+00 7.255096141622204620e+00
2.583940187550898049e+00 7.230400010008149358e+00
2.587513215042145376e+00 7.205785978488687959e+00
2.591091183253581676e+00 7.181253782156141519e+00
2.594674099017149516e+00 7.156803156925772846e+00
2.598261969174238128e+00 7.132433839533376840e+00
2.601854800575695403e+00 7.108145567532845099e+00
2.605452600081844761e+00 7.083938079293743861e+00
2.609055374562494478e+00 7.059811113998888388e+00
2.612663130896952346e+00 7.035764411641974192e+00
2.616275875974039877e+00 7.011797713025130108e+00
2.619893616692102079e+00 6.987910759756568169e+00
2.623516359959025657e+00 6.964103294248137566e+00
2.627144112692247901e+00 6.940375059713015382e+00
2.630776881818770896e+00 6.916725800163278315e+00
2.634414674275176615e+00 6.893155260407569429e+00
2.638057497007637142e+00 6.869663186048706294e+00
2.641705356971931540e+00 6.846249323481353954e+00
2.645358261133456068e+00 6.822913419889656161e+00
2.649016216467238838e+00 6.799655223244911895e+00
2.652679229957952689e+00 6.776474482303232350e+00
2.656347308599928958e+00 6.753370946603219238e+00
2.660020459397170356e+00 6.730344366463625327e+00
2.663698689363365624e+00 6.707394492981043399e+00
2.667382005521900634e+00 6.684521078027630736e+00
2.671070414905873047e+00 6.661723874248768773e+00
2.674763924558107853e+00 6.639002635060762714e+00
2.678462541531165364e+00 6.616357114648592663e+00
2.682166272887361202e+00 6.593787067963594595e+00
2.685875125698774291e+00 6.571292250721197270e+00
2.689589107047264172e+00 6.548872419398649392e+00
2.693308224024483000e+00 6.526527331232750306e+00
2.697032483731888419e+00 6.504256744217593145e+00
2.700761893280757775e+00 6.482060417102341709e+00
2.704496459792202767e+00 6.459938109388933647e+00
2.708236190397180998e+00 6.437889581329871547e+00
2.711981092236511959e+00 6.415914593926005161e+00
2.715731172460886800e+00 6.394012908924266547e+00
2.719486438230887426e+00 6.372184288815479825e+00
2.723246896716996268e+00 6.350428496832124736e+00
2.727012555099609603e+00 6.328745296946162391e+00
2.730783420569053987e+00 6.307134453866796164e+00
2.734559500325599579e+00 6.285595733038281452e+00
2.738340801579470352e+00 6.264128900637771835e+00
2.742127331550863190e+00 6.242733723573079985e+00
2.745919097469956327e+00 6.221409969480564683e+00
2.749716106576927555e+00 6.200157406722892617e+00
2.753518366121966210e+00 6.178975804386924509e+00
2.757325883365286057e+00 6.157864932281525761e+00
2.761138665577140827e+00 6.136824560935432160e+00
2.764956720037837545e+00 6.115854461595100489e+00
2.768780054037749849e+00 6.094954406222539589e+00
2.772608674877333090e+00 6.074124167493224924e+00
2.776442589867136324e+00 6.053363518793926978e+00
2.780281806327818295e+00 6.032672234220608942e+00
2.784126331590161652e+00 6.012050088576294193e+00
2.787976172995084045e+00 5.991496857368982631e+00
2.791831337893655007e+00 5.971012316809513720e+00
2.795691833647108826e+00 5.950596243809486374e+00
2.799557667626858759e+00 5.930248415979161969e+00
2.803428847214511244e+00 5.909968611625373569e+00
2.807305379801879663e+00 5.889756609749441374e+00
2.811187272790999003e+00 5.869612190045102373e+00
2.815074533594139616e+00 5.849535132896447998e+00
2.818967169633820546e+00 5.829525219375833345e+00
2.822865188342826404e+00 5.809582231241849470e+00
2.826768597164217134e+00 5.789705950937258372e+00
2.830677403551347115e+00 5.769896161586938632e+00
2.834591614967876705e+00 5.750152646995847050e+00
2.838511238887785559e+00 5.730475191646994482e+00
2.842436282795389069e+00 5.710863580699403919e+00
2.846366754185353010e+00 5.691317599986089881e+00
2.850302660562704204e+00 5.671837036012042255e+00
2.854244009442849173e+00 5.652421675952218116e+00
2.858190808351585677e+00 5.633071307649515802e+00
2.862143064825118266e+00 5.613785719612796044e+00
2.866100786410072931e+00 5.594564701014878239e+00
2.870063980663510428e+00 5.575408041690545602e+00
2.874032655152940929e+00 5.556315532134555646e+00
2.878006817456340460e+00 5.537286963499688852e+00
2.881986475162161554e+00 5.518322127594740500e+00
2.885971635869351459e+00 5.499420816882572005e+00
2.889962307187364132e+00 5.480582824478157811e+00
2.893958496736176667e+00 5.461807944146590543e+00
2.897960212146303061e+00 5.443095970301179420e+00
2.901967461058806652e+00 5.424446698001478495e+00
2.905980251125319658e+00 5.405859922951327334e+00
2.909998590008052499e+00 5.387335441496965416e+00
2.914022485379811567e+00 5.368873050625062149e+00
2.918051944924013430e+00 5.350472547960806402e+00
2.922086976334698605e+00 5.332133731765992479e+00
2.926127587316547540e+00 5.313856400937096325e+00
2.930173785584893942e+00 5.295640355003379263e+00
2.934225578865739426e+00 5.277485394124982854e+00
2.938282974895770838e+00 5.259391319091033523e+00
2.942345981422371803e+00 5.241357931317736529e+00
2.946414606203638709e+00 5.223385032846514342e+00
2.950488857008397581e+00 5.205472426342103276e+00
2.954568741616214744e+00 5.187619915090698086e+00
2.958654267817414585e+00 5.169827302998070806e+00
2.962745443413095536e+00 5.152094394587694914e+00
2.966842276215140739e+00 5.134420994998921906e+00
2.970944774046237580e+00 5.116806909985077034e+00
2.975052944739888350e+00 5.099251945911661643e+00
2.979166796140429341e+00 5.081755909754469336e+00
2.983286336103043723e+00 5.064318609097765211e+00
2.987411572493774425e+00 5.046939852132457993e+00
2.991542513189544561e+00 5.029619447654257058e+00
2.995679166078167199e+00 5.012357205061859666e+00
2.999821539058362685e+00 4.995152934355131968e+00
3.003969640039775513e+00 4.978006446133289131e+00
3.008123476942984098e+00 4.960917551593110097e+00
3.012283057699522093e+00 4.943886062527104386e+00
3.016448390251890377e+00 4.926911791321733070e+00
3.020619482553571267e+00 4.909994550955613768e+00
3.024796342569046725e+00 4.893134154997735408e+00
3.028978978273809464e+00 4.876330417605680978e+00
3.033167397654382924e+00 4.859583153523831633e+00
3.037361608708333716e+00 4.842892178081616983e+00
3.041561619444286269e+00 4.826257307191736068e+00
3.045767437881940154e+00 4.809678357346696131e+00
3.049979072052083851e+00 4.793155145549694574e+00
3.054196529996611176e+00 4.776687489291739475e+00
3.058419819768535941e+00 4.760275206636047862e+00
3.062648949432007495e+00 4.743918116222654469e+00
3.066883927062325821e+00 4.727616037266624716e+00
3.071124760745958415e+00 4.711368789556313885e+00
3.075371458580553163e+00 4.695176193451633395e+00
3.079624028674955660e+00 4.679038069882294870e+00
3.083882479149225642e+00 4.662954240346077306e+00
3.088146818134648530e+00 4.646924526907108444e+00
3.092417053773756308e+00 4.630948752194122164e+00
3.096693194220338174e+00 4.615026739398745192e+00
3.100975247639458754e+00 4.599158312273789129e+00
3.105263222207474971e+00 4.583343295131511397e+00
3.109557126112046710e+00 4.567581512841956126e+00
3.113856967552158572e+00 4.551872790831216875e+00
3.118162754738130538e+00 4.536216955079742874e+00
3.122474495891636614e+00 4.520613832120664810e+00
3.126792199245719939e+00 4.505063249038099293e+00
3.131115873044806541e+00 4.489565033465465760e+00
3.135445525544724887e+00 4.474119013583813143e+00
3.139781165012717867e+00 4.458725018120143879e+00
3.144122799727460560e+00 4.443382876345761012e+00
3.148470437979075776e+00 4.428092418074588643e+00
3.152824088069150488e+00 4.412853473661519033e+00
3.157183758310749155e+00 4.397665874000773023e+00
3.161549457028433263e+00 4.382529450524240033e+00
3.165921192558273756e+00 4.367444035199837593e+00
3.170298973247869689e+00 4.352409460529875318e+00
3.174682807456362887e+00 4.337425559549417109e+00
3.179072703554454815e+00 4.322492165824664667e+00
3.183468669924419014e+00 4.307609113451327687e+00
3.187870714960122420e+00 4.292776237052992272e+00
3.192278847067038239e+00 4.277993371779522214e+00
3.196693074662262823e+00 4.263260353305446948e+00
3.201113406174531217e+00 4.248577017828361058e+00
3.205539850044233141e+00 4.233943202067303346e+00
3.209972414723429868e+00 4.219358743261186540e+00
3.214411108675870654e+00 4.204823479167189682e+00
3.218855940377007840e+00 4.190337248059182507e+00
3.223306918314012837e+00 4.175899888726140929e+00
3.227764050985795219e+00 4.161511240470548323e+00
3.232227346903012943e+00 4.147171143106871405e+00
3.236696814588094995e+00 4.132879436959951747e+00
3.241172462575255153e+00 4.118635962863445243e+00
3.245654299410507093e+00 4.104440562158286454e+00
3.250142333651683479e+00 4.090293076691105867e+00
3.254636573868447069e+00 4.076193348812710227e+00
3.259137028642313805e+00 4.062141221376514011e+00
3.263643706566664804e+00 4.048136537737009988e+00
3.268156616246764568e+00 4.034179141748221120e+00
3.272675766299777411e+00 4.020268877762181781e+00
3.277201165354779899e+00 4.006405590627414526e+00
3.281732822052784826e+00 3.992589125687387774e+00
3.286270745046751429e+00 3.978819328779014342e+00
3.290814943001604931e+00 3.965096046231126437e+00
3.295365424594251635e+00 3.951419124862984411e+00
3.299922198513597582e+00 3.937788411982733106e+00
3.304485273460560979e+00 3.924203755385957226e+00
3.309054658148093075e+00 3.910665003354135472e+00
3.313630361301194593e+00 3.897172004653174149e+00
3.318212391656928606e+00 3.883724608531905265e+00
3.322800757964441853e+00 3.870322664720622363e+00
3.327395468984976734e+00 3.856966023429584833e+00
3.331996533491892620e+00 3.843654535347547974e+00
3.336603960270679181e+00 3.830388051640292613e+00
3.341217758118976366e+00 3.817166423949170273e+00
3.345837935846588174e+00 3.803989504389611920e+00
3.350464502275498635e+00 3.790857145549711760e+00
3.355097466239894466e+00 3.777769200488734214e+00
3.359736836586175723e+00 3.764725522735695051e+00
3.364382622172975346e+00 3.751725966287895009e+00
3.369034831871177804e+00 3.738770385609496039e+00
3.373693474563930650e+00 3.725858635630083349e+00
3.378358559146667162e+00 3.712990571743213231e+00
3.383030094527121001e+00 3.700166049805009738e+00
3.387708089625342645e+00 3.687384926132729390e+00
3.392392553373717146e+00 3.674647057503347636e+00
3.397083494716982788e+00 3.661952301152131994e+00
3.401780922612242630e+00 3.649300514771244064e+00
3.406484846028988933e+00 3.636691556508329537e+00
3.411195273949115592e+00 3.624125284965106886e+00
3.415912215366936788e+00 3.611601559195976474e+00
3.420635679289204312e+00 3.599120238706624786e+00
3.425365674735122656e+00 3.586681183452631760e+00
3.430102210736368562e+00 3.574284253838088343e+00
3.434845296337109222e+00 3.561929310714206931e+00
3.439594940594016492e+00 3.549616215377950468e+00
3.444351152576286434e+00 3.537344829570657101e+00
3.449113941365653524e+00 3.525115015476661284e+00
3.453883316056413300e+00 3.512926635721938418e+00
3.458659285755435242e+00 3.500779553372739716e+00
3.463441859582182314e+00 3.488673631934225305e+00
3.468231046668727391e+00 3.476608735349124846e+00
3.473026856159770137e+00 3.464584727996373736e+00
3.477829297212656545e+00 3.452601474689775074e+00
3.482638378997394923e+00 3.440658840676660724e+00
3.487454110696673659e+00 3.428756691636533294e+00
3.492276501505878983e+00 3.416894893679752965e+00
3.497105560633112287e+00 3.405073313346201225e+00
3.501941297299206557e+00 3.393291817603951266e+00
3.506783720737746801e+00 3.381550273847945931e+00
3.511632840195085592e+00 3.369848549898672552e+00
3.516488664930361274e+00 3.358186514000864875e+00
3.521351204215516173e+00 3.346564034822173905e+00
3.526220467335310804e+00 3.334980981451879156e+00
3.531096463587348300e+00 3.323437223399557272e+00
3.535979202282085510e+00 3.311932630593819038e+00
3.540868692742856094e+00 3.300467073380979777e+00
3.545764944305884292e+00 3.289040422523787477e+00
3.550667966320303126e+00 3.277652549200134935e+00
3.555577768148176165e+00 3.266303325001762570e+00
3.560494359164511291e+00 3.254992621932986552e+00
3.565417748757279792e+00 3.243720312409424267e+00
3.570347946327434574e+00 3.232486269256714451e+00
3.575284961288929697e+00 3.221290365709251535e+00
3.580228803068732812e+00 3.210132475408926656e+00
3.585179481106850918e+00 3.199012472403850893e+00
3.590137004856342351e+00 3.187930231147110494e+00
3.595101383783337656e+00 3.176885626495509651e+00
3.600072627367058242e+00 3.165878533708311515e+00
3.605050745099829701e+00 3.154908828446005842e+00
3.610035746487106234e+00 3.143976386769054443e+00
3.615027641047486195e+00 3.133081085136657951e+00
3.620026438312728967e+00 3.122222800405508369e+00
3.625032147827775386e+00 3.111401409828576270e+00
3.630044779150761958e+00 3.100616791053872667e+00
3.635064341853045722e+00 3.089868822123210901e+00
3.640090845519217133e+00 3.079157381471011590e+00
3.645124299747120045e+00 3.068482347923063180e+00
3.650164714147871248e+00 3.057843600695311803e+00
3.655212098345874239e+00 3.047241019392667560e+00
3.660266461978844532e+00 3.036674484007777952e+00
3.665327814697823428e+00 3.026143874919824395e+00
3.670396166167197105e+00 3.015649072893340499e+00
3.675471526064715277e+00 3.005189959077000150e+00
3.680553904081512506e+00 2.994766415002423798e+00
3.685643309922118860e+00 2.984378322583006504e+00
3.690739753304487891e+00 2.974025564112713127e+00
3.695843243960010405e+00 2.963708022264900599e+00
3.700953791633532219e+00 2.953425580091154412e+00
3.706071406083376374e+00 2.943178121020086468e+00
3.711196097081356005e+00 2.932965528856192439e+00
3.716327874412799659e+00 2.922787687778662935e+00
3.721466747876565506e+00 2.912644482340221330e+00
3.726612727285062210e+00 2.902535797465977563e+00
3.731765822464267135e+00 2.892461518452249081e+00
3.736926043253742336e+00 2.882421530965424861e+00
3.742093399506658091e+00 2.872415721040804115e+00
3.747267901089809339e+00 2.862443975081447434e+00
3.752449557883634768e+00 2.852506179857040802e+00
3.757638379782234139e+00 2.842602222502750298e+00
3.762834376693390936e+00 2.832731990518082998e+00
3.768037558538585685e+00 2.822895371765758110e+00
3.773247935253021268e+00 2.813092254470571874e+00
3.778465516785637135e+00 2.803322527218269578e+00
3.783690313099130176e+00 2.793586078954426011e+00
3.788922334169975592e+00 2.783882798983322360e+00
3.794161589988439331e+00 2.774212576966834209e+00
3.799408090558605622e+00 2.764575302923305777e+00
3.804661845898391181e+00 2.754970867226448128e+00
3.809922866039564759e+00 2.745399160604235167e+00
3.815191161027768008e+00 2.735860074137790310e+00
3.820466740922531468e+00 2.726353499260291358e+00
3.825749615797297221e+00 2.716879327755875817e+00
3.831039795739437093e+00 2.707437451758536451e+00
3.836337290850270865e+00 2.698027763750716623e+00
3.841642111245087143e+00 2.688650156559817095e+00
3.846954267053159793e+00 2.679304523358517987e+00
3.852273768417770583e+00 2.669990757665069214e+00
3.857600625496228286e+00 2.660708753342214905e+00
3.862934848459884662e+00 2.651458404596129803e+00
3.868276447494158443e+00 2.642239605975338357e+00
3.873625432798551760e+00 2.633052252369655122e+00
3.878981814586669241e+00 2.623896239009105180e+00
3.884345603086240217e+00 2.614771461462880087e+00
3.889716808539136483e+00 2.605677815638258732e+00
3.895095441201391839e+00 2.596615197779564177e+00
3.900481511343222962e+00 2.587583504467112494e+00
3.905875029249044950e+00 2.578582632616153614e+00
3.911276005217497520e+00 2.569612479475824163e+00
3.916684449561459669e+00 2.560672942628118509e+00
3.922100372608070984e+00 2.551763919986830498e+00
3.927523784698752518e+00 2.542885309796522719e+00
3.932954696189221444e+00 2.534037010631505105e+00
3.938393117449518144e+00 2.525218921394781990e+00
3.943839058864022196e+00 2.516430941317035153e+00
3.949292530831471471e+00 2.507672969955598852e+00
3.954753543764984336e+00 2.498944907193438869e+00
3.960222108092075644e+00 2.490246653238130659e+00
3.965698234254681598e+00 2.481578108620842826e+00
3.971181932709176632e+00 2.472939174195329493e+00
3.976673213926394723e+00 2.464329751136911550e+00
3.982172088391647602e+00 2.455749740941480130e+00
3.987678566604746955e+00 2.447199045424487629e+00
3.993192659080022189e+00 2.438677566719943623e+00
3.998714376346342192e+00 2.430185207279429882e+00
4.004243728947135317e+00 2.421721869871089172e+00
4.009780727440410253e+00 2.413287457578638939e+00
4.015325382398773790e+00 2.404881873800391201e+00
4.020877704409451248e+00 2.396505022248258232e+00
4.026437704074308677e+00 2.388156806946775124e+00
4.032005392009874178e+00 2.379837132232106356e+00
4.037580778847354779e+00 2.371545902751086565e+00
4.043163875232657745e+00 2.363283023460237775e+00
4.048754691826409235e+00 2.355048399624802613e+00
4.054353239303981837e+00 2.346841936817765095e+00
4.059959528355505221e+00 2.338663540918899386e+00
4.065573569685894562e+00 2.330513118113797688e+00
4.071195374014864754e+00 2.322390574892914561e+00
4.076824952076957054e+00 2.314295818050611242e+00
4.082462314621551513e+00 2.306228754684201743e+00
4.088107472412896293e+00 2.298189292192991395e+00
4.093760436230122757e+00 2.290177338277351371e+00
4.099421216867267681e+00 2.282192800937752786e+00
4.105089825133294568e+00 2.274235588473827452e+00
4.110766271852110521e+00 2.266305609483441064e+00
4.116450567862592003e+00 2.258402772861745511e+00
4.122142724018602600e+00 2.250526987800246292e+00
4.127842751189015225e+00 2.242678163785867707e+00
4.133550660257732545e+00 2.234856210600037141e+00
4.139266462123704748e+00 2.227061038317748931e+00
4.144990167700953521e+00 2.219292557306643765e+00
4.150721787918595140e+00 2.211550678226091637e+00
4.156461333720856466e+00 2.203835312026267257e+00
4.162208816067097139e+00 2.196146369947247656e+00
4.167964245931831790e+00 2.188483763518087155e+00
4.173727634304750467e+00 2.180847404555925184e+00
4.179498992190739948e+00 2.173237205165056363e+00
4.185278330609904174e+00 2.165653077736052090e+00
4.191065660597586451e+00 2.158094934944841281e+00
4.196860993204388102e+00 2.150562689751824408e+00
4.202664339496189783e+00 2.143056255400971999e+00
4.208475710554176352e+00 2.135575545418930243e+00
4.214295117474855523e+00 2.128120473614137698e+00
4.220122571370078290e+00 2.120690954075930890e+00
4.225958083367061136e+00 2.113286901173667243e+00
4.231801664608404678e+00 2.105908229555837785e+00
4.237653326252121211e+00 2.098554854149189186e+00
4.243513079471650684e+00 2.091226690157848456e+00
4.249380935455882913e+00 2.083923653062443648e+00
4.255256905409179780e+00 2.076645658619240997e+00
4.261141000551396552e+00 2.069392622859270947e+00
4.267033232117901420e+00 2.062164462087467509e+00
4.272933611359602146e+00 2.054961092881792517e+00
4.278842149542961160e+00 2.047782432092385196e+00
4.284758857950021316e+00 2.040628396840708181e+00
4.290683747878426324e+00 2.033498904518673989e+00
4.296616830641439400e+00 2.026393872787816353e+00
4.302558117567971685e+00 2.019313219578412699e+00
4.308507620002595573e+00 2.012256863088663028e+00
4.314465349305574016e+00 2.005224721783822606e+00
4.320431316852878290e+00 1.998216714395370630e+00
4.326405534036206646e+00 1.991232759920171569e+00
4.332388012263013621e+00 1.984272777619629169e+00
4.338378762956525136e+00 1.977336687018858674e+00
4.344377797555765142e+00 1.970424407905845943e+00
4.350385127515576045e+00 1.963535860330625438e+00
4.356400764306633810e+00 1.956670964604456442e+00
4.362424719415482599e+00 1.949829641298980842e+00
4.368457004344546313e+00 1.943011811245415332e+00
4.374497630612156129e+00 1.936217395533727847e+00
4.380546609752570930e+00 1.929446315511816668e+00
4.386603953315995064e+00 1.922698492784698399e+00
4.392669672868607655e+00 1.915973849213698177e+00
4.398743779992582148e+00 1.909272306915628992e+00
4.404826286286104953e+00 1.902593788261994767e+00
4.410917203363401207e+00 1.895938215878181676e+00
4.417016542854758754e+00 1.889305512642648122e+00
4.423124316406541467e+00 1.882695601686142250e+00
4.429240535681223001e+00 1.876108406390881278e+00
4.435365212357401887e+00 1.869543850389771222e+00
4.441498358129825519e+00 1.863001857565610209e+00
4.447639984709413241e+00 1.856482352050295770e+00
4.453790103823276780e+00 1.849985258224038365e+00
4.459948727214744224e+00 1.843510500714574230e+00
4.466115866643383114e+00 1.837058004396381783e+00
4.472291533885020876e+00 1.830627694389900029e+00
4.478475740731770571e+00 1.824219496060751400e+00
4.484668498992047780e+00 1.817833335018965712e+00
4.490869820490598130e+00 1.811469137118202566e+00
4.497079717068518612e+00 1.805126828454982402e+00
4.503298200583279787e+00 1.798806335367916454e+00
4.509525282908749766e+00 1.792507584436936474e+00
4.515760975935211086e+00 1.786230502482540228e+00
4.522005291569393570e+00 1.779975016565014556e+00
4.528258241734488543e+00 1.773741053983684202e+00
4.534519838370174583e+00 1.767528542276153525e+00
4.540790093432640617e+00 1.761337409217551109e+00
4.547069018894609904e+00 1.755167582819770367e+00
4.553356626745357794e+00 1.749018991330729467e+00
4.559652928990740151e+00 1.742891563233613050e+00
4.565957937653216447e+00 1.736785227246127716e+00
4.572271664771867528e+00 1.730699912319763056e+00
4.578594122402423139e+00 1.724635547639045807e+00
4.584925322617282362e+00 1.718592062620799998e+00
4.591265277505538478e+00 1.712569386913411984e+00
4.597613999173002064e+00 1.706567450396090813e+00
4.603971499742223195e+00 1.700586183178140809e+00
4.610337791352513648e+00 1.694625515598229493e+00
4.616712886159971774e+00 1.688685378223656608e+00
4.623096796337504699e+00 1.682765701849632034e+00
4.629489534074853196e+00 1.676866417498546147e+00
4.635891111578613888e+00 1.670987456419254391e+00
4.642301541072261450e+00 1.665128750086352971e+00
4.648720834796174373e+00 1.659290230199462757e+00
4.655149005007653606e+00 1.653471828682518296e+00
4.661586063980952765e+00 1.647673477683050391e+00
4.668032024007296776e+00 1.641895109571471334e+00
4.674486897394907636e+00 1.636136656940375911e+00
4.680950696469025729e+00 1.630398052603829528e+00
4.687423433571932918e+00 1.624679229596666108e+00
4.693905121062981856e+00 1.618980121173778874e+00
4.700395771318612859e+00 1.613300660809432241e+00
4.706895396732380554e+00 1.607640782196551266e+00
4.713404009714978748e+00 1.602000419246036644e+00
4.719921622694259078e+00 1.596379506086065936e+00
4.726448248115260320e+00 1.590777977061401671e+00
4.732983898440231485e+00 1.585195766732703015e+00
4.739528586148650469e+00 1.579632809875840982e+00
4.746082323737256914e+00 1.574089041481204099e+00
4.752645123720063758e+00 1.568564396753030277e+00
4.759216998628394535e+00 1.563058811108711810e+00
4.765797961010896699e+00 1.557572220178125466e+00
4.772388023433571824e+00 1.552104559802948813e+00
4.778987198479797804e+00 1.546655766035991642e+00
4.785595498750351950e+00 1.541225775140518062e+00
4.792212936863433193e+00 1.535814523589583036e+00
4.798839525454693167e+00 1.530421948065353588e+00
4.805475277177252202e+00 1.525047985458450439e+00
4.812120204701730408e+00 1.519692572867280544e+00
4.818774320716266324e+00 1.514355647597374732e+00
4.825437637926543566e+00 1.509037147160714021e+00
4.832110169055814808e+00 1.503737009266223001e+00
4.838791926844927538e+00 1.498455171803767305e+00
4.845482924052346263e+00 1.493191572864030814e+00
4.852183173454179155e+00 1.487946150742059492e+00
4.858892687844196701e+00 1.482718843936608577e+00
4.865611480033864567e+00 1.477509591149484658e+00
4.872339562852362249e+00 1.472318331284897974e+00
4.879076949146609721e+00 1.467145003448813823e+00
4.885823651781291410e+00 1.461989546948301077e+00
4.892579683638881960e+00 1.456851901290894480e+00
4.899345057619665766e+00 1.451732006183948487e+00
4.906119786641768066e+00 1.446629801533994897e+00
4.912903883641178915e+00 1.441545227446106914e+00
4.919697361571773619e+00 1.436478224223256994e+00
4.926500233405342044e+00 1.431428732365687795e+00
4.933312512131605487e+00 1.426396692570282010e+00
4.940134210758253985e+00 1.421382045729919552e+00
4.946965342310961411e+00 1.416384732932856050e+00
4.953805919833414784e+00 1.411404695462097347e+00
4.960655956387335586e+00 1.406441874794772451e+00
4.967515465052506407e+00 1.401496212601508917e+00
4.974384458926799368e+00 1.396567650745812017e+00
4.981262951126196548e+00 1.391656131283447229e+00
4.988150954784815738e+00 1.386761596461820512e+00
4.995048483054937982e+00 1.381883988719363687e+00
5.001955549107028887e+00 1.377023250684921374e+00
5.008872166129767933e+00 1.372179325177139475e+00
5.015798347330071572e+00 1.367352155203852782e+00
5.022734105933116311e+00 1.362541683961480565e+00
5.029679455182369807e+00 1.357747854834417511e+00
5.036634408339611291e+00 1.352970611394432199e+00
5.043598978684953771e+00 1.348209897400062918e+00
5.050573179516880451e+00 1.343465656796017704e+00
5.057557024152259828e+00 1.338737833712576153e+00
5.064550525926375002e+00 1.334026372464991672e+00
5.071553698192950321e+00 1.329331217552898847e+00
5.078566554324172699e+00 1.324652313659716807e+00
5.085589107710722701e+00 1.319989605652061693e+00
5.092621371761794968e+00 1.315343038579157353e+00
5.099663359905128424e+00 1.310712557672243150e+00
5.106715085587029357e+00 1.306098108343991759e+00
5.113776562272394521e+00 1.301499636187928077e+00
5.120847803444741331e+00 1.296917086977841693e+00
5.127928822606234505e+00 1.292350406667207796e+00
5.135019633277705609e+00 1.287799541388614077e+00
5.142120248998685916e+00 1.283264437453174089e+00
5.149230683327425062e+00 1.278745041349964362e+00
5.156350949840923015e+00 1.274241299745441980e+00
5.163481062134954058e+00 1.269753159482877036e+00
5.170621033824092549e+00 1.265280567581781312e+00
5.177770878541737787e+00 1.260823471237344506e+00
5.184930609940144208e+00 1.256381817819863356e+00
5.192100241690437379e+00 1.251955554874182086e+00
5.199279787482653070e+00 1.247544630119125530e+00
5.206469261025756801e+00 1.243148991446941798e+00
5.213668676047668704e+00 1.238768586922739834e+00
5.220878046295294617e+00 1.234403364783935642e+00
5.228097385534544728e+00 1.230053273439696948e+00
5.235326707550367331e+00 1.225718261470386539e+00
5.242566026146772806e+00 1.221398277627011142e+00
5.249815355146858487e+00 1.217093270830672092e+00
5.257074708392837081e+00 1.212803190172017542e+00
5.264344099746059769e+00 1.208527984910691799e+00
5.271623543087046393e+00 1.204267604474795750e+00
5.278913052315511223e+00 1.200021998460337525e+00
5.286212641350388708e+00 1.195791116630693374e+00
5.293522324129858347e+00 1.191574908916070985e+00
5.300842114611377554e+00 1.187373325412962366e+00
5.308172026771695862e+00 1.183186316383617376e+00
5.315512074606897563e+00 1.179013832255501493e+00
5.322862272132415917e+00 1.174855823620764239e+00
5.330222633383066899e+00 1.170712241235708273e+00
5.337593172413074072e+00 1.166583036020257369e+00
5.344973903296089901e+00 1.162468159057434169e+00
5.352364840125233947e+00 1.158367561592822614e+00
5.359765997013108851e+00 1.154281195034052798e+00
5.367177388091835866e+00 1.150209010950270283e+00
5.374599027513076166e+00 1.146150961071620511e+00
5.382030929448056611e+00 1.142106997288725001e+00
5.389473108087603492e+00 1.138077071652162431e+00
5.396925577642165628e+00 1.134061136371951495e+00
5.404388352341841006e+00 1.130059143817037981e+00
5.411861446436405210e+00 1.126071046514778073e+00
5.419344874195336281e+00 1.122096797150430758e+00
5.426838649907846701e+00 1.118136348566639793e+00
5.434342787882905590e+00 1.114189653762930998e+00
5.441857302449269795e+00 1.110256665895203332e+00
5.449382207955508761e+00 1.106337338275222404e+00
5.456917518770034725e+00 1.102431624370114660e+00
5.464463249281123147e+00 1.098539477801871111e+00
5.472019413896951789e+00 1.094660852346835522e+00
5.479586027045618479e+00 1.090795701935216133e+00
5.487163103175172196e+00 1.086943980650580288e+00
5.494750656753641493e+00 1.083105642729359941e+00
5.502348702269059366e+00 1.079280642560360048e+00
5.509957254229492563e+00 1.075468934684260525e+00
5.517576327163071781e+00 1.071670473793125966e+00
5.525205935618015651e+00 1.067885214729916932e+00
5.532846094162660044e+00 1.064113112487999890e+00
5.540496817385482942e+00 1.060354122210662275e+00
5.548158119895138185e+00 1.056608199190622210e+00
5.555830016320480347e+00 1.052875298869550447e+00
5.563512521310591374e+00 1.049155376837581644e+00
5.571205649534809012e+00 1.045448388832837416e+00
5.578909415682758777e+00 1.041754290740946276e+00
5.586623834464373495e+00 1.038073038594565123e+00
5.594348920609929721e+00 1.034404588572901851e+00
5.602084688870073492e+00 1.030748897001241282e+00
5.609831154015846977e+00 1.027105920350469770e+00
5.617588330838717781e+00 1.023475615236606240e+00
5.625356234150604706e+00 1.019857938420330346e+00
5.633134878783911503e+00 1.016252846806511068e+00
5.640924279591549073e+00 1.012660297443742419e+00
5.648724451446968331e+00 1.009080247523875151e+00
5.656535409244188628e+00 1.005512654381550686e+00
5.664357167897819956e+00 1.001957475493742811e+00
5.672189742343098473e+00 9.984146684792915005e-01
5.680033147535914040e+00 9.948841910984423942e-01
5.687887398452834198e+00 9.913660012523920484e-01
5.695752510091139698e+00 9.878600569828225320e-01
5.703628497468844039e+00 9.843663164714568925e-01
5.711515375624731661e+00 9.808847380395933069e-01
5.719413159618381037e+00 9.774152801476583274e-01
5.727321864530193984e+00 9.739579013947533559e-01
5.735241505461426748e+00 9.705125605182036708e-01
5.743172097534217535e+00 9.670792163931097862e-01
5.751113655891612275e+00 9.636578280319018086e-01
5.759066195697598367e+00 9.602483545838912393e-01
5.767029732137132214e+00 9.568507553348256645e-01
5.775004280416167646e+00 9.534649897064471080e-01
5.782989855761685227e+00 9.500910172560491640e-01
5.790986473421718017e+00 9.467287976760375701e-01
5.798994148665387982e+00 9.433782907934894491e-01
5.807012896782928202e+00 9.400394565697156590e-01
5.815042733085716620e+00 9.367122550998263630e-01
5.823083672906304464e+00 9.333966466122936012e-01
5.831135731598438454e+00 9.300925914685200802e-01
5.839198924537103430e+00 9.268000501624028553e-01
5.847273267118541007e+00 9.235189833199070053e-01
5.855358774760283325e+00 9.202493516986326449e-01
5.863455462901181470e+00 9.169911161873895988e-01
5.871563347001434785e+00 9.137442378057674119e-01
5.879682442542620180e+00 9.105086777037114665e-01
5.887812765027723216e+00 9.072843971610996539e-01
5.895954329981166531e+00 9.040713575873183805e-01
5.904107152948840032e+00 9.008695205208387957e-01
5.912271249498130210e+00 8.976788476288006802e-01
5.920446635217947673e+00 8.944993007065930035e-01
5.928633325718760894e+00 8.913308416774331500e-01
5.936831336632625522e+00 8.881734325919519168e-01
5.945040683613211030e+00 8.850270356277811779e-01
5.953261382335834462e+00 8.818916130891367722e-01
5.961493448497483527e+00 8.787671274064093874e-01
5.969736897816857457e+00 8.756535411357511123e-01
5.977991746034388321e+00 8.725508169586648766e-01
5.986258008912273887e+00 8.694589176815986642e-01
5.994535702234507824e+00 8.663778062355383947e-01
6.002824841806909006e+00 8.633074456755989168e-01
6.011125443457152606e+00 8.602477991806229962e-01
6.019437523034800286e+00 8.571988300527755289e-01
6.027761096411331287e+00 8.541605017171415293e-01
6.036096179480169077e+00 8.511327777213270052e-01
6.044442788156718649e+00 8.481156217350579452e-01
6.052800938378385176e+00 8.451089975497851903e-01
6.061170646104619308e+00 8.421128690782823112e-01
6.069551927316935824e+00 8.391272003542514790e-01
6.077944798018950046e+00 8.361519555318136510e-01
6.086349274236408924e+00 8.331870988823931734e-01
6.094765372017212357e+00 8.302325947943278717e-01
6.103193107431458486e+00 8.272884077752653553e-01
6.111632496571464124e+00 8.243545024519066677e-01
6.120083555551798504e+00 8.214308435696173749e-01
6.128546300509313483e+00 8.185173959920390985e-01
6.137020747603173731e+00 8.156141247007032691e-01
6.145506913014890493e+00 8.127209947946447688e-01
6.154004812948349112e+00 8.098379714900204585e-01
6.162514463629841899e+00 8.069650201197219319e-01
6.171035881308100990e+00 8.041021061329972630e-01
6.179569082254320556e+00 8.012491950950709763e-01
6.188114082762200319e+00 7.984062526867619081e-01
6.196670899147968647e+00 7.955732447041056199e-01
6.205239547750416307e+00 7.927501370579806972e-01
6.213820044930924880e+00 7.899368957737294972e-01
6.222412407073504959e+00 7.871334869907828935e-01
6.231016650584815686e+00 7.843398769622943467e-01
6.239632791894207386e+00 7.815560320547572104e-01
6.248260847453749989e+00 7.787819187476411331e-01
6.256900833738259671e+00 7.760175036330204668e-01
6.265552767245337940e+00 7.732627534152028970e-01
6.274216664495391171e+00 7.705176349103685096e-01
6.282892542031677685e+00 7.677821150461965338e-01
6.291580416420329058e+00 7.650561608615031872e-01
6.300280304250382102e+00 7.623397395058785220e-01
6.308992222133817940e+00 7.596328182393221606e-01
6.317716186705579773e+00 7.569353644318838059e-01
6.326452214623621728e+00 7.542473455632986434e-01
6.335200322568927511e+00 7.515687292226334026e-01
6.343960527245549486e+00 7.488994831079229808e-01
6.352732845380636206e+00 7.462395750258167260e-01
6.361517293724469724e+00 7.435889728912211671e-01
6.370313889050487788e+00 7.409476447269474075e-01
6.379122648155327369e+00 7.383155586633516343e-01
6.387943587858849526e+00 7.356926829379906163e-01
6.396776725004174047e+00 7.330789858952641014e-01
6.405622076457713199e+00 7.304744359860657621e-01
6.414479659109196596e+00 7.278790017674371393e-01
6.423349489871712947e+00 7.252926519022154794e-01
6.432231585681736696e+00 7.227153551586888991e-01
6.441125963499162665e+00 7.201470804102501067e-01
6.450032640307337140e+00 7.175877966350517889e-01
6.458951633113088064e+00 7.150374729156622200e-01
6.467882958946764127e+00 7.124960784387237567e-01
6.476826634862261400e+00 7.099635824946103346e-01
6.485782677937057095e+00 7.074399544770881842e-01
6.494751105272246861e+00 7.049251638829739930e-01
6.503731933992566105e+00 7.024191803118007282e-01
6.512725181246435291e+00 6.999219734654769098e-01
6.521730864205987466e+00 6.974335131479523220e-01
6.530749000067099352e+00 6.949537692648811715e-01
6.539779606049426874e+00 6.924827118232910195e-01
6.548822699396437130e+00 6.900203109312477157e-01
6.557878297375437704e+00 6.875665367975236641e-01
6.566946417277618409e+00 6.851213597312676429e-01
6.576027076418075268e+00 6.826847501416756225e-01
6.585120292135848707e+00 6.802566785376592540e-01
6.594226081793958194e+00 6.778371155275227933e-01
6.603344462779424440e+00 6.754260318186335876e-01
6.612475452503318252e+00 6.730233982170953366e-01
6.621619068400783625e+00 6.706291856274272378e-01
6.630775327931072383e+00 6.682433650522372481e-01
6.639944248577583252e+00 6.658659075919001191e-01
6.649125847847882298e+00 6.634967844442394291e-01
6.658320143273751768e+00 6.611359669042032872e-01
6.667527152411214963e+00 6.587834263635443666e-01
6.676746892840570879e+00 6.564391343105056009e-01
6.685979382166427953e+00 6.541030623294998847e-01
6.695224638017739593e+00 6.517751821007944368e-01
6.704482678047831712e+00 6.494554654001957195e-01
6.713753519934446246e+00 6.471438840987348007e-01
6.723037181379766913e+00 6.448404101623541607e-01
6.732333680110456520e+00 6.425450156515959410e-01
6.741643033877691593e+00 6.402576727212881957e-01
6.750965260457189032e+00 6.379783536202396910e-01
6.760300377649250514e+00 6.357070306909252677e-01
6.769648403278791804e+00 6.334436763691791983e-01
6.779009355195374731e+00 6.311882631838899860e-01
6.788383251273246266e+00 6.289407637566900577e-01
6.797770109411362505e+00 6.267011508016558929e-01
6.807169947533437515e+00 6.244693971249967168e-01
6.816582783587967320e+00 6.222454756247567387e-01
6.826008635548265424e+00 6.200293592905101736e-01
6.835447521412501892e+00 6.178210212030591508e-01
6.844899459203728220e+00 6.156204345341361739e-01
6.854364466969924408e+00 6.134275725461002526e-01
6.863842562784023826e+00 6.112424085916428051e-01
6.873333764743951413e+00 6.090649161134858991e-01
6.882838090972656531e+00 6.068950686440883757e-01
6.892355559618151162e+00 6.047328398053480880e-01
6.901886188853538329e+00 6.025782033083098010e-01
6.911429996877052950e+00 6.004311329528678742e-01
6.920987001912094705e+00 5.982916026274760490e-01
6.930557222207260004e+00 5.961595863088540170e-01
6.940140676036383738e+00 5.940350580616958753e-01
6.949737381698561478e+00 5.919179920383832449e-01
6.959347357518199217e+00 5.898083624786912837e-01
6.968970621845040014e+00 5.877061437095040253e-01
6.978607193054200408e+00 5.856113101445258318e-01
6.988257089546205947e+00 5.835238362839942905e-01
6.997920329747023160e+00 5.814436967143957746e-01
7.007596932108102195e+00 5.793708661081805600e-01
7.017286915106404344e+00 5.773053192234784969e-01
7.026990297244443795e+00 5.752470309038169027e-01
7.036707097050316939e+00 5.731959760778385649e-01
7.046437333077739673e+00 5.711521297590206325e-01
7.056181023906085592e+00 5.691154670453948405e-01
7.065938188140420628e+00 5.670859631192669559e-01
7.075708844411534137e+00 5.650635932469409983e-01
7.085493011375980643e+00 5.630483327784403524e-01
7.095290707716112699e+00 5.610401571472292126e-01
7.105101952140112864e+00 5.590390418699426878e-01
7.114926763382036334e+00 5.570449625461060261e-01
7.124765160201842917e+00 5.550578948578632765e-01
7.134617161385433448e+00 5.530778145697055059e-01
7.144482785744687092e+00 5.511046975281954641e-01
7.154362052117490656e+00 5.491385196617012410e-01
7.164254979367782994e+00 5.471792569801211537e-01
7.174161586385589651e+00 5.452268855746158494e-01
7.184081892087053056e+00 5.432813816173409638e-01
7.194015915414477824e+00 5.413427213611776700e-01
7.203963675336353845e+00 5.394108811394673353e-01
7.213925190847406022e+00 5.374858373657441790e-01
7.223900480968624471e+00 5.355675665334698188e-01
7.233889564747300049e+00 5.336560452157704804e-01
7.243892461257061655e+00 5.317512500651725427e-01
7.253909189597915308e+00 5.298531578133400810e-01
7.263939768896272575e+00 5.279617452708124103e-01
7.273984218304998528e+00 5.260769893267447372e-01
7.284042557003439278e+00 5.241988669486461472e-01
7.294114804197462831e+00 5.223273551821214777e-01
7.304200979119497283e+00 5.204624311506125256e-01
7.314301101028558350e+00 5.186040720551410299e-01
7.324415189210299104e+00 5.167522551740509895e-01
7.334543262977036626e+00 5.149069578627524235e-01
7.344685341667796408e+00 5.130681575534674632e-01
7.354841444648343440e+00 5.112358317549754450e-01
7.365011591311218631e+00 5.094099580523598902e-01
7.375195801075783208e+00 5.075905141067534876e-01
7.385394093388248926e+00 5.057774776550907347e-01
7.395606487721718025e+00 5.039708265098515882e-01
7.405833003576222318e+00 5.021705385588146608e-01
7.416073660478749829e+00 5.003765917648086425e-01
7.426328477983297205e+00 4.985889641654590587e-01
7.436597475670899904e+00 4.968076338729451868e-01
7.446880673149667729e+00 4.950325790737497011e-01
7.457178090054823905e+00 4.932637780284155893e-01
7.467489746048745047e+00 4.915012090712969073e-01
7.477815660820993138e+00 4.897448506103173616e-01
7.488155854088359042e+00 4.879946811267256157e-01
7.498510345594897153e+00 4.862506791748498758e-01
7.508879155111963577e+00 4.845128233818593033e-01
7.519262302438256995e+00 4.827810924475187115e-01
7.529659807399845306e+00 4.810554651439515883e-01
7.540071689850218917e+00 4.793359203153970682e-01
7.550497969670318277e+00 4.776224368779722895e-01
7.560938666768576510e+00 4.759149938194335294e-01
7.571393801080956720e+00 4.742135701989375063e-01
7.581863392570982185e+00 4.725181451468073446e-01
7.592347461229789651e+00 4.708286978642930443e-01
7.602846027076154201e+00 4.691452076233393331e-01
7.613359110156536325e+00 4.674676537663465248e-01
7.623886730545113011e+00 4.657960157059427009e-01
7.634428908343823927e+00 4.641302729247444581e-01
7.644985663682397181e+00 4.624704049751306445e-01
7.655557016718403496e+00 4.608163914783518500e-01
7.666142987637284634e+00 4.591682121209793022e-01
7.676743596652395141e+00 4.575258466572118543e-01
7.687358864005040537e+00 4.558892749101698394e-01
7.697988809964511070e+00 4.542584767716694727e-01
7.708633454828130560e+00 4.526334322019917034e-01
7.719292818921287491e+00 4.510141212296577828e-01
7.729966922597476753e+00 4.494005239511985605e-01
7.740655786238338720e+00 4.477926205309301633e-01
7.751359430253691229e+00 4.461903912007290085e-01
7.762077875081581091e+00 4.445938162598037646e-01
7.772811141188314288e+00 4.430028760744741390e-01
7.783559249068496833e+00 4.414175510779457245e-01
7.794322219245076511e+00 4.398378217700876225e-01
7.805100072269373079e+00 4.382636687172111745e-01
7.815892828721133334e+00 4.366950725518463639e-01
7.826700509208555090e+00 4.351320139725244340e-01
7.837523134368336031e+00 4.335744737435543450e-01
7.848360724865709237e+00 4.320224326948065574e-01
7.859213301394484041e+00 4.304758717214929309e-01
7.870080884677079780e+00 4.289347717839500085e-01
7.880963495464576418e+00 4.273991139074207468e-01
7.891861154536745637e+00 4.258688791818383557e-01
7.902773882702094355e+00 4.243440487616116363e-01
7.913701700797903804e+00 4.228246038654088768e-01
7.924644629690262398e+00 4.213105257759449662e-01
7.935602690274119020e+00 4.198017958397653460e-01
7.946575903473313218e+00 4.182983954670363436e-01
7.957564290240617844e+00 4.168003061313297897e-01
7.968567871557779903e+00 4.153075093694136855e-01
7.979586668435554309e+00 4.138199867810414267e-01
7.990620701913756285e+00 4.123377200287398625e-01
8.001669993061289787e+00 4.108606908376016831e-01
8.012734562976197239e+00 4.093888809950749774e-01
8.023814432785689732e+00 4.079222723507574533e-01
8.034909623646194987e+00 4.064608468161865495e-01
8.046020156743395546e+00 4.050045863646343225e-01
8.057146053292271404e+00 4.035534730309007223e-01
8.068287334537131983e+00 4.021074889111085349e-01
8.079444021751669425e+00 4.006666161624977684e-01
8.090616136238994116e+00 3.992308370032224274e-01
8.101803699331661335e+00 3.978001337121483405e-01
8.113006732391740528e+00 3.963744886286469926e-01
8.124225256810829521e+00 3.949538841523974608e-01
8.135459294010111364e+00 3.935383027431807457e-01
8.146708865440391634e+00 3.921277269206826510e-01
8.157973992582126854e+00 3.907221392642930557e-01
8.169254696945490224e+00 3.893215224129039087e-01
8.180551000070389378e+00 3.879258590647133853e-01
8.191862923526521456e+00 3.865351319770258809e-01
8.203190488913408629e+00 3.851493239660554457e-01
8.214533717860438955e+00 3.837684179067290535e-01
8.225892632026912565e+00 3.823923967324888706e-01
8.237267253102075415e+00 3.810212434350983002e-01
8.248657602805167244e+00 3.796549410644467493e-01
8.260063702885464210e+00 3.782934727283537857e-01
8.271485575122312639e+00 3.769368215923774024e-01
8.282923241325173436e+00 3.755849708796212272e-01
8.294376723333668266e+00 3.742379038705389016e-01
8.305846043017620417e+00 3.728956039027458980e-01
8.317331222277088543e+00 3.715580543708261185e-01
8.328832283042419959e+00 3.702252387261426025e-01
8.340349247274282618e+00 3.688971404766464013e-01
8.351882136963713066e+00 3.675737431866890614e-01
8.363430974132157303e+00 3.662550304768312781e-01
8.374995780831511638e+00 3.649409860236573211e-01
8.386576579144167098e+00 3.636315935595859639e-01
8.398173391183044956e+00 3.623268368726847988e-01
8.409786239091648241e+00 3.610266998064830535e-01
8.421415145044097272e+00 3.597311662597861837e-01
8.433060131245175839e+00 3.584402201864911874e-01
8.444721219930375611e+00 3.571538455954011981e-01
8.456398433365926337e+00 3.558720265500434077e-01
8.468091793848852689e+00 3.545947471684842145e-01
8.479801323707011562e+00 3.533219916231470914e-01
8.491527045299132936e+00 3.520537441406308976e-01
8.503268981014866057e+00 3.507899890015279132e-01
8.515027153274818517e+00 3.495307105402430392e-01
8.526801584530597111e+00 3.482758931448145523e-01
8.538592297264862907e+00 3.470255212567324721e-01
8.550399313991357886e+00 3.457795793707614807e-01
8.562222657254958236e+00 3.445380520347607334e-01
8.574062349631720537e+00 3.433009238495072224e-01
8.585918413728906629e+00 3.420681794685181965e-01
8.597790872185049338e+00 3.408398035978736917e-01
8.609679747669982675e+00 3.396157809960410612e-01
8.621585062884889794e+00 3.383960964736985599e-01
8.633506840562342077e+00 3.371807348935615400e-01
8.645445103466341763e+00 3.359696811702075347e-01
8.657399874392378791e+00 3.347629202699010098e-01
8.669371176167455673e+00 3.335604372104221671e-01
8.681359031650144331e+00 3.323622170608927506e-01
8.693363463730621632e+00 3.311682449416044616e-01
8.705384495330720895e+00 3.299785060238469847e-01
8.717422149403963871e+00 3.287929855297376802e-01
8.729476448935621136e+00 3.276116687320495546e-01
8.741547416942742288e+00 3.264345409540429510e-01
8.753635076474202137e+00 3.252615875692952407e-01
8.765739450610755767e+00 3.240927940015320141e-01
8.777860562465059857e+00 3.229281457244596032e-01
8.789998435181745506e+00 3.217676282615958838e-01
8.802153091937437779e+00 3.206112271861044638e-01
8.814324555940816097e+00 3.194589281206270948e-01
8.826512850432649770e+00 3.183107167371183044e-01
8.838717998685840627e+00 3.171665787566797512e-01
8.850940024005481632e+00 3.160264999493940241e-01
8.863178949728883538e+00 3.148904661341623279e-01
8.875434799225631721e+00 3.137584631785382827e-01
8.887707595897625268e+00 3.126304769985659426e-01
8.899997363179121379e+00 3.115064935586172035e-01
8.912304124536785110e+00 3.103864988712276562e-01
8.924627903469726675e+00 3.092704789969372703e-01
8.936968723509554735e+00 3.081584200441266352e-01
8.949326608220415480e+00 3.070503081688582547e-01
8.961701581199040589e+00 3.059461295747149534e-01
8.974093666074782760e+00 3.048458705126416701e-01
8.986502886509681431e+00 3.037495172807838650e-01
8.998929266198485877e+00 3.026570562243320883e-01
9.011372828868713825e+00 3.015684737353606093e-01
9.023833598280697643e+00 3.004837562526720962e-01
9.036311598227612762e+00 2.994028902616400201e-01
9.048806852535546952e+00 2.983258622940516136e-01
9.061319385063530518e+00 2.972526589279516074e-01
9.073849219703582492e+00 2.961832667874876868e-01
9.086396380380767468e+00 2.951176725427543390e-01
9.098960891053222255e+00 2.940558629096398091e-01
9.111542775712219822e+00 2.929978246496702798e-01
9.124142058382204823e+00 2.919435445698576048e-01
9.136758763120848670e+00 2.908930095225453205e-01
9.149392914019081502e+00 2.898462064052576004e-01
9.162044535201147255e+00 2.888031221605462107e-01
9.174713650824651623e+00 2.877637437758384653e-01
9.187400285080602913e+00 2.867280582832874014e-01
9.200104462193461785e+00 2.856960527596210109e-01
9.212826206421187436e+00 2.846677143259910281e-01
9.225565542055278456e+00 2.836430301478256033e-01
9.238322493420822568e+00 2.826219874346779792e-01
9.251097084876549914e+00 2.816045734400794975e-01
9.263889340814868589e+00 2.805907754613906624e-01
9.276699285661916150e+00 2.795805808396542580e-01
9.289526943877612908e+00 2.785739769594472448e-01
9.302372339955690350e+00 2.775709512487354869e-01
9.315235498423758642e+00 2.765714911787266472e-01
9.328116443843340377e+00 2.755755842637247488e-01
9.341015200809922092e+00 2.745832180609852902e-01
9.353931793953005780e+00 2.735943801705695289e-01
9.366866247936137313e+00 2.726090582352025393e-01
9.379818587456979273e+00 2.716272399401268300e-01
9.392788837247341149e+00 2.706489130129607346e-01
9.405777022073234406e+00 2.696740652235546931e-01
9.418783166734909784e+00 2.687026843838496992e-01
9.431807296066921253e+00 2.677347583477350246e-01
9.444849434938150878e+00 2.667702750109070542e-01
9.457909608251878097e+00 2.658092223107280105e-01
9.470987840945817027e+00 2.648515882260853438e-01
9.484084157992164421e+00 2.638973607772525098e-01
9.497198584397649412e+00 2.629465280257486381e-01
9.510331145203574366e+00 2.619990780742002534e-01
9.523481865485873499e+00 2.610549990662016095e-01
9.536650770355153739e+00 2.601142791861774661e-01
9.549837884956749789e+00 2.591769066592445325e-01
9.563043234470759657e+00 2.582428697510747995e-01
9.576266844112099719e+00 2.573121567677590926e-01
9.589508739130559789e+00 2.563847560556692384e-01
9.602768944810840424e+00 2.554606560013241712e-01
9.616047486472604433e+00 2.545398450312523209e-01
9.629344389470530174e+00 2.536223116118530019e-01
9.642659679194350630e+00 2.527080442484581635e-01
9.655993381068910253e+00 2.517970314843459012e-01
9.669345520554212925e+00 2.508892619020959835e-01
9.682716123145462817e+00 2.499847241236667905e-01
9.696105214373123005e+00 2.490834068102614485e-01
9.709512819802961658e+00 2.481852986621953250e-01
9.722938965036087566e+00 2.472903884187650503e-01
9.736383675709021190e+00 2.463986648581147354e-01
9.749846977493730193e+00 2.455101167971052711e-01
9.763328896097680953e+00 2.446247330911839324e-01
9.776829457263886525e+00 2.437425026342531775e-01
9.790348686770954600e+00 2.428634143585411409e-01
9.803886610433142579e+00 2.419874572344712371e-01
9.817443254100403749e+00 2.411146202705333197e-01
9.831018643658435252e+00 2.402448925131550617e-01
9.844612805028731373e+00 2.393782630465727257e-01
9.858225764168620842e+00 2.385147209927046819e-01
9.871857547071334338e+00 2.376542555110223165e-01
9.885508179766045345e+00 2.367968557984238276e-01
9.899177688317916335e+00 2.359425110891072430e-01
9.912866098828153838e+00 2.350912106544440217e-01
9.926573437434059954e+00 2.342429438028534039e-01
9.940299730309069659e+00 2.333976998796773172e-01
9.954045003662820079e+00 2.325554682670541717e-01
9.967809283741186022e+00 2.317162383837953199e-01
9.981592596826335040e+00 2.308799996852608505e-01
9.995394969236780724e+00 2.300467416632345496e-01
1.000921642732741645e+01 2.292164538458029421e-01
1.002305699748960244e+01 2.283891257972289479e-01
1.003691670615116927e+01 2.275647471178324777e-01
1.005079557977649785e+01 2.267433074438668927e-01
1.006469364486657447e+01 2.259247964473965475e-01
1.007861092795901570e+01 2.251092038361768854e-01
1.009254745562814826e+01 2.242965193535319812e-01
1.010650325448503217e+01 2.234867327782359137e-01
1.012047835117752470e+01 2.226798339243911407e-01
1.013447277239034960e+01 2.218758126413081511e-01
1.014848654484510604e+01 2.210746588133883639e-01
1.016251969530036270e+01 2.202763623600029474e-01
1.017657225055167736e+01 2.194809132353754411e-01
1.019064423743165904e+01 2.186883014284638493e-01
1.020473568281003551e+01 2.178985169628409047e-01
1.021884661359367108e+01 2.171115498965798252e-01
1.023297705672665181e+01 2.163273903221340499e-01
1.024712703919031043e+01 2.155460283662230803e-01
1.026129658800328848e+01 2.147674541897149902e-01
1.027548573022160383e+01 2.139916579875104918e-01
1.028969449293866489e+01 2.132186299884287484e-01
1.030392290328536653e+01 2.124483604550904403e-01
1.031817098843009894e+01 2.116808396838048556e-01
1.033243877557884005e+01 2.109160580044539546e-01
1.034672629197517146e+01 2.101540057803799877e-01
1.036103356490034955e+01 2.093946734082711147e-01
1.037536062167336937e+01 2.086380513180476071e-01
1.038970748965097890e+01 2.078841299727507141e-01
1.040407419622777851e+01 2.071328998684282274e-01
1.041846076883623162e+01 2.063843515340242074e-01
1.043286723494673573e+01 2.056384755312666568e-01
1.044729362206768997e+01 2.048952624545550272e-01
1.046173995774550924e+01 2.041547029308515560e-01
1.047620626956472201e+01 2.034167876195684954e-01
1.049069258514798442e+01 2.026815072124594497e-01
1.050519893215614431e+01 2.019488524335092405e-01
1.051972533828832113e+01 2.012188140388228852e-01
1.053427183128191125e+01 2.004913828165191259e-01
1.054883843891268569e+01 1.997665495866192409e-01
1.056342518899481142e+01 1.990443052009403802e-01
1.057803210938090999e+01 1.983246405429868464e-01
1.059265922796214277e+01 1.976075465278414878e-01
1.060730657266820742e+01 1.968930141020606150e-01
1.062197417146744804e+01 1.961810342435646448e-01
1.063666205236686935e+01 1.954715979615329891e-01
1.065137024341219885e+01 1.947646962962980288e-01
1.066609877268796325e+01 1.940603203192374504e-01
1.068084766831750265e+01 1.933584611326709390e-01
1.069561695846306826e+01 1.926591098697527094e-01
1.071040667132583479e+01 1.919622576943688375e-01
1.072521683514597512e+01 1.912678958010318175e-01
1.074004747820272776e+01 1.905760154147750907e-01
1.075489862881441461e+01 1.898866077910523753e-01
1.076977031533853513e+01 1.891996642156306141e-01
1.078466256617178587e+01 1.885151760044896374e-01
1.079957540975013153e+01 1.878331345037184408e-01
1.081450887454887066e+01 1.871535310894117676e-01
1.082946298908265526e+01 1.864763571675701892e-01
1.084443778190559371e+01 1.858016041739956603e-01
1.085943328161125265e+01 1.851292635741928483e-01
1.087444951683275818e+01 1.844593268632658545e-01
1.088948651624281538e+01 1.837917855658189326e-01
1.090454430855377765e+01 1.831266312358556247e-01
1.091962292251771771e+01 1.824638554566779536e-01
1.093472238692644183e+01 1.818034498407882782e-01
1.094984273061159463e+01 1.811454060297878199e-01
1.096498398244466976e+01 1.804897156942797953e-01
1.098014617133708448e+01 1.798363705337694685e-01
1.099532932624025250e+01 1.791853622765650356e-01
1.101053347614559463e+01 1.785366826796817019e-01
1.102575865008464540e+01 1.778903235287415951e-01
1.104100487712907075e+01 1.772462766378777310e-01
1.105627218639072851e+01 1.766045338496369244e-01
1.107156060702175360e+01 1.759650870348820062e-01
1.108687016821456872e+01 1.753279280926963168e-01
1.110220089920198738e+01 1.746930489502871997e-01
1.111755282925722632e+01 1.740604415628901058e-01
1.113292598769398190e+01 1.734300979136739196e-01
1.114832040386649936e+01 1.728020100136438697e-01
1.116373610716959774e+01 1.721761699015487146e-01
1.117917312703876043e+01 1.715525696437851799e-01
1.119463149295015647e+01 1.709312013343036452e-01
1.121011123442071700e+01 1.703120570945153012e-01
1.122561238100820624e+01 1.696951290731963935e-01
1.124113496231123221e+01 1.690804094463977947e-01
1.125667900796935861e+01 1.684678904173490532e-01
1.127224454766311901e+01 1.678575642163679382e-01
1.128783161111408262e+01 1.672494231007677079e-01
1.130344022808493776e+01 1.666434593547634346e-01
1.131907042837950605e+01 1.660396652893828817e-01
1.133472224184284372e+01 1.654380332423722733e-01
1.135039569836125750e+01 1.648385555781077261e-01
1.136609082786237934e+01 1.642412246875028792e-01
1.138180766031524627e+01 1.636460329879179110e-01
1.139754622573031106e+01 1.630529729230716929e-01
1.141330655415954531e+01 1.624620369629485861e-01
1.142908867569646070e+01 1.618732176037119552e-01
1.144489262047618006e+01 1.612865073676129080e-01
1.146071841867551733e+01 1.607018988029010886e-01
1.147656610051298642e+01 1.601193844837380531e-01
1.149243569624891492e+01 1.595389570101058974e-01
1.150832723618544762e+01 1.589606090077221034e-01
1.152424075066665488e+01 1.583843331279490008e-01
1.154017627007854685e+01 1.578101220477080013e-01
1.155613382484915519e+01 1.572379684693923085e-01
1.157211344544860054e+01 1.566678651207781547e-01
1.158811516238911388e+01 1.560998047549409240e-01
1.160413900622514305e+01 1.555337801501659734e-01
1.162018500755337058e+01 1.549697841098642836e-01
1.163625319701278116e+01 1.544078094624868058e-01
1.165234360528475221e+01 1.538478490614369754e-01
1.166845626309305395e+01 1.532898957849883337e-01
1.168459120120397365e+01 1.527339425361965430e-01
1.170074845042631750e+01 1.521799822428175630e-01
1.171692804161149759e+01 1.516280078572213030e-01
1.173313000565360120e+01 1.510780123563077171e-01
1.174935437348941392e+01 1.505299887414245918e-01
1.176560117609852441e+01 1.499839300382814766e-01
1.178187044450333865e+01 1.494398292968688868e-01
1.179816220976916519e+01 1.488976795913736217e-01
1.181447650300427910e+01 1.483574740200968023e-01
1.183081335535995571e+01 1.478192057053714370e-01
1.184717279803056300e+01 1.472828677934793495e-01
1.186355486225359179e+01 1.467484534545712704e-01
1.187995957930972324e+01 1.462159558825832928e-01
1.189638698052291232e+01 1.456853682951562701e-01
1.191283709726040563e+01 1.451566839335551862e-01
1.192930996093284612e+01 1.446298960625871100e-01
1.194580560299429095e+01 1.441049979705225914e-01
1.196232405494229845e+01 1.435819829690136162e-01
1.197886534831799032e+01 1.430608443930145857e-01
1.199542951470608365e+01 1.425415756007024637e-01
1.201201658573499564e+01 1.420241699733965912e-01
1.202862659307685789e+01 1.415086209154811925e-01
1.204525956844759804e+01 1.409949218543246896e-01
1.206191554360701801e+01 1.404830662402019870e-01
1.207859455035881346e+01 1.399730475462158952e-01
1.209529662055068222e+01 1.394648592682189159e-01
1.211202178607433311e+01 1.389584949247357482e-01
1.212877007886560321e+01 1.384539480568233727e-01
1.214554153090446853e+01 1.379512122271167596e-01
1.216233617421512747e+01 1.374502810199689229e-01
1.217915404086607900e+01 1.369511480421015115e-01
1.219599516297014041e+01 1.364538069225479655e-01
1.221285957268456102e+01 1.359582513125763559e-01
1.222974730221103457e+01 1.354644748856143888e-01
1.224665838379578808e+01 1.349724713371720231e-01
1.226359284972964936e+01 1.344822343847664747e-01
1.228055073234808070e+01 1.339937577678466385e-01
1.229753206403127663e+01 1.335070352477170930e-01
1.231453687720418877e+01 1.330220606074645762e-01
1.233156520433660575e+01 1.325388276518818520e-01
1.234861707794323316e+01 1.320573302073937971e-01
1.236569253058371487e+01 1.315775621219833214e-01
1.238279159486274139e+01 1.310995172651163998e-01
1.239991430343006584e+01 1.306231895276700194e-01
1.241706068898059456e+01 1.301485728218571003e-01
1.243423078425445816e+01 1.296756610811539701e-01
1.245142462203703992e+01 1.292044482602273114e-01
1.246864223515907533e+01 1.287349283348612483e-01
1.248588365649668752e+01 1.282670953018847093e-01
1.250314891897145486e+01 1.278009431791000960e-01
1.252043805555049794e+01 1.273364660052094810e-01
1.253775109924650089e+01 1.268736578397444414e-01
1.255508808311782154e+01 1.264125127629938117e-01
1.257244904026851096e+01 1.259530248759324067e-01
1.258983400384839513e+01 1.254951883001504398e-01
1.260724300705315848e+01 1.250389971777815523e-01
1.262467608312436518e+01 1.245844456714335496e-01
1.264213326534956749e+01 1.241315279641172359e-01
1.265961458706232712e+01 1.236802382591764699e-01
1.267712008164230397e+01 1.232305707802189704e-01
1.269464978251532905e+01 1.227825197710448596e-01
1.271220372315342928e+01 1.223360794955798692e-01
1.272978193707494299e+01 1.218912442378034672e-01
1.274738445784453056e+01 1.214480083016823697e-01
1.276501131907329167e+01 1.210063660110997225e-01
1.278266255441878307e+01 1.205663117097881404e-01
1.280033819758510205e+01 1.201278397612607352e-01
1.281803828232297171e+01 1.196909445487433499e-01
1.283576284242975873e+01 1.192556204751065996e-01
1.285351191174958707e+01 1.188218619627985501e-01
1.287128552417336813e+01 1.183896634537769943e-01
1.288908371363886829e+01 1.179590194094432692e-01
1.290690651413080658e+01 1.175299243105736857e-01
1.292475395968086893e+01 1.171023726572551077e-01
1.294262608436782713e+01 1.166763589688162989e-01
1.296052292231755310e+01 1.162518777837632938e-01
1.297844450770311120e+01 1.158289236597132149e-01
1.299639087474483645e+01 1.154074911733272424e-01
1.301436205771035937e+01 1.149875749202472486e-01
1.303235809091471964e+01 1.145691695150282269e-01
1.305037900872038925e+01 1.141522695910746760e-01
1.306842484553735240e+01 1.137368698005757628e-01
1.308649563582320141e+01 1.133229648144392782e-01
1.310459141408314032e+01 1.129105493222291312e-01
1.312271221487012163e+01 1.124996180320993883e-01
1.314085807278485341e+01 1.120901656707312816e-01
1.315902902247588635e+01 1.116821869832696212e-01
1.317722509863970437e+01 1.112756767332579028e-01
1.319544633602074768e+01 1.108706297025768284e-01
1.321369276941151760e+01 1.104670406913792202e-01
1.323196443365261388e+01 1.100649045180289026e-01
1.325026136363280926e+01 1.096642160190367671e-01
1.326858359428914191e+01 1.092649700489982667e-01
1.328693116060693313e+01 1.088671614805324650e-01
1.330530409761990462e+01 1.084707852042179760e-01
1.332370244041020868e+01 1.080758361285326374e-01
1.334212622410850457e+01 1.076823091797915466e-01
1.336057548389404914e+01 1.072901993020846795e-01
1.337905025499471812e+01 1.068995014572173274e-01
1.339755057268712868e+01 1.065102106246470226e-01
1.341607647229664835e+01 1.061223218014248348e-01
1.343462798919752110e+01 1.057358300021327691e-01
1.345320515881288337e+01 1.053507302588247291e-01
1.347180801661485816e+01 1.049670176209660938e-01
1.349043659812463147e+01 1.045846871553726409e-01
1.350909093891248780e+01 1.042037339461524964e-01
1.352777107459792205e+01 1.038241530946447250e-01
1.354647704084966264e+01 1.034459397193614322e-01
1.356520887338575854e+01 1.030690889559277151e-01
1.358396660797367161e+01 1.026935959570222795e-01
1.360275028043029444e+01 1.023194558923202074e-01
1.362155992662207282e+01 1.019466639484325893e-01
1.364039558246503070e+01 1.015752153288491527e-01
1.365925728392485183e+01 1.012051052538798096e-01
1.367814506701697752e+01 1.008363289605961610e-01
1.369705896780661902e+01 1.004688817027749731e-01
1.371599902240888724e+01 1.001027587508387523e-01
1.373496526698881404e+01 9.973795539180008163e-02
1.375395773776143571e+01 9.937446692920309799e-02
1.377297647099188893e+01 9.901228868306706510e-02
1.379202150299542851e+01 9.865141598982953008e-02
1.381109287013755527e+01 9.829184420228907759e-02
1.383019060883403384e+01 9.793356868955001293e-02
1.384931475555097968e+01 9.757658483696493579e-02
1.386846534680496212e+01 9.722088804607928458e-02
1.388764241916300968e+01 9.686647373457531185e-02
1.390684600924274505e+01 9.651333733621628164e-02
1.392607615371240826e+01 9.616147430079115266e-02
1.394533288929093651e+01 9.581088009405910877e-02
1.396461625274806906e+01 9.546155019769445027e-02
1.398392628090435785e+01 9.511348010923167950e-02
1.400326301063129719e+01 9.476666534201073910e-02
1.402262647885134861e+01 9.442110142512236126e-02
1.404201672253802613e+01 9.407678390335376395e-02
1.406143377871599398e+01 9.373370833713440264e-02
1.408087768446108434e+01 9.339187030248195798e-02
1.410034847690042525e+01 9.305126539094844829e-02
1.411984619321245304e+01 9.271188920956677237e-02
1.413937087062704556e+01 9.237373738079658614e-02
1.415892254642553993e+01 9.203680554247219148e-02
1.417850125794082317e+01 9.170108934774817699e-02
1.419810704255742628e+01 9.136658446504733466e-02
1.421773993771154920e+01 9.103328657800750789e-02
1.423739998089118686e+01 9.070119138542874493e-02
1.425708720963614873e+01 9.037029460122195101e-02
1.427680166153815122e+01 9.004059195435544505e-02
1.429654337424091715e+01 8.971207918880366727e-02
1.431631238544019524e+01 8.938475206349497104e-02
1.433610873288388277e+01 8.905860635226019173e-02
1.435593245437205567e+01 8.873363784378088259e-02
1.437578358775706100e+01 8.840984234153807797e-02
1.439566217094360212e+01 8.808721566376120915e-02
1.441556824188877606e+01 8.776575364337700635e-02
1.443550183860219072e+01 8.744545212795863665e-02
1.445546299914598976e+01 8.712630697967521654e-02
1.447545176163495384e+01 8.680831407524126908e-02
1.449546816423658235e+01 8.649146930586626425e-02
1.451551224517113070e+01 8.617576857720471439e-02
1.453558404271172932e+01 8.586120780930611707e-02
1.455568359518440857e+01 8.554778293656509214e-02
1.457581094096820173e+01 8.523548990767189359e-02
1.459596611849522851e+01 8.492432468556287972e-02
1.461614916625072347e+01 8.461428324737113593e-02
1.463636012277316745e+01 8.430536158437758332e-02
1.465659902665431069e+01 8.399755570196165699e-02
1.467686591653926698e+01 8.369086161955326120e-02
1.469716083112660954e+01 8.338527537058293415e-02
1.471748380916839594e+01 8.308079300243453869e-02
1.473783488947029241e+01 8.277741057639642630e-02
1.475821411089161117e+01 8.247512416761332288e-02
1.477862151234539390e+01 8.217392986503879726e-02
1.479905713279851298e+01 8.187382377138643919e-02
1.481952101127169463e+01 8.157480200308368790e-02
1.484001318683965209e+01 8.127686069022282966e-02
1.486053369863110873e+01 8.097999597651475701e-02
1.488108258582889043e+01 8.068420401924167318e-02
1.490165988767003213e+01 8.038948098920932483e-02
1.492226564344579209e+01 8.009582307070138574e-02
1.494289989250179040e+01 7.980322646143153675e-02
1.496356267423802500e+01 7.951168737249789120e-02
1.498425402810900309e+01 7.922120202833611569e-02
1.500497399362376783e+01 7.893176666667348074e-02
1.502572261034599421e+01 7.864337753848286983e-02
1.504649991789408858e+01 7.835603090793626102e-02
1.506730595594120992e+01 7.806972305236017928e-02
1.508814076421540662e+01 7.778445026218881730e-02
1.510900438249964139e+01 7.750020884091939066e-02
1.512989685063188539e+01 7.721699510506709052e-02
1.515081820850522121e+01 7.693480538411892611e-02
1.517176849606786426e+01 7.665363602049006519e-02
1.519274775332330130e+01 7.637348336947784311e-02
1.521375602033031171e+01 7.609434379921792280e-02
1.523479333720306528e+01 7.581621369063970550e-02
1.525585974411122869e+01 7.553908943742126958e-02
1.527695528127997804e+01 7.526296744584347331e-02
1.529807998899014621e+01 7.498784413438569496e-02
1.531923390757824421e+01 7.471371593402274802e-02
1.534041707743655536e+01 7.444057928831286641e-02
1.536162953901324357e+01 7.416843065335354535e-02
1.538287133281237118e+01 7.389726649773904754e-02
1.540414249939403923e+01 7.362708330251578615e-02
1.542544307937441239e+01 7.335787756114024727e-02
1.544677311342581838e+01 7.308964577943506680e-02
1.546813264227685103e+01 7.282238447554634231e-02
1.548952170671238626e+01 7.255609017990105603e-02
1.551094034757373485e+01 7.229075943516372060e-02
1.553238860575865488e+01 7.202638879619496781e-02
1.555386652222145649e+01 7.176297483000824984e-02
1.557537413797310677e+01 7.150051411572772020e-02
1.559691149408124922e+01 7.123900324454686406e-02
1.561847863167034589e+01 7.097843881968544932e-02
1.564007559192170227e+01 7.071881745634894800e-02
1.566170241607356850e+01 7.046013578168590363e-02
1.568335914542124243e+01 7.020239043474690854e-02
1.570504582131709270e+01 6.994557806644319253e-02
1.572676248517069908e+01 6.968969533950501727e-02
1.574850917844887199e+01 6.943473892844151396e-02
1.577028594267579287e+01 6.918070551949853653e-02
1.579209281943303722e+01 6.892759181061870744e-02
1.581392985035968124e+01 6.867539451140075579e-02
1.583579707715239948e+01 6.842411034305823092e-02
1.585769454156549507e+01 6.817373603838018659e-02
1.587962228541103649e+01 6.792426834168978356e-02
1.590158035055889130e+01 6.767570400880527914e-02
1.592356877893681677e+01 6.742803980699947630e-02
1.594558761253057710e+01 6.718127251495947805e-02
1.596763689338395764e+01 6.693539892274806558e-02
1.598971666359891408e+01 6.669041583176325838e-02
1.601182696533560090e+01 6.644632005469917890e-02
1.603396784081246196e+01 6.620310841550672287e-02
1.605613933230635126e+01 6.596077774935436844e-02
1.607834148215254544e+01 6.571932490258947102e-02
1.610057433274489824e+01 6.547874673269871160e-02
1.612283792653585834e+01 6.523904010826993283e-02
1.614513230603657590e+01 6.500020190895333672e-02
1.616745751381701623e+01 6.476222902542264070e-02
1.618981359250596341e+01 6.452511835933752438e-02
1.621220058479119075e+01 6.428886682330449409e-02
1.623461853341947858e+01 6.405347134083924643e-02
1.625706748119670308e+01 6.381892884632896223e-02
1.627954747098796773e+01 6.358523628499354596e-02
1.630205854571761037e+01 6.335239061284915485e-02
1.632460074836935959e+01 6.312038879666943825e-02
1.634717412198635955e+01 6.288922781394883088e-02
1.636977870967126591e+01 6.265890465286508282e-02
1.639241455458636310e+01 6.242941631224182414e-02
1.641508169995359268e+01 6.220075980151183737e-02
1.643778018905468841e+01 6.197293214067958050e-02
1.646051006523121174e+01 6.174593036028520193e-02
1.648327137188465841e+01 6.151975150136703568e-02
1.650606415247655789e+01 6.129439261542543593e-02
1.652888845052850542e+01 6.106985076438645882e-02
1.655174430962231824e+01 6.084612302056496835e-02
1.657463177340003568e+01 6.062320646662916479e-02
1.659755088556407898e+01 6.040109819556403054e-02
1.662050168987728327e+01 6.017979531063560872e-02
1.664348423016298639e+01 5.995929492535508748e-02
1.666649855030515681e+01 5.973959416344307161e-02
1.668954469424840781e+01 5.952069015879431213e-02
1.671262270599816091e+01 5.930258005544151306e-02
1.673573262962064945e+01 5.908526100752094223e-02
1.675887450924304645e+01 5.886873017923674456e-02
1.678204838905357121e+01 5.865298474482554675e-02
1.680525431330151065e+01 5.843802188852207508e-02
1.682849232629737202e+01 5.822383880452398908e-02
1.685176247241290426e+01 5.801043269695717319e-02
1.687506479608122234e+01 5.779780077984120884e-02
1.689839934179689962e+01 5.758594027705477708e-02
1.692176615411600338e+01 5.737484842230135273e-02
1.694516527765625469e+01 5.716452245907489155e-02
1.696859675709703197e+01 5.695495964062586430e-02
1.699206063717950599e+01 5.674615722992708278e-02
1.701555696270673579e+01 5.653811249963945629e-02
1.703908577854370066e+01 5.633082273207909441e-02
1.706264712961744934e+01 5.612428521918264718e-02
1.708624106091713912e+01 5.591849726247436619e-02
1.710986761749412466e+01 5.571345617303270770e-02
1.713352684446208940e+01 5.550915927145627649e-02
1.715721878699706338e+01 5.530560388783167802e-02
1.718094349033758306e+01 5.510278736169933744e-02
1.720470099978470557e+01 5.490070704202148349e-02
1.722849136070214016e+01 5.469936028714861287e-02
1.725231461851634762e+01 5.449874446478675249e-02
1.727617081871655813e+01 5.429885695196548512e-02
1.730006000685495238e+01 5.409969513500442057e-02
1.732398222854666869e+01 5.390125640948151275e-02
1.734793752946991674e+01 5.370353818020071057e-02
1.737192595536610185e+01 5.350653786115906752e-02
1.739594755203984278e+01 5.331025287551566932e-02
1.742000236535912805e+01 5.311468065555863954e-02
1.744409044125534081e+01 5.291981864267419206e-02
1.746821182572341158e+01 5.272566428731406685e-02
1.749236656482184316e+01 5.253221504896432581e-02
1.751655470467283138e+01 5.233946839611398200e-02
1.754077629146236816e+01 5.214742180622284479e-02
1.756503137144028059e+01 5.195607276569111366e-02
1.758931999092039078e+01 5.176541876982724416e-02
1.761364219628051941e+01 5.157545732281762496e-02
1.763799803396263499e+01 5.138618593769513770e-02
1.766238755047294262e+01 5.119760213630806384e-02
1.768681079238191955e+01 5.100970344929010858e-02
1.771126780632447861e+01 5.082248741602864162e-02
1.773575863899999305e+01 5.063595158463487372e-02
1.776028333717240670e+01 5.045009351191326319e-02
1.778484194767035476e+01 5.026491076333086672e-02
1.780943451738719929e+01 5.008040091298732177e-02
1.783406109328116784e+01 4.989656154358439871e-02
1.785872172237539957e+01 4.971339024639645499e-02
1.788341645175806605e+01 4.953088462123998031e-02
1.790814532858246366e+01 4.934904227644375252e-02
1.793290840006706688e+01 4.916786082881965947e-02
1.795770571349567035e+01 4.898733790363219570e-02
1.798253731621742801e+01 4.880747113456974928e-02
1.800740325564697386e+01 4.862825816371446619e-02
1.803230357926452143e+01 4.844969664151340533e-02
1.805723833461591354e+01 4.827178422674904823e-02
1.808220756931276796e+01 4.809451858650996836e-02
1.810721133103251290e+01 4.791789739616243715e-02
1.813224966751850786e+01 4.774191833932076023e-02
1.815732262658015372e+01 4.756657910781882798e-02
1.818243025609292829e+01 4.739187740168127050e-02
1.820757260399854616e+01 4.721781092909482780e-02
1.823274971830498359e+01 4.704437740637977539e-02
1.825796164708660996e+01 4.687157455796158584e-02
1.828320843848429433e+01 4.669940011634223648e-02
1.830849014070543035e+01 4.652785182207253706e-02
1.833380680202411739e+01 4.635692742372343744e-02
1.835915847078117125e+01 4.618662467785826509e-02
1.838454519538428400e+01 4.601694134900445599e-02
1.840996702430805954e+01 4.584787520962624319e-02
1.843542400609413434e+01 4.567942404009634610e-02
1.846091618935129119e+01 4.551158562866836760e-02
1.848644362275549113e+01 4.534435777144969065e-02
1.851200635505004399e+01 4.517773827237321627e-02
1.853760443504563327e+01 4.501172494317081524e-02
1.856323791162043335e+01 4.484631560334529504e-02
1.858890683372023389e+01 4.468150808014369896e-02
1.861461125035847175e+01 4.451730020852991826e-02
1.864035121061639444e+01 4.435368983115783870e-02
1.866612676364309564e+01 4.419067479834434126e-02
1.869193795865562535e+01 4.402825296804242783e-02
1.871778484493911421e+01 4.386642220581463136e-02
1.874366747184681614e+01 4.370518038480626644e-02
1.876958588880026468e+01 4.354452538571872144e-02
1.879554014528929429e+01 4.338445509678346551e-02
1.882153029087218954e+01 4.322496741373516027e-02
1.884755637517578108e+01 4.306606023978568065e-02
1.887361844789548471e+01 4.290773148559783035e-02
1.889971655879547541e+01 4.274997906925923769e-02
1.892585075770871228e+01 4.259280091625636949e-02
1.895202109453706285e+01 4.243619495944873921e-02
1.897822761925142387e+01 4.228015913904269174e-02
1.900447038189175331e+01 4.212469140256616673e-02
1.903074943256724794e+01 4.196978970484252502e-02
1.905706482145636116e+01 4.181545200796561723e-02
1.908341659880692731e+01 4.166167628127364492e-02
1.910980481493630023e+01 4.150846050132420834e-02
1.913622952023137103e+01 4.135580265186884763e-02
1.916269076514873504e+01 4.120370072382784771e-02
1.918918860021474160e+01 4.105215271526515414e-02
1.921572307602560059e+01 4.090115663135882734e-02
1.924229424324751747e+01 4.075071048410040808e-02
1.926890215261671102e+01 4.060081229211341680e-02
1.929554685493960520e+01 4.045146008103683855e-02
1.932222840109283624e+01 4.030265188354026362e-02
1.934894684202343029e+01 4.015438573929890759e-02
1.937570222874883186e+01 4.000665969496911001e-02
1.940249461235703876e+01 3.985947180416370833e-02
1.942932404400670876e+01 3.971282012742759909e-02
1.945619057492721282e+01 3.956670273221336159e-02
1.948309425641879145e+01 3.942111769285704809e-02
1.951003513985260440e+01 3.927606309055379358e-02
1.953701327667083376e+01 3.913153701333408480e-02
1.956402871838683666e+01 3.898753755603913407e-02
1.959108151658514885e+01 3.884406282029755075e-02
1.961817172292168721e+01 3.870111091450094409e-02
1.964529938912376394e+01 3.855867995378043506e-02
1.967246456699022161e+01 3.841676805998311961e-02
1.969966730839155034e+01 3.827537336164785892e-02
1.972690766526993400e+01 3.813449399398243650e-02
1.975418568963942079e+01 3.799412809883945252e-02
1.978150143358595159e+01 3.785427382469339769e-02
1.980885494926748791e+01 3.771492932661741487e-02
1.983624628891415043e+01 3.757609276625946404e-02
1.986367550482823674e+01 3.743776231182008307e-02
1.989114264938441323e+01 3.729993613802846247e-02
1.991864777502973283e+01 3.716261242612005355e-02
1.994619093428377354e+01 3.702578936381360764e-02
1.997377217973876995e+01 3.688946514528794463e-02
2.000139156405963448e+01 3.675363797115990122e-02
2.002904913998414571e+01 3.661830604846093989e-02
2.005674496032298393e+01 3.648346759061507627e-02
2.008447907795984477e+01 3.634912081741631384e-02
2.011225154585158492e+01 3.621526395500600931e-02
2.014006241702825051e+01 3.608189523585075137e-02
2.016791174459325475e+01 3.594901289871976768e-02
2.019579958172340994e+01 3.581661518866332411e-02
2.022372598166906599e+01 3.568470035699002757e-02
2.025169099775422765e+01 3.555326666124503099e-02
2.027969468337660430e+01 3.542231236518815496e-02
2.030773709200777688e+01 3.529183573877177349e-02
2.033581827719323698e+01 3.516183505811928955e-02
2.036393829255251831e+01 3.503230860550325676e-02
2.039209719177933167e+01 3.490325466932351489e-02
2.042029502864158985e+01 3.477467154408619282e-02
2.044853185698159592e+01 3.464655753038142771e-02
2.047680773071607163e+01 3.451891093486272183e-02
2.050512270383632085e+01 3.439173007022487683e-02
2.053347683040828642e+01 3.426501325518327423e-02
2.056187016457267092e+01 3.413875881445240651e-02
2.059030276054507169e+01 3.401296507872456076e-02
2.061877467261600927e+01 3.388763038464931432e-02
2.064728595515111920e+01 3.376275307481187843e-02
2.067583666259119113e+01 3.363833149771263548e-02
2.070442684945227896e+01 3.351436400774625290e-02
2.073305657032586069e+01 3.339084896518074164e-02
2.076172587987886331e+01 3.326778473613684062e-02
2.079043483285384042e+01 3.314516969256736667e-02
2.081918348406901487e+01 3.302300221223675170e-02
2.084797188841841376e+01 3.290128067870053824e-02
2.087680010087199989e+01 3.278000348128471547e-02
2.090566817647570375e+01 3.265916901506590864e-02
2.093457617035161533e+01 3.253877568085055544e-02
2.096352413769801615e+01 3.241882188515501917e-02
2.099251213378951775e+01 3.229930604018537571e-02
2.102154021397719319e+01 3.218022656381735319e-02
2.105060843368860546e+01 3.206158187957645900e-02
2.107971684842801352e+01 3.194337041661768350e-02
2.110886551377639009e+01 3.182559060970623077e-02
2.113805448539156728e+01 3.170824089919727778e-02
2.116728381900837164e+01 3.159131973101639290e-02
2.119655357043865251e+01 3.147482555663998899e-02
2.122586379557148106e+01 3.135875683307548512e-02
2.125521455037317509e+01 3.124311202284226624e-02
2.128460589088744825e+01 3.112788959395171653e-02
2.131403787323553445e+01 3.101308801988819988e-02
2.134351055361623395e+01 3.089870577958964484e-02
2.137302398830609818e+01 3.078474135742821291e-02
2.140257823365946876e+01 3.067119324319130327e-02
2.143217334610860547e+01 3.055805993206242924e-02
2.146180938216383893e+01 3.044533992460193850e-02
2.149148639841359909e+01 3.033303172672833017e-02
2.152120445152460704e+01 3.022113384969927000e-02
2.155096359824189634e+01 3.010964481009265406e-02
2.158076389538901196e+01 2.999856312978786341e-02
2.161060539986804230e+01 2.988788733594722677e-02
2.164048816865975766e+01 2.977761596099713637e-02
2.167041225882374889e+01 2.966774754260959393e-02
2.170037772749847349e+01 2.955828062368374282e-02
2.173038463190143332e+01 2.944921375232716076e-02
2.176043302932922430e+01 2.934054548183792285e-02
2.179052297715766429e+01 2.923227437068589077e-02
2.182065453284194589e+01 2.912439898249457454e-02
2.185082775391666843e+01 2.901691788602296998e-02
2.188104269799602619e+01 2.890982965514745512e-02
2.191129942277385467e+01 2.880313286884357560e-02
2.194159798602376554e+01 2.869682611116831580e-02
2.197193844559929232e+01 2.859090797124174896e-02
2.200232085943391880e+01 2.848537704322965866e-02
2.203274528554128864e+01 2.838023192632519245e-02
2.206321178201523026e+01 2.827547122473151459e-02
2.209372040702989892e+01 2.817109354764402510e-02
2.212427121883993308e+01 2.806709750923248869e-02
2.215486427578047923e+01 2.796348172862378120e-02
2.218549963626738375e+01 2.786024482988421966e-02
2.221617735879724265e+01 2.775738544200209712e-02
2.224689750194754723e+01 2.765490219887041870e-02
2.227766012437680843e+01 2.755279373926937739e-02
2.230846528482461366e+01 2.745105870684933294e-02
2.233931304211181512e+01 2.734969575011334322e-02
2.237020345514057240e+01 2.724870352240025412e-02
2.240113658289448750e+01 2.714808068186754658e-02
2.243211248443876116e+01 2.704782589147410390e-02
2.246313121892022835e+01 2.694793781896355836e-02
2.249419284556754306e+01 2.684841513684714173e-02
2.252529742369123866e+01 2.674925652238705973e-02
2.255644501268385937e+01 2.665046065757950208e-02
2.258763567202010236e+01 2.655202622913786781e-02
2.261886946125687103e+01 2.645395192847644142e-02
2.265014644003346334e+01 2.635623645169329204e-02
2.268146666807159662e+01 2.625887849955423070e-02
2.271283020517562079e+01 2.616187677747576143e-02
2.274423711123254677e+01 2.606522999550908021e-02
2.277568744621219921e+01 2.596893686832360548e-02
2.280718127016735153e+01 2.587299611519038381e-02
2.283871864323378631e+01 2.577740645996611304e-02
2.287029962563047647e+01 2.568216663107680126e-02
2.290192427765962790e+01 2.558727536150169277e-02
2.293359265970684646e+01 2.549273138875707279e-02
2.296530483224125163e+01 2.539853345488018652e-02
2.299706085581555470e+01 2.530468030641336991e-02
2.302886079106622219e+01 2.521117069438808325e-02
2.306070469871355044e+01 2.511800337430898991e-02
2.309259263956178998e+01 2.502517710613820848e-02
2.312452467449930893e+01 2.493269065427937414e-02
2.315650086449862144e+01 2.484054278756221354e-02
2.318852127061660440e+01 2.474873227922654365e-02
2.322058595399451875e+01 2.465725790690700969e-02
2.325269497585818002e+01 2.456611845261728183e-02
2.328484839751810043e+01 2.447531270273460222e-02
2.331704628036951732e+01 2.438483944798455413e-02
2.334928868589261697e+01 2.429469748342533153e-02
2.338157567565256301e+01 2.420488560843275447e-02
2.341390731129964919e+01 2.411540262668476070e-02
2.344628365456945573e+01 2.402624734614613317e-02
2.347870476728287770e+01 2.393741857905367851e-02
2.351117071134634884e+01 2.384891514190062498e-02
2.354368154875187003e+01 2.376073585542196748e-02
2.357623734157715489e+01 2.367287954457926100e-02
2.360883815198580393e+01 2.358534503854555972e-02
2.364148404222731870e+01 2.349813117069080720e-02
2.367417507463733273e+01 2.341123677856665752e-02
2.370691131163763998e+01 2.332466070389191751e-02
2.373969281573634760e+01 2.323840179253762461e-02
2.377251964952803576e+01 2.315245889451246486e-02
2.380539187569378967e+01 2.306683086394803461e-02
2.383830955700141985e+01 2.298151655908420299e-02
2.387127275630547629e+01 2.289651484225482814e-02
2.390428153654747945e+01 2.281182457987282128e-02
2.393733596075594150e+01 2.272744464241615789e-02
2.397043609204653691e+01 2.264337390441313602e-02
2.400358199362224454e+01 2.255961124442821750e-02
2.403677372877339025e+01 2.247615554504767826e-02
2.407001136087787074e+01 2.239300569286521367e-02
2.410329495340118555e+01 2.231016057846813699e-02
2.413662456989658267e+01 2.222761909642278350e-02
2.417000027400523621e+01 2.214538014526071241e-02
2.420342212945627480e+01 2.206344262744742296e-02
2.423689020006698769e+01 2.198180544920570745e-02
2.427040454974288508e+01 2.190046752057638046e-02
2.430396524247784029e+01 2.181942775551255764e-02
2.433757234235425315e+01 2.173868507186710319e-02
2.437122591354308199e+01 2.165823839137897069e-02
2.440492602030407809e+01 2.157808663965917959e-02
2.443867272698580706e+01 2.149822874617734331e-02
2.447246609802581219e+01 2.141866364424775682e-02
2.450630619795078147e+01 2.133939027101571309e-02
2.454019309137657956e+01 2.126040756744421861e-02
2.457412684300847161e+01 2.118171447829994558e-02
2.460810751764115167e+01 2.110330995214017291e-02
2.464213518015891680e+01 2.102519294129914784e-02
2.467620989553581978e+01 2.094736240187450652e-02
2.471033172883571538e+01 2.086981729371424274e-02
2.474450074521246989e+01 2.079255658040304877e-02
2.477871700991000381e+01 2.071557922924929449e-02
2.481298058826246233e+01 2.063888421127177755e-02
2.484729154569436815e+01 2.056247050118629668e-02
2.488164994772066407e+01 2.048633707739281815e-02
2.491605585994693328e+01 2.041048292196221900e-02
2.495050934806943843e+01 2.033490702062326627e-02
2.498501047787528861e+01 2.025960836274977306e-02
2.501955931524259924e+01 2.018458594134729667e-02
2.505415592614053111e+01 2.010983875304064514e-02
2.508880037662951423e+01 2.003536579806067947e-02
2.512349273286127982e+01 1.996116608023175421e-02
2.515823306107907342e+01 1.988723860695878684e-02
2.519302142761771535e+01 1.981358238921457696e-02
2.522785789890374275e+01 1.974019644152716010e-02
2.526274254145559084e+01 1.966707978196709228e-02
2.529767542188362128e+01 1.959423143213494256e-02
2.533265660689035315e+01 1.952165041714870944e-02
2.536768616327050552e+01 1.944933576563128569e-02
2.540276415791115383e+01 1.937728650969814184e-02
2.543789065779191461e+01 1.930550168494458638e-02
2.547306572998495611e+01 1.923398033043384470e-02
2.550828944165525414e+01 1.916272148868432973e-02
2.554356186006062046e+01 1.909172420565755091e-02
2.557888305255186268e+01 1.902098753074592946e-02
2.561425308657296540e+01 1.895051051676039863e-02
2.564967202966112225e+01 1.888029221991840284e-02
2.568513994944695966e+01 1.881033169983173034e-02
2.572065691365459372e+01 1.874062801949447771e-02
2.575622299010178295e+01 1.867118024527099351e-02
2.579183824670010239e+01 1.860198744688381159e-02
2.582750275145498264e+01 1.853304869740194510e-02
2.586321657246594441e+01 1.846436307322865678e-02
2.589897977792663042e+01 1.839592965408984315e-02
2.593479243612498664e+01 1.832774752302221768e-02
2.597065461544342924e+01 1.825981576636130990e-02
2.600656638435886592e+01 1.819213347372999542e-02
2.604252781144295881e+01 1.812469973802659923e-02
2.607853896536214222e+01 1.805751365541339790e-02
2.611459991487780741e+01 1.799057432530491371e-02
2.615071072884646597e+01 1.792388085035625384e-02
2.618687147621978539e+01 1.785743233645190053e-02
2.622308222604483419e+01 1.779122789269382485e-02
2.625934304746412096e+01 1.772526663139026987e-02
2.629565400971576139e+01 1.765954766804439177e-02
2.633201518213364878e+01 1.759407012134259901e-02
2.636842663414750021e+01 1.752883311314361661e-02
2.640488843528309815e+01 1.746383576846682190e-02
2.644140065516230820e+01 1.739907721548127409e-02
2.647796336350328517e+01 1.733455658549435882e-02
2.651457663012061516e+01 1.727027301294065467e-02
2.655124052492538311e+01 1.720622563537080665e-02
2.658795511792538591e+01 1.714241359344037194e-02
2.662472047922518215e+01 1.707883603089889804e-02
2.666153667902631241e+01 1.701549209457877895e-02
2.669840378762736677e+01 1.695238093438431945e-02
2.673532187542413041e+01 1.688950170328090347e-02
2.677229101290976843e+01 1.682685355728387108e-02
2.680931127067488262e+01 1.676443565544789155e-02
2.684638271940772825e+01 1.670224715985593397e-02
2.688350542989427083e+01 1.664028723560863690e-02
2.692067947301836028e+01 1.657855505081358080e-02
2.695790491976189429e+01 1.651704977657432113e-02
2.699518184120487874e+01 1.645577058698012921e-02
2.703251030852566217e+01 1.639471665909493156e-02
2.706989039300097133e+01 1.633388717294705084e-02
2.710732216600609235e+01 1.627328131151847476e-02
2.714480569901505191e+01 1.621289826073430557e-02
2.718234106360065638e+01 1.615273720945246960e-02
2.721992833143473334e+01 1.609279734945299328e-02
2.725756757428817778e+01 1.603307787542786189e-02
2.729525886403112622e+01 1.597357798497048634e-02
2.733300227263314142e+01 1.591429687856533298e-02
2.737079787216324434e+01 1.585523375957783448e-02
2.740864573479016997e+01 1.579638783424381146e-02
2.744654593278240284e+01 1.573775831165957068e-02
2.748449853850836178e+01 1.567934440377145508e-02
2.752250362443658105e+01 1.562114532536583097e-02
2.756056126313573174e+01 1.556316029405892774e-02
2.759867152727490947e+01 1.550538853028667757e-02
2.763683448962363443e+01 1.544782925729485876e-02
2.767505022305206097e+01 1.539048170112885215e-02
2.771331880053114816e+01 1.533334509062382091e-02
2.775164029513270236e+01 1.527641865739469938e-02
2.779001478002962244e+01 1.521970163582625837e-02
2.782844232849595656e+01 1.516319326306336292e-02
2.786692301390706916e+01 1.510689277900096640e-02
2.790545690973982929e+01 1.505079942627437530e-02
2.794404408957265318e+01 1.499491245024953991e-02
2.798268462708575655e+01 1.493923109901318207e-02
2.802137859606118298e+01 1.488375462336326109e-02
2.806012607038305262e+01 1.482848227679915525e-02
2.809892712403761905e+01 1.477341331551211036e-02
2.813778183111342912e+01 1.471854699837562598e-02
2.817669026580153613e+01 1.466388258693584155e-02
2.821565250239551048e+01 1.460941934540216196e-02
2.825466861529172391e+01 1.455515654063747888e-02
2.829373867898937078e+01 1.450109344214903055e-02
2.833286276809066706e+01 1.444722932207872200e-02
2.837204095730103148e+01 1.439356345519384774e-02
2.841127332142912110e+01 1.434009511887766701e-02
2.845055993538709771e+01 1.428682359312013692e-02
2.848990087419066697e+01 1.423374816050855876e-02
2.852929621295926310e+01 1.418086810621833026e-02
2.856874602691624432e+01 1.412818271800371506e-02
2.860825039138891768e+01 1.407569128618864004e-02
2.864780938180881975e+01 1.402339310365749610e-02
2.868742307371174149e+01 1.397128746584606722e-02
2.872709154273793075e+01 1.391937367073242150e-02
2.876681486463226278e+01 1.386765101882771710e-02
2.880659311524430066e+01 1.381611881316729094e-02
2.884642637052855108e+01 1.376477635930163992e-02
2.888631470654449984e+01 1.371362296528738645e-02
2.892625819945681087e+01 1.366265794167837236e-02
2.896625692553550735e+01 1.361188060151673207e-02
2.900631096115602148e+01 1.356129026032403852e-02
2.904642038279945027e+01 1.351088623609238148e-02
2.908658526705261238e+01 1.346066784927562286e-02
2.912680569060822222e+01 1.341063442278062415e-02
2.916708173026508533e+01 1.336078528195836987e-02
2.920741346292815521e+01 1.331111975459537550e-02
2.924780096560877496e+01 1.326163717090489760e-02
2.928824431542474116e+01 1.321233686351832963e-02
2.932874358960048511e+01 1.316321816747657338e-02
2.936929886546726820e+01 1.311428042022134630e-02
2.940991022046322101e+01 1.306552296158669003e-02
2.945057773213362040e+01 1.301694513379040609e-02
2.949130147813090375e+01 1.296854628142561118e-02
2.953208153621494958e+01 1.292032575145205496e-02
2.957291798425312024e+01 1.287228289318788008e-02
2.961381090022044305e+01 1.282441705830115151e-02
2.965476036219981637e+01 1.277672760080131829e-02
2.969576644838205226e+01 1.272921387703108281e-02
2.973682923706614289e+01 1.268187524565784867e-02
2.977794880665930677e+01 1.263471106766555878e-02
2.981912523567718054e+01 1.258772070634635483e-02
2.986035860274401088e+01 1.254090352729236163e-02
2.990164898659271842e+01 1.249425889838744717e-02
2.994299646606513932e+01 1.244778618979905382e-02
2.998440112011209990e+01 1.240148477396999481e-02
3.002586302779358363e+01 1.235535402561045194e-02
3.006738226827895488e+01 1.230939332168963334e-02
3.010895892084698389e+01 1.226360204142799837e-02
3.015059306488612734e+01 1.221797956628893102e-02
3.019228477989457815e+01 1.217252527997096830e-02
3.023403414548045376e+01 1.212723856839962797e-02
3.027584124136199861e+01 1.208211881971950862e-02
3.031770614736763036e+01 1.203716542428645737e-02
3.035962894343620988e+01 1.199237777465944968e-02
3.040160970961709808e+01 1.194775526559297904e-02
3.044364852607033711e+01 1.190329729402896108e-02
3.048574547306686355e+01 1.185900325901333499e-02
3.052790063098855100e+01 1.181487256151250546e-02
3.057011408032848010e+01 1.177090460460915658e-02
3.061238590169100249e+01 1.172709879354807277e-02
3.065471617579190777e+01 1.168345453572831871e-02
3.069710498345866156e+01 1.163997124069542088e-02
3.073955240563043034e+01 1.159664832013384411e-02
3.078205852335835857e+01 1.155348518785911417e-02
3.082462341780562198e+01 1.151048125981032205e-02
3.086724717024763365e+01 1.146763595404239056e-02
3.090992986207222870e+01 1.142494869071854734e-02
3.095267157477973541e+01 1.138241889210272507e-02
3.099547238998322740e+01 1.134004598255197380e-02
3.103833238940857697e+01 1.129782938850907963e-02
3.108125165489472863e+01 1.125576853849486782e-02
3.112423026839374529e+01 1.121386286310099151e-02
3.116726831197100367e+01 1.117211179498227118e-02
3.121036586780541811e+01 1.113051476884935678e-02
3.125352301818946543e+01 1.108907122146144536e-02
3.129673984552948696e+01 1.104778059161873847e-02
3.134001643234571688e+01 1.100664232015529861e-02
3.138335286127250967e+01 1.096565584993161591e-02
3.142674921505851771e+01 1.092482062582734829e-02
3.147020557656676942e+01 1.088413609473414326e-02
3.151372202877492157e+01 1.084360170554827044e-02
3.155729865477533380e+01 1.080321690916359600e-02
3.160093553777526409e+01 1.076298115846427775e-02
3.164463276109707479e+01 1.072289390831760413e-02
3.168839040817827879e+01 1.068295461556701548e-02
3.173220856257182731e+01 1.064316273902478349e-02
3.177608730794616676e+01 1.060351773946518160e-02
3.182002672808543409e+01 1.056401907961723209e-02
3.186402690688966644e+01 1.052466622415777764e-02
3.190808792837485441e+01 1.048545863970449035e-02
3.195220987667323342e+01 1.044639579480882013e-02
3.199639283603332274e+01 1.040747715994916334e-02
3.204063689082013866e+01 1.036870220752384580e-02
3.208494212551541125e+01 1.033007041184421000e-02
3.212930862471760918e+01 1.029158124912787561e-02
3.217373647314227014e+01 1.025323419749166534e-02
3.221822575562200086e+01 1.021502873694503030e-02
3.226277655710673997e+01 1.017696434938305736e-02
3.230738896266392146e+01 1.013904051857974706e-02
3.235206305747854572e+01 1.010125673018132629e-02
3.239679892685349216e+01 1.006361247169935969e-02
3.244159665620951927e+01 1.002610723250426522e-02
3.248645633108551323e+01 9.988740503818469008e-03
3.253137803713870113e+01 9.951511778709752620e-03
3.257636186014467938e+01 9.914420552084701049e-03
3.262140788599771923e+01 9.877466320682010137e-03
3.266651620071080231e+01 9.840648583066002181e-03
3.271168689041591193e+01 9.803966839619921228e-03
3.275692004136408286e+01 9.767420592539523272e-03
3.280221573992562156e+01 9.731009345826499915e-03
3.284757407259030515e+01 9.694732605281959278e-03
3.289299512596745245e+01 9.658589878500019668e-03
3.293847898678620822e+01 9.622580674861281810e-03
3.298402574189558578e+01 9.586704505526526601e-03
3.302963547826470858e+01 9.550960883430168261e-03
3.307530828298298786e+01 9.515349323273959020e-03
3.312104424326020791e+01 9.479869341520681669e-03
3.316684344642681026e+01 9.444520456387665158e-03
3.321270597993394347e+01 9.409302187840584697e-03
3.325863193135368334e+01 9.374214057587220220e-03
3.330462138837925323e+01 9.339255589071017091e-03
3.335067443882505955e+01 9.304426307465014576e-03
3.339679117062701152e+01 9.269725739665543585e-03
3.344297167184255670e+01 9.235153414286035450e-03
3.348921603065092256e+01 9.200708861650851514e-03
3.353552433535330835e+01 9.166391613789107509e-03
3.358189667437294190e+01 9.132201204428589889e-03
3.362833313625540654e+01 9.098137168989607962e-03
3.367483380966865525e+01 9.064199044578889405e-03
3.372139878340325936e+01 9.030386369983571179e-03
3.376802814637261463e+01 8.996698685665063810e-03
3.381472198761300518e+01 8.963135533753139456e-03
3.386148039628388773e+01 8.929696458039813531e-03
3.390830346166797682e+01 8.896381003973448387e-03
3.395519127317141539e+01 8.863188718652778922e-03
3.400214392032405897e+01 8.830119150820900029e-03
3.404916149277947568e+01 8.797171850859486497e-03
3.409624408031527310e+01 8.764346370782724951e-03
3.414339177283315507e+01 8.731642264231622222e-03
3.419060466035914203e+01 8.699059086468004937e-03
3.423788283304379121e+01 8.666596394368713402e-03
3.428522638116224641e+01 8.634253746419896097e-03
3.433263539511455775e+01 8.602030702711050900e-03
3.438010996542570297e+01 8.569926824929390702e-03
3.442765018274590716e+01 8.537941676354026885e-03
3.447525613785069254e+01 8.506074821850225648e-03
3.452292792164111290e+01 8.474325827863787505e-03
3.457066562514395258e+01 8.442694262415218615e-03
3.461846933951181171e+01 8.411179695094183131e-03
3.466633915602340466e+01 8.379781697053792500e-03
3.471427516608359554e+01 8.348499841004998825e-03
3.476227746122366824e+01 8.317333701210989985e-03
3.481034613310149695e+01 8.286282853481551774e-03
3.485848127350165271e+01 8.255346875167587917e-03
3.490668297433568057e+01 8.224525345155471803e-03
3.495495132764217772e+01 8.193817843861587319e-03
3.500328642558700665e+01 8.163223953226828034e-03
3.505168836046351544e+01 8.132743256711011393e-03
3.510015722469261590e+01 8.102375339287542708e-03
3.514869311082309622e+01 8.072119787437836286e-03
3.519729611153164939e+01 8.041976189145975951e-03
3.524596631962312898e+01 8.011944133893287093e-03
3.529470382803076234e+01 7.982023212652893107e-03
3.534350872981623581e+01 7.952213017884408874e-03
3.539238111816995769e+01 7.922513143528497198e-03
3.544132108641116474e+01 7.892923185001676778e-03
3.549032872798814253e+01 7.863442739190854361e-03
3.553940413647841723e+01 7.834071404448130979e-03
3.558854740558888352e+01 7.804808780585472880e-03
3.563775862915603909e+01 7.775654468869450109e-03
3.568703790114611962e+01 7.746608072016051422e-03
3.573638531565527643e+01 7.717669194185395980e-03
3.578580096690983225e+01 7.688837440976576017e-03
3.583528494926633812e+01 7.660112419422442261e-03
3.588483735721188594e+01 7.631493737984432722e-03
3.593445828536416542e+01 7.602981006547495160e-03
3.598414782847171978e+01 7.574573836414862094e-03
3.603390608141414475e+01 7.546271840303001022e-03
3.608373313920215963e+01 7.518074632336504796e-03
3.613362909697794834e+01 7.489981828042994137e-03
3.618359405001519491e+01 7.461993044348125097e-03
3.623362809371933224e+01 7.434107899570495046e-03
3.628373132362776232e+01 7.406326013416598096e-03
3.633390383540993440e+01 7.378647006975930581e-03
3.638414572486764342e+01 7.351070502715890097e-03
3.643445708793509397e+01 7.323596124476881852e-03
3.648483802067923421e+01 7.296223497467309652e-03
3.653528861929976301e+01 7.268952248258736884e-03
3.658580898012944260e+01 7.241782004780871439e-03
3.663639919963426195e+01 7.214712396316737969e-03
3.668705937441355758e+01 7.187743053497766890e-03
3.673778960120029069e+01 7.160873608298938021e-03
3.678858997686113952e+01 7.134103694033957187e-03
3.683946059839673381e+01 7.107432945350405061e-03
3.689040156294187511e+01 7.080860998224943262e-03
3.694141296776562200e+01 7.054387489958506563e-03
3.699249491027159564e+01 7.028012059171546283e-03
3.704364748799805795e+01 7.001734345799264132e-03
3.709487079861814607e+01 6.975553991086872949e-03
3.714616493994011392e+01 6.949470637584866106e-03
3.719753000990737490e+01 6.923483929144332895e-03
3.724896610659886420e+01 6.897593510912214052e-03
3.730047332822908857e+01 6.871799029326715151e-03
3.735205177314835367e+01 6.846100132112573414e-03
3.740370153984301282e+01 6.820496468276446810e-03
3.745542272693553798e+01 6.794987688102294490e-03
3.750721543318486084e+01 6.769573443146770231e-03
3.755907975748639416e+01 6.744253386234615871e-03
3.761101579887232305e+01 6.719027171454101596e-03
3.766302365651181816e+01 6.693894454152469684e-03
3.771510342971110674e+01 6.668854890931386926e-03
3.776725521791380658e+01 6.643908139642417006e-03
3.781947912070099704e+01 6.619053859382511076e-03
3.787177523779143939e+01 6.594291710489556466e-03
3.792414366904186807e+01 6.569621354537803944e-03
3.797658451444699779e+01 6.545042454333510097e-03
3.802909787413990017e+01 6.520554673910433120e-03
3.808168384839204634e+01 6.496157678525413606e-03
3.813434253761357695e+01 6.471851134654002177e-03
3.818707404235350822e+01 6.447634709985974356e-03
3.823987846329983853e+01 6.423508073421049271e-03
3.829275590127986817e+01 6.399470895064446156e-03
3.834570645726024196e+01 6.375522846219780666e-03
3.839873023234729743e+01 6.351663599294233610e-03
3.845182732778711454e+01 6.327892827776103631e-03
3.850499784496578570e+01 6.304210206338281726e-03
3.855824188540965736e+01 6.280615410840772669e-03
3.861155955078536550e+01 6.257108118326401569e-03
3.866495094290023360e+01 6.233688007016529968e-03
3.871841616370228678e+01 6.210354756306764139e-03
3.877195531528054318e+01 6.187108046762742307e-03
3.882556849986521286e+01 6.163947560115841211e-03
3.887925581982781864e+01 6.140872979258977203e-03
3.893301737768150872e+01 6.117883988242406486e-03
3.898685327608112061e+01 6.094980272269501925e-03
3.904076361782345828e+01 6.072161517692620941e-03
3.909474850584750527e+01 6.049427412008853699e-03
3.914880804323453134e+01 6.026777643855967329e-03
3.920294233320841215e+01 6.004211903008229573e-03
3.925715147913570746e+01 5.981729880372254129e-03
3.931143558452590270e+01 5.959331267982990836e-03
3.936579475303167186e+01 5.937015758999518097e-03
3.942022908844895568e+01 5.914783047701049554e-03
3.947473869471728136e+01 5.892632829482847071e-03
3.952932367591985496e+01 5.870564800852170161e-03
3.958398413628379586e+01 5.848578659424261833e-03
3.963872018018042809e+01 5.826674103918288473e-03
3.969353191212528742e+01 5.804850834153408960e-03
3.974841943677854061e+01 5.783108551044705004e-03
3.980338285894500672e+01 5.761446956599258068e-03
3.985842228357441286e+01 5.739865753912196805e-03
3.991353781576169268e+01 5.718364647162697649e-03
3.996872956074700767e+01 5.696943341610132862e-03
4.002399762391612370e+01 5.675601543590050313e-03
4.007934211080048215e+01 5.654338960510396118e-03
4.013476312707744142e+01 5.633155300847515236e-03
4.019026077857055412e+01 5.612050274142314256e-03
4.024583517124963095e+01 5.591023590996445879e-03
4.030148641123107467e+01 5.570074963068378029e-03
4.035721460477795830e+01 5.549204103069651194e-03
4.041301985830038035e+01 5.528410724760958808e-03
4.046890227835550036e+01 5.507694542948454036e-03
4.052486197164785153e+01 5.487055273479872659e-03
4.058089904502954681e+01 5.466492633240758320e-03
4.063701360550039254e+01 5.446006340150764090e-03
4.069320576020822955e+01 5.425596113159840417e-03
4.074947561644898997e+01 5.405261672244509805e-03
4.080582328166698858e+01 5.385002738404182261e-03
4.086224886345515017e+01 5.364819033657358856e-03
4.091875246955513035e+01 5.344710281038053852e-03
4.097533420785760683e+01 5.324676204591985255e-03
4.103199418640242868e+01 5.304716529372999548e-03
4.108873251337880816e+01 5.284830981439375859e-03
4.114554929712563336e+01 5.265019287850172640e-03
4.120244464613152502e+01 5.245281176661638518e-03
4.125941866903519184e+01 5.225616376923509533e-03
4.131647147462551573e+01 5.206024618675523206e-03
4.137360317184178626e+01 5.186505632943737461e-03
4.143081386977403469e+01 5.167059151736956221e-03
4.148810367766301255e+01 5.147684908043242621e-03
4.154547270490063937e+01 5.128382635826237920e-03
4.160292106103003817e+01 5.109152070021748433e-03
4.166044885574579126e+01 5.089992946534149451e-03
4.171805619889423156e+01 5.070905002232857679e-03
4.177574320047350653e+01 5.051887974948898220e-03
4.183350997063394772e+01 5.032941603471314564e-03
4.189135661967814883e+01 5.014065627543807559e-03
4.194928325806120029e+01 4.995259787861170558e-03
4.200728999639103023e+01 4.976523826065902371e-03
4.206537694542839034e+01 4.957857484744735213e-03
4.212354421608729638e+01 4.939260507425223372e-03
4.218179191943507078e+01 4.920732638572307589e-03
4.224012016669261271e+01 4.902273623584947962e-03
4.229852906923468225e+01 4.883883208792698730e-03
4.235701873858995015e+01 4.865561141452362862e-03
4.241558928644141702e+01 4.847307169744581590e-03
4.247424082462639916e+01 4.829121042770545373e-03
4.253297346513697619e+01 4.811002510548572156e-03
4.259178732012000523e+01 4.792951324010866904e-03
4.265068250187741938e+01 4.774967235000123281e-03
4.270965912286651189e+01 4.757049996266280584e-03
4.276871729569999303e+01 4.739199361463193073e-03
4.282785713314637377e+01 4.721415085145340938e-03
4.288707874813003684e+01 4.703696922764609781e-03
4.294638225373151386e+01 4.686044630666988571e-03
4.300576776318776950e+01 4.668457966089342194e-03
4.306523538989226552e+01 4.650936687156167516e-03
4.312478524739534436e+01 4.633480552876361597e-03
4.318441744940430027e+01 4.616089323140046274e-03
4.324413210978365640e+01 4.598762758715352859e-03
4.330392934255545612e+01 4.581500621245200751e-03
4.336380926189932694e+01 4.564302673244160190e-03
4.342377198215286427e+01 4.547168678095265572e-03
4.348381761781169530e+01 4.530098400046899884e-03
4.354394628352977747e+01 4.513091604209607151e-03
4.360415809411968269e+01 4.496148056552974268e-03
4.366445316455263992e+01 4.479267523902518040e-03
4.372483160995896156e+01 4.462449773936562683e-03
4.378529354562807896e+01 4.445694575183179766e-03
4.384583908700885502e+01 4.429001697017075252e-03
4.390646834970985424e+01 4.412370909656497357e-03
4.396718144949942086e+01 4.395801984160206850e-03
4.402797850230606258e+01 4.379294692424394453e-03
4.408885962421852156e+01 4.362848807179675430e-03
4.414982493148608000e+01 4.346464101988036476e-03
4.421087454051881593e+01 4.330140351239789541e-03
4.427200856788770977e+01 4.313877330150639282e-03
4.433322713032499962e+01 4.297674814758589180e-03
4.439453034472428783e+01 4.281532581921020271e-03
4.445591832814081101e+01 4.265450409311725630e-03
4.451739119779173137e+01 4.249428075417872874e-03
4.457894907105622195e+01 4.233465359537117584e-03
4.464059206547582903e+01 4.217562041774629115e-03
4.470232029875457158e+01 4.201717903040155452e-03
4.476413388875929655e+01 4.185932725045121879e-03
4.482603295351977124e+01 4.170206290299686286e-03
4.488801761122898881e+01 4.154538382109882952e-03
4.495008798024343122e+01 4.138928784574672642e-03
4.501224417908314734e+01 4.123377282583091594e-03
4.507448632643217223e+01 4.107883661811415239e-03
4.513681454113858393e+01 4.092447708720230864e-03
4.519922894221480192e+01 4.077069210551643834e-03
4.526172964883789263e+01 4.061747955326392746e-03
4.532431678034960498e+01 4.046483731841063469e-03
4.538699045625682515e+01 4.031276329665232916e-03
4.544975079623160497e+01 4.016125539138683948e-03
4.551259792011148875e+01 4.001031151368610733e-03
4.557553194789979756e+01 3.985992958226788549e-03
4.563855299976569313e+01 3.971010752346858935e-03
4.570166119604459709e+01 3.956084327121505567e-03
4.576485665723827623e+01 3.941213476699715994e-03
4.582813950401509118e+01 3.926397995984059856e-03
4.589150985721037301e+01 3.911637680627879504e-03
4.595496783782640904e+01 3.896932327032660588e-03
4.601851356703292595e+01 3.882281732345212698e-03
4.608214716616712536e+01 3.867685694455024782e-03
4.614586875673398225e+01 3.853144011991563745e-03
4.620967846040657179e+01 3.838656484321537922e-03
4.627357639902610487e+01 3.824222911546268974e-03
4.633756269460238286e+01 3.809843094498992222e-03
4.640163746931384736e+01 3.795516834742202958e-03
4.646580084550787859e+01 3.781243934565019661e-03
4.653005294570110806e+01 3.767024196980506019e-03
4.659439389257948960e+01 3.752857425723097901e-03
4.665882380899872572e+01 3.738743425245907599e-03
4.672334281798431022e+01 3.724682000718174645e-03
4.678795104273189054e+01 3.710672958022636411e-03
4.685264860660749520e+01 3.696716103752922550e-03
4.691743563314767584e+01 3.682811245211001921e-03
4.698231224605989809e+01 3.668958190404555345e-03
4.704727856922261253e+01 3.655156748044479341e-03
4.711233472668556033e+01 3.641406727542272764e-03
4.717748084267010000e+01 3.627707939007508882e-03
4.724271704156925722e+01 3.614060193245313950e-03
4.730804344794817240e+01 3.600463301753792020e-03
4.737346018654412205e+01 3.586917076721570733e-03
4.743896738226697352e+01 3.573421331025215721e-03
4.750456516019924180e+01 3.559975878226798087e-03
4.757025364559640934e+01 3.546580532571365178e-03
4.763603296388722441e+01 3.533235108984444321e-03
4.770190324067377929e+01 3.519939423069610735e-03
4.776786460173194371e+01 3.506693291105972190e-03
4.783391717301145007e+01 3.493496530045762938e-03
4.790006108063616352e+01 3.480348957511856991e-03
4.796629645090445138e+01 3.467250391795335604e-03
4.803262341028921867e+01 3.454200651853078178e-03
4.809904208543834159e+01 3.441199557305308493e-03
4.816555260317475273e+01 3.428246928433216403e-03
4.823215509049676797e+01 3.415342586176530523e-03
4.829884967457837774e+01 3.402486352113332554e-03
4.836563648276932526e+01 3.389678048341723555e-03
4.843251564259554698e+01 3.376917497552350128e-03
4.849948728175925794e+01 3.364204523087761887e-03
4.856655152813925014e+01 3.351538948940307669e-03
4.863370850979121229e+01 3.338920599749758099e-03
4.870095835494782222e+01 3.326349300800963710e-03
4.876830119201915892e+01 3.313824878021435875e-03
4.883573714959280920e+01 3.301347157979046126e-03
4.890326635643414477e+01 3.288915967879661294e-03
4.897088894148668459e+01 3.276531135564752194e-03
4.903860503387214465e+01 3.264192489509156695e-03
4.910641476289088558e+01 3.251899858818681471e-03
4.917431825802198375e+01 3.239653073227831675e-03
4.924231564892356516e+01 3.227451963097501160e-03
4.931040706543311103e+01 3.215296359412644911e-03
4.937859263756755013e+01 3.203186093780026507e-03
4.944687249552369224e+01 3.191120998425912240e-03
4.951524676967829919e+01 3.179100906193840694e-03
4.958371559058842593e+01 3.167125650542315998e-03
4.965227908899172604e+01 3.155195065542571332e-03
4.972093739580654415e+01 3.143308985876316387e-03
4.978969064213234219e+01 3.131467246833519961e-03
4.985853895924977053e+01 3.119669684310160881e-03
4.992748247862112265e+01 3.107916134805988051e-03
4.999652133189039205e+01 3.096206435422371554e-03
5.006565565088360614e+01 3.084540423860011957e-03
5.013488556760914605e+01 3.072917938416822210e-03
5.020421121425786026e+01 3.061338817985679878e-03
5.027363272320344834e+01 3.049802902052273050e-03
5.034315022700261721e+01 3.038310030692919789e-03
5.041276385839533702e+01 3.026860044572429222e-03
5.048247375030523898e+01 3.015452784941887593e-03
5.055228003583962249e+01 3.004088093636559688e-03
5.062218284828997383e+01 2.992765813073716957e-03
5.069218232113200884e+01 2.981485786250534162e-03
5.076227858802599258e+01 2.970247856741931817e-03
5.083247178281712308e+01 2.959051868698474135e-03
5.090276203953554557e+01 2.947897666844258302e-03
5.097314949239685689e+01 2.936785096474809394e-03
5.104363427580216950e+01 2.925714003454976155e-03
5.111421652433843121e+01 2.914684234216871010e-03
5.118489637277878757e+01 2.903695635757754141e-03
5.125567395608262444e+01 2.892748055637991283e-03
5.132654940939607258e+01 2.881841341978966416e-03
5.139752286805204307e+01 2.870975343461041728e-03
5.146859446757059686e+01 2.860149909321518889e-03
5.153976434365925030e+01 2.849364889352549567e-03
5.161103263221309589e+01 2.838620133899147878e-03
5.168239946931521445e+01 2.827915493857153378e-03
5.175386499123680295e+01 2.817250820671193205e-03
5.182542933443748723e+01 2.806625966332698414e-03
5.189709263556566299e+01 2.796040783377857011e-03
5.196885503145857399e+01 2.785495124885673662e-03
5.204071665914278810e+01 2.774988844475927488e-03
5.211267765583426836e+01 2.764521796307216599e-03
5.218473815893872825e+01 2.754093835074980512e-03
5.225689830605195141e+01 2.743704816009513887e-03
5.232915823495988406e+01 2.733354594874043593e-03
5.240151808363911101e+01 2.723043027962714253e-03
5.247397799025689125e+01 2.712769972098720388e-03
5.254653809317166235e+01 2.702535284632281119e-03
5.261919853093309030e+01 2.692338823438776649e-03
5.269195944228241757e+01 2.682180446916794959e-03
5.276482096615283979e+01 2.672060013986199325e-03
5.283778324166953411e+01 2.661977384086248750e-03
5.291084640815017792e+01 2.651932417173665912e-03
5.298401060510501281e+01 2.641924973720749352e-03
5.305727597223719982e+01 2.631954914713500408e-03
5.313064264944313919e+01 2.622022101649705908e-03
5.320411077681259826e+01 2.612126396537080286e-03
5.327768049462913069e+01 2.602267661891403787e-03
5.335135194337022568e+01 2.592445760734637689e-03
5.342512526370760639e+01 2.582660556593095475e-03
5.349900059650758521e+01 2.572911913495570628e-03
5.357297808283117035e+01 2.563199695971498260e-03
5.364705786393453479e+01 2.553523769049127583e-03
5.372124008126908734e+01 2.543883998253678325e-03
5.379552487648184211e+01 2.534280249605544866e-03
5.386991239141574539e+01 2.524712389618452655e-03
5.394440276810978929e+01 2.515180285297666674e-03
5.401899614879948786e+01 2.505683804138164345e-03
5.409369267591693387e+01 2.496222814122876082e-03
5.416849249209118256e+01 2.486797183720874244e-03
5.424339574014860688e+01 2.477406781885583761e-03
5.431840256311296145e+01 2.468051478053029640e-03
5.439351310420586572e+01 2.458731142140037178e-03
5.446872750684691766e+01 2.449445644542496813e-03
5.454404591465404195e+01 2.440194856133589500e-03
5.461946847144380968e+01 2.430978648262039406e-03
5.469499532123157337e+01 2.421796892750386569e-03
5.477062660823192886e+01 2.412649461893207493e-03
5.484636247685880761e+01 2.403536228455437681e-03
5.492220307172583205e+01 2.394457065670608717e-03
5.499814853764667788e+01 2.385411847239146069e-03
5.507419901963515940e+01 2.376400447326645644e-03
5.515035466290571975e+01 2.367422740562171585e-03
5.522661561287349485e+01 2.358478602036580968e-03
5.530298201515480372e+01 2.349567907300773029e-03
5.537945401556724789e+01 2.340690532364069799e-03
5.545603176013004543e+01 2.331846353692488757e-03
5.553271539506442878e+01 2.323035248207072721e-03
5.560950506679370875e+01 2.314257093282244462e-03
5.568640092194375768e+01 2.305511766744122726e-03
5.576340310734315153e+01 2.296799146868863401e-03
5.584051177002346833e+01 2.288119112381037552e-03
5.591772705721970027e+01 2.279471542451940499e-03
5.599504911637031057e+01 2.270856316698005410e-03
5.607247809511775216e+01 2.262273315179115420e-03
5.615001414130856006e+01 2.253722418397035004e-03
5.622765740299369952e+01 2.245203507293742039e-03
5.630540802842894266e+01 2.236716463249836199e-03
5.638326616607496078e+01 2.228261168082930430e-03
5.646123196459782179e+01 2.219837504046027685e-03
5.653930557286907543e+01 2.211445353825956198e-03
5.661748713996615123e+01 2.203084600541752296e-03
5.669577681517267820e+01 2.194755127743089600e-03
5.677417474797861274e+01 2.186456819408684384e-03
5.685268108808073606e+01 2.178189559944734757e-03
5.693129598538273939e+01 2.169953234183355506e-03
5.701001958999560770e+01 2.161747727381004274e-03
5.708885205223796078e+01 2.153572925216921605e-03
5.716779352263618819e+01 2.145428713791605255e-03
5.724684415192491826e+01 2.137314979625235065e-03
5.732600409104713890e+01 2.129231609656146405e-03
5.740527349115455280e+01 2.121178491239308385e-03
5.748465250360796830e+01 2.113155512144767809e-03
5.756414127997736330e+01 2.105162560556155579e-03
5.764373997204242528e+01 2.097199525069143658e-03
5.772344873179264368e+01 2.089266294689952775e-03
5.780326771142766518e+01 2.081362758833838009e-03
5.788319706335768444e+01 2.073488807323594762e-03
5.796323694020352946e+01 2.065644330388048677e-03
5.804338749479718018e+01 2.057829218660582864e-03
5.812364888018185383e+01 2.050043363177647335e-03
5.820402124961248802e+01 2.042286655377273646e-03
5.828450475655586871e+01 2.034558987097610360e-03
5.836509955469097122e+01 2.026860250575463276e-03
5.844580579790937946e+01 2.019190338444805301e-03
5.852662364031535702e+01 2.011549143735348773e-03
5.860755323622638002e+01 2.003936559871065306e-03
5.868859474017321531e+01 1.996352480668779801e-03
5.876974830690031126e+01 1.988796800336686821e-03
5.885101409136620276e+01 1.981269413472930285e-03
5.893239224874354676e+01 1.973770215064187938e-03
5.901388293441971911e+01 1.966299100484226754e-03
5.909548630399686431e+01 1.958855965492476998e-03
5.917720251329227921e+01 1.951440706232652686e-03
5.925903171833882510e+01 1.944053219231296368e-03
5.934097407538499880e+01 1.936693401396412601e-03
5.942302974089547263e+01 1.929361150016035064e-03
5.950519887155119392e+01 1.922056362756860252e-03
5.958748162424975447e+01 1.914778937662849718e-03
5.966987815610580270e+01 1.907528773153834706e-03
5.975238862445110755e+01 1.900305768024146153e-03
5.983501318683511982e+01 1.893109821441239056e-03
5.991775200102507171e+01 1.885940832944331576e-03
6.000060522500633198e+01 1.878798702443028540e-03
6.008357301698283237e+01 1.871683330215958597e-03
6.016665553537713151e+01 1.864594616909450407e-03
6.024985293883099757e+01 1.857532463536134670e-03
6.033316538620544378e+01 1.850496771473646553e-03
6.041659303658118318e+01 1.843487442463262850e-03
6.050013604925897681e+01 1.836504378608562124e-03
6.058379458375974025e+01 1.829547482374117807e-03
6.066756879982510497e+01 1.822616656584147071e-03
6.075145885741748941e+01 1.815711804421081413e-03
6.083546491672051104e+01 1.808832829372507972e-03
6.091958713813937720e+01 1.801979635153176142e-03
6.100382568230097746e+01 1.795152125815164222e-03
6.108818071005443784e+01 1.788350205766656717e-03
6.117265238247120607e+01 1.781573779770650231e-03
6.125724086084545661e+01 1.774822752943612525e-03
6.134194630669450987e+01 1.768097030754171069e-03
6.142676888175887484e+01 1.761396519021819155e-03
6.151170874800286015e+01 1.754721123915587962e-03
6.159676606761460249e+01 1.748070751952776527e-03
6.168194100300663507e+01 1.741445309997620124e-03
6.176723371681597996e+01 1.734844705260030423e-03
6.185264437190455311e+01 1.728268845294305940e-03
6.193817313135956226e+01 1.721717637997830994e-03
6.202382015849360641e+01 1.715190991609835593e-03
6.210958561684523005e+01 1.708688814710081823e-03
6.219546967017903683e+01 1.702211016217641511e-03
6.228147248248605905e+01 1.695757505389600172e-03
6.236759421798421243e+01 1.689328191819817766e-03
6.245383504111833872e+01 1.682922985437684035e-03
6.254019511656081676e+01 1.676541796506844347e-03
6.262667460921163354e+01 1.670184535623987993e-03
6.271327368419878923e+01 1.663851113717592679e-03
6.279999250687871637e+01 1.657541442046685286e-03
6.288683124283638648e+01 1.651255432199641654e-03
6.297379005788584294e+01 1.644992996092927828e-03
6.306086911807033601e+01 1.638754045969906563e-03
6.314806858966270653e+01 1.632538494399612830e-03
6.323538863916583352e+01 1.626346254275539078e-03
6.332282943331266978e+01 1.620177238814439567e-03
6.341039113906687419e+01 1.614031361555110866e-03
6.349807392362288283e+01 1.607908536357229154e-03
6.358587795440632817e+01 1.601808677400125497e-03
6.367380339907442988e+01 1.595731699181600176e-03
6.376185042551614401e+01 1.589677516516771038e-03
6.385001920185268887e+01 1.583646044536843583e-03
6.393830989643766571e+01 1.577637198687989895e-03
6.402672267785746385e+01 1.571650894730145399e-03
6.411525771493171533e+01 1.565687048735839868e-03
6.420391517671333759e+01 1.559745577089064871e-03
6.429269523248915164e+01 1.553826396484083968e-03
6.438159805177994599e+01 1.547929423924307522e-03
6.447062380434095985e+01 1.542054576721125884e-03
6.455977266016225258e+01 1.536201772492760140e-03
6.464904478946877475e+01 1.530370929163155785e-03
6.473844036272103608e+01 1.524561964960807888e-03
6.482795955061509119e+01 1.518774798417650215e-03
6.491760252408322174e+01 1.513009348367922021e-03
6.500736945429387958e+01 1.507265533947051974e-03
6.509726051265229785e+01 1.501543274590533619e-03
6.518727587080076091e+01 1.495842490032801928e-03
6.527741570061880338e+01 1.490163100306147364e-03
6.536768017422373589e+01 1.484505025739588091e-03
6.545806946397077297e+01 1.478868186957770382e-03
6.554858374245350205e+01 1.473252504879880723e-03
6.563922318250419607e+01 1.467657900718542319e-03
6.572998795719405507e+01 1.462084295978734140e-03
6.582087823983370356e+01 1.456531612456686336e-03
6.591189420397329002e+01 1.450999772238832251e-03
6.600303602340298426e+01 1.445488697700692991e-03
6.609430387215336111e+01 1.439998311505834207e-03
6.618569792449549993e+01 1.434528536604772354e-03
6.627721835494159563e+01 1.429079296233924743e-03
6.636886533824505818e+01 1.423650513914545947e-03
6.646063904940093892e+01 1.418242113451662458e-03
6.655253966364637108e+01 1.412854018933029686e-03
6.664456735646068353e+01 1.407486154728072912e-03
6.673672230356594071e+01 1.402138445486842983e-03
6.682900468092717006e+01 1.396810816138975694e-03
6.692141466475264622e+01 1.391503191892664183e-03
6.701395243149443104e+01 1.386215498233598579e-03
6.710661815784847306e+01 1.380947660923963335e-03
6.719941202075514752e+01 1.375699606001395525e-03
6.729233419739941269e+01 1.370471259777962221e-03
6.738538486521125037e+01 1.365262548839154145e-03
6.747856420186604964e+01 1.360073400042849162e-03
6.757187238528480577e+01 1.354903740518321326e-03
6.766530959363463182e+01 1.349753497665222377e-03
6.775887600532892918e+01 1.344622599152581893e-03
6.785257179902779967e+01 1.339510972917805917e-03
6.794639715363848609e+01 1.334418547165678193e-03
6.804035224831550011e+01 1.329345250367375275e-03
6.813443726246121912e+01 1.324291011259467760e-03
6.822865237572592889e+01 1.319255758842944942e-03
6.832299776800851987e+01 1.314239422382221462e-03
6.841747361945650141e+01 1.309241931404172372e-03
6.851208011046651336e+01 1.304263215697151930e-03
6.860681742168472397e+01 1.299303205310018685e-03
6.870168573400697198e+01 1.294361830551184634e-03
6.879668522857937774e+01 1.289439021987627294e-03
6.889181608679842839e+01 1.284534710443954036e-03
6.898707849031144690e+01 1.279648827001432813e-03
6.908247262101707520e+01 1.274781302997040873e-03
6.917799866106527418e+01 1.269932070022520860e-03
6.927365679285807687e+01 1.265101059923424325e-03
6.936944719904961687e+01 1.260288204798182135e-03
6.946537006254658309e+01 1.255493436997166205e-03
6.956142556650868869e+01 1.250716689121733659e-03
6.965761389434881323e+01 1.245957894023330638e-03
6.975393522973355687e+01 1.241216984802528435e-03
6.985038975658341087e+01 1.236493894808122313e-03
6.994697765907316978e+01 1.231788557636202775e-03
7.004369912163241452e+01 1.227100907129237244e-03
7.014055432894562614e+01 1.222430877375156079e-03
7.023754346595278264e+01 1.217778402706440766e-03
7.033466671784948687e+01 1.213143417699226196e-03
7.043192427008744971e+01 1.208525857172381259e-03
7.052931630837491639e+01 1.203925656186613730e-03
7.062684301867679437e+01 1.199342750043581873e-03
7.072450458721523603e+01 1.194777074284987181e-03
7.082230120046985178e+01 1.190228564691694869e-03
7.092023304517809379e+01 1.185697157282836374e-03
7.101830030833571072e+01 1.181182788314934402e-03
7.111650317719691827e+01 1.176685394281016704e-03
7.121484183927498179e+01 1.172204911909736349e-03
7.131331648234237264e+01 1.167741278164506537e-03
7.141192729443120868e+01 1.163294430242623476e-03
7.151067446383369486e+01 1.158864305574399019e-03
7.160955817910226529e+01 1.154450841822294823e-03
7.170857862905027957e+01 1.150053976880063659e-03
7.180773600275196600e+01 1.145673648871896365e-03
7.190703048954317467e+01 1.141309796151552093e-03
7.200646227902149121e+01 1.136962357301522179e-03
7.210603156104662048e+01 1.132631271132177736e-03
7.220573852574094076e+01 1.128316476680912058e-03
7.230558336348958903e+01 1.124017913211323343e-03
7.240556626494107206e+01 1.119735520212347332e-03
7.250568742100745112e+01 1.115469237397442642e-03
7.260594702286476831e+01 1.111219004703746602e-03
7.270634526195351555e+01 1.106984762291253000e-03
7.280688232997876241e+01 1.102766450541980059e-03
7.290755841891083833e+01 1.098564010059145364e-03
7.300837372098538935e+01 1.094377381666352279e-03
7.310932842870387560e+01 1.090206506406772233e-03
7.321042273483408280e+01 1.086051325542317049e-03
7.331165683241017916e+01 1.081911780552851157e-03
7.341303091473341169e+01 1.077787813135355245e-03
7.351454517537221989e+01 1.073679365203148882e-03
7.361619980816270470e+01 1.069586378885069777e-03
7.371799500720911169e+01 1.065508796524673642e-03
7.381993096688391631e+01 1.061446560679455515e-03
7.392200788182856286e+01 1.057399614120032270e-03
7.402422594695347868e+01 1.053367899829377174e-03
7.412658535743867105e+01 1.049351361002014539e-03
7.422908630873408242e+01 1.045349941043234110e-03
7.433172899655983201e+01 1.041363583568329955e-03
7.443451361690679846e+01 1.037392232401792734e-03
7.453744036603674772e+01 1.033435831576560082e-03
7.464050944048284464e+01 1.029494325333231647e-03
7.474372103705016457e+01 1.025567658119294536e-03
7.484707535281570756e+01 1.021655774588365673e-03
7.495057258512917997e+01 1.017758619599421150e-03
7.505421293161306551e+01 1.013876138216041620e-03
7.515799659016310841e+01 1.010008275705643818e-03
7.526192375894879660e+01 1.006154977538732676e-03
7.536599463641351804e+01 1.002316189388146933e-03
7.547020942127522858e+01 9.984918571283060533e-04
7.557456831252646623e+01 9.946819268344662436e-04
7.567907150943511851e+01 9.908863447819704021e-04
7.578371921154450774e+01 9.871050574455154155e-04
7.588851161867385997e+01 9.833380114984040590e-04
7.599344893091883080e+01 9.795851538118135939e-04
7.609853134865163327e+01 9.758464314540624129e-04
7.620375907252166314e+01 9.721217916898724576e-04
7.630913230345569787e+01 9.684111819796522354e-04
7.641465124265832287e+01 9.647145499787657423e-04
7.652031609161245740e+01 9.610318435333024475e-04
7.662612705207951080e+01 9.573630106117342851e-04
7.673208432610000784e+01 9.537079993101906222e-04
7.683818811599374499e+01 9.500667579164952508e-04
7.694443862436027359e+01 9.464392349120005331e-04
7.705083605407942571e+01 9.428253789708498185e-04
7.715738060831141354e+01 9.392251389592695676e-04
7.726407249049754000e+01 9.356384639348200609e-04
7.737091190436025556e+01 9.320653031456995570e-04
7.747789905390379772e+01 9.285056060300062768e-04
7.758503414341456050e+01 9.249593222150335635e-04
7.769231737746125077e+01 9.214264015165513815e-04
7.779974896089565561e+01 9.179067939380958392e-04
7.790732909885268498e+01 9.144004496702629395e-04
7.801505799675089747e+01 9.109073190900074260e-04
7.812293586029304038e+01 9.074273527599305712e-04
7.823096289546612070e+01 9.039605014275920326e-04
7.833913930854214414e+01 9.005067160248011104e-04
7.844746530607825719e+01 8.970659476669327241e-04
7.855594109491718768e+01 8.936381476522333063e-04
7.866456688218782745e+01 8.902232674611226847e-04
7.877334287530531753e+01 8.868212587555228529e-04
7.888226928197175880e+01 8.834320733781584429e-04
7.899134631017635400e+01 8.800556633518917841e-04
7.910057416819589093e+01 8.766919808790307484e-04
7.920995306459531093e+01 8.733409783406565451e-04
7.931948320822776566e+01 8.700026082959563941e-04
7.942916480823538450e+01 8.666768234815417802e-04
7.953899807404930300e+01 8.633635768107961964e-04
7.964898321539044446e+01 8.600628213731886275e-04
7.975912044226961939e+01 8.567745104336268232e-04
7.986940996498800871e+01 8.534985974317951763e-04
7.997985199413771795e+01 8.502350359814824085e-04
8.009044674060191937e+01 8.469837798699457942e-04
8.020119441555553408e+01 8.437447830572436178e-04
8.031209523046537413e+01 8.405179996755897474e-04
8.042314939709065413e+01 8.373033840287085351e-04
8.053435712748354547e+01 8.341008905911800669e-04
8.064571863398926155e+01 8.309104740078103500e-04
8.075723412924682520e+01 8.277320890929736356e-04
8.086890382618915396e+01 8.245656908299913877e-04
8.098072793804360003e+01 8.214112343704880505e-04
8.109270667833251878e+01 8.182686750337489837e-04
8.120484026087332552e+01 8.151379683061117914e-04
8.131712889977927716e+01 8.120190698403134157e-04
8.142957280945955745e+01 8.089119354548797306e-04
8.154217220461985960e+01 8.058165211335008250e-04
8.165492730026288370e+01 8.027327830243976116e-04
8.176783831168845040e+01 7.996606774397130475e-04
8.188090545449428248e+01 7.966001608549006440e-04
8.199412894457609013e+01 7.935511899080935697e-04
8.210750899812811099e+01 7.905137213995060618e-04
8.222104583164369274e+01 7.874877122908173835e-04
8.233473966191532156e+01 7.844731197045696569e-04
8.244859070603548901e+01 7.814699009235562656e-04
8.256259918139672038e+01 7.784780133902252175e-04
8.267676530569214322e+01 7.754974147060753531e-04
8.279108929691604146e+01 7.725280626310588412e-04
8.290557137336398341e+01 7.695699150829824831e-04
8.302021175363353223e+01 7.666229301369215923e-04
8.313501065662443068e+01 7.636870660246192384e-04
8.324996830153907013e+01 7.607622811339092347e-04
8.336508490788312997e+01 7.578485340081118037e-04
8.348036069546560611e+01 7.549457833454703342e-04
8.359579588439963516e+01 7.520539879985466136e-04
8.371139069510257968e+01 7.491731069736621380e-04
8.382714534829659669e+01 7.463030994303044034e-04
8.394306006500919182e+01 7.434439246805556395e-04
8.405913506657333301e+01 7.405955421885243627e-04
8.417537057462818950e+01 7.377579115697664117e-04
8.429176681111927394e+01 7.349309925907198619e-04
8.440832399829913868e+01 7.321147451681416733e-04
8.452504235872756055e+01 7.293091293685294860e-04
8.464192211527205245e+01 7.265141054075782180e-04
8.475896349110844596e+01 7.237296336496007758e-04
8.487616670972099087e+01 7.209556746069846521e-04
8.499353199490315092e+01 7.181921889396227204e-04
8.511105957075770334e+01 7.154391374543697234e-04
8.522874966169732147e+01 7.126964811044858615e-04
8.534660249244512897e+01 7.099641809890822226e-04
8.546461828803481353e+01 7.072421983525833435e-04
8.558279727381139423e+01 7.045304945841705802e-04
8.570113967543139211e+01 7.018290312172452113e-04
8.581964571886332749e+01 6.991377699288837348e-04
8.593831563038835952e+01 6.964566725392977182e-04
8.605714963660031458e+01 6.937857010113037326e-04
8.617614796440658154e+01 6.911248174497742038e-04
8.629531084102815441e+01 6.884739841011162367e-04
8.641463849400021502e+01 6.858331633527360192e-04
8.653413115117271559e+01 6.832023177325036601e-04
8.665378904071052091e+01 6.805814099082383014e-04
8.677361239109413305e+01 6.779704026871684027e-04
8.689360143111990453e+01 6.753692590154170700e-04
8.701375638990052153e+01 6.727779419774831569e-04
8.713407749686565751e+01 6.701964147957104392e-04
8.725456498176204434e+01 6.676246408297847618e-04
8.737521907465425386e+01 6.650625835762028881e-04
8.749604000592488262e+01 6.625102066677734415e-04
8.761702800627509191e+01 6.599674738730978985e-04
8.773818330672520460e+01 6.574343490960566760e-04
8.785950613861476199e+01 6.549107963753143021e-04
8.798099673360343331e+01 6.523967798837999746e-04
8.810265532367105834e+01 6.498922639282101290e-04
8.822448214111827269e+01 6.473972129485092717e-04
8.834647741856703362e+01 6.449115915174258263e-04
8.846864138896083318e+01 6.424353643399538343e-04
8.859097428556540876e+01 6.399684962528557394e-04
8.871347634196889942e+01 6.375109522241747140e-04
8.883614779208262746e+01 6.350626973527316978e-04
8.895898887014119794e+01 6.326236968676452041e-04
8.908199981070315232e+01 6.301939161278378998e-04
8.920518084865149433e+01 6.277733206215451367e-04
8.932853221919383202e+01 6.253618759658390947e-04
8.945205415786320202e+01 6.229595479061378555e-04
8.957574690051818322e+01 6.205663023157298713e-04
8.969961068334352206e+01 6.181821051952865074e-04
8.982364574285065828e+01 6.158069226723961610e-04
8.994785231587793817e+01 6.134407210010775621e-04
9.007223063959135345e+01 6.110834665613074958e-04
9.019678095148471186e+01 6.087351258585543779e-04
9.032150348938023399e+01 6.063956655233057602e-04
9.044639849142912169e+01 6.040650523105909556e-04
9.057146619611170024e+01 6.017432530995284927e-04
9.069670684223828516e+01 5.994302348928461392e-04
9.082212066894921065e+01 5.971259648164315001e-04
9.094770791571556856e+01 5.948304101188575709e-04
9.107346882233964891e+01 5.925435381709337696e-04
9.119940362895519570e+01 5.902653164652385369e-04
9.132551257602818851e+01 5.879957126156710187e-04
9.145179590435697037e+01 5.857346943569881120e-04
9.157825385507284466e+01 5.834822295443608088e-04
9.170488666964072877e+01 5.812382861529134109e-04
9.183169458985919675e+01 5.790028322772831264e-04
9.195867785786138882e+01 5.767758361311609103e-04
9.208583671611512500e+01 5.745572660468596269e-04
9.221317140742348784e+01 5.723470904748559742e-04
9.234068217492547603e+01 5.701452779833582124e-04
9.246836926209607554e+01 5.679517972578565456e-04
9.259623291274715484e+01 5.657666171006920427e-04
9.272427337102757861e+01 5.635897064306091874e-04
9.285249088142379037e+01 5.614210342823305454e-04
9.298088568876049465e+01 5.592605698061119167e-04
9.310945803820068534e+01 5.571082822673194962e-04
9.323820817524661209e+01 5.549641410459886038e-04
9.336713634573976606e+01 5.528281156364040980e-04
9.349624279586181785e+01 5.507001756466626836e-04
9.362552777213466015e+01 5.485802907982572285e-04
9.375499152142110404e+01 5.464684309256397218e-04
9.388463429092546164e+01 5.443645659758120960e-04
9.401445632819367404e+01 5.422686660078924374e-04
9.414445788111419233e+01 5.401807011926994121e-04
9.427463919791806291e+01 5.381006418123389671e-04
9.440500052717960955e+01 5.360284582597838778e-04
9.453554211781703032e+01 5.339641210384525345e-04
9.466626421909251121e+01 5.319076007618071377e-04
9.479716708061312147e+01 5.298588681529307507e-04
9.492825095233092725e+01 5.278178940441258194e-04
9.505951608454364532e+01 5.257846493765008745e-04
9.519096272789519730e+01 5.237591051995604862e-04
9.532259113337595124e+01 5.217412326708044347e-04
9.545440155232350321e+01 5.197310030553238449e-04
9.558639423642286204e+01 5.177283877253910328e-04
9.571856943770704618e+01 5.157333581600711441e-04
9.585092740855773741e+01 5.137458859448062543e-04
9.598346840170542293e+01 5.117659427710337296e-04
9.611619267023024804e+01 5.097935004357747723e-04
9.624910046756214399e+01 5.078285308412527812e-04
9.638219204748152436e+01 5.058710059709456029e-04
9.651546766411983924e+01 5.039208977833679794e-04
9.664892757195974582e+01 5.019781782989820619e-04
9.678257202583601781e+01 5.000428196448580831e-04
9.691640128093565920e+01 4.981147940543034520e-04
9.705041559279851526e+01 4.961940738664506485e-04
9.718461521731798314e+01 4.942806315258382877e-04
9.731900041074104024e+01 4.923744395820072546e-04
9.745357142966926745e+01 4.904754706890827442e-04
9.758832853105886329e+01 4.885836976053727814e-04
9.772327197222138295e+01 4.866990931929581214e-04
9.785840201082430667e+01 4.848216304172868127e-04
9.799371890489123871e+01 4.829512823467766195e-04
9.812922291280274578e+01 4.810880221524039472e-04
9.826491429329649918e+01 4.792318231073155891e-04
9.840079330546814163e+01 4.773826585864199821e-04
9.853686020877144358e+01 4.755405020659946719e-04
9.867311526301892854e+01 4.737053271232954032e-04
9.880955872838256937e+01 4.718771074361536103e-04
9.894619086539384512e+01 4.700558167825942351e-04
9.908301193494475001e+01 4.682414290404353862e-04
9.922002219828785030e+01 4.664339181869077292e-04
9.935722191703696637e+01 4.646332582982659631e-04
9.949461135316785487e+01 4.628394235493975858e-04
9.963219076901829396e+01 4.610523882134454294e-04
9.976996042728903547e+01 4.592721266614198947e-04
9.990792059104393275e+01 4.574986133618248480e-04
1.000460715237106513e+02 4.557318228802669825e-04
1.001844134890810238e+02 4.539717298790910387e-04
1.003229467513119317e+02 4.522183091169934489e-04
1.004616715749252620e+02 4.504715354486509980e-04
1.006005882248087602e+02 4.487313838243475327e-04
1.007396969662164281e+02 4.469978292896028388e-04
1.008789980647689930e+02 4.452708469848032000e-04
1.010184917864547742e+02 4.435504121448221974e-04
1.011581783976295839e+02 4.418365000986710007e-04
1.012980581650176219e+02 4.401290862691184091e-04
1.014381313557119739e+02 4.384281461723296496e-04
1.015783982371748806e+02 4.367336554175092951e-04
1.017188590772388039e+02 4.350455897065306837e-04
1.018595141441061855e+02 4.333639248335801383e-04
1.020003637063504982e+02 4.316886366848006972e-04
1.021414080329165301e+02 4.300197012379312921e-04
1.022826473931209108e+02 4.283570945619550869e-04
1.024240820566529635e+02 4.267007928167338305e-04
1.025657122935746060e+02 4.250507722526705072e-04
1.027075383743213450e+02 4.234070092103496530e-04
1.028495605697025894e+02 4.217694801201860738e-04
1.029917791509021470e+02 4.201381615020786595e-04
1.031341943894791058e+02 4.185130299650632229e-04
1.032768065573677774e+02 4.168940622069644162e-04
1.034196159268785635e+02 4.152812350140536657e-04
1.035626227706984395e+02 4.136745252607052078e-04
1.037058273618913375e+02 4.120739099090570058e-04
1.038492299738990852e+02 4.104793660086580040e-04
1.039928308805413337e+02 4.088908706961485052e-04
1.041366303560164113e+02 4.073084011949087806e-04
1.042806286749018909e+02 4.057319348147247020e-04
1.044248261121548182e+02 4.041614489514581987e-04
1.045692229431128624e+02 4.025969210867058417e-04
1.047138194434940317e+02 4.010383287874718489e-04
1.048586158893977398e+02 3.994856497058378911e-04
1.050036125573051748e+02 3.979388615786300792e-04
1.051488097240797259e+02 3.963979422270922401e-04
1.052942076669679352e+02 3.948628695565557225e-04
1.054398066635994269e+02 3.933336215561199375e-04
1.055856069919878166e+02 3.918101762983235733e-04
1.057316089305311380e+02 3.902925119388231845e-04
1.058778127580122970e+02 3.887806067160690148e-04
1.060242187536000245e+02 3.872744389509869467e-04
1.061708271968487480e+02 3.857739870466561139e-04
1.063176383676995727e+02 3.842792294879976271e-04
1.064646525464805649e+02 3.827901448414505596e-04
1.066118700139078044e+02 3.813067117546596434e-04
1.067592910510851567e+02 3.798289089561595494e-04
1.069069159395053390e+02 3.783567152550655643e-04
1.070547449610502895e+02 3.768901095407591181e-04
1.072027783979916506e+02 3.754290707825778646e-04
1.073510165329916646e+02 3.739735780295037025e-04
1.074994596491031444e+02 3.725236104098600658e-04
1.076481080297703983e+02 3.710791471310031435e-04
1.077969619588296979e+02 3.696401674790134235e-04
1.079460217205096484e+02 3.682066508183966160e-04
1.080952875994322255e+02 3.667785765917753603e-04
1.082447598806126763e+02 3.653559243195919366e-04
1.083944388494604425e+02 3.639386735998037135e-04
1.085443247917796299e+02 3.625268041075857517e-04
1.086944179937694344e+02 3.611202955950354671e-04
1.088447187420251367e+02 3.597191278908654219e-04
1.089952273235379892e+02 3.583232809001204566e-04
1.091459440256962097e+02 3.569327346038763359e-04
1.092968691362854088e+02 3.555474690589424604e-04
1.094480029434890014e+02 3.541674643975785647e-04
1.095993457358892726e+02 3.527927008271958026e-04
1.097508978024671933e+02 3.514231586300706808e-04
1.099026594326034427e+02 3.500588181630545463e-04
1.100546309160788780e+02 3.486996598572863820e-04
1.102068125430749319e+02 3.473456642179093413e-04
1.103592046041746073e+02 3.459968118237752494e-04
1.105118073903624207e+02 3.446530833271738235e-04
1.106646211930253401e+02 3.433144594535402633e-04
1.108176463039532962e+02 3.419809210011746600e-04
1.109708830153395525e+02 3.406524488409651448e-04
1.111243316197817563e+02 3.393290239161013346e-04
1.112779924102818256e+02 3.380106272418037690e-04
1.114318656802469576e+02 3.366972399050374644e-04
1.115859517234900551e+02 3.353888430642431944e-04
1.117402508342301672e+02 3.340854179490587955e-04
1.118947633070935552e+02 3.327869458600403647e-04
1.120494894371135501e+02 3.314934081683995029e-04
1.122044295197315336e+02 3.302047863157210974e-04
1.123595838507974207e+02 3.289210618137001856e-04
1.125149527265701437e+02 3.276422162438638575e-04
1.126705364437186034e+02 3.263682312573088786e-04
1.128263352993215989e+02 3.250990885744324283e-04
1.129823495908688358e+02 3.238347699846625132e-04
1.131385796162613815e+02 3.225752573461961319e-04
1.132950256738121340e+02 3.213205325857328327e-04
1.134516880622468307e+02 3.200705776982106562e-04
1.136085670807039349e+02 3.188253747465416435e-04
1.137656630287356734e+02 3.175849058613562908e-04
1.139229762063084621e+02 3.163491532407394368e-04
1.140805069138034327e+02 3.151180991499675610e-04
1.142382554520173983e+02 3.138917259212555141e-04
1.143962221221627686e+02 3.126700159534981523e-04
1.145544072258685731e+02 3.114529517120130566e-04
1.147128110651809436e+02 3.102405157282825464e-04
1.148714339425635416e+02 3.090326905997060479e-04
1.150302761608986515e+02 3.078294589893385306e-04
1.151893380234869824e+02 3.066308036256449351e-04
1.153486198340487761e+02 3.054367073022459279e-04
1.155081218967242904e+02 3.042471528776680471e-04
1.156678445160741830e+02 3.030621232750947691e-04
1.158277879970805913e+02 3.018816014821141614e-04
1.159879526451470895e+02 3.007055705504788393e-04
1.161483387660996129e+02 2.995340135958544860e-04
1.163089466661870119e+02 2.983669137975744970e-04
1.164697766520815065e+02 2.972042543983987998e-04
1.166308290308797098e+02 2.960460187042664388e-04
1.167921041101025423e+02 2.948921900840540148e-04
1.169536021976962701e+02 2.937427519693374864e-04
1.171153236020329729e+02 2.925976878541475734e-04
1.172772686319110562e+02 2.914569812947337261e-04
1.174394375965562460e+02 2.903206159093177407e-04
1.176018308056215318e+02 2.891885753778667811e-04
1.177644485691881897e+02 2.880608434418495422e-04
1.179272911977661380e+02 2.869374039040036343e-04
1.180903590022950596e+02 2.858182406280944019e-04
1.182536522941442030e+02 2.847033375386905487e-04
1.184171713851135195e+02 2.835926786209252873e-04
1.185809165874340891e+02 2.824862479202615555e-04
1.187448882137686326e+02 2.813840295422685624e-04
1.189090865772125909e+02 2.802860076523841851e-04
1.190735119912939410e+02 2.791921664756883163e-04
1.192381647699743752e+02 2.781024902966758869e-04
1.194030452276496845e+02 2.770169634590270691e-04
1.195681536791502992e+02 2.759355703653830092e-04
1.197334904397423685e+02 2.748582954771125616e-04
1.198990558251275758e+02 2.737851233140985380e-04
1.200648501514443467e+02 2.727160384545071524e-04
1.202308737352681760e+02 2.716510255345627777e-04
1.203971268936122385e+02 2.705900692483319183e-04
1.205636099439284408e+02 2.695331543474965038e-04
1.207303232041072647e+02 2.684802656411358016e-04
1.208972669924789045e+02 2.674313879955063237e-04
1.210644416278137356e+02 2.663865063338232515e-04
1.212318474293227695e+02 2.653456056356877065e-04
1.213994847166588471e+02 2.643086708981532123e-04
1.215673538099163977e+02 2.632756871015154844e-04
1.217354550296326039e+02 2.622466392757501165e-04
1.219037886967879132e+02 2.612215125085815383e-04
1.220723551328064502e+02 2.602002919452554961e-04
1.222411546595571963e+02 2.591829627883048643e-04
1.224101875993538471e+02 2.581695102973203377e-04
1.225794542749558929e+02 2.571599197887246453e-04
1.227489550095691300e+02 2.561541766355417246e-04
1.229186901268461583e+02 2.551522662671734838e-04
1.230886599508874895e+02 2.541541741691664275e-04
1.232588648062414336e+02 2.531598858829969844e-04
1.234293050179051789e+02 2.521693870058414944e-04
1.235999809113253605e+02 2.511826631903528624e-04
1.237708928123984577e+02 2.501997001444420375e-04
1.239420410474720029e+02 2.492204836310534747e-04
1.241134259433444100e+02 2.482449994679473190e-04
1.242850478272661121e+02 2.472732335274790950e-04
1.244569070269400584e+02 2.463051717363825416e-04
1.246290038705222116e+02 2.453408000755517957e-04
1.248013386866226568e+02 2.443801045798206484e-04
1.249739118043055583e+02 2.434230713377544600e-04
1.251467235530901831e+02 2.424696864914318553e-04
1.253197742629514551e+02 2.415199362362301062e-04
1.254930642643204521e+02 2.405738068206127905e-04
1.256665938880855862e+02 2.396312845459173154e-04
1.258403634655923895e+02 2.386923557661477810e-04
1.260143733286447230e+02 2.377570068877584103e-04
1.261886238095052448e+02 2.368252243694492589e-04
1.263631152408959508e+02 2.358969947219567199e-04
1.265378479559992826e+02 2.349723045078424568e-04
1.267128222884580424e+02 2.340511403412924465e-04
1.268880385723765016e+02 2.331334888879066716e-04
1.270634971423209123e+02 2.322193368644974313e-04
1.272391983333200471e+02 2.313086710388813100e-04
1.274151424808663364e+02 2.304014782296791969e-04
1.275913299209157401e+02 2.294977453061139731e-04
1.277677609898888704e+02 2.285974591878054622e-04
1.279444360246715888e+02 2.277006068445743252e-04
1.281213553626154180e+02 2.268071752962400468e-04
1.282985193415387926e+02 2.259171516124189750e-04
1.284759282997268599e+02 2.250305229123320384e-04
1.286535825759326599e+02 2.241472763646031659e-04
1.288314825093777074e+02 2.232673991870644822e-04
1.290096284397524187e+02 2.223908786465598239e-04
1.291880207072173050e+02 2.215177020587484982e-04
1.293666596524028876e+02 2.206478567879153856e-04
1.295455456164108341e+02 2.197813302467725846e-04
1.297246789408144423e+02 2.189181098962705711e-04
1.299040599676592649e+02 2.180581832454062672e-04
1.300836890394641614e+02 2.172015378510292946e-04
1.302635664992212412e+02 2.163481613176542720e-04
1.304436926903970573e+02 2.154980412972720553e-04
1.306240679569330609e+02 2.146511654891599210e-04
1.308046926432462271e+02 2.138075216396935930e-04
1.309855670942301344e+02 2.129670975421608947e-04
1.311666916552548798e+02 2.121298810365768389e-04
1.313480666721682439e+02 2.112958600094967383e-04
1.315296924912961742e+02 2.104650223938313216e-04
1.317115694594438651e+02 2.096373561686630971e-04
1.318936979238956724e+02 2.088128493590657247e-04
1.320760782324163074e+02 2.079914900359173429e-04
1.322587107332513483e+02 2.071732663157224621e-04
1.324415957751278086e+02 2.063581663604319865e-04
1.326247337072553023e+02 2.055461783772585750e-04
1.328081248793259590e+02 2.047372906185002410e-04
1.329917696415155319e+02 2.039314913813638445e-04
1.331756683444840235e+02 2.031287690077839220e-04
1.333598213393761966e+02 2.023291118842468288e-04
1.335442289778227689e+02 2.015325084416139058e-04
1.337288916119402700e+02 2.007389471549471936e-04
1.339138095943322639e+02 1.999484165433347408e-04
1.340989832780899178e+02 1.991609051697131201e-04
1.342844130167924845e+02 1.983764016406991599e-04
1.344700991645085253e+02 1.975948946064125689e-04
1.346560420757958809e+02 1.968163727603059333e-04
1.348422421057026952e+02 1.960408248389951204e-04
1.350286996097681254e+02 1.952682396220855893e-04
1.352154149440228252e+02 1.944986059320059663e-04
1.354023884649901959e+02 1.937319126338339756e-04
1.355896205296861297e+02 1.929681486351335384e-04
1.357771114956204315e+02 1.922073028857827911e-04
1.359648617207972165e+02 1.914493643778105878e-04
1.361528715637155074e+02 1.906943221452273647e-04
1.363411413833704842e+02 1.899421652638606935e-04
1.365296715392533144e+02 1.891928828511888025e-04
1.367184623913523751e+02 1.884464640661794640e-04
1.369075143001538777e+02 1.877028981091236233e-04
1.370968276266423231e+02 1.869621742214743409e-04
1.372864027323018377e+02 1.862242816856804755e-04
1.374762399791159453e+02 1.854892098250316161e-04
1.376663397295688753e+02 1.847569480034918468e-04
1.378567023466460739e+02 1.840274856255420767e-04
1.380473281938348293e+02 1.833008121360194692e-04
1.382382176351253804e+02 1.825769170199580647e-04
1.384293710350109734e+02 1.818557898024320864e-04
1.386207887584889420e+02 1.811374200483968871e-04
1.388124711710613042e+02 1.804217973625333942e-04
1.390044186387354443e+02 1.797089113890906287e-04
1.391966315280252218e+02 1.789987518117283876e-04
1.393891102059508285e+02 1.782913083533664588e-04
1.395818550400402103e+02 1.775865707760275469e-04
1.397748663983294648e+02 1.768845288806828288e-04
1.399681446493634667e+02 1.761851725071012496e-04
1.401616901621971465e+02 1.754884915336943731e-04
1.403555033063953204e+02 1.747944758773657052e-04
1.405495844520339688e+02 1.741031154933612632e-04
1.407439339697008336e+02 1.734144003751152672e-04
1.409385522304959295e+02 1.727283205541045314e-04
1.411334396060328515e+02 1.720448660996935590e-04
1.413285964684386329e+02 1.713640271189908310e-04
1.415240231903550523e+02 1.706857937566993761e-04
1.417197201449391173e+02 1.700101561949665001e-04
1.419156877058637178e+02 1.693371046532414037e-04
1.421119262473188769e+02 1.686666293881241522e-04
1.423084361440116083e+02 1.679987206932236998e-04
1.425052177711671959e+02 1.673333688990106009e-04
1.427022715045298185e+02 1.666705643726734882e-04
1.428995977203630048e+02 1.660102975179755791e-04
1.430971967954511399e+02 1.653525587751079830e-04
1.432950691070990388e+02 1.646973386205523597e-04
1.434932150331334810e+02 1.640446275669345526e-04
1.436916349519036658e+02 1.633944161628852955e-04
1.438903292422818367e+02 1.627466949928972606e-04
1.440892982836645615e+02 1.621014546771854404e-04
1.442885424559726175e+02 1.614586858715496708e-04
1.444880621396522429e+02 1.608183792672303509e-04
1.446878577156757615e+02 1.601805255907752491e-04
1.448879295655421799e+02 1.595451156038973635e-04
1.450882780712784097e+02 1.589121401033387196e-04
1.452889036154392386e+02 1.582815899207336524e-04
1.454898065811085814e+02 1.576534559224722777e-04
1.456909873518999063e+02 1.570277290095653197e-04
1.458924463119576274e+02 1.564044001175052246e-04
1.460941838459568203e+02 1.557834602161367881e-04
1.462962003391047290e+02 1.551649003095193261e-04
1.464984961771411918e+02 1.545487114357942397e-04
1.467010717463392950e+02 1.539348846670508721e-04
1.469039274335067091e+02 1.533234111091947779e-04
1.471070636259855462e+02 1.527142819018167518e-04
1.473104807116536676e+02 1.521074882180581975e-04
1.475141790789252809e+02 1.515030212644841406e-04
1.477181591167515364e+02 1.509008722809500075e-04
1.479224212146218633e+02 1.503010325404714395e-04
1.481269657625638558e+02 1.497034933490977123e-04
1.483317931511445522e+02 1.491082460457805747e-04
1.485369037714710032e+02 1.485152820022469903e-04
1.487422980151910679e+02 1.479245926228702531e-04
1.489479762744944935e+02 1.473361693445435151e-04
1.491539389421129158e+02 1.467500036365543986e-04
1.493601864113212230e+02 1.461660870004555148e-04
1.495667190759380958e+02 1.455844109699417060e-04
1.497735373303266044e+02 1.450049671107249004e-04
1.499806415693956581e+02 1.444277470204049845e-04
1.501880321885996921e+02 1.438527423283526277e-04
1.503957095839402029e+02 1.432799446955801263e-04
1.506036741519662314e+02 1.427093458146208951e-04
1.508119262897749877e+02 1.421409374094052174e-04
1.510204663950133011e+02 1.415747112351391939e-04
1.512292948658773355e+02 1.410106590781838001e-04
1.514384121011140962e+02 1.404487727559307450e-04
1.516478185000218843e+02 1.398890441166855127e-04
1.518575144624510358e+02 1.393314650395454984e-04
1.520675003888052856e+02 1.387760274342785232e-04
1.522777766800415407e+02 1.382227232412070687e-04
1.524883437376712720e+02 1.376715444310875507e-04
1.526992019637612259e+02 1.371224829941285715e-04
1.529103517609338780e+02 1.365755308045567479e-04
1.531217935323689971e+02 1.360306796644059838e-04
1.533335276818033321e+02 1.354879214075406784e-04
1.535455546135320901e+02 1.349472479018246453e-04
1.537578747324095332e+02 1.344086510489657198e-04
1.539704884438495753e+02 1.338721227843605818e-04
1.541833961538272320e+02 1.333376550769402303e-04
1.543965982688783924e+02 1.328052399290167583e-04
1.546100951961012413e+02 1.322748693761311312e-04
1.548238873431569687e+02 1.317465354869001783e-04
1.550379751182702250e+02 1.312202303628659972e-04
1.552523589302306561e+02 1.306959461383440846e-04
1.554670391883927323e+02 1.301736749802761552e-04
1.556820163026770274e+02 1.296534090880790860e-04
1.558972906835711001e+02 1.291351406934969760e-04
1.561128627421298347e+02 1.286188620604548883e-04
1.563287328899770614e+02 1.281045654849095547e-04
1.565449015393052719e+02 1.275922432947064510e-04
1.567613691028771257e+02 1.270818878494311261e-04
1.569781359940260757e+02 1.265734915402676316e-04
1.571952026266568510e+02 1.260670467898531311e-04
1.574125694152471056e+02 1.255625460521335652e-04
1.576302367748471340e+02 1.250599818122240063e-04
1.578482051210812642e+02 1.245593465862645686e-04
1.580664748701485962e+02 1.240606329212799220e-04
1.582850464388235139e+02 1.235638333950400539e-04
1.585039202444573050e+02 1.230689406159180487e-04
1.587230967049777348e+02 1.225759472227542102e-04
1.589425762388907799e+02 1.220848458847152240e-04
1.591623592652809975e+02 1.215956293011581169e-04
1.593824462038123499e+02 1.211082902014931867e-04
1.596028374747296255e+02 1.206228213450453735e-04
1.598235334988580973e+02 1.201392155209224074e-04
1.600445346976052861e+02 1.196574655478779001e-04
1.602658414929612718e+02 1.191775642741769184e-04
1.604874543074996041e+02 1.186995045774627078e-04
1.607093735643785806e+02 1.182232793646235665e-04
1.609315996873411621e+02 1.177488815716620091e-04
1.611541331007164786e+02 1.172763041635601765e-04
1.613769742294201421e+02 1.168055401341525372e-04
1.616001234989558952e+02 1.163365825059920692e-04
1.618235813354153549e+02 1.158694243302228397e-04
1.620473481654794625e+02 1.154040586864506592e-04
1.622714244164192507e+02 1.149404786826136690e-04
1.624958105160962987e+02 1.144786774548563836e-04
1.627205068929643801e+02 1.140186481673990715e-04
1.629455139760692646e+02 1.135603840124154980e-04
1.631708321950500817e+02 1.131038782099044878e-04
1.633964619801401454e+02 1.126491240075648217e-04
1.636224037621674370e+02 1.121961146806716239e-04
1.638486579725562251e+02 1.117448435319508656e-04
1.640752250433268671e+02 1.112953038914565521e-04
1.643021054070972582e+02 1.108474891164486957e-04
1.645292994970834570e+02 1.104013925912702320e-04
1.647568077471004528e+02 1.099570077272256022e-04
1.649846305915636435e+02 1.095143279624580761e-04
1.652127684654885513e+02 1.090733467618327531e-04
1.654412218044924145e+02 1.086340576168142233e-04
1.656699910447948980e+02 1.081964540453471564e-04
1.658990766232185763e+02 1.077605295917390859e-04
1.661284789771906958e+02 1.073262778265409703e-04
1.663581985447427769e+02 1.068936923464304116e-04
1.665882357645122340e+02 1.064627667740943305e-04
1.668185910757430293e+02 1.060334947581129301e-04
1.670492649182862976e+02 1.056058699728439163e-04
1.672802577326019673e+02 1.051798861183055804e-04
1.675115699597584751e+02 1.047555369200653836e-04
1.677432020414343015e+02 1.043328161291224703e-04
1.679751544199187094e+02 1.039117175217970252e-04
1.682074275381124266e+02 1.034922348996145076e-04
1.684400218395290381e+02 1.030743620891943579e-04
1.686729377682949291e+02 1.026580929421397483e-04
1.689061757691508490e+02 1.022434213349228871e-04
1.691397362874524219e+02 1.018303411687771680e-04
1.693736197691710004e+02 1.014188463695853620e-04
1.696078266608951139e+02 1.010089308877693399e-04
1.698423574098303561e+02 1.006005886981825608e-04
1.700772124638007767e+02 1.001938138000005399e-04
1.703123922712497347e+02 9.978860021661240171e-05
1.705478972812405800e+02 9.938494199551290667e-05
1.707837279434579898e+02 9.898283320819675529e-05
1.710198847082080533e+02 9.858226795005060146e-05
1.712563680264196933e+02 9.818324034024734275e-05
1.714931783496452908e+02 9.778574452164157625e-05
1.717303161300615670e+02 9.738977466066357715e-05
1.719677818204709752e+02 9.699532494721327727e-05
1.722055758743015019e+02 9.660238959455975960e-05
1.724436987456084580e+02 9.621096283923508770e-05
1.726821508890748476e+02 9.582103894093167251e-05
1.729209327600123345e+02 9.543261218240142794e-05
1.731600448143626636e+02 9.504567686934985789e-05
1.733994875086975469e+02 9.466022733033919632e-05
1.736392613002201699e+02 9.427625791668458135e-05
1.738793666467660159e+02 9.389376300235428158e-05
1.741198040068033492e+02 9.351273698386894655e-05
1.743605738394350340e+02 9.313317428020305281e-05
1.746016766043982216e+02 9.275506933268479139e-05
1.748431127620659140e+02 9.237841660489844891e-05
1.750848827734477595e+02 9.200321058258558262e-05
1.753269871001906495e+02 9.162944577354801136e-05
1.755694262045804237e+02 9.125711670754858395e-05
1.758122005495415863e+02 9.088621793621735510e-05
1.760553105986389824e+02 9.051674403295416978e-05
1.762987568160784235e+02 9.014868959283092243e-05
1.765425396667074835e+02 8.978204923249994188e-05
1.767866596160170332e+02 8.941681759009568130e-05
1.770311171301410411e+02 8.905298932514200537e-05
1.772759126758582795e+02 8.869055911845817640e-05
1.775210467205929774e+02 8.832952167206478624e-05
1.777665197324154462e+02 8.796987170909158552e-05
1.780123321800438703e+02 8.761160397368298193e-05
1.782584845328439656e+02 8.725471323090851217e-05
1.785049772608306853e+02 8.689919426666896363e-05
1.787518108346689303e+02 8.654504188760566731e-05
1.789989857256742312e+02 8.619225092101059037e-05
1.792465024058143399e+02 8.584081621473436865e-05
1.794943613477092015e+02 8.549073263709713107e-05
1.797425630246323465e+02 8.514199507679931045e-05
1.799911079105116869e+02 8.479459844283234588e-05
1.802399964799308805e+02 8.444853766438941225e-05
1.804892292081294158e+02 8.410380769077694936e-05
1.807388065710040621e+02 8.376040349132841359e-05
1.809887290451096078e+02 8.341832005531534628e-05
1.812389971076596851e+02 8.307755239186073238e-05
1.814896112365283329e+02 8.273809552985248112e-05
1.817405719102498836e+02 8.239994451785746235e-05
1.819918796080204970e+02 8.206309442403597653e-05
1.822435348096989571e+02 8.172754033605499145e-05
1.824955379958074957e+02 8.139327736100521432e-05
1.827478896475332419e+02 8.106030062531465374e-05
1.830005902467282226e+02 8.072860527466601708e-05
1.832536402759109251e+02 8.039818647391198004e-05
1.835070402182670364e+02 8.006903940699278729e-05
1.837607905576501821e+02 7.974115927685218618e-05
1.840148917785837170e+02 7.941454130535501379e-05
1.842693443662602704e+02 7.908918073320632901e-05
1.845241488065437352e+02 7.876507281986895896e-05
1.847793055859696949e+02 7.844221284348095054e-05
1.850348151917464463e+02 7.812059610077642371e-05
1.852906781117564492e+02 7.780021790700422917e-05
1.855468948345563263e+02 7.748107359584694494e-05
1.858034658493783979e+02 7.716315851934244787e-05
1.860603916461315350e+02 7.684646804780388598e-05
1.863176727154017556e+02 7.653099756974078918e-05
1.865753095484541291e+02 7.621674249177877057e-05
1.868333026372324355e+02 7.590369823858412015e-05
1.870916524743608704e+02 7.559186025278379073e-05
1.873503595531448411e+02 7.528122399488804009e-05
1.876094243675717053e+02 7.497178494321414381e-05
1.878688474123124763e+02 7.466353859380854953e-05
1.881286291827215678e+02 7.435648046037075245e-05
1.883887701748386121e+02 7.405060607417748245e-05
1.886492708853891145e+02 7.374591098400676932e-05
1.889101318117852486e+02 7.344239075606280749e-05
1.891713534521276756e+02 7.314004097389915394e-05
1.894329363052050894e+02 7.283885723834714369e-05
1.896948808704961777e+02 7.253883516743957552e-05
1.899571876481703327e+02 7.223997039633655258e-05
1.902198571390883046e+02 7.194225857725286793e-05
1.904828898448040206e+02 7.164569537938391287e-05
1.907462862675644431e+02 7.135027648883387563e-05
1.910100469103111038e+02 7.105599760854139227e-05
1.912741722766810994e+02 7.076285445820881597e-05
1.915386628710076877e+02 7.047084277423030737e-05
1.918035191983221068e+02 7.017995830961879997e-05
1.920687417643534047e+02 6.989019683393627239e-05
1.923343310755300593e+02 6.960155412149548744e-05
1.926002876389809160e+02 6.931402591545453653e-05
1.928666119625357851e+02 6.902760796413454959e-05
1.931333045547273457e+02 6.874229603329592650e-05
1.934003659247908615e+02 6.845808590605923102e-05
1.936677965826659431e+02 6.817497338282218155e-05
1.939355970389973720e+02 6.789295428118124977e-05
1.942037678051357545e+02 6.761202443585198531e-05
1.944723093931395113e+02 6.733217969858799879e-05
1.947412223157743938e+02 6.705341593810447128e-05
1.950105070865155312e+02 6.677572903999847906e-05
1.952801642195479417e+02 6.649911490667099882e-05
1.955501942297675555e+02 6.622356945724946846e-05
1.958205976327828637e+02 6.594908862750958911e-05
1.960913749449146906e+02 6.567566836980066414e-05
1.963625266831980696e+02 6.540330465296646605e-05
1.966340533653829539e+02 6.513199346227115832e-05
1.969059555099350405e+02 6.486173079932310308e-05
1.971782336360375609e+02 6.459251268199858753e-05
1.974508882635910538e+02 6.432433514436781356e-05
1.977239199132151555e+02 6.405719423662049438e-05
1.979973291062494525e+02 6.379108602499147828e-05
1.982711163647541639e+02 6.352600659168630454e-05
1.985452822115120171e+02 6.326195203480864326e-05
1.988198271700281339e+02 6.299891846828700325e-05
1.990947517645315656e+02 6.273690202180221248e-05
1.993700565199762025e+02 6.247589884071434285e-05
1.996457419620423366e+02 6.221590508599158652e-05
1.999218086171366338e+02 6.195691693413880700e-05
2.001982570123937819e+02 6.169893057712552101e-05
2.004750876756774858e+02 6.144194222231575059e-05
2.007523011355810922e+02 6.118594809239738736e-05
2.010298979214294945e+02 6.093094442531180066e-05
2.013078785632789049e+02 6.067692747418422500e-05
2.015862435919187874e+02 6.042389350725426274e-05
2.018649935388724543e+02 6.017183880780746410e-05
2.021441289363980331e+02 5.992075967410594503e-05
2.024236503174902850e+02 5.967065241931918801e-05
2.027035582158803777e+02 5.942151337145792602e-05
2.029838531660376759e+02 5.917333887330572263e-05
2.032645357031706510e+02 5.892612528235034199e-05
2.035456063632275630e+02 5.867986897071890678e-05
2.038270656828985068e+02 5.843456632510920043e-05
2.041089141996149863e+02 5.819021374672515032e-05
2.043911524515519034e+02 5.794680765120957338e-05
2.046737809776283257e+02 5.770434446857913748e-05
2.049568003175083390e+02 5.746282064315877403e-05
2.052402110116028666e+02 5.722223263351612432e-05
2.055240136010695267e+02 5.698257691239862199e-05
2.058082086278143947e+02 5.674384996666763452e-05
2.060927966344928848e+02 5.650604829723426483e-05
2.063777781645106302e+02 5.626916841899690135e-05
2.066631537620252459e+02 5.603320686077722967e-05
2.069489239719462148e+02 5.579816016525642727e-05
2.072350893399366782e+02 5.556402488891371640e-05
2.075216504124143455e+02 5.533079760196350062e-05
2.078086077365522613e+02 5.509847488829298256e-05
2.080959618602807950e+02 5.486705334539986295e-05
2.083837133322872148e+02 5.463652958433253329e-05
2.086718627020178758e+02 5.440690022962684657e-05
2.089604105196787884e+02 5.417816191924731961e-05
2.092493573362366135e+02 5.395031130452485242e-05
2.095387037034204809e+02 5.372334505009733425e-05
2.098284501737218193e+02 5.349725983384941619e-05
2.101185973003962886e+02 5.327205234685291387e-05
2.104091456374645190e+02 5.304771929330760332e-05
2.107000957397130492e+02 5.282425739048239615e-05
2.109914481626961731e+02 5.260166336865518673e-05
2.112832034627358269e+02 5.237993397105634487e-05
2.115753621969233791e+02 5.215906595380935578e-05
2.118679249231205404e+02 5.193905608587307953e-05
2.121608921999601876e+02 5.171990114898445095e-05
2.124542645868483532e+02 5.150159793760065779e-05
2.127480426439639132e+02 5.128414325884278930e-05
2.130422269322606610e+02 5.106753393243861067e-05
2.133368180134679335e+02 5.085176679066654370e-05
2.136318164500916907e+02 5.063683867829903075e-05
2.139272228054163634e+02 5.042274645254642054e-05
2.142230376435045685e+02 5.020948698300247337e-05
2.145192615291991842e+02 4.999705715158810467e-05
2.148158950281240891e+02 4.978545385249654462e-05
2.151129387066851564e+02 4.957467399213849791e-05
2.154103931320720164e+02 4.936471448908762865e-05
2.157082588722580851e+02 4.915557227402668234e-05
2.160065364960022407e+02 4.894724428969318762e-05
2.163052265728499037e+02 4.873972749082571378e-05
2.166043296731338614e+02 4.853301884411073127e-05
2.169038463679761151e+02 4.832711532812913343e-05
2.172037772292878230e+02 4.812201393330344261e-05
2.175041228297711768e+02 4.791771166184542291e-05
2.178048837429202820e+02 4.771420552770321851e-05
2.181060605430220107e+02 4.751149255650988120e-05
2.184076538051580769e+02 4.730956978553071881e-05
2.187096641052046664e+02 4.710843426361266970e-05
2.190120920198345686e+02 4.690808305113173258e-05
2.193149381265179443e+02 4.670851321994330999e-05
2.196182030035232344e+02 4.650972185333050545e-05
2.199218872299192640e+02 4.631170604595308461e-05
2.202259913855747868e+02 4.611446290379848288e-05
2.205305160511606744e+02 4.591798954413068532e-05
2.208354618081507681e+02 4.572228309544077341e-05
2.211408292388226471e+02 4.552734069739742450e-05
2.214466189262598448e+02 4.533315950079705881e-05
2.217528314543513943e+02 4.513973666751549082e-05
2.220594674077940169e+02 4.494706937045863190e-05
2.223665273720926905e+02 4.475515479351389100e-05
2.226740119335626673e+02 4.456399013150197505e-05
2.229819216793293037e+02 4.437357259012875041e-05
2.232902571973300212e+02 4.418389938593698230e-05
2.235990190763153009e+02 4.399496774625930078e-05
2.239082079058494514e+02 4.380677490917053648e-05
2.242178242763126548e+02 4.361931812343994118e-05
2.245278687789009098e+02 4.343259464848529897e-05
2.248383420056277942e+02 4.324660175432562114e-05
2.251492445493256298e+02 4.306133672153457967e-05
2.254605770036461934e+02 4.287679684119444223e-05
2.257723399630628478e+02 4.269297941484978353e-05
2.260845340228703719e+02 4.250988175446236212e-05
2.263971597791868362e+02 4.232750118236463529e-05
2.267102178289546544e+02 4.214583503121520510e-05
2.270237087699414644e+02 4.196488064395329545e-05
2.273376332007421752e+02 4.178463537375342565e-05
2.276519917207786818e+02 4.160509658398166966e-05
2.279667849303020830e+02 4.142626164815079039e-05
2.282820134303933628e+02 4.124812794987575362e-05
2.285976778229645561e+02 4.107069288282969575e-05
2.289137787107606243e+02 4.089395385070055577e-05
2.292303166973593420e+02 4.071790826714716504e-05
2.295472923871733428e+02 4.054255355575577083e-05
2.298647063854509724e+02 4.036788714999725092e-05
2.301825592982773401e+02 4.019390649318390821e-05
2.305008517325762796e+02 4.002060903842661081e-05
2.308195842961102073e+02 3.984799224859228455e-05
2.311387575974821971e+02 3.967605359626201537e-05
2.314583722461368041e+02 3.950479056368850789e-05
2.317784288523611451e+02 3.933420064275432333e-05
2.320989280272869166e+02 3.916428133492981924e-05
2.324198703828901955e+02 3.899503015123231570e-05
2.327412565319935140e+02 3.882644461218441459e-05
2.330630870882667693e+02 3.865852224777283373e-05
2.333853626662281897e+02 3.849126059740769510e-05
2.337080838812465799e+02 3.832465720988158947e-05
2.340312513495407813e+02 3.815870964332967769e-05
2.343548656881820591e+02 3.799341546518829457e-05
2.346789275150950118e+02 3.782877225215612761e-05
2.350034374490583104e+02 3.766477759015349848e-05
2.353283961097071142e+02 3.750142907428270149e-05
2.356538041175326157e+02 3.733872430878887072e-05
2.359796620938842580e+02 3.717666090702063025e-05
2.363059706609706723e+02 3.701523649139022937e-05
2.366327304418606445e+02 3.685444869333562941e-05
2.369599420604852753e+02 3.669429515328114720e-05
2.372876061416376388e+02 3.653477352059891168e-05
2.376157233109750280e+02 3.637588145357076097e-05
2.379442941950199497e+02 3.621761661934983450e-05
2.382733194211609202e+02 3.605997669392313416e-05
2.386027996176547674e+02 3.590295936207231687e-05
2.389327354136263182e+02 3.574656231733759734e-05
2.392631274390706153e+02 3.559078326197979433e-05
2.395939763248538270e+02 3.543561990694261385e-05
2.399252827027142132e+02 3.528106997181618620e-05
2.402570472052643424e+02 3.512713118479976931e-05
2.405892704659908361e+02 3.497380128266517734e-05
2.409219531192564716e+02 3.482107801072035141e-05
2.412550958003012909e+02 3.466895912277270005e-05
2.415886991452434245e+02 3.451744238109351028e-05
2.419227637910813939e+02 3.436652555236069362e-05
2.422572903756937706e+02 3.421620621102378052e-05
2.425922795378415060e+02 3.406648165445518662e-05
2.429277319171686997e+02 3.391734917446380512e-05
2.432636481542037643e+02 3.376880608006014206e-05
2.436000288903615854e+02 3.362084969733278506e-05
2.439368747679431806e+02 3.347347736932599688e-05
2.442741864301380303e+02 3.332668645591738355e-05
2.446119645210249871e+02 3.318047433369756145e-05
2.449502096855732418e+02 3.303483839584991254e-05
2.452889225696446545e+02 3.288977605203086135e-05
2.456281038199933846e+02 3.274528472825267945e-05
2.459677540842681367e+02 3.260136186676528035e-05
2.463078740110129843e+02 3.245800492593993881e-05
2.466484642496694732e+02 3.231521138015273908e-05
2.469895254505765081e+02 3.217297871967126228e-05
2.473310582649724552e+02 3.203130445053905780e-05
2.476730633449962795e+02 3.189018609446260175e-05
2.480155413436883691e+02 3.174962118869980026e-05
2.483584929149929508e+02 3.160960728594689367e-05
2.487019187137577205e+02 3.147014195422861331e-05
2.490458193957361743e+02 3.133122277678805363e-05
2.493901956175885175e+02 3.119284735197679510e-05
2.497350480368827732e+02 3.105501329314734458e-05
2.500803773120969709e+02 3.091771822854402394e-05
2.504261841026189188e+02 3.078095980119751782e-05
2.507724690687484781e+02 3.064473566881792388e-05
2.511192328716985571e+02 3.050904350368917859e-05
2.514664761735960781e+02 3.037388099256481801e-05
2.518141996374843927e+02 3.023924583656367409e-05
2.521624039273228561e+02 3.010513575106700768e-05
2.525110897079892140e+02 2.997154846561553634e-05
2.528602576452806261e+02 2.983848172380823772e-05
2.532099084059145753e+02 2.970593328320123404e-05
2.535600426575313406e+02 2.957390091520661920e-05
2.539106610686935426e+02 2.944238240499422659e-05
2.542617643088885586e+02 2.931137555139177751e-05
2.546133530485295751e+02 2.918087816678701155e-05
2.549654279589564680e+02 2.905088807702994920e-05
2.553179897124382762e+02 2.892140312133613695e-05
2.556710389821728029e+02 2.879242115219086140e-05
2.560245764422891170e+02 2.866394003525304493e-05
2.563786027678482355e+02 2.853595764926095395e-05
2.567331186348446863e+02 2.840847188593786322e-05
2.570881247202082136e+02 2.828148064989839086e-05
2.574436217018040907e+02 2.815498185855569411e-05
2.577996102584349956e+02 2.802897344202990500e-05
2.581560910698423754e+02 2.790345334305586479e-05
2.585130648167072991e+02 2.777841951689231527e-05
2.588705321806527877e+02 2.765386993123180828e-05
2.592284938442438147e+02 2.752980256611130313e-05
2.595869504909891816e+02 2.740621541382249289e-05
2.599459028053431098e+02 2.728310647882406197e-05
2.603053514727057518e+02 2.716047377765359804e-05
2.606652971794259770e+02 2.703831533884026294e-05
2.610257406128009166e+02 2.691662920281852073e-05
2.613866824610782373e+02 2.679541342184203843e-05
2.617481234134575061e+02 2.667466605989830510e-05
2.621100641600908148e+02 2.655438519262379307e-05
2.624725053920855657e+02 2.643456890721973570e-05
2.628354478015039035e+02 2.631521530236868113e-05
2.631988920813652157e+02 2.619632248815135427e-05
2.635628389256472133e+02 2.607788858596407449e-05
2.639272890292869533e+02 2.595991172843692545e-05
2.642922430881832838e+02 2.584239005935246031e-05
2.646577017991965022e+02 2.572532173356467786e-05
2.650236658601506861e+02 2.560870491691931002e-05
2.653901359698350575e+02 2.549253778617363152e-05
2.657571128280045514e+02 2.537681852891763160e-05
2.661245971353828281e+02 2.526154534349494182e-05
2.664925895936615348e+02 2.514671643892545111e-05
2.668610909055028060e+02 2.503233003482755831e-05
2.672301017745405147e+02 2.491838436134072966e-05
2.675996229053812385e+02 2.480487765904975709e-05
2.679696550036066469e+02 2.469180817890813227e-05
2.683401987757732172e+02 2.457917418216326033e-05
2.687112549294148494e+02 2.446697394028092486e-05
2.690828241730437185e+02 2.435520573487139279e-05
2.694549072161513550e+02 2.424386785761537691e-05
2.698275047692113162e+02 2.413295861019026605e-05
2.702006175436787885e+02 2.402247630419781902e-05
2.705742462519929177e+02 2.391241926109149253e-05
2.709483916075780598e+02 2.380278581210435867e-05
2.713230543248448043e+02 2.369357429817811682e-05
2.716982351191923044e+02 2.358478306989162437e-05
2.720739347070084477e+02 2.347641048739090470e-05
2.724501538056716186e+02 2.336845492031884683e-05
2.728268931335522325e+02 2.326091474774615191e-05
2.732041534100146123e+02 2.315378835810154447e-05
2.735819353554172721e+02 2.304707414910392850e-05
2.739602396911147935e+02 2.294077052769392681e-05
2.743390671394594165e+02 2.283487590996641998e-05
2.747184184238020066e+02 2.272938872110314286e-05
2.750982942684942714e+02 2.262430739530588413e-05
2.754786953988889877e+02 2.251963037573069900e-05
2.758596225413419916e+02 2.241535611442170507e-05
2.762410764232135989e+02 2.231148307224535936e-05
2.766230577728696289e+02 2.220800971882639892e-05
2.770055673196839621e+02 2.210493453248234483e-05
2.773886057940381420e+02 2.200225600016012044e-05
2.777721739273238768e+02 2.189997261737204614e-05
2.781562724519443464e+02 2.179808288813273547e-05
2.785409021013152255e+02 2.169658532489640782e-05
2.789260636098670716e+02 2.159547844849399800e-05
2.793117577130452673e+02 2.149476078807198347e-05
2.796979851473123517e+02 2.139443088103029349e-05
2.800847466501492704e+02 2.129448727296113294e-05
2.804720429600564557e+02 2.119492851758875157e-05
2.808598748165563848e+02 2.109575317670844404e-05
2.812482429601932381e+02 2.099695982012733894e-05
2.816371481325356285e+02 2.089854702560441530e-05
2.820265910761773966e+02 2.080051337879149827e-05
2.824165725347390890e+02 2.070285747317479353e-05
2.828070932528702883e+02 2.060557791001596428e-05
2.831981539762495572e+02 2.050867329829491248e-05
2.835897554515865977e+02 2.041214225465193664e-05
2.839818984266238999e+02 2.031598340333015735e-05
2.843745836501375379e+02 2.022019537611966726e-05
2.847678118719397844e+02 2.012477681230023438e-05
2.851615838428789402e+02 2.002972635858560126e-05
2.855559003148418924e+02 1.993504266906810253e-05
2.859507620407550803e+02 1.984072440516308937e-05
2.863461697745859738e+02 1.974677023555418073e-05
2.867421242713453466e+02 1.965317883613828409e-05
2.871386262870871633e+02 1.955994888997229336e-05
2.875356765789111364e+02 1.946707908721844512e-05
2.879332759049639208e+02 1.937456812509133161e-05
2.883314250244401364e+02 1.928241470780453764e-05
2.887301246975851541e+02 1.919061754651813135e-05
2.891293756856947539e+02 1.909917535928623626e-05
2.895291787511176267e+02 1.900808687100470493e-05
2.899295346572566814e+02 1.891735081335989721e-05
2.903304441685701818e+02 1.882696592477709255e-05
2.907319080505741908e+02 1.873693095036932241e-05
2.911339270698426276e+02 1.864724464188682952e-05
2.915365019940096545e+02 1.855790575766715729e-05
2.919396335917708143e+02 1.846891306258458196e-05
2.923433226328844512e+02 1.838026532800057813e-05
2.927475698881740414e+02 1.829196133171479244e-05
2.931523761295281361e+02 1.820399985791585810e-05
2.935577421299030334e+02 1.811637969713257191e-05
2.939636686633235740e+02 1.802909964618601318e-05
2.943701565048849602e+02 1.794215850814114086e-05
2.947772064307548590e+02 1.785555509225902768e-05
2.951848192181733452e+02 1.776928821394996839e-05
2.955929956454555168e+02 1.768335669472601883e-05
2.960017364919928582e+02 1.759775936215444636e-05
2.964110425382541507e+02 1.751249504981117696e-05
2.968209145657883141e+02 1.742756259723463868e-05
2.972313533572241226e+02 1.734296084988036748e-05
2.976423596962728197e+02 1.725868865907497605e-05
2.980539343677293687e+02 1.717474488197129833e-05
2.984660781574735324e+02 1.709112838150340192e-05
2.988787918524729434e+02 1.700783802634199687e-05
2.992920762407821940e+02 1.692487269085007144e-05
2.997059321115461330e+02 1.684223125503924289e-05
3.001203602550007759e+02 1.675991260452568455e-05
3.005353614624744978e+02 1.667791563048687641e-05
3.009509365263908194e+02 1.659623922961844705e-05
3.013670862402681223e+02 1.651488230409156111e-05
3.017838113987224915e+02 1.643384376151018142e-05
3.022011127974685110e+02 1.635312251486886639e-05
3.026189912333209691e+02 1.627271748251107571e-05
3.030374475041974165e+02 1.619262758808685592e-05
3.034564824091176547e+02 1.611285176051236923e-05
3.038760967482068054e+02 1.603338893392801615e-05
3.042962913226959927e+02 1.595423804765824213e-05
3.047170669349252989e+02 1.587539805347139597e-05
3.051384243883432532e+02 1.579686797666243672e-05
3.055603644875097871e+02 1.571864688360247132e-05
3.059828880380971441e+02 1.564073384384263268e-05
3.064059958468916420e+02 1.556312792970174742e-05
3.068296887217958329e+02 1.548582821624929355e-05
3.072539674718287870e+02 1.540883378128841917e-05
3.076788329071282533e+02 1.533214370533864267e-05
3.081042858389525350e+02 1.525575707161924073e-05
3.085303270796812853e+02 1.517967296603248211e-05
3.089569574428183500e+02 1.510389047714686154e-05
3.093841777429916533e+02 1.502840869618071804e-05
3.098119887959558696e+02 1.495322671698596686e-05
3.102403914185936742e+02 1.487834363603181437e-05
3.106693864289169369e+02 1.480375855238840022e-05
3.110989746460697916e+02 1.472947056771110854e-05
3.115291568903278971e+02 1.465547878622473693e-05
3.119599339831015641e+02 1.458178231470744011e-05
3.123913067469370617e+02 1.450838026247526135e-05
3.128232760055175277e+02 1.443527174136683342e-05
3.132558425836662650e+02 1.436245586572752551e-05
3.136890073073459462e+02 1.428993175239461164e-05
3.141227710036618532e+02 1.421769852068185811e-05
3.145571345008629009e+02 1.414575529236471224e-05
3.149920986283430011e+02 1.407410119166519810e-05
3.154276642166438478e+02 1.400273534523697821e-05
3.158638320974546900e+02 1.393165688215113358e-05
3.163006031036151171e+02 1.386086493388122543e-05
3.167379780691163660e+02 1.379035863428890410e-05
3.171759578291025718e+02 1.372013711960967040e-05
3.176145432198736671e+02 1.365019952843857266e-05
3.180537350788850404e+02 1.358054500171599177e-05
3.184935342447503785e+02 1.351117268271399554e-05
3.189339415572430312e+02 1.344208171702204072e-05
3.193749578572972609e+02 1.337327125253353403e-05
3.198165839870110858e+02 1.330474043943177474e-05
3.202588207896460517e+02 1.323648843017678338e-05
3.207016691096299610e+02 1.316851437949183049e-05
3.211451297925584640e+02 1.310081744434969942e-05
3.215892036851959688e+02 1.303339678396005202e-05
3.220338916354788239e+02 1.296625155975575921e-05
3.224791944925150347e+02 1.289938093538022429e-05
3.229251131065868208e+02 1.283278407667454530e-05
3.233716483291523218e+02 1.276646015166429284e-05
3.238188010128467340e+02 1.270040833054745171e-05
3.242665720114852093e+02 1.263462778568107337e-05
3.247149621800625141e+02 1.256911769156958686e-05
3.251639723747560993e+02 1.250387722485187142e-05
3.256136034529272365e+02 1.243890556428922352e-05
3.260638562731224397e+02 1.237420189075313587e-05
3.265147316950765344e+02 1.230976538721318314e-05
3.269662305797119188e+02 1.224559523872527704e-05
3.274183537891419746e+02 1.218169063241946055e-05
3.278711021866722035e+02 1.211805075748850344e-05
3.283244766368014780e+02 1.205467480517611504e-05
3.287784780052249971e+02 1.199156196876513989e-05
3.292331071588342866e+02 1.192871144356661584e-05
3.296883649657196429e+02 1.186612242690797826e-05
3.301442522951718956e+02 1.180379411812213497e-05
3.306007700176835442e+02 1.174172571853592121e-05
3.310579190049518843e+02 1.167991643145941857e-05
3.315157001298783825e+02 1.161836546217483001e-05
3.319741142665720304e+02 1.155707201792560742e-05
3.324331622903505377e+02 1.149603530790576705e-05
3.328928450777414696e+02 1.143525454324920512e-05
3.333531635064856573e+02 1.137472893701882018e-05
3.338141184555365157e+02 1.131445770419664011e-05
3.342757108050632269e+02 1.125444006167298688e-05
3.347379414364521608e+02 1.119467522823621385e-05
3.352008112323078990e+02 1.113516242456277524e-05
3.356643210764567016e+02 1.107590087320669066e-05
3.361284718539457685e+02 1.101688979859006854e-05
3.365932644510467071e+02 1.095812842699270286e-05
3.370586997552560433e+02 1.089961598654263215e-05
3.375247786552986327e+02 1.084135170720605974e-05
3.379915020411273758e+02 1.078333482077808219e-05
3.384588708039258336e+02 1.072556456087273154e-05
3.389268858361101593e+02 1.066804016291383756e-05
3.393955480313300654e+02 1.061076086412563408e-05
3.398648582844718931e+02 1.055372590352310119e-05
3.403348174916586686e+02 1.049693452190327297e-05
3.408054265502526050e+02 1.044038596183586251e-05
3.412766863588569777e+02 1.038407946765425119e-05
3.417485978173172043e+02 1.032801428544659991e-05
3.422211618267240283e+02 1.027218966304695524e-05
3.426943792894132912e+02 1.021660485002659446e-05
3.431682511089686614e+02 1.016125909768518251e-05
3.436427781902235665e+02 1.010615165904237451e-05
3.441179614392619897e+02 1.005128178882926412e-05
3.445938017634221069e+02 9.996648743479698081e-06
3.450703000712955486e+02 9.942251781122320850e-06
3.455474572727307532e+02 9.888090161572180522e-06
3.460252742788342744e+02 9.834163146322526158e-06
3.465037520019721455e+02 9.780469998536679661e-06
3.469828913557731198e+02 9.727009983039997429e-06
3.474626932551281584e+02 9.673782366312267390e-06
3.479431586161937275e+02 9.620786416479423323e-06
3.484242883563931059e+02 9.568021403306106216e-06
3.489060833944178626e+02 9.515486598187883425e-06
3.493885446502309833e+02 9.463181274143416999e-06
3.498716730450664159e+02 9.411104705807445174e-06
3.503554695014324238e+02 9.359256169422843974e-06
3.508399349431127803e+02 9.307634942833615475e-06
3.513250702951684730e+02 9.256240305477296694e-06
3.518108764839405467e+02 9.205071538377959713e-06
3.522973544370499894e+02 9.154127924139094901e-06
3.527845050834008021e+02 9.103408746936422999e-06
3.532723293531815898e+02 9.052913292510898625e-06
3.537608281778665855e+02 9.002640848162040736e-06
3.542500024902194014e+02 8.952590702740829411e-06
3.547398532242922329e+02 8.902762146643038009e-06
3.552303813154292129e+02 8.853154471802685598e-06
3.557215877002679463e+02 8.803766971685252231e-06
3.562134733167407603e+02 8.754598941281360071e-06
3.567060391040780587e+02 8.705649677099881937e-06
3.571992860028078667e+02 8.656918477162108631e-06
3.576932149547592417e+02 8.608404640995131920e-06
3.581878269030634101e+02 8.560107469625547692e-06
3.586831227921555296e+02 8.512026265573480982e-06
3.591791035677777586e+02 8.464160332846346735e-06
3.596757701769788582e+02 8.416508976932808760e-06
3.601731235681175463e+02 8.369071504796955533e-06
3.606711646908639182e+02 8.321847224872289654e-06
3.611698944962009250e+02 8.274835447056023925e-06
3.616693139364276135e+02 8.228035482703036923e-06
3.621694239651586713e+02 8.181446644620616313e-06
3.626702255373279513e+02 8.135068247062604159e-06
3.631717196091895516e+02 8.088899605723699776e-06
3.636739071383197484e+02 8.042940037734411417e-06
3.641767890836197807e+02 7.997188861655181251e-06
3.646803664053159650e+02 7.951645397471245570e-06
3.651846400649626503e+02 7.906308966587508540e-06
3.656896110254438099e+02 7.861178891823031409e-06
3.661952802509745197e+02 7.816254497406101081e-06
3.667016487071043116e+02 7.771535108968880253e-06
3.672087173607166619e+02 7.727020053542735185e-06
3.677164871800324590e+02 7.682708659553056938e-06
3.682249591346114244e+02 7.638600256814367218e-06
3.687341341953536471e+02 7.594694176525574145e-06
3.692440133345028244e+02 7.550989751265049298e-06
3.697545975256458632e+02 7.507486314986179944e-06
3.702658877437164620e+02 7.464183203012425753e-06
3.707778849649963604e+02 7.421079752032913381e-06
3.712905901671168749e+02 7.378175300097968374e-06
3.718040043290623089e+02 7.335469186614326036e-06
3.723181284311696686e+02 7.292960752341106335e-06
3.728329634551317326e+02 7.250649339385347498e-06
3.733485103839985868e+02 7.208534291197540449e-06
3.738647702021806367e+02 7.166614952567633358e-06
3.743817438954484373e+02 7.124890669620743961e-06
3.748994324509360467e+02 7.083360789813139537e-06
3.754178368571425040e+02 7.042024661927978879e-06
3.759369581039333070e+02 7.000881636071629392e-06
3.764567971825438804e+02 6.959931063669399740e-06
3.769773550855792337e+02 6.919172297461836620e-06
3.774986328070172021e+02 6.878604691500961393e-06
3.780206313422101516e+02 6.838227601146306818e-06
3.785433516878864566e+02 6.798040383061386619e-06
3.790667948421537972e+02 6.758042395209764403e-06
3.795909618044989315e+02 6.718232996851797668e-06
3.801158535757911068e+02 6.678611548540833776e-06
3.806414711582834229e+02 6.639177412119810811e-06
3.811678155556146521e+02 6.599929950717744085e-06
3.816948877728124785e+02 6.560868528746324455e-06
3.822226888162931004e+02 6.521992511896697057e-06
3.827512196938648117e+02 6.483301267135997787e-06
3.832804814147295360e+02 6.444794162557731707e-06
3.838104749894842485e+02 6.406470329155908942e-06
3.843412014301244994e+02 6.368328185459775986e-06
3.848726617500441307e+02 6.330366038816316390e-06
3.854048569640385722e+02 6.292582223556477036e-06
3.859377880883065473e+02 6.254975100687574896e-06
3.864714561404516644e+02 6.217543057589418880e-06
3.870058621394857141e+02 6.180284507714246723e-06
3.875410071058283279e+02 6.143197890290381186e-06
3.880768920613107298e+02 6.106281670029337925e-06
3.886135180291769871e+02 6.069534336836653525e-06
3.891508860340856586e+02 6.032954405526069477e-06
3.896889971021135466e+02 5.996540415536973000e-06
3.902278522607549007e+02 5.960290930655529229e-06
3.907674525389252835e+02 5.924204538738547628e-06
3.913077989669630483e+02 5.888279851440862740e-06
3.918488925766308171e+02 5.852515503945723606e-06
3.923907344011190617e+02 5.816910154698017342e-06
3.929333254750459332e+02 5.781462485140874084e-06
3.934766668344604454e+02 5.746171199454649551e-06
3.940207595168442936e+02 5.711035024299100073e-06
3.945656045611133891e+02 5.676052708558270664e-06
3.951112030076214410e+02 5.641223023087870841e-06
3.956575558981595577e+02 5.606544760465462575e-06
3.962046642759598853e+02 5.572016734743329968e-06
3.967525291856969147e+02 5.537637781203645221e-06
3.973011516734894712e+02 5.503406756116140978e-06
3.978505327869041821e+02 5.469322536498302597e-06
3.984006735749548511e+02 5.435384019877938034e-06
3.989515750881063809e+02 5.401590124057723863e-06
3.995032383782761940e+02 5.367939786882455866e-06
4.000556644988358244e+02 5.334431966008191901e-06
4.006088545046147829e+02 5.301065638673419172e-06
4.011628094518997045e+02 5.267839801472803256e-06
4.017175303984384414e+02 5.234753470132399966e-06
4.022730184034414265e+02 5.201805679287306653e-06
4.028292745275833227e+02 5.168995482260964391e-06
4.033862998330067171e+02 5.136321950846395619e-06
4.039440953833216668e+02 5.103784175089571229e-06
4.045026622436094499e+02 5.071381263074249805e-06
4.050620014804240441e+02 5.039112340708682862e-06
4.056221141617937747e+02 5.006976551514094625e-06
4.061830013572252369e+02 4.974973056414874514e-06
4.067446641377025003e+02 4.943101033530212119e-06
4.073071035756910874e+02 4.911359677967601576e-06
4.078703207451394519e+02 4.879748201617702049e-06
4.084343167214807409e+02 4.848265832950766912e-06
4.089990925816363756e+02 4.816911816814600984e-06
4.095646494040157108e+02 4.785685414233959402e-06
4.101309882685196158e+02 4.754585902211332256e-06
4.106981102565424635e+02 4.723612573529037879e-06
4.112660164509733249e+02 4.692764736552896702e-06
4.118347079361999477e+02 4.662041715036875814e-06
4.124041857981084718e+02 4.631442847929335251e-06
4.129744511240867837e+02 4.600967489180280575e-06
4.135455050030265056e+02 4.570615007549987632e-06
4.141173485253245303e+02 4.540384786418789448e-06
4.146899827828868297e+02 4.510276223597821959e-06
4.152634088691278293e+02 4.480288731141291026e-06
4.158376278789745584e+02 4.450421735159463644e-06
4.164126409088674450e+02 4.420674675632940728e-06
4.169884490567644661e+02 4.391047006227886188e-06
4.175650534221405223e+02 4.361538194112387651e-06
4.181424551059912460e+02 4.332147719773715875e-06
4.187206552108348205e+02 4.302875076836543006e-06
4.192996548407134014e+02 4.273719771882318738e-06
4.198794551011971521e+02 4.244681324269175008e-06
4.204600570993837323e+02 4.215759265953235929e-06
4.210414619439019930e+02 4.186953141310475751e-06
4.216236707449139658e+02 4.158262506959523798e-06
4.222066846141161705e+02 4.129686931585336779e-06
4.227905046647438212e+02 4.101225995763706262e-06
4.233751320115700310e+02 4.072879291786623353e-06
4.239605677709099609e+02 4.044646423488377749e-06
4.245468130606224122e+02 4.016527006072346274e-06
4.251338690001113605e+02 3.988520665938804640e-06
4.257217367103301626e+02 3.960627040513223694e-06
4.263104173137807038e+02 3.932845778075416107e-06
4.268999119345177178e+02 3.905176537589457233e-06
4.274902216981499805e+02 3.877618988534174338e-06
4.280813477318425839e+02 3.850172810734487092e-06
4.286732911643203465e+02 3.822837694193158026e-06
4.292660531258676997e+02 3.795613338923669547e-06
4.298596347483323257e+02 3.768499454783295340e-06
4.304540371651271471e+02 3.741495761307059887e-06
4.310492615112316912e+02 3.714601987542347240e-06
4.316453089231965237e+02 3.687817871883981163e-06
4.322421805391422254e+02 3.661143161910197205e-06
4.328398774987637694e+02 3.634577614218845155e-06
4.334384009433320557e+02 3.608120994264660048e-06
4.340377520156955029e+02 3.581773076196737284e-06
4.346379318602844251e+02 3.555533642696723932e-06
4.352389416231101222e+02 3.529402484817819783e-06
4.358407824517690869e+02 3.503379401824021940e-06
4.364434554954447094e+02 3.477464201030174918e-06
4.370469619049089260e+02 3.451656697642464182e-06
4.376513028325263690e+02 3.425956714599609328e-06
4.382564794322536841e+02 3.400364082414597667e-06
4.388624928596437940e+02 3.374878639016810840e-06
4.394693442718474330e+02 3.349500229595053516e-06
4.400770348276148525e+02 3.324228706440852300e-06
4.406855656873001976e+02 3.299063928792323417e-06
4.412949380128604844e+02 3.274005762678956893e-06
4.419051529678602037e+02 3.249054080766521854e-06
4.425162117174726291e+02 3.224208762202824368e-06
4.431281154284817489e+02 3.199469692463870172e-06
4.437408652692864734e+02 3.174836763200720686e-06
4.443544624098997815e+02 3.150309872086897914e-06
4.449689080219532116e+02 3.125888922666263253e-06
4.455842032786981690e+02 3.101573824201613747e-06
4.462003493550081998e+02 3.077364491523804336e-06
4.468173474273826287e+02 3.053260844881324549e-06
4.474351986739462745e+02 3.029262809790759500e-06
4.480539042744536573e+02 3.005370316887585026e-06
4.486734654102904756e+02 2.981583301777681547e-06
4.492938832644755962e+02 2.957901704889404418e-06
4.499151590216652039e+02 2.934325471326289559e-06
4.505372938681521191e+02 2.910854550720471438e-06
4.511602889918701180e+02 2.887488897086521609e-06
4.517841455823955812e+02 2.864228468676116065e-06
4.524088648309492555e+02 2.841073227833299336e-06
4.530344479304006313e+02 2.818023140850231383e-06
4.536608960752672033e+02 2.795078177823897582e-06
4.542882104617187338e+02 2.772238312513245604e-06
4.549163922875789581e+02 2.749503522197097329e-06
4.555454427523275172e+02 2.726873787532726534e-06
4.561753630571041640e+02 2.704349092415051949e-06
4.568061544047079678e+02 2.681929423836794654e-06
4.574378179996018048e+02 2.659614771749073401e-06
4.580703550479140631e+02 2.637405128922782163e-06
4.587037667574404054e+02 2.615300490810917636e-06
4.593380543376481455e+02 2.593300855411356090e-06
4.599732189996754528e+02 2.571406223130608542e-06
4.606092619563358426e+02 2.549616596648273036e-06
4.612461844221193132e+02 2.527931980782316177e-06
4.618839876131967799e+02 2.506352382354997548e-06
4.625226727474193353e+02 2.484877810059883850e-06
4.631622410443225704e+02 2.463508274329460189e-06
4.638026937251285062e+02 2.442243787203650659e-06
4.644440320127473001e+02 2.421084362199185534e-06
4.650862571317816219e+02 2.400030014179864193e-06
4.657293703085259722e+02 2.379080759227681179e-06
4.663733727709711161e+02 2.358236614514797586e-06
4.670182657488058453e+02 2.337497598176501796e-06
4.676640504734188539e+02 2.316863729185063818e-06
4.683107281779029449e+02 2.296335027224378651e-06
4.689583000970547459e+02 2.275911512565893323e-06
4.696067674673786883e+02 2.255593205945138284e-06
4.702561315270890532e+02 2.235380128439475141e-06
4.709063935161118479e+02 2.215272301346737165e-06
4.715575546760890120e+02 2.195269746064841770e-06
4.722096162503780192e+02 2.175372483972623989e-06
4.728625794840561412e+02 2.155580536311427196e-06
4.735164456239222091e+02 2.135893924068003342e-06
4.741712159184987740e+02 2.116312667858313165e-06
4.748268916180360861e+02 2.096836787812478363e-06
4.754834739745119236e+02 2.077466303460832368e-06
4.761409642416357428e+02 2.058201233621094710e-06
4.767993636748505537e+02 2.039041596286675329e-06
4.774586735313349095e+02 2.019987408516064768e-06
4.781188950700071700e+02 2.001038686323466558e-06
4.787800295515252174e+02 1.982195444570600613e-06
4.794420782382903781e+02 1.963457696859659019e-06
4.801050423944498675e+02 1.944825455427444280e-06
4.807689232858982677e+02 1.926298731040864085e-06
4.814337221802821887e+02 1.907877532893494613e-06
4.820994403469995859e+02 1.889561868503505435e-06
4.827660790572041947e+02 1.871351744525041695e-06
4.834336395838076328e+02 1.853247191059583556e-06
4.841021232014809357e+02 1.835248263140140832e-06
4.847715311866594448e+02 1.817355013079649398e-06
4.854418648175418980e+02 1.799567488905012253e-06
4.861131253740950910e+02 1.781885734294616019e-06
4.867853141380556394e+02 1.764309788517340115e-06
4.874584323929321386e+02 1.746839686372977951e-06
4.881324814240094270e+02 1.729475458133944325e-06
4.888074625183481317e+02 1.712217129488511300e-06
4.894833769647891017e+02 1.695064721485268258e-06
4.901602260539553413e+02 1.678018250479222434e-06
4.908380110782540555e+02 1.661077728079136765e-06
4.915167333318810279e+02 1.644243161096322512e-06
4.921963941108201652e+02 1.627514551495050985e-06
4.928769947128478748e+02 1.610891896344202363e-06
4.935585364375352810e+02 1.594375187770423712e-06
4.942410205862497605e+02 1.577964412912892770e-06
4.949244484621600009e+02 1.561659553879335120e-06
4.956088213702348639e+02 1.545460587703731207e-06
4.962941406172485017e+02 1.529367486305322266e-06
4.969804075117818343e+02 1.513380216449284069e-06
4.976676233642249372e+02 1.497498739708767776e-06
4.983557894867811910e+02 1.481723012428460582e-06
4.990449071934670542e+02 1.466052985689754232e-06
4.997349778001166101e+02 1.450488605277339745e-06
5.004260026243832158e+02 1.435029811647314710e-06
5.011179829857418895e+02 1.419676539896841088e-06
5.018109202054937441e+02 1.404428719735335926e-06
5.025048156067653053e+02 1.389286275457194777e-06
5.031996705145134001e+02 1.374249125915991927e-06
5.038954862555268051e+02 1.359317184500298026e-06
5.045922641584285202e+02 1.344490359110988073e-06
5.052900055536803166e+02 1.329768552140005881e-06
5.059887117735820539e+02 1.315151660450874692e-06
5.066883841522765124e+02 1.300639575360560087e-06
5.073890240257512119e+02 1.286232182622937594e-06
5.080906327318405715e+02 1.271929362413801902e-06
5.087932116102305145e+02 1.257730989317402635e-06
5.094967620024578991e+02 1.243636932314590339e-06
5.102012852519150670e+02 1.229647054772354774e-06
5.109067827038521159e+02 1.215761214435056012e-06
5.116132557053787195e+02 1.201979263417094634e-06
5.123207056054689019e+02 1.188301048197078848e-06
5.130291337549605259e+02 1.174726409613707698e-06
5.137385415065597272e+02 1.161255182862929059e-06
5.144489302148427896e+02 1.147887197496842091e-06
5.151603012362605796e+02 1.134622277423891848e-06
5.158726559291380909e+02 1.121460240910832695e-06
5.165859956536788786e+02 1.108400900586010779e-06
5.173003217719679014e+02 1.095444063444184914e-06
5.180156356479724309e+02 1.082589530852919347e-06
5.187319386475479632e+02 1.069837098560356987e-06
5.194492321384365141e+02 1.057186556704603252e-06
5.201675174902725303e+02 1.044637689824436170e-06
5.208867960745837991e+02 1.032190276871647647e-06
5.216070692647945179e+02 1.019844091224728557e-06
5.223283384362293873e+02 1.007598900703990817e-06
5.230506049661133829e+02 9.954544675883066686e-07
5.237738702335765311e+02 9.834105486330579379e-07
5.244981356196554998e+02 9.714668950896825937e-07
5.252234025072965551e+02 9.596232527265200150e-07
5.259496722813596534e+02 9.478793618511281924e-07
5.266769463286181008e+02 9.362349573340194969e-07
5.274052260377634411e+02 9.246897686336731391e-07
5.281345127994073891e+02 9.132435198230359717e-07
5.288648080060839902e+02 9.018959296173253928e-07
5.295961130522546227e+02 8.906467114031446216e-07
5.303284293343072022e+02 8.794955732690286116e-07
5.310617582505610699e+02 8.684422180372313979e-07
5.317961012012692663e+02 8.574863432968513319e-07
5.325314595886202369e+02 8.466276414382666762e-07
5.332678348167434024e+02 8.358657996887612815e-07
5.340052282917077946e+02 8.252005001495792072e-07
5.347436414215273999e+02 8.146314198340932966e-07
5.354830756161633190e+02 8.041582307072218550e-07
5.362235322875254724e+02 7.937805997261590763e-07
5.369650128494780574e+02 7.834981888821834243e-07
5.377075187178386386e+02 7.733106552437399521e-07
5.384510513103830363e+02 7.632176510006870794e-07
5.391956120468474865e+02 7.532188235096489606e-07
5.399412023489311423e+02 7.433138153405306162e-07
5.406878236403002802e+02 7.335022643241601482e-07
5.414354773465885273e+02 7.237838036010383447e-07
5.421841648954011816e+02 7.141580616711448529e-07
5.429338877163177131e+02 7.046246624447997543e-07
5.436846472408939235e+02 6.951832252946298833e-07
5.444364449026664943e+02 6.858333651084866811e-07
5.451892821371529863e+02 6.765746923434116177e-07
5.459431603818563872e+02 6.674068130806030186e-07
5.466980810762676128e+02 6.583293290813074278e-07
5.474540456618672124e+02 6.493418378436961765e-07
5.482110555821311664e+02 6.404439326605997834e-07
5.489691122825291814e+02 6.316352026782812426e-07
5.497282172105307154e+02 6.229152329559549100e-07
5.504883718156067971e+02 6.142836045262311989e-07
5.512495775492317307e+02 6.057398944564231303e-07
5.520118358648891217e+02 5.972836759106228363e-07
5.527751482180703988e+02 5.889145182126168386e-07
5.535395160662803846e+02 5.806319869095719140e-07
5.543049408690392283e+02 5.724356438364563977e-07
5.550714240878845658e+02 5.643250471812315442e-07
5.558389671863769763e+02 5.562997515506738225e-07
5.566075716300990734e+02 5.483593080370156567e-07
5.573772388866603933e+02 5.405032642851370558e-07
5.581479704257001231e+02 5.327311645604284112e-07
5.589197677188889202e+02 5.250425498173218144e-07
5.596926322399342553e+02 5.174369577683415013e-07
5.604665654645796167e+02 5.099139229538011102e-07
5.612415688706096262e+02 5.024729768119839626e-07
5.620176439378527675e+02 4.951136477499190174e-07
5.627947921481826370e+02 4.878354612146004610e-07
5.635730149855239688e+02 4.806379397646891515e-07
5.643523139358519529e+02 4.735206031427419770e-07
5.651326904871966690e+02 4.664829683477827271e-07
5.659141461296460420e+02 4.595245497083350730e-07
5.666966823553478889e+02 4.526448589558089204e-07
5.674803006585152616e+02 4.458434052982769258e-07
5.682650025354251966e+02 4.391196954945825208e-07
5.690507894844247403e+02 4.324732339287269810e-07
5.698376630059320860e+02 4.259035226846000725e-07
5.706256246024418033e+02 4.194100616209235680e-07
5.714146757785247246e+02 4.129923484464685138e-07
5.722048180408322651e+02 4.066498787954948430e-07
5.729960528980996060e+02 4.003821463033553127e-07
5.737883818611473998e+02 3.941886426822990236e-07
5.745818064428872276e+02 3.880688577973807127e-07
5.753763281583210301e+02 3.820222797425712168e-07
5.761719485245459964e+02 3.760483949168812230e-07
5.769686690607574064e+02 3.701466881006000572e-07
5.777664912882505632e+02 3.643166425316069477e-07
5.785654167304262501e+02 3.585577399816631232e-07
5.793654469127898210e+02 3.528694608327639452e-07
5.801665833629567715e+02 3.472512841534213720e-07
5.809688276106550120e+02 3.417026877749616158e-07
5.817721811877270284e+02 3.362231483677169209e-07
5.825766456281353385e+02 3.308121415171336451e-07
5.833822224679619239e+02 3.254691417998242239e-07
5.841889132454132323e+02 3.201936228594284476e-07
5.849967195008227918e+02 3.149850574823540882e-07
5.858056427766535990e+02 3.098429176733321858e-07
5.866156846175032342e+02 3.047666747307861461e-07
5.874268465701031801e+02 2.997557993219927851e-07
5.882391301833246189e+02 2.948097615579670299e-07
5.890525370081801384e+02 2.899280310681349139e-07
5.898670685978268011e+02 2.851100770747007403e-07
5.906827265075709192e+02 2.803553684666890378e-07
5.914995122948677135e+02 2.756633738737341534e-07
5.923174275193266567e+02 2.710335617394578696e-07
5.931364737427137470e+02 2.664654003945203844e-07
5.939566525289538959e+02 2.619583581292761508e-07
5.947779654441366119e+02 2.575119032660403454e-07
5.956004140565150919e+02 2.531255042309314499e-07
5.964239999365115636e+02 2.487986296252584474e-07
5.972487246567199008e+02 2.445307482964769834e-07
5.980745897919078971e+02 2.403213294086547784e-07
5.989015969190227224e+02 2.361698425124178083e-07
5.997297476171903554e+02 2.320757576144437731e-07
6.005590434677209259e+02 2.280385452463661884e-07
6.013894860541112166e+02 2.240576765331659173e-07
6.022210769620468227e+02 2.201326232609863479e-07
6.030538177794082912e+02 2.162628579443526320e-07
6.038877100962694158e+02 2.124478538928427592e-07
6.047227555049039438e+02 2.086870852770827264e-07
6.055589555997869411e+02 2.049800271941641897e-07
6.063963119775977475e+02 2.013261557323902064e-07
6.072348262372256613e+02 1.977249480353633893e-07
6.080744999797688024e+02 1.941758946597253922e-07
6.089153348085400239e+02 1.906785685998213566e-07
6.097573323290689586e+02 1.872325708996404646e-07
6.106004941491050886e+02 1.838374950385560159e-07
6.114448218786227471e+02 1.804929272112678843e-07
6.122903171298204370e+02 1.771984467177382113e-07
6.131369815171269693e+02 1.739536263459830120e-07
6.139848166572033961e+02 1.707580327476532282e-07
6.148338241689455117e+02 1.676112268063820928e-07
6.156840056734897644e+02 1.645127639988063218e-07
6.165353627942123467e+02 1.614621947482680941e-07
6.173878971567348799e+02 1.584590647711514976e-07
6.182416103889266878e+02 1.555029154158201955e-07
6.190965041209077526e+02 1.525932839941589334e-07
6.199525799850537169e+02 1.497297041057056252e-07
6.208098396159958838e+02 1.469117059543778570e-07
6.216682846506262194e+02 1.441388166577811290e-07
6.225279167281004220e+02 1.414105605491261792e-07
6.233887374898399685e+02 1.387264594717816468e-07
6.242507485795379125e+02 1.360860330664492639e-07
6.251139516431586571e+02 1.334887990510334411e-07
6.259783483289427295e+02 1.309342734932121551e-07
6.268439402874101916e+02 1.284219710757502731e-07
6.277107291713626864e+02 1.259514053546099471e-07
6.285787166358891227e+02 1.235220890098858451e-07
6.294479043383653334e+02 1.211335340896593722e-07
6.303182939384591918e+02 1.187852522467740913e-07
6.311898870981334539e+02 1.164767549686293698e-07
6.320626854816504192e+02 1.142075538000504574e-07
6.329366907555721582e+02 1.119771605593034739e-07
6.338119045887655147e+02 1.097850875473159617e-07
6.346883286524054029e+02 1.076308477501854966e-07
6.355659646199765120e+02 1.055139550350698076e-07
6.364448141672800148e+02 1.034339243395012217e-07
6.373248789724320886e+02 1.013902718542507536e-07
6.382061607158701690e+02 9.938251519980109441e-08
6.390886610803552230e+02 9.741017359652343184e-08
6.399723817509747050e+02 9.547276802864561153e-08
6.408573244151477866e+02 9.356982140211410432e-08
6.417434907626254699e+02 9.170085869643735428e-08
6.426308824854955901e+02 8.986540711059713002e-08
6.435195012781857713e+02 8.806299620313608781e-08
6.444093488374663821e+02 8.629315802652763718e-08
6.453004268624556516e+02 8.455542725589960415e-08
6.461927370546194425e+02 8.284934131225052587e-08
6.470862811177770482e+02 8.117444048021895431e-08
6.479810607581039221e+02 7.953026802054944697e-08
6.488770776841339512e+02 7.791637027732648800e-08
6.497743336067654809e+02 7.633229678008715556e-08
6.506728302392608612e+02 7.477760034094139007e-08
6.515725692972521301e+02 7.325183714676470136e-08
6.524735524987435156e+02 7.175456684659231502e-08
6.533757815641143907e+02 7.028535263432524284e-08
6.542792582161248447e+02 6.884376132682526470e-08
6.551839841799154556e+02 6.742936343753806618e-08
6.560899611830127469e+02 6.604173324571761504e-08
6.569971909553320302e+02 6.468044886138073712e-08
6.579056752291800194e+02 6.334509228607962604e-08
6.588154157392611978e+02 6.203524946959557145e-08
6.597264142226762260e+02 6.075051036267900235e-08
6.606386724189287634e+02 5.949046896590520924e-08
6.615521920699278553e+02 5.825472337476624234e-08
6.624669749199905482e+02 5.704287582110654575e-08
6.633830227158476873e+02 5.585453271097890470e-08
6.643003372066436896e+02 5.468930465904682098e-08
6.652189201439422277e+02 5.354680651960669102e-08
6.661387732817291862e+02 5.242665741434854972e-08
6.670598983764147079e+02 5.132848075693622541e-08
6.679822971868402419e+02 5.025190427450382508e-08
6.689059714742770666e+02 4.919656002617970964e-08
6.698309230024323142e+02 4.816208441870242644e-08
6.707571535374524956e+02 4.714811821924475501e-08
6.716846648479252053e+02 4.615430656552018652e-08
6.726134587048859430e+02 4.518029897327358688e-08
6.735435368818167490e+02 4.422574934123595567e-08
6.744749011546530255e+02 4.329031595362630338e-08
6.754075533017858106e+02 4.237366148030011378e-08
6.763414951040645064e+02 4.147545297461306066e-08
6.772767283448032458e+02 4.059536186908627041e-08
6.782132548097798690e+02 3.973306396896620477e-08
6.791510762872424039e+02 3.888823944373794658e-08
6.800901945679115670e+02 3.806057281668746421e-08
6.810306114449834922e+02 3.724975295257851308e-08
6.819723287141360970e+02 3.645547304352677299e-08
6.829153481735280593e+02 3.567743059314245838e-08
6.838596716238056388e+02 3.491532739900670211e-08
6.848053008681046094e+02 3.416886953356751488e-08
6.857522377120533292e+02 3.343776732350837208e-08
6.867004839637795612e+02 3.272173532766473475e-08
6.876500414339085410e+02 3.202049231356167374e-08
6.886009119355704797e+02 3.133376123262126821e-08
6.895530972844023836e+02 3.066126919411551539e-08
6.905065992985512366e+02 3.000274743792463258e-08
6.914614197986805948e+02 2.935793130615268538e-08
6.924175606079689942e+02 2.872656021367572596e-08
6.933750235521169998e+02 2.810837761766177240e-08
6.943338104593495927e+02 2.750313098612841298e-08
6.952939231604193537e+02 2.691057176559484622e-08
6.962553634886121472e+02 2.633045534787158844e-08
6.972181332797470077e+02 2.576254103604960617e-08
6.981822343721821653e+02 2.520659200973292899e-08
6.991476686068177742e+02 2.466237528956622659e-08
7.001144378270989819e+02 2.412966170110305663e-08
7.010825438790221824e+02 2.360822583806000063e-08
7.020519886111341066e+02 2.309784602500969661e-08
7.030227738745383022e+02 2.259830427954315606e-08
7.039949015228976350e+02 2.210938627395144595e-08
7.049683734124399734e+02 2.163088129646869696e-08
7.059431914019577334e+02 2.116258221211232445e-08
7.069193573528146999e+02 2.070428542315750983e-08
7.078968731289483003e+02 2.025579082928971674e-08
7.088757405968727880e+02 1.981690178746344569e-08
7.098559616256852678e+02 1.938742507150576369e-08
7.108375380870654681e+02 1.896717083149890725e-08
7.118204718552821078e+02 1.855595255297275953e-08
7.128047648071953972e+02 1.815358701593688421e-08
7.137904188222599942e+02 1.775989425378487582e-08
7.147774357825319385e+02 1.737469751209972628e-08
7.157658175726674017e+02 1.699782320738664111e-08
7.167555660799291672e+02 1.662910088576116468e-08
7.177466831941901546e+02 1.626836318161722821e-08
7.187391708079353521e+02 1.591544577630317175e-08
7.197330308162689789e+02 1.557018735682482152e-08
7.207282651169139172e+02 1.523242957460253265e-08
7.217248756102173957e+02 1.490201700430302216e-08
7.227228641991547420e+02 1.457879710276525575e-08
7.237222327893318834e+02 1.426262016804214481e-08
7.247229832889920544e+02 1.395333929857806485e-08
7.257251176090146600e+02 1.365081035253877368e-08
7.267286376629225515e+02 1.335489190731206462e-08
7.277335453668844139e+02 1.306544521919510778e-08
7.287398426397177218e+02 1.278233418328725469e-08
7.297475314028956745e+02 1.250542529359869249e-08
7.307566135805462864e+02 1.223458760339377243e-08
7.317670910994585256e+02 1.196969268578079865e-08
7.327789658890861801e+02 1.171061459456041332e-08
7.337922398815501310e+02 1.145722982534687539e-08
7.348069150116451738e+02 1.120941727697055423e-08
7.358229932168391088e+02 1.096705821317867979e-08
7.368404764372800173e+02 1.073003622463666209e-08
7.378593666157983080e+02 1.049823719124542508e-08
7.388796656979103545e+02 1.027154924478239319e-08
7.399013756318252035e+02 1.004986273187345266e-08
7.409244983684432100e+02 9.833070177304786467e-09
7.419490358613634271e+02 9.621066247682748839e-09
7.429749900668862210e+02 9.413747715446479360e-09
7.440023629440163404e+02 9.211013423241399414e-09
7.450311564544697376e+02 9.012764248658355561e-09
7.460613725626726591e+02 8.818903069345738644e-09
7.470930132357684670e+02 8.629334728496393473e-09
7.481260804436207081e+02 8.443966000715665206e-09
7.491605761588159567e+02 8.262705558275573649e-09
7.501965023566709760e+02 8.085463937755792089e-09
7.512338610152313549e+02 7.912153507078016687e-09
7.522726541152788968e+02 7.742688432933072958e-09
7.533128836403342348e+02 7.576984648607077337e-09
7.543545515766602421e+02 7.414959822205194680e-09
7.553976599132683987e+02 7.256533325276078756e-09
7.564422106419183365e+02 7.101626201840334215e-09
7.574882057571246605e+02 6.950161137820445702e-09
7.585356472561600185e+02 6.802062430875988249e-09
7.595845371390579430e+02 6.657255960642826062e-09
7.606348774086199001e+02 6.515669159377710868e-09
7.616866700704147206e+02 6.377230983007871208e-09
7.627399171327849672e+02 6.241871882584159977e-09
7.637946206068503443e+02 6.109523776139649511e-09
7.648507825065109955e+02 5.980120019098279154e-09
7.659084048484539835e+02 5.853594956071062093e-09
7.669674896521524943e+02 5.729883409722237464e-09
7.680280389398732268e+02 5.608921546811347553e-09
7.690900547366793489e+02 5.490646984358482938e-09
7.701535390704331121e+02 5.374998757256509508e-09
7.712184939718034684e+02 5.261917286577675549e-09
7.722849214742649337e+02 5.151344348562670969e-09
7.733528236141046364e+02 5.043223044276040880e-09
7.744222024304255001e+02 4.937497769916224132e-09
7.754930599651492003e+02 4.834114187767235854e-09
7.765653982630234395e+02 4.733019197777586150e-09
7.776392193716209249e+02 4.634160909755775929e-09
7.787145253413464161e+02 4.537488616168161362e-09
7.797913182254392268e+02 4.442952765527961322e-09
7.808696000799802732e+02 4.350504936362563319e-09
7.819493729638912782e+02 4.260097811749143061e-09
7.830306389389414790e+02 4.171685154404316347e-09
7.841134000697514921e+02 4.085221782318604370e-09
7.851976584237957013e+02 4.000663544923911057e-09
7.862834160714099880e+02 3.917967299782302021e-09
7.873706750857907082e+02 3.837090889786880293e-09
7.884594375430015134e+02 3.757993120862298987e-09
7.895497055219769891e+02 3.680633740156391367e-09
7.906414811045256101e+02 3.604973414711272425e-09
7.917347663753371307e+02 3.530973710604487919e-09
7.928295634219811063e+02 3.458597072551194174e-09
7.939258743349149654e+02 3.387806803956047447e-09
7.950237012074867380e+02 3.318567047406895836e-09
7.961230461359380115e+02 3.250842765600088233e-09
7.972239112194117752e+02 3.184599722688956071e-09
7.983262985599510557e+02 3.119804466046236503e-09
7.994302102625064208e+02 3.056424308431377335e-09
8.005356484349391621e+02 2.994427310554971788e-09
8.016426151880243651e+02 2.933782264031177771e-09
8.027511126354584121e+02 2.874458674710088922e-09
8.038611428938578456e+02 2.816426746382226909e-09
8.049727080827672125e+02 2.759657364847078406e-09
8.060858103246614519e+02 2.704122082337562911e-09
8.072004517449501009e+02 2.649793102293363173e-09
8.083166344719835479e+02 2.596643264475345193e-09
8.094343606370533735e+02 2.544646030413832869e-09
8.105536323743987168e+02 2.493775469183518481e-09
8.116744518212100274e+02 2.444006243497824542e-09
8.127968211176321347e+02 2.395313596116317937e-09
8.139207424067717511e+02 2.347673336557780535e-09
8.150462178346965629e+02 2.301061828112782880e-09
8.161732495504426197e+02 2.255455975149152187e-09
8.173018397060176312e+02 2.210833210703806143e-09
8.184319904564041508e+02 2.167171484354998443e-09
8.195637039595673059e+02 2.124449250368431837e-09
8.206969823764534340e+02 2.082645456112187924e-09
8.218318278709980405e+02 2.041739530733217236e-09
8.229682426101288684e+02 2.001711374091056856e-09
8.241062287637690815e+02 1.962541345942181695e-09
8.252457885048451089e+02 1.924210255369824092e-09
8.263869240092851669e+02 1.886699350454171692e-09
8.275296374560276718e+02 1.849990308176931230e-09
8.286739310270236274e+02 1.814065224555932690e-09
8.298198069072403769e+02 1.778906605004039418e-09
8.309672672846694468e+02 1.744497354907643246e-09
8.321163143503250694e+02 1.710820770420173433e-09
8.332669502982520271e+02 1.677860529465353794e-09
8.344191773255291764e+02 1.645600682945772672e-09
8.355729976322722905e+02 1.614025646152539901e-09
8.367284134216424718e+02 1.583120190370844122e-09
8.378854268998441057e+02 1.552869434677849858e-09
8.390440402761337282e+02 1.523258837927986777e-09
8.402042557628225268e+02 1.494274190921900550e-09
8.413660755752798650e+02 1.465901608754746807e-09
8.425295019319413541e+02 1.438127523339752881e-09
8.436945370543073750e+02 1.410938676103516303e-09
8.448611831669512640e+02 1.384322110848638012e-09
8.460294424975221546e+02 1.358265166780381337e-09
8.471993172767488431e+02 1.332755471693404088e-09
8.483708097384475195e+02 1.307780935315193796e-09
8.495439221195201753e+02 1.283329742802476782e-09
8.507186566599633579e+02 1.259390348387231524e-09
8.518950156028707852e+02 1.235951469169031097e-09
8.530730011944368698e+02 1.213002079050221305e-09
8.542526156839647911e+02 1.190531402810789143e-09
8.554338613238655853e+02 1.168528910320001024e-09
8.566167403696655356e+02 1.146984310881246039e-09
8.578012550800096960e+02 1.125887547707448844e-09
8.589874077166658708e+02 1.105228792523915720e-09
8.601752005445316627e+02 1.084998440295817112e-09
8.613646358316340184e+02 1.065187104077469396e-09
8.625557158491369592e+02 1.045785609980424823e-09
8.637484428713443094e+02 1.026784992258110783e-09
8.649428191757070863e+02 1.008176488503886910e-09
8.661388470428231585e+02 9.899515349602487935e-10
8.673365287564446362e+02 9.721017619365945946e-10
8.685358666034817361e+02 9.546189893329187541e-10
8.697368628740059648e+02 9.374952222672484218e-10
8.709395198612583044e+02 9.207226468041601149e-10
8.721438398616479617e+02 9.042936257824773987e-10
8.733498251747606673e+02 8.882006947394073854e-10
8.745574781033616318e+02 8.724365579292848765e-10
8.757668009533997520e+02 8.569940844344962726e-10
8.769777960340150003e+02 8.418663043666809412e-10
8.781904656575379704e+02 8.270464051559667290e-10
8.794048121394973805e+02 8.125277279263340004e-10
8.806208377986238247e+02 7.983037639550352894e-10
8.818385449568532977e+02 7.843681512142368063e-10
8.830579359393352661e+02 7.707146709928352542e-10
8.842790130744318731e+02 7.573372445968869943e-10
8.855017786937254414e+02 7.442299301264663223e-10
8.867262351320224525e+02 7.313869193275105628e-10
8.879523847273572983e+02 7.188025345167100707e-10
8.891802298209995570e+02 7.064712255778926942e-10
8.904097727574541068e+02 6.943875670282203169e-10
8.916410158844682883e+02 6.825462551524628812e-10
8.928739615530361107e+02 6.709421052040092400e-10
8.941086121174013215e+02 6.595700486708549074e-10
8.953449699350660467e+02 6.484251306051185198e-10
8.965830373667895401e+02 6.375025070147829602e-10
8.978228167765962553e+02 6.267974423159458805e-10
8.990643105317797108e+02 6.163053068443755587e-10
9.003075210029059008e+02 6.060215744249166663e-10
9.015524505638217079e+02 5.959418199974531655e-10
9.027991015916534252e+02 5.860617172980711403e-10
9.040474764668156240e+02 5.763770365941305392e-10
9.052975775730144505e+02 5.668836424720738177e-10
9.065494072972510367e+02 5.575774916766636047e-10
9.078029680298302537e+02 5.484546310004313695e-10
9.090582621643594621e+02 5.395111952223577081e-10
9.103152920977563554e+02 5.307434050943631505e-10
9.115740602302537354e+02 5.221475653747250292e-10
9.128345689654020134e+02 5.137200629071858393e-10
9.140968207100779637e+02 5.054573647447951122e-10
9.153608178744839279e+02 4.973560163173768995e-10
9.166265628721560006e+02 4.894126396415894053e-10
9.178940581199674398e+02 4.816239315726812436e-10
9.191633060381328733e+02 4.739866620968582308e-10
9.204343090502161431e+02 4.664976726633745966e-10
9.217070695831296234e+02 4.591538745554415573e-10
9.229815900671425197e+02 4.519522472990004449e-10
9.242578729358845067e+02 4.448898371084919534e-10
9.255359206263497072e+02 4.379637553687675426e-10
9.268157355789045369e+02 4.311711771522981388e-10
9.280973202372873629e+02 4.245093397708776620e-10
9.293806770486166897e+02 4.179755413609282841e-10
9.306658084633946828e+02 4.115671395017625281e-10
9.319527169355110345e+02 4.052815498659077654e-10
9.332414049222518315e+02 3.991162449008020560e-10
9.345318748842977357e+02 3.930687525411281890e-10
9.358241292857331928e+02 3.871366549510695865e-10
9.371181705940499569e+02 3.813175872957680094e-10
9.384140012801508419e+02 3.756092365413026057e-10
9.397116238183580208e+02 3.700093402825626781e-10
9.410110406864126844e+02 3.645156855983268875e-10
9.423122543654826586e+02 3.591261079329165123e-10
9.436152673401670654e+02 3.538384900037856797e-10
9.449200820984996199e+02 3.486507607345161748e-10
9.462267011319570429e+02 3.435608942125155333e-10
9.475351269354589476e+02 3.385669086709244878e-10
9.488453620073752290e+02 3.336668654941407305e-10
9.501574088495307251e+02 3.288588682463822933e-10
9.514712699672089684e+02 3.241410617228058157e-10
9.527869478691604854e+02 3.195116310225792728e-10
9.541044450676017732e+02 3.149688006434946928e-10
9.554237640782245080e+02 3.105108335975131449e-10
9.567449074201988424e+02 3.061360305468108310e-10
9.580678776161773840e+02 3.018427289598636263e-10
9.593926771923038359e+02 2.976293022870381430e-10
9.607193086782125420e+02 2.934941591552933011e-10
9.620477746070361036e+02 2.894357425815233465e-10
9.633780775154095863e+02 2.854525236878183826e-10
9.647102199434780232e+02 2.815429106386255456e-10
9.660442044348963009e+02 2.777052680506998629e-10
9.673800335368376864e+02 2.739379990539801278e-10
9.687177097999972375e+02 2.702395468749987590e-10
9.700572357785965778e+02 2.666083937195860965e-10
9.713986140303918546e+02 2.630430596895456092e-10
9.727418471166731706e+02 2.595421017321612454e-10
9.740869376022733377e+02 2.561041126214530088e-10
9.754338880555718561e+02 2.527277199701654999e-10
9.767827010484987795e+02 2.494115852715173301e-10
9.781333791565431284e+02 2.461544029696777946e-10
9.794859249587530030e+02 2.429548995581026780e-10
9.808403410377430873e+02 2.398118327048199152e-10
9.821966299796996509e+02 2.367239904037650813e-10
9.835547943743839596e+02 2.336901901513681224e-10
9.849148368151413706e+02 2.307092781475461517e-10
9.862767598989003091e+02 2.277801285203800572e-10
9.876405662261812495e+02 2.249016425736413518e-10
9.890062584011003537e+02 2.220727480565027674e-10
9.903738390313741320e+02 2.192923984547075426e-10
9.917433107283275149e+02 2.165595723025073282e-10
9.931146761068937394e+02 2.138732725147316272e-10
9.944879377856226483e+02 2.112325257383438260e-10
9.958630983866851238e+02 2.086363817228658100e-10
9.972401605358769530e+02 2.060839127090897335e-10
9.986191268626276951e+02 2.035742128354887657e-10
1.000000000000000000e+03 2.011063975618019937e-10
