1.000000000000000021e-03 1.352685403108091400e+01
1.001844134890810109e-03 1.355034057024661465e+01
1.003691670615116955e-03 1.357386608265391104e+01
1.005542613444513830e-03 1.359743062363713761e+01
1.007396969662164394e-03 1.362103424857961187e+01
1.009254745562814838e-03 1.364467701291339452e+01
1.011115947452822942e-03 1.366835897211944584e+01
1.012980581650176288e-03 1.369208018172738583e+01
1.014848654484510476e-03 1.371584069731560085e+01
1.016720172297138182e-03 1.373964057451108189e+01
1.018595141441061948e-03 1.376347986898939268e+01
1.020473568281003024e-03 1.378735863647471227e+01
1.022355459193420666e-03 1.381127693273966095e+01
1.024240820566529485e-03 1.383523481360530916e+01
1.026129658800329367e-03 1.385923233494112417e+01
1.028021980306618273e-03 1.388326955266485996e+01
1.029917791509021505e-03 1.390734652274261407e+01
1.031817098843010360e-03 1.393146330118869969e+01
1.033719908755921426e-03 1.395561994405978545e+01
1.035626227706984339e-03 1.397981650718333135e+01
1.037536062167336961e-03 1.400405304603734358e+01
1.039449418620053568e-03 1.402832961611293250e+01
1.041366303560164151e-03 1.405264627294421409e+01
1.043286723494673499e-03 1.407700307210815005e+01
1.045210684942590035e-03 1.410140006922468636e+01
1.047138194434940345e-03 1.412583731995645842e+01
1.049069258514797806e-03 1.415031488000880167e+01
1.051003883737302311e-03 1.417483280512974986e+01
1.052942076669679356e-03 1.419939115110977212e+01
1.054883843891269097e-03 1.422398997378191865e+01
1.056829191993540872e-03 1.424862932902147961e+01
1.058778127580122918e-03 1.427330927274621963e+01
1.060730657266821227e-03 1.429802986091599948e+01
1.062686787681639067e-03 1.432279114953285060e+01
1.064646525464805820e-03 1.434759319464090588e+01
1.066609877268796282e-03 1.437243605232625043e+01
1.068576849758350392e-03 1.439731977871683988e+01
1.070547449610502943e-03 1.442224442998252520e+01
1.072521683514597460e-03 1.444721006233477922e+01
1.074499558172317204e-03 1.447221673202682268e+01
1.076481080297704042e-03 1.449726449535340755e+01
1.078466256617178175e-03 1.452235340865071755e+01
1.080455093869568282e-03 1.454748352829642144e+01
1.082447598806126916e-03 1.457265491070940477e+01
1.084443778190558906e-03 1.459786761234984098e+01
1.086443638799043264e-03 1.462312168971904569e+01
1.088447187420251393e-03 1.464841719935930620e+01
1.090454430855378317e-03 1.467375419785397206e+01
1.092465375918157209e-03 1.469913274182719043e+01
1.094480029434889961e-03 1.472455288794395045e+01
1.096498398244466922e-03 1.475001469290992695e+01
1.098520489198387060e-03 1.477551821347135430e+01
1.100546309160788756e-03 1.480106350641507973e+01
1.102575865008464549e-03 1.482665062856828619e+01
1.104609163630891925e-03 1.485227963676814156e+01
1.106646211930253487e-03 1.487795058745548005e+01
1.108687016821456898e-03 1.490366353678103373e+01
1.110731585232166765e-03 1.492941854092236831e+01
1.112779924102818294e-03 1.495521565609133674e+01
1.114832040386649382e-03 1.498105493853408277e+01
1.116887941049720789e-03 1.500693644453097342e+01
1.118947633070935645e-03 1.503286023039634678e+01
1.121011123442072419e-03 1.505882635247855816e+01
1.123078419167798138e-03 1.508483486715967103e+01
1.125149527265701570e-03 1.511088583085547832e+01
1.127224454766311869e-03 1.513697930001542247e+01
1.129303208713120909e-03 1.516311533112228638e+01
1.131385796162613861e-03 1.518929398069227510e+01
1.133472224184284369e-03 1.521551530527473339e+01
1.135562499860666864e-03 1.524177936145214396e+01
1.137656630287356722e-03 1.526808620583999421e+01
1.139754622573031090e-03 1.529443589508652579e+01
1.141856483839481405e-03 1.532082848587282342e+01
1.143962221221627709e-03 1.534726403491244895e+01
1.146071841867551174e-03 1.537374259895151773e+01
1.148185352938515353e-03 1.540026423476853168e+01
1.150302761608986563e-03 1.542682899917413408e+01
1.152424075066665974e-03 1.545343694901113984e+01
1.154549300512506095e-03 1.548008814115432763e+01
1.156678445160741779e-03 1.550678263251029421e+01
1.158811516238911904e-03 1.553352048001742247e+01
1.160948520987880846e-03 1.556030174064563276e+01
1.163089466661869050e-03 1.558712647139632956e+01
1.165234360528475148e-03 1.561399472930230736e+01
1.167383209868696559e-03 1.564090657142749308e+01
1.169536021976962667e-03 1.566786205486696382e+01
1.171692804161149782e-03 1.569486123674667866e+01
1.173853563742614532e-03 1.572190417422346620e+01
1.176018308056215331e-03 1.574899092448484872e+01
1.178187044450333416e-03 1.577612154474534378e+01
1.180359780286906017e-03 1.580329609194691542e+01
1.182536522941441976e-03 1.583051462252637798e+01
1.184717279803055787e-03 1.585777719289069942e+01
1.186902058274487545e-03 1.588508385947075396e+01
1.189090865772125935e-03 1.591243467872097028e+01
1.191283709726041187e-03 1.593982970711936176e+01
1.193480597580000692e-03 1.596726900116727421e+01
1.195681536791503045e-03 1.599475261738923315e+01
1.197886534831798860e-03 1.602228061233280343e+01
1.200095599185913974e-03 1.604985304256837964e+01
1.202308737352681756e-03 1.607746996468907241e+01
1.204525956844759802e-03 1.610513143531051483e+01
1.206747265188663765e-03 1.613283751107070785e+01
1.208972669924789035e-03 1.616058824862987819e+01
1.211202178607433295e-03 1.618838370467022258e+01
1.213435798804829912e-03 1.621622393589585798e+01
1.215673538099163982e-03 1.624410899903259065e+01
1.217915404086607244e-03 1.627203895082773499e+01
1.220161404377339762e-03 1.630001384805001408e+01
1.222411546595572043e-03 1.632803374748927538e+01
1.224665838379579300e-03 1.635609870595642690e+01
1.226924287381718579e-03 1.638420878028322036e+01
1.229186901268461505e-03 1.641236402732205235e+01
1.231453687720418782e-03 1.644056450394591451e+01
1.233724654432360795e-03 1.646881026704804185e+01
1.235999809113253606e-03 1.649710137354185235e+01
1.238279159486274129e-03 1.652543788036074091e+01
1.240562713288845915e-03 1.655381984445793364e+01
1.242850478272661263e-03 1.658224732280628899e+01
1.245142462203703993e-03 1.661072037239808807e+01
1.247438672862284355e-03 1.663923905024494587e+01
1.249739118043055727e-03 1.666780341337749860e+01
1.252043805555049091e-03 1.669641351884537173e+01
1.254352743221697321e-03 1.672506942371694905e+01
1.256665938880855782e-03 1.675377118506082752e+01
1.258983400384840060e-03 1.678251885950455602e+01
1.261305135600440707e-03 1.681131250320799708e+01
1.263631152408959454e-03 1.684015217231945982e+01
1.265961458706232846e-03 1.686903792299837690e+01
1.268296062402653928e-03 1.689796981141498833e+01
1.270634971423209103e-03 1.692694789375020648e+01
1.272978193707494186e-03 1.695597222619528921e+01
1.275325737209750824e-03 1.698504286495176530e+01
1.277677609898888837e-03 1.701415986623114662e+01
1.280033819758510287e-03 1.704332328625469017e+01
1.282394374786945254e-03 1.707253318125325592e+01
1.284759282997268532e-03 1.710178960746704036e+01
1.287128552417336064e-03 1.713109262114534914e+01
1.289502191089808136e-03 1.716044227854645499e+01
1.291880207072173235e-03 1.718983863593727079e+01
1.294262608436783394e-03 1.721928174959322888e+01
1.296649403270872620e-03 1.724877167579799320e+01
1.299040599676592675e-03 1.727830847084331367e+01
1.301436205771036494e-03 1.730789219102871002e+01
1.303836229686262472e-03 1.733752289266131896e+01
1.306240679569330675e-03 1.736720063205566689e+01
1.308649563582320189e-03 1.739692546553341757e+01
1.311062889902365764e-03 1.742669744942315191e+01
1.313480666721682536e-03 1.745651664006018677e+01
1.315902902247588577e-03 1.748638309378628364e+01
1.318329604702541758e-03 1.751629686694950294e+01
1.320760782324162949e-03 1.754625801590388434e+01
1.323196443365260745e-03 1.757626659700930105e+01
1.325636596093867888e-03 1.760632266663116496e+01
1.328081248793259485e-03 1.763642628114023125e+01
1.330530409761989871e-03 1.766657749691239943e+01
1.332984087313917329e-03 1.769677637032843975e+01
1.335442289778227725e-03 1.772702295777372683e+01
1.337905025499472452e-03 1.775731731563431026e+01
1.340372302837586436e-03 1.778765949994649986e+01
1.342844130167924772e-03 1.781804956611223645e+01
1.345320515881288318e-03 1.784848756946399817e+01
1.347801468383947763e-03 1.787897356533040494e+01
1.350286996097681356e-03 1.790950760903608341e+01
1.352777107459792252e-03 1.794008975590127619e+01
1.355271810923148199e-03 1.797072006124167132e+01
1.357771114956204299e-03 1.800139858036809315e+01
1.360275028043029470e-03 1.803212536858613646e+01
1.362783558683342651e-03 1.806290048119615577e+01
1.365296715392533191e-03 1.809372397349266848e+01
1.367814506701697059e-03 1.812459590076439042e+01
1.370336941157663298e-03 1.815551631829375268e+01
1.372864027323018312e-03 1.818648528135667419e+01
1.375395773776144246e-03 1.821750284522239838e+01
1.377932189111237635e-03 1.824856906515301702e+01
1.380473281938348219e-03 1.827968399640345609e+01
1.383019060883403442e-03 1.831084769422098546e+01
1.385569534588234047e-03 1.834206021384492047e+01
1.388124711710613099e-03 1.837332161050662549e+01
1.390684600924274638e-03 1.840463193942890641e+01
1.393249210918951408e-03 1.843599125582586851e+01
1.395818550400402180e-03 1.846739961490277082e+01
1.398392628090435602e-03 1.849885707185543282e+01
1.400971452726950534e-03 1.853036368187033034e+01
1.403555033063953175e-03 1.856191950012392056e+01
1.406143377871598701e-03 1.859352458178271306e+01
1.408736495936214897e-03 1.862517898200269784e+01
1.411334396060328613e-03 1.865688275592926715e+01
1.413937087062705229e-03 1.868863595869688154e+01
1.416544577778368168e-03 1.872043864542860447e+01
1.419156877058637281e-03 1.875229087123610938e+01
1.421773993771155735e-03 1.878419269121918944e+01
1.424395936799915593e-03 1.881614416038578952e+01
1.427022715045296640e-03 1.884814533304202300e+01
1.429654337424091743e-03 1.888019626312304666e+01
1.432290812869533745e-03 1.891229700454052676e+01
1.434932150331334711e-03 1.894444761118519338e+01
1.437578358775706095e-03 1.897664813692638575e+01
1.440229447185397988e-03 1.900889863561187454e+01
1.442885424559726222e-03 1.904119916106746047e+01
1.445546299914598392e-03 1.907354976709661898e+01
1.448212082282553754e-03 1.910595050748025869e+01
1.450882780712784044e-03 1.913840143597625953e+01
1.453558404271172071e-03 1.917090260631931287e+01
1.456238962040320344e-03 1.920345407222053424e+01
1.458924463119576223e-03 1.923605588736693761e+01
1.461614916625072905e-03 1.926870810542146017e+01
1.464310331689750019e-03 1.930141078002227673e+01
1.467010717463392878e-03 1.933416396478270016e+01
1.469716083112661102e-03 1.936696771329079425e+01
1.472426437821113985e-03 1.939982207910893663e+01
1.475141790789252783e-03 1.943272711577368028e+01
1.477862151234539357e-03 1.946568287679510689e+01
1.480587528391438899e-03 1.949868941565683400e+01
1.483317931511445292e-03 1.953174678581547141e+01
1.486053369863109958e-03 1.956485504070024106e+01
1.488793852732082186e-03 1.959801423371286688e+01
1.491539389421129083e-03 1.963122441822694242e+01
1.494289989250178292e-03 1.966448564758773543e+01
1.497045661556344444e-03 1.969779797511198893e+01
1.499806415693956483e-03 1.973116145408717870e+01
1.502572261034600164e-03 1.976457613777162337e+01
1.505343206967137788e-03 1.979804207939378458e+01
1.508119262897749833e-03 1.983155933215204314e+01
1.510900438249964013e-03 1.986512794921450364e+01
1.513686742464681297e-03 1.989874798354396290e+01
1.516478185000218843e-03 1.993241948729553670e+01
1.519274775332330168e-03 1.996614251237076942e+01
1.522076522954248293e-03 1.999991711063153943e+01
1.524883437376712853e-03 2.003374333389956163e+01
1.527695528127997852e-03 2.006762123395602870e+01
1.530512804753954813e-03 2.010155086254127355e+01
1.533335276818033376e-03 2.013553227135421508e+01
1.536162953901323586e-03 2.016956551205221615e+01
1.538995845602584732e-03 2.020365063625053637e+01
1.541833961538272230e-03 2.023778769552192358e+01
1.544677311342582734e-03 2.027197674139632966e+01
1.547525904667472344e-03 2.030621782536042375e+01
1.550379751182702362e-03 2.034051099885719083e+01
1.553238860575865531e-03 2.037485631328564395e+01
1.556103242552415739e-03 2.040925382000033395e+01
1.558972906835710956e-03 2.044370357031097996e+01
1.561847863167034481e-03 2.047820561548207863e+01
1.564728121305638099e-03 2.051276000673245647e+01
1.567613691028771350e-03 2.054736679523498566e+01
1.570504582131709284e-03 2.058202603211601200e+01
1.573400804427797133e-03 2.061673776845507433e+01
1.576302367748471343e-03 2.065150205528452432e+01
1.579209281943302944e-03 2.068631894358899359e+01
1.582121556880027469e-03 2.072118848430513793e+01
1.585039202444572934e-03 2.075611072832107240e+01
1.587962228541104498e-03 2.079108572647612263e+01
1.590890645092045939e-03 2.082611352956028128e+01
1.593824462038123668e-03 2.086119418831388472e+01
1.596763689338396436e-03 2.089632775342717608e+01
1.599708336970284174e-03 2.093151427553987176e+01
1.602658414929612665e-03 2.096675380524083110e+01
1.605613933230635006e-03 2.100204639288897113e+01
1.608574901906076500e-03 2.103739208800296367e+01
1.611541331007164792e-03 2.107279093982560525e+01
1.614513230603657626e-03 2.110824299753921451e+01
1.617490610783890335e-03 2.114374831026507806e+01
1.620473481654794703e-03 2.117930692706287132e+01
1.623461853341946889e-03 2.121491889693050936e+01
1.626455735989595832e-03 2.125058426880351448e+01
1.629455139760692525e-03 2.128630309155444067e+01
1.632460074836935334e-03 2.132207541399272799e+01
1.635470551418798405e-03 2.135790128486399553e+01
1.638486579725562239e-03 2.139378075284971104e+01
1.641508169995360093e-03 2.142971386656663668e+01
1.644535332485198582e-03 2.146570067456644182e+01
1.647568077471004734e-03 2.150174122533526955e+01
1.650606415247655697e-03 2.153783556729320736e+01
1.653650356129008877e-03 2.157398374879386083e+01
1.656699910447948778e-03 2.161018581812384198e+01
1.659755088556408038e-03 2.164644182350242829e+01
1.662815900825414693e-03 2.168275181308090183e+01
1.665882357645122325e-03 2.171911583494236808e+01
1.668954469424840849e-03 2.175553393710092109e+01
1.672032246593082487e-03 2.179200616750149067e+01
1.675115699597584532e-03 2.182853257401929881e+01
1.678204838905356404e-03 2.186511320445917050e+01
1.681299675002710008e-03 2.190174810655544135e+01
1.684400218395290310e-03 2.193843732797110135e+01
1.687506479608123040e-03 2.197518091629767056e+01
1.690618469185636592e-03 2.201197891905439974e+01
1.693736197691709947e-03 2.204883138368801099e+01
1.696859675709703249e-03 2.208573835757219683e+01
1.699988913842488377e-03 2.212269988790805186e+01
1.703123922712497518e-03 2.215971602108631444e+01
1.706264712961745068e-03 2.219678680308609131e+01
1.709411295251875990e-03 2.223391227980219043e+01
1.712563680264196815e-03 2.227109249704598071e+01
1.715721878699706226e-03 2.230832750054501545e+01
1.718885901279144490e-03 2.234561733594255273e+01
1.722055758743015145e-03 2.238296204879685547e+01
1.725231461851633790e-03 2.242036168458083623e+01
1.728413021385159527e-03 2.245781628868158109e+01
1.731600448143626615e-03 2.249532590639963914e+01
1.734793752946992614e-03 2.253289058294868852e+01
1.737992946635161587e-03 2.257051036345480455e+01
1.741198040068033534e-03 2.260818529295628920e+01
1.744409044125535191e-03 2.264591541640275096e+01
1.747625969707651897e-03 2.268370077865473178e+01
1.750848827734475741e-03 2.272154142448346903e+01
1.754077629146236781e-03 2.275943739856978354e+01
1.757312384903334922e-03 2.279738874550407957e+01
1.760553105986389791e-03 2.283539550978562005e+01
1.763799803396263501e-03 2.287345773582184449e+01
1.767052488154110743e-03 2.291157546792810962e+01
1.770311171301410446e-03 2.294974875032698236e+01
1.773575863899998521e-03 2.298797762714783843e+01
1.776846577032117078e-03 2.302626214242613756e+01
1.780123321800438502e-03 2.306460234010297228e+01
1.783406109328115755e-03 2.310299826402469137e+01
1.786694950758813604e-03 2.314144995794215021e+01
1.789989857256742232e-03 2.317995746551023473e+01
1.793290840006707540e-03 2.321852083028733915e+01
1.796597910214134137e-03 2.325714009571366958e+01
1.799911079105116730e-03 2.329581530460525229e+01
1.803230357926452216e-03 2.333454649912605205e+01
1.806555757945672424e-03 2.337333372130809295e+01
1.809887290451095941e-03 2.341217701307685317e+01
1.813224966751850664e-03 2.345107641625033068e+01
1.816568798177925839e-03 2.349003197253871633e+01
1.819918796080204808e-03 2.352904372354381479e+01
1.823274971830497531e-03 2.356811171075831624e+01
1.826637336821593065e-03 2.360723597556526698e+01
1.830005902467282328e-03 2.364641655923760055e+01
1.833380680202410795e-03 2.368565350293746619e+01
1.836761681482911241e-03 2.372494684771566398e+01
1.840148917785837130e-03 2.376429663451091301e+01
1.843542400609414445e-03 2.380370290414967016e+01
1.846942141473066189e-03 2.384316569734503943e+01
1.850348151917464426e-03 2.388268505469658010e+01
1.853760443504563456e-03 2.392226101668952509e+01
1.857179027817633865e-03 2.396189362369412024e+01
1.860603916461315210e-03 2.400158291596539328e+01
1.864035121061639660e-03 2.404132893364201706e+01
1.867472653266084902e-03 2.408113171674627040e+01
1.870916524743608620e-03 2.412099130518308598e+01
1.874366747184681671e-03 2.416090773873945707e+01
1.877823332301341210e-03 2.420088105708414616e+01
1.881286291827215630e-03 2.424091129976668313e+01
1.884755637517577034e-03 2.428099850621711653e+01
1.888231381149376364e-03 2.432114271574518582e+01
1.891713534521276578e-03 2.436134396753978848e+01
1.895202109453707076e-03 2.440160230066843283e+01
1.898697117788887773e-03 2.444191775388324572e+01
1.902198571390882869e-03 2.448229036511987999e+01
1.905706482145636200e-03 2.452272017202993482e+01
1.909220861961003976e-03 2.456320721213419489e+01
1.912741722766810948e-03 2.460375152282216860e+01
1.916269076514873606e-03 2.464435314135121402e+01
1.919802935179055255e-03 2.468501210484603092e+01
1.923343310755300717e-03 2.472572845029821664e+01
1.926890215261671015e-03 2.476650221456514700e+01
1.930443660738397809e-03 2.480733343436988747e+01
1.934003659247908761e-03 2.484822214630013448e+01
1.937570222874882399e-03 2.488916838680780685e+01
1.941143363726282808e-03 2.493017219220834235e+01
1.944723093931394978e-03 2.497123359867995163e+01
1.948309425641880314e-03 2.501235264226318833e+01
1.951902371031800703e-03 2.505352935886014976e+01
1.955501942297675766e-03 2.509476378423378407e+01
1.959108151658515810e-03 2.513605595400744974e+01
1.962721011355859999e-03 2.517740590366398834e+01
1.966340533653829475e-03 2.521881366854542605e+01
1.969966730839154898e-03 2.526027928385193988e+01
1.973599615221230657e-03 2.530180278464141708e+01
1.977239199132151733e-03 2.534338420582889739e+01
1.980885494926748827e-03 2.538502358218565647e+01
1.984538514982645170e-03 2.542672094833875818e+01
1.988198271700281246e-03 2.546847633877030859e+01
1.991864777502972035e-03 2.551028978781680223e+01
1.995538044836943446e-03 2.555216132966853948e+01
1.999218086171366138e-03 2.559409099835329116e+01
2.002904913998415810e-03 2.563607882732511101e+01
2.006598540833295311e-03 2.567812484941882545e+01
2.010298979214294925e-03 2.572022909729032492e+01
2.014006241702826199e-03 2.576239160343989454e+01
2.017720340883459671e-03 2.580461240021126912e+01
2.021441289363982551e-03 2.584689151979112509e+01
2.025169099775423007e-03 2.588922899420840906e+01
2.028903784772109146e-03 2.593162485533352424e+01
2.032645357031706308e-03 2.597407913487774422e+01
2.036393829255251763e-03 2.601659186439248828e+01
2.040149214167214127e-03 2.605916307526853259e+01
2.043911524515518944e-03 2.610179279873546676e+01
2.047680773071606803e-03 2.614448106586097964e+01
2.051456972630471502e-03 2.618722790755002450e+01
2.055240136010695173e-03 2.623003335454422214e+01
2.059030276054505965e-03 2.627289743742117878e+01
2.062827405627814907e-03 2.631582018659381106e+01
2.066631537620252333e-03 2.635880163230940809e+01
2.070442684945229036e-03 2.640184180464935437e+01
2.074260860539959249e-03 2.644494073352796804e+01
2.078086077365522664e-03 2.648809844869209940e+01
2.081918348406901296e-03 2.653131497972038133e+01
2.085757686673016340e-03 2.657459035602235176e+01
2.089604105196788027e-03 2.661792460683795269e+01
2.093457617035161637e-03 2.666131776123674157e+01
2.097318235269168222e-03 2.670476984811710963e+01
2.101185973003962763e-03 2.674828089620573479e+01
2.105060843368860169e-03 2.679185093399884465e+01
2.108942859517397295e-03 2.683547998933257617e+01
2.112832034627358524e-03 2.687916808962238235e+01
2.116728381900836054e-03 2.692291526210181019e+01
2.120631914564269794e-03 2.696672153382408510e+01
2.124542645868483359e-03 2.701058693166093505e+01
2.128460589088743485e-03 2.705451148230211089e+01
2.132385757524798628e-03 2.709849521225471847e+01
2.136318164500917126e-03 2.714253814784219188e+01
2.140257823365947047e-03 2.718664031520381030e+01
2.144204747493345248e-03 2.723080174029387734e+01
2.148158950281238953e-03 2.727502244888077954e+01
2.152120445152460888e-03 2.731930246654674121e+01
2.156089245554592207e-03 2.736364181868646739e+01
2.160065364960022348e-03 2.740804053050690570e+01
2.164048816865975916e-03 2.745249862702618771e+01
2.168039614794574702e-03 2.749701613307292902e+01
2.172037772292878446e-03 2.754159307328577100e+01
2.176043302932921270e-03 2.758622947211214083e+01
2.180056220311775862e-03 2.763092535380788917e+01
2.184076538051580793e-03 2.767568074243634513e+01
2.188104269799601674e-03 2.772049566186765901e+01
2.192139429228271916e-03 2.776537013577807045e+01
2.196182030035232630e-03 2.781030418764900958e+01
2.200232085943392910e-03 2.785529784076641135e+01
2.204289610700961490e-03 2.790035111822010094e+01
2.208354618081505294e-03 2.794546404290278474e+01
2.212427121883993666e-03 2.799063663742837704e+01
2.216507135932834372e-03 2.803586892379259865e+01
2.220594674077940381e-03 2.808116092365377980e+01
2.224689750194754588e-03 2.812651265846583470e+01
2.228792378184316601e-03 2.817192414947792045e+01
2.232902571973300471e-03 2.821739541773343163e+01
2.237020345514055888e-03 2.826292648406921515e+01
2.241145712784673241e-03 2.830851736911503380e+01
2.245278687789008763e-03 2.835416809329239030e+01
2.249419284556753058e-03 2.839987867681410094e+01
2.253567517143467962e-03 2.844564913968337905e+01
2.257723399630628611e-03 2.849147950169295740e+01
2.261886946125688490e-03 2.853736978242450917e+01
2.266058170762106760e-03 2.858332000124756433e+01
2.270237087699414607e-03 2.862933017731918284e+01
2.274423711123254709e-03 2.867540032958256191e+01
2.278618055245423303e-03 2.872153047676691529e+01
2.282820134303933501e-03 2.876772063738610896e+01
2.287029962563047383e-03 2.881397082973810697e+01
2.291247554313338448e-03 2.886028107190436387e+01
2.295472923871733247e-03 2.890665138174869853e+01
2.299706085581555183e-03 2.895308177691667240e+01
2.303947053812586965e-03 2.899957227483485767e+01
2.308195842961102261e-03 2.904612289270980341e+01
2.312452467449929890e-03 2.909273364752759861e+01
2.316716941728496747e-03 2.913940455605272817e+01
2.320989280272869448e-03 2.918613563476992923e+01
2.325269497585819370e-03 2.923292689964037550e+01
2.329557608196853886e-03 2.927977836630089570e+01
2.333853626662281845e-03 2.932669005016087027e+01
2.338157567565256074e-03 2.937366196640123661e+01
2.342469445515815013e-03 2.942069412997370748e+01
2.346789275150949934e-03 2.946778655560002491e+01
2.351117071134634865e-03 2.951493925777093708e+01
2.355452848157893811e-03 2.956215225074581099e+01
2.359796620938842387e-03 2.960942554855134645e+01
2.364148404222731620e-03 2.965675916498101117e+01
2.368508212782014302e-03 2.970415311359429822e+01
2.372876061416376216e-03 2.975160740771555368e+01
2.377251964952802488e-03 2.979912206043365330e+01
2.381635938245621389e-03 2.984669708460070936e+01
2.386027996176547702e-03 2.989433249283158744e+01
2.390428153654749078e-03 2.994202829750296502e+01
2.394836425616878994e-03 2.998978451075246454e+01
2.399252827027142237e-03 3.003760114447780438e+01
2.403677372877340013e-03 3.008547821033619485e+01
2.408110078186914173e-03 3.013341571974329369e+01
2.412550958003012707e-03 3.018141368387244228e+01
2.417000027400523568e-03 3.022947211365383069e+01
2.421457301482142326e-03 3.027759101977375167e+01
2.425922795378415101e-03 3.032577041267365558e+01
2.430396524247784105e-03 3.037401030253127843e+01
2.434878503276655722e-03 3.042231069910841867e+01
2.439368747679431740e-03 3.047067161182511086e+01
2.443867272698579604e-03 3.051909304985083082e+01
2.448374093604674482e-03 3.056757502210421151e+01
2.452889225696446539e-03 3.061611753725220453e+01
2.457412684300848155e-03 3.066472060370962538e+01
2.461944484773086889e-03 3.071338422963772530e+01
2.466484642496694860e-03 3.076210842294383951e+01
2.471033172883572993e-03 3.081089319128041737e+01
2.475590091374036978e-03 3.085973854204392097e+01
2.480155413436886235e-03 3.090864448237445927e+01
2.484729154569436868e-03 3.095761101915442026e+01
2.489311330297591923e-03 3.100663815900809084e+01
2.493901956175885188e-03 3.105572590830052704e+01
2.498501047787528902e-03 3.110487427313679021e+01
2.503108620744482274e-03 3.115408325936114764e+01
2.507724690687484874e-03 3.120335287255612400e+01
2.512349273286127761e-03 3.125268311804168420e+01
2.516982384238899018e-03 3.130207400087457614e+01
2.521624039273228420e-03 3.135152552584710861e+01
2.526274254145558125e-03 3.140103769748666096e+01
2.530933044641385608e-03 3.145061052005464219e+01
2.535600426575313534e-03 3.150024399754565607e+01
2.540276415791116547e-03 3.154993813368594502e+01
2.544961028161779430e-03 3.159969293188788697e+01
2.549654279589564764e-03 3.164950839522501980e+01
2.554356186006061930e-03 3.169938452649432037e+01
2.559066763372232645e-03 3.174932132822067032e+01
2.563786027678482526e-03 3.179931880265656829e+01
2.568513994944696208e-03 3.184937695178080475e+01
2.573250681220307610e-03 3.189949577729789709e+01
2.577996102584349802e-03 3.194967528063703810e+01
2.582750275145498375e-03 3.199991546295139955e+01
2.587513215042146469e-03 3.205021632511724050e+01
2.592284938442438163e-03 3.210057786773280952e+01
2.597065461544341338e-03 3.215100009111791479e+01
2.601854800575696246e-03 3.220148299531269487e+01
2.606652971794259747e-03 3.225202658007688683e+01
2.611459991487782070e-03 3.230263084488903047e+01
2.616275875974039770e-03 3.235329578894550906e+01
2.621100641600908158e-03 3.240402141115969670e+01
2.625934304746412040e-03 3.245480771016117671e+01
2.630776881818770382e-03 3.250565468429478244e+01
2.635628389256469174e-03 3.255656233161968061e+01
2.640488843528309565e-03 3.260753064990878158e+01
2.645358261133455135e-03 3.265855963664753858e+01
2.650236658601506923e-03 3.270964928903327973e+01
2.655124052492538120e-03 3.276079960397638757e+01
2.660020459397169097e-03 3.281201057811809818e+01
2.664925895936615108e-03 3.286328220782026932e+01
2.669840378762735299e-03 3.291461448915371335e+01
2.674763924558108165e-03 3.296600741789688271e+01
2.679696550036066247e-03 3.301746098953489650e+01
2.684638271940771592e-03 3.306897519925900752e+01
2.689589107047264758e-03 3.312055004196557917e+01
2.694549072161513386e-03 3.317218551225501244e+01
2.699518184120489397e-03 3.322388160443134097e+01
2.704496459792202386e-03 3.327563831250071757e+01
2.709483916075778112e-03 3.332745563017122947e+01
2.714480569901504912e-03 3.337933355085153408e+01
2.719486438230886600e-03 3.343127206765021953e+01
2.724501538056716202e-03 3.348327117337490932e+01
2.729525886403112809e-03 3.353533086053116818e+01
2.734559500325598348e-03 3.358745112132196908e+01
2.739602396911147882e-03 3.363963194764669140e+01
2.744654593278239053e-03 3.369187333110009774e+01
2.749716106576928411e-03 3.374417526297158076e+01
2.754786953988890008e-03 3.379653773424440288e+01
2.759867152727489559e-03 3.384896073559458785e+01
2.764956720037837785e-03 3.390144425739034517e+01
2.770055673196839853e-03 3.395398828970437677e+01
2.775164029513271704e-03 3.400659282238830627e+01
2.780281806327818215e-03 3.405925784501897624e+01
2.785409021013152131e-03 3.411198334686253020e+01
2.790545690973983070e-03 3.416476931687380159e+01
2.795691833647107830e-03 3.421761574369508452e+01
2.800847466501492789e-03 3.427052261565541613e+01
2.806012607038305129e-03 3.432348992076968841e+01
2.811187272790997838e-03 3.437651764673784527e+01
2.816371481325356113e-03 3.442960578094395174e+01
2.821565250239551140e-03 3.448275431045516370e+01
2.826768597164218150e-03 3.453596322202111679e+01
2.831981539762495458e-03 3.458923250207286060e+01
2.837204095730101652e-03 3.464256213672204154e+01
2.842436282795389804e-03 3.469595211176022076e+01
2.847678118719397782e-03 3.474940241265750984e+01
2.852929621295927608e-03 3.480291302456220848e+01
2.858190808351585357e-03 3.485648393229963915e+01
2.863461697745859659e-03 3.491011512037131581e+01
2.868742307371174166e-03 3.496380657295424754e+01
2.874032655152940902e-03 3.501755827389972353e+01
2.879332759049639187e-03 3.507137020673273753e+01
2.884642637052855108e-03 3.512524235466255362e+01
2.889962307187363046e-03 3.517917470070146635e+01
2.895291787511176419e-03 3.523316722761612851e+01
2.900631096115601892e-03 3.528721991784590983e+01
2.905980251125320907e-03 3.534133275350097136e+01
2.911339270698426115e-03 3.539550571636096521e+01
2.916708173026507245e-03 3.544973878787454424e+01
2.922086976334699673e-03 3.550403194915831762e+01
2.927475698881740369e-03 3.555838518099589152e+01
2.932874358960050297e-03 3.561279846383729364e+01
2.938282974895770842e-03 3.566727177779763025e+01
2.943701565048849680e-03 3.572180510265682329e+01
2.949130147813091955e-03 3.577639841785812536e+01
2.954568741616214050e-03 3.583105170250770755e+01
2.960017364919928593e-03 3.588576493537348000e+01
2.965476036219981751e-03 3.594053809488433870e+01
2.970944774046236497e-03 3.599537115912936969e+01
2.976423596962728124e-03 3.605026410585688268e+01
2.981912523567718017e-03 3.610521691247340925e+01
2.987411572493776056e-03 3.616022955604324807e+01
2.992920762407821813e-03 3.621530201328690168e+01
2.998440112011208254e-03 3.627043426058124709e+01
3.003969640039775950e-03 3.632562627401139821e+01
3.009509365263908151e-03 3.638087802943876170e+01
3.015059306488614057e-03 3.643618950239624610e+01
3.020619482553571749e-03 3.649156066806979481e+01
3.026189912333209723e-03 3.654699150129829377e+01
3.031770614736764569e-03 3.660248197657201530e+01
3.037361608708333445e-03 3.665803206803212788e+01
3.042962913226962985e-03 3.671364174946978665e+01
3.048574547306686158e-03 3.676931099432518124e+01
3.054196529996610308e-03 3.682503977568669029e+01
3.059828880380971797e-03 3.688082806629005006e+01
3.065471617579190646e-03 3.693667583851743785e+01
3.071124760745959879e-03 3.699258306439665489e+01
3.076788329071282815e-03 3.704854971560018129e+01
3.082462341780560673e-03 3.710457576344435893e+01
3.088146818134649817e-03 3.716066117888863829e+01
3.093841777429916402e-03 3.721680593253429947e+01
3.099547238998324409e-03 3.727300999462424613e+01
3.105263222207475544e-03 3.732927333504146361e+01
3.110989746460697709e-03 3.738559592330855708e+01
3.116726831197101817e-03 3.744197772858869655e+01
3.122474495891636864e-03 3.749841871977214680e+01
3.128232760055175369e-03 3.755491886551483560e+01
3.134001643234571918e-03 3.761147813412005547e+01
3.139781165012716941e-03 3.766809649352756395e+01
3.145571345008629088e-03 3.772477391131290858e+01
3.151372202877492090e-03 3.778151035468642505e+01
3.157183758310747566e-03 3.783830579049263321e+01
3.163006031036150970e-03 3.789516018520878049e+01
3.168839040817827968e-03 3.795207350494472109e+01
3.174682807456361607e-03 3.800904571544162991e+01
3.180537350788850432e-03 3.806607678207110723e+01
3.186402690688968330e-03 3.812316666983461744e+01
3.192278847067039124e-03 3.818031534336230237e+01
3.198165839870110733e-03 3.823752276691230634e+01
3.204063689082012421e-03 3.829478890436993055e+01
3.209972414723429816e-03 3.835211371924675205e+01
3.215892036851959561e-03 3.840949717467955793e+01
3.221822575562200384e-03 3.846693923342997579e+01
3.227764050985794300e-03 3.852443985788295322e+01
3.233716483291519846e-03 3.858199901004653753e+01
3.239679892685349335e-03 3.863961665155970593e+01
3.245654299410506531e-03 3.869729274370471472e+01
3.251639723747560759e-03 3.875502724738816340e+01
3.257636186014468103e-03 3.881282012313573659e+01
3.263643706566662916e-03 3.887067133109241723e+01
3.269662305797118966e-03 3.892858083102072442e+01
3.275692004136406248e-03 3.898654858230026576e+01
3.281732822052785530e-03 3.904457454392706950e+01
3.287784780052249983e-03 3.910265867451228416e+01
3.293847898678619289e-03 3.916080093228178782e+01
3.299922198513597759e-03 3.921900127507487355e+01
3.306007700176835477e-03 3.927725966034377336e+01
3.312104424326021979e-03 3.933557604515277006e+01
3.318212391656928748e-03 3.939395038617700351e+01
3.324331622903501596e-03 3.945238263970211534e+01
3.330462138837925277e-03 3.951087276162311213e+01
3.336603960270678564e-03 3.956942070744334217e+01
3.342757108050632697e-03 3.962802643227434629e+01
3.348921603065092584e-03 3.968668989083405307e+01
3.355097466239892641e-03 3.974541103744584092e+01
3.361284718539457941e-03 3.980418982602285638e+01
3.367483380966863633e-03 3.986302621006865365e+01
3.373693474563931646e-03 3.992192014268995592e+01
3.379915020411273629e-03 3.998087157659583823e+01
3.386148039628387226e-03 4.003988046409715906e+01
3.392392553373718093e-03 4.009894675710546608e+01
3.398648582844719310e-03 4.015807040713225007e+01
3.404916149277948962e-03 4.021725136528823441e+01
3.411195273949115675e-03 4.027648958228251530e+01
3.417485978173171856e-03 4.033578500842141779e+01
3.423788283304379180e-03 4.039513759360811207e+01
3.430102210736368003e-03 4.045454728734137717e+01
3.436427781902235377e-03 4.051401403871516749e+01
3.442765018274591016e-03 4.057353779641736224e+01
3.449113941365651841e-03 4.063311850872923259e+01
3.455474572727307465e-03 4.069275612352452498e+01
3.461846933951181343e-03 4.075245058826850908e+01
3.468231046668728348e-03 4.081220185001740930e+01
3.474626932551281178e-03 4.087200985540849985e+01
3.481034613310147931e-03 4.093187455048057188e+01
3.487454110696674558e-03 4.099179588068116686e+01
3.493885446502309911e-03 4.105177379103565727e+01
3.500328642558702026e-03 4.111180822615403940e+01
3.506783720737747124e-03 4.117189913022986048e+01
3.513250702951684588e-03 4.123204644703933752e+01
3.519729611153164621e-03 4.129225011994083872e+01
3.526220467335310256e-03 4.135251009187366833e+01
3.532723293531815807e-03 4.141282630535745568e+01
3.539238111816995439e-03 4.147319870249136642e+01
3.545764944305882481e-03 4.153362722495307935e+01
3.552303813154292309e-03 4.159411181399828905e+01
3.558854740558887834e-03 4.165465241045945533e+01
3.565417748757281416e-03 4.171524895474552608e+01
3.571992860028078663e-03 4.177590138684048071e+01
3.578580096690981219e-03 4.183660964630298196e+01
3.585179481106851810e-03 4.189737367226562270e+01
3.591791035677777567e-03 4.195819340343354042e+01
3.598414782847173671e-03 4.201906877799615359e+01
3.605050745099829326e-03 4.207999973339002509e+01
3.611698944962009241e-03 4.214098620654577587e+01
3.618359405001519979e-03 4.220202813396112163e+01
3.625032147827774148e-03 4.226312545169939483e+01
3.631717196091895777e-03 4.232427809538938845e+01
3.638414572486764129e-03 4.238548600022429724e+01
3.645124299747119073e-03 4.244674910096078690e+01
3.651846400649626581e-03 4.250806733191846121e+01
3.658580898012944206e-03 4.256944062697883169e+01
3.665327814697825169e-03 4.263086891958452185e+01
3.672087173607166497e-03 4.269235214273854240e+01
3.678858997686111805e-03 4.275389022900360914e+01
3.685643309922119817e-03 4.281548311050094924e+01
3.692440133345028120e-03 4.287713071890986072e+01
3.699249491027161146e-03 4.293883298546689531e+01
3.706071406083376145e-03 4.300058984096469317e+01
3.712905901671168570e-03 4.306240121575172708e+01
3.719753000990739297e-03 4.312426703952843354e+01
3.726612727285062276e-03 4.318618724087163230e+01
3.733485103839989487e-03 4.324816174776549360e+01
3.740370153984300811e-03 4.331019048774046354e+01
3.747267901089808544e-03 4.337227338787263875e+01
3.754178368571425058e-03 4.343441037478326194e+01
3.761101579887232618e-03 4.349660137463748555e+01
3.768037558538587899e-03 4.355884631314377486e+01
3.774986328070171863e-03 4.362114511555313356e+01
3.781947912070097312e-03 4.368349770665839316e+01
3.788922334169976536e-03 4.374590401079311874e+01
3.795909618044989407e-03 4.380836395183104059e+01
3.802909787413991799e-03 4.387087745318530807e+01
3.809922866039565457e-03 4.393344443780751618e+01
3.816948877728124686e-03 4.399606482818704478e+01
3.823987846329985740e-03 4.405873854635034803e+01
3.831039795739437075e-03 4.412146551385991700e+01
3.838104749894846474e-03 4.418424565177463137e+01
3.845182732778711782e-03 4.424707888007822731e+01
3.852273768417769761e-03 4.430996511780128344e+01
3.859377880883062013e-03 4.437290428348782001e+01
3.866495094290023447e-03 4.443589629520764106e+01
3.873625432798553838e-03 4.449894107055543202e+01
3.880768920613107166e-03 4.456203852665006337e+01
3.887925581982781820e-03 4.462518858013390144e+01
3.895095441201389553e-03 4.468839114717201255e+01
3.902278522607548726e-03 4.475164614345108305e+01
3.909474850584752394e-03 4.481495348417894320e+01
3.916684449561461112e-03 4.487831308408374298e+01
3.923907344011190977e-03 4.494172485741318468e+01
3.931143558452587783e-03 4.500518871793363473e+01
3.938393117449518095e-03 4.506870457892948423e+01
3.945656045611137773e-03 4.513227235320236730e+01
3.952932367591985643e-03 4.519589195307013796e+01
3.960222108092074575e-03 4.525956329031047431e+01
3.967525291856965203e-03 4.532328627534915455e+01
3.974841943677854400e-03 4.538706081744033582e+01
3.982172088391646401e-03 4.545088682532436053e+01
3.989515750881063826e-03 4.551476420724493011e+01
3.996872956074700584e-03 4.557869287094846555e+01
4.004243728947133769e-03 4.564267272368324768e+01
4.011628094518996518e-03 4.570670367219906893e+01
4.019026077857053465e-03 4.577078562274565598e+01
4.026437704074310037e-03 4.583491848107271949e+01
4.033862998330067090e-03 4.589910215242866798e+01
4.041301985830035408e-03 4.596333654156011050e+01
4.048754691826409423e-03 4.602762155271117450e+01
4.056221141617938342e-03 4.609195708962219129e+01
4.063701360550041504e-03 4.615634305552983818e+01
4.071195374014864761e-03 4.622077935316541897e+01
4.078703207451390630e-03 4.628526588475487102e+01
4.086224886345515492e-03 4.634980255163416274e+01
4.093760436230121577e-03 4.641438925330407983e+01
4.101309882685196667e-03 4.647902588846220340e+01
4.108873251337880929e-03 4.654371235528610384e+01
4.116450567862589213e-03 4.660844855143304954e+01
4.124041857981084781e-03 4.667323437403884867e+01
4.131647147462549560e-03 4.673806971971738733e+01
4.139266462123705574e-03 4.680295448456003271e+01
4.146899827828867853e-03 4.686788856413414806e+01
4.154547270490062394e-03 4.693287185348326318e+01
4.162208816067097285e-03 4.699790424712572445e+01
4.169884490567644236e-03 4.706298563905418320e+01
4.177574320047353074e-03 4.712811592273487094e+01
4.185278330609904646e-03 4.719329499110670412e+01
4.192996548407133990e-03 4.725852273658078673e+01
4.200728999639102325e-03 4.732379905103942264e+01
4.208475710554175110e-03 4.738912382553328229e+01
4.216236707449140010e-03 4.745449694912681338e+01
4.224012016669261536e-03 4.751991830990672128e+01
4.231801664608402479e-03 4.758538779541627406e+01
4.239605677709100233e-03 4.765090529265415142e+01
4.247424082462640527e-03 4.771647068807378389e+01
4.255256905409181452e-03 4.778208386758299042e+01
4.263104173137807242e-03 4.784774471654282024e+01
4.270965912286648833e-03 4.791345311976701993e+01
4.278842149542961930e-03 4.797920896152120918e+01
4.286732911643203331e-03 4.804501212552245448e+01
4.294638225373153227e-03 4.811086249493821754e+01
4.302558117567971581e-03 4.817675995238555231e+01
4.310492615112316954e-03 4.824270437993094163e+01
4.318441744940429775e-03 4.830869565908913188e+01
4.326405534036205196e-03 4.837473367081587128e+01
4.334384009433320598e-03 4.844081829466603750e+01
4.342377198215285894e-03 4.850694940795180798e+01
4.350385127515573637e-03 4.857312688721892613e+01
4.358407824517691008e-03 4.863935060844281821e+01
4.366445316455263952e-03 4.870562044702803206e+01
4.374497630612158607e-03 4.877193627780786755e+01
4.382564794322536816e-03 4.883829797504303372e+01
4.390646834970983632e-03 4.890470541242181213e+01
4.398743779992583640e-03 4.897115846305843689e+01
4.406855656873001625e-03 4.903765699949295964e+01
4.414982493148610077e-03 4.910420089369056029e+01
4.423124316406541225e-03 4.917079001704054519e+01
4.431281154284818016e-03 4.923742424035583554e+01
4.439453034472428707e-03 4.930410343387246286e+01
4.447639984709411860e-03 4.937082746724833271e+01
4.455842032786982120e-03 4.943759620920143050e+01
4.464059206547583113e-03 4.950440952614020773e+01
4.472291533885020161e-03 4.957126728336703536e+01
4.480539042744536606e-03 4.963816934558988692e+01
4.488801761122898810e-03 4.970511557692120164e+01
4.497079717068521061e-03 4.977210584087787026e+01
4.505372938681521076e-03 4.983914000037984948e+01
4.513681454113856184e-03 4.990621791775007665e+01
4.522005291569394445e-03 4.997333945471348216e+01
4.530344479304006591e-03 5.004050447239642097e+01
4.538699045625684859e-03 5.010771283132588394e+01
4.547069018894609772e-03 5.017496439142917808e+01
4.555454427523275042e-03 5.024225901203278966e+01
4.563855299976571703e-03 5.030959655186232737e+01
4.572271664771867042e-03 5.037697686904112970e+01
4.580703550479140775e-03 5.044439982050895566e+01
4.589150985721037086e-03 5.051186526040066127e+01
4.597613999173000808e-03 5.057937304171266391e+01
4.606092619563358082e-03 5.064692301681975550e+01
4.614586875673397891e-03 5.071451503747343281e+01
4.623096796337507371e-03 5.078214895480201818e+01
4.631622410443225583e-03 5.084982461931006981e+01
4.640163746931382296e-03 5.091754188087700328e+01
4.648720834796176045e-03 5.098530058875736870e+01
4.657293703085260000e-03 5.105310059157947222e+01
4.665882380899874678e-03 5.112094173734523395e+01
4.674486897394908649e-03 5.118882387342926421e+01
4.683107281779029518e-03 5.125674684657855096e+01
4.691743563314770653e-03 5.132471050291145076e+01
4.700395771318612720e-03 5.139271468786873953e+01
4.709063935161123329e-03 5.146075924488683739e+01
4.717748084267009943e-03 5.152884401523191116e+01
4.726448248115259522e-03 5.159696883944334900e+01
4.735164456239222656e-03 5.166513355741281543e+01
4.743896738226696837e-03 5.173333800838411634e+01
4.752645123720066096e-03 5.180158203095208336e+01
4.761409642416357391e-03 5.186986546306238921e+01
4.770190324067377641e-03 5.193818814201064527e+01
4.778987198479795265e-03 5.200654990444196812e+01
4.787800295515252068e-03 5.207495058635058172e+01
4.796629645090448243e-03 5.214339002307869464e+01
4.805475277177253396e-03 5.221186804931645753e+01
4.814337221802821899e-03 5.228038449910120988e+01
4.823215509049674429e-03 5.234893920580914539e+01
4.832110169055815058e-03 5.241753200119033096e+01
4.841021232014814518e-03 5.248616271441804315e+01
4.849948728175925566e-03 5.255483117377120550e+01
4.858892687844195736e-03 5.262353720685681679e+01
4.867853141380551474e-03 5.269228064060912686e+01
4.876830119201916100e-03 5.276106130128961524e+01
4.885823651781290473e-03 5.282987901448581169e+01
4.894833769647890902e-03 5.289873360511131040e+01
4.903860503387214194e-03 5.296762489740478230e+01
4.912903883641176438e-03 5.303655271492982592e+01
4.921963941108201471e-03 5.310551688057417863e+01
4.931040706543308484e-03 5.317451721654910557e+01
4.940134210758255137e-03 5.324355354438946364e+01
4.949244484621600007e-03 5.331262568492218179e+01
4.958371559058840500e-03 5.338173345682748305e+01
4.967515465052506525e-03 5.345087667599430858e+01
4.976676233642248967e-03 5.352005515745149467e+01
4.985853895924979330e-03 5.358926871552949223e+01
4.995048483054936525e-03 5.365851716385889603e+01
5.004260026243826515e-03 5.372780031537071466e+01
5.013488556760915121e-03 5.379711798229553921e+01
5.022734105933115631e-03 5.386646997616301746e+01
5.031996705145133642e-03 5.393585610780142758e+01
5.041276385839533851e-03 5.400527618733728019e+01
5.050573179516877967e-03 5.407473002419485653e+01
5.059887117735820117e-03 5.414421742709564711e+01
5.069218232113197921e-03 5.421373820405781885e+01
5.078566554324174739e-03 5.428329216226611464e+01
5.087932116102304725e-03 5.435287910724013472e+01
5.097314949239682876e-03 5.442249884335796395e+01
5.106715085587029170e-03 5.449215117428317257e+01
5.116132557053787444e-03 5.456183590296564745e+01
5.125567395608265041e-03 5.463155283164208953e+01
5.135019633277705664e-03 5.470130176183462822e+01
5.144489302148428159e-03 5.477108249435131881e+01
5.153976434365925390e-03 5.484089482928507664e+01
5.163481062134952712e-03 5.491073856601352077e+01
5.173003217719678894e-03 5.498061350319857610e+01
5.182542933443748563e-03 5.505051943878588361e+01
5.192100241690434000e-03 5.512045617000502062e+01
5.201675174902725338e-03 5.519042349306116790e+01
5.211267765583424243e-03 5.526042119758400872e+01
5.220878046295296566e-03 5.533044906719530331e+01
5.230506049661134797e-03 5.540050688455414729e+01
5.240151808363908113e-03 5.547059443154269331e+01
5.249815355146859527e-03 5.554071148926547608e+01
5.259496722813596960e-03 5.561085783804883675e+01
5.269195944228245027e-03 5.568103325744070276e+01
5.278913052315511827e-03 5.575123752621038875e+01
5.288648080060839862e-03 5.582147042234788614e+01
5.298401060510501449e-03 5.589173172306378490e+01
5.308172026771694994e-03 5.596202120478859854e+01
5.317961012012692446e-03 5.603233864317292756e+01
5.327768049462913019e-03 5.610268381348497968e+01
5.337593172413071518e-03 5.617305649677965107e+01
5.347436414215273742e-03 5.624345647874918086e+01
5.357297808283117101e-03 5.631388354452490574e+01
5.367177388091838933e-03 5.638433747851910027e+01
5.377075187178385896e-03 5.645481806442477790e+01
5.386991239141571824e-03 5.652532508521529309e+01
5.396925577642167071e-03 5.659585832314434839e+01
5.406878236403002587e-03 5.666641755974552552e+01
5.416849249209120844e-03 5.673700257583232798e+01
5.426838649907846958e-03 5.680761315149775470e+01
5.436846472408938744e-03 5.687824906611443510e+01
5.446872750684691664e-03 5.694891009833373374e+01
5.456917518770032505e-03 5.701959602449357334e+01
5.466980810762675502e-03 5.709030661136897322e+01
5.477062660823192597e-03 5.716104162191702187e+01
5.487163103175170427e-03 5.723180081830402344e+01
5.497282172105307473e-03 5.730258396190757253e+01
5.507419901963515538e-03 5.737339081331649027e+01
5.517576327163075008e-03 5.744422113233113691e+01
5.527751482180704237e-03 5.751507467796235318e+01
5.537945401556721749e-03 5.758595120843195048e+01
5.548158119895139906e-03 5.765685048117239830e+01
5.558389671863770733e-03 5.772777225282642632e+01
5.568640092194378569e-03 5.779871627924735833e+01
5.578909415682758999e-03 5.786968231550999064e+01
5.589197677188888908e-03 5.794067011619619478e+01
5.599504911637034031e-03 5.801167943541387473e+01
5.609831154015846970e-03 5.808271002649858872e+01
5.620176439378526782e-03 5.815376164199938103e+01
5.630540802842894446e-03 5.822483403367739641e+01
5.640924279591547248e-03 5.829592695250687484e+01
5.651326904871966338e-03 5.836704014867461154e+01
5.661748713996614737e-03 5.843817337157989300e+01
5.672189742343101276e-03 5.850932636983452539e+01
5.682650025354251712e-03 5.858049889126275644e+01
5.693129598538270927e-03 5.865169068290142462e+01
5.703628497468845281e-03 5.872290149097932499e+01
5.714146757785246687e-03 5.879413105963688935e+01
5.724684415192494817e-03 5.886537913014842616e+01
5.735241505461428219e-03 5.893664544279940998e+01
5.745818064428872586e-03 5.900792973707056177e+01
5.756414127997738772e-03 5.907923175163751495e+01
5.767029732137132075e-03 5.915055122437113511e+01
5.777664912882511834e-03 5.922188789233739215e+01
5.788319706335768623e-03 5.929324149179745973e+01
5.798994148665386449e-03 5.936461175820768688e+01
5.809688276106550302e-03 5.943599842621991769e+01
5.820402124961249375e-03 5.950740122968100820e+01
5.831135731598441861e-03 5.957881990160977637e+01
5.841889132454132147e-03 5.965025417338657121e+01
5.852662364031535613e-03 5.972170377455092449e+01
5.863455462901178382e-03 5.979316843376545165e+01
5.874268465701031755e-03 5.986464787887913275e+01
5.885101409136623239e-03 5.993614183692762509e+01
5.895954329981168383e-03 6.000765003413332721e+01
5.906827265075709557e-03 6.007917219590572699e+01
5.917720251329224371e-03 6.015070804684127381e+01
5.928633325718760984e-03 6.022225731072409616e+01
5.939566525289544791e-03 6.029381971052524136e+01
5.950519887155119800e-03 6.036539496840379115e+01
5.961493448497482209e-03 6.043698280555739899e+01
5.972487246567192293e-03 6.050858294108825675e+01
5.983501318683512316e-03 6.058019509262647517e+01
5.994535702234511480e-03 6.065181897697537750e+01
6.005590434677209044e-03 6.072345431011752481e+01
6.016665553537713096e-03 6.079510080721462373e+01
6.027761096411328109e-03 6.086675818260754767e+01
6.038877100962694588e-03 6.093842614981718953e+01
6.050013604925894885e-03 6.101010442154418456e+01
6.061170646104620599e-03 6.108179270966970620e+01
6.072348262372256715e-03 6.115349072525506813e+01
6.083546491672048133e-03 6.122519817852955981e+01
6.094765372017212426e-03 6.129691477800476207e+01
6.106004941491050865e-03 6.136864022992818946e+01
6.117265238247120152e-03 6.144037423958923227e+01
6.128546300509312220e-03 6.151211651144698322e+01
6.139848166572026839e-03 6.158386674913231218e+01
6.151170874800286105e-03 6.165562465544735460e+01
6.162514463629840261e-03 6.172738993236603022e+01
6.173878971567348974e-03 6.179916228103481046e+01
6.185264437190455926e-03 6.187094140177249102e+01
6.196670899147965761e-03 6.194272699407147087e+01
6.208098396159959440e-03 6.201451875659720514e+01
6.219546967017900059e-03 6.208631638686272680e+01
6.231016650584816734e-03 6.215811958061249953e+01
6.242507485795380055e-03 6.222992803259092653e+01
6.254019511656079035e-03 6.230174143671135312e+01
6.265552767245337329e-03 6.237355948605669909e+01
6.277107291713626865e-03 6.244538187287945163e+01
6.288683124283641311e-03 6.251720828860288037e+01
6.300280304250381949e-03 6.258903842382090232e+01
6.311898870981334612e-03 6.266087196829904116e+01
6.323538863916583312e-03 6.273270861097518747e+01
6.335200322568925596e-03 6.280454803995873192e+01
6.346883286524053827e-03 6.287638994186158214e+01
6.358587795440632379e-03 6.294823400055300766e+01
6.370313889050484117e-03 6.302007989872603844e+01
6.382061607158701425e-03 6.309192731823567613e+01
6.393830989643763292e-03 6.316377594009908591e+01
6.405622076457714864e-03 6.323562544449675471e+01
6.417434907626255042e-03 6.330747551077291746e+01
6.429269523248911690e-03 6.337932581743595506e+01
6.441125963499163935e-03 6.345117604215971596e+01
6.453004268624555791e-03 6.352302586178358013e+01
6.464904478946880036e-03 6.359487495230619913e+01
6.476826634862261484e-03 6.366672298841559297e+01
6.488770776841339127e-03 6.373856964320907537e+01
6.500736945429388437e-03 6.381041458888005025e+01
6.512725181246434118e-03 6.388225749678582588e+01
6.524735524987434858e-03 6.395409803744800570e+01
6.536768017422372665e-03 6.402593588055343332e+01
6.548822699396434147e-03 6.409777069495528679e+01
6.560899611830126738e-03 6.416960214867336276e+01
6.572998795719406200e-03 6.424142990889555449e+01
6.585120292135851830e-03 6.431325364197802230e+01
6.597264142226761871e-03 6.438507301319734211e+01
6.609430387215333054e-03 6.445688768472906816e+01
6.621619068400784631e-03 6.452869731669532882e+01
6.633830227158477207e-03 6.460050156836221902e+01
6.646063904940097480e-03 6.467230009815258995e+01
6.658320143273751927e-03 6.474409256364647547e+01
6.670598983764147206e-03 6.481587862158232838e+01
6.682900468092716796e-03 6.488765792785788733e+01
6.695224638017738088e-03 6.495943013753122841e+01
6.707571535374524940e-03 6.503119490482170306e+01
6.719941202075514416e-03 6.510295188310347214e+01
6.732333680110455000e-03 6.517470072448611518e+01
6.744749011546529761e-03 6.524644107958994255e+01
6.757187238528480390e-03 6.531817259814147292e+01
6.769648403278795412e-03 6.538989492902879874e+01
6.782132548097798662e-03 6.546160772030245312e+01
6.794639715363845305e-03 6.553331061917687350e+01
6.807169947533439798e-03 6.560500327203128279e+01
6.819723287141360793e-03 6.567668532441102514e+01
6.832299776800855422e-03 6.574835642102809175e+01
6.844899459203728637e-03 6.582001620576195933e+01
6.857522377120534030e-03 6.589166432081573532e+01
6.870168573400700467e-03 6.596330040525984373e+01
6.882838090972656121e-03 6.603492409693528487e+01
6.895530972844023630e-03 6.610653503284135013e+01
6.908247262101706830e-03 6.617813284913596306e+01
6.920987001912092852e-03 6.624971718113766883e+01
6.933750235521170084e-03 6.632128766332625958e+01
6.946537006254657406e-03 6.639284392934435175e+01
6.959347357518202819e-03 6.646438561199917672e+01
6.972181332797470175e-03 6.653591234326228232e+01
6.985038975658336945e-03 6.660742375346897859e+01
6.997920329747025180e-03 6.667891946973601591e+01
7.010825438790221215e-03 6.675039911789616554e+01
7.023754346595281230e-03 6.682186232293791761e+01
7.036707097050317120e-03 6.689330870900624859e+01
7.049683734124399456e-03 6.696473789940455390e+01
7.062684301867682389e-03 6.703614951659596954e+01
7.075708844411533749e-03 6.710754318220462267e+01
7.088757405968734542e-03 6.717891851701767791e+01
7.101830030833570888e-03 6.725027514097831727e+01
7.114926763382034385e-03 6.732161267224348933e+01
7.128047648071953943e-03 6.739293072625572734e+01
7.141192729443120689e-03 6.746422891739493366e+01
7.154362052117493528e-03 6.753550685919847751e+01
7.167555660799291954e-03 6.760676416436248815e+01
7.180773600275196407e-03 6.767800044474375909e+01
7.194015915414479247e-03 6.774921531136159558e+01
7.207282651169139194e-03 6.782040837439852510e+01
7.220573852574098221e-03 6.789157924320305426e+01
7.233889564747302166e-03 6.796272752620124891e+01
7.247229832889920224e-03 6.803385282939144929e+01
7.260594702286472454e-03 6.810495475656136932e+01
7.273984218304998042e-03 6.817603291061311666e+01
7.287398426397184541e-03 6.824708689360969061e+01
7.300837372098538738e-03 6.831811630677708536e+01
7.314301101028556663e-03 6.838912075050600947e+01
7.327789658890854554e-03 6.846009982435369068e+01
7.341303091473340599e-03 6.853105312704549590e+01
7.354841444648346771e-03 6.860198025647690656e+01
7.368404764372799703e-03 6.867288080883837154e+01
7.381993096688391556e-03 6.874375437630750696e+01
7.395606487721714459e-03 6.881460054949924654e+01
7.409244983684432247e-03 6.888541891818623242e+01
7.422908630873412301e-03 6.895620907130147259e+01
7.436597475670901625e-03 6.902697059693953463e+01
7.450311564544697708e-03 6.909770308235894731e+01
7.464050944048281240e-03 6.916840611398421856e+01
7.477815660820993048e-03 6.923907927740785340e+01
7.491605761588159863e-03 6.930972215714285767e+01
7.505421293161306830e-03 6.938033433396293503e+01
7.519262302438254643e-03 6.945091538591852043e+01
7.533128836403335526e-03 6.952146489018424802e+01
7.547020942127522468e-03 6.959198242309233251e+01
7.560938666768574935e-03 6.966246756013512709e+01
7.574882057571246177e-03 6.973291987596692820e+01
7.588851161867385571e-03 6.980333894440656195e+01
7.602846027076150259e-03 6.987372433843914621e+01
7.616866700704147397e-03 6.994407563018374674e+01
7.630913230345565991e-03 7.001439238990700176e+01
7.644985663682398944e-03 7.008467418588161024e+01
7.659084048484539331e-03 7.015492058548416310e+01
7.673208432609997243e-03 7.022513115525994465e+01
7.687358864005040295e-03 7.029530546092520638e+01
7.701535390704330672e-03 7.036544306737023646e+01
7.715738060831146307e-03 7.043554353866082351e+01
7.729966922597476288e-03 7.050560643804119820e+01
7.744222024304247241e-03 7.057563132786424376e+01
7.758503414341455170e-03 7.064561776658999293e+01
7.772811141188312040e-03 7.071556530769035476e+01
7.787145253413463482e-03 7.078547350350135048e+01
7.801505799675090280e-03 7.085534190551990719e+01
7.815892828721129545e-03 7.092517006440596106e+01
7.830306389389415228e-03 7.099495752998556952e+01
7.844746530607821233e-03 7.106470385125298606e+01
7.859213301394486068e-03 7.113440857637390025e+01
7.873706750857906514e-03 7.120407125264871695e+01
7.888226928197171819e-03 7.127369142548221248e+01
7.902773882702097269e-03 7.134326863826797194e+01
7.917347663753371637e-03 7.141280243351137358e+01
7.931948320822780965e-03 7.148229235289342398e+01
7.946575903473314384e-03 7.155173793727328757e+01
7.961230461359380950e-03 7.162113872669137038e+01
7.975912044226962302e-03 7.169049426037203432e+01
7.990620701913753177e-03 7.175980407672604144e+01
8.005356484349392121e-03 7.182906771305000859e+01
8.020119441555553438e-03 7.189828470243286063e+01
8.034909623646191781e-03 7.196745457501592114e+01
8.049727080827672257e-03 7.203657686008406813e+01
8.064571863398926552e-03 7.210565108610084906e+01
8.079444021751674976e-03 7.217467678071194825e+01
8.094343606370534017e-03 7.224365347074780175e+01
8.109270667833248791e-03 7.231258068222710733e+01
8.124225256810831824e-03 7.238145794035968095e+01
8.139207424067717439e-03 7.245028476844746024e+01
8.154217220461990739e-03 7.251906068494281499e+01
8.169254696945489960e-03 7.258778520655221200e+01
8.184319904564042389e-03 7.265645784916247862e+01
8.199412894457608347e-03 7.272507812784515124e+01
8.214533717860437317e-03 7.279364555685846483e+01
8.229682426101288251e-03 7.286215964965167302e+01
8.244859070603549264e-03 7.293061991886769135e+01
8.260063702885463155e-03 7.299902587629085815e+01
8.275296374560276585e-03 7.306737703167667064e+01
8.290557137336397944e-03 7.313567289278508099e+01
8.305846043017624594e-03 7.320391296652502433e+01
8.321163143503250426e-03 7.327209675900695629e+01
8.336508490788308717e-03 7.334022377554632044e+01
8.351882136963714384e-03 7.340829352066705837e+01
8.367284134216423572e-03 7.347630549810511980e+01
8.382714534829664374e-03 7.354425921081002571e+01
8.398173391183044387e-03 7.361215415913412130e+01
8.413660755752798773e-03 7.367998983755391862e+01
8.429176681111932509e-03 7.374776573886171604e+01
8.444721219930373043e-03 7.381548135505106245e+01
8.460294424975221828e-03 7.388313617732089256e+01
8.475896349110844524e-03 7.395072969607926439e+01
8.491527045299131216e-03 7.401826140094705409e+01
8.507186566599633445e-03 7.408573078076169338e+01
8.522874966169732489e-03 7.415313732311744843e+01
8.538592297264866599e-03 7.422048051192717821e+01
8.554338613238655908e-03 7.428775982919879084e+01
8.570113967543134884e-03 7.435497475615414942e+01
8.585918413728908447e-03 7.442212477323458586e+01
8.601752005445316776e-03 7.448920936010584626e+01
8.617614796440662556e-03 7.455622799566188519e+01
8.633506840562341078e-03 7.462318015802858895e+01
8.649428191757070963e-03 7.469006532455830438e+01
8.665378904071055488e-03 7.475688297174244212e+01
8.681359031650143915e-03 7.482363257525808820e+01
8.697368628740069149e-03 7.489031361002939491e+01
8.713407749686565701e-03 7.495692555023315151e+01
8.729476448935619484e-03 7.502346786930256428e+01
8.745574781033615269e-03 7.508994003993207400e+01
8.761702800627510154e-03 7.515634153408068130e+01
8.777860562465066019e-03 7.522267182229988691e+01
8.794048121394974424e-03 7.528893036675610517e+01
8.810265532367101207e-03 7.535511662402940658e+01
8.826512850432651283e-03 7.542123004986008539e+01
8.842790130744317828e-03 7.548727009922927778e+01
8.859097428556545958e-03 7.555323622636325354e+01
8.875434799225633345e-03 7.561912788473840408e+01
8.891802298209995625e-03 7.568494452708560516e+01
8.908199981070320794e-03 7.575068560581325983e+01
8.924627903469727064e-03 7.581635057614528250e+01
8.941086121174023071e-03 7.588193889438012718e+01
8.957574690051818903e-03 7.594745001612307078e+01
8.974093666074781095e-03 7.601288339627751611e+01
8.990643105317788764e-03 7.607823848904975250e+01
9.007223063959134829e-03 7.614351474795381591e+01
9.023833598280702958e-03 7.620871162581595115e+01
9.040474764668156651e-03 7.627382857254924886e+01
9.057146619611169958e-03 7.633886502702490873e+01
9.073849219703578398e-03 7.640382042439534871e+01
9.090582621643594069e-03 7.646869419909154431e+01
9.107346882233968710e-03 7.653348578482886921e+01
9.124142058382208806e-03 7.659819461461181334e+01
9.140968207100778550e-03 7.666282012073980923e+01
9.157825385507280258e-03 7.672736173482910260e+01
9.174713650824650388e-03 7.679181888990113691e+01
9.191633060381329545e-03 7.685619102236333333e+01
9.208583671611512284e-03 7.692047756842585216e+01
9.225565542055275473e-03 7.698467796364151638e+01
9.242578729358836773e-03 7.704879164291212135e+01
9.259623291274715964e-03 7.711281804049279742e+01
9.276699285661913624e-03 7.717675658999773702e+01
9.293806770486166130e-03 7.724060672366340441e+01
9.310945803820068825e-03 7.730436786411151218e+01
9.328116443843336228e-03 7.736803942734069039e+01
9.345318748842977238e-03 7.743162082857091377e+01
9.362552777213459937e-03 7.749511148235704638e+01
9.379818587456982201e-03 7.755851080259388652e+01
9.397116238183580994e-03 7.762181820252239106e+01
9.414445788111413388e-03 7.768503309473918250e+01
9.431807296066921364e-03 7.774815489260510049e+01
9.449200820984996613e-03 7.781118301233945544e+01
9.466626421909256350e-03 7.787411687007910643e+01
9.484084157992164754e-03 7.793695588135359742e+01
9.501574088495298373e-03 7.799969946109112584e+01
9.519096272789519600e-03 7.806234702362402800e+01
9.536650770355151879e-03 7.812489798269538710e+01
9.554237640782245120e-03 7.818735175073783239e+01
9.571856943770704063e-03 7.824970773364655940e+01
9.589508739130555431e-03 7.831196533380534675e+01
9.607193086782124872e-03 7.837412395298203194e+01
9.624910046756210424e-03 7.843618299235443203e+01
9.642659679194353142e-03 7.849814185251676690e+01
9.660442044348963725e-03 7.855999993348579835e+01
9.678257202583596605e-03 7.862175663457519192e+01
9.696105214373126890e-03 7.868341135102311057e+01
9.713986140303918632e-03 7.874496347370475746e+01
9.731900041074109317e-03 7.880641239273155918e+01
9.749846977493731304e-03 7.886775749764558441e+01
9.767827010484987638e-03 7.892899817742632251e+01
9.785840201082430731e-03 7.899013382049726317e+01
9.803886610433139304e-03 7.905116381473990828e+01
9.821966299796995939e-03 7.911208754828855660e+01
9.840079330546813718e-03 7.917290441021843606e+01
9.858225764168615513e-03 7.923361378924303722e+01
9.876405662261812657e-03 7.929421507356080667e+01
9.894619086539385364e-03 7.935470765086137135e+01
9.912866098828158543e-03 7.941509090833349660e+01
9.931146761068937109e-03 7.947536423266586780e+01
9.949461135316780072e-03 7.953552700807701115e+01
9.967809283741187881e-03 7.959557861327056116e+01
9.986191268626277637e-03 7.965551842566974017e+01
1.000460715237106064e-02 7.971534582220733967e+01
1.002305699748960201e-02 7.977506017933293947e+01
1.004154086661125655e-02 7.983466087301975733e+01
1.006005882248087527e-02 7.989414727876742006e+01
1.007861092795901518e-02 7.995351876871752950e+01
1.009719724602217011e-02 8.001277470671259096e+01
1.011581783976295799e-02 8.007191445480428627e+01
1.013447277239034987e-02 8.013093737456827625e+01
1.015316210722988499e-02 8.018984282711271305e+01
1.017188590772388074e-02 8.024863017308531710e+01
1.019064423743165984e-02 8.030729877268392158e+01
1.020943716002974642e-02 8.036584798626029169e+01
1.022826473931209672e-02 8.042427717507948159e+01
1.024712703919031069e-02 8.048258570016676572e+01
1.026602412369384543e-02 8.054077292213150940e+01
1.028495605697025451e-02 8.059883820117478592e+01
1.030392290328536672e-02 8.065678089709744825e+01
1.032292472702353928e-02 8.071460036930768922e+01
1.034196159268785040e-02 8.077229597683424345e+01
1.036103356490035085e-02 8.082986707833671858e+01
1.038014070840224436e-02 8.088731303210651902e+01
1.039928308805413218e-02 8.094463319607400820e+01
1.041846076883623171e-02 8.100182692781650928e+01
1.043767381584857941e-02 8.105889358456643379e+01
1.045692229431128585e-02 8.111583252222797569e+01
1.047620626956472130e-02 8.117264308029255915e+01
1.049552580706975685e-02 8.122932458482922868e+01
1.051488097240797781e-02 8.128587636113344672e+01
1.053427183128191093e-02 8.134229773411188091e+01
1.055369844951526206e-02 8.139858802829149909e+01
1.057316089305310874e-02 8.145474656782745626e+01
1.059265922796214301e-02 8.151077267969701268e+01
1.061219352043089523e-02 8.156666570807995242e+01
1.063176383676995088e-02 8.162242500288078872e+01
1.065137024341219867e-02 8.167804991374585200e+01
1.067101280691301786e-02 8.173353979006698466e+01
1.069069159395053328e-02 8.178889398098988295e+01
1.071040667132583390e-02 8.184411183529873313e+01
1.073015810596319314e-02 8.189919269090391651e+01
1.074994596491031518e-02 8.195413586678287743e+01
1.076977031533853449e-02 8.200894067972956236e+01
1.078963122454306735e-02 8.206360644625259226e+01
1.080952875994322868e-02 8.211813248258278009e+01
1.082946298908265582e-02 8.217251810468404472e+01
1.084943397962956704e-02 8.222676262870029973e+01
1.086944179937694883e-02 8.228086537424954372e+01
1.088948651624281616e-02 8.233482566259726809e+01
1.090956819827042582e-02 8.238864281480879015e+01
1.092968691362853489e-02 8.244231615174523142e+01
1.094984273061159509e-02 8.249584499407188787e+01
1.097003571764000596e-02 8.254922866220235278e+01
1.099026594326034389e-02 8.260246647143145537e+01
1.101053347614559461e-02 8.265555772858364492e+01
1.103083838509539248e-02 8.270850173949986583e+01
1.105118073903624092e-02 8.276129780983792728e+01
1.107156060702175343e-02 8.281394524508196753e+01
1.109197805823288786e-02 8.286644335055257216e+01
1.111243316197817535e-02 8.291879143140002384e+01
1.113292598769398054e-02 8.297098879254407677e+01
1.115345660494470106e-02 8.302303473874425777e+01
1.117402508342302259e-02 8.307492857463626024e+01
1.119463149295015642e-02 8.312666960474219024e+01
1.121527590347606851e-02 8.317825713348109673e+01
1.123595838507973621e-02 8.322969046501265211e+01
1.125667900796935988e-02 8.328096890108061245e+01
1.127743784248261272e-02 8.333209174162878696e+01
1.129823495908688358e-02 8.338305828648800855e+01
1.131907042837950600e-02 8.343386783542754870e+01
1.133994432108802533e-02 8.348451968816469559e+01
1.136085670807039302e-02 8.353501314419362700e+01
1.138180766031524765e-02 8.358534749491764160e+01
1.140279724894213004e-02 8.363552202063119978e+01
1.142382554520173996e-02 8.368553600076991472e+01
1.144489262047618076e-02 8.373538871472325695e+01
1.146599854627918143e-02 8.378507944184570988e+01
1.148714339425636020e-02 8.383460746147495968e+01
1.150832723618544842e-02 8.388397205420311309e+01
1.152955014397656457e-02 8.393317250336795610e+01
1.155081218967242418e-02 8.398220809268588027e+01
1.157211344544860007e-02 8.403107810590404370e+01
1.159345398361377039e-02 8.407978182681243595e+01
1.161483387660995625e-02 8.412831853925493419e+01
1.163625319701278200e-02 8.417668752685486311e+01
1.165771201753170068e-02 8.422488807248795695e+01
1.167921041101025424e-02 8.427291945896743641e+01
1.170074845042631817e-02 8.432078096920369603e+01
1.172232620889234259e-02 8.436847188621527494e+01
1.174394375965562461e-02 8.441599149313903183e+01
1.176560117609852345e-02 8.446333906887977605e+01
1.178729853173873104e-02 8.451051387853244989e+01
1.180903590022951144e-02 8.455751518452726145e+01
1.183081335535995579e-02 8.460434224941450054e+01
1.185263097105524431e-02 8.465099433587693056e+01
1.187448882137687005e-02 8.469747070674313250e+01
1.189638698052291298e-02 8.474377062646087211e+01
1.191832552282828112e-02 8.478989336392977805e+01
1.194030452276496207e-02 8.483583818902164353e+01
1.196232405494229711e-02 8.488160437181645079e+01
1.198438419410720150e-02 8.492719118261474875e+01
1.200648501514443335e-02 8.497259789193486768e+01
1.202862659307685732e-02 8.501782376741945768e+01
1.205080900306567705e-02 8.506286806996625671e+01
1.207303232041072663e-02 8.510773005977090122e+01
1.209529662055068219e-02 8.515240899728843260e+01
1.211760197906334297e-02 8.519690414324641381e+01
1.213994847166588453e-02 8.524121475860860642e+01
1.216233617421512772e-02 8.528534010211596694e+01
1.218476516270776758e-02 8.532927942911250341e+01
1.220723551328065093e-02 8.537303199495751471e+01
1.222974730221103486e-02 8.541659705533388092e+01
1.225230060591683476e-02 8.545997386626115144e+01
1.227489550095690711e-02 8.550316168411326601e+01
1.229753206403127672e-02 8.554615976570039493e+01
1.232021037198141947e-02 8.558896736827028917e+01
1.234293050179051908e-02 8.563158374946293350e+01
1.236569253058371516e-02 8.567400816732147462e+01
1.238849653562840158e-02 8.571623988030631835e+01
1.241134259433444159e-02 8.575827814499807289e+01
1.243423078425445923e-02 8.580012220358825914e+01
1.245716118308409434e-02 8.584177129283169450e+01
1.248013386866226627e-02 8.588322464989629168e+01
1.250314891897145488e-02 8.592448151239059939e+01
1.252620641213793122e-02 8.596554111840082157e+01
1.254930642643205252e-02 8.600640271295017669e+01
1.257244904026851018e-02 8.604706555692095549e+01
1.259563433220660215e-02 8.608752891396470375e+01
1.261886238095051745e-02 8.612779204829068647e+01
1.264213326534956681e-02 8.616785422467854971e+01
1.266544706439847595e-02 8.620771470753109611e+01
1.268880385723764916e-02 8.624737274547103993e+01
1.271220372315342781e-02 8.628682757399225522e+01
1.273564674157838875e-02 8.632607842873619575e+01
1.275913299209157324e-02 8.636512454592831034e+01
1.278266255441878364e-02 8.640396516239347591e+01
1.280623550843284011e-02 8.644259951492540495e+01
1.282985193415387901e-02 8.648102683847430683e+01
1.285351191174958704e-02 8.651924636803711621e+01
1.287721552153549623e-02 8.655725733926229282e+01
1.290096284397524926e-02 8.659505898846573757e+01
1.292475395968086839e-02 8.663265055296439243e+01
1.294858894941306078e-02 8.667003127761462622e+01
1.297246789408143877e-02 8.670720041457569494e+01
1.299639087474483562e-02 8.674415721702415283e+01
1.302035797261156570e-02 8.678090093890307344e+01
1.304436926903969861e-02 8.681743083493583413e+01
1.306842484553735230e-02 8.685374615452245450e+01
1.309252478376294639e-02 8.688984612797695206e+01
1.311666916552548662e-02 8.692572998236418869e+01
1.314085807278485285e-02 8.696139694554183563e+01
1.316509158765205925e-02 8.699684624617634654e+01
1.318936979238956829e-02 8.703207711503593202e+01
1.321369276941151798e-02 8.706708879804295975e+01
1.323806060128404280e-02 8.710188055099209237e+01
1.326247337072553739e-02 8.713645163072848732e+01
1.328693116060693236e-02 8.717080129502491559e+01
1.331143405395200825e-02 8.720492880215411446e+01
1.333598213393762631e-02 8.723883338518619723e+01
1.336057548389404936e-02 8.727251423779213724e+01
1.338521418730520031e-02 8.730597055108650295e+01
1.340989832780898477e-02 8.733920151708358048e+01
1.343462798919752184e-02 8.737220632871570558e+01
1.345940325541746148e-02 8.740498420028883686e+01
1.348422421057026907e-02 8.743753441862028808e+01
1.350909093891248906e-02 8.746985628727126993e+01
1.353400352485607111e-02 8.750194911094664008e+01
1.355896205296861293e-02 8.753381219550946923e+01
1.358396660797367081e-02 8.756544483513734178e+01
1.360901727475104239e-02 8.759684623121859204e+01
1.363411413833704941e-02 8.762801554449615082e+01
1.365925728392485168e-02 8.765895193653517481e+01
1.368444679686469864e-02 8.768965456992999918e+01
1.370968276266423813e-02 8.772012261281051337e+01
1.373496526698881476e-02 8.775035529864757677e+01
1.376029439566173358e-02 8.778035191013762528e+01
1.378567023466460012e-02 8.781011173239478751e+01
1.381109287013755627e-02 8.783963405181356165e+01
1.383656238837960295e-02 8.786891815467994604e+01
1.386207887584889331e-02 8.789796329059096536e+01
1.388764241916300851e-02 8.792676866894818488e+01
1.391325310509929081e-02 8.795533349829351266e+01
1.393891102059508467e-02 8.798365698842445681e+01
1.396461625274806814e-02 8.801173835079123364e+01
1.399036888881654422e-02 8.803957681598760132e+01
1.401616901621971500e-02 8.806717164112262708e+01
1.404201672253802685e-02 8.809452208658873928e+01
1.406791209551340634e-02 8.812162741418006817e+01
1.409385522304960024e-02 8.814848688672063304e+01
1.411984619321245311e-02 8.817509974203352385e+01
1.414588509423023686e-02 8.820146517655896901e+01
1.417197201449390577e-02 8.822758238422333932e+01
1.419810704255742607e-02 8.825345056035807545e+01
1.422429026713807089e-02 8.827906890220282321e+01
1.425052177711671163e-02 8.830443664283293970e+01
1.427680166153815107e-02 8.832955307349709528e+01
1.430313000961137664e-02 8.835441749231971187e+01
1.432950691070990386e-02 8.837902919903410748e+01
1.435593245437205567e-02 8.840338749410540231e+01
1.438240673030127814e-02 8.842749163136427626e+01
1.440892982836645790e-02 8.845134079435082697e+01
1.443550183860219105e-02 8.847493416230069840e+01
1.446212285120911968e-02 8.849827091601206064e+01
1.448879295655422506e-02 8.852135023896208565e+01
1.451551224517113117e-02 8.854417135215850010e+01
1.454228080776044131e-02 8.856673352143835132e+01
1.456909873518999823e-02 8.858903601692206564e+01
1.459596611849522767e-02 8.861107811047800453e+01
1.462288304887943667e-02 8.863285907485776249e+01
1.464984961771411201e-02 8.865437816863939702e+01
1.467686591653926710e-02 8.867563463832550497e+01
1.470393203706370742e-02 8.869662773175086556e+01
1.473104807116536533e-02 8.871735669856174411e+01
1.475821411089161227e-02 8.873782078915157001e+01
1.478543024845955373e-02 8.875801924532063936e+01
1.481269657625638655e-02 8.877795130489478481e+01
1.484001318683965225e-02 8.879761620751106932e+01
1.486738017293759428e-02 8.881701319470192857e+01
1.489479762744944785e-02 8.883614151161647499e+01
1.492226564344579197e-02 8.885500041380335290e+01
1.494978431416881665e-02 8.887358916140071585e+01
1.497735373303266983e-02 8.889190701653456017e+01
1.500497399362376791e-02 8.890995324330862104e+01
1.503264518970110972e-02 8.892772709963652744e+01
1.506036741519661479e-02 8.894522782583629805e+01
1.508814076421540785e-02 8.896245466140003089e+01
1.511596533103616059e-02 8.897940684788270005e+01
1.514384121011140907e-02 8.899608362925602023e+01
1.517176849606786428e-02 8.901248426073478015e+01
1.519974728370676598e-02 8.902860800971507160e+01
1.522777766800415336e-02 8.904445414626920297e+01
1.525585974411122758e-02 8.906002194265130356e+01
1.528399360735465881e-02 8.907531067323522223e+01
1.531217935323690021e-02 8.909031961399564636e+01
1.534041707743655572e-02 8.910504804286333069e+01
1.536870687580864543e-02 8.911949524003033218e+01
1.539704884438496645e-02 8.913366048794839003e+01
1.542544307937441204e-02 8.914754306213433210e+01
1.545388967716329262e-02 8.916114221709655396e+01
1.548238873431568956e-02 8.917445720604349901e+01
1.551094034757373452e-02 8.918748728452872854e+01
1.553954461385797896e-02 8.920023171126844375e+01
1.556820163026770461e-02 8.921268976141156770e+01
1.559691149408124790e-02 8.922486072453986594e+01
1.562567430275637118e-02 8.923674389306857790e+01
1.565449015393052812e-02 8.924833856187952108e+01
1.568335914542124190e-02 8.925964402653829666e+01
1.571228137522642093e-02 8.927065957790971140e+01
1.574125694152471097e-02 8.928138450758449096e+01
1.577028594267579353e-02 8.929181810969912192e+01
1.579936847722074322e-02 8.930195967984640504e+01
1.582850464388236081e-02 8.931180848778032555e+01
1.585769454156549588e-02 8.932136377572261665e+01
1.588693826935741460e-02 8.933062478705056719e+01
1.591623592652809116e-02 8.933959076777119890e+01
1.594558761253057552e-02 8.934826099221534434e+01
1.597499342700132302e-02 8.935663484290076042e+01
1.600445346976052050e-02 8.936471173219077002e+01
1.603396784081246099e-02 8.937249107522355018e+01
1.606353664034583864e-02 8.937997228411049377e+01
1.609315996873411647e-02 8.938715466188278924e+01
1.612283792653585943e-02 8.939403741347084065e+01
1.615257061449506051e-02 8.940061974297726977e+01
1.618235813354153285e-02 8.940690085736707715e+01
1.621220058479119416e-02 8.941288000617983300e+01
1.624209806954642760e-02 8.941855655222030919e+01
1.627205068929644602e-02 8.942392988022932343e+01
1.630205854571761120e-02 8.942899937789481157e+01
1.633212174067380854e-02 8.943376442679961258e+01
1.636224037621675231e-02 8.943822433008753592e+01
1.639241455458636393e-02 8.944237835090012823e+01
1.642264437821110840e-02 8.944622575499532502e+01
1.645292994970833783e-02 8.944976581259770398e+01
1.648327137188465921e-02 8.945299785548372995e+01
1.651366874773625010e-02 8.945592129607734933e+01
1.654412218044924027e-02 8.945853555526485934e+01
1.657463177340003438e-02 8.946084005706126163e+01
1.660519763015570055e-02 8.946283420423327470e+01
1.663581985447427913e-02 8.946451732508297994e+01
1.666649855030515742e-02 8.946588873569913858e+01
1.669723382178942006e-02 8.946694775538303190e+01
1.672802577326019599e-02 8.946769371000009130e+01
1.675887450924304703e-02 8.946812595375216404e+01
1.678978013445625930e-02 8.946824385555437686e+01
1.682074275381124917e-02 8.946804678768602059e+01
1.685176247241290670e-02 8.946753412388250126e+01
1.688283939555992874e-02 8.946670520580913433e+01
1.691397362874523178e-02 8.946555934686682576e+01
1.694516527765625377e-02 8.946409586274252490e+01
1.697641444817533235e-02 8.946231407314522244e+01
1.700772124638007601e-02 8.946021333960537447e+01
1.703908577854370068e-02 8.945779308808353392e+01
1.707050815113542869e-02 8.945505275344525842e+01
1.710198847082080448e-02 8.945199177403503654e+01
1.713352684446208668e-02 8.944860957705699889e+01
1.716512337911860198e-02 8.944490555402549603e+01
1.719677818204709552e-02 8.944087909353831378e+01
1.722849136070214032e-02 8.943652958779316009e+01
1.726026302273644258e-02 8.943185644442259274e+01
1.729209327600124066e-02 8.942685912507523938e+01
1.732398222854666936e-02 8.942153710847625803e+01
1.735592998862210690e-02 8.941588987702090208e+01
1.738793666467659121e-02 8.940991689486097016e+01
1.742000236535912877e-02 8.940361749207404785e+01
1.745212719951909353e-02 8.939699094913360966e+01
1.748431127620658429e-02 8.939003655021562622e+01
1.751655470467283066e-02 8.938275360028401906e+01
1.754885759437051218e-02 8.937514155376554470e+01
1.758122005495415738e-02 8.936719994311353332e+01
1.761364219628051841e-02 8.935892830520946006e+01
1.764612412840892847e-02 8.935032617490922746e+01
1.767866596160170417e-02 8.934139302702254781e+01
1.771126780632447870e-02 8.933212830106232616e+01
1.774392977324661461e-02 8.932253143993385436e+01
1.777665197324155427e-02 8.931260189099255342e+01
1.780943451738719804e-02 8.930233911145882075e+01
1.784227751696632058e-02 8.929174256657465492e+01
1.787518108346688311e-02 8.928081172570432500e+01
1.790814532858246363e-02 8.926954605691908284e+01
1.794117036421261427e-02 8.925794496217719143e+01
1.797425630246322556e-02 8.924600779825755126e+01
1.800740325564697403e-02 8.923373392511888369e+01
1.804061133628361013e-02 8.922112272593255966e+01
1.807388065710040584e-02 8.920817382165444087e+01
1.810721133103251196e-02 8.919488699439143886e+01
1.814060347122334327e-02 8.918126203322330525e+01
1.817405719102498790e-02 8.916729869651597085e+01
1.820757260399854735e-02 8.915299638171833863e+01
1.824114982391454934e-02 8.913835427254787191e+01
1.827478896475333292e-02 8.912337155431607982e+01
1.830849014070543013e-02 8.910804745786832370e+01
1.834225346617196842e-02 8.909238155629198275e+01
1.837607905576502804e-02 8.907637359316728976e+01
1.840996702430806181e-02 8.906002331748432255e+01
1.844391748683625251e-02 8.904333045227542698e+01
1.847793055859696040e-02 8.902629454249999696e+01
1.851200635505004591e-02 8.900891506950387111e+01
1.854614499186830329e-02 8.899119151904751845e+01
1.858034658493784227e-02 8.897312338426122835e+01
1.861461125035846972e-02 8.895471017450383044e+01
1.864893910444413369e-02 8.893595140673951960e+01
1.868333026372324263e-02 8.891684660264105844e+01
1.871778484493911640e-02 8.889739534248226960e+01
1.875230296505035407e-02 8.887759735451572851e+01
1.878688474123124674e-02 8.885745239503602022e+01
1.882153029087219043e-02 8.883696022297397121e+01
1.885623973158003994e-02 8.881612047320263059e+01
1.889101318117853562e-02 8.879493257544247342e+01
1.892585075770871275e-02 8.877339594494446828e+01
1.896075257942926931e-02 8.875151000735735352e+01
1.899571876481702393e-02 8.872927431107505925e+01
1.903074943256724896e-02 8.870668852267615989e+01
1.906584470159412154e-02 8.868375231808069259e+01
1.910100469103111209e-02 8.866046537881263134e+01
1.913622952023136953e-02 8.863682739874593608e+01
1.917151930876818955e-02 8.861283808054643885e+01
1.920687417643534081e-02 8.858849713171851192e+01
1.924229424324751594e-02 8.856380425100152820e+01
1.927777962944073400e-02 8.853875908602029199e+01
1.931333045547273600e-02 8.851336127492236017e+01
1.934894684202342896e-02 8.848761046086133319e+01
1.938462890999524679e-02 8.846150629581907765e+01
1.942037678051358740e-02 8.843504844395501152e+01
1.945619057492721168e-02 8.840823657523112900e+01
1.949207041480869804e-02 8.838107036680658268e+01
1.952801642195478582e-02 8.835354953868990435e+01
1.956402871838683680e-02 8.832567384808085365e+01
1.960010742635123412e-02 8.829744305820599948e+01
1.963625266831979521e-02 8.826885691549161095e+01
1.967246456699021928e-02 8.823991504703340638e+01
1.970874324528644472e-02 8.821061704115041380e+01
1.974508882635910706e-02 8.818096249216584681e+01
1.978150143358595181e-02 8.815095111268846040e+01
1.981798119057223695e-02 8.812058285434656568e+01
1.985452822115120128e-02 8.808985770267496207e+01
1.989114264938441484e-02 8.805877563061947910e+01
1.992782459956223690e-02 8.802733634797787943e+01
1.996457419620424265e-02 8.799553936002882892e+01
2.000139156405963264e-02 8.796338417207621774e+01
2.003827682810768035e-02 8.793087038183675475e+01
2.007523011355811723e-02 8.789799795793695125e+01
2.011225154585158381e-02 8.786476697020663096e+01
2.014934125066004944e-02 8.783117748824400906e+01
2.018649935388723560e-02 8.779722937986595355e+01
2.022372598166906343e-02 8.776292224541572295e+01
2.026102126037405624e-02 8.772825567226237808e+01
2.029838531660376963e-02 8.769322927582499005e+01
2.033581827719323568e-02 8.765784282852838771e+01
2.037332026921138614e-02 8.762209617111857085e+01
2.041089141996149658e-02 8.758598915059604906e+01
2.044853185698159576e-02 8.754952167635265425e+01
2.048624170804490968e-02 8.751269376461216609e+01
2.052402110116028841e-02 8.747550544727127431e+01
2.056187016457267092e-02 8.743795671774597622e+01
2.059978902676348061e-02 8.740004720365242008e+01
2.063777781645107293e-02 8.736177635123043217e+01
2.067583666259118977e-02 8.732314361823208060e+01
2.071396569437736548e-02 8.728414924759981375e+01
2.075216504124142297e-02 8.724479498455205828e+01
2.079043483285383798e-02 8.720508274644100766e+01
2.082877519912423175e-02 8.716501410064945787e+01
2.086718627020178740e-02 8.712458775822632617e+01
2.090566817647570089e-02 8.708380104800787080e+01
2.094422104857565289e-02 8.704265132192627163e+01
2.098284501737218352e-02 8.700113753560434304e+01
2.102154021397719189e-02 8.695926129409970429e+01
2.106030676974436633e-02 8.691702445366402685e+01
2.109914481626961810e-02 8.687442864856365077e+01
2.113805448539156709e-02 8.683147416881210745e+01
2.117703590919193732e-02 8.678816080840375946e+01
2.121608921999602881e-02 8.674448835710455796e+01
2.125521455037317556e-02 8.670045632471345698e+01
2.129441203313717570e-02 8.665606389543795274e+01
2.133368180134678077e-02 8.661131024215016794e+01
2.137302398830609809e-02 8.656619467931565737e+01
2.141243872756506961e-02 8.652071700599462645e+01
2.145192615291991595e-02 8.647487713356095185e+01
2.149148639841360134e-02 8.642867499447986290e+01
2.153111959833629852e-02 8.638211071061189728e+01
2.157082588722580851e-02 8.633518453151812366e+01
2.161060539986804294e-02 8.628789671410034146e+01
2.165045827129747150e-02 8.624024750433035535e+01
2.169038463679761122e-02 8.619223712520712866e+01
2.173038463190143585e-02 8.614386580230193147e+01
2.177045839239186154e-02 8.609513375850137606e+01
2.181060605430221178e-02 8.604604118360185794e+01
2.185082775391666843e-02 8.599658826151032542e+01
2.189112362777076090e-02 8.594677517150915946e+01
2.193149381265178249e-02 8.589660195434896650e+01
2.197193844559929346e-02 8.584606854994767389e+01
2.201245766390556510e-02 8.579517490513255495e+01
2.205305160511605508e-02 8.574392121335151273e+01
2.209372040702990009e-02 8.569230807637102032e+01
2.213446420770031828e-02 8.564033613905702680e+01
2.217528314543514012e-02 8.558800584645489096e+01
2.221617735879724206e-02 8.553531686037197801e+01
2.225714698660502880e-02 8.548226865962871557e+01
2.229819216793292938e-02 8.542886083222552429e+01
2.233931304211181704e-02 8.537509389590435660e+01
2.238050974872951571e-02 8.532096886475535769e+01
2.242178242763127882e-02 8.526648673968593073e+01
2.246313121892022646e-02 8.521164798200075552e+01
2.250455626295789699e-02 8.515645248636978693e+01
2.254605770036462870e-02 8.510090012779288315e+01
2.258763567202010450e-02 8.504499091161993363e+01
2.262929031906378563e-02 8.498872509612058934e+01
2.267102178289545286e-02 8.493210297455891578e+01
2.271283020517561937e-02 8.487512488768005881e+01
2.275471572782604424e-02 8.481779134050331947e+01
2.279667849303020771e-02 8.476010288084462729e+01
2.283871864323378659e-02 8.470206002104019660e+01
2.288083632114518151e-02 8.464366298956855417e+01
2.292303166973593334e-02 8.458491189527676113e+01
2.296530483224125396e-02 8.452580686996068948e+01
2.300765595216049120e-02 8.446634828835252051e+01
2.305008517325762840e-02 8.440653670306132028e+01
2.309259263956179101e-02 8.434637267519971715e+01
2.313517849536768367e-02 8.428585675630851881e+01
2.317784288523612457e-02 8.422498948624391346e+01
2.322058595399451725e-02 8.416377140771669474e+01
2.326340784673733633e-02 8.410220295290120873e+01
2.330630870882666530e-02 8.404028435798947783e+01
2.334928868589261630e-02 8.397801584527921648e+01
2.339234792383388176e-02 8.391539775110057064e+01
2.343548656881820624e-02 8.385243069638639213e+01
2.347870476728287914e-02 8.378911535148844791e+01
2.352200266593526892e-02 8.372545237091441095e+01
2.356538041175326031e-02 8.366144233659763074e+01
2.360883815198580246e-02 8.359708581746534151e+01
2.365237603415338077e-02 8.353238334333536841e+01
2.369599420604852694e-02 8.346733521783878018e+01
2.373969281573634973e-02 8.340194167523708302e+01
2.378347201155497567e-02 8.333620303986963052e+01
2.382733194211610409e-02 8.327012023187982948e+01
2.387127275630547552e-02 8.320369442858476816e+01
2.391529460328343723e-02 8.313692673279430778e+01
2.395939763248536997e-02 8.306981752923077522e+01
2.400358199362224304e-02 8.300236682113313691e+01
2.404784783668111742e-02 8.293457466912234111e+01
2.409219531192563490e-02 8.286644176372330151e+01
2.413662456989658367e-02 8.279796919992479332e+01
2.418113576141232846e-02 8.272915805104895526e+01
2.422572903756937956e-02 8.266000894951436351e+01
2.427040454974288552e-02 8.259052220598263716e+01
2.431516244958714310e-02 8.252069815903158201e+01
2.436000288903615932e-02 8.245053762829270738e+01
2.440492602030407826e-02 8.238004182291281552e+01
2.444993199588577429e-02 8.230921193275911207e+01
2.449502096855733779e-02 8.223804855308650019e+01
2.454019309137658172e-02 8.216655176968798457e+01
2.458544851768362099e-02 8.209472170149476256e+01
2.463078740110130962e-02 8.202255926993629487e+01
2.467620989553582014e-02 8.195006610196411145e+01
2.472171615517714666e-02 8.187724380128108237e+01
2.476730633449961486e-02 8.180409308437180016e+01
2.481298058826246142e-02 8.173061389839686797e+01
2.485873907151028503e-02 8.165680622280636669e+01
2.490458193957361538e-02 8.158267089558947305e+01
2.495050934806943704e-02 8.150820946583503712e+01
2.499652145290169949e-02 8.143342346189382397e+01
2.504261841026189303e-02 8.135831376190144226e+01
2.508880037662951368e-02 8.128288074981927025e+01
2.513506750877264259e-02 8.120712484836205647e+01
2.518141996374843872e-02 8.113104705146956519e+01
2.522785789890374247e-02 8.105464874081583559e+01
2.527438147187552678e-02 8.097793125385025803e+01
2.532099084059147298e-02 8.090089538334433428e+01
2.536768616327050516e-02 8.082354160820256084e+01
2.541446759842331399e-02 8.074587048160616121e+01
2.546133530485294311e-02 8.066788314207140331e+01
2.550828944165525400e-02 8.058958100964891003e+01
2.555533016821950887e-02 8.051096542169759118e+01
2.560245764422890841e-02 8.043203718571916738e+01
2.564967202966112261e-02 8.035279691164070925e+01
2.569697348478887020e-02 8.027324534361156338e+01
2.574436217018040776e-02 8.019338382470401427e+01
2.579183824670010228e-02 8.011321387087116364e+01
2.583940187550898965e-02 8.003273683513404535e+01
2.588705321806528126e-02 7.995195352489784568e+01
2.593479243612498847e-02 7.987086463860946139e+01
2.598261969174238059e-02 7.978947099385115393e+01
2.603053514727058509e-02 7.970777368133376228e+01
2.607853896536214272e-02 7.962577383463067804e+01
2.612663130896952096e-02 7.954347265520945598e+01
2.617481234134573856e-02 7.946087145345343572e+01
2.622308222604483388e-02 7.937797155421066009e+01
2.627144112692248248e-02 7.929477434927291313e+01
2.631988920813651753e-02 7.921128130495863218e+01
2.636842663414750224e-02 7.912749384975300870e+01
2.641705356971931623e-02 7.904341279160011879e+01
2.646577017991964820e-02 7.895903847691010924e+01
2.651457663012061691e-02 7.887437138879352005e+01
2.656347308599928125e-02 7.878941314549952324e+01
2.661245971353828552e-02 7.870416590665053036e+01
2.666153667902631391e-02 7.861863161571584158e+01
2.671070414905873588e-02 7.853281121276206989e+01
2.675996229053813694e-02 7.844670535407939838e+01
2.680931127067488415e-02 7.836031497436366067e+01
2.685875125698774027e-02 7.827364173200017206e+01
2.690828241730435638e-02 7.818668739929744049e+01
2.695790491976189293e-02 7.809945353496249254e+01
2.700761893280758524e-02 7.801194137384423755e+01
2.705742462519928129e-02 7.792415212644671385e+01
2.710732216600609049e-02 7.783608701531213114e+01
2.715731172460886939e-02 7.774774727377611327e+01
2.720739347070084274e-02 7.765913413126867226e+01
2.725756757428817595e-02 7.757024876652167222e+01
2.730783420569053710e-02 7.748109233495935655e+01
2.735819353554172495e-02 7.739166619826225713e+01
2.740864573479016852e-02 7.730197253487357045e+01
2.745919097469956549e-02 7.721201372021677400e+01
2.750982942684944421e-02 7.712179151163452673e+01
2.756056126313573273e-02 7.703130643969696223e+01
2.761138665577140758e-02 7.694055893598581974e+01
2.766230577728697945e-02 7.684955042904573475e+01
2.771331880053114899e-02 7.675828336443217381e+01
2.776442589867136879e-02 7.666676009046300067e+01
2.781562724519442281e-02 7.657498173748413706e+01
2.786692301390706825e-02 7.648294881364445530e+01
2.791831337893655243e-02 7.639066218785180240e+01
2.796979851473123391e-02 7.629812409105421978e+01
2.802137859606118261e-02 7.620533706551657360e+01
2.807305379801879400e-02 7.611230320588769871e+01
2.812482429601932676e-02 7.601902385101287507e+01
2.817669026580153432e-02 7.592550026181962153e+01
2.822865188342826501e-02 7.583173360813741226e+01
2.828070932528703105e-02 7.573772498799846176e+01
2.833286276809066778e-02 7.564347566325611183e+01
2.838511238887785407e-02 7.554898782541035018e+01
2.843745836501376800e-02 7.545426398800550771e+01
2.848990087419066633e-02 7.535930619937211361e+01
2.854244009442848465e-02 7.526411544896248529e+01
2.859507620407549314e-02 7.516869262300180310e+01
2.864780938180882044e-02 7.507303954246678757e+01
2.870063980663510594e-02 7.497715894570214346e+01
2.875356765789111382e-02 7.488105339026881779e+01
2.880659311524430208e-02 7.478472398706395552e+01
2.885971635869350946e-02 7.468817125448596528e+01
2.891293756856947589e-02 7.459139626413319490e+01
2.896625692553550860e-02 7.449440146252415218e+01
2.901967461058807540e-02 7.439718948912523899e+01
2.907319080505741879e-02 7.429976268669528849e+01
2.912680569060822205e-02 7.420212310309412373e+01
2.918051944924013666e-02 7.410427263318159419e+01
2.923433226328845877e-02 7.400621229942670709e+01
2.928824431542474335e-02 7.390794278993433863e+01
2.934225578865739051e-02 7.380946547458592022e+01
2.939636686633234630e-02 7.371078321892487395e+01
2.945057773213361971e-02 7.361189901925213519e+01
2.950488857008397997e-02 7.351281482463865302e+01
2.955929956454553947e-02 7.341353171186362658e+01
2.961381090022044069e-02 7.331405089597791402e+01
2.966842276215140781e-02 7.321437437774883961e+01
2.972313533572241290e-02 7.311450438969202992e+01
2.977794880665930732e-02 7.301444315780047134e+01
2.983286336103042891e-02 7.291419290036900236e+01
2.988787918524729234e-02 7.281375580229041589e+01
2.994299646606514084e-02 7.271313375548599822e+01
2.999821539058363309e-02 7.261232848037143128e+01
3.005353614624746081e-02 7.251134174283204459e+01
3.010895892084698364e-02 7.241017545594681337e+01
3.016448390251890224e-02 7.230883155704198373e+01
3.022011127974683423e-02 7.220731197375164356e+01
3.027584124136199761e-02 7.210561862395145738e+01
3.033167397654383882e-02 7.200375350335731639e+01
3.038760967482066061e-02 7.190171904265538672e+01
3.044364852607033683e-02 7.179951780679063233e+01
3.049979072052083975e-02 7.169715195960080223e+01
3.055603644875097558e-02 7.159462301937685424e+01
3.061238590169100202e-02 7.149193251150134643e+01
3.066883927062325627e-02 7.138908257964867232e+01
3.072539674718287664e-02 7.128607569484182704e+01
3.078205852335835768e-02 7.118291420964773408e+01
3.083882479149225794e-02 7.107960018429338334e+01
3.089569574428184875e-02 7.097613563797690972e+01
3.095267157477973527e-02 7.087252270998679649e+01
3.100975247639458851e-02 7.076876363237906276e+01
3.106693864289171089e-02 7.066486059580141443e+01
3.112423026839374399e-02 7.056081564625868907e+01
3.118162754738129996e-02 7.045663079694462283e+01
3.123913067469369018e-02 7.035230817405359005e+01
3.129673984552948374e-02 7.024785002534459011e+01
3.135445525544724998e-02 7.014325859688416642e+01
3.141227710036618298e-02 7.003853612201021406e+01
3.147020557656676765e-02 6.993368482713148637e+01
3.152824088069149794e-02 6.982870701858981022e+01
3.158638320974546665e-02 6.972360511659425697e+01
3.164463276109707318e-02 6.961838149810526488e+01
3.170298973247870356e-02 6.951303823762300738e+01
3.176145432198736879e-02 6.940757728396155812e+01
3.182002672808543348e-02 6.930200071175954690e+01
3.187870714960122642e-02 6.919631081620849500e+01
3.193749578572974146e-02 6.909050990000616821e+01
3.199639283603332440e-02 6.898460019971425083e+01
3.205539850044232530e-02 6.887858391659635515e+01
3.211451297925582704e-02 6.877246344152460722e+01
3.217373647314226981e-02 6.866624155643074801e+01
3.223306918314013808e-02 6.855992103251892900e+01
3.229251131065868224e-02 6.845350415707078184e+01
3.235206305747855005e-02 6.834699293814627197e+01
3.241172462575254987e-02 6.824038924978995624e+01
3.247149621800625441e-02 6.813369467755563846e+01
3.253137803713870152e-02 6.802691088223549798e+01
3.259137028642314360e-02 6.792004084940053588e+01
3.265147316950765127e-02 6.781308838326637556e+01
3.271168689041591138e-02 6.770605666536785350e+01
3.277201165354780288e-02 6.759894734636189639e+01
3.283244766368016015e-02 6.749176189609826793e+01
3.289299512596745301e-02 6.738450241902624782e+01
3.295365424594251524e-02 6.727717143343923567e+01
3.301442522951716918e-02 6.716977153860848659e+01
3.307530828298298198e-02 6.706230553742115319e+01
3.313630361301195260e-02 6.695477620726953205e+01
3.319741142665718486e-02 6.684718574392664436e+01
3.325863193135368545e-02 6.673953595246186410e+01
3.331996533491892593e-02 6.663182887914418018e+01
3.338141184555364765e-02 6.652406721262039468e+01
3.344297167184255570e-02 6.641625370969138942e+01
3.350464502275497802e-02 6.630839085612574024e+01
3.356643210764567037e-02 6.620048095571236502e+01
3.362833313625540610e-02 6.609252645401717530e+01
3.369034831871178109e-02 6.598453016997910936e+01
3.375247786552987989e-02 6.587649488688349209e+01
3.381472198761300424e-02 6.576842245865114478e+01
3.387708089625342256e-02 6.566031415153197770e+01
3.393955480313302214e-02 6.555217208106499527e+01
3.400214392032405858e-02 6.544400037778288493e+01
3.406484846028989821e-02 6.533580320953616649e+01
3.412766863588567734e-02 6.522758230180593841e+01
3.419060466035914181e-02 6.511933792987828440e+01
3.425365674735122296e-02 6.501107153818693973e+01
3.431682511089687027e-02 6.490278715383767860e+01
3.438010996542570363e-02 6.479448893280635957e+01
3.444351152576285297e-02 6.468617920255849185e+01
3.450703000712955493e-02 6.457785928271148634e+01
3.457066562514395092e-02 6.446953100943559889e+01
3.463441859582182952e-02 6.436119727552339498e+01
3.469828913557731348e-02 6.425286105984356766e+01
3.476227746122366458e-02 6.414452511344434527e+01
3.482638378997394979e-02 6.403619206369283745e+01
3.489060833944180456e-02 6.392786438244585412e+01
3.495495132764218221e-02 6.381954427278564168e+01
3.501941297299205474e-02 6.371123392043317324e+01
3.508399349431125941e-02 6.360293566444413926e+01
3.514869311082309544e-02 6.349465191005304376e+01
3.521351204215516367e-02 6.338638528732294475e+01
3.527845050834008123e-02 6.327813880537307512e+01
3.534350872981623093e-02 6.316991541510525821e+01
3.540868692742855928e-02 6.306171752302007860e+01
3.547398532242922176e-02 6.295354730182814507e+01
3.553940413647842245e-02 6.284540689891888121e+01
3.560494359164512179e-02 6.273729843100396408e+01
3.567060391040779987e-02 6.262922410631686176e+01
3.573638531565527521e-02 6.252118676803645769e+01
3.580228803068732923e-02 6.241318948377523412e+01
3.586831227921557369e-02 6.230523510821379318e+01
3.593445828536417225e-02 6.219732620722256655e+01
3.600072627367056910e-02 6.208946527931176007e+01
3.606711646908637020e-02 6.198165463061095437e+01
3.613362909697794695e-02 6.187389649166879479e+01
3.620026438312729661e-02 6.176619310651332029e+01
3.626702255373277783e-02 6.165854674096858190e+01
3.633390383540992946e-02 6.155095974528661174e+01
3.640090845519217133e-02 6.144343496498278512e+01
3.646803664053159533e-02 6.133597538861701537e+01
3.653528861929976335e-02 6.122858373835273937e+01
3.660266461978843588e-02 6.112126240900128948e+01
3.667016487071043246e-02 6.101401368978825701e+01
3.673778960120029080e-02 6.090683949419794629e+01
3.680553904081512034e-02 6.079974163604529735e+01
3.687341341953538632e-02 6.069272289984682089e+01
3.694141296776561750e-02 6.058578726723764873e+01
3.700953791633532219e-02 6.047893834342775676e+01
3.707778849649961961e-02 6.037217751962806744e+01
3.714616493994011420e-02 6.026550550690917873e+01
3.721466747876566589e-02 6.015892420595152856e+01
3.728329634551315330e-02 6.005243701810436363e+01
3.735205177314834812e-02 5.994604729696466450e+01
3.742093399506658119e-02 5.983975771172827507e+01
3.748994324509360987e-02 5.973357068244774126e+01
3.755907975748639521e-02 5.962748830250988163e+01
3.762834376693389993e-02 5.952151223040890216e+01
3.769773550855792105e-02 5.941564431530821366e+01
3.776725521791380463e-02 5.930988780218646639e+01
3.783690313099131314e-02 5.920424642311991192e+01
3.790667948421539563e-02 5.909872282524647602e+01
3.797658451444699962e-02 5.899331801053382662e+01
3.804661845898391070e-02 5.888803305546126410e+01
3.811678155556148806e-02 5.878287062913773298e+01
3.818707404235350406e-02 5.867783408584190852e+01
3.825749615797296305e-02 5.857292646606418884e+01
3.832804814147293404e-02 5.846815024532570959e+01
3.839873023234730010e-02 5.836350777152016178e+01
3.846954267053159793e-02 5.825900089181672570e+01
3.854048569640385752e-02 5.815463117203354670e+01
3.861155955078536539e-02 5.805040062975118786e+01
3.868276447494158055e-02 5.794631240305010067e+01
3.875410071058283529e-02 5.784236970229153485e+01
3.882556849986520953e-02 5.773857464398120243e+01
3.889716808539137038e-02 5.763492852382483278e+01
3.896889971021134935e-02 5.753143297348324126e+01
3.904076361782345822e-02 5.742809091022071755e+01
3.911276005217497603e-02 5.732490549463905438e+01
3.918488925766309972e-02 5.722187924131756631e+01
3.925715147913570735e-02 5.711901395926227565e+01
3.932954696189220473e-02 5.701631144237918392e+01
3.940207595168440657e-02 5.691377367228108142e+01
3.947473869471727903e-02 5.681140269259466891e+01
3.954753543764984169e-02 5.670920095781775672e+01
3.962046642759598641e-02 5.660717167164441577e+01
3.969353191212528914e-02 5.650531795031006510e+01
3.976673213926394668e-02 5.640364123787195183e+01
3.984006735749548445e-02 5.630214191190926698e+01
3.991353781576169324e-02 5.620082104004169565e+01
3.998714376346342719e-02 5.609968212985037894e+01
4.006088545046147809e-02 5.599872914699857773e+01
4.013476312707744270e-02 5.589796457513495653e+01
4.020877704409450693e-02 5.579738908314540424e+01
4.028292745275834780e-02 5.569700340261611871e+01
4.035721460477795924e-02 5.559680970994124749e+01
4.043163875232656107e-02 5.549681086270153685e+01
4.050620014804238306e-02 5.539700956914790453e+01
4.058089904502954620e-02 5.529740814423761464e+01
4.065573569685895089e-02 5.519800881227949674e+01
4.073071035756908875e-02 5.509881357969158699e+01
4.080582328166698636e-02 5.499982420532195704e+01
4.088107472412896154e-02 5.490104241111012584e+01
4.095646494040156710e-02 5.480246982615886964e+01
4.103199418640243040e-02 5.470410802612643408e+01
4.110766271852109299e-02 5.460595868072272907e+01
4.118347079361999591e-02 5.450802381302955268e+01
4.125941866903519439e-02 5.441030551265612303e+01
4.133550660257732934e-02 5.431280616126571203e+01
4.141173485253247383e-02 5.421552860023945186e+01
4.148810367766301438e-02 5.411847558645000333e+01
4.156461333720855994e-02 5.402164828589666712e+01
4.164126409088676067e-02 5.392504663222195660e+01
4.171805619889423083e-02 5.382867087805175288e+01
4.179498992190740919e-02 5.373252358149841257e+01
4.187206552108346108e-02 5.363660820766731518e+01
4.194928325806120128e-02 5.354092769926402440e+01
4.202664339496189200e-02 5.344548332138008817e+01
4.210414619439020040e-02 5.335027598797183401e+01
4.218179191943507295e-02 5.325530699632899712e+01
4.225958083367059581e-02 5.316057836479618715e+01
4.233751320115700101e-02 5.306609216696821107e+01
4.241558928644141580e-02 5.297185021472015620e+01
4.249380935455884106e-02 5.287785402192763229e+01
4.257217367103301869e-02 5.278410506122621371e+01
4.265068250187741689e-02 5.269060461237288706e+01
4.272933611359602118e-02 5.259735380540652727e+01
4.280813477318427818e-02 5.250435383590719596e+01
4.288707874813003917e-02 5.241160662360979927e+01
4.296616830641438595e-02 5.231911446850629943e+01
4.304540371651269237e-02 5.222687956345480842e+01
4.312478524739534608e-02 5.213490348178979872e+01
4.320431316852878234e-02 5.204318754159530158e+01
4.328398774987637920e-02 5.195173295706749172e+01
4.336380926189932483e-02 5.186054046293203612e+01
4.344377797555765836e-02 5.176961063619172876e+01
4.352389416231101232e-02 5.167894433342275562e+01
4.360415809411968130e-02 5.158854367026859933e+01
4.368457004344547534e-02 5.149841109548748364e+01
4.376513028325263593e-02 5.140854874141428610e+01
4.384583908700885602e-02 5.131895748006339630e+01
4.392669672868607794e-02 5.122963784921586949e+01
4.400770348276151350e-02 5.114059053346895212e+01
4.408885962421852517e-02 5.105181688052304878e+01
4.417016542854757671e-02 5.096331840933549984e+01
4.425162117174723936e-02 5.087509654216400889e+01
4.433322713032499668e-02 5.078715226550992412e+01
4.441498358129826463e-02 5.069948642258382421e+01
4.449689080219532133e-02 5.061209992173149885e+01
4.457894907105621612e-02 5.052499414838661806e+01
4.466115866643382420e-02 5.043817067265516130e+01
4.474351986739463077e-02 5.035163098136570170e+01
4.482603295351977185e-02 5.026537585003087827e+01
4.490869820490596409e-02 5.017940564698088224e+01
4.499151590216651786e-02 5.009372076143500863e+01
4.507448632643216990e-02 5.000832215097572941e+01
4.515760975935211030e-02 4.992321127227286581e+01
4.524088648309494698e-02 4.983838958080026771e+01
4.532431678034960776e-02 4.975385814713290955e+01
4.540790093432640201e-02 4.966961746105891962e+01
4.549163922875787414e-02 4.958566795821690221e+01
4.557553194789979584e-02 4.950201016296031753e+01
4.565957937653217918e-02 4.941864488829141067e+01
4.574378179996015786e-02 4.933557299685675446e+01
4.582813950401509739e-02 4.925279532369395241e+01
4.591265277505538617e-02 4.917031254136848872e+01
4.599732189996754567e-02 4.908812524193515259e+01
4.608214716616712558e-02 4.900623401155002767e+01
4.616712886159970303e-02 4.892463945775009648e+01
4.625226727474193028e-02 4.884334221566957979e+01
4.633756269460238830e-02 4.876234291610505522e+01
4.642301541072262755e-02 4.868164215152261676e+01
4.650862571317818800e-02 4.860124038351595743e+01
4.659439389257948733e-02 4.852113803806908976e+01
4.668032024007297276e-02 4.844133552991182512e+01
4.676640504734190518e-02 4.836183314460656391e+01
4.685264860660749708e-02 4.828263105059469495e+01
4.693905121062983549e-02 4.820372940908153936e+01
4.702561315270888109e-02 4.812512844545267399e+01
4.711233472668555772e-02 4.804682865035005790e+01
4.719921622694259189e-02 4.796883057645285930e+01
4.728625794840561614e-02 4.789113476374425460e+01
4.737346018654411961e-02 4.781374145887001248e+01
4.746082323737255831e-02 4.773665052748643234e+01
4.754834739745119471e-02 4.765986180873505162e+01
4.763603296388722180e-02 4.758337516270042045e+01
4.772388023433573462e-02 4.750719065734141111e+01
4.781188950700072243e-02 4.743130847514414228e+01
4.790006108063616513e-02 4.735572879706398908e+01
4.798839525454692834e-02 4.728045174628333314e+01
4.807689232858985279e-02 4.720547719944938336e+01
4.816555260317475357e-02 4.713080496472029068e+01
4.825437637926541928e-02 4.705643484999109916e+01
4.834336395838073619e-02 4.698236669134914933e+01
4.843251564259554859e-02 4.690860040265739883e+01
4.852183173454178988e-02 4.683513591021417000e+01
4.861131253740950953e-02 4.676197313870143546e+01
4.870095835494782366e-02 4.668911186059208518e+01
4.879076949146610165e-02 4.661655150926221580e+01
4.888074625183481264e-02 4.654429147417059909e+01
4.897088894148668436e-02 4.647233114752690142e+01
4.906119786641769537e-02 4.640066999524820091e+01
4.915167333318810200e-02 4.632930765696629294e+01
4.924231564892356250e-02 4.625824379870871184e+01
4.933312512131605293e-02 4.618747808740734939e+01
4.942410205862500516e-02 4.611701012375421982e+01
4.951524676967829913e-02 4.604683927257070764e+01
4.960655956387334531e-02 4.597696484914547455e+01
4.969804075117816022e-02 4.590738617189872883e+01
4.978969064213233792e-02 4.583810255407374257e+01
4.988150954784816710e-02 4.576911325009272957e+01
4.997349778001163728e-02 4.570041748990077934e+01
5.006565565088360453e-02 4.563201450701100725e+01
5.015798347330071433e-02 4.556390353528296799e+01
5.025048156067653260e-02 4.549608370165509541e+01
5.034315022700261433e-02 4.542855400425767698e+01
5.043598978684953049e-02 4.536131343843074148e+01
5.052900055536802687e-02 4.529436100466619308e+01
5.062218284828997467e-02 4.522769569813920043e+01
5.071553698192950849e-02 4.516131646711256309e+01
5.080906327318408106e-02 4.509522224909424182e+01
5.090276203953554568e-02 4.502941198709679327e+01
5.099663359905128729e-02 4.496388462867466274e+01
5.109067827038518694e-02 4.489863903929356326e+01
5.118489637277878757e-02 4.483367393296278891e+01
5.127928822606235559e-02 4.476898801405901196e+01
5.137385415065594957e-02 4.470457999381961400e+01
5.146859446757059281e-02 4.464044858665806004e+01
5.156350949840923098e-02 4.457659241668928018e+01
5.165859956536789088e-02 4.451301001024859971e+01
5.175386499123680456e-02 4.444969989627152529e+01
5.184930609940142238e-02 4.438666061151931075e+01
5.194492321384365507e-02 4.432389069698292872e+01
5.204071665914278277e-02 4.426138861404663061e+01
5.213668676047670397e-02 4.419915274156644358e+01
5.223283384362296944e-02 4.413718146279789067e+01
5.232915823495988550e-02 4.407547316957593608e+01
5.242566026146772834e-02 4.401402626072560054e+01
5.252234025072968771e-02 4.395283903268353498e+01
5.261919853093308813e-02 4.389190960711094647e+01
5.271623543087045061e-02 4.383123609832276912e+01
5.281345127994070687e-02 4.377081663060808836e+01
5.291084640815017781e-02 4.371064933815039666e+01
5.300842114611377387e-02 4.365073234530223800e+01
5.310617582505611223e-02 4.359106368552423305e+01
5.320411077681259232e-02 4.353164137039505732e+01
5.330222633383067260e-02 4.347246342188618229e+01
5.340052282917077953e-02 4.341352787229243404e+01
5.349900059650758433e-02 4.335483276245978601e+01
5.359765997013110628e-02 4.329637600198874026e+01
5.369650128494780211e-02 4.323815526552932909e+01
5.379552487648183584e-02 4.318016821520504323e+01
5.389473108087603631e-02 4.312241252524448498e+01
5.399412023489313928e-02 4.306488588188047828e+01
5.409369267591693231e-02 4.300758598156701140e+01
5.419344874195335116e-02 4.295051046744025314e+01
5.429338877163174953e-02 4.289365691031089511e+01
5.439351310420586366e-02 4.283702288777615053e+01
5.449382207955509594e-02 4.278060598976772155e+01
5.459431603818563905e-02 4.272440381844973700e+01
5.469499532123157232e-02 4.266841398745580705e+01
5.479586027045618007e-02 4.261263400872682183e+01
5.489691122825291619e-02 4.255706116529286476e+01
5.499814853764668082e-02 4.250169272301971546e+01
5.509957254229493756e-02 4.244652596150778123e+01
5.520118358648891388e-02 4.239155817397969628e+01
5.530298201515480155e-02 4.233678666717064942e+01
5.540496817385482525e-02 4.228220874365541704e+01
5.550714240878849154e-02 4.222782154152626077e+01
5.560950506679370603e-02 4.217362210971696612e+01
5.571205649534809179e-02 4.211960751049391405e+01
5.581479704256998159e-02 4.206577482062732543e+01
5.591772705721970160e-02 4.201212113127844106e+01
5.602084688870075102e-02 4.195864354788889017e+01
5.612415688706094002e-02 4.190533915656840946e+01
5.622765740299370124e-02 4.185220482753068438e+01
5.633134878783910976e-02 4.179923734961522541e+01
5.643523139358519458e-02 4.174643352699526133e+01
5.653930557286907660e-02 4.169379017939971277e+01
5.664357167897818290e-02 4.164130414200122488e+01
5.674803006585152354e-02 4.158897226530580582e+01
5.685268108808073234e-02 4.153679140745037301e+01
5.695752510091139920e-02 4.148475828353925010e+01
5.706256246024421497e-02 4.143286947506856421e+01
5.716779352263618580e-02 4.138112157416300363e+01
5.727321864530193762e-02 4.132951118935548607e+01
5.737883818611477088e-02 4.127803494548162178e+01
5.748465250360796502e-02 4.122668948357608087e+01
5.759066195697599977e-02 4.117547146077237841e+01
5.769686690607571389e-02 4.112437752159882365e+01
5.780326771142766523e-02 4.107340407361468948e+01
5.790986473421717851e-02 4.102254740960776758e+01
5.801665833629567753e-02 4.097180383898250966e+01
5.812364888018185793e-02 4.092116968881376948e+01
5.823083672906302632e-02 4.087064130375203774e+01
5.833822224679619667e-02 4.082021504593200945e+01
5.844580579790938091e-02 4.076988729488413554e+01
5.855358774760285184e-02 4.071965444303129544e+01
5.866156846175032274e-02 4.066951275308669977e+01
5.876974830690031432e-02 4.061945832809414014e+01
5.887812765027723022e-02 4.056948727916604014e+01
5.898670685978271711e-02 4.051959573607869203e+01
5.909548630399685809e-02 4.046977984719713106e+01
5.920446635217945647e-02 4.042003577940309356e+01
5.931364737427134021e-02 4.037035971802736611e+01
5.942302974089547218e-02 4.032074786678513334e+01
5.953261382335834490e-02 4.027119643975658647e+01
5.964239999365115313e-02 4.022170147884076385e+01
5.975238862445110544e-02 4.017225885052309309e+01
5.986258008912273554e-02 4.012286443258315671e+01
5.997297476171903341e-02 4.007351412288576853e+01
6.008357301698283304e-02 4.002420383933378645e+01
6.019437523034801979e-02 3.997492951982587073e+01
6.030538177794082799e-02 3.992568712221740412e+01
6.041659303658118707e-02 3.987647262428632189e+01
6.052800938378385259e-02 3.982728202370275739e+01
6.063963119775980792e-02 3.977811130217843782e+01
6.075145885741749241e-02 3.972895623475525895e+01
6.086349274236407120e-02 3.967981252919831547e+01
6.097573323290687158e-02 3.963067591461722827e+01
6.108818071005443773e-02 3.958154214165844564e+01
6.120083555551799476e-02 3.953240698249958029e+01
6.131369815171266308e-02 3.948326623084743403e+01
6.142676888175887390e-02 3.943411570194165705e+01
6.154004812948348641e-02 3.938495123256158337e+01
6.165353627942123799e-02 3.933576868103861557e+01
6.176723371681597935e-02 3.928656392371658512e+01
6.188114082762199292e-02 3.923733271918747789e+01
6.199525799850538060e-02 3.918807066680611229e+01
6.210958561684522955e-02 3.913877337700601799e+01
6.222412407073504848e-02 3.908943648359397116e+01
6.233887374898402362e-02 3.904005564379168192e+01
6.245383504111833711e-02 3.899062653828234204e+01
6.256900833738260337e-02 3.894114487126169877e+01
6.268439402874098620e-02 3.889160637049410241e+01
6.279999250687871848e-02 3.884200678737325063e+01
6.291580416420330946e-02 3.879234189698725999e+01
6.303182939384589789e-02 3.874260749818773775e+01
6.314806858966270919e-02 3.869279936308237922e+01
6.326452214623620729e-02 3.864291310285898362e+01
6.338119045887655179e-02 3.859294431159757721e+01
6.349807392362288860e-02 3.854288860891109181e+01
6.361517293724468225e-02 3.849274164004433629e+01
6.373248789724321461e-02 3.844249907597762217e+01
6.385001920185268132e-02 3.839215661353534870e+01
6.396776725004175990e-02 3.834170997549956184e+01
6.408573244151481718e-02 3.829115491072761301e+01
6.420391517671333870e-02 3.824048719427514698e+01
6.432231585681737196e-02 3.818970262752313261e+01
6.444093488374666445e-02 3.813879703830986045e+01
6.455977266016224569e-02 3.808776627386971114e+01
6.467882958946762073e-02 3.803660611060646346e+01
6.479810607581036608e-02 3.798531228211148658e+01
6.491760252408321219e-02 3.793388054840493595e+01
6.503731933992565328e-02 3.788230669765382430e+01
6.515725692972521021e-02 3.783058654633684625e+01
6.527741570061880438e-02 3.777871593941379302e+01
6.539779606049427041e-02 3.772669075049895326e+01
6.551839841799154962e-02 3.767450688203941667e+01
6.563922318250420274e-02 3.762216026549727133e+01
6.576027076418076989e-02 3.756964686153610700e+01
6.588154157392611676e-02 3.751696266021158976e+01
6.600303602340298892e-02 3.746410368116627154e+01
6.612475452503317752e-02 3.741106597382601961e+01
6.624669749199908753e-02 3.735784561096194523e+01
6.636886533824506995e-02 3.730443867434990324e+01
6.649125847847880966e-02 3.725084127209937179e+01
6.661387732817287965e-02 3.719704954312506828e+01
6.673672230356594848e-02 3.714305965736598125e+01
6.685979382166429286e-02 3.708886781600841687e+01
6.698309230024324101e-02 3.703447025171242046e+01
6.710661815784847717e-02 3.697986322884187871e+01
6.723037181379767913e-02 3.692504304369741419e+01
6.735435368818167012e-02 3.687000602475363564e+01
6.747856420186605642e-02 3.681474853289832794e+01
6.760300377649251791e-02 3.675926696167606877e+01
6.772767283448032083e-02 3.670355773753376383e+01
6.785257179902780267e-02 3.664761732007004014e+01
6.797770109411362116e-02 3.659144220307626938e+01
6.810306114449837800e-02 3.653502897860013121e+01
6.822865237572592334e-02 3.647837438365210261e+01
6.835447521412499339e-02 3.642147519936234801e+01
6.848053008681041776e-02 3.636432824011279763e+01
6.860681742168471542e-02 3.630693035378941858e+01
6.873333764743952412e-02 3.624927842203637596e+01
6.886009119355700203e-02 3.619136936051200593e+01
6.898707849031145145e-02 3.613320011914675689e+01
6.911429996877052617e-02 3.607476768240336895e+01
6.924175606079689682e-02 3.601606906953801968e+01
6.936944719904961087e-02 3.595710133486382176e+01
6.949737381698560534e-02 3.589786156801555705e+01
6.962553634886121945e-02 3.583834689421578190e+01
6.975393522973355465e-02 3.577855447454280124e+01
6.988257089546205669e-02 3.571848150619930351e+01
7.001144378270993118e-02 3.565812522398520201e+01
7.014055432894562847e-02 3.559748305064633200e+01
7.026990297244443961e-02 3.553655274145330623e+01
7.039949015228980089e-02 3.547533212027595795e+01
7.052931630837491750e-02 3.541381904509283629e+01
7.065938188140422072e-02 3.535201140822621113e+01
7.078968731289479732e-02 3.528990713657594114e+01
7.092023304517808269e-02 3.522750419185431525e+01
7.105101952140112365e-02 3.516480057082019073e+01
7.118204718552821608e-02 3.510179430551336566e+01
7.131331648234237597e-02 3.503848346348835463e+01
7.144482785744685205e-02 3.497486614804819993e+01
7.157658175726673566e-02 3.491094049847764325e+01
7.170857862905027913e-02 3.484670469027597051e+01
7.184081892087054722e-02 3.478215693538932385e+01
7.197330308162690204e-02 3.471729548244238828e+01
7.210603156104662681e-02 3.465211861696906936e+01
7.223900480968624416e-02 3.458662466164309990e+01
7.237222327893323703e-02 3.452081211294215279e+01
7.250568742100745034e-02 3.445468007480371853e+01
7.263939768896271465e-02 3.438822783283134044e+01
7.277335453668840048e-02 3.432145470399137110e+01
7.290755841891084776e-02 3.425436003675757490e+01
7.304200979119497561e-02 3.418694321125310864e+01
7.317670910994585054e-02 3.411920363939216116e+01
7.331165683241017139e-02 3.405114076501853759e+01
7.344685341667796241e-02 3.398275406404327725e+01
7.358229932168391940e-02 3.391404304457955732e+01
7.371799500720910281e-02 3.384500724707620378e+01
7.385394093388250591e-02 3.377564624444869423e+01
7.399013756318251200e-02 3.370595964220851926e+01
7.412658535743867072e-02 3.363594707858995037e+01
7.426328477983297482e-02 3.356560822467476157e+01
7.440023629440167818e-02 3.349494278451491169e+01
7.453744036603673906e-02 3.342395049525281081e+01
7.467489746048742993e-02 3.335263112723901457e+01
7.481260804436203060e-02 3.328098454737479273e+01
7.495057258512918819e-02 3.320901139452739415e+01
7.508879155111965187e-02 3.313671281259824042e+01
7.522726541152788271e-02 3.306408997595964649e+01
7.536599463641352470e-02 3.299114408128544085e+01
7.550497969670318110e-02 3.291787634752745362e+01
7.564422106419183001e-02 3.284428801589093183e+01
7.578371921154450352e-02 3.277038034980663639e+01
7.592347461229786987e-02 3.269615463490205087e+01
7.606348774086199582e-02 3.262161217896889553e+01
7.620375907252166514e-02 3.254675431192998047e+01
7.634428908343823816e-02 3.247158238580245637e+01
7.648507825065113674e-02 3.239609777465994966e+01
7.662612705207950958e-02 3.232030187459161397e+01
7.676743596652395307e-02 3.224419610365963251e+01
7.690900547366788520e-02 3.216778190185390685e+01
7.705083605407943292e-02 3.209106073104483414e+01
7.719292818921288934e-02 3.201403407493388897e+01
7.733528236141042067e-02 3.193670343900156539e+01
7.747789905390380094e-02 3.185907039679572605e+01
7.762077875081581368e-02 3.178113741655354474e+01
7.776392193716208379e-02 3.170290775661731431e+01
7.790732909885268731e-02 3.162438470724803352e+01
7.805100072269371969e-02 3.154557156291736675e+01
7.819493729638912760e-02 3.146647162208646620e+01
7.833913930854215224e-02 3.138708818698489367e+01
7.848360724865710569e-02 3.130742456339005741e+01
7.862834160714105014e-02 3.122748406040730629e+01
7.877334287530531054e-02 3.114726999024998477e+01
7.891861154536745915e-02 3.106678566802058228e+01
7.906414811045260616e-02 3.098603441149202098e+01
7.920995306459531482e-02 3.090501954088950498e+01
7.935602690274121129e-02 3.082374437867301609e+01
7.950237012074863607e-02 3.074221224932026075e+01
7.964898321539044812e-02 3.066042647911028496e+01
7.979586668435555141e-02 3.057839039590766461e+01
7.994302102625064355e-02 3.049610732894727150e+01
8.009044674060192270e-02 3.041358060861972135e+01
8.023814432785687789e-02 3.033081356625746139e+01
8.038611428938578773e-02 3.024780982237058069e+01
8.053435712748353847e-02 3.016457437647330408e+01
8.068287334537134481e-02 3.008111262307285116e+01
8.083166344719835972e-02 2.999742993363696542e+01
8.098072793804360348e-02 2.991353165615572607e+01
8.113006732391740694e-02 2.982942311478904074e+01
8.127968211176325730e-02 2.974510960952095928e+01
8.142957280945956056e-02 2.966059641582026174e+01
8.157973992582125133e-02 2.957588878430821921e+01
8.173018397060172191e-02 2.949099194043277805e+01
8.188090545449427937e-02 2.940591108414926680e+01
8.203190488913408851e-02 2.932065138960812689e+01
8.218318278709980940e-02 2.923521800484884281e+01
8.233473966191533211e-02 2.914961605150077872e+01
8.248657602805167799e-02 2.906385062449017553e+01
8.263869240092852619e-02 2.897792679175421071e+01
8.279108929691604557e-02 2.889184959396126828e+01
8.294376723333671264e-02 2.880562404423756107e+01
8.309672672846694919e-02 2.871925512790082635e+01
8.324996830153907901e-02 2.863274780404722719e+01
8.340349247274282674e-02 2.854610760289155991e+01
8.355729976322727459e-02 2.845934147281634807e+01
8.371139069510256936e-02 2.837245652454435429e+01
8.386576579144165711e-02 2.828545981192364422e+01
8.402042557628221220e-02 2.819835833161736716e+01
8.417537057462819161e-02 2.811115902280910461e+01
8.433060131245179170e-02 2.802386876692322204e+01
8.448611831669508576e-02 2.793649438736105139e+01
8.464192211527206411e-02 2.784904264925154749e+01
8.479801323707011895e-02 2.776152025921727429e+01
8.495439221195201507e-02 2.767393386515490405e+01
8.511105957075769390e-02 2.758629005603043538e+01
8.526801584530595279e-02 2.749859536168877483e+01
8.542526156839648499e-02 2.741085625267750814e+01
8.558279727381139235e-02 2.732307914008488581e+01
8.574062349631721147e-02 2.723527037539153284e+01
8.589874077166663457e-02 2.714743625033610641e+01
8.605714963660031358e-02 2.705958299679446100e+01
8.621585062884888628e-02 2.697171678667190164e+01
8.637484428713447515e-02 2.688384377804081637e+01
8.653413115117271348e-02 2.679597111795912312e+01
8.669371176167457727e-02 2.670810691962116934e+01
8.685358666034813380e-02 2.662025925255865744e+01
8.701375638990052619e-02 2.653243609735973152e+01
8.717422149403963871e-02 2.644464534566913727e+01
8.733498251747606744e-02 2.635689480021116538e+01
8.749604000592488273e-02 2.626919217483570179e+01
8.765739450610753047e-02 2.618154509458630130e+01
8.781904656575380275e-02 2.609396109578995393e+01
8.798099673360343376e-02 2.600644762616908778e+01
8.814324555940818151e-02 2.591901204497387923e+01
8.830579359393353478e-02 2.583166162313579051e+01
8.846864138896083640e-02 2.574440354344120152e+01
8.863178949728883760e-02 2.565724490072515707e+01
8.879523847273576576e-02 2.557019270208474637e+01
8.895898887014119794e-02 2.548325386711131912e+01
8.912304124536782335e-02 2.539643522814184706e+01
8.928739615530356666e-02 2.530974353052849324e+01
8.945205415786319780e-02 2.522318543359889631e+01
8.961701581199039979e-02 2.513676793397231890e+01
8.978228167765962831e-02 2.505049908097256761e+01
8.994785231587794361e-02 2.496438700806918476e+01
9.011372828868714768e-02 2.487843973928613295e+01
9.027991015916533857e-02 2.479266518969849997e+01
9.044639849142911692e-02 2.470707116595449548e+01
9.061319385063532073e-02 2.462166536682245521e+01
9.078029680298303761e-02 2.453645538376219548e+01
9.094770791571556157e-02 2.445144870151994354e+01
9.111542775712219711e-02 2.436665269874628237e+01
9.128345689654024375e-02 2.428207464863689324e+01
9.145179590435696670e-02 2.419772171959490237e+01
9.162044535201144257e-02 2.411360097591496654e+01
9.178940581199669657e-02 2.402971937848763062e+01
9.195867785786138171e-02 2.394608378552474903e+01
9.212826206421188824e-02 2.386270095330371888e+01
9.229815900671425877e-02 2.377957753693138798e+01
9.246836926209607566e-02 2.369672009112664668e+01
9.263889340814868145e-02 2.361413507200138895e+01
9.280973202372873321e-02 2.353182910557305263e+01
9.298088568876049231e-02 2.344980934687368901e+01
9.315235498423755922e-02 2.336808293177128348e+01
9.332414049222517716e-02 2.328665688625434527e+01
9.349624279586181419e-02 2.320553812744735467e+01
9.366866247936136980e-02 2.312473346464608071e+01
9.384140012801513164e-02 2.304424960037305325e+01
9.401445632819367682e-02 2.296409313145175091e+01
9.418783166734910617e-02 2.288427055009908528e+01
9.436152673401666802e-02 2.280478824503647317e+01
9.453554211781703409e-02 2.272565250261723335e+01
9.470987840945820080e-02 2.264686950797131360e+01
9.488453620073747374e-02 2.256844534616588405e+01
9.505951608454364654e-02 2.249038600338150218e+01
9.523481865485872166e-02 2.241269736810342295e+01
9.541044450676018640e-02 2.233538523232713757e+01
9.558639423642285859e-02 2.225845529277809476e+01
9.576266844112098220e-02 2.218191315214475878e+01
9.593926771923039221e-02 2.210576431854583745e+01
9.611619267023024937e-02 2.203001419130264793e+01
9.629344389470530230e-02 2.195466807001032095e+01
9.647102199434784420e-02 2.187973116556431563e+01
9.664892757195973905e-02 2.180520860155856866e+01
9.682716123145462817e-02 2.173110541558331477e+01
9.700572357785970656e-02 2.165742656053323145e+01
9.718461521731797115e-02 2.158417690592487048e+01
9.736383675709024688e-02 2.151136123922341170e+01
9.754338880555714353e-02 2.143898426717825600e+01
9.772327197222138717e-02 2.136705061716698495e+01
9.790348686770954101e-02 2.129556483854734594e+01
9.808403410377430909e-02 2.122453140401725591e+01
9.826491429329649308e-02 2.115395471098144142e+01
9.844612805028728209e-02 2.108383908292585573e+01
9.862767598989002904e-02 2.101418877079830594e+01
9.880955872838256826e-02 2.094500795439552832e+01
9.899177688317918611e-02 2.087630074375648448e+01
9.917433107283274429e-02 2.080807109370098829e+01
9.935722191703696970e-02 2.074032218065928390e+01
9.954045003662820301e-02 2.067305677678507791e+01
9.972401605358774401e-02 2.060627760236269168e+01
9.990792059104393330e-02 2.053998732940004857e+01
1.000921642732741645e-01 2.047418858277519149e+01
1.002767477257073131e-01 2.040888394138322326e+01
1.004616715749252626e-01 2.034407593928431623e+01
1.006469364486656942e-01 2.027976706685221941e+01
1.008325429758239467e-01 2.021595977192315985e+01
1.010184917864547782e-01 2.015265646094573526e+01
1.012047835117753092e-01 2.008985950013051891e+01
1.013914187841662568e-01 2.002757121660053841e+01
1.015783982371748911e-01 1.996579389954148454e+01
1.017657225055167702e-01 1.990452980135256311e+01
1.019533922250777103e-01 1.984378113879719407e+01
1.021414080329165336e-01 1.978355009415374965e+01
1.023297705672665120e-01 1.972383880255933519e+01
1.025184804675382116e-01 1.966464855963347702e+01
1.027075383743213388e-01 1.960597940233277114e+01
1.028969449293866550e-01 1.954783125707108127e+01
1.030867007756888221e-01 1.949020404647633598e+01
1.032768065573677757e-01 1.943309768996086717e+01
1.034672629197516680e-01 1.937651210428892767e+01
1.036580705093587129e-01 1.932044720414264205e+01
1.038492299738990876e-01 1.926490290268574057e+01
1.040407419622778329e-01 1.920987911212537824e+01
1.042326071245962410e-01 1.915537574427226630e+01
1.044248261121548255e-01 1.910139271109852288e+01
1.046173995774551391e-01 1.904792992529445073e+01
1.048103281742017584e-01 1.899498730082318332e+01
1.050036125573051704e-01 1.894256475347386370e+01
1.051972533828832157e-01 1.889066220141340580e+01
1.053912513082639890e-01 1.883927956573659657e+01
1.055856069919878099e-01 1.878841673632187081e+01
1.057803210938091099e-01 1.873807237708664530e+01
1.059753942746994165e-01 1.868824363914449904e+01
1.061708271968487549e-01 1.863892761204717985e+01
1.063666205236686452e-01 1.859012142050010041e+01
1.065627749197940177e-01 1.854182222411525061e+01
1.067592910510851562e-01 1.849402721716790765e+01
1.069561695846306254e-01 1.844673362835644426e+01
1.071534111887491592e-01 1.839993872056559709e+01
1.073510165329916582e-01 1.835363979063346207e+01
1.075489862881442021e-01 1.830783416912131756e+01
1.077473211262294367e-01 1.826251922008731299e+01
1.079460217205096412e-01 1.821769234086304223e+01
1.081450887454886989e-01 1.817335096183362708e+01
1.083445228769140123e-01 1.812949254622112960e+01
1.085443247917796256e-01 1.808611458987103404e+01
1.087444951683275846e-01 1.804321462104215001e+01
1.089450346860510316e-01 1.800078968611150643e+01
1.091459440256962177e-01 1.795883473045833512e+01
1.093472238692644177e-01 1.791734420005779072e+01
1.095488749000150669e-01 1.787631260130531530e+01
1.097508978024671900e-01 1.783573450000983840e+01
1.099532932624024545e-01 1.779560452040116303e+01
1.101560619668672525e-01 1.775591734415445444e+01
1.103592046041746016e-01 1.771666770943056335e+01
1.105627218639073372e-01 1.767785040993208057e+01
1.107666144369194999e-01 1.763946029397510529e+01
1.109708830153395415e-01 1.760149226357595253e+01
1.111755282925722677e-01 1.756394127355336821e+01
1.113805509633008506e-01 1.752680233064499049e+01
1.115859517234900483e-01 1.749007049263857638e+01
1.117917312703875926e-01 1.745374086751737153e+01
1.119978903025273947e-01 1.741780861260790658e+01
1.122044295197315300e-01 1.738226837762561061e+01
1.124113496231123194e-01 1.734711282457274706e+01
1.126186513150754798e-01 1.731233421549103113e+01
1.128263352993215951e-01 1.727792488244341484e+01
1.130344022808493221e-01 1.724387722610138240e+01
1.132428529659574301e-01 1.721018371436642624e+01
1.134516880622468415e-01 1.717683688102466988e+01
1.136609082786238512e-01 1.714382932443418284e+01
1.138705143253016389e-01 1.711115370624487753e+01
1.140805069138034339e-01 1.707880275014974458e+01
1.142908867569645964e-01 1.704676924066771804e+01
1.145016545689347548e-01 1.701504602195718974e+01
1.147128110651809418e-01 1.698362599665979999e+01
1.149243569624891631e-01 1.695250212477425222e+01
1.151362929789676026e-01 1.692166742255941969e+01
1.153486198340487878e-01 1.689111490250284575e+01
1.155613382484915463e-01 1.686083639201942574e+01
1.157744489443844338e-01 1.683082260360863813e+01
1.159879526451470938e-01 1.680106427266182578e+01
1.162018500755336442e-01 1.677155220310421058e+01
1.164161419616347448e-01 1.674227726612058476e+01
1.166308290308797069e-01 1.671323039893102802e+01
1.168459120120397959e-01 1.668440260361569827e+01
1.170613916352297307e-01 1.665578494598857517e+01
1.172772686319110552e-01 1.662736855451896645e+01
1.174935437348941930e-01 1.659914461930070217e+01
1.177102176783406534e-01 1.657110439106813971e+01
1.179272911977661403e-01 1.654323918025845686e+01
1.181447650300427865e-01 1.651554035611952287e+01
1.183626399134012630e-01 1.648799934586338978e+01
1.185809165874340959e-01 1.646060761091797175e+01
1.187995957930972346e-01 1.643335594534426392e+01
1.190186782727134240e-01 1.640623435125514007e+01
1.192381647699743696e-01 1.637923284728790918e+01
1.194580560299428607e-01 1.635234151717095941e+01
1.196783527990561563e-01 1.632555050904593230e+01
1.198990558251275818e-01 1.629885003484978867e+01
1.201201658573499004e-01 1.627223036975542669e+01
1.203416836462974648e-01 1.624568185167089496e+01
1.205636099439284376e-01 1.621919488079613103e+01
1.207859455035881907e-01 1.619275991923652569e+01
1.210086910800108606e-01 1.616636749067319911e+01
1.212318474293227755e-01 1.614000818008856442e+01
1.214554153090446897e-01 1.611367263354732060e+01
1.216793954780939352e-01 1.608735155803181982e+01
1.219037886967879042e-01 1.606103567692443690e+01
1.221285957268456041e-01 1.603471540106583149e+01
1.223538173313911404e-01 1.600838101782607481e+01
1.225794542749558957e-01 1.598202287795228926e+01
1.228055073234808059e-01 1.595563139708876932e+01
1.230319772443198151e-01 1.592919705594794166e+01
1.232588648062414305e-01 1.590271040053862528e+01
1.234861707794322749e-01 1.587616204245040485e+01
1.237138959354992934e-01 1.584954265919377292e+01
1.239420410474720013e-01 1.582284299459516141e+01
1.241706068898060095e-01 1.579605385924604910e+01
1.243995942383845643e-01 1.576916613100572739e+01
1.246290038705222120e-01 1.574217075555660017e+01
1.248588365649668797e-01 1.571505874701163563e+01
1.250890931019023045e-01 1.568782119695816668e+01
1.253197742629514611e-01 1.566044949188170499e+01
1.255508808311782132e-01 1.563293533168888061e+01
1.257824135910909358e-01 1.560527049654729304e+01
1.260143733286447076e-01 1.557744683531224617e+01
1.262467608312436429e-01 1.554945626637344880e+01
1.264795768877444437e-01 1.552129077854283601e+01
1.267128222884580380e-01 1.549294243198330889e+01
1.269464978251532150e-01 1.546440335917699471e+01
1.271806042910588741e-01 1.543566576593273254e+01
1.274151424808663280e-01 1.540672193243176480e+01
1.276501131907329945e-01 1.537756421431069320e+01
1.278855172182838951e-01 1.534818504378117687e+01
1.281213553626154300e-01 1.531857693078520377e+01
1.283576284242976540e-01 1.528873250451589172e+01
1.285943372053765521e-01 1.525864524138298783e+01
1.288314825093777316e-01 1.522830937992145195e+01
1.290690651413080592e-01 1.519771925359444431e+01
1.293070859076594081e-01 1.516686926733378371e+01
1.295455456164108510e-01 1.513575389861344966e+01
1.297844450770311020e-01 1.510436769854011807e+01
1.300237851004822365e-01 1.507270529296003403e+01
1.302635664992212172e-01 1.504076138358186121e+01
1.305037900872038081e-01 1.500853074911412222e+01
1.307444566798867391e-01 1.497600824641725836e+01
1.309855670942301209e-01 1.494318881166904056e+01
1.312271221487011641e-01 1.491006746154254081e+01
1.314691226632763166e-01 1.487663929439623089e+01
1.317115694594438724e-01 1.484289984214264990e+01
1.319544633602075245e-01 1.480884628036924511e+01
1.321978051900882245e-01 1.477447628735790808e+01
1.324415957751277906e-01 1.473978760565053747e+01
1.326858359428914336e-01 1.470477804274572797e+01
1.329305265224700328e-01 1.466944547181196867e+01
1.331756683444840217e-01 1.463378783239687131e+01
1.334212622410850535e-01 1.459780313113283690e+01
1.336673090459597757e-01 1.456148944243788357e+01
1.339138095943322726e-01 1.452484490921177418e+01
1.341607647229664801e-01 1.448786774352680418e+01
1.344081752701700161e-01 1.445055622731259071e+01
1.346560420757958731e-01 1.441290871303502996e+01
1.349043659812462492e-01 1.437492380624212984e+01
1.351531478294750177e-01 1.433660195392642756e+01
1.354023884649901976e-01 1.429794465266443559e+01
1.356520887338576453e-01 1.425895345103012701e+01
1.359022494837030248e-01 1.421962993815695597e+01
1.361528715637155273e-01 1.417997574367220714e+01
1.364039558246503137e-01 1.413999253762369790e+01
1.366555031188310676e-01 1.409968203039834300e+01
1.369075143001538819e-01 1.405904597263248412e+01
1.371599902240888680e-01 1.401808615511448508e+01
1.374129317476842915e-01 1.397680440867873664e+01
1.376663397295688762e-01 1.393520260409191103e+01
1.379202150299543017e-01 1.389328265193082679e+01
1.381745585106392005e-01 1.385104676753971376e+01
1.384293710350109896e-01 1.380849925798466060e+01
1.386846534680495624e-01 1.376564540076355314e+01
1.389404066763300361e-01 1.372249047670089084e+01
1.391966315280252220e-01 1.367903976353054141e+01
1.394533288929094283e-01 1.363529853502956080e+01
1.397104996423604861e-01 1.359127206016205669e+01
1.399681446493634684e-01 1.354696560223226065e+01
1.402262647885134939e-01 1.350238441804762779e+01
1.404848609360179745e-01 1.345753375709194444e+01
1.407439339697008351e-01 1.341241886070806899e+01
1.410034847690042337e-01 1.336704496129119235e+01
1.412635142149925860e-01 1.332141728349049004e+01
1.415240231903550638e-01 1.327554188279400904e+01
1.417850125794082317e-01 1.322942692749879079e+01
1.420464832681000156e-01 1.318308086596942630e+01
1.423084361440115908e-01 1.313651208671356407e+01
1.425708720963614062e-01 1.308972891710341102e+01
1.428337920160076824e-01 1.304273962214169202e+01
1.430971967954511315e-01 1.299555240327138073e+01
1.433610873288388987e-01 1.294817539722878230e+01
1.436254645119665052e-01 1.290061667494023645e+01
1.438903292422818447e-01 1.285288424046127709e+01
1.441556824188878483e-01 1.280498602995874258e+01
1.444215249425450653e-01 1.275692991073492699e+01
1.446878577156757717e-01 1.270872395055353898e+01
1.449546816423658291e-01 1.266037807315526464e+01
1.452219976283687930e-01 1.261190293661426054e+01
1.454898065811085772e-01 1.256330908327153395e+01
1.457581094096820074e-01 1.251460693516535727e+01
1.460269070248629286e-01 1.246580679308580919e+01
1.462962003391047316e-01 1.241691883571033372e+01
1.465659902665430447e-01 1.236795311881884274e+01
1.468362777229998695e-01 1.231891957458692488e+01
1.471070636259855513e-01 1.226982801095615550e+01
1.473783488947028597e-01 1.222068811107976316e+01
1.476501344500497082e-01 1.217150943284267406e+01
1.479224212146218742e-01 1.212230157481462989e+01
1.481952101127170240e-01 1.207307549784843026e+01
1.484685020703368219e-01 1.202384279522590838e+01
1.487422980151910656e-01 1.197461490098626768e+01
1.490165988767003236e-01 1.192540308259470905e+01
1.492914055859987099e-01 1.187621844095735391e+01
1.495667190759381038e-01 1.182707191053919082e+01
1.498425402810900364e-01 1.177797425958352662e+01
1.501188701377500212e-01 1.172893609042955454e+01
1.503957095839401903e-01 1.167996783992619925e+01
1.506730595594120981e-01 1.163107977993976760e+01
1.509509210056508843e-01 1.158228201795232337e+01
1.512292948658773284e-01 1.153358470995092411e+01
1.515081820850521233e-01 1.148499887876186598e+01
1.517875836098785403e-01 1.143653567819977468e+01
1.520675003888052879e-01 1.138820607487027559e+01
1.523479333720307305e-01 1.134002084931510979e+01
1.526288835115049147e-01 1.129199059733929644e+01
1.529103517609338991e-01 1.124412573143820637e+01
1.531923390757824466e-01 1.119643648232216826e+01
1.534748464132769108e-01 1.114893290053515251e+01
1.537578747324095385e-01 1.110162485816455380e+01
1.540414249939403846e-01 1.105452205063954985e+01
1.543254981604018361e-01 1.100763400270439796e+01
1.546100951961012493e-01 1.096097024760235783e+01
1.548952170671238637e-01 1.091454039350617933e+01
1.551808647413371323e-01 1.086835389069997682e+01
1.554670391883927194e-01 1.082242001550804922e+01
1.557537413797309978e-01 1.077674787267606504e+01
1.560409722885837402e-01 1.073134639782876754e+01
1.563287328899770623e-01 1.068622436000094744e+01
1.566170241607357794e-01 1.064139036423884832e+01
1.569058470794854332e-01 1.059685285426989587e+01
1.571952026266568436e-01 1.055262011523761956e+01
1.574850917844888010e-01 1.050870027646613458e+01
1.577755155370310081e-01 1.046510115382130479e+01
1.580664748701485767e-01 1.042182988614709238e+01
1.583579707715239981e-01 1.037889336748637170e+01
1.586500042306616676e-01 1.033629836076663722e+01
1.589425762388907704e-01 1.029405150060462049e+01
1.592356877893681688e-01 1.025215929615000654e+01
1.595293398770828708e-01 1.021062813396676994e+01
1.598235334988581113e-01 1.016946428095073429e+01
1.601182696533559324e-01 1.012867388728152740e+01
1.604135493410799862e-01 1.008826298940797805e+01
1.607093735643785881e-01 1.004823751306525814e+01
1.610057433274490468e-01 1.000860296373941871e+01
1.613026596363400234e-01 9.969363422617497861e+00
1.616001234989558888e-01 9.930522544001894047e+00
1.618981359250597218e-01 9.892083914023451996e+00
1.621966979262762509e-01 9.854051052977277791e+00
1.624958105160962951e-01 9.816427417663343036e+00
1.627954747098796784e-01 9.779216403734825036e+00
1.630956915248581718e-01 9.742421348053682095e+00
1.633964619801401286e-01 9.706045531052897246e+00
1.636977870967126492e-01 9.670092179105681751e+00
1.639996678974461053e-01 9.634564466097112145e+00
1.643021054070972486e-01 9.599464833309513168e+00
1.646051006523120419e-01 9.564793763493135259e+00
1.649086546616304605e-01 9.530551396609267201e+00
1.652127684654885464e-01 9.496737871163388078e+00
1.655174430962230991e-01 9.463353325269142857e+00
1.658226795880747007e-01 9.430397897709168475e+00
1.661284789771907133e-01 9.397871728992859275e+00
1.664348423016299428e-01 9.365774962411167692e+00
1.667417706013648582e-01 9.334107745088960684e+00
1.670492649182863110e-01 9.302870229034802207e+00
1.673573262962064767e-01 9.272062511657244599e+00
1.676659557808620193e-01 9.241683085095413475e+00
1.679751544199187263e-01 9.211728727682405804e+00
1.682849232629737291e-01 9.182196183021266833e+00
1.685952633615602769e-01 9.153082247612484679e+00
1.689061757691508459e-01 9.124383770296313756e+00
1.692176615411600527e-01 9.096097651705253639e+00
1.695297217349495955e-01 9.068220843726482627e+00
1.698423574098303357e-01 9.040750348974496475e+00
1.701555696270672657e-01 9.013683220273339458e+00
1.704693594498823961e-01 8.987016560138936683e+00
1.707837279434579747e-01 8.960746860779446266e+00
1.710986761749413165e-01 8.934868231234197822e+00
1.714142052134469685e-01 8.909374299997534052e+00
1.717303161300615666e-01 8.884258783525686098e+00
1.720470099978470557e-01 8.859515484238755789e+00
1.723642878918436594e-01 8.835138288567064180e+00
1.726821508890748480e-01 8.811121165040795233e+00
1.730006000685495315e-01 8.787458162422153052e+00
1.733196365112670279e-01 8.764143407878821179e+00
1.736392613002201712e-01 8.741171105197983238e+00
1.739594755203984211e-01 8.718535297532245210e+00
1.742802802587928024e-01 8.696228242330560576e+00
1.746016766043982371e-01 8.674241406056282244e+00
1.749236656482183461e-01 8.652566348862624324e+00
1.752462484832688350e-01 8.631194727393372901e+00
1.755694262045804088e-01 8.610118292225170222e+00
1.758931999092039900e-01 8.589328885389925006e+00
1.762175706962127997e-01 8.568818437975924240e+00
1.765425396667074931e-01 8.548578967805847029e+00
1.768681079238192955e-01 8.528602577190293133e+00
1.771942765727131941e-01 8.508881226195077474e+00
1.775210467205929621e-01 8.489404811300889975e+00
1.778484194767035731e-01 8.470162137548706838e+00
1.781763959523360030e-01 8.451142104919291853e+00
1.785049772608306995e-01 8.432333718463091543e+00
1.788341645175806627e-01 8.413726085663219223e+00
1.791639588400364136e-01 8.395308413940073322e+00
1.794943613477091859e-01 8.377070008295573800e+00
1.798253731621742013e-01 8.359000269094478242e+00
1.801569954070757207e-01 8.341088689980574955e+00
1.804892292081294314e-01 8.323325107241341669e+00
1.808220756931275819e-01 8.305701037787130758e+00
1.811555359919421737e-01 8.288208693152853357e+00
1.814896112365283476e-01 8.270840352102412751e+00
1.818243025609293795e-01 8.253588358042364348e+00
1.821596111012792063e-01 8.236445117963405949e+00
1.824955379958075052e-01 8.219403101451952409e+00
1.828320843848429411e-01 8.202454839770975781e+00
1.831692514108165803e-01 8.185592925008975840e+00
1.835070402182670257e-01 8.168810006327952067e+00
1.838454519538428311e-01 8.152097477810270831e+00
1.841844877663076918e-01 8.135443434346198543e+00
1.845241488065437196e-01 8.118835534929154107e+00
1.848644362275549125e-01 8.102261538398373375e+00
1.852053511844722888e-01 8.085709302840092150e+00
1.855468948345563307e-01 8.069166785171908884e+00
1.858890683372022290e-01 8.052622040907529311e+00
1.862318728539432422e-01 8.036063224099434521e+00
1.865753095484541380e-01 8.019478587456973173e+00
1.869193795865563279e-01 8.002856509731701706e+00
1.872640841362205044e-01 7.986185838555054595e+00
1.876094243675717199e-01 7.969455785458081643e+00
1.879554014528929673e-01 7.952655663143772813e+00
1.883020165666284829e-01 7.935774880362605366e+00
1.886492708853891032e-01 7.918802942935495359e+00
1.889971655879547630e-01 7.901729454916003093e+00
1.893457018552797133e-01 7.884544119889139502e+00
1.896948808704961853e-01 7.867236742404339012e+00
1.900447038189175542e-01 7.849797237632570202e+00
1.903951718880438904e-01 7.832216509457261999e+00
1.907462862675644300e-01 7.814487226294500211e+00
1.910980481493629313e-01 7.796602325609457651e+00
1.914504587275210890e-01 7.778554829124476377e+00
1.918035191983221144e-01 7.760337844349885827e+00
1.921572307602561203e-01 7.741944566173276421e+00
1.925115946140225631e-01 7.723368278505819973e+00
1.928666119625357944e-01 7.704602355983316109e+00
1.932222840109284467e-01 7.685640265784071445e+00
1.935786119665550420e-01 7.666475990763480297e+00
1.939355970389973760e-01 7.647105027181750891e+00
1.942932404400670721e-01 7.627523249843445541e+00
1.946515433838111875e-01 7.607726610964518521e+00
1.950105070865155166e-01 7.587711141523381109e+00
1.953701327667083376e-01 7.567472952625854177e+00
1.957304216451658530e-01 7.547008236882756016e+00
1.960913749449146870e-01 7.526313269799086214e+00
1.964529938912375484e-01 7.505384411173331216e+00
1.968152797116766994e-01 7.484218670845981691e+00
1.971782336360375643e-01 7.462815353448700506e+00
1.975418568963943078e-01 7.441174362734171766e+00
1.979061507270923892e-01 7.419295652801442209e+00
1.982711163647541408e-01 7.397179228431513209e+00
1.986367550482824873e-01 7.374825145411821659e+00
1.990030680188643319e-01 7.352233510849318421e+00
1.993700565199761909e-01 7.329404483471714471e+00
1.997377217973876906e-01 7.306338274566151370e+00
2.001060650991651757e-01 7.283035933934580264e+00
2.004750876756774824e-01 7.259500860283388590e+00
2.008447907795984366e-01 7.235736885198339685e+00
2.012151756659125712e-01 7.211747846007991569e+00
2.015862435919187901e-01 7.187537584915122402e+00
2.019579958172340040e-01 7.163109948135749860e+00
2.023304336037988760e-01 7.138468785045881226e+00
2.027035582158803750e-01 7.113617947336427605e+00
2.030773709200776600e-01 7.088561311122648867e+00
2.034518729853255770e-01 7.063304018433825604e+00
2.038270656828985172e-01 7.037853088570746429e+00
2.042029502864159962e-01 7.012215649163010767e+00
2.045795280718455678e-01 6.986398776375993158e+00
2.049568003175083197e-01 6.960409493301367156e+00
2.053347683040828708e-01 6.934254768407781988e+00
2.057134333146088678e-01 6.907941514051558762e+00
2.060927966344928974e-01 6.881476585046566896e+00
2.064728595515112064e-01 6.854866947986635317e+00
2.068536233558155024e-01 6.828121115100992178e+00
2.072350893399366734e-01 6.801248391743487609e+00
2.076172587987886176e-01 6.774257987407957593e+00
2.080001330296740447e-01 6.747159004854556663e+00
2.083837133322872237e-01 6.719960438664516644e+00
2.087680010087198945e-01 6.692671173909571003e+00
2.091529973634649597e-01 6.665299984934436317e+00
2.095387037034204814e-01 6.637855538566111768e+00
2.099251213378952874e-01 6.610346960948686679e+00
2.103122515786120805e-01 6.582784390698940946e+00
2.107000957397130447e-01 6.555177957304300307e+00
2.110886551377638976e-01 6.527537644002078920e+00
2.114779310917576649e-01 6.499873287151258339e+00
2.118679249231205375e-01 6.472194575751940349e+00
2.122586379557148129e-01 6.444511051109149236e+00
2.126500715158447796e-01 6.416832106637342825e+00
2.130422269322606588e-01 6.389167092634300715e+00
2.134351055361623228e-01 6.361525798185651226e+00
2.138287086612055410e-01 6.333918057836437576e+00
2.142230376435045602e-01 6.306353543467372091e+00
2.146180938216382950e-01 6.278841764613851240e+00
2.150138785366541572e-01 6.251392069151560094e+00
2.154103931320720255e-01 6.224013644123098210e+00
2.158076389538902407e-01 6.196715516701181592e+00
2.162056173505884915e-01 6.169506559968954029e+00
2.166043296731338663e-01 6.142395545139039292e+00
2.170037772749848493e-01 6.115391122724397555e+00
2.174039615120952618e-01 6.088501787455555814e+00
2.178048837429202855e-01 6.061735879235550684e+00
2.182065453284194601e-01 6.035101584862902158e+00
2.186089476320627611e-01 6.008606939866019125e+00
2.190120920198345422e-01 5.982259830445687321e+00
2.194159798602376699e-01 5.956067980872372658e+00
2.198206125242994635e-01 5.930038707309567947e+00
2.202259913855747764e-01 5.904178960438858148e+00
2.206321178201521849e-01 5.878495551591112367e+00
2.210389932066579022e-01 5.852995162660280748e+00
2.214466189262598583e-01 5.827684348443813001e+00
2.218549963626736954e-01 5.802569539055295600e+00
2.222641269021669030e-01 5.777657042407012611e+00
2.226740119335626489e-01 5.752953012734063343e+00
2.230846528482462454e-01 5.728462912736175028e+00
2.234960510401679812e-01 5.704191622751043411e+00
2.239082079058494490e-01 5.680143915010984479e+00
2.243211248443876260e-01 5.656324470856061382e+00
2.247348032574589538e-01 5.632737883114266708e+00
2.251492445493256112e-01 5.609388658516049730e+00
2.255644501268385949e-01 5.586281220142112147e+00
2.259804213994439093e-01 5.563419815819899306e+00
2.263971597791868406e-01 5.540807646477590609e+00
2.268146666807159539e-01 5.518447283151818539e+00
2.272329435212895876e-01 5.496341241727433768e+00
2.276519917207786847e-01 5.474491992268768037e+00
2.280718127016733987e-01 5.452901960845192519e+00
2.284924078890871180e-01 5.431573531364249696e+00
2.289137787107606292e-01 5.410509047411958150e+00
2.293359265970685568e-01 5.389710506942352097e+00
2.297588529810224989e-01 5.369178419468913610e+00
2.301825592982773283e-01 5.348912854990151899e+00
2.306070469871354944e-01 5.328913882616350683e+00
2.310323174885511865e-01 5.309181571402707966e+00
2.314583722461368009e-01 5.289715991108244530e+00
2.318852127061660218e-01 5.270517212952581687e+00
2.323128403175803991e-01 5.251585298918937994e+00
2.327412565319935123e-01 5.232919388971959407e+00
2.331704628036951610e-01 5.214517052945420339e+00
2.336004605896580544e-01 5.196375743634393807e+00
2.340312513495407809e-01 5.178492954705771645e+00
2.344628365456944141e-01 5.160866220109044278e+00
2.348952176431668981e-01 5.143493113497912717e+00
2.353283961097071275e-01 5.126371247662452113e+00
2.357623734157716644e-01 5.109498071971855460e+00
2.361971510345279024e-01 5.092869339665107908e+00
2.366327304418606448e-01 5.076479981537421082e+00
2.370691131163764065e-01 5.060324993492374190e+00
2.375063005394077442e-01 5.044399441922533533e+00
2.379442941950199453e-01 5.028698461949304921e+00
2.383830955700141918e-01 5.013217255709880860e+00
2.388227061539341944e-01 4.997951076986423047e+00
2.392631274390706053e-01 4.982894300183962955e+00
2.397043609204653758e-01 4.968039839947417491e+00
2.401464080959183900e-01 4.953380559918389103e+00
2.405892704659908232e-01 4.938909412664538756e+00
2.410329495340117201e-01 4.924619437278120238e+00
2.414774468060825185e-01 4.910503757073325204e+00
2.419227637910813800e-01 4.896555577380246049e+00
2.423689020006699890e-01 4.882767874340685488e+00
2.428158629492967735e-01 4.869132383515518470e+00
2.432636481542037599e-01 4.855640581099850195e+00
2.437122591354309586e-01 4.842284038838913673e+00
2.441616974158207776e-01 4.829054421776123540e+00
2.446119645210249882e-01 4.815943486141256891e+00
2.450630619795078347e-01 4.802943077380303016e+00
2.455149913225530001e-01 4.790045060574929181e+00
2.459677540842681309e-01 4.777240772846901962e+00
2.464213518015891669e-01 4.764521315739487228e+00
2.468757860142870852e-01 4.751877881054157982e+00
2.473310582649724532e-01 4.739301752504325727e+00
2.477871700990998960e-01 4.726784304441571827e+00
2.482441230649750363e-01 4.714317000739892904e+00
2.487019187137577136e-01 4.701891394589043038e+00
2.491605585994692007e-01 4.689499138516047161e+00
2.496200442789965057e-01 4.677131981091151580e+00
2.500803773120969797e-01 4.664781757487150848e+00
2.505415592614054221e-01 4.652440388866838639e+00
2.510035916924374111e-01 4.640099882157624478e+00
2.514664761735960763e-01 4.627752329964430089e+00
2.519302142761771779e-01 4.615389933644694409e+00
2.523948075743731589e-01 4.603005419512306240e+00
2.528602576452806394e-01 4.590591988993439010e+00
2.533265660689035248e-01 4.578142934864288804e+00
2.537937344281603336e-01 4.565651627588572126e+00
2.542617643088885826e-01 4.553111515889866290e+00
2.547306572998495611e-01 4.540516127418232628e+00
2.552004149927354915e-01 4.527859118737528554e+00
2.556710389821728047e-01 4.515135023940047176e+00
2.561425308657295230e-01 4.502339095015464920e+00
2.566148922439197011e-01 4.489466667945793965e+00
2.570881247202081998e-01 4.476513144666022903e+00
2.575622299010179583e-01 4.463473993923932071e+00
2.580372093957333246e-01 4.450344752184380859e+00
2.585130648167072720e-01 4.437121126825225303e+00
2.589897977792662842e-01 4.423799922695771158e+00
2.594674099017149071e-01 4.410378596390235550e+00
2.599459028053430765e-01 4.396854662211984177e+00
2.604252781144295592e-01 4.383225685484071654e+00
2.609055374562493368e-01 4.369489283228707777e+00
2.613866824610782680e-01 4.355643124855970605e+00
2.618687147621978628e-01 4.341685184675337261e+00
2.623516359959027211e-01 4.327614767727927081e+00
2.628354478015038631e-01 4.313431619215720048e+00
2.633201518213363346e-01 4.299135513818541199e+00
2.638057497007637586e-01 4.284726255717226095e+00
2.642922430881832763e-01 4.270203678782411139e+00
2.647796336350329849e-01 4.255567650000574353e+00
2.652679229957952689e-01 4.240818630232822350e+00
2.657571128280045714e-01 4.225958301578848442e+00
2.662472047922519458e-01 4.210988504965442303e+00
2.667382005521899968e-01 4.195911084114411160e+00
2.672301017745404850e-01 4.180727885202505156e+00
2.677229101290977131e-01 4.165440756523628885e+00
2.682166272887360203e-01 4.150051616972604052e+00
2.687112549294148889e-01 4.134563434790584857e+00
2.692067947301836073e-01 4.118979978792881802e+00
2.697032483731889863e-01 4.103305010654432650e+00
2.702006175436788005e-01 4.087542262217214173e+00
2.706989039300095601e-01 4.071695434768364485e+00
2.711981092236512292e-01 4.055768198395589330e+00
2.716982351191923328e-01 4.039764578018338881e+00
2.721992833143474511e-01 4.023689876048492486e+00
2.727012555099609936e-01 4.007549614146403094e+00
2.732041534100146385e-01 3.991349248100040548e+00
2.737079787216326054e-01 3.975094167005274404e+00
2.742127331550862634e-01 3.958789692516141656e+00
2.747184184238020133e-01 3.942441136135468316e+00
2.752250362443657838e-01 3.926054642845502318e+00
2.757325883365285280e-01 3.909636985237974205e+00
2.762410764232136051e-01 3.893194857489536087e+00
2.767505022305206119e-01 3.876734855051167994e+00
2.772608674877331536e-01 3.860263474266147909e+00
2.777721739273238399e-01 3.843787113669015820e+00
2.782844232849594479e-01 3.827312399552828204e+00
2.787976172995085267e-01 3.810846577924855261e+00
2.793117577130452833e-01 3.794396874386415153e+00
2.798268462708574100e-01 3.777970395314099950e+00
2.803428847214511910e-01 3.761574128199154377e+00
2.808598748165563874e-01 3.745214942117640167e+00
2.813778183111344533e-01 3.728899650036478164e+00
2.818967169633820880e-01 3.712635291888692013e+00
2.824165725347390632e-01 3.696428904161094486e+00
2.829373867898937189e-01 3.680287399045615082e+00
2.834591614967876261e-01 3.664217565490563544e+00
2.839818984266239132e-01 3.648226070504386076e+00
2.845055993538709860e-01 3.632319436119344047e+00
2.850302660562702983e-01 3.616503761195231537e+00
2.855559003148418484e-01 3.600784826656123538e+00
2.860825039138891746e-01 3.585168303155878089e+00
2.866100786410074042e-01 3.569659756791628169e+00
2.871386262870871398e-01 3.554264650900544886e+00
2.876681486463224524e-01 3.538988324627348803e+00
2.881986475162162109e-01 3.523835421785504796e+00
2.887301246975851887e-01 3.508809868572407176e+00
2.892625819945682797e-01 3.493915487072030590e+00
2.897960212146302728e-01 3.479156027860022871e+00
2.903304441685701787e-01 3.464535171721985218e+00
2.908658526705261149e-01 3.450056515407039726e+00
2.914022485379810790e-01 3.435722873538483491e+00
2.919396335917708307e-01 3.421536022072939165e+00
2.924780096560877785e-01 3.407497630351732365e+00
2.930173785584892499e-01 3.393609335403634741e+00
2.935577421299029877e-01 3.379872743038948801e+00
2.940991022046322012e-01 3.366289415006450625e+00
2.946414606203640041e-01 3.352860108830717500e+00
2.951848192181732999e-01 3.339584401440308881e+00
2.957291798425310536e-01 3.326461777206713766e+00
2.962745443413096202e-01 3.313491725856715586e+00
2.968209145657883519e-01 3.300673742633365659e+00
2.973682923706615910e-01 3.288007312811875416e+00
2.979166796140430007e-01 3.275491230820012145e+00
2.984660781574735577e-01 3.263123349614400759e+00
2.990164898659273263e-01 3.250901483313270557e+00
2.995679166078166755e-01 3.238823477414363605e+00
3.001203602550007732e-01 3.226887208184622047e+00
3.006738226827895266e-01 3.215090554975159609e+00
3.012283057699521316e-01 3.203430728498642743e+00
3.017838113987224569e-01 3.191904236768290382e+00
3.023403414548045398e-01 3.180507600998512707e+00
3.028978978273808020e-01 3.169237390962715839e+00
3.034564824091176560e-01 3.158090223878983860e+00
3.040160970961708342e-01 3.147062715032819202e+00
3.045767437881941042e-01 3.136150902183310496e+00
3.051384243883432656e-01 3.125350443237344233e+00
3.057011408032846433e-01 3.114657045568978155e+00
3.062648949432008050e-01 3.104066473638201984e+00
3.068296887217958346e-01 3.093574547738831004e+00
3.073955240563044367e-01 3.083177061433761246e+00
3.079624028674955993e-01 3.072869368936383516e+00
3.085303270796812547e-01 3.062646699169851328e+00
3.090992986207222737e-01 3.052504342036532758e+00
3.096693194220337397e-01 3.042437647592696859e+00
3.102403914185936640e-01 3.032442024638041467e+00
3.108125165489473152e-01 3.022512789626558227e+00
3.113856967552157129e-01 3.012644928523437127e+00
3.119599339831015672e-01 3.002833428234978896e+00
3.125352301818946632e-01 2.993073338760261937e+00
3.131115873044807985e-01 2.983359772344687855e+00
3.136890073073459462e-01 2.973687896154480814e+00
3.142674921505850261e-01 2.964052781020796168e+00
3.148470437979076775e-01 2.954449399495783890e+00
3.154276642166438105e-01 2.944872780698458481e+00
3.160093553777528208e-01 2.935318017195405638e+00
3.165921192558273645e-01 2.925780264599596503e+00
3.171759578291025727e-01 2.916254753882878692e+00
3.177608730794616587e-01 2.906736847841225213e+00
3.183468669924418015e-01 2.897221994288317504e+00
3.189339415572430281e-01 2.887705701901963184e+00
3.195220987667323209e-01 2.878183540183332667e+00
3.201113406174529996e-01 2.868651144196789904e+00
3.207016691096299943e-01 2.859104454134229645e+00
3.212930862471761184e-01 2.849539825824864536e+00
3.218855940377009506e-01 2.839953696863844801e+00
3.224791944925149978e-01 2.830342557957877148e+00
3.230738896266390214e-01 2.820702953214133224e+00
3.236696814588095883e-01 2.811031592160717629e+00
3.242665720114852324e-01 2.801325898933439973e+00
3.248645633108553366e-01 2.791583584369311311e+00
3.254636573868446847e-01 2.781802400360318117e+00
3.260638562731224543e-01 2.771980139791210274e+00
3.266651620071081563e-01 2.762114659244253811e+00
3.272675766299776301e-01 2.752204549754468488e+00
3.278711021866722031e-01 2.742249242356707306e+00
3.284757407259030204e-01 2.732248234012430999e+00
3.290814943001604265e-01 2.722201041292407364e+00
3.296883649657196269e-01 2.712107200559527698e+00
3.302963547826470725e-01 2.701966585911743657e+00
3.309054658148095074e-01 2.691780132355590105e+00
3.315157001298784101e-01 2.681548988923810217e+00
3.321270597993392637e-01 2.671274300530085188e+00
3.327395468984977733e-01 2.660957207809508951e+00
3.333531635064856391e-01 2.650598944043719651e+00
3.339679117062702707e-01 2.640201602737562769e+00
3.345837935846587841e-01 2.629767712367888421e+00
3.352008112323078826e-01 2.619299777983938871e+00
3.358189667437296300e-01 2.608800276746718882e+00
3.364382622172975568e-01 2.598271675498316391e+00
3.370586997552560415e-01 2.587716885088378049e+00
3.376802814637261396e-01 2.577139288466284484e+00
3.383030094527120224e-01 2.566542248422401862e+00
3.389268858361101922e-01 2.555929081651850066e+00
3.395519127317142005e-01 2.545303060089150637e+00
3.401780922612240854e-01 2.534667599204655453e+00
3.408054265502525881e-01 2.524026432389293806e+00
3.414339177283313709e-01 2.513383278906433649e+00
3.420635679289205644e-01 2.502741800993487864e+00
3.426943792894132645e-01 2.492105603854656515e+00
3.433263539511454132e-01 2.481478274650118721e+00
3.439594940594017380e-01 2.470863465545326321e+00
3.445938017634220807e-01 2.460264793180212628e+00
3.452292792164112778e-01 2.449685814395150096e+00
3.458659285755435464e-01 2.439130026475995638e+00
3.465037520019721429e-01 2.428600864271815318e+00
3.471427516608359687e-01 2.418101689380916408e+00
3.477829297212655657e-01 2.407635801111487339e+00
3.484242883563931081e-01 2.397206441059434923e+00
3.490668297433568434e-01 2.386816793588198760e+00
3.497105560633110843e-01 2.376469972168950395e+00
3.503554695014323705e-01 2.366168953966891308e+00
3.510015722469261856e-01 2.355916633945477123e+00
3.516488664930363384e-01 2.345715854241883669e+00
3.522973544370499588e-01 2.335569404850633024e+00
3.529470382803074346e-01 2.325479992221432646e+00
3.535979202282086287e-01 2.315450074863472540e+00
3.542500024902194289e-01 2.305481989994750069e+00
3.549032872798815741e-01 2.295578030644176426e+00
3.555577768148176498e-01 2.285740446519695102e+00
3.562134733167407474e-01 2.275971390627864466e+00
3.568703790114611807e-01 2.266272660668029904e+00
3.575284961288928698e-01 2.256645906315380312e+00
3.581878269030634443e-01 2.247092744883504967e+00
3.588483735721188506e-01 2.237614762132746460e+00
3.595101383783336768e-01 2.228213412051988307e+00
3.601731235681175369e-01 2.218889638385791674e+00
3.608373313920215653e-01 2.209644221404810871e+00
3.615027641047487972e-01 2.200477924356871728e+00
3.621694239651587210e-01 2.191391493901709620e+00
3.628373132362774922e-01 2.182385440405052446e+00
3.635064341853047054e-01 2.173459503729078257e+00
3.641767890836197785e-01 2.164613261138454536e+00
3.648483802067924997e-01 2.155846293208774078e+00
3.655212098345874128e-01 2.147158182315960673e+00
3.661952802509745308e-01 2.138548197714139398e+00
3.668705937441357201e-01 2.130014916009403958e+00
3.675471526064715277e-01 2.121556839110712023e+00
3.682249591346114515e-01 2.113172489506918605e+00
3.689040156294187134e-01 2.104860396191198024e+00
3.695843243960009183e-01 2.096618566855266153e+00
3.702658877437164930e-01 2.088444330529968251e+00
3.709487079861814585e-01 2.080335007142951831e+00
3.716327874412801435e-01 2.072287955223466316e+00
3.723181284311696260e-01 2.064300550869167417e+00
3.730047332822907236e-01 2.056369942260501293e+00
3.736926043253743224e-01 2.048493132559335628e+00
3.743817438954484267e-01 2.040667164194919003e+00
3.750721543318484286e-01 2.032889122091046552e+00
3.757638379782234916e-01 2.025156064022470837e+00
3.764567971825438786e-01 2.017464733012108713e+00
3.771510342971112761e-01 2.009811804081546249e+00
3.778465516785636802e-01 2.002194000468281221e+00
3.785433516878864424e-01 1.994608093798549753e+00
3.792414366904187095e-01 1.987051000980586180e+00
3.799408090558604734e-01 1.979519883040697703e+00
3.806414711582834509e-01 1.972011966888395085e+00
3.813434253761357473e-01 1.964524520531227836e+00
3.820466740922529580e-01 1.957054867577725288e+00
3.827512196938648303e-01 1.949600598976072519e+00
3.834570645726024241e-01 1.942159519720402239e+00
3.841642111245088254e-01 1.934729473280615064e+00
3.848726617500440872e-01 1.927308336648043241e+00
3.855824188540963315e-01 1.919894106708737391e+00
3.862934848459885773e-01 1.912485165409007148e+00
3.870058621394856790e-01 1.905080011221442993e+00
3.877195531528055961e-01 1.897677167610468452e+00
3.884345603086239995e-01 1.890275190191117005e+00
3.891508860340856524e-01 1.882872894626970384e+00
3.898685327608112372e-01 1.875469399232519541e+00
3.905875029249044061e-01 1.868063855599954248e+00
3.913077989669630496e-01 1.860655431714634656e+00
3.920294233320841260e-01 1.853243345589233870e+00
3.927523784698750409e-01 1.845827009271145736e+00
3.934766668344604201e-01 1.838405906575187654e+00
3.942022908844895479e-01 1.830979533406643656e+00
3.949292530831473580e-01 1.823547404646721271e+00
3.956575558981595964e-01 1.816109287678316697e+00
3.963872018018040344e-01 1.808665254172936665e+00
3.971181932709177964e-01 1.801215397214723124e+00
3.978505327869041874e-01 1.793759812691404498e+00
3.985842228357443506e-01 1.786298654097421723e+00
3.993192659080022078e-01 1.778832316648497169e+00
4.000556644988358390e-01 1.771361258956026585e+00
4.007934211080048104e-01 1.763885936311929692e+00
4.015325382398772791e-01 1.756406817808706888e+00
4.022730184034414291e-01 1.748924676260918742e+00
4.030148641123107445e-01 1.741440540742912990e+00
4.037580778847353336e-01 1.733955435532845479e+00
4.045026622436094788e-01 1.726470371806682502e+00
4.052486197164785198e-01 1.718986523054921056e+00
4.059959528355507330e-01 1.711505463611081579e+00
4.067446641377024941e-01 1.704028804298658661e+00
4.074947561644897132e-01 1.696558130776931517e+00
4.082462314621552735e-01 1.689095052384294027e+00
4.089990925816363587e-01 1.681641475417026799e+00
4.097533420785762770e-01 1.674199405658726159e+00
4.105089825133295123e-01 1.666770815455515198e+00
4.112660164509733263e-01 1.659357647333205454e+00
4.120244464613154745e-01 1.651961889356297508e+00
4.127842751189015336e-01 1.644585568608199599e+00
4.135455050030265034e-01 1.637230679065452499e+00
4.143081386977403024e-01 1.629899178464806253e+00
4.150721787918594252e-01 1.622592929927855643e+00
4.158376278789745473e-01 1.615313648112885581e+00
4.166044885574579082e-01 1.608063002842547773e+00
4.173727634304748579e-01 1.600842632720127723e+00
4.181424551059912398e-01 1.593654087244272599e+00
4.189135661967812729e-01 1.586498660564794827e+00
4.196860993204388768e-01 1.579377566938662047e+00
4.204600570993837216e-01 1.572291996775364353e+00
4.212354421608727195e-01 1.565243061285160442e+00
4.220122571370079068e-01 1.558231440230417597e+00
4.227905046647438270e-01 1.551257616259256844e+00
4.235701873858997435e-01 1.544322060009949205e+00
4.243513079471650795e-01 1.537425216749574330e+00
4.251338690001114085e-01 1.530567325980730864e+00
4.259178732012000590e-01 1.523748479890799201e+00
4.267033232117900532e-01 1.516968763249493035e+00
4.274902216981499858e-01 1.510228248133701490e+00
4.282785713314637421e-01 1.503526788143380921e+00
4.290683747878424326e-01 1.496864011711791509e+00
4.298596347483323310e-01 1.490239540490515768e+00
4.306523538989226463e-01 1.483653000899487928e+00
4.314465349305576236e-01 1.477104057343594734e+00
4.322421805391422622e-01 1.470592425530011349e+00
4.330392934255543613e-01 1.464117827257833238e+00
4.338378762956526247e-01 1.457679985728537853e+00
4.346379318602844322e-01 1.451278541345609741e+00
4.354394628352979968e-01 1.444912988746273497e+00
4.362424719415482488e-01 1.438582813802318894e+00
4.370469619049089371e-01 1.432287508676792109e+00
4.378529354562807896e-01 1.426026526564247554e+00
4.386603953315993953e-01 1.419799235901067380e+00
4.394693442718474174e-01 1.413605002784193099e+00
4.402797850230605881e-01 1.407443201718526993e+00
4.410917203363400318e-01 1.401313135553100109e+00
4.419051529678602042e-01 1.395213944649992488e+00
4.427200856788770511e-01 1.389144759964893394e+00
4.435365212357403886e-01 1.383104724735970459e+00
4.443544624098997864e-01 1.377092850710629923e+00
4.451739119779171139e-01 1.371107861920836335e+00
4.459948727214744779e-01 1.365148464676994466e+00
4.468173474273826051e-01 1.359213385758957671e+00
4.476413388875931654e-01 1.353301321763590526e+00
4.484668498992047669e-01 1.347410894374316825e+00
4.492938832644756131e-01 1.341540737424013585e+00
4.501224417908316622e-01 1.335689506504251334e+00
4.509525282908748434e-01 1.329855809170138903e+00
4.517841455823955465e-01 1.324038164810345197e+00
4.526172964883789507e-01 1.318235108443143178e+00
4.534519838370172917e-01 1.312445204066776672e+00
4.542882104617187444e-01 1.306667160468082622e+00
4.551259792011149163e-01 1.300899856747931072e+00
4.559652928990742815e-01 1.295142201472707866e+00
4.568061544047079536e-01 1.289393135263449786e+00
4.576485665723825091e-01 1.283651846234838301e+00
4.584925322617283694e-01 1.277917742049955230e+00
4.593380543376481273e-01 1.272190249562054509e+00
4.601851356703295370e-01 1.266468831662354022e+00
4.610337791352513981e-01 1.260753220402045072e+00
4.618839876131967670e-01 1.255043309844204424e+00
4.627357639902612840e-01 1.249338999958479857e+00
4.635891111578614443e-01 1.243640239145403559e+00
4.644440320127473099e-01 1.237947245021805198e+00
4.653005294570110584e-01 1.232260331291240352e+00
4.661586063980951988e-01 1.226579807952214773e+00
4.670182657488058386e-01 1.220905999614258164e+00
4.678795104273189009e-01 1.215239286223911641e+00
4.687423433571930587e-01 1.209580054385614778e+00
4.696067674673786718e-01 1.203928686473572984e+00
4.704727856922258367e-01 1.198285658519306240e+00
4.713404009714980414e-01 1.192651606117154595e+00
4.722096162503780503e-01 1.187027170385604347e+00
4.730804344794814487e-01 1.181412957514223372e+00
4.739528586148651912e-01 1.175809134534129496e+00
4.748268916180360955e-01 1.170215498484794781e+00
4.757025364559643310e-01 1.164631839356438547e+00
4.765797961010896922e-01 1.159058072581335308e+00
4.774586735313349206e-01 1.153494899386962480e+00
4.783391717301144763e-01 1.147943321896210289e+00
4.792212936863431971e-01 1.142404324792040793e+00
4.801050423944498990e-01 1.136878874549309693e+00
4.809904208543833715e-01 1.131367919537647149e+00
4.818774320716264215e-01 1.125872390132319323e+00
4.827660790572042004e-01 1.120393198832896786e+00
4.836563648276932526e-01 1.114931240389445355e+00
4.845482924052348928e-01 1.109487391935938705e+00
4.854418648175418682e-01 1.104062513130741108e+00
4.863370850979118476e-01 1.098657446303817009e+00
4.872339562852363581e-01 1.093273016610482928e+00
4.881324814240094456e-01 1.087910032191457432e+00
4.890326635643417186e-01 1.082569284338924964e+00
4.899345057619665655e-01 1.077251547668458098e+00
4.908380110782540329e-01 1.071957580296483581e+00
4.917431825802198175e-01 1.066688124023141615e+00
4.926500233405340379e-01 1.061443904520281922e+00
4.935585364375352779e-01 1.056225631524352560e+00
4.944687249552369157e-01 1.051033999034043820e+00
4.953805919833413340e-01 1.045869501558651660e+00
4.962941406172485248e-01 1.040731738827460839e+00
4.972093739580654148e-01 1.035620051720748336e+00
4.981262951126199101e-01 1.030533791984458158e+00
4.990449071934670577e-01 1.025472322152804816e+00
4.999652133189037007e-01 1.020435015420444014e+00
5.008872166129769710e-01 1.015421255518422994e+00
5.018109202054936713e-01 1.010430436593787729e+00
5.027363272320347631e-01 1.005461963092710853e+00
5.036634408339610847e-01 1.000515249647140781e+00
5.045922641584285051e-01 9.955897209647718293e-01
5.055228003583964735e-01 9.906848117223248096e-01
5.064550525926374558e-01 9.857999664620301639e-01
5.073890240257512563e-01 9.809346394911782063e-01
5.083247178281712353e-01 9.760882947847453472e-01
5.092621371761794080e-01 9.712604058909020122e-01
5.102012852519151043e-01 9.664504558394093614e-01
5.111421652433842944e-01 9.616579370527846837e-01
5.120847803444739110e-01 9.568823512601323245e-01
5.130291337549605091e-01 9.521232094136091728e-01
5.139752286805201464e-01 9.473800316074257877e-01
5.149230683327425950e-01 9.426523479053127152e-01
5.158726559291380021e-01 9.379397378488204540e-01
5.168239946931518780e-01 9.332418448029476954e-01
5.177770878541739785e-01 9.285583230975537061e-01
5.187319386475479632e-01 9.238888338249999777e-01
5.196885503145860508e-01 9.192330447867693710e-01
5.206469261025756801e-01 9.145906304413488064e-01
5.216070692647944984e-01 9.099612718532535949e-01
5.225689830605194652e-01 9.053446566432260534e-01
5.235326707550366221e-01 9.007404789395305755e-01
5.244981356196555256e-01 8.961484393302887597e-01
5.254653809317166857e-01 8.915682448168700258e-01
5.264344099746056660e-01 8.869996087682320285e-01
5.274052260377634083e-01 8.824422508762268524e-01
5.283778324166953366e-01 8.778958971118152599e-01
5.293522324129861234e-01 8.733602796821243741e-01
5.303284293343072386e-01 8.688351369883718922e-01
5.313064264944311610e-01 8.643202135845478029e-01
5.322862272132417027e-01 8.598152601368799219e-01
5.332678348167434468e-01 8.553200333840210723e-01
5.342512526370762904e-01 8.508342960978967362e-01
5.352364840125233281e-01 8.463578170452434879e-01
5.362235322875253951e-01 8.418903709497220778e-01
5.372124008126909489e-01 8.374318485304953485e-01
5.382030929448055057e-01 8.329825837493752827e-01
5.391956120468475167e-01 8.285430144831753552e-01
5.401899614879948075e-01 8.241135704280124763e-01
5.411861446436402323e-01 8.196946731382971363e-01
5.421841648954012216e-01 8.152867360679217912e-01
5.431840256311295523e-01 8.108901646135542318e-01
5.441857302449272238e-01 8.065053561599467846e-01
5.451892821371528974e-01 8.021327001272618995e-01
5.461946847144377726e-01 7.977725780202756800e-01
5.472019413896953566e-01 7.934253634794576904e-01
5.482110555821311237e-01 7.890914223338445499e-01
5.492220307172586136e-01 7.847711126556101702e-01
5.502348702269058700e-01 7.804647848163533963e-01
5.512495775492317618e-01 7.761727815449427359e-01
5.522661561287351972e-01 7.718954379869489291e-01
5.532846094162658934e-01 7.676330817655550032e-01
5.543049408690392532e-01 7.633860330438835273e-01
5.553271539506442478e-01 7.591546045887275218e-01
5.563512521310589598e-01 7.549391018355684491e-01
5.573772388866603533e-01 7.507398229548790658e-01
5.584051177002347099e-01 7.465570589196324214e-01
5.594348920609932829e-01 7.423910935739400641e-01
5.604665654645795136e-01 7.382421838744651632e-01
5.615001414130853519e-01 7.341102841521343070e-01
5.625356234150606927e-01 7.299951217164718509e-01
5.635730149855240345e-01 7.258964232952488382e-01
5.646123196459784666e-01 7.218139209542701051e-01
5.656535409244188850e-01 7.177473520435033727e-01
5.666966823553479804e-01 7.136964591441463668e-01
5.677417474797863406e-01 7.096609900166573892e-01
5.687887398452834420e-01 7.056406975496918310e-01
5.698376630059320824e-01 7.016353397099076572e-01
5.708885205223795944e-01 6.976446794926410844e-01
5.719413159618379483e-01 6.936684848734079312e-01
5.729960528980996282e-01 6.897065287601849004e-01
5.740527349115455147e-01 6.857585889464945517e-01
5.751113655891608722e-01 6.818244480652012607e-01
5.761719485245460071e-01 6.779038935430532486e-01
5.772344873179261482e-01 6.739967175559135049e-01
5.782989855761686560e-01 6.701027169846418552e-01
5.793654469127897944e-01 6.662216933716517131e-01
5.804338749479714954e-01 6.623534528780552488e-01
5.815042733085717952e-01 6.584978062414257316e-01
5.825766456281353811e-01 6.546545687341296382e-01
5.836509955469100230e-01 6.508235601221921129e-01
5.847273267118541229e-01 6.470046046247135418e-01
5.858056427766535901e-01 6.431975308737625241e-01
5.868859474017321665e-01 6.394021894952408580e-01
5.879682442542618626e-01 6.356185304130059777e-01
5.890525370081801659e-01 6.318465372841535199e-01
5.901388293441971467e-01 6.280861946260799522e-01
5.912271249498126657e-01 6.243374877782122967e-01
5.923174275193267002e-01 6.206004028899293479e-01
5.934097407538500013e-01 6.168749269085044284e-01
5.945040683613214139e-01 6.131610475670377092e-01
5.956004140565150928e-01 6.094587533724492578e-01
5.966987815610577117e-01 6.057680335934519933e-01
5.977991746034390097e-01 6.020888782485666058e-01
5.989015969190226718e-01 5.984212780941544629e-01
6.000060522500636484e-01 5.947652246124468522e-01
6.011125443457152606e-01 5.911207099996247383e-01
6.022210769620468529e-01 5.874877271538837542e-01
6.033316538620544511e-01 5.838662696635372740e-01
6.044442788156717539e-01 5.802563317951403565e-01
6.055589555997868967e-01 5.766579084816078060e-01
6.066756879982510009e-01 5.730709953103803045e-01
6.077944798018948269e-01 5.694955885115802197e-01
6.089153348085399875e-01 5.659316849462046051e-01
6.100382568230098279e-01 5.623792820943350756e-01
6.111632496571467454e-01 5.588383780433486825e-01
6.122903171298204050e-01 5.553089714761716422e-01
6.134194630669447257e-01 5.517910616595278483e-01
6.145506913014892048e-01 5.482846484322214664e-01
6.156840056734897981e-01 5.447897327374791043e-01
6.168194100300666838e-01 5.413063283660900504e-01
6.179569082254320334e-01 5.378344614840937510e-01
6.190965041209077757e-01 5.343741586633459217e-01
6.202382015849363661e-01 5.309254463412839131e-01
6.213820044930925546e-01 5.274883508148112687e-01
6.225279167281004833e-01 5.240628982341980491e-01
6.236759421798421243e-01 5.206491145970497669e-01
6.248260847453748212e-01 5.172470257422799866e-01
6.259783483289427242e-01 5.138566573441387675e-01
6.271327368419878923e-01 5.104780349062830735e-01
6.282892542031681682e-01 5.071111837558623936e-01
6.294479043383652828e-01 5.037561290376726397e-01
6.306086911807030626e-01 5.004128957083219253e-01
6.317716186705580883e-01 4.970815085304564063e-01
6.329366907555721289e-01 4.937619920670237028e-01
6.341039113906684621e-01 4.904543706755658539e-01
6.352732845380638649e-01 4.871586685025668384e-01
6.364448141672800485e-01 4.838749094778460047e-01
6.376185042551617554e-01 4.806031173089734265e-01
6.387943587858848637e-01 4.773433154757616426e-01
6.399723817509747059e-01 4.740955272247688312e-01
6.411525771493171710e-01 4.708597755638723181e-01
6.423349489871711393e-01 4.676360832568809967e-01
6.435195012781858015e-01 4.644244728181826654e-01
6.447062380434096518e-01 4.612249665074608096e-01
6.458951633113084734e-01 4.580375863244365298e-01
6.470862811177771068e-01 4.548623540036727531e-01
6.482795955061509963e-01 4.516992910094317359e-01
6.494751105272248415e-01 4.485484045849218449e-01
6.506728302392609242e-01 4.454096116018355089e-01
6.518727587080073160e-01 4.422827954925421801e-01
6.530749000067100907e-01 4.391678432174706548e-01
6.542792582161248705e-01 4.360646453219437224e-01
6.554858374245352559e-01 4.329730958937428320e-01
6.566946417277618187e-01 4.298930925209972220e-01
6.579056752291800869e-01 4.268245362503366169e-01
6.591189420397328691e-01 4.237673315453261425e-01
6.603344462779422441e-01 4.207213862451569253e-01
6.615521920699278802e-01 4.176866115235576271e-01
6.627721835494160274e-01 4.146629218479530032e-01
6.639944248577579478e-01 4.116502349388068693e-01
6.652189201439422384e-01 4.086484717291757329e-01
6.664456735646068219e-01 4.056575563244443905e-01
6.676746892840574876e-01 4.026774159622108495e-01
6.689059714742769946e-01 3.997079809723502186e-01
6.701395243149440573e-01 3.967491847371966140e-01
6.713753519934447800e-01 3.938009636518727818e-01
6.726134587048858693e-01 3.908632570847337395e-01
6.738538486521127302e-01 3.879360073379041207e-01
6.750965260457189032e-01 3.850191596079338141e-01
6.763414951040644940e-01 3.821126619465152197e-01
6.775887600532893851e-01 3.792164652212885456e-01
6.788383251273244490e-01 3.763305230767159948e-01
6.800901945679115324e-01 3.734547918949926992e-01
6.813443726246121157e-01 3.705892307570265998e-01
6.826008635548262982e-01 3.677338014034357561e-01
6.838596716238056761e-01 3.648884681955850695e-01
6.851208011046651114e-01 3.620531980766507618e-01
6.863842562784027157e-01 3.592279605326748060e-01
6.876500414339085099e-01 3.564127275546418172e-01
6.889181608679838531e-01 3.536075071297513084e-01
6.901886188853539883e-01 3.508124295974400786e-01
6.914614197986805877e-01 3.480276500699379660e-01
6.927365679285811817e-01 3.452533202898385722e-01
6.940140676036383738e-01 3.424895886445720739e-01
6.952939231604193804e-01 3.397366001815075309e-01
6.965761389434884654e-01 3.369944966236980699e-01
6.978607193054200408e-01 3.342634163862405750e-01
6.991476686068177626e-01 3.315434945932271282e-01
7.004369912163241896e-01 3.288348630953014107e-01
7.017286915106403233e-01 3.261376504877666060e-01
7.030227738745383759e-01 3.234519821292655140e-01
7.043192427008745371e-01 3.207779801610044501e-01
7.056181023906081817e-01 3.181157635264900696e-01
7.069193573528147478e-01 3.154654479917952670e-01
7.082230120046981714e-01 3.128271461663245101e-01
7.095290707716114254e-01 3.102009675240472997e-01
7.108375380870655125e-01 3.075870184252270656e-01
7.121484183927494493e-01 3.049854021385829395e-01
7.134617161385435891e-01 3.023962188639082171e-01
7.147774357825319447e-01 2.998195657551183668e-01
7.160955817910230614e-01 2.972555369436968853e-01
7.174161586385588985e-01 2.947042235625649265e-01
7.187391708079352570e-01 2.921657137703143059e-01
7.200646227902148810e-01 2.896400927758278621e-01
7.213925190847404467e-01 2.871274428632598630e-01
7.227228641991547686e-01 2.846278434173474814e-01
7.240556626494106807e-01 2.821413709490738220e-01
7.253909189597911311e-01 2.796680991216313750e-01
7.267286376629225053e-01 2.772080987767041038e-01
7.280688232997877263e-01 2.747614379610419100e-01
7.294114804197466828e-01 2.723281819533023285e-01
7.307566135805462215e-01 2.699083932911775507e-01
7.321042273483404639e-01 2.675021317987578140e-01
7.334543262977039069e-01 2.651094546141491981e-01
7.348069150116451898e-01 2.627304162173204616e-01
7.361619980816274111e-01 2.603650458954776536e-01
7.375195801075783431e-01 2.580131084740464598e-01
7.388796656979104149e-01 2.556742072945104027e-01
7.402422594695348135e-01 2.533479566361017676e-01
7.416073660478748053e-01 2.510339844733693870e-01
7.429749900668862761e-01 2.487319322801990751e-01
7.443451361690679446e-01 2.464414548392448723e-01
7.457178090054821240e-01 2.441622200563988432e-01
7.470930132357684883e-01 2.418939087800007770e-01
7.484707535281570623e-01 2.396362146244541969e-01
7.498510345594900928e-01 2.373888437979221055e-01
7.512338610152313745e-01 2.351515149338281319e-01
7.526192375894875664e-01 2.329239589258300103e-01
7.540071689850220693e-01 2.307059187660007726e-01
7.553976599132683489e-01 2.284971493859291047e-01
7.567907150943515848e-01 2.262974175004420219e-01
7.581863392570982185e-01 2.241065014537188538e-01
7.595845371390579359e-01 2.219241910674940033e-01
7.609853134865166568e-01 2.197502874911256288e-01
7.623886730545113011e-01 2.175846030532669340e-01
7.637946206068504384e-01 2.154269611148935393e-01
7.652031609161246140e-01 2.132771959234749937e-01
7.666142987637283301e-01 2.111351524680308844e-01
7.680280389398732588e-01 2.090006863348846111e-01
7.694443862436027848e-01 2.068736635638787902e-01
7.708633454828134335e-01 2.047539605048480094e-01
7.722849214742649737e-01 2.026414636741636355e-01
7.737091190436021781e-01 2.005360696111352370e-01
7.751359430253693672e-01 1.984376847341016159e-01
7.765653982630235097e-01 1.963462251960324256e-01
7.779974896089562053e-01 1.942616167394423388e-01
7.794322219245075622e-01 1.921837945504913103e-01
7.808696000799802972e-01 1.901127031120882771e-01
7.823096289546616067e-01 1.880482960558473304e-01
7.837523134368336031e-01 1.859905360127740437e-01
7.851976584237957413e-01 1.839393944625163091e-01
7.866456688218782523e-01 1.818948515810809019e-01
7.880963495464574642e-01 1.798568960868781597e-01
7.895497055219770077e-01 1.778255250849774816e-01
7.910057416819589182e-01 1.758007439094911861e-01
7.924644629690258402e-01 1.737825659639577469e-01
7.939258743349150160e-01 1.717710125596618731e-01
7.953899807404929412e-01 1.697661127517988977e-01
7.968567871557782345e-01 1.677679060831954450e-01
7.983262985599510753e-01 1.657766717634407139e-01
7.997985199413768509e-01 1.637930798501833762e-01
8.012734562976198127e-01 1.618178157504518988e-01
8.027511126354583970e-01 1.598515399819886718e-01
8.042314939709069854e-01 1.578948883515062518e-01
8.057146053292271182e-01 1.559484721577936439e-01
8.072004517449500316e-01 1.540128784183445176e-01
8.086890382618915352e-01 1.520886701182400658e-01
8.101803699331660003e-01 1.501763864800070292e-01
8.116744518212100079e-01 1.482765432531728822e-01
8.131712889977927849e-01 1.463896330223154185e-01
8.146708865440387415e-01 1.445161255323472171e-01
8.161732495504426810e-01 1.426564680298679499e-01
8.176783831168845662e-01 1.408110856193967864e-01
8.191862923526525009e-01 1.389803816333287367e-01
8.206969823764533878e-01 1.371647380145141759e-01
8.222104583164364655e-01 1.353645157103402219e-01
8.237267253102077413e-01 1.335800550772659745e-01
8.252457885048450903e-01 1.318116762947718068e-01
8.267676530569219029e-01 1.300596797876971689e-01
8.282923241325174102e-01 1.283243466560239909e-01
8.298198069072404426e-01 1.266059391111234722e-01
8.313501065662443068e-01 1.249047009175838358e-01
8.328832283042417739e-01 1.232208578397258752e-01
8.344191773255291711e-01 1.215546180919481745e-01
8.359579588439962627e-01 1.199061727921148929e-01
8.374995780831510084e-01 1.182756964171682024e-01
8.390440402761337735e-01 1.166633472602477684e-01
8.405913506657333167e-01 1.150692678885851944e-01
8.421415145044101047e-01 1.134935856014815114e-01
8.436945370543074141e-01 1.119364128877416986e-01
8.452504235872752014e-01 1.103978478819159642e-01
8.468091793848854243e-01 1.088779748187849866e-01
8.483708097384474733e-01 1.073768644855214310e-01
8.499353199490319311e-01 1.058945746709979430e-01
8.515027153274817850e-01 1.044311506117630434e-01
8.530730011944368529e-01 1.029866254341971488e-01
8.546461828803485483e-01 1.015610205924357273e-01
8.562222657254958680e-01 1.001543463016387747e-01
8.578012550800097058e-01 9.876660196622491505e-02
8.593831563038835109e-01 9.739777660273675475e-02
8.609679747669980454e-01 9.604784925698642284e-02
8.625557158491369281e-01 9.471678941520493555e-02
8.641463849400021768e-01 9.340455740891223657e-02
8.657399874392375239e-01 9.211110481325288091e-02
8.673365287564446247e-01 9.083637483858146566e-02
8.689360143111986012e-01 8.958030271509333231e-02
8.705384495330722450e-01 8.834281607030931849e-02
8.721438398616480070e-01 8.712383529927215930e-02
8.737521907465420901e-01 8.592327392729842694e-02
8.753635076474204357e-01 8.474103896517846957e-02
8.769777960340150447e-01 8.357703125672190370e-02
8.785950613861480685e-01 8.243114581855798262e-02
8.802153091937438001e-01 8.130327217214119995e-02
8.818385449568532097e-01 8.019327644849409686e-02
8.834647741856703762e-01 7.910056924838247683e-02
8.850940024005479190e-01 7.802411454182303641e-02
8.867262351320225333e-01 7.696290014495674181e-02
8.883614779208262036e-01 7.591595918703893109e-02
8.899997363179117382e-01 7.488236862162865604e-02
8.916410158844683131e-01 7.386124784950579003e-02
8.932853221919383468e-01 7.285175744555213995e-02
8.949326608220420365e-01 7.185309798219917388e-02
8.965830373667895703e-01 7.086450894240352294e-02
8.982364574285062186e-01 6.988526771538713933e-02
8.998929266198487653e-01 6.891468866869218668e-02
9.015524505638217168e-01 6.795212229034133800e-02
9.032150348938027262e-01 6.699695439513132789e-02
9.048806852535548062e-01 6.604860538932888492e-02
9.065494072972510864e-01 6.510652958820940805e-02
9.082212066894921332e-01 6.417021458109997689e-02
9.098960891053219369e-01 6.323918063874582607e-02
9.115740602302537798e-01 6.231298015798596157e-02
9.132551257602818939e-01 6.139119713890144048e-02
9.149392914019076617e-01 6.047344668971912224e-02
9.166265628721559366e-01 5.955937455493350019e-02
9.183169458985919187e-01 5.864865666222599666e-02
9.200104462193466892e-01 5.774099868390684259e-02
9.217070695831296456e-01 5.683613560875742238e-02
9.234068217492542585e-01 5.593383132026125137e-02
9.251097084876551691e-01 5.503387817738331772e-02
9.268157355789045093e-01 5.413609659417708414e-02
9.285249088142384366e-01 5.324033461464869332e-02
9.302372339955691238e-01 5.234646747947460654e-02
9.319527169355110718e-01 5.145439718129594941e-02
9.336713634573982068e-01 5.056405200550480317e-02
9.353931793953002005e-01 4.967538605358738646e-02
9.371181705940500040e-01 4.878837874626472393e-02
9.388463429092546164e-01 4.790303430387545663e-02
9.405777022073231741e-01 4.701938120160572415e-02
9.423122543654827155e-01 4.613747159740465981e-02
9.440500052717960555e-01 4.525738073060965594e-02
9.457909608251883204e-01 4.437920628952914115e-02
9.475351269354589379e-01 4.350306774646856001e-02
9.492825095233088373e-01 4.262910565889690279e-02
9.510331145203575476e-01 4.175748093571789860e-02
9.527869478691605165e-01 4.088837406784384676e-02
9.545440155232355339e-01 4.002198432252519061e-02
9.563043234470759435e-01 3.915852890117065693e-02
9.580678776161772880e-01 3.829824206063266873e-02
9.598346840170547400e-01 3.744137419823107688e-02
9.616047486472604211e-01 3.658819090105035893e-02
9.633780775154094922e-01 3.573897196031763229e-02
9.651546766411983613e-01 3.489401035196743051e-02
9.669345520554210038e-01 3.405361118475865728e-02
9.687177097999972730e-01 3.321809061758629333e-02
9.705041559279852237e-01 3.238777474792213507e-02
9.722938965036083125e-01 3.156299847355485688e-02
9.740869376022733839e-01 3.074410433009084828e-02
9.758832853105881000e-01 2.993144130691040294e-02
9.776829457263889189e-01 2.912536364451465132e-02
9.794859249587529737e-01 2.832622961644758533e-02
9.812922291280269382e-01 2.753440029916334394e-02
9.831018643658437917e-01 2.675023833343904631e-02
9.849148368151413591e-01 2.597410668109693607e-02
9.867311526301898450e-01 2.520636738096561358e-02
9.885508179766044901e-01 2.444738030816893601e-02
9.903738390313741036e-01 2.369750194092769963e-02
9.922002219828784941e-01 2.295708413918362903e-02
9.940299730309066772e-01 2.222647293941046320e-02
9.958630983866851860e-01 2.150600737002811291e-02
9.976996042728903946e-01 2.079601829187002759e-02
9.995394969236774951e-01 2.009682726812373268e-02
1.001382782584698372e+00 1.940874546815389914e-02
1.003229467513119255e+00 1.873207260953980643e-02
1.005079557977650140e+00 1.806709594256436513e-02
1.006933060258556889e+00 1.741408928128856254e-02
1.008789980647689877e+00 1.677331208516933889e-02
1.010650325448503084e+00 1.614501063016334642e-02
1.012514100976071418e+00 1.552953996627984279e-02
1.014381313557119801e+00 1.492740942381762248e-02
1.016251969530036270e+00 1.433907843377775493e-02
1.018126075244901063e+00 1.376493994687983356e-02
1.020003637063505053e+00 1.320532304865614306e-02
1.021884661359367064e+00 1.266049571854924866e-02
1.023769154517764735e+00 1.213066770547166495e-02
1.025657122935746068e+00 1.161599349361011613e-02
1.027548573022159850e+00 1.111657533365950808e-02
1.029443511197673411e+00 1.063246631620122853e-02
1.031341943894791058e+00 1.016367346550560435e-02
1.033243877557884494e+00 9.710160833661283034e-03
1.035149318643205030e+00 9.271852576592546843e-03
1.037058273618913340e+00 8.848635995166472326e-03
1.038970748965098334e+00 8.440364526254065178e-03
1.040886751173796032e+00 8.046860670226753734e-03
1.042806286749018874e+00 7.667918842958465313e-03
1.044729362206768819e+00 7.303308141954328175e-03
1.046655984075068213e+00 6.952775017700771852e-03
1.048586158893977549e+00 6.616045842764929977e-03
1.050519893215614564e+00 6.292829372512943886e-03
1.052457193604184660e+00 5.982819092589635943e-03
1.054398066635994224e+00 5.685695449501872514e-03
1.056342518899480609e+00 5.401127961745192524e-03
1.058290556995230336e+00 5.128777209947604603e-03
1.060242187536000191e+00 4.868296705435808114e-03
1.062197417146745426e+00 4.619334637482795831e-03
1.064156252464634189e+00 4.381535500268855625e-03
1.066118700139077946e+00 4.154541601266624473e-03
1.068084766831750798e+00 3.937994453374804929e-03
1.070054459216608134e+00 3.731536053649898901e-03
1.072027783979916382e+00 3.534810051940959555e-03
1.074004747820272776e+00 3.347462813122591228e-03
1.075985357448624002e+00 3.169144376937651272e-03
1.077969619588296846e+00 2.999509319720314055e-03
1.079957540975013064e+00 2.838217522474989138e-03
1.081949128356918699e+00 2.684934849929972688e-03
1.083944388494604505e+00 2.539333745289397426e-03
1.085943328161125265e+00 2.401093745460394779e-03
1.087945954142030880e+00 2.269901921547967660e-03
1.089952273235379909e+00 2.145453249393650553e-03
1.091962292251771105e+00 2.027450914878154657e-03
1.093976018014362728e+00 1.915606558633424061e-03
1.095993457358892753e+00 1.809640464703628389e-03
1.098014617133709070e+00 1.709281697570965179e-03
1.100039504199784801e+00 1.614268191822938693e-03
1.102068125430749168e+00 1.524346798578963148e-03
1.104100487712907031e+00 1.439273292630302830e-03
1.106136597945258870e+00 1.358812344069027216e-03
1.108176463039532988e+00 1.282737457999379898e-03
1.110220089920198827e+00 1.210830885739552863e-03
1.112267485524498944e+00 1.142883510729672016e-03
1.114318656802469665e+00 1.078694712173960263e-03
1.116373610716959730e+00 1.018072209254248335e-03
1.118432354243663829e+00 9.608318885642600296e-04
1.120494894371135475e+00 9.067976172317815126e-04
1.122561238100820091e+00 8.558010440134997685e-04
1.124631392447073885e+00 8.076813904750052833e-04
1.126705364437186052e+00 7.622852341978222923e-04
1.128783161111408750e+00 7.194662857935278264e-04
1.130864789522973313e+00 6.790851613496482224e-04
1.132950256738121331e+00 6.410091517826093776e-04
1.135039569836125750e+00 6.051119904328809739e-04
1.137132735909310632e+00 5.712736201033055813e-04
1.139229762063084683e+00 5.393799606154535973e-04
1.141330655415954576e+00 5.093226778414057130e-04
1.143435423099558257e+00 4.809989550562610776e-04
1.145544072258685597e+00 4.543112673544598000e-04
1.147656610051298820e+00 4.291671597761695552e-04
1.149773043648564474e+00 4.054790297009638412e-04
1.151893380234869868e+00 3.831639139843193305e-04
1.154017627007854152e+00 3.621432812360568412e-04
1.156145791178430526e+00 3.423428295712257693e-04
1.158277879970806001e+00 3.236922901002177097e-04
1.160413900622514927e+00 3.061252363672922489e-04
1.162553860384434090e+00 2.895788998949534471e-04
1.164697766520815136e+00 2.739939919440077180e-04
1.166845626309306105e+00 2.593145315574012493e-04
1.168997447040972304e+00 2.454876799179300253e-04
1.171153236020329835e+00 2.324635810163521907e-04
1.173313000565360031e+00 2.201952085971575475e-04
1.175476748007543870e+00 2.086382193227676333e-04
1.177644485691881737e+00 1.977508120747938395e-04
1.179816220976916519e+00 1.874935932910979199e-04
1.181991961234763799e+00 1.778294482208140693e-04
1.184171713851135177e+00 1.687234179654134906e-04
1.186355486225358469e+00 1.601425821621129764e-04
1.188543285770412128e+00 1.520559471562137098e-04
1.190735119912939455e+00 1.444343395015679514e-04
1.192930996093283902e+00 1.372503046221322358e-04
1.195130921765509724e+00 1.304780104635497925e-04
1.197334904397423516e+00 1.240931559605830772e-04
1.199542951470609076e+00 1.180728841445676349e-04
1.201755070480441390e+00 1.123956997146529285e-04
1.203971268936122385e+00 1.070413908967542902e-04
1.206191554360701801e+00 1.019909554156585117e-04
1.208415934291098948e+00 9.722653040756061278e-05
1.210644416278137347e+00 9.273132610299041295e-05
1.212877007886560277e+00 8.848956311335649425e-05
1.215113716695065404e+00 8.448641315783051570e-05
1.217354550296326110e+00 8.070794307147270566e-05
1.219599516297014130e+00 7.714106134561280609e-05
1.221848622317833755e+00 7.377317884706671356e-05
1.224101875993538480e+00 7.059177291287861266e-05
1.226359284972964314e+00 6.758507593137172919e-05
1.228620856919053317e+00 6.474214258209214047e-05
1.230886599508874912e+00 6.205278746828652304e-05
1.233156520433661196e+00 5.950752781869638792e-05
1.235430627398822923e+00 5.709753082118703332e-05
1.237708928123984586e+00 5.481456519045628610e-05
1.239991430343006629e+00 5.265095660816867444e-05
1.242278141804007641e+00 5.059954670640725812e-05
1.244569070269400557e+00 4.865365529485025291e-05
1.246864223515907533e+00 4.680704555886251711e-05
1.249163609334596137e+00 4.505389197985441624e-05
1.251467235530901778e+00 4.338875075129827177e-05
1.253775109924650133e+00 4.180653248368663250e-05
1.256087240350092893e+00 4.030247700980971171e-05
1.258403634655923975e+00 3.887213011819130350e-05
1.260724300705315271e+00 3.751132205739364603e-05
1.263049246375939516e+00 3.621614766752039651e-05
1.265378479559992719e+00 3.498294800754557759e-05
1.267712008164231019e+00 3.380829335832298403e-05
1.270049840109985784e+00 3.268896749136808986e-05
1.272391983333200471e+00 3.162195310276389511e-05
1.274738445784453722e+00 3.060441832005234491e-05
1.277089235428982006e+00 2.963370419767237179e-05
1.279444360246715817e+00 2.870731312354286665e-05
1.281803828232297215e+00 2.782289806583456389e-05
1.284167647395114464e+00 2.697825259480261315e-05
1.286535825759326679e+00 2.617130161993250841e-05
1.288908371363886696e+00 2.540009278752104163e-05
1.291285292262577489e+00 2.466278848828151157e-05
1.293666596524029044e+00 2.395765842866023481e-05
1.296052292231754555e+00 2.328307272326220344e-05
1.298442387484175065e+00 2.263749546922259949e-05
1.300836890394641454e+00 2.201947876647584288e-05
1.303235809091472630e+00 2.142765715073669975e-05
1.305639151717971291e+00 2.086074240864521434e-05
1.308046926432462342e+00 2.031751874691239499e-05
1.310459141408314876e+00 1.979683828952873343e-05
1.312875804833967042e+00 1.929761687910526717e-05
1.315296924912961796e+00 1.881883016027799564e-05
1.317722509863970437e+00 1.835950992481454684e-05
1.320152567920816589e+00 1.791874069962114154e-05
1.322587107332513501e+00 1.749565656028467001e-05
1.325026136363280926e+00 1.708943815411584566e-05
1.327469663292583979e+00 1.669930991785985937e-05
1.329917696415155115e+00 1.632453747637351203e-05
1.332370244041020335e+00 1.596442520958561175e-05
1.334827314495534933e+00 1.561831397600821274e-05
1.337288916119402593e+00 1.528557898194118374e-05
1.339755057268712246e+00 1.496562778630922475e-05
1.342225746314962054e+00 1.465789843181844877e-05
1.344700991645085386e+00 1.436185769379680753e-05
1.347180801661486349e+00 1.407699943871387422e-05
1.349665184782059990e+00 1.380284308495923794e-05
1.352154149440228270e+00 1.353893215899033997e-05
1.354647704084966264e+00 1.328483294045985748e-05
1.357145857180825255e+00 1.304013319038907548e-05
1.359648617207972254e+00 1.280444095687382850e-05
1.362155992662207327e+00 1.257738345320613824e-05
1.364667992055001777e+00 1.235860600364870992e-05
1.367184623913523689e+00 1.214777105244121734e-05
1.369705896780661902e+00 1.194455723192123423e-05
1.372231819215064874e+00 1.174865848593038599e-05
1.374762399791159329e+00 1.155978324494500718e-05
1.377297647099188227e+00 1.137765364960995290e-05
1.379837569745235859e+00 1.120200481958847474e-05
1.382382176351253822e+00 1.103258416484816436e-05
1.384931475555098768e+00 1.086915073669884122e-05
1.387485476010551055e+00 1.071147461608333543e-05
1.390044186387354497e+00 1.055933633678583857e-05
1.392607615371240781e+00 1.041252634138337853e-05
1.395175771663954789e+00 1.027084446790879990e-05
1.397748663983294781e+00 1.013409946532843973e-05
1.400326301063129719e+00 1.000210853606623455e-05
1.402908691653439455e+00 9.874696903917734757e-06
1.405495844520339821e+00 9.751697405811084830e-06
1.408087768446108390e+00 9.632950105969795643e-06
1.410684472229224440e+00 9.518301931125828765e-06
1.413285964684386498e+00 9.407606325522189361e-06
1.415892254642553194e+00 9.300722924521092437e-06
1.418503350950969022e+00 9.197517245713816912e-06
1.421119262473188760e+00 9.097860396496371975e-06
1.423739998089119441e+00 9.001628797141392340e-06
1.426365566695037668e+00 8.908703918459766054e-06
1.428995977203630252e+00 8.818972033200120274e-06
1.431631238544020190e+00 8.732323980390260666e-06
1.434271359661793088e+00 8.648654941873213690e-06
1.436916349519036684e+00 8.567864230336802962e-06
1.439566217094360168e+00 8.489855088181074837e-06
1.442220971382935701e+00 8.414534496605727084e-06
1.444880621396522402e+00 8.341812994340941592e-06
1.447545176163495206e+00 8.271604505477719239e-06
1.450214644728883950e+00 8.203826175888453596e-06
1.452889036154392244e+00 8.138398217760188004e-06
1.455568359518440102e+00 8.075243761790022571e-06
1.458252623916189039e+00 8.014288716621780431e-06
1.460941838459568265e+00 7.955461635127042405e-06
1.463636012277315990e+00 7.898693587157750568e-06
1.466335154515004291e+00 7.843918038420634001e-06
1.469039274335067091e+00 7.791070735144540319e-06
1.471748380916840349e+00 7.740089594230311609e-06
1.474462483456582484e+00 7.690914598593702481e-06
1.477181591167515240e+00 7.643487697426393327e-06
1.479905713279851431e+00 7.597752711119016180e-06
1.482634859040820041e+00 7.553655240603691011e-06
1.485369037714710183e+00 7.511142580888320562e-06
1.488108258582889087e+00 7.470163638569442977e-06
1.490852530943844512e+00 7.430668853121371616e-06
1.493601864113212274e+00 7.392610121772970010e-06
1.496356267423802455e+00 7.355940727793865735e-06
1.499115750225642696e+00 7.320615272022096731e-06
1.501880321885997072e+00 7.286589607476499157e-06
1.504649991789408059e+00 7.253820776904930074e-06
1.507424769337725845e+00 7.222266953129447972e-06
1.510204663950132975e+00 7.191887382057732799e-06
1.512989685063189205e+00 7.162642328236986327e-06
1.515779842130850152e+00 7.134493022835386602e-06
1.518575144624510376e+00 7.107401613941930864e-06
1.521375602033031127e+00 7.081331119083120387e-06
1.524181223862767665e+00 7.056245379860111835e-06
1.526992019637612330e+00 7.032109055695188211e-06
1.529807998899014754e+00 7.008889181835096099e-06
1.532629171206024932e+00 6.986555715075741397e-06
1.535455546135320981e+00 6.965079389946277373e-06
1.538287133281237118e+00 6.944431522819166995e-06
1.541123942255806956e+00 6.924583981943199105e-06
1.543965982688783933e+00 6.905509158735966357e-06
1.546813264227684170e+00 6.887179940289127465e-06
1.549665796537815998e+00 6.869569683042111598e-06
1.552523589302306606e+00 6.852652187583017794e-06
1.555386652222146449e+00 6.836401674537643393e-06
1.558254995016209676e+00 6.820792761510388473e-06
1.561128627421298320e+00 6.805800441042823796e-06
1.564007559192170271e+00 6.791400059557817996e-06
1.566891800101567256e+00 6.777567297259619386e-06
1.569781359940260579e+00 6.764278148961604010e-06
1.572676248517069997e+00 6.751508905815787678e-06
1.575576475658908793e+00 6.739236137919877678e-06
1.578482051210812642e+00 6.727436677778740192e-06
1.581392985035968035e+00 6.716087604599811438e-06
1.584309287015757128e+00 6.705166229402210187e-06
1.587230967049777508e+00 6.694650080921730886e-06
1.590158035055888375e+00 6.684516892294475226e-06
1.593090500970238521e+00 6.674744588503899244e-06
1.596028374747296086e+00 6.665311274576183550e-06
1.598971666359892296e+00 6.656195224510989082e-06
1.601920385799243451e+00 6.647374870934925092e-06
1.604874543074995996e+00 6.638828795466278323e-06
1.607834148215255166e+00 6.630535719780631449e-06
1.610799211266614961e+00 6.622474497367493544e-06
1.613769742294203002e+00 6.614624105968665014e-06
1.616745751381701401e+00 6.606963640690676428e-06
1.619727248631393612e+00 6.599472307782922404e-06
1.622714244164192410e+00 6.592129419074932821e-06
1.625706748119670308e+00 6.584914387065849228e-06
1.628704770656103307e+00 6.577806720660084905e-06
1.631708321950500862e+00 6.570786021543457877e-06
1.634717412198635200e+00 6.563831981194402128e-06
1.637732051615087281e+00 6.556924378524947801e-06
1.640752250433268777e+00 6.550043078146920997e-06
1.643778018905468041e+00 6.543168029258400374e-06
1.646809367302880078e+00 6.536279265145803231e-06
1.649846305915636524e+00 6.529356903297359974e-06
1.652888845052851385e+00 6.522381146123287781e-06
1.655936995042644355e+00 6.515332282277914166e-06
1.658990766232185887e+00 6.508190688579690609e-06
1.662050168987728282e+00 6.500936832523785349e-06
1.665115213694635443e+00 6.493551275382532290e-06
1.668185910757430390e+00 6.486014675888558109e-06
1.671262270599816135e+00 6.478307794495219915e-06
1.674344303664723865e+00 6.470411498208074400e-06
1.677432020414342917e+00 6.462306765981896500e-06
1.680525431330151198e+00 6.453974694675967293e-06
1.683624546912962705e+00 6.445396505561029386e-06
1.686729377682949282e+00 6.436553551369796888e-06
1.689839934179689029e+00 6.427427323883484779e-06
1.692956226962195831e+00 6.417999462044728592e-06
1.696078266608951335e+00 6.408251760588395293e-06
1.699206063717951354e+00 6.398166179179278997e-06
1.702339628906729851e+00 6.387724852046542553e-06
1.705478972812405569e+00 6.376910098102650106e-06
1.708624106091713779e+00 6.365704431534863585e-06
1.711775039421036926e+00 6.354090572855868315e-06
1.714931783496453033e+00 6.342051460399212045e-06
1.718094349033758128e+00 6.329570262244920685e-06
1.721262746768515095e+00 6.316630388558821008e-06
1.724436987456084536e+00 6.303215504329181118e-06
1.727617081871655857e+00 6.289309542482612441e-06
1.730803040810296789e+00 6.274896717359958194e-06
1.733994875086975362e+00 6.259961538533149027e-06
1.737192595536609430e+00 6.244488824941063137e-06
1.740396213014097304e+00 6.228463719323347158e-06
1.743605738394350402e+00 6.211871702928771445e-06
1.746821182572342090e+00 6.194698610473835309e-06
1.750042556463130117e+00 6.176930645327286106e-06
1.753269871001906344e+00 6.158554394893314137e-06
1.756503137144029170e+00 6.139556846167258514e-06
1.759742365865053948e+00 6.119925401434956264e-06
1.762987568160784280e+00 6.099647894086464593e-06
1.766238755047294218e+00 6.078712604514281464e-06
1.769495937560978005e+00 6.057108276064331252e-06
1.772759126758582937e+00 6.034824131007784855e-06
1.776028333717240670e+00 6.011849886500449611e-06
1.779303569534517848e+00 5.988175770495636768e-06
1.782584845328439638e+00 5.963792537575779864e-06
1.785872172237539246e+00 5.938691484666737344e-06
1.789165561420891226e+00 5.912864466598661945e-06
1.792465024058143452e+00 5.886303911476114017e-06
1.795770571349567968e+00 5.859002835819364141e-06
1.799082214516083855e+00 5.830954859438845648e-06
1.802399964799308973e+00 5.802154220003425044e-06
1.805723833461592154e+00 5.772595787263230390e-06
1.809053831786046285e+00 5.742275076887547239e-06
1.812389971076596717e+00 5.711188263876965333e-06
1.815732262658015461e+00 5.679332195510365292e-06
1.819080717875952713e+00 5.646704403785818363e-06
1.822435348096989705e+00 5.613303117314974584e-06
1.825796164708661129e+00 5.579127272630932304e-06
1.829163179119507765e+00 5.544176524869041585e-06
1.832536402759109118e+00 5.508451257781014745e-06
1.835915847078117169e+00 5.471952593042798625e-06
1.839301523548307005e+00 5.434682398816895225e-06
1.842693443662602792e+00 5.396643297531420812e-06
1.846091618935128187e+00 5.357838672837404160e-06
1.849496060901240524e+00 5.318272675708261480e-06
1.852906781117564572e+00 5.277950229645228929e-06
1.856323791162044046e+00 5.236877034953953189e-06
1.859747102633967142e+00 5.195059572059105028e-06
1.863176727154017609e+00 5.152505103824339019e-06
1.866612676364309609e+00 5.109221676847321360e-06
1.870054961928421688e+00 5.065218121700523561e-06
1.873503595531448518e+00 5.020504052090195799e-06
1.876958588880026424e+00 4.975089862908400364e-06
1.880419953702385794e+00 4.928986727153858849e-06
1.883887701748385934e+00 4.882206591700831999e-06
1.887361844789548382e+00 4.834762171896063406e-06
1.890842394619110634e+00 4.786666944966912460e-06
1.894329363052050796e+00 4.737935142226374412e-06
1.897822761925141322e+00 4.688581740062309152e-06
1.901322603096983199e+00 4.638622449701946743e-06
1.904828898448040375e+00 4.588073705744674067e-06
1.908341659880693930e+00 4.536952653458898754e-06
1.911860899319266505e+00 4.485277134842521993e-06
1.915386628710076700e+00 4.433065673448151002e-06
1.918918860021474382e+00 4.380337457978710195e-06
1.922457605243873546e+00 4.327112675786668260e-06
1.926002876389809160e+00 4.273420307623780158e-06
1.929554685493960475e+00 4.219297703854735251e-06
1.933113044613206100e+00 4.164782298523898639e-06
1.936677965826659520e+00 4.109911192834822302e-06
1.940249461235703743e+00 4.054721119196720401e-06
1.943827542964046140e+00 3.999248406567626651e-06
1.947412223157743982e+00 3.943528947125602804e-06
1.951003513985259508e+00 3.887598164293985192e-06
1.954601427637495004e+00 3.831490982145304454e-06
1.958205976327828557e+00 3.775241796203341984e-06
1.961817172292169786e+00 3.718884445660216327e-06
1.965435027788984268e+00 3.662452187022713580e-06
1.969059555099350378e+00 3.605977669197040260e-06
1.972690766526994377e+00 3.549492910020133096e-06
1.976328674398325935e+00 3.493029274241063405e-06
1.979973291062494534e+00 3.436617452953194174e-06
1.983624628891414998e+00 3.380287444475937902e-06
1.987282700279824121e+00 3.324068536680365949e-06
1.990947517645315745e+00 3.267989290751797428e-06
1.994619093428377399e+00 3.212077526378710680e-06
1.998297440092444699e+00 3.156360308355192236e-06
2.001982570123937766e+00 3.100863934581681312e-06
2.005674496032297416e+00 3.045613925446665159e-06
2.009373230350040895e+00 2.990635014568736424e-06
2.013078785632789192e+00 2.935951140877952331e-06
2.016791174459324321e+00 2.881585442011542935e-06
2.020510409431624854e+00 2.827560248998936496e-06
2.024236503174902779e+00 2.773897082207961445e-06
2.027969468337661230e+00 2.720616648522733343e-06
2.031709317591720687e+00 2.667738839723097053e-06
2.035456063632275825e+00 2.615282732032456834e-06
2.039209719177933255e+00 2.563266586801139650e-06
2.042970296970748389e+00 2.511707852290278747e-06
2.046737809776283168e+00 2.460623166520185555e-06
2.050512270383631819e+00 2.410028361146983588e-06
2.054293691605480809e+00 2.359938466329262500e-06
2.058082086278143930e+00 2.310367716547037311e-06
2.061877467261600927e+00 2.261329557333852340e-06
2.065679847439555239e+00 2.212836652882292585e-06
2.069489239719461970e+00 2.164900894483721753e-06
2.073305657032585181e+00 2.117533409761530915e-06
2.077129112334035188e+00 2.070744572657916577e-06
2.080959618602807648e+00 2.024544014133759682e-06
2.084797188841842619e+00 1.978940633540826438e-06
2.088641836078048541e+00 1.933942610626632019e-06
2.092493573362366188e+00 1.889557418130899616e-06
2.096352413769801970e+00 1.845791834934533352e-06
2.100218370399468792e+00 1.802651959721075572e-06
2.104091456374645119e+00 1.760143225111277983e-06
2.107971684842801174e+00 1.718270412232699597e-06
2.111859068975659781e+00 1.677037665685409255e-06
2.115753621969233667e+00 1.636448508866812761e-06
2.119655357043865429e+00 1.596505859618498012e-06
2.123564287444284826e+00 1.557212046158655163e-06
2.127480426439639416e+00 1.518568823265218765e-06
2.131403787323552290e+00 1.480577388674553099e-06
2.135334383414162929e+00 1.443238399662356327e-06
2.139272228054163616e+00 1.406551989773897602e-06
2.143217334610861613e+00 1.370517785671378515e-06
2.147169716476206691e+00 1.335134924068079412e-06
2.151129387066851528e+00 1.300402068718718634e-06
2.155096359824190788e+00 1.266317427437713020e-06
2.159070648214400645e+00 1.232878769117166938e-06
2.163052265728499179e+00 1.200083440717753718e-06
2.167041225882375244e+00 1.167928384207184806e-06
2.171037542216848859e+00 1.136410153421072064e-06
2.175041228297712070e+00 1.105524930823201098e-06
2.179052297715766251e+00 1.075268544142571664e-06
2.183070764086886495e+00 1.045636482865706617e-06
2.187096641052046486e+00 1.016623914564559176e-06
2.191129942277384224e+00 9.882257010402574361e-07
2.195170681454239325e+00 9.604364142652552541e-07
2.199218872299192551e+00 9.332503521067631316e-07
2.203274528554130196e+00 9.066615538153792358e-07
2.207337663986269849e+00 8.806638152647454625e-07
2.211408292388226560e+00 8.552507039278373437e-07
2.215486427578048811e+00 8.304155735777988421e-07
2.219572083399262041e+00 8.061515787013637240e-07
2.223665273720926816e+00 7.824516886141675004e-07
2.227766012437681020e+00 7.593087012685114434e-07
2.231874313469778048e+00 7.367152567447415876e-07
2.235990190763152974e+00 7.146638504182976503e-07
2.240113658289448750e+00 6.931468457959380932e-07
2.244244730046080605e+00 6.721564870147323581e-07
2.248383420056277782e+00 6.516849109989814925e-07
2.252529742369122623e+00 6.317241592706906538e-07
2.256683711059615849e+00 6.122661894099155684e-07
2.260845340228703648e+00 5.933028861625833013e-07
2.265014644003345179e+00 5.748260721934188202e-07
2.269191636536549872e+00 5.568275184830222191e-07
2.273376332007421841e+00 5.392989543683483534e-07
2.277568744621221164e+00 5.222320772265933327e-07
2.281768888609395862e+00 5.056185618033894341e-07
2.285976778229645401e+00 4.894500691863122727e-07
2.290192427765962879e+00 4.737182554258060094e-07
2.294415851528675443e+00 4.584147798057524373e-07
2.298647063854509565e+00 4.435313127665551258e-07
2.302886079106622130e+00 4.290595434842390366e-07
2.307132911674663944e+00 4.149911871091957323e-07
2.311387575974821917e+00 4.013179916689419551e-07
2.315650086449862144e+00 3.880317446394518414e-07
2.319920457569194294e+00 3.751242791899696882e-07
2.324198703828902257e+00 3.625874801067834158e-07
2.328484839751808533e+00 3.504132894013847124e-07
2.332778879887519974e+00 3.385937116090541487e-07
2.337080838812465533e+00 3.271208187840152673e-07
2.341390731129965985e+00 3.159867551974445915e-07
2.345708571470262349e+00 3.051837417451097392e-07
2.350034374490583389e+00 2.947040800712440889e-07
2.354368154875186914e+00 2.845401564157542263e-07
2.358709927335404632e+00 2.746844451917814406e-07
2.363059706609706545e+00 2.651295123007959272e-07
2.367417507463733362e+00 2.558680181926561460e-07
2.371783344690362227e+00 2.468927206778692207e-07
2.376157233109750244e+00 2.381964774996582049e-07
2.380539187569378878e+00 2.297722486732522274e-07
2.384929222944119243e+00 2.216130985999236038e-07
2.389327354136263182e+00 2.137121979634010349e-07
2.393733596075592995e+00 2.060628254160841937e-07
2.398147963719423181e+00 1.986583690626736549e-07
2.402570472052643513e+00 1.914923277486927133e-07
2.407001136087788318e+00 1.845583121612781147e-07
2.411439970865067561e+00 1.778500457497593383e-07
2.415886991452434351e+00 1.713613654732228242e-07
2.420342212945628457e+00 1.650862300936908575e-07
2.424805650468222495e+00 1.590188674711895492e-07
2.429277319171686766e+00 1.531537385396034759e-07
2.433757234235425226e+00 1.474853814866877996e-07
2.438245410866840324e+00 1.420084092038404489e-07
2.442741864301380517e+00 1.367175126777264371e-07
2.447246609802581130e+00 1.316074640511210167e-07
2.451759662662137629e+00 1.266731193663638192e-07
2.456281038199933597e+00 1.219094210049133223e-07
2.460810751764113569e+00 1.173113998362112830e-07
2.465348818731125213e+00 1.128741770891389438e-07
2.469895254505765081e+00 1.085929659590683446e-07
2.474450074521245657e+00 1.044630729633686314e-07
2.479013294239240661e+00 1.004798990580753066e-07
2.483584929149929454e+00 9.663894052814029257e-08
2.488164994772067651e+00 9.293578966344377851e-08
2.492753506653019535e+00 8.936613523254125657e-08
2.497350480368827785e+00 8.592576276574557247e-08
2.501955931524260102e+00 8.261055465893616006e-08
2.506569875752853171e+00 7.941649010912918903e-08
2.511192328716985500e+00 7.633964489251054292e-08
2.515823306107907165e+00 7.337619099538865940e-08
2.520462823645814421e+00 7.052239610806369078e-08
2.525110897079892336e+00 6.777462299140644576e-08
2.529767542188362306e+00 6.512932872549331369e-08
2.534432774778553554e+00 6.258306384933915545e-08
2.539106610686935550e+00 6.013247140045041649e-08
2.543789065779189951e+00 5.777428586250822588e-08
2.548480155950257231e+00 5.550533202921593950e-08
2.553179897124382869e+00 5.332252379196076150e-08
2.557888305255187511e+00 5.122286285859935139e-08
2.562605396325703833e+00 4.920343741037605871e-08
2.567331186348446703e+00 4.726142070360399507e-08
2.572065691365459372e+00 4.539406962245745572e-08
2.576808927448362319e+00 4.359872318887849375e-08
2.581560910698423861e+00 4.187280103528431537e-08
2.586321657246594352e+00 4.021380184549117993e-08
2.591091183253580787e+00 3.861930176891832139e-08
2.595869504909892100e+00 3.708695281289939660e-08
2.600656638435886681e+00 3.561448121761169268e-08
2.605452600081846093e+00 3.419968581786062039e-08
2.610257406128008828e+00 3.284043639572398750e-08
2.615071072884645353e+00 3.153467202775376126e-08
2.619893616692102967e+00 3.028039943023432035e-08
2.624725053920855533e+00 2.907569130572793222e-08
2.629565400971577649e+00 2.791868469390631640e-08
2.634414674275176615e+00 2.680757932947996674e-08
2.639272890292869711e+00 2.574063600977460647e-08
2.644140065516230820e+00 2.471617497434978496e-08
2.649016216467238394e+00 2.373257429883179577e-08
2.653901359698350504e+00 2.278826830494627186e-08
2.658795511792538591e+00 2.188174598858775844e-08
2.663698689363364736e+00 2.101154946755639495e-08
2.668610909055027847e+00 2.017627245046263200e-08
2.673532187542412952e+00 1.937455872813765338e-08
2.678462541531166696e+00 1.860510068873329797e-08
2.683401987757732421e+00 1.786663785758499639e-08
2.688350542989425662e+00 1.715795546275018881e-08
2.693308224024483888e+00 1.647788302704325347e-08
2.698275047692113571e+00 1.582529298725493531e-08
2.703251030852567904e+00 1.519909934113803067e-08
2.708236190397181442e+00 1.459825632265518002e-08
2.713230543248447812e+00 1.402175710586869764e-08
2.718234106360066793e+00 1.346863253778317187e-08
2.723246896716995824e+00 1.293794990035838463e-08
2.728268931335525060e+00 1.242881170183258012e-08
2.733300227263314230e+00 1.194035449743773052e-08
2.738340801579469908e+00 1.147174773950259983e-08
2.743390671394594360e+00 1.102219265689863542e-08
2.748449853850836178e+00 1.059092116371291667e-08
2.753518366121964878e+00 1.017719479698638909e-08
2.758596225413419756e+00 9.780303683310299140e-09
2.763683448962361844e+00 9.399565534026719958e-09
2.768780054037750737e+00 9.034324668739153204e-09
2.773886057940381011e+00 8.683951066810150014e-09
2.779001478002960823e+00 8.347839446480818630e-09
2.784126331590162096e+00 8.025408371227913924e-09
2.789260636098670698e+00 7.716099382942190438e-09
2.794404408957266828e+00 7.419376161489623999e-09
2.799557667626858759e+00 7.134723710202085323e-09
2.804720429600564557e+00 6.861647566818116091e-09
2.809892712403761816e+00 6.599673039388439438e-09
2.815074533594138728e+00 6.348344466642168124e-09
2.820265910761774020e+00 6.107224502299185029e-09
2.825466861529172036e+00 5.875893422811298627e-09
2.830677403551346227e+00 5.653948457999315279e-09
2.835897554515866226e+00 5.441003144056602970e-09
2.841127332142912021e+00 5.236686698380702362e-09
2.846366754185353898e+00 5.040643415693134020e-09
2.851615838428789296e+00 4.852532084911515327e-09
2.856874602691622744e+00 4.672025426231273060e-09
2.862143064825118710e+00 4.498809547883271240e-09
2.867421242713453111e+00 4.332583422031696907e-09
2.872709154273794585e+00 4.173058379281470679e-09
2.878006817456340460e+00 4.019957621271358392e-09
2.883314250244401133e+00 3.873015750830194260e-09
2.888631470654450251e+00 3.731978319184024513e-09
2.893958496736176222e+00 3.596601389706151074e-09
2.899295346572567045e+00 3.466651117709076809e-09
2.904642038279944938e+00 3.341903345788528241e-09
2.909998590008051167e+00 3.222143214232803787e-09
2.915365019940096225e+00 3.107164786024875503e-09
2.920741346292815344e+00 2.996770685969480321e-09
2.926127587316548873e+00 2.890771753488473012e-09
2.931523761295281805e+00 2.788986708637934964e-09
2.936929886546725488e+00 2.691241830908124773e-09
2.942345981422372247e+00 2.597370650379585632e-09
2.947772064307548678e+00 2.507213650817330127e-09
2.953208153621496468e+00 2.420617984294695228e-09
2.958654267817415029e+00 2.337437196950724075e-09
2.964110425382541436e+00 2.257530965492166898e-09
2.969576644838206825e+00 2.180764844064191753e-09
2.975052944739887906e+00 2.107010021122041790e-09
2.980539343677293562e+00 2.036143085946475311e-09
2.986035860274401266e+00 1.968045804456927668e-09
2.991542513189543673e+00 1.902604903984319255e-09
2.997059321115461472e+00 1.839711866677176090e-09
3.002586302779358451e+00 1.779262731223403515e-09
3.008123476942985430e+00 1.721157902579529480e-09
3.013670862402681561e+00 1.665301969409680194e-09
3.019228477989456039e+00 1.611603528944702109e-09
3.024796342569047169e+00 1.559975018981933367e-09
3.030374475041973881e+00 1.510332556754525355e-09
3.035962894343622764e+00 1.462595784408143623e-09
3.041561619444286713e+00 1.416687720831957552e-09
3.047170669349252847e+00 1.372534408365670830e-09
3.052790063098856699e+00 1.330061171456142587e-09
3.058419819768535941e+00 1.289193487719015347e-09
3.064059958468916101e+00 1.249860418682918023e-09
3.069710498345866512e+00 1.211994534286284277e-09
3.075371458580552275e+00 1.175531722613324306e-09
3.081042858389525740e+00 1.140411010791845882e-09
3.086724717024763365e+00 1.106574396352419074e-09
3.092417053773754976e+00 1.073966688394356512e-09
3.098119887959558394e+00 1.042535357948384262e-09
3.103833238940857608e+00 1.012230396965368035e-09
3.109557126112048042e+00 9.830041853984687697e-10
3.115291568903278741e+00 9.548113658813126715e-10
3.121036586780539857e+00 9.276087255365079721e-10
3.126792199245720383e+00 9.013550844799633387e-10
3.132558425836662330e+00 8.760111906142820909e-10
3.138335286127252655e+00 8.515396203304971195e-10
3.144122799727460560e+00 8.279046847626277943e-10
3.149920986283429869e+00 8.050723412615339522e-10
3.155729865477533647e+00 7.830101097764828137e-10
3.161549457028432375e+00 7.616869938522333781e-10
3.167379780691163660e+00 7.410734059680922524e-10
3.173220856257183087e+00 7.211410969627805531e-10
3.179072703554453483e+00 7.018630893047851008e-10
3.184935342447503537e+00 6.832136139831706914e-10
3.190808792837485530e+00 6.651680508077330673e-10
3.196693074662264156e+00 6.477028719203897600e-10
3.202588207896460037e+00 6.307955883323126199e-10
3.208494212551539437e+00 6.144246993122233947e-10
3.214411108675871542e+00 5.985696444625215118e-10
3.220338916354788417e+00 5.832107583295341572e-10
3.226277655710675596e+00 5.683292274036277333e-10
3.232227346903012943e+00 5.539070493738709020e-10
3.238188010128467464e+00 5.399269945097679661e-10
3.244159665620951927e+00 5.263725690505955786e-10
3.250142333651682591e+00 5.132279804898933670e-10
3.256136034529272028e+00 5.004781046492235646e-10
3.262140788599771746e+00 4.881084544420523320e-10
3.268156616246763679e+00 4.761051502339194680e-10
3.274183537891420137e+00 4.644548917111353883e-10
3.280221573992561979e+00 4.531449311750695019e-10
3.286270745046753206e+00 4.421630481839969212e-10
3.292331071588342706e+00 4.314975254692673120e-10
3.298402574189557068e+00 4.211371260564349282e-10
3.304485273460561423e+00 4.110710715263940248e-10
3.310579190049518505e+00 4.012890213550380050e-10
3.316684344642682358e+00 3.917810532735888732e-10
3.322800757964441853e+00 3.825376445951523811e-10
3.328928450777414838e+00 3.735496544559534171e-10
3.335067443882507199e+00 3.648083069228643643e-10
3.341217758118976366e+00 3.563051749214281252e-10
3.347379414364521466e+00 3.480321649411665867e-10
3.353552433535330835e+00 3.399815024775408281e-10
3.359736836586174835e+00 3.321457181719665145e-10
3.365932644510467142e+00 3.245176346136938772e-10
3.372139878340325581e+00 3.170903537692023641e-10
3.378358559146665385e+00 3.098572450066644223e-10
3.384588708039258709e+00 3.028119336849876031e-10
3.390830346166795906e+00 2.959482902783963510e-10
3.397083494716983676e+00 2.892604200092695942e-10
3.403348174916586366e+00 2.827426529633786956e-10
3.409624408031525444e+00 2.763895346630470578e-10
3.415912215366937676e+00 2.701958170751581123e-10
3.422211618267240407e+00 2.641564500321152886e-10
3.428522638116226595e+00 2.582665730450098790e-10
3.434845296337109222e+00 2.525215074895199498e-10
3.441179614392619879e+00 2.469167491458557907e-10
3.447525613785069609e+00 2.414479610753151918e-10
3.453883316056412411e+00 2.361109668167514431e-10
3.460252742788342495e+00 2.309017438872100952e-10
3.466633915602340466e+00 2.258164175718515367e-10
3.473026856159768361e+00 2.208512549889702955e-10
3.479431586161937151e+00 2.160026594167393254e-10
3.485848127350165360e+00 2.112671648689914927e-10
3.492276501505880759e+00 2.066414309079276914e-10
3.498716730450664336e+00 2.021222376824316192e-10
3.505168836046349323e+00 1.977064811810445676e-10
3.511632840195086480e+00 1.933911686894233163e-10
3.518108764839405378e+00 1.891734144424778291e-10
3.524596631962314319e+00 1.850504354619214314e-10
3.531096463587348300e+00 1.810195475705086034e-10
3.537608281778665820e+00 1.770781615745598496e-10
3.544132108641116830e+00 1.732237796069039804e-10
3.550667966320302238e+00 1.694539916227020340e-10
3.557215877002679161e+00 1.657664720409894801e-10
3.563775862915603998e+00 1.621589765252174146e-10
3.570347946327433686e+00 1.586293388962696760e-10
3.576932149547592310e+00 1.551754681719014650e-10
3.583528494926633723e+00 1.517953457267428205e-10
3.590137004856344127e+00 1.484870225673384660e-10
3.596757701769788262e+00 1.452486167169970708e-10
3.603390608141412432e+00 1.420783107053966033e-10
3.610035746487107122e+00 1.389743491582576513e-10
3.616693139364276277e+00 1.359350364825221118e-10
3.623362809371935445e+00 1.329587346427435358e-10
3.630044779150761958e+00 1.300438610246256808e-10
3.636739071383197519e+00 1.271888863817882545e-10
3.643445708793511262e+00 1.243923328620915361e-10
3.650164714147870360e+00 1.216527721099774998e-10
3.656896110254438170e+00 1.189688234414848815e-10
3.663639919963426195e+00 1.163391520887640640e-10
3.670396166167195773e+00 1.137624675110339135e-10
3.677164871800324697e+00 1.112375217691248562e-10
3.683946059839672937e+00 1.087631079608392845e-10
3.690739753304490112e+00 1.063380587145187115e-10
3.697545975256459005e+00 1.039612447383481127e-10
3.704364748799803930e+00 1.016315734229964604e-10
3.711196097081356893e+00 9.934798749537002738e-11
3.718040043290623320e+00 9.710946372132201352e-11
3.724896610659888641e+00 9.491501165526164542e-11
3.731765822464267135e+00 9.276367243474804652e-11
3.738647702021806296e+00 9.065451761818613643e-11
3.745542272693556107e+00 8.858664806388789403e-11
3.752449557883634768e+00 8.655919284881590436e-11
3.759369581039333053e+00 8.457130822539692394e-11
3.766302365651181816e+00 8.262217661491010271e-11
3.773247935253020380e+00 8.071100563599566637e-11
3.780206313422101783e+00 7.883702716689128068e-11
3.787177523779144295e+00 7.699949644012134786e-11
3.794161589988437555e+00 7.519769116835000942e-11
3.801158535757910961e+00 7.343091070025096952e-11
3.808168384839202947e+00 7.169847520524314299e-11
3.815191161027768896e+00 6.999972488601701271e-11
3.822226888162930880e+00 6.833401921784711158e-11
3.829275590127985129e+00 6.670073621369297157e-11
3.836337290850271753e+00 6.509928368064393184e-11
3.843412014301244906e+00 6.352928262368355618e-11
3.850499784496580702e+00 6.199051053666695650e-11
3.857600625496228286e+00 6.048273071476823417e-11
3.864714561404516857e+00 5.900568816098683798e-11
3.871841616370228945e+00 5.755911072163317690e-11
3.878981814586668353e+00 5.614271019431558262e-11
3.886135180291769853e+00 5.475618340763417971e-11
3.893301737768150694e+00 5.339921327196124548e-11
3.900481511343220742e+00 5.207146980071915877e-11
3.907674525389252640e+00 5.077261110173063098e-11
3.914880804323453312e+00 4.950228433827963818e-11
3.922100372608073204e+00 4.826012665960875330e-11
3.929333254750459137e+00 4.704576610069792430e-11
3.936579475303165321e+00 4.585882245120628225e-11
3.943839058864023084e+00 4.469890809358420414e-11
3.951112030076214143e+00 4.356562881039180030e-11
3.958398413628381629e+00 4.245858456095459197e-11
3.965698234254681598e+00 4.137737022754889884e-11
3.973011516734894943e+00 4.032157633134954888e-11
3.980338285894500672e+00 3.929078971845494338e-11
3.987678566604746067e+00 3.828459421633244708e-11
3.995032383782762153e+00 3.730257126107961838e-11
4.002399762391612548e+00 3.634430049595419341e-11
4.009780727440409365e+00 3.540936034163196091e-11
4.017175303984384271e+00 3.449732853872615627e-11
4.024583517124963095e+00 3.360778266310377392e-11
4.032005392009876843e+00 3.274030061456826021e-11
4.039440953833216774e+00 3.189446107952030618e-11
4.046890227835548082e+00 3.106984396820034301e-11
4.054353239303982726e+00 3.026603082716504963e-11
4.061830013572252263e+00 2.948260522764503783e-11
4.069320576020825087e+00 2.871915313044919148e-11
4.076824952076957054e+00 2.797526322810419390e-11
4.084343167214807835e+00 2.725052726490045536e-11
4.091875246955514633e+00 2.654454033554983496e-11
4.099421216867267681e+00 2.585690116314528416e-11
4.106981102565424813e+00 2.518721235711786071e-11
4.114554929712563869e+00 2.453508065189618440e-11
4.122142724018601712e+00 2.390011712695391865e-11
4.129744511240867944e+00 2.328193740894789033e-11
4.137360317184178626e+00 2.268016185662897456e-11
4.144990167700956185e+00 2.209441572920372888e-11
4.152634088691278258e+00 2.152432933883031226e-11
4.160292106103002041e+00 2.096953818790101467e-11
4.167964245931832679e+00 2.042968309177762965e-11
4.175650534221404975e+00 1.990441028761723242e-11
4.183350997063392640e+00 1.939337152992183194e-11
4.191065660597587339e+00 1.889622417343514515e-11
4.198794551011971521e+00 1.841263124399244852e-11
4.206537694542840988e+00 1.794226149791406535e-11
4.214295117474855523e+00 1.748478947052938319e-11
4.222066846141161456e+00 1.703989551438770609e-11
4.229852906923468048e+00 1.660726582771348743e-11
4.237653326252120323e+00 1.618659247363794313e-11
4.245468130606224300e+00 1.577757339072388446e-11
4.253297346513697619e+00 1.537991239529449647e-11
4.261141000551393887e+00 1.499331917604533223e-11
4.268999119345177284e+00 1.461750928142083559e-11
4.276871729569998948e+00 1.425220410020568862e-11
4.284758857950023092e+00 1.389713083577244486e-11
4.292660531258676748e+00 1.355202247441405528e-11
4.300576776318774996e+00 1.321661774816556361e-11
4.308507620002596461e+00 1.289066109251234227e-11
4.316453089231965023e+00 1.257390259936207800e-11
4.324413210978367950e+00 1.226609796564215142e-11
4.332388012263013621e+00 1.196700843787415122e-11
4.340377520156954994e+00 1.167640075305497049e-11
4.348381761781169530e+00 1.139404707616720337e-11
4.356400764306632922e+00 1.111972493462200542e-11
4.364434554954446988e+00 1.085321714992485020e-11
4.372483160995896512e+00 1.059431176684461080e-11
4.380546609752568266e+00 1.034280198034662835e-11
4.388624928596438046e+00 1.009848606054479289e-11
4.396718144949942619e+00 9.861167275909853152e-12
4.404826286286106729e+00 9.630653814959966221e-12
4.412949380128605270e+00 9.406758706651442764e-12
4.421087454051879639e+00 9.189299739669438961e-12
4.429240535681223889e+00 8.978099380815268655e-12
4.437408652692864663e+00 8.772984692668232873e-12
4.445591832814082878e+00 8.573787250696044607e-12
4.453790103823276780e+00 8.380343059974438224e-12
4.462003493550081856e+00 8.192492471667079060e-12
4.470232029875458757e+00 8.010080099409852870e-12
4.478475740731769683e+00 7.832954735732136073e-12
4.486734654102904507e+00 7.660969268639829884e-12
4.495008798024342944e+00 7.493980598478836144e-12
4.503298200583278899e+00 7.331849555185797459e-12
4.511602889918701287e+00 7.174440816029357063e-12
4.519922894221480192e+00 7.021622823936128742e-12
4.528258241734490319e+00 6.873267706487558702e-12
4.536608960752672282e+00 6.729251195670890199e-12
4.544975079623157832e+00 6.589452548456976776e-12
4.553356626745358682e+00 6.453754468275293240e-12
4.561753630571041107e+00 6.322043027448873574e-12
4.570166119604461841e+00 6.194207590646722216e-12
4.578594122402423139e+00 6.070140739407763486e-12
4.587037667574404232e+00 5.949738197783132756e-12
4.595496783782643035e+00 5.832898759141733155e-12
4.603971499742223195e+00 5.719524214177601705e-12
4.612461844221197538e+00 5.609519280154971097e-12
4.620967846040656468e+00 5.502791531422756446e-12
4.629489534074852308e+00 5.399251331226285000e-12
4.638026937251285453e+00 5.298811764841766817e-12
4.646580084550787859e+00 5.201388574055137495e-12
4.655149005007651830e+00 5.106900093003827989e-12
4.663733727709710841e+00 5.015267185398967189e-12
4.672334281798429245e+00 4.926413183140859580e-12
4.680950696469026617e+00 4.840263826340046328e-12
4.689583000970547921e+00 4.756747204753863830e-12
4.698231224605987855e+00 4.675793700645303798e-12
4.706895396732382331e+00 4.597335933071529006e-12
4.715575546760890191e+00 4.521308703605928590e-12
4.724271704156928209e+00 4.447648943496526427e-12
4.732983898440231485e+00 4.376295662263907550e-12
4.741712159184987563e+00 4.307189897738274837e-12
4.750456516019924358e+00 4.240274667536413086e-12
4.759216998628392759e+00 4.175494921978113765e-12
4.767993636748505182e+00 4.112797498439309886e-12
4.776786460173194193e+00 4.052131077141881441e-12
4.785595498750349286e+00 3.993446138376178851e-12
4.794420782382903923e+00 3.936694921155035782e-12
4.803262341028921689e+00 3.881831383296204941e-12
4.812120204701733073e+00 3.828811162930255476e-12
4.820994403469995859e+00 3.777591541432550666e-12
4.829884967457835465e+00 3.728130363286481545e-12
4.838791926844929314e+00 3.680371369677052353e-12
4.847715311866593879e+00 3.634248567487288166e-12
4.856655152813926790e+00 3.589698512751447852e-12
4.865611480033864567e+00 3.546660491674846421e-12
4.874584323929321172e+00 3.505076377005343665e-12
4.883573714959281276e+00 3.464890492462861603e-12
4.892579683638881072e+00 3.426049484733305452e-12
4.901602260539553058e+00 3.388502202565565302e-12
4.910641476289088203e+00 3.352199582541880174e-12
4.919697361571772731e+00 3.317094541119183922e-12
4.928769947128478712e+00 3.283141872567267024e-12
4.937859263756755546e+00 3.250298152452773215e-12
4.946965342310964076e+00 3.218521646341742492e-12
4.956088213702348533e+00 3.187772223415377541e-12
4.965227908899170650e+00 3.158011274712342004e-12
4.974384458926801145e+00 3.129201635730791705e-12
4.983557894867812088e+00 3.101307513140136434e-12
4.992748247862115463e+00 3.074294415368292741e-12
5.001955549107028887e+00 3.048129086846224531e-12
5.011179829857418611e+00 3.022779445704684790e-12
5.020421121425788336e+00 2.998214524731938341e-12
5.029679455182369807e+00 2.974404415413091870e-12
5.038954862555268477e+00 2.951320214882970132e-12
5.048247375030523898e+00 2.928933975635965771e-12
5.057557024152258940e+00 2.907218657845175440e-12
5.066883841522765053e+00 2.886148084153569627e-12
5.076227858802599080e+00 2.865696896807803816e-12
5.085589107710725365e+00 2.845840517013997922e-12
5.094967620024578814e+00 2.826555106402346864e-12
5.104363427580214108e+00 2.807817530494299055e-12
5.113776562272395410e+00 2.789605324073248321e-12
5.123207056054689623e+00 2.771896658365528776e-12
5.132654940939604948e+00 2.754670309944336835e-12
5.142120248998685916e+00 2.737905631275101474e-12
5.151603012362605760e+00 2.721582522825816390e-12
5.161103263221312076e+00 2.705681406669915776e-12
5.170621033824092549e+00 2.690183201515402135e-12
5.180156356479725055e+00 2.675069299096185456e-12
5.189709263556566476e+00 2.660321541867154365e-12
5.199279787482652182e+00 2.645922201947322260e-12
5.208867960745838133e+00 2.631853961258860933e-12
5.218473815893872825e+00 2.618099892813613433e-12
5.228097385534542063e+00 2.604643443100810909e-12
5.237738702335764884e+00 2.591468415533484519e-12
5.247397799025689480e+00 2.578558954912813137e-12
5.257074708392838858e+00 2.565899532872516926e-12
5.266769463286181008e+00 2.553474934267846329e-12
5.276482096615280781e+00 2.541270244475122433e-12
5.286212641350389596e+00 2.529270837570510548e-12
5.295961130522545801e+00 2.517462365358005355e-12
5.305727597223723002e+00 2.505830747218323740e-12
5.315512074606897563e+00 2.494362160752166076e-12
5.325314595886203151e+00 2.483043033192446889e-12
5.335135194337023101e+00 2.471860033561302321e-12
5.344973903296089013e+00 2.460800065549466569e-12
5.354830756161632621e+00 2.449850261095523512e-12
5.364705786393454190e+00 2.438997974644748192e-12
5.374599027513073501e+00 2.428230778067099769e-12
5.384510513103830220e+00 2.417536456215273349e-12
5.394440276810978929e+00 2.406903003104066222e-12
5.404388352341843671e+00 2.396318618692937303e-12
5.414354773465885451e+00 2.385771706254275466e-12
5.424339574014858556e+00 2.375250870310006795e-12
5.434342787882907366e+00 2.364744915119710371e-12
5.444364449026664943e+00 2.354242843703630326e-12
5.454404591465406682e+00 2.343733857383862424e-12
5.464463249281123147e+00 2.333207355827625948e-12
5.474540456618672835e+00 2.322652937575891078e-12
5.484636247685880761e+00 2.312060401041305658e-12
5.494750656753640605e+00 2.301419745958680637e-12
5.504883718156067474e+00 2.290721175271314866e-12
5.515035466290571620e+00 2.279955097436691187e-12
5.525205935618013875e+00 2.269112129133985186e-12
5.535395160662804237e+00 2.258183098356178208e-12
5.545603176013004898e+00 2.247159047869155828e-12
5.555830016320483900e+00 2.236031239019319974e-12
5.566075716300990628e+00 2.224791155871416958e-12
5.576340310734312133e+00 2.213430509657499326e-12
5.586623834464374383e+00 2.201941243517349714e-12
5.596926322399341736e+00 2.190315537510636773e-12
5.607247809511778591e+00 2.178545813879946730e-12
5.617588330838717781e+00 2.166624742543773185e-12
5.627947921481825766e+00 2.154545246797640564e-12
5.638326616607498565e+00 2.142300509201230942e-12
5.648724451446968331e+00 2.129883977628582159e-12
5.659141461296460562e+00 2.117289371457947793e-12
5.669577681517267820e+00 2.104510687877220895e-12
5.680033147535912263e+00 2.091542208280480869e-12
5.690507894844247794e+00 2.078378504730395323e-12
5.701001958999560415e+00 2.065014446460794705e-12
5.711515375624728996e+00 2.051445206393151489e-12
5.722048180408322970e+00 2.037666267640327320e-12
5.732600409104710693e+00 2.023673429970356602e-12
5.743172097534219311e+00 2.009462816202522026e-12
5.753763281583209377e+00 1.995030878507990918e-12
5.764373997204240041e+00 1.980374404586284011e-12
5.775004280416169422e+00 1.965490523689355987e-12
5.785654167304262963e+00 1.950376712464051304e-12
5.796323694020355966e+00 1.935030800584058723e-12
5.807012896782928202e+00 1.919450976142300906e-12
5.817721811877270000e+00 1.903635790774357848e-12
5.828450475655587049e+00 1.887584164483967557e-12
5.839198924537102542e+00 1.871295390141510083e-12
5.849967195008228593e+00 1.854769137626630213e-12
5.860755323622638180e+00 1.838005457586616194e-12
5.871563347001432120e+00 1.821004784782177688e-12
5.882391301833245656e+00 1.803767940993095797e-12
5.893239224874355031e+00 1.786296137456777353e-12
5.904107152948842696e+00 1.768590976813014100e-12
5.914995122948677242e+00 1.750654454529550926e-12
5.925903171833879490e+00 1.732488959783644920e-12
5.936831336632627298e+00 1.714097275775864495e-12
5.947779654441366581e+00 1.695482579453531768e-12
5.958748162424978290e+00 1.676648440622130049e-12
5.969736897816857457e+00 1.657598820424954761e-12
5.980745897919078402e+00 1.638338069171837637e-12
5.991775200102507526e+00 1.618870923500100493e-12
6.002824841806907230e+00 1.599202502852085351e-12
6.013894860541111775e+00 1.579338305255228925e-12
6.024985293883099224e+00 1.559284202393163766e-12
6.036096179480167301e+00 1.539046433957258293e-12
6.047227555049039083e+00 1.518631601271040637e-12
6.058379458375974025e+00 1.498046660181348276e-12
6.069551927316939377e+00 1.477298913212415921e-12
6.080744999797688344e+00 1.456396518472905343e-12
6.091958713813935056e+00 1.435354987522970811e-12
6.103193107431460263e+00 1.414194778022927293e-12
6.114448218786226796e+00 1.392936011157527306e-12
6.125724086084549214e+00 1.371598331308138092e-12
6.137020747603173731e+00 1.350200888198397063e-12
6.148338241689454975e+00 1.328762320827292867e-12
6.159676606761463447e+00 1.307300743158836189e-12
6.171035881308099214e+00 1.285833731532863577e-12
6.182416103889267767e+00 1.264378313757529147e-12
6.193817313135956404e+00 1.242950959840777929e-12
6.205239547750414530e+00 1.221567574314202273e-12
6.216682846506262905e+00 1.200243490100286419e-12
6.228147248248605550e+00 1.178993463871162116e-12
6.239632791894210939e+00 1.157831672844577635e-12
6.251139516431586607e+00 1.136771712961244463e-12
6.262667460921160334e+00 1.115826598385582913e-12
6.274216664495392948e+00 1.095008762270885398e-12
6.285787166358892009e+00 1.074330058728763795e-12
6.297379005788587669e+00 1.053801765941653788e-12
6.308992222133817940e+00 1.033434590357345371e-12
6.320626854816504547e+00 1.013238671903288499e-12
6.332282943331270175e+00 9.932235901592892730e-13
6.343960527245549486e+00 9.733983714268365749e-13
6.355659646199764978e+00 9.537714966337989397e-13
6.367380339907443343e+00 9.343509100141232127e-13
6.379122648155325592e+00 9.151440285026520542e-13
6.390886610803552692e+00 8.961577517860477364e-13
6.402672267785747273e+00 8.773984729525467409e-13
6.414479659109193044e+00 8.588720896835976294e-13
6.426308824854955581e+00 8.405840159326046950e-13
6.438159805177991579e+00 8.225391940372052331e-13
6.450032640307338916e+00 8.047421072128437525e-13
6.461927370546193927e+00 7.871967923776849324e-13
6.473844036272099700e+00 7.699068532601066032e-13
6.485782677937058871e+00 7.528754737421017694e-13
6.497743336067655306e+00 7.361054313939879601e-13
6.509726051265233515e+00 7.195991111571725186e-13
6.521730864205987466e+00 7.033585191344288546e-13
6.533757815641143551e+00 6.873852964484637653e-13
6.545806946397077830e+00 6.716807331319532656e-13
6.557878297375435928e+00 6.562457820141821492e-13
6.569971909553319556e+00 6.410810725710637446e-13
6.582087823983370001e+00 6.261869247079554863e-13
6.594226081793954641e+00 6.115633624459307350e-13
6.606386724189287740e+00 5.972101274847352559e-13
6.618569792449550349e+00 5.831266926171764238e-13
6.630775327931075935e+00 5.693122749716147653e-13
6.643003372066436540e+00 5.557658490614364596e-13
6.655253966364634621e+00 5.424861596215346062e-13
6.667527152411216740e+00 5.294717342142620616e-13
6.679822971868402348e+00 5.167208955884912603e-13
6.692141466475267642e+00 5.042317737773216153e-13
6.704482678047831712e+00 4.920023179215559472e-13
6.716846648479252835e+00 4.800303078073960081e-13
6.729233419739941269e+00 4.683133651085654304e-13
6.741643033877689817e+00 4.568489643242498290e-13
6.754075533017857680e+00 4.456344434055776550e-13
6.766530959363463715e+00 4.346670140648973775e-13
6.779009355195372954e+00 4.239437717629147201e-13
6.791510762872424500e+00 4.134617053703155952e-13
6.804035224831550543e+00 4.032177065013209982e-13
6.816582783587970873e+00 3.932085785176201214e-13
6.829153481735280806e+00 3.834310452024011806e-13
6.841747361945646588e+00 3.738817591046294980e-13
6.854364466969926184e+00 3.645573095549939514e-13
6.867004839637795399e+00 3.554542303554768528e-13
6.879668522857940616e+00 3.465690071451925278e-13
6.892355559618151162e+00 3.378980844460656986e-13
6.905065992985512935e+00 3.294378723921653865e-13
6.917799866106530970e+00 3.211847531474177033e-13
6.930557222207260004e+00 3.131350870166657141e-13
6.943338104593496318e+00 3.052852182556032974e-13
6.956142556650869224e+00 2.976314805856026269e-13
6.968970621845038238e+00 2.901702024195805156e-13
6.981822343721820978e+00 2.828977118056821718e-13
6.994697765907316622e+00 2.758103410955657110e-13
7.007596932108105747e+00 2.689044313444356912e-13
7.020519886111340924e+00 2.621763364502365207e-13
7.033466671784944779e+00 2.556224270393819547e-13
7.046437333077741449e+00 2.492390941067989229e-13
7.059431914019577370e+00 2.430227524179402421e-13
7.072450458721520228e+00 2.369698436805710110e-13
7.085493011375982420e+00 2.310768394942671799e-13
7.098559616256852500e+00 2.253402440854612107e-13
7.111650317719695025e+00 2.197565968358678483e-13
7.124765160201842917e+00 2.143224746122796154e-13
7.137904188222599977e+00 2.090344939053895565e-13
7.151067446383368775e+00 2.038893127854999541e-13
7.164254979367781218e+00 1.988836326827542255e-13
7.177466831941901049e+00 1.940141999994158637e-13
7.190703048954318000e+00 1.892778075617508036e-13
7.203963675336350292e+00 1.846712959187523539e-13
7.217248756102174312e+00 1.801915544949939592e-13
7.230558336348958726e+00 1.758355226046445132e-13
7.243892461257065207e+00 1.716001903335286736e-13
7.257251176090146139e+00 1.674825992960381943e-13
7.270634526195347114e+00 1.634798432734336395e-13
7.284042557003441054e+00 1.595890687399714419e-13
7.297475314028956994e+00 1.558074752830989558e-13
7.310932842870391468e+00 1.521323159237282486e-13
7.324415189210299104e+00 1.485608973425449468e-13
7.337922398815501346e+00 1.450905800179428241e-13
7.351454517537222344e+00 1.417187782811655578e-13
7.365011591311216854e+00 1.384429602939363749e-13
7.378593666157982511e+00 1.352606479536903617e-13
7.392200788182855753e+00 1.321694167313946833e-13
7.405833003576217877e+00 1.291668954466641050e-13
7.419490358613634484e+00 1.262507659847883819e-13
7.433172899655983379e+00 1.234187629600471815e-13
7.446880673149671281e+00 1.206686733295037772e-13
7.460613725626726200e+00 1.179983359613670442e-13
7.474372103705012371e+00 1.154056411617271949e-13
7.488155854088360819e+00 1.128885301634144537e-13
7.501965023566709689e+00 1.104449945804711716e-13
7.515799659016313861e+00 1.080730758316146883e-13
7.529659807399845306e+00 1.057708645359281389e-13
7.543545515766602705e+00 1.035364998837789708e-13
7.557456831252649998e+00 1.013681689859353890e-13
7.571393801080954944e+00 9.926410620360276913e-14
7.585356472561599617e+00 9.722259246200302979e-14
7.599344893091883435e+00 9.524195455001878413e-14
7.613359110156534548e+00 9.332056440821494459e-14
7.627399171327849281e+00 9.145683840750221592e-14
7.641465124265831577e+00 8.964923662054094747e-14
7.655557016718407048e+00 8.789623536749651900e-14
7.669674896521524232e+00 8.619602554798681330e-14
7.683818811599370413e+00 8.454664571912014371e-14
7.697988809964512846e+00 8.294621280279384516e-14
7.712184939718034649e+00 8.139292268595335495e-14
7.726407249049756842e+00 7.988504648927080353e-14
7.740655786238338720e+00 7.842092702903446009e-14
7.754930599651492784e+00 7.699897546143169255e-14
7.769231737746129518e+00 7.561766809907455640e-14
7.783559249068496833e+00 7.427554339022935909e-14
7.797913182254392339e+00 7.297119905174834999e-14
7.812293586029303682e+00 7.170328934727906979e-14
7.826700509208553314e+00 7.047052250278794080e-14
7.841134000697514317e+00 6.927165825191029365e-14
7.855594109491718768e+00 6.810550550410195462e-14
7.870080884677075339e+00 6.697092012893402881e-14
7.884594375430014956e+00 6.586680285030002668e-14
7.899134631017631136e+00 6.479209724464398189e-14
7.913701700797905580e+00 6.374578783765334154e-14
7.928295634219811205e+00 6.272689829419852248e-14
7.942916480823534187e+00 6.173448969658336324e-14
7.957564290240619620e+00 6.076765890645351769e-14
7.972239112194118071e+00 5.982553700598803290e-14
7.986940996498804957e+00 5.890728781421773552e-14
8.001669993061289787e+00 5.801210647458971081e-14
8.016426151880242656e+00 5.713921811006449762e-14
8.031209523046536347e+00 5.628787654229066876e-14
8.046020156743393770e+00 5.545736307155495309e-14
8.060858103246614448e+00 5.464698531440496873e-14
8.075723412924682876e+00 5.385607609601821510e-14
8.090616136238988787e+00 5.308399239454054626e-14
8.105536323743987026e+00 5.233011433477183171e-14
8.120484026087332552e+00 5.159384422872915913e-14
8.135459294010116693e+00 5.087460566073751174e-14
8.150462178346966624e+00 5.017184261483779078e-14
8.165492730026285173e+00 4.948501864241056945e-14
8.180551000070391154e+00 4.881361606803606737e-14
8.195637039595672135e+00 4.815713523171604372e-14
8.210750899812815362e+00 4.751509376566540543e-14
8.225892632026912565e+00 4.688702590401106594e-14
8.241062287637690886e+00 4.627248182378475833e-14
8.256259918139672749e+00 4.567102701571116271e-14
8.271485575122310863e+00 4.508224168335687686e-14
8.286739310270235137e+00 4.450572016927924944e-14
8.302021175363353933e+00 4.394107040689628183e-14
8.317331222277084990e+00 4.338791339685058524e-14
8.332669502982520626e+00 4.284588270671779577e-14
8.348036069546560967e+00 4.231462399295353995e-14
8.363430974132160856e+00 4.179379454404753115e-14
8.378854268998441768e+00 4.128306284388423062e-14
8.394306006500915629e+00 4.078210815438456296e-14
8.409786239091650017e+00 4.029062011652381175e-14
8.425295019319413825e+00 3.980829836889281628e-14
8.440832399829918842e+00 3.933485218298385236e-14
8.456398433365926337e+00 3.887000011445068155e-14
8.471993172767488645e+00 3.841346966960236899e-14
8.487616670972103705e+00 3.796499698644947075e-14
8.503268981014866057e+00 3.752432652964370893e-14
8.518950156028706644e+00 3.709121079867791264e-14
8.534660249244513608e+00 3.666541004876222155e-14
8.550399313991356109e+00 3.624669202379972460e-14
8.566167403696654858e+00 3.583483170092796060e-14
8.581964571886333104e+00 3.542961104611145143e-14
8.597790872185054667e+00 3.503081878028899225e-14
8.613646358316339402e+00 3.463825015561978111e-14
8.629531084102811889e+00 3.425170674136924597e-14
8.645445103466345316e+00 3.387099621902432327e-14
8.661388470428232011e+00 3.349593218621914544e-14
8.677361239109409041e+00 3.312633396909360089e-14
8.693363463730623408e+00 3.276202644270931936e-14
8.709395198612583044e+00 3.240283985917568078e-14
8.725456498176209053e+00 3.204860968313920965e-14
8.741547416942742288e+00 3.169917643432575817e-14
8.757668009533997378e+00 3.135438553681443716e-14
8.773818330672520815e+00 3.101408717475746822e-14
8.789998435181743730e+00 3.067813615425848995e-14
8.806208377986237679e+00 3.034639177113741371e-14
8.822448214111826559e+00 3.001871768432769568e-14
8.838717998685837074e+00 2.969498179464934271e-14
8.855017786937255053e+00 2.937505612872694457e-14
8.871347634196890652e+00 2.905881672781877565e-14
8.887707595897627044e+00 2.874614354133636892e-14
8.904097727574541210e+00 2.843692032484906069e-14
8.920518084865145525e+00 2.813103454236234403e-14
8.936968723509556511e+00 2.782837727268276141e-14
8.953449699350660040e+00 2.752884311967651702e-14
8.969961068334356469e+00 2.723233012624136146e-14
8.986502886509681431e+00 2.693873969182150631e-14
9.003075210029059861e+00 2.664797649329287445e-14
9.019678095148471186e+00 2.635994840906003338e-14
9.036311598227610986e+00 2.607456644620985097e-14
9.052975775730145003e+00 2.579174467056690034e-14
9.069670684223828161e+00 2.551140013951177747e-14
9.086396380380763915e+00 2.523345283741548985e-14
9.103152920977564122e+00 2.495782561356028420e-14
9.119940362895519570e+00 2.468444412241223890e-14
9.136758763120852223e+00 2.441323676611978221e-14
9.153608178744839563e+00 2.414413463911703635e-14
9.170488666964068614e+00 2.387707147471124478e-14
9.187400285080604689e+00 2.361198359354209994e-14
9.204343090502161928e+00 2.334880985379972928e-14
9.221317140742353757e+00 2.308749160309484302e-14
9.238322493420822568e+00 2.282797263187730552e-14
9.255359206263497285e+00 2.257019912830136393e-14
9.272427337102758571e+00 2.231411963443975953e-14
9.289526943877611131e+00 2.205968500375445039e-14
9.306658084633946615e+00 2.180684835972725927e-14
9.323820817524660853e+00 2.155556505556891015e-14
9.341015200809920316e+00 2.130579263491204572e-14
9.358241292857330862e+00 2.105749079341269075e-14
9.375499152142110049e+00 2.081062134117516952e-14
9.392788837247346478e+00 2.056514816592301739e-14
9.410110406864125920e+00 2.032103719684266141e-14
9.427463919791801317e+00 2.007825636902435384e-14
9.444849434938152655e+00 1.983677558843240604e-14
9.462267011319571708e+00 1.959656669733587418e-14
9.479716708061317831e+00 1.935760344013428129e-14
9.497198584397649412e+00 1.911986142951550330e-14
9.514712699672090324e+00 1.888331811288647488e-14
9.532259113337600454e+00 1.864795273901663827e-14
9.549837884956749789e+00 1.841374632484119023e-14
9.567449074201988424e+00 1.818068162236699128e-14
9.585092740855774451e+00 1.794874308563588508e-14
9.602768944810836871e+00 1.771791683769044754e-14
9.620477746070362102e+00 1.748819063750185163e-14
9.638219204748152080e+00 1.725955687495058470e-14
9.655993381068904924e+00 1.703204365504013399e-14
9.673800335368376579e+00 1.680570027417185862e-14
9.691640128093560236e+00 1.658057476117863498e-14
9.709512819802963435e+00 1.635671351864561502e-14
9.727418471166730640e+00 1.613416133140209930e-14
9.745357142966922126e+00 1.591296137615525473e-14
9.763328896097682730e+00 1.569315523222937028e-14
9.781333791565431923e+00 1.547478289336429736e-14
9.799371890489128489e+00 1.525788278053061510e-14
9.817443254100403749e+00 1.504249175572054406e-14
9.835547943743838673e+00 1.482864513666921721e-14
9.853686020877143292e+00 1.461637671246639184e-14
9.871857547071332561e+00 1.440571876001576099e-14
9.890062584011003466e+00 1.419670206129823879e-14
9.908301193494475356e+00 1.398935592140057652e-14
9.926573437434054625e+00 1.378370818726608147e-14
9.944879377856226554e+00 1.357978526712693051e-14
9.963219076901829396e+00 1.337761215058001439e-14
9.981592596826340369e+00 1.317721242926232567e-14
1.000000000000000000e+01 1.297860831809206259e-14
