1.000000000000000021e-03 1.352685993538739417e+01
1.001844134890810109e-03 1.355034650537770524e+01
1.003691670615116955e-03 1.357387204877242937e+01
1.005542613444513830e-03 1.359743662090659377e+01
1.007396969662164394e-03 1.362104027716420696e+01
1.009254745562814838e-03 1.364468307297801886e+01
1.011115947452822942e-03 1.366836506382969496e+01
1.012980581650176288e-03 1.369208630524957826e+01
1.014848654484510476e-03 1.371584685281669636e+01
1.016720172297138182e-03 1.373964676215881298e+01
1.018595141441061948e-03 1.376348608895216330e+01
1.020473568281003024e-03 1.378736488892163869e+01
1.022355459193420666e-03 1.381128321784058954e+01
1.024240820566529485e-03 1.383524113153076840e+01
1.026129658800329367e-03 1.385923868586238505e+01
1.028021980306618273e-03 1.388327593675390403e+01
1.029917791509021505e-03 1.390735294017216006e+01
1.031817098843010360e-03 1.393146975213216265e+01
1.033719908755921426e-03 1.395562642869136560e+01
1.035626227706984339e-03 1.397982302567840662e+01
1.037536062167336961e-03 1.400405959857243410e+01
1.039449418620053568e-03 1.402833620286566685e+01
1.041366303560164151e-03 1.405265289409330443e+01
1.043286723494673499e-03 1.407700972783342230e+01
1.045210684942590035e-03 1.410140675970706070e+01
1.047138194434940345e-03 1.412584404537795635e+01
1.049069258514797806e-03 1.415032164055256736e+01
1.051003883737302311e-03 1.417483960098004125e+01
1.052942076669679356e-03 1.419939798245196272e+01
1.054883843891269097e-03 1.422399684080251347e+01
1.056829191993540872e-03 1.424863623190814543e+01
1.058778127580122918e-03 1.427331621168770504e+01
1.060730657266821227e-03 1.429803683610225740e+01
1.062686787681639067e-03 1.432279816115493709e+01
1.064646525464805820e-03 1.434760024289105651e+01
1.066609877268796282e-03 1.437244313739785007e+01
1.068576849758350392e-03 1.439732690080442978e+01
1.070547449610502943e-03 1.442225158928183504e+01
1.072521683514597460e-03 1.444721725904268972e+01
1.074499558172317204e-03 1.447222396634141361e+01
1.076481080297704042e-03 1.449727176747393642e+01
1.078466256617178175e-03 1.452236071877762846e+01
1.080455093869568282e-03 1.454749087663134155e+01
1.082447598806126916e-03 1.457266229745518693e+01
1.084443778190558906e-03 1.459787503771053530e+01
1.086443638799043264e-03 1.462312915389990309e+01
1.088447187420251393e-03 1.464842470256679441e+01
1.090454430855378317e-03 1.467376174029579872e+01
1.092465375918157209e-03 1.469914032371226043e+01
1.094480029434889961e-03 1.472456050948243345e+01
1.096498398244466922e-03 1.475002235431321296e+01
1.098520489198387060e-03 1.477552591495206968e+01
1.100546309160788756e-03 1.480107124818711029e+01
1.102575865008464549e-03 1.482665841084676117e+01
1.104609163630891925e-03 1.485228745976955977e+01
1.106646211930253487e-03 1.487795845139787509e+01
1.108687016821456898e-03 1.490367144188369508e+01
1.110731585232166765e-03 1.492942648740570633e+01
1.112779924102818294e-03 1.495522364417694661e+01
1.114832040386649382e-03 1.498106296844475160e+01
1.116887941049720789e-03 1.500694451649066608e+01
1.118947633070935645e-03 1.503286834463019872e+01
1.121011123442072419e-03 1.505883450921290923e+01
1.123078419167798138e-03 1.508484306662205476e+01
1.125149527265701570e-03 1.511089407327465928e+01
1.127224454766311869e-03 1.513698758562131097e+01
1.129303208713120909e-03 1.516312366014604507e+01
1.131385796162613861e-03 1.518930235336627455e+01
1.133472224184284369e-03 1.521552372183256807e+01
1.135562499860666864e-03 1.524178782212864647e+01
1.137656630287356722e-03 1.526809471087119796e+01
1.139754622573031090e-03 1.529444444470971831e+01
1.141856483839481405e-03 1.532083708032651082e+01
1.143962221221627709e-03 1.534727267443642695e+01
1.146071841867551174e-03 1.537375128378680067e+01
1.148185352938515353e-03 1.540027296515740041e+01
1.150302761608986563e-03 1.542683777536013068e+01
1.152424075066665974e-03 1.545344577123906404e+01
1.154549300512506095e-03 1.548009700967024216e+01
1.156678445160741779e-03 1.550679154756155498e+01
1.158811516238911904e-03 1.553352944185266971e+01
1.160948520987880846e-03 1.556031074951479276e+01
1.163089466661869050e-03 1.558713552755060583e+01
1.165234360528475148e-03 1.561400383299420902e+01
1.167383209868696559e-03 1.564091572291082421e+01
1.169536021976962667e-03 1.566787125439682882e+01
1.171692804161149782e-03 1.569487048457952483e+01
1.173853563742614532e-03 1.572191347061702338e+01
1.176018308056215331e-03 1.574900026969818434e+01
1.178187044450333416e-03 1.577613093903888775e+01
1.180359780286906017e-03 1.580330553558273010e+01
1.182536522941441976e-03 1.583052411576780472e+01
1.184717279803055787e-03 1.585778673600221467e+01
1.186902058274487545e-03 1.588509345271792483e+01
1.189090865772125935e-03 1.591244432237052031e+01
1.191283709726041187e-03 1.593983940143911759e+01
1.193480597580000692e-03 1.596727874642623846e+01
1.195681536791503045e-03 1.599476241385748487e+01
1.197886534831798860e-03 1.602229046028159587e+01
1.200095599185913974e-03 1.604986294227011356e+01
1.202308737352681756e-03 1.607747991641728191e+01
1.204525956844759802e-03 1.610514143933991349e+01
1.206747265188663765e-03 1.613284756767711769e+01
1.208972669924789035e-03 1.616059835809031853e+01
1.211202178607433295e-03 1.618839386726287799e+01
1.213435798804829912e-03 1.621623415190007478e+01
1.215673538099163982e-03 1.624411926872887335e+01
1.217915404086607244e-03 1.627204927449775695e+01
1.220161404377339762e-03 1.630002422597664236e+01
1.222411546595572043e-03 1.632804417995655655e+01
1.224665838379579300e-03 1.635610919324960477e+01
1.226924287381718579e-03 1.638421932268870762e+01
1.229186901268461505e-03 1.641237462512749445e+01
1.231453687720418782e-03 1.644057515744011866e+01
1.233724654432360795e-03 1.646882097652101251e+01
1.235999809113253606e-03 1.649711213928481968e+01
1.238279159486274129e-03 1.652544870266614652e+01
1.240562713288845915e-03 1.655383072361944485e+01
1.242850478272661263e-03 1.658225825911873841e+01
1.245142462203703993e-03 1.661073136615759083e+01
1.247438672862284355e-03 1.663925010174881791e+01
1.249739118043055727e-03 1.666781452292426025e+01
1.252043805555049091e-03 1.669642468673482227e+01
1.254352743221697321e-03 1.672508065025009927e+01
1.256665938880855782e-03 1.675378247054005243e+01
1.258983400384840060e-03 1.678253020423430897e+01
1.261305135600440707e-03 1.681132390749485594e+01
1.263631152408959454e-03 1.684016363647211634e+01
1.265961458706232846e-03 1.686904944732759404e+01
1.268296062402653928e-03 1.689798139623365003e+01
1.270634971423209103e-03 1.692695953937326436e+01
1.272978193707494186e-03 1.695598393293982653e+01
1.275325737209750824e-03 1.698505463313702535e+01
1.277677609898888837e-03 1.701417169617849723e+01
1.280033819758510287e-03 1.704333517828761657e+01
1.282394374786945254e-03 1.707254513569743892e+01
1.284759282997268532e-03 1.710180162465028175e+01
1.287128552417336064e-03 1.713110470139769603e+01
1.289502191089808136e-03 1.716045442220008255e+01
1.291880207072173235e-03 1.718985084332658531e+01
1.294262608436783394e-03 1.721929402105484641e+01
1.296649403270872620e-03 1.724878401167071829e+01
1.299040599676592675e-03 1.727832087146820328e+01
1.301436205771036494e-03 1.730790465674904510e+01
1.303836229686262472e-03 1.733753542382265422e+01
1.306240679569330675e-03 1.736721322900580233e+01
1.308649563582320189e-03 1.739693812862238431e+01
1.311062889902365764e-03 1.742671017900331876e+01
1.313480666721682536e-03 1.745652943648618560e+01
1.315902902247588577e-03 1.748639595741503783e+01
1.318329604702541758e-03 1.751630979814026290e+01
1.320760782324162949e-03 1.754627101501821684e+01
1.323196443365260745e-03 1.757627966441108569e+01
1.325636596093867888e-03 1.760633580268665810e+01
1.328081248793259485e-03 1.763643948621801272e+01
1.330530409761989871e-03 1.766659077138344003e+01
1.332984087313917329e-03 1.769678971456604089e+01
1.335442289778227725e-03 1.772703637215360928e+01
1.337905025499472452e-03 1.775733080053460355e+01
1.340372302837586436e-03 1.778767305574789503e+01
1.342844130167924772e-03 1.781806319319714049e+01
1.345320515881288318e-03 1.784850126821632088e+01
1.347801468383947763e-03 1.787898733613550917e+01
1.350286996097681356e-03 1.790952145228087034e+01
1.352777107459792252e-03 1.794010367197408939e+01
1.355271810923148199e-03 1.797073405053238560e+01
1.357771114956204299e-03 1.800141264326803991e+01
1.360275028043029470e-03 1.803213950548824229e+01
1.362783558683342651e-03 1.806291469249477188e+01
1.365296715392533191e-03 1.809373825958372706e+01
1.367814506701697059e-03 1.812461026204531578e+01
1.370336941157663298e-03 1.815553075516351811e+01
1.372864027323018312e-03 1.818649979421573448e+01
1.375395773776144246e-03 1.821751743447281058e+01
1.377932189111237635e-03 1.824858373119834454e+01
1.380473281938348219e-03 1.827969873964877934e+01
1.383019060883403442e-03 1.831086251507295870e+01
1.385569534588234047e-03 1.834207511271176116e+01
1.388124711710613099e-03 1.837333658779808587e+01
1.390684600924274638e-03 1.840464699555632322e+01
1.393249210918951408e-03 1.843600639120212037e+01
1.395818550400402180e-03 1.846741482994235639e+01
1.398392628090435602e-03 1.849887236697437842e+01
1.400971452726950534e-03 1.853037905748623615e+01
1.403555033063953175e-03 1.856193495665599968e+01
1.406143377871598701e-03 1.859354011965172759e+01
1.408736495936214897e-03 1.862519460163110807e+01
1.411334396060328613e-03 1.865689845774098998e+01
1.413937087062705229e-03 1.868865174311752142e+01
1.416544577778368168e-03 1.872045451288537876e+01
1.419156877058637281e-03 1.875230682215778444e+01
1.421773993771155735e-03 1.878420872603621206e+01
1.424395936799915593e-03 1.881616027953048587e+01
1.427022715045296640e-03 1.884816153694959340e+01
1.429654337424091743e-03 1.888021255223146611e+01
1.432290812869533745e-03 1.891231337929056266e+01
1.434932150331334711e-03 1.894446407202029903e+01
1.437578358775706095e-03 1.897666468429288500e+01
1.440229447185397988e-03 1.900891526995881620e+01
1.442885424559726222e-03 1.904121588284673905e+01
1.445546299914598392e-03 1.907356657676292500e+01
1.448212082282553754e-03 1.910596740549113903e+01
1.450882780712784044e-03 1.913841842279209970e+01
1.453558404271172071e-03 1.917091968240332278e+01
1.456238962040320344e-03 1.920347123803880507e+01
1.458924463119576223e-03 1.923607314338847729e+01
1.461614916625072905e-03 1.926872545211808330e+01
1.464310331689750019e-03 1.930142821786881413e+01
1.467010717463392878e-03 1.933418149425684263e+01
1.469716083112661102e-03 1.936698533487319551e+01
1.472426437821113985e-03 1.939983979328314945e+01
1.475141790789252783e-03 1.943274492302623457e+01
1.477862151234539357e-03 1.946570077761551332e+01
1.480587528391438899e-03 1.949870741053755552e+01
1.483317931511445292e-03 1.953176487525200145e+01
1.486053369863109958e-03 1.956487322519108574e+01
1.488793852732082186e-03 1.959803251375952371e+01
1.491539389421129083e-03 1.963124279433394648e+01
1.494289989250178292e-03 1.966450412026268424e+01
1.497045661556344444e-03 1.969781654486552114e+01
1.499806415693956483e-03 1.973118012143304867e+01
1.502572261034600164e-03 1.976459490322663370e+01
1.505343206967137788e-03 1.979806094347783230e+01
1.508119262897749833e-03 1.983157829538820849e+01
1.510900438249964013e-03 1.986514701212889733e+01
1.513686742464681297e-03 1.989876714666606716e+01
1.516478185000218843e-03 1.993243875115766528e+01
1.519274775332330168e-03 1.996616187750738547e+01
1.522076522954248293e-03 1.999993657757933363e+01
1.524883437376712853e-03 2.003376290319747355e+01
1.527695528127997852e-03 2.006764090614515794e+01
1.530512804753954813e-03 2.010157063816498280e+01
1.533335276818033376e-03 2.013555215095814432e+01
1.536162953901323586e-03 2.016958549618421515e+01
1.538995845602584732e-03 2.020367072546067533e+01
1.541833961538272230e-03 2.023780789036257488e+01
1.544677311342582734e-03 2.027199704242213585e+01
1.547525904667472344e-03 2.030623823312824427e+01
1.550379751182702362e-03 2.034053151392624414e+01
1.553238860575865531e-03 2.037487693621740803e+01
1.556103242552415739e-03 2.040927455135855695e+01
1.558972906835710956e-03 2.044372441066175128e+01
1.561847863167034481e-03 2.047822656539375430e+01
1.564728121305638099e-03 2.051278106677574442e+01
1.567613691028771350e-03 2.054738796598287465e+01
1.570504582131709284e-03 2.058204731414386757e+01
1.573400804427797133e-03 2.061675916234061745e+01
1.576302367748471343e-03 2.065152356160772840e+01
1.579209281943302944e-03 2.068634056293225143e+01
1.582121556880027469e-03 2.072121021725321199e+01
1.585039202444572934e-03 2.075613257546105928e+01
1.587962228541104498e-03 2.079110768839749213e+01
1.590890645092045939e-03 2.082613560685490839e+01
1.593824462038123668e-03 2.086121638157603897e+01
1.596763689338396436e-03 2.089635006325349664e+01
1.599708336970284174e-03 2.093153670252939591e+01
1.602658414929612665e-03 2.096677634999502615e+01
1.605613933230635006e-03 2.100206905601226381e+01
1.608574901906076500e-03 2.103741487010384148e+01
1.611541331007164792e-03 2.107281384151648851e+01
1.614513230603657626e-03 2.110826601943638536e+01
1.617490610783890335e-03 2.114377145298873018e+01
1.620473481654794703e-03 2.117933019123721650e+01
1.623461853341946889e-03 2.121494228318368869e+01
1.626455735989595832e-03 2.125060777776768361e+01
1.629455139760692525e-03 2.128632672386576985e+01
1.632460074836935334e-03 2.132209917029137003e+01
1.635470551418798405e-03 2.135792516579417111e+01
1.638486579725562239e-03 2.139380475905967671e+01
1.641508169995360093e-03 2.142973799870872398e+01
1.644535332485198582e-03 2.146572493329711762e+01
1.647568077471004734e-03 2.150176561131505437e+01
1.650606415247655697e-03 2.153786008118682105e+01
1.653650356129008877e-03 2.157400839127005554e+01
1.656699910447948778e-03 2.161021058985568999e+01
1.659755088556408038e-03 2.164646672516703063e+01
1.662815900825414693e-03 2.168277684535971517e+01
1.665882357645122325e-03 2.171914099852090274e+01
1.668954469424840849e-03 2.175555923266907143e+01
1.672032246593082487e-03 2.179203159575330417e+01
1.675115699597584532e-03 2.182855813565310754e+01
1.678204838905356404e-03 2.186513890017767991e+01
1.681299675002710008e-03 2.190177393706555620e+01
1.684400218395290310e-03 2.193846329398414952e+01
1.687506479608123040e-03 2.197520701852923963e+01
1.690618469185636592e-03 2.201200515822450399e+01
1.693736197691709947e-03 2.204885776052103452e+01
1.696859675709703249e-03 2.208576487279692202e+01
1.699988913842488377e-03 2.212272654225779078e+01
1.703123922712497518e-03 2.215974281529809531e+01
1.706264712961745068e-03 2.219681373789958201e+01
1.709411295251875990e-03 2.223393935595982995e+01
1.712563680264196815e-03 2.227111971529297563e+01
1.715721878699706226e-03 2.230835486162930081e+01
1.718885901279144490e-03 2.234564484061477074e+01
1.722055758743015145e-03 2.238298969781039460e+01
1.725231461851633790e-03 2.242038947869192356e+01
1.728413021385159527e-03 2.245784422864916152e+01
1.731600448143626615e-03 2.249535399298540739e+01
1.734793752946992614e-03 2.253291881691710685e+01
1.737992946635161587e-03 2.257053874557324136e+01
1.741198040068033534e-03 2.260821382399473123e+01
1.744409044125535191e-03 2.264594409713413370e+01
1.747625969707651897e-03 2.268372960985474052e+01
1.750848827734475741e-03 2.272157040693059571e+01
1.754077629146236781e-03 2.275946653304538358e+01
1.757312384903334922e-03 2.279741803279235768e+01
1.760553105986389791e-03 2.283542495067352007e+01
1.763799803396263501e-03 2.287348733109920929e+01
1.767052488154110743e-03 2.291160521838769881e+01
1.770311171301410446e-03 2.294977865676436579e+01
1.773575863899998521e-03 2.298800769036139258e+01
1.776846577032117078e-03 2.302629236321719475e+01
1.780123321800438502e-03 2.306463271927576741e+01
1.783406109328115755e-03 2.310302880238627665e+01
1.786694950758813604e-03 2.314148065630249818e+01
1.789989857256742232e-03 2.317998832468223824e+01
1.793290840006707540e-03 2.321855185108680786e+01
1.796597910214134137e-03 2.325717127895944714e+01
1.799911079105116730e-03 2.329584665112092523e+01
1.803230357926452216e-03 2.333457800974066032e+01
1.806555757945672424e-03 2.337336539685634662e+01
1.809887290451095941e-03 2.341220885439888733e+01
1.813224966751850664e-03 2.345110842419191499e+01
1.816568798177925839e-03 2.349006414795125863e+01
1.819918796080204808e-03 2.352907606728427936e+01
1.823274971830497531e-03 2.356814422368931616e+01
1.826637336821593065e-03 2.360726865855520273e+01
1.830005902467282328e-03 2.364644941316044680e+01
1.833380680202410795e-03 2.368568652867299207e+01
1.836761681482911241e-03 2.372498004614933720e+01
1.840148917785837130e-03 2.376433000653404903e+01
1.843542400609414445e-03 2.380373645065936117e+01
1.846942141473066189e-03 2.384319941924420050e+01
1.850348151917464426e-03 2.388271895289393854e+01
1.853760443504563456e-03 2.392229509209975191e+01
1.857179027817633865e-03 2.396192787723777684e+01
1.860603916461315210e-03 2.400161734856890661e+01
1.864035121061639660e-03 2.404136354623786787e+01
1.867472653266084902e-03 2.408116651027283694e+01
1.870916524743608620e-03 2.412102628058477904e+01
1.874366747184681671e-03 2.416094289696677322e+01
1.877823332301341210e-03 2.420091639909354342e+01
1.881286291827215630e-03 2.424094682652081545e+01
1.884755637517577034e-03 2.428103421868460998e+01
1.888231381149376364e-03 2.432117861490092636e+01
1.891713534521276578e-03 2.436138005436477982e+01
1.895202109453707076e-03 2.440163857614987819e+01
1.898697117788887773e-03 2.444195421901436305e+01
1.902198571390882869e-03 2.448232702089820734e+01
1.905706482145636200e-03 2.452275701945650255e+01
1.909220861961003976e-03 2.456324425221362162e+01
1.912741722766810948e-03 2.460378875656259012e+01
1.916269076514873606e-03 2.464439056976431885e+01
1.919802935179055255e-03 2.468504972894719174e+01
1.923343310755300717e-03 2.472576627110627356e+01
1.926890215261671015e-03 2.476654023310261010e+01
1.930443660738397809e-03 2.480737165166284441e+01
1.934003659247908761e-03 2.484826056337829314e+01
1.937570222874882399e-03 2.488920700470448111e+01
1.941143363726282808e-03 2.493021101196048406e+01
1.944723093931394978e-03 2.497127262132815062e+01
1.948309425641880314e-03 2.501239186885171506e+01
1.951902371031800703e-03 2.505356879043686646e+01
1.955501942297675766e-03 2.509480342185025137e+01
1.959108151658515810e-03 2.513609579871892308e+01
1.962721011355859999e-03 2.517744595652937178e+01
1.966340533653829475e-03 2.521885393062731140e+01
1.969966730839154898e-03 2.526031975621661019e+01
1.973599615221230657e-03 2.530184346835891063e+01
1.977239199132151733e-03 2.534342510197298282e+01
1.980885494926748827e-03 2.538506469183374747e+01
1.984538514982645170e-03 2.542676227257204502e+01
1.988198271700281246e-03 2.546851787867370476e+01
1.991864777502972035e-03 2.551033154447898710e+01
1.995538044836943446e-03 2.555220330418199026e+01
1.999218086171366138e-03 2.559413319181427227e+01
2.002904913998415810e-03 2.563612124083579147e+01
2.006598540833295311e-03 2.567816748408845839e+01
2.010298979214294925e-03 2.572027195423533641e+01
2.014006241702826199e-03 2.576243468378388712e+01
2.017720340883459671e-03 2.580465570508503959e+01
2.021441289363982551e-03 2.584693505033280303e+01
2.025169099775423007e-03 2.588927275156341423e+01
2.028903784772109146e-03 2.593166884065452038e+01
2.032645357031706308e-03 2.597412334932484157e+01
2.036393829255251763e-03 2.601663630913307301e+01
2.040149214167214127e-03 2.605920775147745871e+01
2.043911524515518944e-03 2.610183770759509159e+01
2.047680773071606803e-03 2.614452620856097553e+01
2.051456972630471502e-03 2.618727328528774123e+01
2.055240136010695173e-03 2.623007896852447729e+01
2.059030276054505965e-03 2.627294328885635366e+01
2.062827405627814907e-03 2.631586627670386136e+01
2.066631537620252333e-03 2.635884796232202021e+01
2.070442684945229036e-03 2.640188837579977843e+01
2.074260860539959249e-03 2.644498754705919907e+01
2.078086077365522664e-03 2.648814550585487382e+01
2.081918348406901296e-03 2.653136228177316625e+01
2.085757686673016340e-03 2.657463790423144445e+01
2.089604105196788027e-03 2.661797240247744512e+01
2.093457617035161637e-03 2.666136580558858427e+01
2.097318235269168222e-03 2.670481814247117924e+01
2.101185973003962763e-03 2.674832944185983052e+01
2.105060843368860169e-03 2.679189973225847154e+01
2.108942859517397295e-03 2.683552904150920071e+01
2.112832034627358524e-03 2.687921739703139323e+01
2.116728381900836054e-03 2.692296482606299790e+01
2.120631914564269794e-03 2.696677135566133643e+01
2.124542645868483359e-03 2.701063701270236095e+01
2.128460589088743485e-03 2.705456182388017083e+01
2.132385757524798628e-03 2.709854581570599663e+01
2.136318164500917126e-03 2.714258901450748240e+01
2.140257823365947047e-03 2.718669144642823809e+01
2.144204747493345248e-03 2.723085313742678792e+01
2.148158950281238953e-03 2.727507411327579234e+01
2.152120445152460888e-03 2.731935439956173894e+01
2.156089245554592207e-03 2.736369402168366349e+01
2.160065364960022348e-03 2.740809300485274846e+01
2.164048816865975916e-03 2.745255137409140289e+01
2.168039614794574702e-03 2.749706915423262288e+01
2.172037772292878446e-03 2.754164636991930948e+01
2.176043302932921270e-03 2.758628304560319933e+01
2.180056220311775862e-03 2.763097920554451292e+01
2.184076538051580793e-03 2.767573487381089592e+01
2.188104269799601674e-03 2.772055007427688267e+01
2.192139429228271916e-03 2.776542483062299738e+01
2.196182030035232630e-03 2.781035916633503291e+01
2.200232085943392910e-03 2.785535310470338644e+01
2.204289610700961490e-03 2.790040666882214637e+01
2.208354618081505294e-03 2.794551988158848133e+01
2.212427121883993666e-03 2.799069276562160624e+01
2.216507135932834372e-03 2.803592534292659266e+01
2.220594674077940381e-03 2.808121763517218383e+01
2.224689750194754588e-03 2.812656966382288815e+01
2.228792378184316601e-03 2.817198145013832544e+01
2.232902571973300471e-03 2.821745301517250226e+01
2.237020345514055888e-03 2.826298437977296629e+01
2.241145712784673241e-03 2.830857556458009228e+01
2.245278687789008763e-03 2.835422659002611923e+01
2.249419284556753058e-03 2.839993747633470278e+01
2.253567517143467962e-03 2.844570824351982097e+01
2.257723399630628611e-03 2.849153891138517025e+01
2.261886946125688490e-03 2.853742949952322050e+01
2.266058170762106760e-03 2.858338002731459682e+01
2.270237087699414607e-03 2.862939051392728729e+01
2.274423711123254709e-03 2.867546097831567664e+01
2.278618055245423303e-03 2.872159143921997781e+01
2.282820134303933501e-03 2.876778191516526917e+01
2.287029962563047383e-03 2.881403242446075907e+01
2.291247554313338448e-03 2.886034298519911090e+01
2.295472923871733247e-03 2.890671361525550509e+01
2.299706085581555183e-03 2.895314433228687534e+01
2.303947053812586965e-03 2.899963515373111633e+01
2.308195842961102261e-03 2.904618609680631636e+01
2.312452467449929890e-03 2.909279717851002545e+01
2.316716941728496747e-03 2.913946841561837076e+01
2.320989280272869448e-03 2.918619982462697848e+01
2.325269497585819370e-03 2.923299142150402474e+01
2.329557608196853886e-03 2.927984322189189115e+01
2.333853626662281845e-03 2.932675524120562471e+01
2.338157567565256074e-03 2.937372749463163046e+01
2.342469445515815013e-03 2.942075999712720957e+01
2.346789275150949934e-03 2.946785276341972448e+01
2.351117071134634865e-03 2.951500580800556861e+01
2.355452848157893811e-03 2.956221914514966898e+01
2.359796620938842387e-03 2.960949278888444169e+01
2.364148404222731620e-03 2.965682675300888249e+01
2.368508212782014302e-03 2.970422105108817235e+01
2.372876061416376216e-03 2.975167569645239496e+01
2.377251964952802488e-03 2.979919070219597188e+01
2.381635938245621389e-03 2.984676608117684182e+01
2.386027996176547702e-03 2.989440184601542683e+01
2.390428153654749078e-03 2.994209800909417396e+01
2.394836425616878994e-03 2.998985458255635095e+01
2.399252827027142237e-03 3.003767157830549905e+01
2.403677372877340013e-03 3.008554900800460175e+01
2.408110078186914173e-03 3.013348688307486256e+01
2.412550958003012707e-03 3.018148521469555590e+01
2.417000027400523568e-03 3.022954401380254552e+01
2.421457301482142326e-03 3.027766329108791155e+01
2.425922795378415101e-03 3.032584305699896987e+01
2.430396524247784105e-03 3.037408332171941794e+01
2.434878503276655722e-03 3.042238409501929652e+01
2.439368747679431740e-03 3.047074538632788077e+01
2.443867272698579604e-03 3.051916720482389067e+01
2.448374093604674482e-03 3.056764955943527085e+01
2.452889225696446539e-03 3.061619245883838758e+01
2.457412684300848155e-03 3.066479591145729700e+01
2.461944484773086889e-03 3.071345992546272896e+01
2.466484642496694860e-03 3.076218450877151511e+01
2.471033172883572993e-03 3.081096966904545553e+01
2.475590091374036978e-03 3.085981541369057268e+01
2.480155413436886235e-03 3.090872174985646836e+01
2.484729154569436868e-03 3.095768868443519750e+01
2.489311330297591923e-03 3.100671622406052208e+01
2.493901956175885188e-03 3.105580437510721481e+01
2.498501047787528902e-03 3.110495314368991160e+01
2.503108620744482274e-03 3.115416253566270655e+01
2.507724690687484874e-03 3.120343255661772019e+01
2.512349273286127761e-03 3.125276321188477979e+01
2.516982384238899018e-03 3.130215450653035703e+01
2.521624039273228420e-03 3.135160644535665497e+01
2.526274254145558125e-03 3.140111903290088691e+01
2.530933044641385608e-03 3.145069227343435614e+01
2.535600426575313534e-03 3.150032617096155718e+01
2.540276415791116547e-03 3.155002072921879375e+01
2.544961028161779430e-03 3.159977595162870045e+01
2.549654279589564764e-03 3.164959184127559411e+01
2.554356186006061930e-03 3.169946840096728735e+01
2.559066763372232645e-03 3.174940563323948339e+01
2.563786027678482526e-03 3.179940354035571914e+01
2.568513994944696208e-03 3.184946212430556400e+01
2.573250681220307610e-03 3.189958138680455946e+01
2.577996102584349802e-03 3.194976132929301826e+01
2.582750275145498375e-03 3.200000195293500838e+01
2.587513215042146469e-03 3.205030325861798701e+01
2.592284938442438163e-03 3.210066524695132983e+01
2.597065461544341338e-03 3.215108791826590107e+01
2.601854800575696246e-03 3.220157127261322927e+01
2.606652971794259747e-03 3.225211530976417862e+01
2.611459991487782070e-03 3.230272002920865759e+01
2.616275875974039770e-03 3.235338543015432577e+01
2.621100641600908158e-03 3.240411151152587621e+01
2.625934304746412040e-03 3.245489827196441013e+01
2.630776881818770382e-03 3.250574570982610823e+01
2.635628389256469174e-03 3.255665382318171197e+01
2.640488843528309565e-03 3.260762260981558569e+01
2.645358261133455135e-03 3.265865206722479286e+01
2.650236658601506923e-03 3.270974219261821503e+01
2.655124052492538120e-03 3.276089298291816476e+01
2.660020459397169097e-03 3.281210443478051531e+01
2.664925895936615108e-03 3.286337654458343849e+01
2.669840378762735299e-03 3.291470930841396125e+01
2.674763924558108165e-03 3.296610272206696379e+01
2.679696550036066247e-03 3.301755678104405689e+01
2.684638271940771592e-03 3.306907148055293533e+01
2.689589107047264758e-03 3.312064681550653233e+01
2.694549072161513386e-03 3.317228278052200352e+01
2.699518184120489397e-03 3.322397936992001632e+01
2.704496459792202386e-03 3.327573657772360605e+01
2.709483916075778112e-03 3.332755439765765004e+01
2.714480569901504912e-03 3.337943282314778060e+01
2.719486438230886600e-03 3.343137184731955358e+01
2.724501538056716202e-03 3.348337146299768108e+01
2.729525886403112809e-03 3.353543166270490872e+01
2.734559500325598348e-03 3.358755243866133355e+01
2.739602396911147882e-03 3.363973378278368642e+01
2.744654593278239053e-03 3.369197568668403875e+01
2.749716106576928411e-03 3.374427814166931938e+01
2.754786953988890008e-03 3.379664113874009246e+01
2.759867152727489559e-03 3.384906466859010266e+01
2.764956720037837785e-03 3.390154872160510280e+01
2.770055673196839853e-03 3.395409328787400227e+01
2.775164029513271704e-03 3.400669835725501144e+01
2.780281806327818215e-03 3.405936391932747398e+01
2.785409021013152131e-03 3.411208996336034005e+01
2.790545690973983070e-03 3.416487647831102237e+01
2.795691833647107830e-03 3.421772345282438721e+01
2.800847466501492789e-03 3.427063087523207940e+01
2.806012607038305129e-03 3.432359873355154889e+01
2.811187272790997838e-03 3.437662701548525490e+01
2.816371481325356113e-03 3.442971570841981332e+01
2.821565250239551140e-03 3.448286479942476745e+01
2.826768597164218150e-03 3.453607427525230378e+01
2.831981539762495458e-03 3.458934412233590194e+01
2.837204095730101652e-03 3.464267432678963843e+01
2.842436282795389804e-03 3.469606487440743336e+01
2.847678118719397782e-03 3.474951575066174314e+01
2.852929621295927608e-03 3.480302694070326197e+01
2.858190808351585357e-03 3.485659842935962871e+01
2.863461697745859659e-03 3.491023020113465236e+01
2.868742307371174166e-03 3.496392224020758022e+01
2.874032655152940902e-03 3.501767453043196099e+01
2.879332759049639187e-03 3.507148705533504796e+01
2.884642637052855108e-03 3.512535979812887632e+01
2.889962307187363046e-03 3.517929274183588717e+01
2.895291787511176419e-03 3.523328586923751971e+01
2.900631096115601892e-03 3.528733916278827820e+01
2.905980251125320907e-03 3.534145260461320959e+01
2.911339270698426115e-03 3.539562617650710052e+01
2.916708173026507245e-03 3.544985985993378108e+01
2.922086976334699673e-03 3.550415363602508734e+01
2.927475698881740369e-03 3.555850748557985241e+01
2.932874358960050297e-03 3.561292138906335936e+01
2.938282974895770842e-03 3.566739532660625400e+01
2.943701565048849680e-03 3.572192927800372075e+01
2.949130147813091955e-03 3.577652322271451624e+01
2.954568741616214050e-03 3.583117713986033692e+01
2.960017364919928593e-03 3.588589100822474620e+01
2.965476036219981751e-03 3.594066480625217963e+01
2.970944774046236497e-03 3.599549851204746886e+01
2.976423596962728124e-03 3.605039210337456979e+01
2.981912523567718017e-03 3.610534555765600828e+01
2.987411572493776056e-03 3.616035885197166522e+01
2.992920762407821813e-03 3.621543196305824353e+01
2.998440112011208254e-03 3.627056486730837292e+01
3.003969640039775950e-03 3.632575754082655806e+01
3.009509365263908151e-03 3.638100995950141225e+01
3.015059306488614057e-03 3.643632209889422313e+01
3.020619482553571749e-03 3.649169393421946950e+01
3.026189912333209723e-03 3.654712544034460109e+01
3.031770614736764569e-03 3.660261659178875249e+01
3.037361608708333445e-03 3.665816736272198995e+01
3.042962913226962985e-03 3.671377772696454400e+01
3.048574547306686158e-03 3.676944765798566550e+01
3.054196529996610308e-03 3.682517712890315664e+01
3.059828880380971797e-03 3.688096611248217727e+01
3.065471617579190646e-03 3.693681458113437799e+01
3.071124760745959879e-03 3.699272250691732467e+01
3.076788329071282815e-03 3.704868986153330468e+01
3.082462341780560673e-03 3.710471661632870166e+01
3.088146818134649817e-03 3.716080274229288705e+01
3.093841777429916402e-03 3.721694821005754505e+01
3.099547238998324409e-03 3.727315298989583425e+01
3.105263222207475544e-03 3.732941705172129332e+01
3.110989746460697709e-03 3.738574036508710918e+01
3.116726831197101817e-03 3.744212289918701941e+01
3.122474495891636864e-03 3.749856462292880366e+01
3.128232760055175369e-03 3.755506550496799889e+01
3.134001643234571918e-03 3.761162551360571626e+01
3.139781165012716941e-03 3.766824461677949643e+01
3.145571345008629088e-03 3.772492278206283345e+01
3.151372202877492090e-03 3.778165997666368980e+01
3.157183758310747566e-03 3.783845616742414109e+01
3.163006031036150970e-03 3.789531132081923914e+01
3.168839040817827968e-03 3.795222540295627311e+01
3.174682807456361607e-03 3.800919837957385283e+01
3.180537350788850432e-03 3.806623021604107748e+01
3.186402690688968330e-03 3.812332087735662611e+01
3.192278847067039124e-03 3.818047032814797603e+01
3.198165839870110733e-03 3.823767853267035832e+01
3.204063689082012421e-03 3.829494545480641676e+01
3.209972414723429816e-03 3.835227105806455228e+01
3.215892036851959561e-03 3.840965530557881635e+01
3.221822575562200384e-03 3.846709816010743310e+01
3.227764050985794300e-03 3.852459958403247242e+01
3.233716483291519846e-03 3.858215953935874154e+01
3.239679892685349335e-03 3.863977798773367311e+01
3.245654299410506531e-03 3.869745489047785725e+01
3.251639723747560759e-03 3.875519020854066099e+01
3.257636186014468103e-03 3.881298390249110497e+01
3.263643706566662916e-03 3.887083593251740865e+01
3.269662305797118966e-03 3.892874625842579661e+01
3.275692004136406248e-03 3.898671483963958195e+01
3.281732822052785530e-03 3.904474163519883234e+01
3.287784780052249983e-03 3.910282660375887076e+01
3.293847898678619289e-03 3.916096970358992735e+01
3.299922198513597759e-03 3.921917089257598832e+01
3.306007700176835477e-03 3.927743012821414936e+01
3.312104424326021979e-03 3.933574736761360668e+01
3.318212391656928748e-03 3.939412256749486829e+01
3.324331622903501596e-03 3.945255568418896530e+01
3.330462138837925277e-03 3.951104667363653533e+01
3.336603960270678564e-03 3.956959549138694854e+01
3.342757108050632697e-03 3.962820209259769655e+01
3.348921603065092584e-03 3.968686643203312769e+01
3.355097466239892641e-03 3.974558846406132062e+01
3.361284718539457941e-03 3.980436814260887246e+01
3.367483380966863633e-03 3.986320542116510524e+01
3.373693474563931646e-03 3.992210025282160757e+01
3.379915020411273629e-03 3.998105259027187230e+01
3.386148039628387226e-03 4.004006238581132493e+01
3.392392553373718093e-03 4.009912959133573196e+01
3.398648582844719310e-03 4.015825415834073908e+01
3.404916149277948962e-03 4.021743603792118904e+01
3.411195273949115675e-03 4.027667518076974318e+01
3.417485978173171856e-03 4.033597153717654749e+01
3.423788283304379180e-03 4.039532505702833021e+01
3.430102210736368003e-03 4.045473568980716550e+01
3.436427781902235377e-03 4.051420338459027448e+01
3.442765018274591016e-03 4.057372809004845493e+01
3.449113941365651841e-03 4.063330975444593918e+01
3.455474572727307465e-03 4.069294832563927145e+01
3.461846933951181343e-03 4.075264375107614256e+01
3.468231046668728348e-03 4.081239597779542549e+01
3.474626932551281178e-03 4.087220495241823670e+01
3.481034613310147931e-03 4.093207062100726290e+01
3.487454110696674558e-03 4.099199292907115932e+01
3.493885446502309911e-03 4.105197182169843728e+01
3.500328642558702026e-03 4.111200724356256586e+01
3.506783720737747124e-03 4.117209913892057216e+01
3.513250702951684588e-03 4.123224745161284943e+01
3.519729611153164621e-03 4.129245212506209128e+01
3.526220467335310256e-03 4.135271310227219033e+01
3.532723293531815807e-03 4.141303032582780475e+01
3.539238111816995439e-03 4.147340373789324985e+01
3.545764944305882481e-03 4.153383328021196519e+01
3.552303813154292309e-03 4.159431889410545580e+01
3.558854740558887834e-03 4.165486052047238275e+01
3.565417748757281416e-03 4.171545809978827890e+01
3.571992860028078663e-03 4.177611157210405679e+01
3.578580096690981219e-03 4.183682087704542596e+01
3.585179481106851810e-03 4.189758595381260164e+01
3.591791035677777567e-03 4.195840674117849289e+01
3.598414782847173671e-03 4.201928317738219931e+01
3.605050745099829326e-03 4.208021519984229286e+01
3.611698944962009241e-03 4.214120274545549449e+01
3.618359405001519979e-03 4.220224575068506567e+01
3.625032147827774148e-03 4.226334415155984203e+01
3.631717196091895777e-03 4.232449788367387100e+01
3.638414572486764129e-03 4.238570688218514704e+01
3.645124299747119073e-03 4.244697108181509293e+01
3.651846400649626581e-03 4.250829041684762899e+01
3.658580898012944206e-03 4.256966482112832750e+01
3.665327814697825169e-03 4.263109422806359561e+01
3.672087173607166497e-03 4.269257857062016370e+01
3.678858997686111805e-03 4.275411778132375673e+01
3.685643309922119817e-03 4.281571179225870338e+01
3.692440133345028120e-03 4.287736053506712608e+01
3.699249491027161146e-03 4.293906394094773304e+01
3.706071406083376145e-03 4.300082194065551988e+01
3.712905901671168570e-03 4.306263446450068955e+01
3.719753000990739297e-03 4.312450144217012138e+01
3.726612727285062276e-03 4.318642280230834274e+01
3.733485103839989487e-03 4.324839847298438400e+01
3.740370153984300811e-03 4.331042838181404164e+01
3.747267901089808544e-03 4.337251245595912508e+01
3.754178368571425058e-03 4.343465062212715111e+01
3.761101579887232618e-03 4.349684280656980206e+01
3.768037558538587899e-03 4.355908893508266289e+01
3.774986328070171863e-03 4.362138893300411269e+01
3.781947912070097312e-03 4.368374272521484158e+01
3.788922334169976536e-03 4.374615023613688436e+01
3.795909618044989407e-03 4.380861138973265412e+01
3.802909787413991799e-03 4.387112610950448044e+01
3.809922866039565457e-03 4.393369431849356488e+01
3.816948877728124686e-03 4.399631593927939122e+01
3.823987846329985740e-03 4.405899089397886570e+01
3.831039795739437075e-03 4.412171910424538623e+01
3.838104749894846474e-03 4.418450049122657219e+01
3.845182732778711782e-03 4.424733497495077472e+01
3.852273768417769761e-03 4.431022247445787343e+01
3.859377880883062013e-03 4.437316290829981824e+01
3.866495094290023447e-03 4.443615619455474075e+01
3.873625432798553838e-03 4.449920225082509972e+01
3.880768920613107166e-03 4.456230099423797242e+01
3.887925581982781820e-03 4.462545234144361928e+01
3.895095441201389553e-03 4.468865620861487287e+01
3.902278522607548726e-03 4.475191251144644866e+01
3.909474850584752394e-03 4.481522116515400000e+01
3.916684449561461112e-03 4.487858208447342179e+01
3.923907344011190977e-03 4.494199518366025359e+01
3.931143558452587783e-03 4.500546037648840070e+01
3.938393117449518095e-03 4.506897757625016965e+01
3.945656045611137773e-03 4.513254669575457712e+01
3.952932367591985643e-03 4.519616764732721492e+01
3.960222108092074575e-03 4.525984034275244028e+01
3.967525291856965203e-03 4.532356469244876251e+01
3.974841943677854400e-03 4.538734060565089834e+01
3.982172088391646401e-03 4.545116799107900363e+01
3.989515750881063826e-03 4.551504675695671409e+01
3.996872956074700584e-03 4.557897681100990894e+01
4.004243728947133769e-03 4.564295806046649773e+01
4.011628094518996518e-03 4.570699041205517688e+01
4.019026077857053465e-03 4.577107377200483285e+01
4.026437704074310037e-03 4.583520804604393817e+01
4.033862998330067090e-03 4.589939313939946430e+01
4.041301985830035408e-03 4.596362895679649796e+01
4.048754691826409423e-03 4.602791540245714685e+01
4.056221141617938342e-03 4.609225238009999970e+01
4.063701360550041504e-03 4.615663979293928776e+01
4.071195374014864761e-03 4.622107754368401089e+01
4.078703207451390630e-03 4.628556553453754674e+01
4.086224886345515492e-03 4.635010366684190330e+01
4.093760436230121577e-03 4.641469184020230188e+01
4.101309882685196667e-03 4.647932995344194040e+01
4.108873251337880929e-03 4.654401790486466695e+01
4.116450567862589213e-03 4.660875559225465992e+01
4.124041857981084781e-03 4.667354291287541912e+01
4.131647147462549560e-03 4.673837976346881362e+01
4.139266462123705574e-03 4.680326604025494674e+01
4.146899827828867853e-03 4.686820163893069946e+01
4.154547270490062394e-03 4.693318645466968064e+01
4.162208816067097285e-03 4.699822038212077047e+01
4.169884490567644236e-03 4.706330331540802092e+01
4.177574320047353074e-03 4.712843514812951184e+01
4.185278330609904646e-03 4.719361577335672564e+01
4.192996548407133990e-03 4.725884508363392911e+01
4.200728999639102325e-03 4.732412297097739895e+01
4.208475710554175110e-03 4.738944932654160880e+01
4.216236707449140010e-03 4.745482403934699533e+01
4.224012016669261536e-03 4.752024699739016711e+01
4.231801664608402479e-03 4.758571808812371984e+01
4.239605677709100233e-03 4.765123719845517059e+01
4.247424082462640527e-03 4.771680421474617617e+01
4.255256905409181452e-03 4.778241902281209263e+01
4.263104173137807242e-03 4.784808150792084547e+01
4.270965912286648833e-03 4.791379155479268093e+01
4.278842149542961930e-03 4.797954904759897943e+01
4.286732911643203331e-03 4.804535386996172264e+01
4.294638225373153227e-03 4.811120590495305294e+01
4.302558117567971581e-03 4.817710503509395892e+01
4.310492615112316954e-03 4.824305114235414749e+01
4.318441744940429775e-03 4.830904410815093541e+01
4.326405534036205196e-03 4.837508381334300367e+01
4.334384009433320598e-03 4.844117013747254674e+01
4.342377198215285894e-03 4.850730295800699565e+01
4.350385127515573637e-03 4.857348215166717864e+01
4.358407824517691008e-03 4.863970759460458027e+01
4.366445316455263952e-03 4.870597916240075875e+01
4.374497630612158607e-03 4.877229673006682020e+01
4.382564794322536816e-03 4.883866017204225329e+01
4.390646834970983632e-03 4.890506936219482981e+01
4.398743779992583640e-03 4.897152417381935408e+01
4.406855656873001625e-03 4.903802447963724376e+01
4.414982493148610077e-03 4.910457015179570561e+01
4.423124316406541225e-03 4.917116106186726654e+01
4.431281154284818016e-03 4.923779708084881435e+01
4.439453034472428707e-03 4.930447807916133485e+01
4.447639984709411860e-03 4.937120392664841262e+01
4.455842032786982120e-03 4.943797449217176876e+01
4.464059206547583113e-03 4.950478964207717070e+01
4.472291533885020161e-03 4.957164924154113805e+01
4.480539042744536606e-03 4.963855315514499722e+01
4.488801761122898810e-03 4.970550124687366633e+01
4.497079717068521061e-03 4.977249338011576896e+01
4.505372938681521076e-03 4.983952941766220590e+01
4.513681454113856184e-03 4.990660922170589942e+01
4.522005291569394445e-03 4.997373265384125318e+01
4.530344479304006591e-03 5.004089957506290887e+01
4.538699045625684859e-03 5.010810984576579585e+01
4.547069018894609772e-03 5.017536332574384517e+01
4.555454427523275042e-03 5.024265987418974078e+01
4.563855299976571703e-03 5.030999934969409537e+01
4.572271664771867042e-03 5.037738161024482508e+01
4.580703550479140775e-03 5.044480651270362159e+01
4.589150985721037086e-03 5.051227391134495548e+01
4.597613999173000808e-03 5.057978365935642984e+01
4.606092619563358082e-03 5.064733560930472578e+01
4.614586875673397891e-03 5.071492961313433057e+01
4.623096796337507371e-03 5.078256552216759445e+01
4.631622410443225583e-03 5.085024318710368618e+01
4.640163746931382296e-03 5.091796245801801035e+01
4.648720834796176045e-03 5.098572318436168871e+01
4.657293703085260000e-03 5.105352521496069329e+01
4.665882380899874678e-03 5.112136839801541299e+01
4.674486897394908649e-03 5.118925258110017040e+01
4.683107281779029518e-03 5.125717761116206361e+01
4.691743563314770653e-03 5.132514333452117938e+01
4.700395771318612720e-03 5.139314959681707506e+01
4.709063935161123329e-03 5.146119624159184269e+01
4.717748084267009943e-03 5.152928311011016405e+01
4.726448248115259522e-03 5.159741004290381028e+01
4.735164456239222656e-03 5.166557687985697811e+01
4.743896738226696837e-03 5.173378346020551533e+01
4.752645123720066096e-03 5.180202962253640919e+01
4.761409642416357391e-03 5.187031520478706170e+01
4.770190324067377641e-03 5.193864004424471403e+01
4.778987198479795265e-03 5.200700397754603443e+01
4.787800295515252068e-03 5.207540684067641479e+01
4.796629645090448243e-03 5.214384846896946613e+01
4.805475277177253396e-03 5.221232869710598123e+01
4.814337221802821899e-03 5.228084735911419756e+01
4.823215509049674429e-03 5.234940428836087989e+01
4.832110169055815058e-03 5.241799931658666623e+01
4.841021232014814518e-03 5.248663227295286049e+01
4.849948728175925566e-03 5.255530298572540460e+01
4.858892687844195736e-03 5.262401128249841520e+01
4.867853141380551474e-03 5.269275699019286208e+01
4.876830119201916100e-03 5.276153993505671025e+01
4.885823651781290473e-03 5.283035994266404600e+01
4.894833769647890902e-03 5.289921683791453688e+01
4.903860503387214194e-03 5.296811044503292010e+01
4.912903883641176438e-03 5.303704058756836304e+01
4.921963941108201471e-03 5.310600708839429984e+01
4.931040706543308484e-03 5.317500976970745796e+01
4.940134210758255137e-03 5.324404845302764500e+01
4.949244484621600007e-03 5.331312295916750088e+01
4.958371559058840500e-03 5.338223310681453881e+01
4.967515465052506525e-03 5.345137871189410106e+01
4.976676233642248967e-03 5.352055958947357084e+01
4.985853895924979330e-03 5.358977555392164049e+01
4.995048483054936525e-03 5.365902641890766489e+01
5.004260026243826515e-03 5.372831199740121377e+01
5.013488556760915121e-03 5.379763210167158149e+01
5.022734105933115631e-03 5.386698654328706226e+01
5.031996705145133642e-03 5.393637513311499987e+01
5.041276385839533851e-03 5.400579768132076453e+01
5.050573179516877967e-03 5.407525399736745442e+01
5.059887117735820117e-03 5.414474389001588861e+01
5.069218232113197921e-03 5.421426716732306517e+01
5.078566554324174739e-03 5.428382363652067966e+01
5.087932116102304725e-03 5.435341310322917963e+01
5.097314949239682876e-03 5.442303537195174812e+01
5.106715085587029170e-03 5.449269024647780668e+01
5.116132557053787444e-03 5.456237752988348433e+01
5.125567395608265041e-03 5.463209702453204386e+01
5.135019633277705664e-03 5.470184853207324238e+01
5.144489302148428159e-03 5.477163185344271312e+01
5.153976434365925390e-03 5.484144678886156754e+01
5.163481062134952712e-03 5.491129313783635268e+01
5.173003217719678894e-03 5.498117069915823407e+01
5.182542933443748563e-03 5.505107927090274700e+01
5.192100241690434000e-03 5.512101865042978233e+01
5.201675174902725338e-03 5.519098863407434408e+01
5.211267765583424243e-03 5.526098901156463228e+01
5.220878046295296566e-03 5.533101956658644838e+01
5.230506049661134797e-03 5.540108008186167865e+01
5.240151808363908113e-03 5.547117033933514563e+01
5.249815355146859527e-03 5.554129012017422440e+01
5.259496722813596960e-03 5.561143920476838787e+01
5.269195944228245027e-03 5.568161737272883727e+01
5.278913052315511827e-03 5.575182440288815400e+01
5.288648080060839862e-03 5.582206007329992303e+01
5.298401060510501449e-03 5.589232416123842029e+01
5.308172026771694994e-03 5.596261644319810813e+01
5.317961012012692446e-03 5.603293669489341511e+01
5.327768049462913019e-03 5.610328469165210663e+01
5.337593172413071518e-03 5.617366021452322400e+01
5.347436414215273742e-03 5.624406304914570853e+01
5.357297808283117101e-03 5.631449298059591513e+01
5.367177388091838933e-03 5.638494979323110812e+01
5.377075187178385896e-03 5.645543327068843098e+01
5.386991239141571824e-03 5.652594319588532557e+01
5.396925577642167071e-03 5.659647935101886418e+01
5.406878236403002587e-03 5.666704151756563590e+01
5.416849249209120844e-03 5.673762947628191711e+01
5.426838649907846958e-03 5.680824300720262698e+01
5.436846472408938744e-03 5.687888188964197411e+01
5.446872750684691664e-03 5.694954590219288804e+01
5.456917518770032505e-03 5.702023482116629083e+01
5.466980810762675502e-03 5.709094841347724270e+01
5.477062660823192597e-03 5.716168644227764162e+01
5.487163103175170427e-03 5.723244866992891389e+01
5.497282172105307473e-03 5.730323485800484917e+01
5.507419901963515538e-03 5.737404476729129499e+01
5.517576327163075008e-03 5.744487815778613538e+01
5.527751482180704237e-03 5.751573478869879352e+01
5.537945401556721749e-03 5.758661441845054441e+01
5.548158119895139906e-03 5.765751680467400320e+01
5.558389671863770733e-03 5.772844170421281973e+01
5.568640092194378569e-03 5.779938887312223272e+01
5.578909415682758999e-03 5.787035806667385884e+01
5.589197677188888908e-03 5.794134903950322268e+01
5.599504911637034031e-03 5.801236154561956937e+01
5.609831154015846970e-03 5.808339533825173362e+01
5.620176439378526782e-03 5.815445016984116933e+01
5.630540802842894446e-03 5.822552579204101164e+01
5.640924279591547248e-03 5.829662195571646777e+01
5.651326904871966338e-03 5.836773841094494486e+01
5.661748713996614737e-03 5.843887490701514054e+01
5.672189742343101276e-03 5.851003119242821526e+01
5.682650025354251712e-03 5.858120701489645654e+01
5.693129598538270927e-03 5.865240212134423103e+01
5.703628497468845281e-03 5.872361625788912676e+01
5.714146757785246687e-03 5.879484916866091027e+01
5.724684415192494817e-03 5.886610059508407744e+01
5.735241505461428219e-03 5.893737027760828795e+01
5.745818064428872586e-03 5.900865795587918683e+01
5.756414127997738772e-03 5.907996336873827659e+01
5.767029732137132075e-03 5.915128625422242692e+01
5.777664912882511834e-03 5.922262634956464211e+01
5.788319706335768623e-03 5.929398339119354944e+01
5.798994148665386449e-03 5.936535711473346311e+01
5.809688276106550302e-03 5.943674725500516587e+01
5.820402124961249375e-03 5.950815354602486451e+01
5.831135731598441861e-03 5.957957572097902244e+01
5.841889132454132147e-03 5.965101351133467489e+01
5.852662364031535613e-03 5.972246664661638249e+01
5.863455462901178382e-03 5.979393485546446385e+01
5.874268465701031755e-03 5.986541786570570167e+01
5.885101409136623239e-03 5.993691540435293774e+01
5.895954329981168383e-03 6.000842719760571242e+01
5.906827265075709557e-03 6.007995297085033570e+01
5.917720251329224371e-03 6.015149244865981615e+01
5.928633325718760984e-03 6.022304535479416643e+01
5.939566525289544791e-03 6.029461141220060227e+01
5.950519887155119800e-03 6.036619034301359932e+01
5.961493448497482209e-03 6.043778186841658595e+01
5.972487246567192293e-03 6.050938570758581392e+01
5.983501318683512316e-03 6.058100157826994803e+01
5.994535702234511480e-03 6.065262919739175373e+01
6.005590434677209044e-03 6.072426828105343333e+01
6.016665553537713096e-03 6.079591854453683908e+01
6.027761096411328109e-03 6.086757970230317483e+01
6.038877100962694588e-03 6.093925146799422521e+01
6.050013604925894885e-03 6.101093355443170196e+01
6.061170646104620599e-03 6.108262567361835949e+01
6.072348262372256715e-03 6.115432753673766086e+01
6.083546491672048133e-03 6.122603885414174130e+01
6.094765372017212426e-03 6.129775933452376790e+01
6.106004941491050865e-03 6.136948868440393312e+01
6.117265238247120152e-03 6.144122660935317981e+01
6.128546300509312220e-03 6.151297281411395801e+01
6.139848166572026839e-03 6.158472700260095678e+01
6.151170874800286105e-03 6.165648887790150923e+01
6.162514463629840261e-03 6.172825814227580565e+01
6.173878971567348974e-03 6.180003449715763253e+01
6.185264437190455926e-03 6.187181764315449328e+01
6.196670899147965761e-03 6.194360728004794225e+01
6.208098396159959440e-03 6.201540310679418866e+01
6.219546967017900059e-03 6.208720482103804983e+01
6.231016650584816734e-03 6.215901211819305416e+01
6.242507485795380055e-03 6.223082469258757499e+01
6.254019511656079035e-03 6.230264223771683163e+01
6.265552767245337329e-03 6.237446444624326602e+01
6.277107291713626865e-03 6.244629100999679849e+01
6.288683124283641311e-03 6.251812161997597883e+01
6.300280304250381949e-03 6.258995596634778025e+01
6.311898870981334612e-03 6.266179373844869360e+01
6.323538863916583312e-03 6.273363462478539532e+01
6.335200322568925596e-03 6.280547831303407946e+01
6.346883286524053827e-03 6.287732448959252451e+01
6.358587795440632379e-03 6.294917283874382008e+01
6.370313889050484117e-03 6.302102304370765751e+01
6.382061607158701425e-03 6.309287478686795225e+01
6.393830989643763292e-03 6.316472774977293625e+01
6.405622076457714864e-03 6.323658161313638715e+01
6.417434907626255042e-03 6.330843605683787700e+01
6.429269523248911690e-03 6.338029075992364625e+01
6.441125963499163935e-03 6.345214540060757713e+01
6.453004268624555791e-03 6.352399965627112266e+01
6.464904478946880036e-03 6.359585320345119897e+01
6.476826634862261484e-03 6.366770571699183279e+01
6.488770776841339127e-03 6.373955686953615185e+01
6.500736945429388437e-03 6.381140633276722696e+01
6.512725181246434118e-03 6.388325377752877188e+01
6.524735524987434858e-03 6.395509887382700498e+01
6.536768017422372665e-03 6.402694129083037922e+01
6.548822699396434147e-03 6.409878069687115953e+01
6.560899611830126738e-03 6.417061675944596288e+01
6.572998795719406200e-03 6.424244914521634087e+01
6.585120292135851830e-03 6.431427752001032161e+01
6.597264142226761871e-03 6.438610154866940150e+01
6.609430387215333054e-03 6.445792089380564960e+01
6.621619068400784631e-03 6.452973521644572941e+01
6.633830227158477207e-03 6.460154417676827165e+01
6.646063904940097480e-03 6.467334743411254294e+01
6.658320143273751927e-03 6.474514464697891469e+01
6.670598983764147206e-03 6.481693547303001424e+01
6.682900468092716796e-03 6.488871956909152061e+01
6.695224638017738088e-03 6.496049659115334407e+01
6.707571535374524940e-03 6.503226619437079137e+01
6.719941202075514416e-03 6.510402803304901909e+01
6.732333680110455000e-03 6.517578175975567945e+01
6.744749011546529761e-03 6.524752702484390454e+01
6.757187238528480390e-03 6.531926347771026542e+01
6.769648403278795412e-03 6.539099076691101686e+01
6.782132548097798662e-03 6.546270854016317742e+01
6.794639715363845305e-03 6.553441644434607838e+01
6.807169947533439798e-03 6.560611412550177590e+01
6.819723287141360793e-03 6.567780122883659999e+01
6.832299776800855422e-03 6.574947739872237662e+01
6.844899459203728637e-03 6.582114227869593037e+01
6.857522377120534030e-03 6.589279551057381923e+01
6.870168573400700467e-03 6.596443673291972232e+01
6.882838090972656121e-03 6.603606558304539931e+01
6.895530972844023630e-03 6.610768169741785982e+01
6.908247262101706830e-03 6.617928471166030135e+01
6.920987001912092852e-03 6.625087426055414142e+01
6.933750235521170084e-03 6.632244997803928754e+01
6.946537006254657406e-03 6.639401149721635420e+01
6.959347357518202819e-03 6.646555845034716015e+01
6.972181332797470175e-03 6.653709046885643374e+01
6.985038975658336945e-03 6.660860718290473415e+01
6.997920329747025180e-03 6.668010822054414177e+01
7.010825438790221215e-03 6.675159320875086166e+01
7.023754346595281230e-03 6.682306177366200473e+01
7.036707097050317120e-03 6.689451354057547405e+01
7.049683734124399456e-03 6.696594813395255130e+01
7.062684301867682389e-03 6.703736517741880618e+01
7.075708844411533749e-03 6.710876429376544650e+01
7.088757405968734542e-03 6.718014510495144975e+01
7.101830030833570888e-03 6.725150723209291925e+01
7.114926763382034385e-03 6.732285029403837484e+01
7.128047648071953943e-03 6.739417390596530311e+01
7.141192729443120689e-03 6.746547768187365079e+01
7.154362052117493528e-03 6.753676123491952410e+01
7.167555660799291954e-03 6.760802417741565762e+01
7.180773600275196407e-03 6.767926612083353177e+01
7.194015915414479247e-03 6.775048667580476547e+01
7.207282651169139194e-03 6.782168545212279298e+01
7.220573852574098221e-03 6.789286205874492452e+01
7.233889564747302166e-03 6.796401610371647450e+01
7.247229832889920224e-03 6.803514719287858270e+01
7.260594702286472454e-03 6.810625493005268538e+01
7.273984218304998042e-03 6.817733891818076586e+01
7.287398426397184541e-03 6.824839875936586964e+01
7.300837372098538738e-03 6.831943405487349708e+01
7.314301101028556663e-03 6.839044440513417555e+01
7.327789658890854554e-03 6.846142940974426949e+01
7.341303091473340599e-03 6.853238866746849567e+01
7.354841444648346771e-03 6.860332177624151484e+01
7.368404764372799703e-03 6.867422833222384781e+01
7.381993096688391556e-03 6.874510792730849573e+01
7.395606487721714459e-03 6.881596015176533854e+01
7.409244983684432247e-03 6.888678459502081353e+01
7.422908630873412301e-03 6.895758084565925117e+01
7.436597475670901625e-03 6.902834849142541884e+01
7.450311564544697708e-03 6.909908711922611246e+01
7.464050944048281240e-03 6.916979631513251547e+01
7.477815660820993048e-03 6.924047566438196100e+01
7.491605761588159863e-03 6.931112475121297223e+01
7.505421293161306830e-03 6.938174315708197071e+01
7.519262302438254643e-03 6.945233046134399046e+01
7.533128836403335526e-03 6.952288624249364091e+01
7.547020942127522468e-03 6.959341007818827052e+01
7.560938666768574935e-03 6.966390154525026901e+01
7.574882057571246177e-03 6.973436021966915632e+01
7.588851161867385571e-03 6.980478567660378530e+01
7.602846027076150259e-03 6.987517749038472914e+01
7.616866700704147397e-03 6.994553523442979781e+01
7.630913230345565991e-03 7.001585847879904634e+01
7.644985663682398944e-03 7.008614678983819601e+01
7.659084048484539331e-03 7.015639973289459874e+01
7.673208432609997243e-03 7.022661687247662599e+01
7.687358864005040295e-03 7.029679777225494774e+01
7.701535390704330672e-03 7.036694199506523262e+01
7.715738060831146307e-03 7.043704910291083365e+01
7.729966922597476288e-03 7.050711865696467839e+01
7.744222024304247241e-03 7.057715021755154794e+01
7.758503414341455170e-03 7.064714334328955658e+01
7.772811141188312040e-03 7.071709759077691615e+01
7.787145253413463482e-03 7.078701251569880526e+01
7.801505799675090280e-03 7.085688767291340184e+01
7.815892828721129545e-03 7.092672261645599008e+01
7.830306389389415228e-03 7.099651689954005462e+01
7.844746530607821233e-03 7.106627007456066281e+01
7.859213301394486068e-03 7.113598169309710784e+01
7.873706750857906514e-03 7.120565130576720492e+01
7.888226928197171819e-03 7.127527845826753605e+01
7.902773882702097269e-03 7.134486269092202804e+01
7.917347663753371637e-03 7.141440354297932913e+01
7.931948320822780965e-03 7.148390055285084088e+01
7.946575903473314384e-03 7.155335325811266500e+01
7.961230461359380950e-03 7.162276119550892872e+01
7.975912044226962302e-03 7.169212390095451326e+01
7.990620701913753177e-03 7.176144090953802390e+01
8.005356484349392121e-03 7.183071175552089471e+01
8.020119441555553438e-03 7.189993597230149192e+01
8.034909623646191781e-03 7.196911309243446908e+01
8.049727080827672257e-03 7.203824264765896146e+01
8.064571863398926552e-03 7.210732416890181184e+01
8.079444021751674976e-03 7.217635718628162067e+01
8.094343606370534017e-03 7.224534122911060763e+01
8.109270667833248791e-03 7.231427582589817860e+01
8.124225256810831824e-03 7.238316050435432203e+01
8.139207424067717439e-03 7.245199478953833250e+01
8.154217220461990739e-03 7.252077819889983346e+01
8.169254696945489960e-03 7.258951024750200531e+01
8.184319904564042389e-03 7.265819044958189465e+01
8.199412894457608347e-03 7.272681831855437906e+01
8.214533717860437317e-03 7.279539336701425611e+01
8.229682426101288251e-03 7.286391510674107508e+01
8.244859070603549264e-03 7.293238304870128275e+01
8.260063702885463155e-03 7.300079670304712920e+01
8.275296374560276585e-03 7.306915557902136982e+01
8.290557137336397944e-03 7.313745918496243803e+01
8.305846043017624594e-03 7.320570702840501554e+01
8.321163143503250426e-03 7.327389861608702404e+01
8.336508490788308717e-03 7.334203345395357587e+01
8.351882136963714384e-03 7.341011104716056934e+01
8.367284134216423572e-03 7.347813090007741721e+01
8.382714534829664374e-03 7.354609251628941990e+01
8.398173391183044387e-03 7.361399539682160764e+01
8.413660755752798773e-03 7.368183903691671333e+01
8.429176681111932509e-03 7.374962293015084924e+01
8.444721219930373043e-03 7.381734656930360927e+01
8.460294424975221828e-03 7.388500944636285794e+01
8.475896349110844524e-03 7.395261105252757261e+01
8.491527045299131216e-03 7.402015087821234829e+01
8.507186566599633445e-03 7.408762841305093616e+01
8.522874966169732489e-03 7.415504314549895071e+01
8.538592297264866599e-03 7.422239456072452413e+01
8.554338613238655908e-03 7.428968214214511079e+01
8.570113967543134884e-03 7.435690537239655384e+01
8.585918413728908447e-03 7.442406373333918168e+01
8.601752005445316776e-03 7.449115670606227013e+01
8.617614796440662556e-03 7.455818377088760940e+01
8.633506840562341078e-03 7.462514440737375310e+01
8.649428191757070963e-03 7.469203809398968019e+01
8.665378904071055488e-03 7.475886430509466152e+01
8.681359031650143915e-03 7.482562251233183304e+01
8.697368628740069149e-03 7.489231218655325506e+01
8.713407749686565701e-03 7.495893279784809238e+01
8.729476448935619484e-03 7.502548381554747436e+01
8.745574781033615269e-03 7.509196470822840297e+01
8.761702800627510154e-03 7.515837494371785965e+01
8.777860562465066019e-03 7.522471398888346528e+01
8.794048121394974424e-03 7.529098130742661965e+01
8.810265532367101207e-03 7.535717636076989834e+01
8.826512850432651283e-03 7.542329860956503751e+01
8.842790130744317828e-03 7.548934751372162566e+01
8.859097428556545958e-03 7.555532253241098317e+01
8.875434799225633345e-03 7.562122312407164770e+01
8.891802298209995625e-03 7.568704874641326796e+01
8.908199981070320794e-03 7.575279885613490194e+01
8.924627903469727064e-03 7.581847290677684725e+01
8.941086121174023071e-03 7.588407034992397371e+01
8.957574690051818903e-03 7.594959063642770047e+01
8.974093666074781095e-03 7.601503321642083222e+01
8.990643105317788764e-03 7.608039753932183658e+01
9.007223063959134829e-03 7.614568305384018743e+01
9.023833598280702958e-03 7.621088920798068500e+01
9.040474764668156651e-03 7.627601544822692858e+01
9.057146619611169958e-03 7.634106121654575361e+01
9.073849219703578398e-03 7.640602595308963885e+01
9.090582621643594069e-03 7.647090909730664521e+01
9.107346882233968710e-03 7.653571008794577324e+01
9.124142058382208806e-03 7.660042836306209324e+01
9.140968207100778550e-03 7.666506336002147748e+01
9.157825385507280258e-03 7.672961451549808487e+01
9.174713650824650388e-03 7.679408126446094229e+01
9.191633060381329545e-03 7.685846303921195499e+01
9.208583671611512284e-03 7.692275927114641831e+01
9.225565542055275473e-03 7.698696939098600467e+01
9.242578729358836773e-03 7.705109282878404997e+01
9.259623291274715964e-03 7.711512901393098218e+01
9.276699285661913624e-03 7.717907737515965039e+01
9.293806770486166130e-03 7.724293734031201097e+01
9.310945803820068825e-03 7.730670833369093486e+01
9.328116443843336228e-03 7.737038977702465559e+01
9.345318748842977238e-03 7.743398109135469554e+01
9.362552777213459937e-03 7.749748169707541479e+01
9.379818587456982201e-03 7.756089101394054808e+01
9.397116238183580994e-03 7.762420846106799388e+01
9.414445788111413388e-03 7.768743345694269919e+01
9.431807296066921364e-03 7.775056541812091382e+01
9.449200820984996613e-03 7.781360375729525458e+01
9.466626421909256350e-03 7.787654788603684608e+01
9.484084157992164754e-03 7.793939721529352482e+01
9.501574088495298373e-03 7.800215115539653254e+01
9.519096272789519600e-03 7.806480911606587370e+01
9.536650770355151879e-03 7.812737050641679559e+01
9.554237640782245120e-03 7.818983473461496203e+01
9.571856943770704063e-03 7.825220120535438184e+01
9.589508739130555431e-03 7.831446932132087113e+01
9.607193086782124872e-03 7.837663848459509097e+01
9.624910046756210424e-03 7.843870809666832145e+01
9.642659679194353142e-03 7.850067755844906969e+01
9.660442044348963725e-03 7.856254627026869741e+01
9.678257202583596605e-03 7.862431363181228505e+01
9.696105214373126890e-03 7.868597904017448741e+01
9.713986140303918632e-03 7.874754188969419033e+01
9.731900041074109317e-03 7.880900157403664252e+01
9.749846977493731304e-03 7.887035748630809451e+01
9.767827010484987638e-03 7.893160901906301774e+01
9.785840201082430731e-03 7.899275556430993106e+01
9.803886610433139304e-03 7.905379651351250914e+01
9.821966299796995939e-03 7.911473125697024500e+01
9.840079330546813718e-03 7.917555918328150710e+01
9.858225764168615513e-03 7.923627968039249936e+01
9.876405662261812657e-03 7.929689213573144002e+01
9.894619086539385364e-03 7.935739593621431709e+01
9.912866098828158543e-03 7.941779046825334376e+01
9.931146761068937109e-03 7.947807511775428679e+01
9.949461135316780072e-03 7.953824926682956686e+01
9.967809283741187881e-03 7.959831228871321684e+01
9.986191268626277637e-03 7.965826355481546273e+01
1.000460715237106064e-02 7.971810243603769663e+01
1.002305699748960201e-02 7.977782830277953963e+01
1.004154086661125655e-02 7.983744052494567711e+01
1.006005882248087527e-02 7.989693847195501064e+01
1.007861092795901518e-02 7.995632151383934172e+01
1.009719724602217011e-02 8.001558902312072519e+01
1.011581783976295799e-02 8.007474037236417530e+01
1.013447277239034987e-02 8.013377493368980709e+01
1.015316210722988499e-02 8.019269207878041072e+01
1.017188590772388074e-02 8.025149117888879857e+01
1.019064423743165984e-02 8.031017160482579698e+01
1.020943716002974642e-02 8.036873272259892076e+01
1.022826473931209672e-02 8.042717388791335509e+01
1.024712703919031069e-02 8.048549445468064789e+01
1.026602412369384543e-02 8.054369377637483751e+01
1.028495605697025451e-02 8.060177120604056711e+01
1.030392290328536672e-02 8.065972609630027534e+01
1.032292472702353928e-02 8.071755779939600473e+01
1.034196159268785040e-02 8.077526566900445459e+01
1.036103356490035085e-02 8.083284906116277568e+01
1.038014070840224436e-02 8.089030733175719945e+01
1.039928308805413218e-02 8.094763983630571147e+01
1.041846076883623171e-02 8.100484592996620847e+01
1.043767381584857941e-02 8.106192496754410115e+01
1.045692229431128585e-02 8.111887630300182650e+01
1.047620626956472130e-02 8.117569928185442052e+01
1.049552580706975685e-02 8.123239324267525774e+01
1.051488097240797781e-02 8.128895752348512360e+01
1.053427183128191093e-02 8.134539146195072590e+01
1.055369844951526206e-02 8.140169439539350549e+01
1.057316089305310874e-02 8.145786566079777913e+01
1.059265922796214301e-02 8.151390459468140648e+01
1.061219352043089523e-02 8.156981053247993430e+01
1.063176383676995088e-02 8.162558280905368235e+01
1.065137024341219867e-02 8.168122075895786338e+01
1.067101280691301786e-02 8.173672371644995849e+01
1.069069159395053328e-02 8.179209101550003425e+01
1.071040667132583390e-02 8.184732198977917506e+01
1.073015810596319314e-02 8.190241597099732473e+01
1.074994596491031518e-02 8.195737228762834548e+01
1.076977031533853449e-02 8.201219026757938479e+01
1.078963122454306735e-02 8.206686923850102744e+01
1.080952875994322868e-02 8.212140852779619138e+01
1.082946298908265582e-02 8.217580746262896696e+01
1.084943397962956704e-02 8.223006536898809316e+01
1.086944179937694883e-02 8.228418156460391231e+01
1.088948651624281616e-02 8.233815536291756132e+01
1.090956819827042582e-02 8.239198607710339672e+01
1.092968691362853489e-02 8.244567302010921139e+01
1.094984273061159509e-02 8.249921550466642373e+01
1.097003571764000596e-02 8.255261284329951366e+01
1.099026594326034389e-02 8.260586434836064029e+01
1.101053347614559461e-02 8.265896933205704045e+01
1.103083838509539248e-02 8.271192710642155532e+01
1.105118073903624092e-02 8.276473698331952278e+01
1.107156060702175343e-02 8.281739827445764490e+01
1.109197805823288786e-02 8.286991029139448983e+01
1.111243316197817535e-02 8.292227234497826771e+01
1.113292598769398054e-02 8.297448374305109553e+01
1.115345660494470106e-02 8.302654379242399330e+01
1.117402508342302259e-02 8.307845179978819772e+01
1.119463149295015642e-02 8.313020707172564983e+01
1.121527590347606851e-02 8.318180891471892835e+01
1.123595838507973621e-02 8.323325663437476862e+01
1.125667900796935988e-02 8.328454952515514265e+01
1.127743784248261272e-02 8.333568687325224289e+01
1.129823495908688358e-02 8.338666796456006125e+01
1.131907042837950600e-02 8.343749208487601265e+01
1.133994432108802533e-02 8.348815851991103898e+01
1.136085670807039302e-02 8.353866655537429153e+01
1.138180766031524765e-02 8.358901548016213212e+01
1.140279724894213004e-02 8.363920458759530163e+01
1.142382554520173996e-02 8.368923317129559791e+01
1.144489262047618076e-02 8.373910052487208588e+01
1.146599854627918143e-02 8.378880594193226727e+01
1.148714339425636020e-02 8.383834871608603123e+01
1.150832723618544842e-02 8.388772813971615960e+01
1.152955014397656457e-02 8.393694350252918923e+01
1.155081218967242418e-02 8.398599409391043480e+01
1.157211344544860007e-02 8.403487920328872463e+01
1.159345398361377039e-02 8.408359812014695933e+01
1.161483387660995625e-02 8.413215013402692932e+01
1.163625319701278200e-02 8.418053452776798906e+01
1.165771201753170068e-02 8.422875056469349886e+01
1.167921041101025424e-02 8.427679750464976394e+01
1.170074845042631817e-02 8.432467460752611998e+01
1.172232620889234259e-02 8.437238113326709765e+01
1.174394375965562461e-02 8.441991634188642024e+01
1.176560117609852345e-02 8.446727949893464427e+01
1.178729853173873104e-02 8.451446988752377365e+01
1.180903590022951144e-02 8.456148679440345006e+01
1.183081335535995579e-02 8.460832950649717077e+01
1.185263097105524431e-02 8.465499731091435365e+01
1.187448882137687005e-02 8.470148949495475676e+01
1.189638698052291298e-02 8.474780533798070792e+01
1.191832552282828112e-02 8.479394409569448499e+01
1.194030452276496207e-02 8.483990501961548603e+01
1.196232405494229711e-02 8.488568736143024296e+01
1.198438419410720150e-02 8.493129037300421658e+01
1.200648501514443335e-02 8.497671330642216958e+01
1.202862659307685732e-02 8.502195541970554871e+01
1.205080900306567705e-02 8.506701598396512054e+01
1.207303232041072663e-02 8.511189427233155413e+01
1.209529662055068219e-02 8.515658955822168252e+01
1.211760197906334297e-02 8.520110111535102249e+01
1.213994847166588453e-02 8.524542821752972088e+01
1.216233617421512772e-02 8.528957012757825851e+01
1.218476516270776758e-02 8.533352609199933170e+01
1.220723551328065093e-02 8.537729535625769017e+01
1.222974730221103486e-02 8.542087716612006432e+01
1.225230060591683476e-02 8.546427076766843811e+01
1.227489550095690711e-02 8.550747540777844335e+01
1.229753206403127672e-02 8.555049034155085508e+01
1.232021037198141947e-02 8.559331483104122640e+01
1.234293050179051908e-02 8.563594813890610169e+01
1.236569253058371516e-02 8.567838952821465170e+01
1.238849653562840158e-02 8.572063826246247231e+01
1.241134259433444159e-02 8.576269360340359071e+01
1.243423078425445923e-02 8.580455479922810014e+01
1.245716118308409434e-02 8.584622109301741943e+01
1.248013386866226627e-02 8.588769172827704779e+01
1.250314891897145488e-02 8.592896594896446061e+01
1.252620641213793122e-02 8.597004299950906159e+01
1.254930642643205252e-02 8.601092212654623381e+01
1.257244904026851018e-02 8.605160258131364515e+01
1.259563433220660215e-02 8.609208361616447291e+01
1.261886238095051745e-02 8.613236448398664891e+01
1.264213326534956681e-02 8.617244443821643074e+01
1.266544706439847595e-02 8.621232273232035936e+01
1.268880385723764916e-02 8.625199861126361611e+01
1.271220372315342781e-02 8.629147131297894191e+01
1.273564674157838875e-02 8.633074007573833342e+01
1.275913299209157324e-02 8.636980413840183246e+01
1.278266255441878364e-02 8.640866274043257533e+01
1.280623550843284011e-02 8.644731512347897251e+01
1.282985193415387901e-02 8.648576053584132239e+01
1.285351191174958704e-02 8.652399822792372674e+01
1.287721552153549623e-02 8.656202745080780403e+01
1.290096284397524926e-02 8.659984745626833558e+01
1.292475395968086839e-02 8.663745749614380998e+01
1.294858894941306078e-02 8.667485680917437207e+01
1.297246789408143877e-02 8.671204462151229109e+01
1.299639087474483562e-02 8.674902015947550638e+01
1.302035797261156570e-02 8.678578265010121129e+01
1.304436926903969861e-02 8.682233132116296304e+01
1.306842484553735230e-02 8.685866540563762328e+01
1.309252478376294639e-02 8.689478415176033366e+01
1.311666916552548662e-02 8.693068681152104205e+01
1.314085807278485285e-02 8.696637263774216819e+01
1.316509158765205925e-02 8.700184088409575622e+01
1.318936979238956829e-02 8.703709080364478723e+01
1.321369276941151798e-02 8.707212163379210779e+01
1.323806060128404280e-02 8.710693260241025371e+01
1.326247337072553739e-02 8.714152293807538285e+01
1.328693116060693236e-02 8.717589187024512398e+01
1.331143405395200825e-02 8.721003862929984507e+01
1.333598213393762631e-02 8.724396244802778710e+01
1.336057548389404936e-02 8.727766256245618592e+01
1.338521418730520031e-02 8.731113820976142392e+01
1.340989832780898477e-02 8.734438862808858062e+01
1.343462798919752184e-02 8.737741305656800250e+01
1.345940325541746148e-02 8.741021073586065881e+01
1.348422421057026907e-02 8.744278090949960358e+01
1.350909093891248906e-02 8.747512282246137261e+01
1.353400352485607111e-02 8.750723572077708923e+01
1.355896205296861293e-02 8.753911885154936101e+01
1.358396660797367081e-02 8.757077145916744598e+01
1.360901727475104239e-02 8.760219276132013988e+01
1.363411413833704941e-02 8.763338196442313688e+01
1.365925728392485168e-02 8.766433827591168892e+01
1.368444679686469864e-02 8.769506090431420375e+01
1.370968276266423813e-02 8.772554906200186053e+01
1.373496526698881476e-02 8.775580200165322253e+01
1.376029439566173358e-02 8.778581900646341296e+01
1.378567023466460012e-02 8.781559936159452207e+01
1.381109287013755627e-02 8.784514235348594013e+01
1.383656238837960295e-02 8.787444726781970417e+01
1.386207887584889331e-02 8.790351333599488726e+01
1.388764241916300851e-02 8.793233972993625969e+01
1.391325310509929081e-02 8.796092561967918755e+01
1.393891102059508467e-02 8.798927017646259685e+01
1.396461625274806814e-02 8.801737257362127309e+01
1.399036888881654422e-02 8.804523202692631401e+01
1.401616901621971500e-02 8.807284781162685761e+01
1.404201672253802685e-02 8.810021920877041168e+01
1.406791209551340634e-02 8.812734550083291651e+01
1.409385522304960024e-02 8.815422597146199735e+01
1.411984619321245311e-02 8.818085988722181412e+01
1.414588509423023686e-02 8.820724648607877327e+01
1.417197201449390577e-02 8.823338500469292001e+01
1.419810704255742607e-02 8.825927468117718888e+01
1.422429026713807089e-02 8.828491475500845809e+01
1.425052177711671163e-02 8.831030445948455565e+01
1.427680166153815107e-02 8.833544301675465249e+01
1.430313000961137664e-02 8.836032964928989486e+01
1.432950691070990386e-02 8.838496358108274364e+01
1.435593245437205567e-02 8.840934403748151738e+01
1.438240673030127814e-02 8.843347023541208785e+01
1.440892982836645790e-02 8.845734137848914713e+01
1.443550183860219105e-02 8.848095667068578507e+01
1.446212285120911968e-02 8.850431531756495929e+01
1.448879295655422506e-02 8.852741652785145732e+01
1.451551224517113117e-02 8.855025956289976818e+01
1.454228080776044131e-02 8.857284374710012287e+01
1.456909873518999823e-02 8.859516841026555767e+01
1.459596611849522767e-02 8.861723288401421428e+01
1.462288304887943667e-02 8.863903649650788452e+01
1.464984961771411201e-02 8.866057848220826543e+01
1.467686591653926710e-02 8.868185799426676397e+01
1.470393203706370742e-02 8.870287418476721086e+01
1.473104807116536533e-02 8.872362620751245288e+01
1.475821411089161227e-02 8.874411322773234190e+01
1.478543024845955373e-02 8.876433450580144324e+01
1.481269657625638655e-02 8.878428935618769913e+01
1.484001318683965225e-02 8.880397709587553834e+01
1.486738017293759428e-02 8.882339704381156764e+01
1.489479762744944785e-02 8.884254850434498962e+01
1.492226564344579197e-02 8.886143070127066323e+01
1.494978431416881665e-02 8.888004283467920175e+01
1.497735373303266983e-02 8.889838410658701662e+01
1.500497399362376791e-02 8.891645372104709111e+01
1.503264518970110972e-02 8.893425090836875313e+01
1.506036741519661479e-02 8.895177495895053710e+01
1.508814076421540785e-02 8.896902517377536412e+01
1.511596533103616059e-02 8.898600085593551512e+01
1.514384121011140907e-02 8.900270130910939770e+01
1.517176849606786428e-02 8.901912579668163517e+01
1.519974728370676598e-02 8.903527353745867856e+01
1.522777766800415336e-02 8.905114374996904303e+01
1.525585974411122758e-02 8.906673565488377164e+01
1.528399360735465881e-02 8.908204848142131027e+01
1.531217935323690021e-02 8.909708150965546736e+01
1.534041707743655572e-02 8.911183404431419319e+01
1.536870687580864543e-02 8.912630539252384665e+01
1.539704884438496645e-02 8.914049486366513975e+01
1.542544307937441204e-02 8.915440175121985078e+01
1.545388967716329262e-02 8.916802530495604628e+01
1.548238873431568956e-02 8.918136476979917404e+01
1.551094034757373452e-02 8.919441939301279376e+01
1.553954461385797896e-02 8.920718842549037220e+01
1.556820163026770461e-02 8.921967114294997714e+01
1.559691149408124790e-02 8.923186684274264735e+01
1.562567430275637118e-02 8.924377482528829830e+01
1.565449015393052812e-02 8.925539439347592463e+01
1.568335914542124190e-02 8.926672484868943513e+01
1.571228137522642093e-02 8.927776547884751324e+01
1.574125694152471097e-02 8.928851557039821785e+01
1.577028594267579353e-02 8.929897441233025290e+01
1.579936847722074322e-02 8.930914129562724213e+01
1.582850464388236081e-02 8.931901549929744988e+01
1.585769454156549588e-02 8.932859628950498632e+01
1.588693826935741460e-02 8.933788293428298743e+01
1.591623592652809116e-02 8.934687470430117173e+01
1.594558761253057552e-02 8.935557087996333792e+01
1.597499342700132302e-02 8.936397077346261142e+01
1.600445346976052050e-02 8.937207370719265498e+01
1.603396784081246099e-02 8.937987900628824889e+01
1.606353664034583864e-02 8.938738599809651930e+01
1.609315996873411647e-02 8.939459400216536267e+01
1.612283792653585943e-02 8.940150233129315893e+01
1.615257061449506051e-02 8.940811030075511212e+01
1.618235813354153285e-02 8.941441722866302655e+01
1.621220058479119416e-02 8.942042243228119958e+01
1.624209806954642760e-02 8.942612522144031573e+01
1.627205068929644602e-02 8.943152490709550761e+01
1.630205854571761120e-02 8.943662080312735441e+01
1.633212174067380854e-02 8.944141222588326912e+01
1.636224037621675231e-02 8.944589849035735085e+01
1.639241455458636393e-02 8.945007891225159824e+01
1.642264437821110840e-02 8.945395281026034695e+01
1.645292994970833783e-02 8.945751950692327625e+01
1.648327137188465921e-02 8.946077836083489387e+01
1.651366874773625010e-02 8.946372877746372865e+01
1.654412218044924027e-02 8.946637016841097534e+01
1.657463177340003438e-02 8.946870194839488022e+01
1.660519763015570055e-02 8.947072349014345605e+01
1.663581985447427913e-02 8.947243402581018756e+01
1.666649855030515742e-02 8.947383276218120329e+01
1.669723382178942006e-02 8.947491890924919744e+01
1.672802577326019599e-02 8.947569170892616341e+01
1.675887450924304703e-02 8.947615062278237019e+01
1.678978013445625930e-02 8.947629521440786959e+01
1.682074275381124917e-02 8.947612505120407889e+01
1.685176247241290670e-02 8.947563969303558906e+01
1.688283939555992874e-02 8.947483849731300154e+01
1.691397362874523178e-02 8.947372064082966858e+01
1.694516527765625377e-02 8.947228529729686386e+01
1.697641444817533235e-02 8.947053164553186377e+01
1.700772124638007601e-02 8.946845897577695439e+01
1.703908577854370068e-02 8.946606675342137294e+01
1.707050815113542869e-02 8.946335446261910818e+01
1.710198847082080448e-02 8.946032159098301406e+01
1.713352684446208668e-02 8.945696760768369415e+01
1.716512337911860198e-02 8.945329192662423168e+01
1.719677818204709552e-02 8.944929395553535301e+01
1.722849136070214032e-02 8.944497310573980542e+01
1.726026302273644258e-02 8.944032878094374439e+01
1.729209327600124066e-02 8.943536034055486539e+01
1.732398222854666936e-02 8.943006713486603587e+01
1.735592998862210690e-02 8.942444851786882509e+01
1.738793666467659121e-02 8.941850385718380778e+01
1.742000236535912877e-02 8.941223258646161298e+01
1.745212719951909353e-02 8.940563416725723300e+01
1.748431127620658429e-02 8.939870806494440103e+01
1.751655470467283066e-02 8.939145374887002049e+01
1.754885759437051218e-02 8.938387069379315619e+01
1.758122005495415738e-02 8.937595837911882768e+01
1.761364219628051841e-02 8.936771628810699042e+01
1.764612412840892847e-02 8.935914389851760120e+01
1.767866596160170417e-02 8.935024059007142228e+01
1.771126780632447870e-02 8.934100568385115082e+01
1.774392977324661461e-02 8.933143850403777719e+01
1.777665197324155427e-02 8.932153838972698168e+01
1.780943451738719804e-02 8.931130482078350497e+01
1.784227751696632058e-02 8.930073737440802972e+01
1.787518108346688311e-02 8.928983563359805942e+01
1.790814532858246363e-02 8.927859917844882887e+01
1.794117036421261427e-02 8.926702750245128470e+01
1.797425630246322556e-02 8.925512003945082995e+01
1.800740325564697403e-02 8.924287622612179405e+01
1.804061133628361013e-02 8.923029550548355360e+01
1.807388065710040584e-02 8.921737735141770997e+01
1.810721133103251196e-02 8.920412125995645169e+01
1.814060347122334327e-02 8.919052673168825152e+01
1.817405719102498790e-02 8.917659327464734531e+01
1.820757260399854735e-02 8.916232043477670288e+01
1.824114982391454934e-02 8.914770778240158222e+01
1.827478896475333292e-02 8.913275489238773730e+01
1.830849014070543013e-02 8.911746132636297091e+01
1.834225346617196842e-02 8.910182650568832230e+01
1.837607905576502804e-02 8.908584978496800488e+01
1.840996702430806181e-02 8.906953052282914030e+01
1.844391748683625251e-02 8.905286813364996590e+01
1.847793055859696040e-02 8.903586234562938273e+01
1.851200635505004591e-02 8.901851300683621560e+01
1.854614499186830329e-02 8.900081996978556731e+01
1.858034658493784227e-02 8.898278299737644659e+01
1.861461125035846972e-02 8.896440146782796887e+01
1.864893910444413369e-02 8.894567466328268779e+01
1.868333026372324263e-02 8.892660187083971834e+01
1.871778484493911640e-02 8.890718247021938225e+01
1.875230296505035407e-02 8.888741607937009803e+01
1.878688474123124674e-02 8.886730235921521626e+01
1.882153029087219043e-02 8.884684097557145321e+01
1.885623973158003994e-02 8.882603162030011390e+01
1.889101318117853562e-02 8.880487402488226678e+01
1.892585075770871275e-02 8.878336792861270510e+01
1.896075257942926931e-02 8.876151307028634108e+01
1.899571876481702393e-02 8.873930908373193915e+01
1.903074943256724896e-02 8.871675550200679083e+01
1.906584470159412154e-02 8.869385185875518118e+01
1.910100469103111209e-02 8.867059769428014704e+01
1.913622952023136953e-02 8.864699256965991481e+01
1.917151930876818955e-02 8.862303605929055550e+01
1.920687417643534081e-02 8.859872774258333550e+01
1.924229424324751594e-02 8.857406721994048837e+01
1.927777962944073400e-02 8.854905416283489217e+01
1.931333045547273600e-02 8.852368826468956797e+01
1.934894684202342896e-02 8.849796922419757550e+01
1.938462890999524679e-02 8.847189678320667383e+01
1.942037678051358740e-02 8.844547075995632213e+01
1.945619057492721168e-02 8.841869098535929083e+01
1.949207041480869804e-02 8.839155728541834378e+01
1.952801642195478582e-02 8.836406932034273609e+01
1.956402871838683680e-02 8.833622661007460408e+01
1.960010742635123412e-02 8.830802867520249322e+01
1.963625266831979521e-02 8.827947508077411953e+01
1.967246456699021928e-02 8.825056562048565922e+01
1.970874324528644472e-02 8.822130017217256182e+01
1.974508882635910706e-02 8.819167861803597930e+01
1.978150143358595181e-02 8.816170074248044841e+01
1.981798119057223695e-02 8.813136612212181831e+01
1.985452822115120128e-02 8.810067431255686188e+01
1.989114264938441484e-02 8.806962489598149091e+01
1.992782459956223690e-02 8.803821778467531090e+01
1.996457419620424265e-02 8.800645315025192872e+01
2.000139156405963264e-02 8.797433117579690531e+01
2.003827682810768035e-02 8.794185189011302839e+01
2.007523011355811723e-02 8.790901465685421101e+01
2.011225154585158381e-02 8.787581866905081540e+01
2.014934125066004944e-02 8.784226313836353484e+01
2.018649935388723560e-02 8.780834778378633132e+01
2.022372598166906343e-02 8.777407299151208520e+01
2.026102126037405624e-02 8.773943919753723719e+01
2.029838531660376963e-02 8.770444672002524555e+01
2.033581827719323568e-02 8.766909505216500520e+01
2.037332026921138614e-02 8.763338334830699239e+01
2.041089141996149658e-02 8.759731077329898596e+01
2.044853185698159576e-02 8.756087696050445857e+01
2.048624170804490968e-02 8.752408237288302928e+01
2.052402110116028841e-02 8.748692756300290796e+01
2.056187016457267092e-02 8.744941297754347431e+01
2.059978902676348061e-02 8.741153813030571484e+01
2.063777781645107293e-02 8.737330206763644469e+01
2.067583666259118977e-02 8.733470384736237691e+01
2.071396569437736548e-02 8.729574349046353632e+01
2.075216504124142297e-02 8.725642286295673955e+01
2.079043483285383798e-02 8.721674404185937135e+01
2.082877519912423175e-02 8.717670877253968342e+01
2.086718627020178740e-02 8.713631609205738471e+01
2.090566817647570089e-02 8.709556372562157378e+01
2.094422104857565289e-02 8.705444941503785117e+01
2.098284501737218352e-02 8.701297205950780267e+01
2.102154021397719189e-02 8.697113247057271224e+01
2.106030676974436633e-02 8.692893164328008027e+01
2.109914481626961810e-02 8.688637053557188494e+01
2.113805448539156709e-02 8.684344986394101795e+01
2.117703590919193732e-02 8.680017025773237549e+01
2.121608921999602881e-02 8.675653231988499670e+01
2.125521455037317556e-02 8.671253572030423129e+01
2.129441203313717570e-02 8.666817904533320416e+01
2.133368180134678077e-02 8.662346082856674911e+01
2.137302398830609809e-02 8.657837996362607669e+01
2.141243872756506961e-02 8.653293660320629499e+01
2.145192615291991595e-02 8.648713118380806009e+01
2.149148639841360134e-02 8.644096411925237078e+01
2.153111959833629852e-02 8.639443549351101126e+01
2.157082588722580851e-02 8.634754517313476185e+01
2.161060539986804294e-02 8.630029302959914617e+01
2.165045827129747150e-02 8.625267918099741848e+01
2.169038463679761122e-02 8.620470417071425118e+01
2.173038463190143585e-02 8.615636858905106976e+01
2.177045839239186154e-02 8.610767290675202901e+01
2.181060605430221178e-02 8.605861700911236767e+01
2.185082775391666843e-02 8.600920061239180825e+01
2.189112362777076090e-02 8.595942346680259050e+01
2.193149381265178249e-02 8.590928571610706399e+01
2.197193844559929346e-02 8.585878779668055927e+01
2.201245766390556510e-02 8.580793015475872210e+01
2.205305160511605508e-02 8.575671309447889712e+01
2.209372040702990009e-02 8.570513667871412622e+01
2.213446420770031828e-02 8.565320095275970402e+01
2.217528314543514012e-02 8.560090598982179699e+01
2.221617735879724206e-02 8.554825195352476896e+01
2.225714698660502880e-02 8.549523903366173272e+01
2.229819216793292938e-02 8.544186744242769294e+01
2.233931304211181704e-02 8.538813754893477892e+01
2.238050974872951571e-02 8.533404980824393249e+01
2.242178242763127882e-02 8.527960467346576934e+01
2.246313121892022646e-02 8.522480240442845911e+01
2.250455626295789699e-02 8.516964305764058452e+01
2.254605770036462870e-02 8.511412668667936998e+01
2.258763567202010450e-02 8.505825346168042245e+01
2.262929031906378563e-02 8.500202377887659111e+01
2.267102178289545286e-02 8.494543806602109726e+01
2.271283020517561937e-02 8.488849672618654552e+01
2.275471572782604424e-02 8.483120005385622164e+01
2.279667849303020771e-02 8.477354832214021485e+01
2.283871864323378659e-02 8.471554182493821372e+01
2.288083632114518151e-02 8.465718096912291912e+01
2.292303166973593334e-02 8.459846621364098951e+01
2.296530483224125396e-02 8.453939801648556340e+01
2.300765595216049120e-02 8.447997675195392731e+01
2.305008517325762840e-02 8.442020273506196304e+01
2.309259263956179101e-02 8.436007628615587350e+01
2.313517849536768367e-02 8.429959776263187621e+01
2.317784288523612457e-02 8.423876756346304262e+01
2.322058595399451725e-02 8.417758609623190580e+01
2.326340784673733633e-02 8.411605386409779328e+01
2.330630870882666530e-02 8.405417153240733796e+01
2.334928868589261630e-02 8.399193978681685735e+01
2.339234792383388176e-02 8.392935919422063762e+01
2.343548656881820624e-02 8.386643000716721019e+01
2.347870476728287914e-02 8.380315243331793340e+01
2.352200266593526892e-02 8.373952677823444901e+01
2.356538041175326031e-02 8.367555369700856716e+01
2.360883815198580246e-02 8.361123393011891380e+01
2.365237603415338077e-02 8.354656818904754800e+01
2.369599420604852694e-02 8.348155701395735662e+01
2.373969281573634973e-02 8.341620089289824591e+01
2.378347201155497567e-02 8.335050033017948579e+01
2.382733194211610409e-02 8.328445591183306362e+01
2.387127275630547552e-02 8.321806826182539396e+01
2.391529460328343723e-02 8.315133800215471638e+01
2.395939763248536997e-02 8.308426569432886311e+01
2.400358199362224304e-02 8.301685186990960119e+01
2.404784783668111742e-02 8.294909707528437082e+01
2.409219531192563490e-02 8.288100197517928791e+01
2.413662456989658367e-02 8.281256731181959196e+01
2.418113576141232846e-02 8.274379382390988269e+01
2.422572903756937956e-02 8.267468212287532481e+01
2.427040454974288552e-02 8.260523272816048745e+01
2.431516244958714310e-02 8.253544617992379528e+01
2.436000288903615932e-02 8.246532330752641826e+01
2.440492602030407826e-02 8.239486517501822505e+01
2.444993199588577429e-02 8.232407283485426319e+01
2.449502096855733779e-02 8.225294695246995502e+01
2.454019309137658172e-02 8.218148786165292563e+01
2.458544851768362099e-02 8.210969591653604027e+01
2.463078740110130962e-02 8.203757194506368933e+01
2.467620989553582014e-02 8.196511719230906579e+01
2.472171615517714666e-02 8.189233289392724657e+01
2.476730633449961486e-02 8.181921980522179183e+01
2.481298058826246142e-02 8.174577826490481414e+01
2.485873907151028503e-02 8.167200863124857335e+01
2.490458193957361538e-02 8.159791173150161114e+01
2.495050934806943704e-02 8.152348878200831450e+01
2.499652145290169949e-02 8.144874099300480452e+01
2.504261841026189303e-02 8.137366926858541660e+01
2.508880037662951368e-02 8.129827428048747606e+01
2.513506750877264259e-02 8.122255671105240538e+01
2.518141996374843872e-02 8.114651739230248495e+01
2.522785789890374247e-02 8.107015725904618364e+01
2.527438147187552678e-02 8.099347726992894536e+01
2.532099084059147298e-02 8.091647856933114724e+01
2.536768616327050516e-02 8.083916241075249332e+01
2.541446759842331399e-02 8.076152998599408761e+01
2.546133530485294311e-02 8.068358196249816672e+01
2.550828944165525400e-02 8.060531875942938029e+01
2.555533016821950887e-02 8.052674092875494694e+01
2.560245764422890841e-02 8.044784981782179045e+01
2.564967202966112261e-02 8.036864707651429285e+01
2.569697348478887020e-02 8.028913420293659442e+01
2.574436217018040776e-02 8.020931199078486884e+01
2.579183824670010228e-02 8.012918103545446513e+01
2.583940187550898965e-02 8.004874205474825999e+01
2.588705321806528126e-02 7.996799616139848865e+01
2.593479243612498847e-02 7.988694455258654159e+01
2.598261969174238059e-02 7.980558844219207515e+01
2.603053514727058509e-02 7.972392907938127848e+01
2.607853896536214272e-02 7.964196771891124627e+01
2.612663130896952096e-02 7.955970549565186900e+01
2.617481234134573856e-02 7.947714334672672010e+01
2.622308222604483388e-02 7.939428220384678525e+01
2.627144112692248248e-02 7.931112326917829591e+01
2.631988920813651753e-02 7.922766804696402687e+01
2.636842663414750224e-02 7.914391802841679180e+01
2.641705356971931623e-02 7.905987426863369194e+01
2.646577017991964820e-02 7.897553749813786794e+01
2.651457663012061691e-02 7.889090852897415118e+01
2.656347308599928125e-02 7.880598885409661136e+01
2.661245971353828552e-02 7.872078029193716020e+01
2.666153667902631391e-02 7.863528451672638653e+01
2.671070414905873588e-02 7.854950253017349837e+01
2.675996229053813694e-02 7.846343514436607336e+01
2.680931127067488415e-02 7.837708339288847981e+01
2.685875125698774027e-02 7.829044888502706101e+01
2.690828241730435638e-02 7.820353331945044317e+01
2.695790491976189293e-02 7.811633813296917594e+01
2.700761893280758524e-02 7.802886436489654898e+01
2.705742462519928129e-02 7.794111303625801668e+01
2.710732216600609049e-02 7.785308539156997654e+01
2.715731172460886939e-02 7.776478287101043918e+01
2.720739347070084274e-02 7.767620693915546326e+01
2.725756757428817595e-02 7.758735919589850027e+01
2.730783420569053710e-02 7.749824130712386250e+01
2.735819353554172495e-02 7.740885485861247162e+01
2.740864573479016852e-02 7.731920111329861811e+01
2.745919097469956549e-02 7.722928125641155361e+01
2.750982942684944421e-02 7.713909663257599902e+01
2.756056126313573273e-02 7.704864890145398704e+01
2.761138665577140758e-02 7.695793974889927824e+01
2.766230577728697945e-02 7.686697059174507274e+01
2.771331880053114899e-02 7.677574257209995778e+01
2.776442589867136879e-02 7.668425688406559004e+01
2.781562724519442281e-02 7.659251526424357337e+01
2.786692301390706825e-02 7.650051972690503987e+01
2.791831337893655243e-02 7.640827212130537305e+01
2.796979851473123391e-02 7.631577367137160195e+01
2.802137859606118261e-02 7.622302546102076803e+01
2.807305379801879400e-02 7.613002898582058720e+01
2.812482429601932676e-02 7.603678643797617553e+01
2.817669026580153432e-02 7.594330002489773790e+01
2.822865188342826501e-02 7.584957116638392449e+01
2.828070932528703105e-02 7.575560065762255135e+01
2.833286276809066778e-02 7.566138947397743664e+01
2.838511238887785407e-02 7.556693969449605675e+01
2.843745836501376800e-02 7.547225378260552020e+01
2.848990087419066633e-02 7.537733387993597489e+01
2.854244009442848465e-02 7.528218139618533655e+01
2.859507620407549314e-02 7.518679764554669021e+01
2.864780938180882044e-02 7.509118407183731847e+01
2.870063980663510594e-02 7.499534224617340783e+01
2.875356765789111382e-02 7.489927377697166833e+01
2.880659311524430208e-02 7.480298048959635082e+01
2.885971635869350946e-02 7.470646429775693775e+01
2.891293756856947589e-02 7.460972712421099118e+01
2.896625692553550860e-02 7.451277091676439568e+01
2.901967461058807540e-02 7.441559761992081690e+01
2.907319080505741879e-02 7.431820906010274541e+01
2.912680569060822205e-02 7.422060694626050292e+01
2.918051944924013666e-02 7.412279297894170327e+01
2.923433226328845877e-02 7.402476884468948981e+01
2.928824431542474335e-02 7.392653622444454697e+01
2.934225578865739051e-02 7.382809693787056915e+01
2.939636686633234630e-02 7.372945311146212077e+01
2.945057773213361971e-02 7.363060688547668065e+01
2.950488857008397997e-02 7.353155999291821843e+01
2.955929956454553947e-02 7.343231382716678013e+01
2.961381090022044069e-02 7.333286995047909329e+01
2.966842276215140781e-02 7.323323078614031090e+01
2.972313533572241290e-02 7.313339900173612307e+01
2.977794880665930732e-02 7.303337668114563996e+01
2.983286336103042891e-02 7.293316497214401295e+01
2.988787918524729234e-02 7.283276504185923272e+01
2.994299646606514084e-02 7.273217911171234107e+01
2.999821539058363309e-02 7.263141001364604676e+01
3.005353614624746081e-02 7.253046022057202435e+01
3.010895892084698364e-02 7.242933112213728464e+01
3.016448390251890224e-02 7.232802394112950140e+01
3.022011127974683423e-02 7.222654072560006000e+01
3.027584124136199761e-02 7.212488435304906886e+01
3.033167397654383882e-02 7.202305749426002990e+01
3.038760967482066061e-02 7.192106155144253421e+01
3.044364852607033683e-02 7.181889751644574460e+01
3.049979072052083975e-02 7.171656721567057957e+01
3.055603644875097558e-02 7.161407382873127858e+01
3.061238590169100202e-02 7.151142049902551889e+01
3.066883927062325627e-02 7.140860898508729804e+01
3.072539674718287664e-02 7.130564030477300719e+01
3.078205852335835768e-02 7.120251589528393765e+01
3.083882479149225794e-02 7.109923825679372555e+01
3.089569574428184875e-02 7.099581003063697437e+01
3.095267157477973527e-02 7.089223361867168194e+01
3.100975247639458851e-02 7.078851123340861307e+01
3.106693864289171089e-02 7.068464502741726108e+01
3.112423026839374399e-02 7.058063696818010158e+01
3.118162754738129996e-02 7.047648898284302277e+01
3.123913067469369018e-02 7.037220314928256926e+01
3.129673984552948374e-02 7.026778170750721131e+01
3.135445525544724998e-02 7.016322689975093851e+01
3.141227710036618298e-02 7.005854096502814343e+01
3.147020557656676765e-02 6.995372613735864320e+01
3.152824088069149794e-02 6.984878468220915693e+01
3.158638320974546665e-02 6.974371891154379455e+01
3.164463276109707318e-02 6.963853111901893556e+01
3.170298973247870356e-02 6.953322349261193835e+01
3.176145432198736879e-02 6.942779817425022770e+01
3.182002672808543348e-02 6.932225740953933268e+01
3.187870714960122642e-02 6.921660362721107163e+01
3.193749578572974146e-02 6.911083921537182562e+01
3.199639283603332440e-02 6.900496612951015152e+01
3.205539850044232530e-02 6.889898611077727253e+01
3.211451297925582704e-02 6.879290131728375002e+01
3.217373647314226981e-02 6.868671475778907620e+01
3.223306918314013808e-02 6.858042943767945587e+01
3.229251131065868224e-02 6.847404741232597303e+01
3.235206305747855005e-02 6.836757019637140331e+01
3.241172462575254987e-02 6.826099991086611851e+01
3.247149621800625441e-02 6.815434007538716799e+01
3.253137803713870152e-02 6.804759422480918829e+01
3.259137028642314360e-02 6.794076404742200737e+01
3.265147316950765127e-02 6.783385008024015406e+01
3.271168689041591138e-02 6.772685364028775723e+01
3.277201165354780288e-02 6.761977799902844311e+01
3.283244766368016015e-02 6.751262663826969401e+01
3.289299512596745301e-02 6.740540218376212067e+01
3.295365424594251524e-02 6.729810669529997824e+01
3.301442522951716918e-02 6.719074236999061611e+01
3.307530828298298198e-02 6.708331179193881155e+01
3.313630361301195260e-02 6.697581756025249433e+01
3.319741142665718486e-02 6.686826182406221619e+01
3.325863193135368545e-02 6.676064642988491471e+01
3.331996533491892593e-02 6.665297362486754196e+01
3.338141184555364765e-02 6.654524670132742870e+01
3.344297167184255570e-02 6.643746899346768942e+01
3.350464502275497802e-02 6.632964252162842911e+01
3.356643210764567037e-02 6.622176843918343536e+01
3.362833313625540610e-02 6.611384844536881644e+01
3.369034831871178109e-02 6.600588563197997871e+01
3.375247786552987989e-02 6.589788324191904678e+01
3.381472198761300424e-02 6.578984397292495601e+01
3.387708089625342256e-02 6.568177017266212658e+01
3.393955480313302214e-02 6.557366418352128790e+01
3.400214392032405858e-02 6.546552836352323368e+01
3.406484846028989821e-02 6.535736505965009258e+01
3.412766863588567734e-02 6.524917657222891876e+01
3.419060466035914181e-02 6.514096517061830127e+01
3.425365674735122296e-02 6.503273338936817538e+01
3.431682511089687027e-02 6.492448435399569462e+01
3.438010996542570363e-02 6.481622114859602846e+01
3.444351152576285297e-02 6.470794584805383920e+01
3.450703000712955493e-02 6.459965997138651517e+01
3.457066562514395092e-02 6.449136566240657942e+01
3.463441859582182952e-02 6.438306633017559477e+01
3.469828913557731348e-02 6.427476536536731544e+01
3.476227746122366458e-02 6.416646484955646201e+01
3.482638378997394979e-02 6.405816620762068681e+01
3.489060833944180456e-02 6.394987160622061850e+01
3.495495132764218221e-02 6.384158457408901199e+01
3.501941297299205474e-02 6.373330854877774954e+01
3.508399349431125941e-02 6.362504529953545784e+01
3.514869311082309544e-02 6.351679584261750477e+01
3.521351204215516367e-02 6.340856222774368689e+01
3.527845050834008123e-02 6.330034822022219743e+01
3.534350872981623093e-02 6.319215752676279152e+01
3.540868692742855928e-02 6.308399248100560897e+01
3.547398532242922176e-02 6.297585484688485735e+01
3.553940413647842245e-02 6.286774677641355424e+01
3.560494359164512179e-02 6.275967101417855076e+01
3.567060391040779987e-02 6.265163027906787363e+01
3.573638531565527521e-02 6.254362690710173922e+01
3.580228803068732923e-02 6.243566309460627650e+01
3.586831227921557369e-02 6.232774165076968131e+01
3.593445828536417225e-02 6.221986624173407421e+01
3.600072627367056910e-02 6.211204014553018027e+01
3.606711646908637020e-02 6.200426419154211288e+01
3.613362909697794695e-02 6.189653840631394388e+01
3.620026438312729661e-02 6.178886491435032724e+01
3.626702255373277783e-02 6.168124857191913435e+01
3.633390383540992946e-02 6.157369392951785869e+01
3.640090845519217133e-02 6.146620307131089334e+01
3.646803664053159533e-02 6.135877728261431940e+01
3.653528861929976335e-02 6.125141852709982260e+01
3.660266461978843588e-02 6.114412961726822715e+01
3.667016487071043246e-02 6.103691332626003430e+01
3.673778960120029080e-02 6.092977202142479598e+01
3.680553904081512034e-02 6.082270794087568078e+01
3.687341341953538632e-02 6.071572366974027801e+01
3.694141296776561750e-02 6.060882222395387231e+01
3.700953791633532219e-02 6.050200632855545280e+01
3.707778849649961961e-02 6.039527715082756743e+01
3.714616493994011420e-02 6.028863540894688811e+01
3.721466747876566589e-02 6.018208378945100634e+01
3.728329634551315330e-02 6.007562746275459631e+01
3.735205177314834812e-02 5.996927108867727441e+01
3.742093399506658119e-02 5.986301583694792328e+01
3.748994324509360987e-02 5.975686173573194537e+01
3.755907975748639521e-02 5.965081035545119903e+01
3.762834376693389993e-02 5.954486535195878361e+01
3.769773550855792105e-02 5.943903026460662886e+01
3.776725521791380463e-02 5.933330714741973111e+01
3.783690313099131314e-02 5.922769750103842057e+01
3.790667948421539563e-02 5.912220335438402685e+01
3.797658451444699962e-02 5.901682755150524429e+01
3.804661845898391070e-02 5.891157299841697892e+01
3.811678155556148806e-02 5.880644266632514672e+01
3.818707404235350406e-02 5.870143953641455425e+01
3.825749615797296305e-02 5.859656588229184138e+01
3.832804814147293404e-02 5.849182268717637356e+01
3.839873023234730010e-02 5.838721098226056938e+01
3.846954267053159793e-02 5.828273365215329704e+01
3.854048569640385752e-02 5.817839459420596882e+01
3.861155955078536539e-02 5.807419688296807436e+01
3.868276447494158055e-02 5.797014160790707393e+01
3.875410071058283529e-02 5.786622966418241276e+01
3.882556849986520953e-02 5.776246349687907866e+01
3.889716808539137038e-02 5.765884670470835971e+01
3.896889971021134935e-02 5.755538251722854426e+01
3.904076361782345822e-02 5.745207282185287312e+01
3.911276005217497603e-02 5.734891921573155571e+01
3.918488925766309972e-02 5.724592374995978616e+01
3.925715147913570735e-02 5.714308897475943638e+01
3.932954696189220473e-02 5.704041738909736381e+01
3.940207595168440657e-02 5.693791113193947950e+01
3.947473869471727903e-02 5.683557220376182073e+01
3.954753543764984169e-02 5.673340274220934987e+01
3.962046642759598641e-02 5.663140514394003588e+01
3.969353191212528914e-02 5.652958178068003292e+01
3.976673213926394668e-02 5.642793460148664053e+01
3.984006735749548445e-02 5.632646528108496398e+01
3.991353781576169324e-02 5.622517566220964369e+01
3.998714376346342719e-02 5.612406821317558325e+01
4.006088545046147809e-02 5.602314551833857337e+01
4.013476312707744270e-02 5.592241006080790555e+01
4.020877704409450693e-02 5.582186420391332859e+01
4.028292745275834780e-02 5.572151021542452298e+01
4.035721460477795924e-02 5.562134977824135262e+01
4.043163875232656107e-02 5.552138428853060503e+01
4.050620014804238306e-02 5.542161540880908177e+01
4.058089904502954620e-02 5.532204558158135654e+01
4.065573569685895089e-02 5.522267735426411406e+01
4.073071035756908875e-02 5.512351279166716722e+01
4.080582328166698636e-02 5.502455340679188112e+01
4.088107472412896154e-02 5.492580073163965437e+01
4.095646494040156710e-02 5.482725681204296819e+01
4.103199418640243040e-02 5.472892394328064825e+01
4.110766271852109299e-02 5.463080436322538702e+01
4.118347079361999591e-02 5.453290015249142897e+01
4.125941866903519439e-02 5.443521334332514527e+01
4.133550660257732934e-02 5.433774585802510160e+01
4.141173485253247383e-02 5.424049945854087440e+01
4.148810367766301438e-02 5.414347587820269325e+01
4.156461333720855994e-02 5.404667681755074682e+01
4.164126409088676067e-02 5.395010394851379942e+01
4.171805619889423083e-02 5.385375898868248612e+01
4.179498992190740919e-02 5.375764403655526280e+01
4.187206552108346108e-02 5.366176133216623612e+01
4.194928325806120128e-02 5.356611286501181723e+01
4.202664339496189200e-02 5.347069983457354425e+01
4.210414619439020040e-02 5.337552327254889661e+01
4.218179191943507295e-02 5.328058462106419313e+01
4.225958083367059581e-02 5.318588609507662568e+01
4.233751320115700101e-02 5.309142996655922531e+01
4.241558928644141580e-02 5.299721816091252435e+01
4.249380935455884106e-02 5.290325220795637762e+01
4.257217367103301869e-02 5.280953359855938345e+01
4.265068250187741689e-02 5.271606374702209763e+01
4.272933611359602118e-02 5.262284400630174019e+01
4.280813477318427818e-02 5.252987574297738149e+01
4.288707874813003917e-02 5.243716056172630147e+01
4.296616830641438595e-02 5.234470018836206151e+01
4.304540371651269237e-02 5.225249631598948241e+01
4.312478524739534608e-02 5.216055049792696963e+01
4.320431316852878234e-02 5.206886422354372002e+01
4.328398774987637920e-02 5.197743894338973547e+01
4.336380926189932483e-02 5.188627596421586929e+01
4.344377797555765836e-02 5.179537653894909255e+01
4.352389416231101232e-02 5.170474195046551102e+01
4.360415809411968130e-02 5.161437365373055997e+01
4.368457004344547534e-02 5.152427314168799199e+01
4.376513028325263593e-02 5.143444182551262145e+01
4.384583908700885602e-02 5.134488081605177001e+01
4.392669672868607794e-02 5.125559113826921731e+01
4.400770348276151350e-02 5.116657388730779132e+01
4.408885962421852517e-02 5.107783049839601830e+01
4.417016542854757671e-02 5.098936248998776222e+01
4.425162117174723936e-02 5.090117129572592347e+01
4.433322713032499668e-02 5.081325797328333493e+01
4.441498358129826463e-02 5.072562345537866690e+01
4.449689080219532133e-02 5.063826869519564866e+01
4.457894907105621612e-02 5.055119483218164333e+01
4.466115866643382420e-02 5.046440307456018104e+01
4.474351986739463077e-02 5.037789459887453347e+01
4.482603295351977185e-02 5.029167036252950851e+01
4.490869820490596409e-02 5.020573119452642885e+01
4.499151590216651786e-02 5.012007791849259775e+01
4.507448632643216990e-02 5.003471142973243246e+01
4.515760975935211030e-02 4.994963268571810033e+01
4.524088648309494698e-02 4.986484263722146437e+01
4.532431678034960776e-02 4.978034221797433645e+01
4.540790093432640201e-02 4.969613234049008099e+01
4.549163922875787414e-02 4.961221390757462757e+01
4.557553194789979584e-02 4.952858773031954343e+01
4.565957937653217918e-02 4.944525435122994139e+01
4.574378179996015786e-02 4.936221425584470524e+01
4.582813950401509739e-02 4.927946796835568222e+01
4.591265277505538617e-02 4.919701635915734528e+01
4.599732189996754567e-02 4.911486045855679805e+01
4.608214716616712558e-02 4.903300127963808563e+01
4.616712886159970303e-02 4.895143951111361247e+01
4.625226727474193028e-02 4.887017544680716696e+01
4.633756269460238830e-02 4.878920935250362589e+01
4.642301541072262755e-02 4.870854150930206572e+01
4.650862571317818800e-02 4.862817226947731797e+01
4.659439389257948733e-02 4.854810199922764014e+01
4.668032024007297276e-02 4.846833106719989104e+01
4.676640504734190518e-02 4.838885997342263323e+01
4.685264860660749708e-02 4.830968933639105956e+01
4.693905121062983549e-02 4.823081977309791313e+01
4.702561315270888109e-02 4.815225180331513144e+01
4.711233472668555772e-02 4.807398557638472170e+01
4.719921622694259189e-02 4.799602114746616621e+01
4.728625794840561614e-02 4.791835857185847658e+01
4.737346018654411961e-02 4.784099799664001296e+01
4.746082323737255831e-02 4.776393968944151425e+01
4.754834739745119471e-02 4.768718392277921936e+01
4.763603296388722180e-02 4.761073093488373331e+01
4.772388023433573462e-02 4.753458066353338296e+01
4.781188950700072243e-02 4.745873287896481685e+01
4.790006108063616513e-02 4.738318734941572075e+01
4.798839525454692834e-02 4.730794390957856876e+01
4.807689232858985279e-02 4.723300268946470482e+01
4.816555260317475357e-02 4.715836389885867419e+01
4.825437637926541928e-02 4.708402774447045402e+01
4.834336395838073619e-02 4.700999425338755344e+01
4.843251564259554859e-02 4.693626296478500848e+01
4.852183173454178988e-02 4.686283333645216942e+01
4.861131253740950953e-02 4.678970482875547532e+01
4.870095835494782366e-02 4.671687702711560775e+01
4.879076949146610165e-02 4.664434979424225958e+01
4.888074625183481264e-02 4.657212303000800091e+01
4.897088894148668436e-02 4.650019663318346375e+01
4.906119786641769537e-02 4.642857035356374240e+01
4.915167333318810200e-02 4.635724358320395311e+01
4.924231564892356250e-02 4.628621566378892993e+01
4.933312512131605293e-02 4.621548593990969067e+01
4.942410205862500516e-02 4.614505376759757382e+01
4.951524676967829913e-02 4.607491853591185560e+01
4.960655956387334531e-02 4.600507964324682320e+01
4.969804075117816022e-02 4.593553649062880595e+01
4.978969064213233792e-02 4.586628846670795667e+01
4.988150954784816710e-02 4.579733485070244825e+01
4.997349778001163728e-02 4.572867487448965562e+01
5.006565565088360453e-02 4.566030777339547342e+01
5.015798347330071433e-02 4.559223278389252698e+01
5.025048156067653260e-02 4.552444906197627006e+01
5.034315022700261433e-02 4.545695566642092444e+01
5.043598978684953049e-02 4.538975165473569717e+01
5.052900055536802687e-02 4.532283608921949991e+01
5.062218284828997467e-02 4.525620800219855511e+01
5.071553698192950849e-02 4.518986625754592978e+01
5.080906327318408106e-02 4.512380967108505558e+01
5.090276203953554568e-02 4.505803706484608995e+01
5.099663359905128729e-02 4.499254726694751128e+01
5.109067827038518694e-02 4.492733910240520601e+01
5.118489637277878757e-02 4.486241138575037724e+01
5.127928822606235559e-02 4.479776293600084358e+01
5.137385415065594957e-02 4.473339257837562144e+01
5.146859446757059281e-02 4.466929913761997994e+01
5.156350949840923098e-02 4.460548126731226404e+01
5.165859956536789088e-02 4.454193743607240918e+01
5.175386499123680456e-02 4.447866611108719326e+01
5.184930609940142238e-02 4.441566576772077468e+01
5.194492321384365507e-02 4.435293488745235635e+01
5.204071665914278277e-02 4.429047191034400299e+01
5.213668676047670397e-02 4.422827523331168464e+01
5.223283384362296944e-02 4.416634325939047301e+01
5.232915823495988550e-02 4.410467440008271467e+01
5.242566026146772834e-02 4.404326707372543837e+01
5.252234025072968771e-02 4.398211959268999749e+01
5.261919853093308813e-02 4.392123008855516986e+01
5.271623543087045061e-02 4.386059668491539298e+01
5.281345127994070687e-02 4.380021751528455809e+01
5.291084640815017781e-02 4.374009072301699774e+01
5.300842114611377387e-02 4.368021443448111540e+01
5.310617582505611223e-02 4.362058664858337664e+01
5.320411077681259232e-02 4.356120533080278534e+01
5.330222633383067260e-02 4.350206845725095661e+01
5.340052282917077953e-02 4.344317401460570238e+01
5.349900059650758433e-02 4.338451999888894761e+01
5.359765997013110628e-02 4.332610432111802368e+01
5.369650128494780211e-02 4.326792473715037346e+01
5.379552487648183584e-02 4.320997899783880314e+01
5.389473108087603631e-02 4.315226486565832431e+01
5.399412023489313928e-02 4.309478011460896596e+01
5.409369267591693231e-02 4.303752252666171074e+01
5.419344874195335116e-02 4.298048976094975160e+01
5.429338877163174953e-02 4.292367931455136443e+01
5.439351310420586366e-02 4.286708868572532083e+01
5.449382207955509594e-02 4.281071538547396216e+01
5.459431603818563905e-02 4.275455693743758445e+01
5.469499532123157232e-02 4.269861087732298444e+01
5.479586027045618007e-02 4.264287467282038335e+01
5.489691122825291619e-02 4.258734563340598100e+01
5.499814853764668082e-02 4.253202106021918638e+01
5.509957254229493756e-02 4.247689826793654078e+01
5.520118358648891388e-02 4.242197458466143445e+01
5.530298201515480155e-02 4.236724735181536516e+01
5.540496817385482525e-02 4.231271390416333844e+01
5.550714240878849154e-02 4.225837138821772498e+01
5.560950506679370603e-02 4.220421684744918878e+01
5.571205649534809179e-02 4.215024733849731575e+01
5.581479704256998159e-02 4.209645993251822205e+01
5.591772705721970160e-02 4.204285171507123664e+01
5.602084688870075102e-02 4.198941978600802116e+01
5.612415688706094002e-02 4.193616122774860600e+01
5.622765740299370124e-02 4.188307291953262279e+01
5.633134878783910976e-02 4.183015166440362975e+01
5.643523139358519458e-02 4.177739428066355032e+01
5.653930557286907660e-02 4.172479760207912847e+01
5.664357167897818290e-02 4.167235847776971980e+01
5.674803006585152354e-02 4.162007377209795322e+01
5.685268108808073234e-02 4.156794035598510817e+01
5.695752510091139920e-02 4.151595493646254198e+01
5.706256246024421497e-02 4.146411406717687953e+01
5.716779352263618580e-02 4.141241431172957732e+01
5.727321864530193762e-02 4.136085225024877587e+01
5.737883818611477088e-02 4.130942447928212857e+01
5.748465250360796502e-02 4.125812761169272136e+01
5.759066195697599977e-02 4.120695827655746513e+01
5.769686690607571389e-02 4.115591309428365463e+01
5.780326771142766523e-02 4.110498848191220844e+01
5.790986473421717851e-02 4.105418075899373775e+01
5.801665833629567753e-02 4.100348626168168664e+01
5.812364888018185793e-02 4.095290134363897749e+01
5.823083672906302632e-02 4.090242237594419805e+01
5.833822224679619667e-02 4.085204574700038904e+01
5.844580579790938091e-02 4.080176786244762610e+01
5.855358774760285184e-02 4.075158514012832711e+01
5.866156846175032274e-02 4.070149384997404240e+01
5.876974830690031432e-02 4.065149008016476984e+01
5.887812765027723022e-02 4.060156992565143952e+01
5.898670685978271711e-02 4.055172950009387023e+01
5.909548630399685809e-02 4.050196493578498291e+01
5.920446635217945647e-02 4.045227238357875166e+01
5.931364737427134021e-02 4.040264801282157237e+01
5.942302974089547218e-02 4.035308801128769574e+01
5.953261382335834490e-02 4.030358857764059621e+01
5.964239999365115313e-02 4.025414574956662506e+01
5.975238862445110544e-02 4.020475540052915875e+01
5.986258008912273554e-02 4.015541341570320100e+01
5.997297476171903341e-02 4.010611570027255368e+01
6.008357301698283304e-02 4.005685817938321946e+01
6.019437523034801979e-02 4.000763679810054185e+01
6.030538177794082799e-02 3.995844752137044509e+01
6.041659303658118707e-02 3.990928633398506520e+01
6.052800938378385259e-02 3.986014924055231035e+01
6.063963119775980792e-02 3.981103222872011571e+01
6.075145885741749241e-02 3.976193107323204146e+01
6.086349274236407120e-02 3.971284147899679340e+01
6.097573323290687158e-02 3.966375917222718783e+01
6.108818071005443773e-02 3.961467990063973588e+01
6.120083555551799476e-02 3.956559943344876729e+01
6.131369815171266308e-02 3.951651356136432014e+01
6.142676888175887390e-02 3.946741809659538092e+01
6.154004812948348641e-02 3.941830887285679808e+01
6.165353627942123799e-02 3.936918174538123338e+01
6.176723371681597935e-02 3.932003258736114049e+01
6.188114082762199292e-02 3.927085715310844449e+01
6.199525799850538060e-02 3.922165103602948477e+01
6.210958561684522955e-02 3.917240984045362495e+01
6.222412407073504848e-02 3.912312919405967193e+01
6.233887374898402362e-02 3.907380474791708025e+01
6.245383504111833711e-02 3.902443217653260632e+01
6.256900833738260337e-02 3.897500717790124725e+01
6.268439402874098620e-02 3.892552547356212500e+01
6.279999250687871848e-02 3.887598280865906730e+01
6.291580416420330946e-02 3.882637495200574307e+01
6.303182939384589789e-02 3.877669769615443585e+01
6.314806858966270919e-02 3.872694680867352446e+01
6.326452214623620729e-02 3.867711790246355008e+01
6.338119045887655179e-02 3.862720657462929097e+01
6.349807392362288860e-02 3.857720844773164970e+01
6.361517293724468225e-02 3.852711916988601359e+01
6.373248789724321461e-02 3.847693441486575949e+01
6.385001920185268132e-02 3.842664988221045519e+01
6.396776725004175990e-02 3.837626129733897784e+01
6.408573244151481718e-02 3.832576441166703773e+01
6.420391517671333870e-02 3.827515500272986770e+01
6.432231585681737196e-02 3.822442887430859315e+01
6.444093488374666445e-02 3.817358185656230063e+01
6.455977266016224569e-02 3.812260979867856037e+01
6.467882958946762073e-02 3.807150847485382172e+01
6.479810607581036608e-02 3.802027361338309674e+01
6.491760252408321219e-02 3.796890096887570820e+01
6.503731933992565328e-02 3.791738632404503306e+01
6.515725692972521021e-02 3.786572548987329156e+01
6.527741570061880438e-02 3.781391430578071322e+01
6.539779606049427041e-02 3.776194863979929295e+01
6.551839841799154962e-02 3.770982438875034859e+01
6.563922318250420274e-02 3.765753747842719434e+01
6.576027076418076989e-02 3.760508386378122481e+01
6.588154157392611676e-02 3.755245952911273122e+01
6.600303602340298892e-02 3.749966048826539122e+01
6.612475452503317752e-02 3.744668278482303947e+01
6.624669749199908753e-02 3.739352248645654697e+01
6.636886533824506995e-02 3.734017567227454037e+01
6.649125847847880966e-02 3.728663844814597184e+01
6.661387732817287965e-02 3.723290695067917255e+01
6.673672230356594848e-02 3.717897734744126126e+01
6.685979382166429286e-02 3.712484583718037356e+01
6.698309230024324101e-02 3.707050865005242457e+01
6.710661815784847717e-02 3.701596204785059996e+01
6.723037181379767913e-02 3.696120232423847796e+01
6.735435368818167012e-02 3.690622580498678218e+01
6.747856420186605642e-02 3.685102884821271374e+01
6.760300377649251791e-02 3.679560784462296397e+01
6.772767283448032083e-02 3.673995921775950535e+01
6.785257179902780267e-02 3.668407942424857282e+01
6.797770109411362116e-02 3.662796495483435422e+01
6.810306114449837800e-02 3.657161239812653974e+01
6.822865237572592334e-02 3.651501848723012955e+01
6.835447521412499339e-02 3.645817999928846831e+01
6.848053008681041776e-02 3.640109374463590797e+01
6.860681742168471542e-02 3.634375656704990831e+01
6.873333764743952412e-02 3.628616534400500626e+01
6.886009119355700203e-02 3.622831698692900204e+01
6.898707849031145145e-02 3.617020844146069436e+01
6.911429996877052617e-02 3.611183668771018773e+01
6.924175606079689682e-02 3.605319874051975404e+01
6.936944719904961087e-02 3.599429164972763573e+01
6.949737381698560534e-02 3.593511250043258798e+01
6.962553634886121945e-02 3.587565841326011906e+01
6.975393522973355465e-02 3.581592654463026548e+01
6.988257089546205669e-02 3.575591408702666740e+01
7.001144378270993118e-02 3.569561827045974667e+01
7.014055432894562847e-02 3.563503651249268955e+01
7.026990297244443961e-02 3.557416656294284962e+01
7.039949015228980089e-02 3.551300624021284591e+01
7.052931630837491750e-02 3.545155339676400530e+01
7.065938188140422072e-02 3.538980591935096243e+01
7.078968731289479732e-02 3.532776172925629510e+01
7.092023304517808269e-02 3.526541878252513840e+01
7.105101952140112365e-02 3.520277507019978458e+01
7.118204718552821608e-02 3.513982861855403428e+01
7.131331648234237597e-02 3.507657748932741981e+01
7.144482785744685205e-02 3.501301977995912296e+01
7.157658175726673566e-02 3.494915362382146640e+01
7.170857862905027913e-02 3.488497719045303569e+01
7.184081892087054722e-02 3.482048868579106227e+01
7.197330308162690204e-02 3.475568635240360749e+01
7.210603156104662681e-02 3.469056846972056007e+01
7.223900480968624416e-02 3.462513335426435646e+01
7.237222327893323703e-02 3.455937949650708418e+01
7.250568742100745034e-02 3.449330599609645986e+01
7.263939768896271465e-02 3.442691213500692271e+01
7.277335453668840048e-02 3.436019722652268626e+01
7.290755841891084776e-02 3.429316061538180804e+01
7.304200979119497561e-02 3.422580167791929284e+01
7.317670910994585054e-02 3.415811982220792942e+01
7.331165683241017139e-02 3.409011448819787660e+01
7.344685341667796241e-02 3.402178514785389751e+01
7.358229932168391940e-02 3.395313130529088852e+01
7.371799500720910281e-02 3.388415249690736175e+01
7.385394093388250591e-02 3.381484829151688842e+01
7.399013756318251200e-02 3.374521829047748867e+01
7.412658535743867072e-02 3.367526212781868367e+01
7.426328477983297482e-02 3.360497947036677857e+01
7.440023629440167818e-02 3.353437001786750926e+01
7.453744036603673906e-02 3.346343350310650777e+01
7.467489746048742993e-02 3.339216969202769292e+01
7.481260804436203060e-02 3.332057844686580950e+01
7.495057258512918819e-02 3.324866040085577623e+01
7.508879155111965187e-02 3.317641669237732316e+01
7.522726541152788271e-02 3.310384849029850329e+01
7.536599463641352470e-02 3.303095698577080697e+01
7.550497969670318110e-02 3.295774339220655946e+01
7.564422106419183001e-02 3.288420894525430072e+01
7.578371921154450352e-02 3.281035490277215416e+01
7.592347461229786987e-02 3.273618254479876555e+01
7.606348774086199582e-02 3.266169317352208878e+01
7.620375907252166514e-02 3.258688811324601886e+01
7.634428908343823816e-02 3.251176871035489313e+01
7.648507825065113674e-02 3.243633633327577570e+01
7.662612705207950958e-02 3.236059237243810571e+01
7.676743596652395307e-02 3.228453824023178953e+01
7.690900547366788520e-02 3.220817537096255734e+01
7.705083605407943292e-02 3.213150522080527338e+01
7.719292818921288934e-02 3.205452926775478062e+01
7.733528236141042067e-02 3.197724901157495836e+01
7.747789905390380094e-02 3.189966601999106643e+01
7.762077875081581368e-02 3.182178275580241689e+01
7.776392193716208379e-02 3.174360247345637021e+01
7.790732909885268731e-02 3.166512845946071053e+01
7.805100072269371969e-02 3.158636400453963233e+01
7.819493729638912760e-02 3.150731240341257333e+01
7.833913930854215224e-02 3.142797695457415941e+01
7.848360724865710569e-02 3.134836096007354200e+01
7.862834160714105014e-02 3.126846772529523122e+01
7.877334287530531054e-02 3.118830055873957718e+01
7.891861154536745915e-02 3.110786277180426040e+01
7.906414811045260616e-02 3.102715767856601303e+01
7.920995306459531482e-02 3.094618859556310042e+01
7.935602690274121129e-02 3.086495884157791281e+01
7.950237012074863607e-02 3.078347173742070453e+01
7.964898321539044812e-02 3.070173060571336521e+01
7.979586668435555141e-02 3.061973877067424255e+01
7.994302102625064355e-02 3.053749955790313564e+01
8.009044674060192270e-02 3.045501629416747491e+01
8.023814432785687789e-02 3.037229230718845230e+01
8.038611428938578773e-02 3.028933121353597357e+01
8.053435712748353847e-02 3.020613800962808071e+01
8.068287334537134481e-02 3.012271808788792171e+01
8.083166344719835972e-02 3.003907681774244054e+01
8.098072793804360348e-02 2.995521954518209284e+01
8.113006732391740694e-02 2.987115159240860152e+01
8.127968211176325730e-02 2.978687825748933804e+01
8.142957280945956056e-02 2.970240481401826571e+01
8.157973992582125133e-02 2.961773651078392078e+01
8.173018397060172191e-02 2.953287857144366058e+01
8.188090545449427937e-02 2.944783619420450904e+01
8.203190488913408851e-02 2.936261455151129951e+01
8.218318278709980940e-02 2.927721878974045566e+01
8.233473966191533211e-02 2.919165402890120831e+01
8.248657602805167799e-02 2.910592536234264216e+01
8.263869240092852619e-02 2.902003785646799727e+01
8.279108929691604557e-02 2.893399655045480756e+01
8.294376723333671264e-02 2.884780645598195292e+01
8.309672672846694919e-02 2.876147255696314176e+01
8.324996830153907901e-02 2.867499981111541274e+01
8.340349247274282674e-02 2.858839374661494048e+01
8.355729976322727459e-02 2.850166131060243302e+01
8.371139069510256936e-02 2.841480961315983933e+01
8.386576579144165711e-02 2.832784570758359877e+01
8.402042557628221220e-02 2.824077659007396335e+01
8.417537057462819161e-02 2.815360919944014739e+01
8.433060131245179170e-02 2.806635041682063658e+01
8.448611831669508576e-02 2.797900706541885185e+01
8.464192211527206411e-02 2.789158591025361744e+01
8.479801323707011895e-02 2.780409365792483456e+01
8.495439221195201507e-02 2.771653695639381709e+01
8.511105957075769390e-02 2.762892239477783107e+01
8.526801584530595279e-02 2.754125650315969409e+01
8.542526156839648499e-02 2.745354575241088924e+01
8.558279727381139235e-02 2.736579655402923450e+01
8.574062349631721147e-02 2.727801525999030829e+01
8.589874077166663457e-02 2.719020816261254581e+01
8.605714963660031358e-02 2.710238149443593514e+01
8.621585062884888628e-02 2.701454142811394021e+01
8.637484428713447515e-02 2.692669412244923421e+01
8.653413115117271348e-02 2.683884672588961351e+01
8.669371176167457727e-02 2.675100735528691942e+01
8.685358666034813380e-02 2.666318408414686303e+01
8.701375638990052619e-02 2.657538489712895213e+01
8.717422149403963871e-02 2.648761769004557109e+01
8.733498251747606744e-02 2.639989026988428478e+01
8.749604000592488273e-02 2.631221035485281234e+01
8.765739450610753047e-02 2.622458557444599236e+01
8.781904656575380275e-02 2.613702346953498434e+01
8.798099673360343376e-02 2.604953149247797839e+01
8.814324555940818151e-02 2.596211700725170601e+01
8.830579359393353478e-02 2.587478728960408603e+01
8.846864138896083640e-02 2.578754952722665195e+01
8.863178949728883760e-02 2.570041081994756027e+01
8.879523847273576576e-02 2.561337817994377275e+01
8.895898887014119794e-02 2.552645853197246595e+01
8.912304124536782335e-02 2.543965871362130216e+01
8.928739615530356666e-02 2.535298547557705717e+01
8.945205415786319780e-02 2.526644548257561240e+01
8.961701581199039979e-02 2.518004573591039374e+01
8.978228167765962831e-02 2.509379428939479340e+01
8.994785231587794361e-02 2.500769928141982135e+01
9.011372828868714768e-02 2.492176874106678497e+01
9.027991015916533857e-02 2.483601058860273625e+01
9.044639849142911692e-02 2.475043263600082355e+01
9.061319385063532073e-02 2.466504258748581790e+01
9.078029680298303761e-02 2.457984804010388658e+01
9.094770791571556157e-02 2.449485648431601703e+01
9.111542775712219711e-02 2.441007530461447317e+01
9.128345689654024375e-02 2.432551178016189652e+01
9.145179590435696670e-02 2.424117308545211458e+01
9.162044535201144257e-02 2.415706629099267744e+01
9.178940581199669657e-02 2.407319836400776580e+01
9.195867785786138171e-02 2.398957616916183611e+01
9.212826206421188824e-02 2.390620646930246807e+01
9.229815900671425877e-02 2.382309592622267047e+01
9.246836926209607566e-02 2.374025110144189554e+01
9.263889340814868145e-02 2.365767845797855173e+01
9.280973202372873321e-02 2.357538462914597233e+01
9.298088568876049231e-02 2.349337677906211397e+01
9.315235498423755922e-02 2.341166205319199989e+01
9.332414049222517716e-02 2.333024748722283093e+01
9.349624279586181419e-02 2.324914000807764580e+01
9.366866247936136980e-02 2.316834643494937751e+01
9.384140012801513164e-02 2.308787348035453491e+01
9.401445632819367682e-02 2.300772775120620395e+01
9.418783166734910617e-02 2.292791574990508252e+01
9.436152673401666802e-02 2.284844387544885791e+01
9.453554211781703409e-02 2.276931842455863375e+01
9.470987840945820080e-02 2.269054559282192685e+01
9.488453620073747374e-02 2.261213147585228000e+01
9.505951608454364654e-02 2.253408207046391354e+01
9.523481865485872166e-02 2.245640327586170670e+01
9.541044450676018640e-02 2.237910089484564224e+01
9.558639423642285859e-02 2.230218063502945469e+01
9.576266844112098220e-02 2.222564811007212882e+01
9.593926771923039221e-02 2.214950883901723344e+01
9.611619267023024937e-02 2.207376823092172557e+01
9.629344389470530230e-02 2.199843159448296959e+01
9.647102199434784420e-02 2.192350414979594575e+01
9.664892757195973905e-02 2.184899102975890273e+01
9.682716123145462817e-02 2.177489728136981739e+01
9.700572357785970656e-02 2.170122786703322859e+01
9.718461521731797115e-02 2.162798766587624399e+01
9.736383675709024688e-02 2.155518147507416060e+01
9.754338880555714353e-02 2.148281401118478229e+01
9.772327197222138717e-02 2.141088991149104359e+01
9.790348686770954101e-02 2.133941373535206409e+01
9.808403410377430909e-02 2.126838996556165995e+01
9.826491429329649308e-02 2.119782300971424860e+01
9.844612805028728209e-02 2.112771720157790156e+01
9.862767598989002904e-02 2.105807680247408342e+01
9.880955872838256826e-02 2.098890600266365780e+01
9.899177688317918611e-02 2.092020892273928823e+01
9.917433107283274429e-02 2.085198952839325415e+01
9.935722191703696970e-02 2.078425100759812238e+01
9.954045003662820301e-02 2.071699614385408594e+01
9.972401605358774401e-02 2.065022766882123761e+01
9.990792059104393330e-02 2.058394826592873628e+01
1.000921642732741645e-01 2.051816057152126049e+01
1.002767477257073131e-01 2.045286717600568238e+01
1.004616715749252626e-01 2.038807062499935085e+01
1.006469364486656942e-01 2.032377342047827185e+01
1.008325429758239467e-01 2.025997802192629393e+01
1.010184917864547782e-01 2.019668684748496901e+01
1.012047835117753092e-01 2.013390227510329922e+01
1.013914187841662568e-01 2.007162664368838634e+01
1.015783982371748911e-01 2.000986225425591769e+01
1.017657225055167702e-01 1.994861137108106774e+01
1.019533922250777103e-01 1.988787622284969814e+01
1.021414080329165336e-01 1.982765900380923085e+01
1.023297705672665120e-01 1.976796186116956022e+01
1.025184804675382116e-01 1.970878610283912735e+01
1.027075383743213388e-01 1.965013177653517573e+01
1.028969449293866550e-01 1.959199881909463770e+01
1.030867007756888221e-01 1.953438716357370453e+01
1.032768065573677757e-01 1.947729673981910281e+01
1.034672629197516680e-01 1.942072747503671337e+01
1.036580705093587129e-01 1.936467929435837831e+01
1.038492299738990876e-01 1.930915212140697790e+01
1.040407419622778329e-01 1.925414587885900630e+01
1.042326071245962410e-01 1.919966048900604960e+01
1.044248261121548255e-01 1.914569587431370934e+01
1.046173995774551391e-01 1.909225195797945318e+01
1.048103281742017584e-01 1.903932866448850092e+01
1.050036125573051704e-01 1.898692592016812597e+01
1.051972533828832157e-01 1.893504365374064591e+01
1.053912513082639890e-01 1.888368179687480364e+01
1.055856069919878099e-01 1.883284025012135743e+01
1.057803210938091099e-01 1.878251768712104663e+01
1.059753942746994165e-01 1.873271126532982223e+01
1.061708271968487549e-01 1.868341808020564798e+01
1.063666205236686452e-01 1.863463526234794898e+01
1.065627749197940177e-01 1.858635997725177091e+01
1.067592910510851562e-01 1.853858942506552410e+01
1.069561695846306254e-01 1.849132084035178636e+01
1.071534111887491592e-01 1.844455149185184695e+01
1.073510165329916582e-01 1.839827868225355090e+01
1.075489862881442021e-01 1.835249974796231953e+01
1.077473211262294367e-01 1.830721205887588710e+01
1.079460217205096412e-01 1.826241301816180496e+01
1.081450887454886989e-01 1.821810006203875432e+01
1.083445228769140123e-01 1.817427065956093202e+01
1.085443247917796256e-01 1.813092231240548458e+01
1.087444951683275846e-01 1.808805255466353401e+01
1.089450346860510316e-01 1.804565843950256010e+01
1.091459440256962177e-01 1.800373491964506556e+01
1.093472238692644177e-01 1.796227644758380393e+01
1.095488749000150669e-01 1.792127753613388208e+01
1.097508978024671900e-01 1.788073275742801016e+01
1.099532932624024545e-01 1.784063674192602633e+01
1.101560619668672525e-01 1.780098417744137862e+01
1.103592046041746016e-01 1.776176980818331685e+01
1.105627218639073372e-01 1.772298843381484801e+01
1.107666144369194999e-01 1.768463490852631281e+01
1.109708830153395415e-01 1.764670414012390864e+01
1.111755282925722677e-01 1.760919108913345354e+01
1.113805509633008506e-01 1.757209076791870572e+01
1.115859517234900483e-01 1.753539823981391166e+01
1.117917312703875926e-01 1.749910861827099851e+01
1.119978903025273947e-01 1.746321706600928181e+01
1.122044295197315300e-01 1.742771823735104419e+01
1.124113496231123194e-01 1.739260479301188766e+01
1.126186513150754798e-01 1.735786899157738716e+01
1.128263352993215951e-01 1.732350316155647363e+01
1.130344022808493221e-01 1.728949969996846292e+01
1.132428529659574301e-01 1.725585107096448567e+01
1.134516880622468415e-01 1.722254980448180817e+01
1.136609082786238512e-01 1.718958849493099805e+01
1.138705143253016389e-01 1.715695979991543041e+01
1.140805069138034339e-01 1.712465643898225309e+01
1.142908867569645964e-01 1.709267119240488597e+01
1.145016545689347548e-01 1.706099689999606994e+01
1.147128110651809418e-01 1.702962645995129165e+01
1.149243569624891631e-01 1.699855282772214338e+01
1.151362929789676026e-01 1.696776901491877965e+01
1.153486198340487878e-01 1.693726802955669442e+01
1.155613382484915463e-01 1.690704169744781282e+01
1.157744489443844338e-01 1.687708073056276703e+01
1.159879526451470938e-01 1.684737586348188287e+01
1.162018500755336442e-01 1.681791789910398549e+01
1.164161419616347448e-01 1.678869770737226474e+01
1.166308290308797069e-01 1.675970622404961574e+01
1.168459120120397959e-01 1.673093444954323417e+01
1.170613916352297307e-01 1.670237344777792288e+01
1.172772686319110552e-01 1.667401434511700131e+01
1.174935437348941930e-01 1.664584832933098113e+01
1.177102176783406534e-01 1.661786664861274332e+01
1.179272911977661403e-01 1.659006061063900006e+01
1.181447650300427865e-01 1.656242158167726330e+01
1.183626399134012630e-01 1.653494098573825255e+01
1.185809165874340959e-01 1.650761028077949177e+01
1.187995957930972346e-01 1.648042025369520402e+01
1.190186782727134240e-01 1.645336089397116908e+01
1.192381647699743696e-01 1.642642220698840205e+01
1.194580560299428607e-01 1.639959426299419221e+01
1.196783527990561563e-01 1.637286719642193589e+01
1.198990558251275818e-01 1.634623120527094287e+01
1.201201658573499004e-01 1.631967655054451782e+01
1.203416836462974648e-01 1.629319355574690320e+01
1.205636099439284376e-01 1.626677260643761613e+01
1.207859455035881907e-01 1.624040414984268210e+01
1.210086910800108606e-01 1.621407869452251660e+01
1.212318474293227755e-01 1.618778681009516163e+01
1.214554153090446897e-01 1.616151912701495164e+01
1.216793954780939352e-01 1.613526633640561414e+01
1.219037886967879042e-01 1.610901914591809714e+01
1.221285957268456041e-01 1.608276795296663408e+01
1.223538173313911404e-01 1.605650303222950370e+01
1.225794542749558957e-01 1.603021472145677961e+01
1.228055073234808059e-01 1.600389342298751316e+01
1.230319772443198151e-01 1.597752960391822263e+01
1.232588648062414305e-01 1.595111379632879967e+01
1.234861707794322749e-01 1.592463659756435490e+01
1.237138959354992934e-01 1.589808867057289277e+01
1.239420410474720013e-01 1.587146074429792364e+01
1.241706068898060095e-01 1.584474361412511989e+01
1.243995942383845643e-01 1.581792814238267830e+01
1.246290038705222120e-01 1.579100525889416851e+01
1.248588365649668797e-01 1.576396596158362939e+01
1.250890931019023045e-01 1.573680132551215749e+01
1.253197742629514611e-01 1.570950272073408094e+01
1.255508808311782132e-01 1.568206183117914243e+01
1.257824135910909358e-01 1.565447042077632389e+01
1.260143733286447076e-01 1.562672032181209580e+01
1.262467608312436429e-01 1.559880343577493811e+01
1.264795768877444437e-01 1.557071173424129462e+01
1.267128222884580380e-01 1.554243725980226642e+01
1.269464978251532150e-01 1.551397212703007433e+01
1.271806042910588741e-01 1.548530852348368647e+01
1.274151424808663280e-01 1.545643871075280629e+01
1.276501131907329945e-01 1.542735502553916760e+01
1.278855172182838951e-01 1.539804988077467840e+01
1.281213553626154300e-01 1.536851576677523212e+01
1.283576284242976540e-01 1.533874529267997211e+01
1.285943372053765521e-01 1.530873191460834626e+01
1.288314825093777316e-01 1.527846985147391301e+01
1.290690651413080592e-01 1.524795341692341566e+01
1.293070859076594081e-01 1.521717699578135807e+01
1.295455456164108510e-01 1.518613504512307522e+01
1.297844450770311020e-01 1.515482209536525104e+01
1.300237851004822365e-01 1.512323275137273626e+01
1.302635664992212172e-01 1.509136169358134261e+01
1.305037900872038081e-01 1.505920367913572733e+01
1.307444566798867391e-01 1.502675354304165012e+01
1.309855670942301209e-01 1.499400619933193468e+01
1.312271221487011641e-01 1.496095664224507260e+01
1.314691226632763166e-01 1.492759994741609120e+01
1.317115694594438724e-01 1.489393162427245088e+01
1.319544633602075245e-01 1.485994883027806246e+01
1.321978051900882245e-01 1.482564922728060530e+01
1.324415957751277906e-01 1.479103054115813620e+01
1.326858359428914336e-01 1.475609056251605367e+01
1.329305265224700328e-01 1.472082714740149534e+01
1.331756683444840217e-01 1.468523821801384344e+01
1.334212622410850535e-01 1.464932176341180892e+01
1.336673090459597757e-01 1.461307584021577455e+01
1.339138095943322726e-01 1.457649857330558696e+01
1.341607647229664801e-01 1.453958815651301784e+01
1.344081752701700161e-01 1.450234285330852835e+01
1.346560420757958731e-01 1.446476099748208455e+01
1.349043659812462492e-01 1.442684117565899093e+01
1.351531478294750177e-01 1.438858381832708133e+01
1.354023884649901976e-01 1.434999040821463012e+01
1.356520887338576453e-01 1.431106248002784476e+01
1.359022494837030248e-01 1.427180160893734850e+01
1.361528715637155273e-01 1.423220941051502741e+01
1.364039558246503137e-01 1.419228754066339881e+01
1.366555031188310676e-01 1.415203769553681568e+01
1.369075143001538819e-01 1.411146161145459743e+01
1.371599902240888680e-01 1.407056106480634128e+01
1.374129317476842915e-01 1.402933787194873538e+01
1.376663397295688762e-01 1.398779388909483146e+01
1.379202150299543017e-01 1.394593101219475528e+01
1.381745585106392005e-01 1.390375144187521883e+01
1.384293710350109896e-01 1.386125947345483489e+01
1.386846534680495624e-01 1.381846037541781236e+01
1.389404066763300361e-01 1.377535941969666666e+01
1.391966315280252220e-01 1.373196187521165612e+01
1.394533288929094283e-01 1.368827300700742988e+01
1.397104996423604861e-01 1.364429807539951156e+01
1.399681446493634684e-01 1.360004233512990979e+01
1.402262647885134939e-01 1.355551103453291795e+01
1.404848609360179745e-01 1.351070941471062703e+01
1.407439339697008351e-01 1.346564270871819957e+01
1.410034847690042337e-01 1.342031614075961343e+01
1.412635142149925860e-01 1.337473492737927572e+01
1.415240231903550638e-01 1.332890511762297692e+01
1.417850125794082317e-01 1.328283488034412230e+01
1.420464832681000156e-01 1.323653266622537750e+01
1.423084361440115908e-01 1.319000686628985086e+01
1.425708720963614062e-01 1.314326581062308996e+01
1.428337920160076824e-01 1.309631776713934670e+01
1.430971967954511315e-01 1.304917094039167225e+01
1.433610873288388987e-01 1.300183347042514725e+01
1.436254645119665052e-01 1.295431343167361327e+01
1.438903292422818447e-01 1.290661883189898695e+01
1.441556824188878483e-01 1.285875761117321403e+01
1.444215249425450653e-01 1.281073764090223044e+01
1.446878577156757717e-01 1.276256699273887207e+01
1.449546816423658291e-01 1.271425559446825559e+01
1.452219976283687930e-01 1.266581410965781274e+01
1.454898065811085772e-01 1.261725308658531652e+01
1.457581094096820074e-01 1.256858295364140865e+01
1.460269070248629286e-01 1.251981401838243890e+01
1.462962003391047316e-01 1.247095646666415547e+01
1.465659902665430447e-01 1.242202036185468650e+01
1.468362777229998695e-01 1.237301564412544330e+01
1.471070636259855513e-01 1.232395212981895938e+01
1.473783488947028597e-01 1.227483951089193326e+01
1.476501344500497082e-01 1.222568735443237387e+01
1.479224212146218742e-01 1.217650526899736008e+01
1.481952101127170240e-01 1.212730423163375981e+01
1.484685020703368219e-01 1.207809585630487881e+01
1.487422980151910656e-01 1.202889159821648413e+01
1.490165988767003236e-01 1.197970274641208199e+01
1.492914055859987099e-01 1.193054042378266821e+01
1.495667190759381038e-01 1.188141558717967428e+01
1.498425402810900364e-01 1.183233902762932743e+01
1.501188701377500212e-01 1.178332137064505325e+01
1.503957095839401903e-01 1.173437307663619222e+01
1.506730595594120981e-01 1.168550444141045830e+01
1.509509210056508843e-01 1.163672559676718521e+01
1.512292948658773284e-01 1.158804672272559344e+01
1.515081820850521233e-01 1.153947886477997109e+01
1.517875836098785403e-01 1.149103319981366234e+01
1.520675003888052879e-01 1.144272071803233715e+01
1.523479333720307305e-01 1.139455222410077617e+01
1.526288835115049147e-01 1.134653833846319060e+01
1.529103517609338991e-01 1.129868949876339101e+01
1.531923390757824466e-01 1.125101596136257776e+01
1.534748464132769108e-01 1.120352780295106854e+01
1.537578747324095385e-01 1.115623492225128643e+01
1.540414249939403846e-01 1.110914704180927259e+01
1.543254981604018361e-01 1.106227371394754933e+01
1.546100951961012493e-01 1.101562449986470860e+01
1.548952170671238637e-01 1.096920903634374334e+01
1.551808647413371323e-01 1.092303680281596101e+01
1.554670391883927194e-01 1.087711710523950970e+01
1.557537413797309978e-01 1.083145907847372058e+01
1.560409722885837402e-01 1.078607168873018196e+01
1.563287328899770623e-01 1.074096373609705068e+01
1.566170241607357794e-01 1.069614385713417093e+01
1.569058470794854332e-01 1.065162052753653477e+01
1.571952026266568436e-01 1.060740206486316772e+01
1.574850917844888010e-01 1.056349663129651439e+01
1.577755155370310081e-01 1.051991207614867641e+01
1.580664748701485767e-01 1.047665557191219143e+01
1.583579707715239981e-01 1.043373404644933622e+01
1.586500042306616676e-01 1.039115429685989866e+01
1.589425762388907704e-01 1.034892299228220836e+01
1.592356877893681688e-01 1.030704667673359154e+01
1.595293398770828708e-01 1.026553177198870159e+01
1.598235334988581113e-01 1.022438458049429855e+01
1.601182696533559324e-01 1.018361128831882922e+01
1.604135493410799862e-01 1.014321796813560894e+01
1.607093735643785881e-01 1.010321058223819968e+01
1.610057433274490468e-01 1.006359467212389802e+01
1.613026596363400234e-01 1.002437434978732611e+01
1.616001234989558888e-01 9.985553298679144874e+00
1.618981359250597218e-01 9.947135134351404062e+00
1.621966979262762509e-01 9.909123406793108657e+00
1.624958105160962951e-01 9.871521602770513937e+00
1.627954747098796784e-01 9.834333148175456785e+00
1.630956915248581718e-01 9.797561410381085523e+00
1.633964619801401286e-01 9.761209700604625894e+00
1.636977870967126492e-01 9.725281276277288001e+00
1.639996678974461053e-01 9.689779342622225400e+00
1.643021054070972486e-01 9.654706370274668714e+00
1.646051006523120419e-01 9.620062862726156183e+00
1.649086546616304605e-01 9.585848978864689229e+00
1.652127684654885464e-01 9.552064876312835295e+00
1.655174430962230991e-01 9.518710712492547188e+00
1.658226795880747007e-01 9.485786645687104723e+00
1.661284789771907133e-01 9.453292836100132490e+00
1.664348423016299428e-01 9.421229446911661753e+00
1.667417706013648582e-01 9.389596645331975466e+00
1.670492649182863110e-01 9.358394603652980592e+00
1.673573262962064767e-01 9.327623440019600309e+00
1.676659557808620193e-01 9.297281670715035418e+00
1.679751544199187263e-01 9.267366099678286062e+00
1.682849232629737291e-01 9.237873495846638860e+00
1.685952633615602769e-01 9.208800680882234246e+00
1.689061757691508459e-01 9.180144528623939593e+00
1.692176615411600527e-01 9.151901964549281843e+00
1.695297217349495955e-01 9.124069965246160763e+00
1.698423574098303357e-01 9.096645557894738943e+00
1.701555696270672657e-01 9.069625819758739382e+00
1.704693594498823961e-01 9.043007877677229800e+00
1.707837279434579747e-01 9.016788243565951433e+00
1.710986761749413165e-01 8.990961026160503522e+00
1.714142052134469685e-01 8.965519848192919028e+00
1.717303161300615666e-01 8.940458420257003880e+00
1.720470099978470557e-01 8.915770538810246393e+00
1.723642878918436594e-01 8.891450084220124950e+00
1.726821508890748480e-01 8.867491018853508322e+00
1.730006000685495315e-01 8.843887385208581975e+00
1.733196365112670279e-01 8.820633304087957427e+00
1.736392613002201712e-01 8.797722972812248798e+00
1.739594755203984211e-01 8.775150429046364664e+00
1.742802802587928024e-01 8.752907930527879188e+00
1.746016766043982371e-01 8.730986945374501929e+00
1.749236656482183461e-01 8.709379034906909567e+00
1.752462484832688350e-01 8.688075856469447800e+00
1.755694262045804088e-01 8.667069160876570422e+00
1.758931999092039900e-01 8.646350789938988868e+00
1.762175706962127997e-01 8.625912674068047181e+00
1.765425396667074931e-01 8.605746829956537169e+00
1.768681079238192955e-01 8.585845358334740496e+00
1.771942765727131941e-01 8.566200216227350950e+00
1.775210467205929621e-01 8.546801283753532985e+00
1.778484194767035731e-01 8.527637340488773532e+00
1.781763959523360030e-01 8.508697260212223057e+00
1.785049772608306995e-01 8.489970021172572601e+00
1.788341645175806627e-01 8.471444703446538327e+00
1.791639588400364136e-01 8.453110486438754734e+00
1.794943613477091859e-01 8.434956646521021284e+00
1.798253731621742013e-01 8.416972554808472395e+00
1.801569954070757207e-01 8.399147675070448571e+00
1.804892292081294314e-01 8.381471815267181213e+00
1.808220756931275819e-01 8.363936479313940353e+00
1.811555359919421737e-01 8.346533872154560996e+00
1.814896112365283476e-01 8.329256265386172586e+00
1.818243025609293795e-01 8.312095994643661001e+00
1.821596111012792063e-01 8.295045458538663041e+00
1.824955379958075052e-01 8.278097117668275828e+00
1.828320843848429411e-01 8.261243493692720818e+00
1.831692514108165803e-01 8.244477168480836227e+00
1.835070402182670257e-01 8.227790780357976175e+00
1.838454519538428311e-01 8.211175703902135581e+00
1.841844877663076918e-01 8.194619989024568341e+00
1.845241488065437196e-01 8.178111244239358868e+00
1.848644362275549125e-01 8.161637177003685295e+00
1.852053511844722888e-01 8.145185593109106392e+00
1.855468948345563307e-01 8.128744396256157856e+00
1.858890683372022290e-01 8.112301587809614745e+00
1.862318728539432422e-01 8.095845266732016654e+00
1.865753095484541380e-01 8.079363629692839055e+00
1.869193795865563279e-01 8.062844999175741378e+00
1.872640841362205044e-01 8.046278176157445117e+00
1.876094243675717199e-01 8.029652332450311292e+00
1.879554014528929673e-01 8.012956740166623959e+00
1.883020165666284829e-01 7.996180766391438155e+00
1.886492708853891032e-01 7.979313874197342393e+00
1.889971655879547630e-01 7.962345623798730010e+00
1.893457018552797133e-01 7.945265673842599519e+00
1.896948808704961853e-01 7.928063782833882911e+00
1.900447038189175542e-01 7.910729818776769839e+00
1.903951718880438904e-01 7.893254639873616085e+00
1.907462862675644300e-01 7.875630874670116022e+00
1.910980481493629313e-01 7.857851420882298932e+00
1.914504587275210890e-01 7.839909259591415491e+00
1.918035191983221144e-01 7.821797456770622325e+00
1.921572307602561203e-01 7.803509164870521708e+00
1.925115946140225631e-01 7.785037624462057160e+00
1.928666119625357944e-01 7.766376165934564035e+00
1.932222840109284467e-01 7.747518211309871283e+00
1.935786119665550420e-01 7.728457698282828581e+00
1.939355970389973760e-01 7.709190081934916172e+00
1.942932404400670721e-01 7.689711196573882468e+00
1.946515433838111875e-01 7.670016953224775058e+00
1.950105070865155166e-01 7.650103340982193245e+00
1.953701327667083376e-01 7.629966428377007226e+00
1.957304216451658530e-01 7.609602364756046455e+00
1.960913749449146870e-01 7.589007381673935626e+00
1.964529938912375484e-01 7.568177794295507077e+00
1.968152797116766994e-01 7.547110570545060071e+00
1.971782336360375643e-01 7.525804988645615978e+00
1.975418568963943078e-01 7.504260930106458005e+00
1.979061507270923892e-01 7.482478326331780671e+00
1.982711163647541408e-01 7.460457158959168389e+00
1.986367550482824873e-01 7.438197460187250698e+00
1.990030680188643319e-01 7.415699313092192213e+00
1.993700565199761909e-01 7.392962851932572299e+00
1.997377217973876906e-01 7.369988263085753388e+00
2.001060650991651757e-01 7.346776571776490350e+00
2.004750876756774824e-01 7.323331156894248295e+00
2.008447907795984366e-01 7.299655831679218387e+00
2.012151756659125712e-01 7.275754415178195877e+00
2.015862435919187901e-01 7.251630731383372108e+00
2.019579958172340040e-01 7.227288608378809265e+00
2.023304336037988760e-01 7.202731877494390034e+00
2.027035582158803750e-01 7.177964372468020215e+00
2.030773709200776600e-01 7.152989951650241984e+00
2.034518729853255770e-01 7.127813747891173612e+00
2.038270656828985172e-01 7.102442786362663796e+00
2.042029502864159962e-01 7.076884202370566257e+00
2.045795280718455678e-01 7.051145080111994368e+00
2.049568003175083197e-01 7.025232451068391448e+00
2.053347683040828708e-01 6.999153292458670350e+00
2.057134333146088678e-01 6.972914525752035075e+00
2.060927966344928974e-01 6.946523015239867149e+00
2.064728595515112064e-01 6.919985737572081241e+00
2.068536233558155024e-01 6.893311219711311999e+00
2.072350893399366734e-01 6.866508785738439258e+00
2.076172587987886176e-01 6.839587664696078484e+00
2.080001330296740447e-01 6.812556979647162336e+00
2.083837133322872237e-01 6.785425746229114985e+00
2.087680010087198945e-01 6.758202871322237293e+00
2.091529973634649597e-01 6.730897151830723679e+00
2.095387037034204814e-01 6.703517277893432436e+00
2.099251213378952874e-01 6.676072402552855500e+00
2.103122515786120805e-01 6.648572699086177984e+00
2.107000957397130447e-01 6.621028333572755997e+00
2.110886551377638976e-01 6.593449326773926700e+00
2.114779310917576649e-01 6.565845553499491061e+00
2.118679249231205375e-01 6.538226742121604040e+00
2.122586379557148129e-01 6.510602474232786818e+00
2.126500715158447796e-01 6.482982184444411544e+00
2.130422269322606588e-01 6.455375264118282885e+00
2.134351055361623228e-01 6.427791539264947396e+00
2.138287086612055410e-01 6.400240880974239488e+00
2.142230376435045602e-01 6.372732998878408495e+00
2.146180938216382950e-01 6.345277441462103596e+00
2.150138785366541572e-01 6.317883596739114260e+00
2.154103931320720255e-01 6.290560693069725318e+00
2.158076389538902407e-01 6.263317800114487355e+00
2.162056173505884915e-01 6.236163835109501008e+00
2.166043296731338663e-01 6.209107620663335325e+00
2.170037772749848493e-01 6.182157863769386807e+00
2.174039615120952618e-01 6.155323116680534667e+00
2.178048837429202855e-01 6.128611777782137615e+00
2.182065453284194601e-01 6.102032093307466987e+00
2.186089476320627611e-01 6.075592159164918904e+00
2.190120920198345422e-01 6.049299922873709434e+00
2.194159798602376699e-01 6.023163170448342818e+00
2.198206125242994635e-01 5.997189271155461299e+00
2.202259913855747764e-01 5.971385221282878852e+00
2.206321178201521849e-01 5.945757878585327560e+00
2.210389932066579022e-01 5.920313972491414667e+00
2.214466189262598583e-01 5.895060106435561664e+00
2.218549963626736954e-01 5.870002760262504005e+00
2.222641269021669030e-01 5.845148292701960457e+00
2.226740119335626489e-01 5.820502909938675806e+00
2.230846528482462454e-01 5.796072127620193193e+00
2.234960510401679812e-01 5.771860879379801190e+00
2.239082079058494490e-01 5.747873991506202707e+00
2.243211248443876260e-01 5.724116200201170734e+00
2.247348032574589538e-01 5.700592153958007557e+00
2.251492445493256112e-01 5.677306415974903153e+00
2.255644501268385949e-01 5.654263466602143851e+00
2.259804213994439093e-01 5.631467610887905373e+00
2.263971597791868406e-01 5.608922097613036506e+00
2.268146666807159539e-01 5.586629539763499963e+00
2.272329435212895876e-01 5.564592495748172496e+00
2.276519917207786847e-01 5.542813478839761387e+00
2.280718127016733987e-01 5.521294959000853986e+00
2.284924078890871180e-01 5.500039364717998147e+00
2.289137787107606292e-01 5.479049084843406803e+00
2.293359265970685568e-01 5.458326161987714364e+00
2.297588529810224989e-01 5.437871142998602636e+00
2.301825592982773283e-01 5.417684132721404033e+00
2.306070469871354944e-01 5.397765235445646681e+00
2.310323174885511865e-01 5.378114555745280967e+00
2.314583722461368009e-01 5.358732199243202210e+00
2.318852127061660218e-01 5.339618273373802460e+00
2.323128403175803991e-01 5.320772876654324968e+00
2.327412565319935123e-01 5.302195179873913311e+00
2.331704628036951610e-01 5.283882771731939876e+00
2.336004605896580544e-01 5.265833122460944260e+00
2.340312513495407809e-01 5.248043743142982720e+00
2.344628365456944141e-01 5.230512185126233504e+00
2.348952176431668981e-01 5.213236039452324277e+00
2.353283961097071275e-01 5.196212936294158702e+00
2.357623734157716644e-01 5.179440341987350038e+00
2.361971510345279024e-01 5.162914020779641788e+00
2.366327304418606448e-01 5.146628910064310780e+00
2.370691131163764065e-01 5.130580011710988764e+00
2.375063005394077442e-01 5.114762397513080927e+00
2.379442941950199453e-01 5.099171207434844533e+00
2.383830955700141918e-01 5.083801647905084486e+00
2.388227061539341944e-01 5.068648976310841547e+00
2.392631274390706053e-01 5.053707557513296145e+00
2.397043609204653758e-01 5.038970273791214538e+00
2.401464080959183900e-01 5.024429953404343507e+00
2.405892704659908232e-01 5.010079512746331787e+00
2.410329495340117201e-01 4.995911953937759442e+00
2.414774468060825185e-01 4.981920362517676004e+00
2.419227637910813800e-01 4.968097905231616984e+00
2.423689020006699890e-01 4.954437521374311260e+00
2.428158629492967735e-01 4.940930918062990784e+00
2.432636481542037599e-01 4.927569543730943025e+00
2.437122591354309586e-01 4.914344940852410026e+00
2.441616974158207776e-01 4.901248743689233578e+00
2.446119645210249882e-01 4.888272676176439013e+00
2.450630619795078347e-01 4.875408549948492265e+00
2.455149913225530001e-01 4.862648194005450897e+00
2.459677540842681309e-01 4.849982900222869375e+00
2.464213518015891669e-01 4.837403718839848210e+00
2.468757860142870852e-01 4.824901788614454290e+00
2.473310582649724532e-01 4.812468338520122124e+00
2.477871700990998960e-01 4.800094686461839899e+00
2.482441230649750363e-01 4.787772238149952564e+00
2.487019187137577136e-01 4.775492486850978047e+00
2.491605585994692007e-01 4.763247022958777777e+00
2.496200442789965057e-01 4.751027530809130539e+00
2.500803773120969797e-01 4.738825779585128295e+00
2.505415592614054221e-01 4.726633622702750337e+00
2.510035916924374111e-01 4.714442997574343153e+00
2.514664761735960763e-01 4.702245925510615265e+00
2.519302142761771779e-01 4.690034535407279215e+00
2.523948075743731589e-01 4.677801491961296243e+00
2.528602576452806394e-01 4.665539944937794559e+00
2.533265660689035248e-01 4.653243134075413678e+00
2.537937344281603336e-01 4.640904374967226964e+00
2.542617643088885826e-01 4.628517059623489693e+00
2.547306572998495611e-01 4.616074657128828918e+00
2.552004149927354915e-01 4.603570763379208231e+00
2.556710389821728047e-01 4.590999847317385196e+00
2.561425308657295230e-01 4.578357092760964697e+00
2.566148922439197011e-01 4.565637766162546463e+00
2.570881247202081998e-01 4.552837198575002020e+00
2.575622299010179583e-01 4.539950786509352909e+00
2.580372093957333246e-01 4.526973992837905136e+00
2.585130648167072720e-01 4.513902452980364188e+00
2.589897977792662842e-01 4.500732930029332834e+00
2.594674099017149071e-01 4.487462856357656626e+00
2.599459028053430765e-01 4.474089720904784961e+00
2.604252781144295592e-01 4.460611062227196832e+00
2.609055374562493368e-01 4.447024469173505246e+00
2.613866824610782680e-01 4.433327581569157516e+00
2.618687147621978628e-01 4.419518339529063589e+00
2.623516359959027211e-01 4.405595997906596395e+00
2.628354478015038631e-01 4.391560246898321473e+00
2.633201518213363346e-01 4.377410805758436219e+00
2.638057497007637586e-01 4.363147422831531230e+00
2.642922430881832763e-01 4.348769875751719027e+00
2.647796336350329849e-01 4.334277974951655565e+00
2.652679229957952689e-01 4.319672139472579886e+00
2.657571128280045714e-01 4.304954042760219757e+00
2.662472047922519458e-01 4.290125521247064810e+00
2.667382005521899968e-01 4.275188413824858813e+00
2.672301017745404850e-01 4.260144561507780203e+00
2.677229101290977131e-01 4.244995807098013607e+00
2.682166272887360203e-01 4.229744064327484843e+00
2.687112549294148889e-01 4.214392307611999122e+00
2.692067947301836073e-01 4.198944321850095029e+00
2.697032483731889863e-01 4.183403885274565859e+00
2.702006175436788005e-01 4.167774746454810497e+00
2.706989039300095601e-01 4.152060623577908061e+00
2.711981092236512292e-01 4.136265203805825408e+00
2.716982351191923328e-01 4.120392527689287654e+00
2.721992833143474511e-01 4.104447909704075137e+00
2.727012555099609936e-01 4.088436884098222812e+00
2.732041534100146385e-01 4.072364920407888889e+00
2.737079787216326054e-01 4.056237422642735346e+00
2.742127331550862634e-01 4.040059728540494888e+00
2.747184184238020133e-01 4.023837167076533383e+00
2.752250362443657838e-01 4.007575906701370982e+00
2.757325883365285280e-01 3.991282749576205546e+00
2.762410764232136051e-01 3.974964421418049731e+00
2.767505022305206119e-01 3.958627551026471902e+00
2.772608674877331536e-01 3.942278669899403898e+00
2.777721739273238399e-01 3.925924213630568538e+00
2.782844232849594479e-01 3.909570870191536152e+00
2.787976172995085267e-01 3.893226000270475939e+00
2.793117577130452833e-01 3.876896952245830530e+00
2.798268462708574100e-01 3.860590956252834438e+00
2.803428847214511910e-01 3.844315124520526705e+00
2.808598748165563874e-01 3.828076451841319727e+00
2.813778183111344533e-01 3.811881864062479863e+00
2.818967169633820880e-01 3.795738438305690465e+00
2.824165725347390632e-01 3.779653224358519470e+00
2.829373867898937189e-01 3.763633150921401604e+00
2.834591614967876261e-01 3.747685026669495212e+00
2.839818984266239132e-01 3.731815541537721437e+00
2.845055993538709860e-01 3.716031247170103136e+00
2.850302660562702983e-01 3.700338318400044013e+00
2.855559003148418484e-01 3.684742643417078245e+00
2.860825039138891746e-01 3.669250002248670484e+00
2.866100786410074042e-01 3.653866071915317093e+00
2.871386262870871398e-01 3.638596428228291213e+00
2.876681486463224524e-01 3.623446523796967522e+00
2.881986475162162109e-01 3.608421101879475845e+00
2.887301246975851887e-01 3.593524172438585573e+00
2.892625819945682797e-01 3.578759641877730324e+00
2.897960212146302728e-01 3.564131346528524702e+00
2.903304441685701787e-01 3.549643054372639828e+00
2.908658526705261149e-01 3.535298450191318498e+00
2.914022485379810790e-01 3.521100409057028369e+00
2.919396335917708307e-01 3.507050727791100275e+00
2.924780096560877785e-01 3.493151095107641435e+00
2.930173785584892499e-01 3.479403169027909470e+00
2.935577421299029877e-01 3.465808577961703385e+00
2.940991022046322012e-01 3.452368908239349388e+00
2.946414606203640041e-01 3.439084963094609648e+00
2.951848192181732999e-01 3.425956394126281612e+00
2.957291798425310536e-01 3.412982762292811945e+00
2.962745443413096202e-01 3.400163633573458632e+00
2.968209145657883519e-01 3.387498579154208045e+00
2.973682923706615910e-01 3.374987159125723668e+00
2.979166796140430007e-01 3.362628203161665219e+00
2.984660781574735577e-01 3.350419544242094982e+00
2.990164898659273263e-01 3.338358972561271010e+00
2.995679166078166755e-01 3.326444309883228367e+00
3.001203602550007732e-01 3.314673408921548603e+00
3.006738226827895266e-01 3.303044126070377562e+00
3.012283057699521316e-01 3.291553658891354761e+00
3.017838113987224569e-01 3.280198511308169973e+00
3.023403414548045398e-01 3.268975199852342417e+00
3.028978978273808020e-01 3.257880288602373664e+00
3.034564824091176560e-01 3.246910388074898624e+00
3.040160970961708342e-01 3.236062106216596401e+00
3.045767437881941042e-01 3.225331476198348923e+00
3.051384243883432656e-01 3.214714152039728212e+00
3.057011408032846433e-01 3.204205835506811706e+00
3.062648949432008050e-01 3.193802283711085099e+00
3.068296887217958346e-01 3.183499307863919547e+00
3.073955240563044367e-01 3.173292683728249131e+00
3.079624028674955993e-01 3.163177702933525293e+00
3.085303270796812547e-01 3.153149513962805628e+00
3.090992986207222737e-01 3.143203324878911964e+00
3.096693194220337397e-01 3.133334402517800488e+00
3.102403914185936640e-01 3.123538071087371470e+00
3.108125165489473152e-01 3.113809570882017486e+00
3.113856967552157129e-01 3.104143835128113871e+00
3.119599339831015672e-01 3.094535799715028901e+00
3.125352301818946632e-01 3.084980461321531475e+00
3.131115873044807985e-01 3.075472876564915747e+00
3.136890073073459462e-01 3.066008154928812512e+00
3.142674921505850261e-01 3.056581313148595935e+00
3.148470437979076775e-01 3.047187273042855082e+00
3.154276642166438105e-01 3.037821010554961898e+00
3.160093553777528208e-01 3.028477562366308717e+00
3.165921192558273645e-01 3.019152025488190283e+00
3.171759578291025727e-01 3.009839569275889914e+00
3.177608730794616587e-01 3.000535490673475358e+00
3.183468669924418015e-01 2.991235168491177987e+00
3.189339415572430281e-01 2.981934039756263477e+00
3.195220987667323209e-01 2.972627599664000808e+00
3.201113406174529996e-01 2.963311406053268815e+00
3.207016691096299943e-01 2.953981306498145276e+00
3.212930862471761184e-01 2.944633543604637360e+00
3.218855940377009506e-01 2.935264438480839733e+00
3.224791944925149978e-01 2.925870363535350904e+00
3.230738896266390214e-01 2.916447742765777562e+00
3.236696814588095883e-01 2.906993176738952744e+00
3.242665720114852324e-01 2.897504056487409052e+00
3.248645633108553366e-01 2.887978086194812999e+00
3.254636573868446847e-01 2.878413008539294271e+00
3.260638562731224543e-01 2.868806604575655950e+00
3.266651620071081563e-01 2.859156715685066796e+00
3.272675766299776301e-01 2.849461893311674210e+00
3.278711021866722031e-01 2.839721502600677017e+00
3.284757407259030204e-01 2.829934972534548621e+00
3.290814943001604265e-01 2.820101750994120859e+00
3.296883649657196269e-01 2.810221304951993293e+00
3.302963547826470725e-01 2.800293452266244820e+00
3.309054658148095074e-01 2.790319117979604080e+00
3.315157001298784101e-01 2.780299450670398187e+00
3.321270597993392637e-01 2.770235594439507842e+00
3.327395468984977733e-01 2.760128688755277171e+00
3.333531635064856391e-01 2.749979966327471104e+00
3.339679117062702707e-01 2.739791529452832552e+00
3.345837935846587841e-01 2.729565921347779867e+00
3.352008112323078826e-01 2.719305662539283741e+00
3.358189667437296300e-01 2.709013246348531911e+00
3.364382622172975568e-01 2.698691157034770249e+00
3.370586997552560415e-01 2.688342339560315430e+00
3.376802814637261396e-01 2.677970229692296034e+00
3.383030094527120224e-01 2.667578245061670739e+00
3.389268858361101922e-01 2.657169758310104157e+00
3.395519127317142005e-01 2.646748098357269985e+00
3.401780922612240854e-01 2.636316730885993387e+00
3.408054265502525881e-01 2.625879426080927725e+00
3.414339177283313709e-01 2.615439940376568018e+00
3.420635679289205644e-01 2.605001975272239534e+00
3.426943792894132645e-01 2.594569177328718279e+00
3.433263539511454132e-01 2.584145181948789727e+00
3.439594940594017380e-01 2.573733706845207525e+00
3.445938017634220807e-01 2.563338439164390969e+00
3.452292792164112778e-01 2.552963008161862390e+00
3.458659285755435464e-01 2.542610985447741001e+00
3.465037520019721429e-01 2.532285881129784588e+00
3.471427516608359687e-01 2.521991129547093813e+00
3.477829297212655657e-01 2.511730103466085051e+00
3.484242883563931081e-01 2.501506119937992434e+00
3.490668297433568434e-01 2.491322440778929170e+00
3.497105560633110843e-01 2.481182256754567383e+00
3.503554695014323705e-01 2.471088611997814599e+00
3.510015722469261856e-01 2.461044466187380930e+00
3.516488664930363384e-01 2.451052728343010134e+00
3.522973544370499588e-01 2.441116257512533583e+00
3.529470382803074346e-01 2.431237830977521330e+00
3.535979202282086287e-01 2.421419977543425528e+00
3.542500024902194289e-01 2.411665105572475376e+00
3.549032872798815741e-01 2.401975581130115778e+00
3.555577768148176498e-01 2.392353728856694950e+00
3.562134733167407474e-01 2.382801780017790083e+00
3.568703790114611807e-01 2.373321620284083000e+00
3.575284961288928698e-01 2.363914991340116067e+00
3.581878269030634443e-01 2.354583603682117054e+00
3.588483735721188506e-01 2.345329137434764455e+00
3.595101383783336768e-01 2.336153129419860086e+00
3.601731235681175369e-01 2.327056546022495453e+00
3.608373313920215653e-01 2.318040173301054274e+00
3.615027641047487972e-01 2.309104782085410257e+00
3.621694239651587210e-01 2.300251128405122358e+00
3.628373132362774922e-01 2.291479743436651617e+00
3.635064341853047054e-01 2.282790421554575566e+00
3.641767890836197785e-01 2.274182801241691365e+00
3.648483802067924997e-01 2.265656523958806901e+00
3.655212098345874128e-01 2.257211232484822805e+00
3.661952802509745308e-01 2.248846220010744634e+00
3.668705937441357201e-01 2.240560005843643676e+00
3.675471526064715277e-01 2.232351023753261554e+00
3.682249591346114515e-01 2.224217728314308751e+00
3.689040156294187134e-01 2.216158582507526287e+00
3.695843243960009183e-01 2.208171594041706598e+00
3.702658877437164930e-01 2.200254175740273599e+00
3.709487079861814585e-01 2.192403733415802414e+00
3.716327874412801435e-01 2.184617707787051000e+00
3.723181284311696260e-01 2.176893541905795093e+00
3.730047332822907236e-01 2.169228295595316602e+00
3.736926043253743224e-01 2.161618775261355818e+00
3.743817438954484267e-01 2.154061823910359053e+00
3.750721543318484286e-01 2.146554326593039796e+00
3.757638379782234916e-01 2.139093170310265357e+00
3.764567971825438786e-01 2.131675079104871529e+00
3.771510342971112761e-01 2.124296754578540725e+00
3.778465516785636802e-01 2.116954942121440642e+00
3.785433516878864424e-01 2.109646430819288820e+00
3.792414366904187095e-01 2.102368114078152495e+00
3.799408090558604734e-01 2.095117051724737056e+00
3.806414711582834509e-01 2.087890358061580631e+00
3.813434253761357473e-01 2.080685186158944155e+00
3.820466740922529580e-01 2.073498744411120143e+00
3.827512196938648303e-01 2.066328538255131519e+00
3.834570645726024241e-01 2.059172309994477423e+00
3.841642111245088254e-01 2.052027838514151270e+00
3.848726617500440872e-01 2.044892933633631671e+00
3.855824188540963315e-01 2.037765528239252610e+00
3.862934848459885773e-01 2.030643961765539629e+00
3.870058621394856790e-01 2.023526694074404553e+00
3.877195531528055961e-01 2.016412207702788617e+00
3.884345603086239995e-01 2.009299014532649252e+00
3.891508860340856524e-01 2.002185868672366809e+00
3.898685327608112372e-01 1.995071806910777346e+00
3.905875029249044061e-01 1.987955897237185576e+00
3.913077989669630496e-01 1.980837223050111007e+00
3.920294233320841260e-01 1.973714934405623289e+00
3.927523784698750409e-01 1.966588467891831948e+00
3.934766668344604201e-01 1.959457360633306555e+00
3.942022908844895479e-01 1.952321159258167071e+00
3.949292530831473580e-01 1.945179424845349558e+00
3.956575558981595964e-01 1.938031902106069237e+00
3.963872018018040344e-01 1.930878557459148936e+00
3.971181932709177964e-01 1.923719374241318336e+00
3.978505327869041874e-01 1.916554339212223956e+00
3.985842228357443506e-01 1.909383517476998637e+00
3.993192659080022078e-01 1.902207304754118367e+00
4.000556644988358390e-01 1.895026183979480638e+00
4.007934211080048104e-01 1.887840634024003261e+00
4.015325382398772791e-01 1.880651147335019591e+00
4.022730184034414291e-01 1.873458529224041547e+00
4.030148641123107445e-01 1.866263849803917241e+00
4.037580778847353336e-01 1.859068174720786670e+00
4.045026622436094788e-01 1.851872556539691184e+00
4.052486197164785198e-01 1.844678207317526297e+00
4.059959528355507330e-01 1.837486734143893630e+00
4.067446641377024941e-01 1.830299781064214759e+00
4.074947561644897132e-01 1.823118968368382831e+00
4.082462314621552735e-01 1.815945941082898862e+00
4.089990925816363587e-01 1.808782640835038258e+00
4.097533420785762770e-01 1.801631110322222007e+00
4.105089825133295123e-01 1.794493361224576367e+00
4.112660164509733263e-01 1.787371378855201698e+00
4.120244464613154745e-01 1.780267217756448694e+00
4.127842751189015336e-01 1.773182993700416432e+00
4.135455050030265034e-01 1.766120792184398658e+00
4.143081386977403024e-01 1.759082664548381914e+00
4.150721787918594252e-01 1.752070572811221805e+00
4.158376278789745473e-01 1.745086338526697700e+00
4.166044885574579082e-01 1.738131740661551961e+00
4.173727634304748579e-01 1.731208528504659450e+00
4.181424551059912398e-01 1.724318343769352557e+00
4.189135661967812729e-01 1.717462496438908470e+00
4.196860993204388768e-01 1.710642200085986664e+00
4.204600570993837216e-01 1.703858647160295448e+00
4.212354421608727195e-01 1.697112959986994740e+00
4.220122571370079068e-01 1.690405878125277317e+00
4.227905046647438270e-01 1.683737965264983760e+00
4.235701873858997435e-01 1.677109773351024735e+00
4.243513079471650795e-01 1.670521824212138684e+00
4.251338690001114085e-01 1.663974366846870723e+00
4.259178732012000590e-01 1.657467455145693824e+00
4.267033232117900532e-01 1.651001135827677047e+00
4.274902216981499858e-01 1.644575447161725767e+00
4.282785713314637421e-01 1.638190283296337757e+00
4.290683747878424326e-01 1.631845389336368468e+00
4.298596347483323310e-01 1.625540505177665684e+00
4.306523538989226463e-01 1.619275371558847043e+00
4.314465349305576236e-01 1.613049678156691646e+00
4.322421805391422622e-01 1.606863042498245520e+00
4.330392934255543613e-01 1.600715080314930594e+00
4.338378762956526247e-01 1.594605410897366848e+00
4.346379318602844322e-01 1.588533626096165330e+00
4.354394628352979968e-01 1.582499266977361208e+00
4.362424719415482488e-01 1.576501874093958255e+00
4.370469619049089371e-01 1.570540992669981151e+00
4.378529354562807896e-01 1.564616110188402853e+00
4.386603953315993953e-01 1.558726592906990005e+00
4.394693442718474174e-01 1.552871799477069104e+00
4.402797850230605881e-01 1.547051095921493369e+00
4.410917203363400318e-01 1.541263760665558369e+00
4.419051529678602042e-01 1.535508876247398513e+00
4.427200856788770511e-01 1.529785510683589589e+00
4.435365212357403886e-01 1.524092743557846852e+00
4.443544624098997864e-01 1.518429545893651200e+00
4.451739119779171139e-01 1.512794648935669173e+00
4.459948727214744779e-01 1.507186769293229922e+00
4.468173474273826051e-01 1.501604640365622023e+00
4.476413388875931654e-01 1.496046917113765806e+00
4.484668498992047669e-01 1.490512091451821508e+00
4.492938832644756131e-01 1.484998656191269584e+00
4.501224417908316622e-01 1.479505125032155588e+00
4.509525282908748434e-01 1.474030008311875140e+00
4.517841455823955465e-01 1.468571798891864955e+00
4.526172964883789507e-01 1.463129007858285480e+00
4.534519838370172917e-01 1.457700170906466974e+00
4.542882104617187444e-01 1.452283951747187052e+00
4.551259792011149163e-01 1.446879165388378130e+00
4.559652928990742815e-01 1.441484652565547808e+00
4.568061544047079536e-01 1.436099283428936335e+00
4.576485665723825091e-01 1.430722175438913446e+00
4.584925322617283694e-01 1.425352666096053600e+00
4.593380543376481273e-01 1.419990110661137450e+00
4.601851356703295370e-01 1.414633902765949358e+00
4.610337791352513981e-01 1.409283745171680424e+00
4.618839876131967670e-01 1.403939526574140340e+00
4.627357639902612840e-01 1.398601140659380793e+00
4.635891111578614443e-01 1.393268528065698897e+00
4.644440320127473099e-01 1.387941896732421743e+00
4.653005294570110584e-01 1.382621550267730148e+00
4.661586063980951988e-01 1.377307788596628280e+00
4.670182657488058386e-01 1.372000935018534040e+00
4.678795104273189009e-01 1.366701396431690307e+00
4.687423433571930587e-01 1.361409591823345533e+00
4.696067674673786718e-01 1.356125935524731041e+00
4.704727856922258367e-01 1.350850928522471905e+00
4.713404009714980414e-01 1.345585220492337974e+00
4.722096162503780503e-01 1.340329466438225037e+00
4.730804344794814487e-01 1.335084286655004338e+00
4.739528586148651912e-01 1.329849849994338085e+00
4.748268916180360955e-01 1.324625943052109012e+00
4.757025364559643310e-01 1.319412343550315780e+00
4.765797961010896922e-01 1.314208958477415257e+00
4.774586735313349206e-01 1.309016515240600143e+00
4.783391717301144763e-01 1.303836058036796031e+00
4.792212936863431971e-01 1.298668615543911553e+00
4.801050423944498990e-01 1.293515200112616004e+00
4.809904208543833715e-01 1.288376807872194663e+00
4.818774320716264215e-01 1.283254418844121947e+00
4.827660790572042004e-01 1.278148997063213832e+00
4.836563648276932526e-01 1.273061490706110188e+00
4.845482924052348928e-01 1.267992832226826128e+00
4.854418648175418682e-01 1.262943938499251573e+00
4.863370850979118476e-01 1.257915710966293510e+00
4.872339562852363581e-01 1.252909035795515491e+00
4.881324814240094456e-01 1.247924784041061219e+00
4.890326635643417186e-01 1.242963811811616193e+00
4.899345057619665655e-01 1.238026960444288616e+00
4.908380110782540329e-01 1.233115056684128019e+00
4.917431825802198175e-01 1.228228912869167022e+00
4.926500233405340379e-01 1.223369327120769956e+00
4.935585364375352779e-01 1.218537083539071419e+00
4.944687249552369157e-01 1.213732952403409060e+00
4.953805919833413340e-01 1.208957492950251789e+00
4.962941406172485248e-01 1.204210304505187290e+00
4.972093739580654148e-01 1.199490705999942453e+00
4.981262951126199101e-01 1.194798025450275691e+00
4.990449071934670577e-01 1.190131599892398917e+00
4.999652133189037007e-01 1.185490775263790209e+00
5.008872166129769710e-01 1.180874906287504134e+00
5.018109202054936713e-01 1.176283356359892673e+00
5.027363272320347631e-01 1.171715497441619069e+00
5.036634408339610847e-01 1.167170709951987018e+00
5.045922641584285051e-01 1.162648382666415570e+00
5.055228003583964735e-01 1.158147912617061071e+00
5.064550525926374558e-01 1.153668704996515970e+00
5.073890240257512563e-01 1.149210173064451945e+00
5.083247178281712353e-01 1.144771738057259292e+00
5.092621371761794080e-01 1.140352829100492293e+00
5.102012852519151043e-01 1.135952883124163204e+00
5.111421652433842944e-01 1.131571344780774480e+00
5.120847803444739110e-01 1.127207666366018435e+00
5.130291337549605091e-01 1.122861307742125003e+00
5.139752286805201464e-01 1.118531736263782994e+00
5.149230683327425950e-01 1.114218427988100446e+00
5.158726559291380021e-01 1.109920923785037150e+00
5.168239946931518780e-01 1.105638850155529651e+00
5.177770878541739785e-01 1.101371844493036933e+00
5.187319386475479632e-01 1.097119549155632257e+00
5.196885503145860508e-01 1.092881611423658139e+00
5.206469261025756801e-01 1.088657683458543080e+00
5.216070692647944984e-01 1.084447422262686533e+00
5.225689830605194652e-01 1.080250489640448786e+00
5.235326707550366221e-01 1.076066552160192202e+00
5.244981356196555256e-01 1.071895281117333898e+00
5.254653809317166857e-01 1.067736352498435348e+00
5.264344099746056660e-01 1.063589446946247463e+00
5.274052260377634083e-01 1.059454249725739095e+00
5.283778324166953366e-01 1.055330450691059685e+00
5.293522324129861234e-01 1.051217744253403641e+00
5.303284293343072386e-01 1.047115829349796190e+00
5.313064264944311610e-01 1.043024409412720566e+00
5.322862272132417027e-01 1.038943192340618493e+00
5.332678348167434468e-01 1.034871890469220679e+00
5.342512526370762904e-01 1.030810220543662004e+00
5.352364840125233281e-01 1.026757903691418949e+00
5.362235322875253951e-01 1.022714665395976663e+00
5.372124008126909489e-01 1.018680358004637077e+00
5.382030929448055057e-01 1.014655326845252725e+00
5.391956120468475167e-01 1.010640034604707305e+00
5.401899614879948075e-01 1.006634936641568556e+00
5.411861446436402323e-01 1.002640481030766972e+00
5.421841648954012216e-01 9.986571086103135375e-01
5.431840256311295523e-01 9.946852530299840067e-01
5.441857302449272238e-01 9.907253408018893426e-01
5.451892821371528974e-01 9.867777913529273137e-01
5.461946847144377726e-01 9.828430170789985709e-01
5.472019413896953566e-01 9.789214234009818716e-01
5.482110555821311237e-01 9.750134088224011730e-01
5.492220307172586136e-01 9.711193649886902257e-01
5.502348702269058700e-01 9.672396767480867519e-01
5.512495775492317618e-01 9.633747222140025546e-01
5.522661561287351972e-01 9.595248728289059725e-01
5.532846094162658934e-01 9.556904934296175380e-01
5.543049408690392532e-01 9.518719423139690994e-01
5.553271539506442478e-01 9.480695713088117538e-01
5.563512521310589598e-01 9.442837258392746680e-01
5.573772388866603533e-01 9.405147449992776743e-01
5.584051177002347099e-01 9.367629616232211465e-01
5.594348920609932829e-01 9.330287023587976458e-01
5.604665654645795136e-01 9.293122656721208852e-01
5.615001414130853519e-01 9.256136138382514700e-01
5.625356234150606927e-01 9.219324545431482054e-01
5.635730149855240345e-01 9.182684926019110128e-01
5.646123196459784666e-01 9.146214365837350702e-01
5.656535409244188850e-01 9.109909987712645485e-01
5.666966823553479804e-01 9.073768951207622502e-01
5.677417474797863406e-01 9.037788452231401148e-01
5.687887398452834420e-01 9.001965722657973012e-01
5.698376630059320824e-01 8.966298029952520787e-01
5.708885205223795944e-01 8.930782676805709697e-01
5.719413159618379483e-01 8.895417000775704963e-01
5.729960528980996282e-01 8.860198373937574479e-01
5.740527349115455147e-01 8.825124202540386431e-01
5.751113655891608722e-01 8.790191926671265810e-01
5.761719485245460071e-01 8.755399019926799475e-01
5.772344873179261482e-01 8.720742989091412323e-01
5.782989855761686560e-01 8.686221373822387015e-01
5.793654469127897944e-01 8.651831746341898111e-01
5.804338749479714954e-01 8.617571711135332269e-01
5.815042733085717952e-01 8.583438904656229829e-01
5.825766456281353811e-01 8.549430995037521352e-01
5.836509955469100230e-01 8.515545681808821543e-01
5.847273267118541229e-01 8.481780695619983712e-01
5.858056427766535901e-01 8.448133797970328596e-01
5.868859474017321665e-01 8.414603030943671458e-01
5.879682442542618626e-01 8.381187820280410206e-01
5.890525370081801659e-01 8.347888054652348178e-01
5.901388293441971467e-01 8.314703620338425027e-01
5.912271249498126657e-01 8.281634400879400726e-01
5.923174275193267002e-01 8.248680277106986702e-01
5.934097407538500013e-01 8.215841127172874847e-01
5.945040683613214139e-01 8.183116826577371272e-01
5.956004140565150928e-01 8.150507248198300969e-01
5.966987815610577117e-01 8.118012262319456163e-01
5.977991746034390097e-01 8.085631736659101287e-01
5.989015969190226718e-01 8.053365536398398028e-01
6.000060522500636484e-01 8.021213524209469536e-01
6.011125443457152606e-01 7.989175560283673372e-01
6.022210769620468529e-01 7.957251502359429240e-01
6.033316538620544511e-01 7.925441205750118900e-01
6.044442788156717539e-01 7.893744523371881705e-01
6.055589555997868967e-01 7.862161305771082631e-01
6.066756879982510009e-01 7.830691401151902431e-01
6.077944798018948269e-01 7.799334655403580285e-01
6.089153348085399875e-01 7.768090912127674219e-01
6.100382568230098279e-01 7.736960012665190511e-01
6.111632496571467454e-01 7.705941796123439991e-01
6.122903171298204050e-01 7.675036099402969825e-01
6.134194630669447257e-01 7.644242757224158913e-01
6.145506913014892048e-01 7.613561602153831043e-01
6.156840056734897981e-01 7.582992467415946569e-01
6.168194100300666838e-01 7.552535247353198145e-01
6.179569082254320334e-01 7.522189895898970802e-01
6.190965041209077757e-01 7.491956365572431942e-01
6.202382015849363661e-01 7.461834604785967384e-01
6.213820044930925546e-01 7.431824557890389649e-01
6.225279167281004833e-01 7.401926165219806508e-01
6.236759421798421243e-01 7.372139363136585022e-01
6.248260847453748212e-01 7.342464084075851494e-01
6.259783483289427242e-01 7.312900256589980330e-01
6.271327368419878923e-01 7.283447805392931906e-01
6.282892542031681682e-01 7.254106651404188533e-01
6.294479043383652828e-01 7.224876711792763695e-01
6.306086911807030626e-01 7.195757900020784970e-01
6.317716186705580883e-01 7.166750125887045852e-01
6.329366907555721289e-01 7.137853295570335543e-01
6.341039113906684621e-01 7.109067311672457867e-01
6.352732845380638649e-01 7.080392073261182473e-01
6.364448141672800485e-01 7.051827475912990639e-01
6.376185042551617554e-01 7.023373411755454709e-01
6.387943587858848637e-01 6.995029769509678585e-01
6.399723817509747059e-01 6.966796434532260829e-01
6.411525771493171710e-01 6.938673288857238886e-01
6.423349489871711393e-01 6.910660211237793504e-01
6.435195012781858015e-01 6.882757077187621197e-01
6.447062380434096518e-01 6.854963759022288938e-01
6.458951633113084734e-01 6.827280125900194729e-01
6.470862811177771068e-01 6.799706043863416038e-01
6.482795955061509963e-01 6.772241375878377267e-01
6.494751105272248415e-01 6.744885933907914799e-01
6.506728302392609242e-01 6.717639215201594016e-01
6.518727587080073160e-01 6.690500594760502295e-01
6.530749000067100907e-01 6.663469452112515956e-01
6.542792582161248705e-01 6.636545171618226657e-01
6.554858374245352559e-01 6.609727142432924030e-01
6.566946417277618187e-01 6.583014758469099004e-01
6.579056752291800869e-01 6.556407418359093686e-01
6.591189420397328691e-01 6.529904525418169792e-01
6.603344462779422441e-01 6.503505487607941227e-01
6.615521920699278802e-01 6.477209717499947672e-01
6.627721835494160274e-01 6.451016632239771065e-01
6.639944248577579478e-01 6.424925653511228685e-01
6.652189201439422384e-01 6.398936207501032536e-01
6.664456735646068219e-01 6.373047724863741825e-01
6.676746892840574876e-01 6.347259640686879756e-01
6.689059714742769946e-01 6.321571394456535486e-01
6.701395243149440573e-01 6.295982430023074894e-01
6.713753519934447800e-01 6.270492195567279881e-01
6.726134587048858693e-01 6.245100143566749695e-01
6.738538486521127302e-01 6.219805730762468787e-01
6.750965260457189032e-01 6.194608418125864269e-01
6.763414951040644940e-01 6.169507670825923329e-01
6.775887600532893851e-01 6.144502958196715880e-01
6.788383251273244490e-01 6.119593753705229178e-01
6.800901945679115324e-01 6.094779534919282371e-01
6.813443726246121157e-01 6.070059783475949544e-01
6.826008635548262982e-01 6.045433985050040482e-01
6.838596716238056761e-01 6.020901629322937820e-01
6.851208011046651114e-01 5.996462209951776146e-01
6.863842562784027157e-01 5.972115224538636635e-01
6.876500414339085099e-01 5.947860174601554695e-01
6.889181608679838531e-01 5.923696610062525458e-01
6.901886188853539883e-01 5.899624245404019307e-01
6.914614197986805877e-01 5.875642832170255847e-01
6.927365679285811817e-01 5.851752121795753547e-01
6.940140676036383738e-01 5.827951865613065774e-01
6.952939231604193804e-01 5.804241814860310322e-01
6.965761389434884654e-01 5.780621720688740028e-01
6.978607193054200408e-01 5.757091334170257868e-01
6.991476686068177626e-01 5.733650406304758862e-01
7.004369912163241896e-01 5.710298688027601877e-01
7.017286915106403233e-01 5.687035930216823854e-01
7.030227738745383759e-01 5.663861883700433975e-01
7.043192427008745371e-01 5.640776299263650095e-01
7.056181023906081817e-01 5.617778927655956434e-01
7.069193573528147478e-01 5.594869519598225649e-01
7.082230120046981714e-01 5.572047825789794295e-01
7.095290707716114254e-01 5.549313596915321778e-01
7.108375380870655125e-01 5.526666583651825837e-01
7.121484183927494493e-01 5.504106536675442696e-01
7.134617161385435891e-01 5.481633206668266034e-01
7.147774357825319447e-01 5.459246344325139333e-01
7.160955817910230614e-01 5.436945700360250600e-01
7.174161586385588985e-01 5.414731025513873641e-01
7.187391708079352570e-01 5.392602070558861760e-01
7.200646227902148810e-01 5.370558586307209170e-01
7.213925190847404467e-01 5.348600323616563568e-01
7.227228641991547686e-01 5.326727033396561062e-01
7.240556626494106807e-01 5.304938466615279902e-01
7.253909189597911311e-01 5.283234374305464387e-01
7.267286376629225053e-01 5.261614507570826493e-01
7.280688232997877263e-01 5.240078617592274224e-01
7.294114804197466828e-01 5.218626455633991190e-01
7.307566135805462215e-01 5.197257773049608343e-01
7.321042273483404639e-01 5.175972321288173639e-01
7.334543262977039069e-01 5.154769851900186106e-01
7.348069150116451898e-01 5.133650116543553299e-01
7.361619980816274111e-01 5.112612863669451224e-01
7.375195801075783431e-01 5.091657803006003347e-01
7.388796656979104149e-01 5.070784619886705702e-01
7.402422594695348135e-01 5.049993000445717195e-01
7.416073660478748053e-01 5.029282632048219792e-01
7.429749900668862761e-01 5.008653203285208244e-01
7.443451361690679446e-01 4.988104403968471323e-01
7.457178090054821240e-01 4.967635925125415408e-01
7.470930132357684883e-01 4.947247458994049052e-01
7.484707535281570623e-01 4.926938699017960888e-01
7.498510345594900928e-01 4.906709339841235362e-01
7.512338610152313745e-01 4.886559077303525567e-01
7.526192375894875664e-01 4.866487608435025591e-01
7.540071689850220693e-01 4.846494631451525592e-01
7.553976599132683489e-01 4.826579845749542907e-01
7.567907150943515848e-01 4.806742951901309957e-01
7.581863392570982185e-01 4.786983651649995286e-01
7.595845371390579359e-01 4.767301647904751416e-01
7.609853134865166568e-01 4.747696644735917570e-01
7.623886730545113011e-01 4.728168347370214630e-01
7.637946206068504384e-01 4.708716462185888463e-01
7.652031609161246140e-01 4.689340696708010903e-01
7.666142987637283301e-01 4.670040759603636404e-01
7.680280389398732588e-01 4.650816360677128003e-01
7.694443862436027848e-01 4.631667210865439421e-01
7.708633454828134335e-01 4.612593022233383300e-01
7.722849214742649737e-01 4.593593507969018219e-01
7.737091190436021781e-01 4.574668382378939691e-01
7.751359430253693672e-01 4.555817360883663292e-01
7.765653982630235097e-01 4.537040160013079415e-01
7.779974896089562053e-01 4.518336497401762575e-01
7.794322219245075622e-01 4.499706091784463902e-01
7.808696000799802972e-01 4.481148662991575327e-01
7.823096289546616067e-01 4.462663931944543805e-01
7.837523134368336031e-01 4.444251620651437085e-01
7.851976584237957413e-01 4.425911452202384577e-01
7.866456688218782523e-01 4.407643150765150342e-01
7.880963495464574642e-01 4.389446441580700520e-01
7.895497055219770077e-01 4.371321050958715260e-01
7.910057416819589182e-01 4.353266706273259401e-01
7.924644629690258402e-01 4.335283135958320488e-01
7.939258743349150160e-01 4.317370069503473906e-01
7.953899807404929412e-01 4.299527237449564665e-01
7.968567871557782345e-01 4.281754371457112129e-01
7.983262985599510753e-01 4.264051210108859569e-01
7.997985199413768509e-01 4.246417503009803918e-01
8.012734562976198127e-01 4.228853001526948763e-01
8.027511126354583970e-01 4.211357457778954205e-01
8.042314939709069854e-01 4.193930624634577553e-01
8.057146053292271182e-01 4.176572255711240578e-01
8.072004517449500316e-01 4.159282105373469096e-01
8.086890382618915352e-01 4.142059928731410823e-01
8.101803699331660003e-01 4.124905481639380422e-01
8.116744518212100079e-01 4.107818520694262454e-01
8.131712889977927849e-01 4.090798803234095282e-01
8.146708865440387415e-01 4.073846087336495114e-01
8.161732495504426810e-01 4.056960131817177184e-01
8.176783831168845662e-01 4.040140696228469719e-01
8.191862923526525009e-01 4.023387540857740197e-01
8.206969823764533878e-01 4.006700426725950392e-01
8.222104583164364655e-01 3.990079115586089298e-01
8.237267253102077413e-01 3.973523369921674875e-01
8.252457885048450903e-01 3.957032952945276905e-01
8.267676530569219029e-01 3.940607628596920486e-01
8.282923241325174102e-01 3.924247161542659401e-01
8.298198069072404426e-01 3.907951317172979055e-01
8.313501065662443068e-01 3.891719861601307118e-01
8.328832283042417739e-01 3.875552561662525819e-01
8.344191773255291711e-01 3.859449184911376007e-01
8.359579588439962627e-01 3.843409499621023295e-01
8.374995780831510084e-01 3.827433274781449346e-01
8.390440402761337735e-01 3.811520280097971392e-01
8.405913506657333167e-01 3.795670285989742876e-01
8.421415145044101047e-01 3.779883063588153069e-01
8.436945370543074141e-01 3.764158384735384333e-01
8.452504235872752014e-01 3.748496021982817838e-01
8.468091793848854243e-01 3.732895748589533658e-01
8.483708097384474733e-01 3.717357338520799748e-01
8.499353199490319311e-01 3.701880566446497656e-01
8.515027153274817850e-01 3.686465207739652028e-01
8.530730011944368529e-01 3.671111038474834110e-01
8.546461828803485483e-01 3.655817835426676266e-01
8.562222657254958680e-01 3.640585376068343204e-01
8.578012550800097058e-01 3.625413438569954905e-01
8.593831563038835109e-01 3.610301801797122234e-01
8.609679747669980454e-01 3.595250245309349335e-01
8.625557158491369281e-01 3.580258549358528164e-01
8.641463849400021768e-01 3.565326494887426367e-01
8.657399874392375239e-01 3.550453863528119647e-01
8.673365287564446247e-01 3.535640437600460761e-01
8.689360143111986012e-01 3.520886000110581282e-01
8.705384495330722450e-01 3.506190334749304527e-01
8.721438398616480070e-01 3.491553225890661749e-01
8.737521907465420901e-01 3.476974458590317285e-01
8.753635076474204357e-01 3.462453818584047549e-01
8.769777960340150447e-01 3.447991092286226689e-01
8.785950613861480685e-01 3.433586066788247848e-01
8.802153091937438001e-01 3.419238529857041575e-01
8.818385449568532097e-01 3.404948269844021436e-01
8.834647741856703762e-01 3.390715073530494728e-01
8.850940024005479190e-01 3.376538726059580275e-01
8.867262351320225333e-01 3.362419013210668495e-01
8.883614779208262036e-01 3.348355721509982397e-01
8.899997363179117382e-01 3.334348638228201711e-01
8.916410158844683131e-01 3.320397551378164724e-01
8.932853221919383468e-01 3.306502249712574559e-01
8.949326608220420365e-01 3.292662522721638840e-01
8.965830373667895703e-01 3.278878160630821492e-01
8.982364574285062186e-01 3.265148954398500725e-01
8.998929266198487653e-01 3.251474695713692520e-01
9.015524505638217168e-01 3.237855176993796325e-01
9.032150348938027262e-01 3.224290191382254700e-01
9.048806852535548062e-01 3.210779532746346199e-01
9.065494072972510864e-01 3.197322995674862223e-01
9.082212066894921332e-01 3.183920375475869369e-01
9.098960891053219369e-01 3.170571468174476215e-01
9.115740602302537798e-01 3.157276070510526833e-01
9.132551257602818939e-01 3.144033979936430301e-01
9.149392914019076617e-01 3.130844994614849774e-01
9.166265628721559366e-01 3.117708913416512018e-01
9.183169458985919187e-01 3.104625535917990842e-01
9.200104462193466892e-01 3.091594662399439475e-01
9.217070695831296456e-01 3.078616093842439505e-01
9.234068217492542585e-01 3.065689631927730474e-01
9.251097084876551691e-01 3.052815079033037726e-01
9.268157355789045093e-01 3.039992238230893040e-01
9.285249088142384366e-01 3.027220913286393089e-01
9.302372339955691238e-01 3.014500908655073919e-01
9.319527169355110718e-01 3.001832029480677733e-01
9.336713634573982068e-01 2.989214081593000172e-01
9.353931793953002005e-01 2.976646871505748693e-01
9.371181705940500040e-01 2.964130206414319901e-01
9.388463429092546164e-01 2.951663894193716220e-01
9.405777022073231741e-01 2.939247743396325996e-01
9.423122543654827155e-01 2.926881563249813523e-01
9.440500052717960555e-01 2.914565163654994073e-01
9.457909608251883204e-01 2.902298355183652312e-01
9.475351269354589379e-01 2.890080949076470618e-01
9.492825095233088373e-01 2.877912757240856378e-01
9.510331145203575476e-01 2.865793592248847554e-01
9.527869478691605165e-01 2.853723267335021019e-01
9.545440155232355339e-01 2.841701596394339280e-01
9.563043234470759435e-01 2.829728393980103229e-01
9.580678776161772880e-01 2.817803475301815519e-01
9.598346840170547400e-01 2.805926656223102222e-01
9.616047486472604211e-01 2.794097753259663364e-01
9.633780775154094922e-01 2.782316583577142399e-01
9.651546766411983613e-01 2.770582964989081187e-01
9.669345520554210038e-01 2.758896715954875511e-01
9.687177097999972730e-01 2.747257655577656776e-01
9.705041559279852237e-01 2.735665603602303597e-01
9.722938965036083125e-01 2.724120380413336817e-01
9.740869376022733839e-01 2.712621807032897236e-01
9.758832853105881000e-01 2.701169705118727227e-01
9.776829457263889189e-01 2.689763896962089063e-01
9.794859249587529737e-01 2.678404205485794831e-01
9.812922291280269382e-01 2.667090454242134201e-01
9.831018643658437917e-01 2.655822467410877130e-01
9.849148368151413591e-01 2.644600069797283792e-01
9.867311526301898450e-01 2.633423086830051218e-01
9.885508179766044901e-01 2.622291344559368742e-01
9.903738390313741036e-01 2.611204669654871302e-01
9.922002219828784941e-01 2.600162889403677680e-01
9.940299730309066772e-01 2.589165831708418186e-01
9.958630983866851860e-01 2.578213325085211283e-01
9.976996042728903946e-01 2.567305198661747889e-01
9.995394969236774951e-01 2.556441282175274110e-01
1.001382782584698372e+00 2.545621405970646123e-01
1.003229467513119255e+00 2.534845400998397280e-01
1.005079557977650140e+00 2.524113098812734157e-01
1.006933060258556889e+00 2.513424331569649173e-01
1.008789980647689877e+00 2.502778932024929959e-01
1.010650325448503084e+00 2.492176733524814614e-01
1.012514100976071418e+00 2.481617569537059587e-01
1.014381313557119801e+00 2.471101273380942875e-01
1.016251969530036270e+00 2.460627678922218398e-01
1.018126075244901063e+00 2.450196620638538936e-01
1.020003637063505053e+00 2.439807933617342273e-01
1.021884661359367064e+00 2.429461453553748429e-01
1.023769154517764735e+00 2.419157016748398337e-01
1.025657122935746068e+00 2.408894460105389934e-01
1.027548573022159850e+00 2.398673621130137379e-01
1.029443511197673411e+00 2.388494337927289379e-01
1.031341943894791058e+00 2.378356449198660294e-01
1.033243877557884494e+00 2.368259794241104610e-01
1.035149318643205030e+00 2.358204212944488287e-01
1.037058273618913340e+00 2.348189545789581556e-01
1.038970748965098334e+00 2.338215633846011110e-01
1.040886751173796032e+00 2.328282318770222015e-01
1.042806286749018874e+00 2.318389442803393263e-01
1.044729362206768819e+00 2.308536848769437710e-01
1.046655984075068213e+00 2.298724380072928453e-01
1.048586158893977549e+00 2.288951880697084051e-01
1.050519893215614564e+00 2.279219195201772630e-01
1.052457193604184660e+00 2.269526168721448522e-01
1.054398066635994224e+00 2.259872646963189680e-01
1.056342518899480609e+00 2.250258476204662073e-01
1.058290556995230336e+00 2.240683503292136003e-01
1.060242187536000191e+00 2.231147575638514069e-01
1.062197417146745426e+00 2.221650541221313613e-01
1.064156252464634189e+00 2.212192248580733267e-01
1.066118700139077946e+00 2.202772546817644006e-01
1.068084766831750798e+00 2.193391285591643480e-01
1.070054459216608134e+00 2.184048315119117845e-01
1.072027783979916382e+00 2.174743486171257512e-01
1.074004747820272776e+00 2.165476650072128972e-01
1.075985357448624002e+00 2.156247658696756053e-01
1.077969619588296846e+00 2.147056364469153156e-01
1.079957540975013064e+00 2.137902620360435657e-01
1.081949128356918699e+00 2.128786279886876187e-01
1.083944388494604505e+00 2.119707197108000318e-01
1.085943328161125265e+00 2.110665226624699464e-01
1.087945954142030880e+00 2.101660223577296593e-01
1.089952273235379909e+00 2.092692043643692712e-01
1.091962292251771105e+00 2.083760543037446178e-01
1.093976018014362728e+00 2.074865578505905583e-01
1.095993457358892753e+00 2.066007007328352074e-01
1.098014617133709070e+00 2.057184687314096982e-01
1.100039504199784801e+00 2.048398476800659673e-01
1.102068125430749168e+00 2.039648234651874337e-01
1.104100487712907031e+00 2.030933820256057010e-01
1.106136597945258870e+00 2.022255093524181202e-01
1.108176463039532988e+00 2.013611914887999121e-01
1.110220089920198827e+00 2.005004145298251439e-01
1.112267485524498944e+00 1.996431646222814327e-01
1.114318656802469665e+00 1.987894279644883411e-01
1.116373610716959730e+00 1.979391908061187144e-01
1.118432354243663829e+00 1.970924394480135233e-01
1.120494894371135475e+00 1.962491602420065595e-01
1.122561238100820091e+00 1.954093395907406661e-01
1.124631392447073885e+00 1.945729639474910455e-01
1.126705364437186052e+00 1.937400198159875409e-01
1.128783161111408750e+00 1.929104937502343076e-01
1.130864789522973313e+00 1.920843723543359527e-01
1.132950256738121331e+00 1.912616422823179840e-01
1.135039569836125750e+00 1.904422902379518390e-01
1.137132735909310632e+00 1.896263029745814954e-01
1.139229762063084683e+00 1.888136672949445871e-01
1.141330655415954576e+00 1.880043700510025950e-01
1.143435423099558257e+00 1.871983981437636280e-01
1.145544072258685597e+00 1.863957385231105879e-01
1.147656610051298820e+00 1.855963781876302232e-01
1.149773043648564474e+00 1.848003041844382133e-01
1.151893380234869868e+00 1.840075036090108029e-01
1.154017627007854152e+00 1.832179636050115801e-01
1.156145791178430526e+00 1.824316713641217780e-01
1.158277879970806001e+00 1.816486141258726872e-01
1.160413900622514927e+00 1.808687791774731823e-01
1.162553860384434090e+00 1.800921538536443545e-01
1.164697766520815136e+00 1.793187255364491195e-01
1.166845626309306105e+00 1.785484816551254073e-01
1.168997447040972304e+00 1.777814096859213211e-01
1.171153236020329835e+00 1.770174971519249685e-01
1.173313000565360031e+00 1.762567316229029790e-01
1.175476748007543870e+00 1.754991007151315563e-01
1.177644485691881737e+00 1.747445920912338024e-01
1.179816220976916519e+00 1.739931934600160157e-01
1.181991961234763799e+00 1.732448925763027947e-01
1.184171713851135177e+00 1.724996772407739187e-01
1.186355486225358469e+00 1.717575352998041427e-01
1.188543285770412128e+00 1.710184546452977739e-01
1.190735119912939455e+00 1.702824232145311312e-01
1.192930996093283902e+00 1.695494289899881213e-01
1.195130921765509724e+00 1.688194599992016431e-01
1.197334904397423516e+00 1.680925043145950204e-01
1.199542951470609076e+00 1.673685500533193815e-01
1.201755070480441390e+00 1.666475853770989779e-01
1.203971268936122385e+00 1.659295984920694800e-01
1.206191554360701801e+00 1.652145776486218798e-01
1.208415934291098948e+00 1.645025111412464491e-01
1.210644416278137347e+00 1.637933873083732561e-01
1.212877007886560277e+00 1.630871945322193983e-01
1.215113716695065404e+00 1.623839212386305464e-01
1.217354550296326110e+00 1.616835558969272335e-01
1.219599516297014130e+00 1.609860870198950855e-01
1.221848622317833755e+00 1.602915032374344351e-01
1.224101875993538480e+00 1.595997934148820352e-01
1.226359284972964314e+00 1.589109464871613087e-01
1.228620856919053317e+00 1.582249514267991541e-01
1.230886599508874912e+00 1.575417972438288849e-01
1.233156520433661196e+00 1.568614729856882273e-01
1.235430627398822923e+00 1.561839677371237300e-01
1.237708928123984586e+00 1.555092706200894015e-01
1.239991430343006629e+00 1.548373707936490373e-01
1.242278141804007641e+00 1.541682574538791595e-01
1.244569070269400557e+00 1.535019198337675972e-01
1.246864223515907533e+00 1.528383472031184520e-01
1.249163609334596137e+00 1.521775288684512062e-01
1.251467235530901778e+00 1.515194541729034949e-01
1.253775109924650133e+00 1.508641124961345725e-01
1.256087240350092893e+00 1.502114932542244208e-01
1.258403634655923975e+00 1.495615858995794079e-01
1.260724300705315271e+00 1.489143799208313412e-01
1.263049246375939516e+00 1.482698648427415167e-01
1.265378479559992719e+00 1.476280302261042676e-01
1.267712008164231019e+00 1.469888656676466010e-01
1.270049840109985784e+00 1.463523607999344112e-01
1.272391983333200471e+00 1.457185052912725598e-01
1.274738445784453722e+00 1.450872888456086196e-01
1.277089235428982006e+00 1.444587012024376449e-01
1.279444360246715817e+00 1.438327321367023071e-01
1.281803828232297215e+00 1.432093714586990807e-01
1.284167647395114464e+00 1.425886090139795725e-01
1.286535825759326679e+00 1.419704346832547093e-01
1.288908371363886696e+00 1.413548383822995913e-01
1.291285292262577489e+00 1.407418100618548218e-01
1.293666596524029044e+00 1.401313397075329981e-01
1.296052292231754555e+00 1.395234173397205402e-01
1.298442387484175065e+00 1.389180330134827113e-01
1.300836890394641454e+00 1.383151768184688324e-01
1.303235809091472630e+00 1.377148388788142497e-01
1.305639151717971291e+00 1.371170093530476863e-01
1.308046926432462342e+00 1.365216784339931821e-01
1.310459141408314876e+00 1.359288363486762519e-01
1.312875804833967042e+00 1.353384733582294330e-01
1.315296924912961796e+00 1.347505797577951969e-01
1.317722509863970437e+00 1.341651458764322735e-01
1.320152567920816589e+00 1.335821620770217544e-01
1.322587107332513501e+00 1.330016187561700869e-01
1.325026136363280926e+00 1.324235063441174531e-01
1.327469663292583979e+00 1.318478153046405976e-01
1.329917696415155115e+00 1.312745361349601236e-01
1.332370244041020335e+00 1.307036593656467627e-01
1.334827314495534933e+00 1.301351755605256177e-01
1.337288916119402593e+00 1.295690753165845144e-01
1.339755057268712246e+00 1.290053492638781607e-01
1.342225746314962054e+00 1.284439880654356103e-01
1.344700991645085386e+00 1.278849824171673644e-01
1.347180801661486349e+00 1.273283230477705030e-01
1.349665184782059990e+00 1.267740007186370088e-01
1.352154149440228270e+00 1.262220062237596196e-01
1.354647704084966264e+00 1.256723303896389865e-01
1.357145857180825255e+00 1.251249640751921355e-01
1.359648617207972254e+00 1.245798981716577519e-01
1.362155992662207327e+00 1.240371236025059470e-01
1.364667992055001777e+00 1.234966313233436391e-01
1.367184623913523689e+00 1.229584123218235986e-01
1.369705896780661902e+00 1.224224576175527851e-01
1.372231819215064874e+00 1.218887582619987697e-01
1.374762399791159329e+00 1.213573053383998901e-01
1.377297647099188227e+00 1.208280899616716725e-01
1.379837569745235859e+00 1.203011032783162376e-01
1.382382176351253822e+00 1.197763364663316232e-01
1.384931475555098768e+00 1.192537807351185947e-01
1.387485476010551055e+00 1.187334273253918826e-01
1.390044186387354497e+00 1.182152675090871463e-01
1.392607615371240781e+00 1.176992925892709624e-01
1.395175771663954789e+00 1.171854939000511187e-01
1.397748663983294781e+00 1.166738628064840355e-01
1.400326301063129719e+00 1.161643907044866697e-01
1.402908691653439455e+00 1.156570690207442548e-01
1.405495844520339821e+00 1.151518892126211085e-01
1.408087768446108390e+00 1.146488427680715377e-01
1.410684472229224440e+00 1.141479212055479392e-01
1.413285964684386498e+00 1.136491160739137030e-01
1.415892254642553194e+00 1.131524189523514939e-01
1.418503350950969022e+00 1.126578214502747255e-01
1.421119262473188760e+00 1.121653152072395049e-01
1.423739998089119441e+00 1.116748918928531786e-01
1.426365566695037668e+00 1.111865432066881099e-01
1.428995977203630252e+00 1.107002608781907094e-01
1.431631238544020190e+00 1.102160366665938668e-01
1.434271359661793088e+00 1.097338623608290764e-01
1.436916349519036684e+00 1.092537297794365647e-01
1.439566217094360168e+00 1.087756307704790676e-01
1.442220971382935701e+00 1.082995572114519855e-01
1.444880621396522402e+00 1.078255010091967170e-01
1.447545176163495206e+00 1.073534540998131726e-01
1.450214644728883950e+00 1.068834084485709435e-01
1.452889036154392244e+00 1.064153560498238144e-01
1.455568359518440102e+00 1.059492889269207927e-01
1.458252623916189039e+00 1.054851991321196641e-01
1.460941838459568265e+00 1.050230787465012416e-01
1.463636012277315990e+00 1.045629198798807002e-01
1.466335154515004291e+00 1.041047146707219512e-01
1.469039274335067091e+00 1.036484552860520436e-01
1.471748380916840349e+00 1.031941339213730685e-01
1.474462483456582484e+00 1.027417428005779759e-01
1.477181591167515240e+00 1.022912741758630062e-01
1.479905713279851431e+00 1.018427203276425219e-01
1.482634859040820041e+00 1.013960735644643674e-01
1.485369037714710183e+00 1.009513262229224384e-01
1.488108258582889087e+00 1.005084706675733186e-01
1.490852530943844512e+00 1.000674992908497374e-01
1.493601864113212274e+00 9.962840451297581834e-02
1.496356267423802455e+00 9.919117878188352111e-02
1.499115750225642696e+00 9.875581457312582190e-02
1.501880321885997072e+00 9.832230438979441822e-02
1.504649991789408059e+00 9.789064076243379764e-02
1.507424769337725845e+00 9.746081624895716611e-02
1.510204663950132975e+00 9.703282343456406944e-02
1.512989685063189205e+00 9.660665493165417061e-02
1.515779842130850152e+00 9.618230337974566224e-02
1.518575144624510376e+00 9.575976144539009860e-02
1.521375602033031127e+00 9.533902182208989218e-02
1.524181223862767665e+00 9.492007723021549104e-02
1.526992019637612330e+00 9.450292040942545602e-02
1.529807998899014754e+00 9.408754379434858262e-02
1.532629171206024932e+00 9.367393939725685015e-02
1.535455546135320981e+00 9.326209923786900335e-02
1.538287133281237118e+00 9.285201537669285354e-02
1.541123942255806956e+00 9.244367991478837088e-02
1.543965982688783933e+00 9.203708499353506489e-02
1.546813264227684170e+00 9.163222279439806051e-02
1.549665796537815998e+00 9.122908553869726878e-02
1.552523589302306606e+00 9.082766548737845891e-02
1.555386652222146449e+00 9.042795494078344209e-02
1.558254995016209676e+00 9.002994623842473787e-02
1.561128627421298320e+00 8.963363175875881106e-02
1.564007559192170271e+00 8.923900391896241735e-02
1.566891800101567256e+00 8.884605517471085012e-02
1.569781359940260579e+00 8.845477801995484113e-02
1.572676248517069997e+00 8.806516498670272086e-02
1.575576475658908793e+00 8.767720864480027521e-02
1.578482051210812642e+00 8.729090160171405766e-02
1.581392985035968035e+00 8.690623650231640851e-02
1.584309287015757128e+00 8.652320602866957200e-02
1.587230967049777508e+00 8.614180289981410166e-02
1.590158035055888375e+00 8.576201987155572526e-02
1.593090500970238521e+00 8.538384973625522123e-02
1.596028374747296086e+00 8.500728532262034898e-02
1.598971666359892296e+00 8.463231949549615551e-02
1.601920385799243451e+00 8.425894515566011156e-02
1.604874543074995996e+00 8.388715523961551290e-02
1.607834148215255166e+00 8.351694271938793490e-02
1.610799211266614961e+00 8.314830060232313025e-02
1.613769742294203002e+00 8.278122193088423286e-02
1.616745751381701401e+00 8.241569978245293082e-02
1.619727248631393612e+00 8.205172726912911274e-02
1.622714244164192410e+00 8.168929753753381706e-02
1.625706748119670308e+00 8.132840376861324994e-02
1.628704770656103307e+00 8.096903917744201207e-02
1.631708321950500862e+00 8.061119701302997542e-02
1.634717412198635200e+00 8.025487055812957626e-02
1.637732051615087281e+00 7.990005312904292778e-02
1.640752250433268777e+00 7.954673807543281849e-02
1.643778018905468041e+00 7.919491878013198982e-02
1.646809367302880078e+00 7.884458865895531410e-02
1.649846305915636524e+00 7.849574116051345751e-02
1.652888845052851385e+00 7.814836976602598795e-02
1.655936995042644355e+00 7.780246798913750816e-02
1.658990766232185887e+00 7.745802937573324776e-02
1.662050168987728282e+00 7.711504750375694495e-02
1.665115213694635443e+00 7.677351598303007452e-02
1.668185910757430390e+00 7.643342845507022920e-02
1.671262270599816135e+00 7.609477859291377544e-02
1.674344303664723865e+00 7.575756010093608050e-02
1.677432020414342917e+00 7.542176671467561155e-02
1.680525431330151198e+00 7.508739220065827058e-02
1.683624546912962705e+00 7.475443035622149346e-02
1.686729377682949282e+00 7.442287500934205435e-02
1.689839934179689029e+00 7.409272001846213540e-02
1.692956226962195831e+00 7.376395927231817196e-02
1.696078266608951335e+00 7.343658668977115500e-02
1.699206063717951354e+00 7.311059621963565680e-02
1.702339628906729851e+00 7.278598184051286724e-02
1.705478972812405569e+00 7.246273756062197868e-02
1.708624106091713779e+00 7.214085741763441584e-02
1.711775039421036926e+00 7.182033547850880106e-02
1.714931783496453033e+00 7.150116583932565606e-02
1.718094349033758128e+00 7.118334262512514277e-02
1.721262746768515095e+00 7.086685998974366629e-02
1.724436987456084536e+00 7.055171211565300360e-02
1.727617081871655857e+00 7.023789321380052852e-02
1.730803040810296789e+00 6.992539752344842374e-02
1.733994875086975362e+00 6.961421931201669522e-02
1.737192595536609430e+00 6.930435287492467400e-02
1.740396213014097304e+00 6.899579253543482171e-02
1.743605738394350402e+00 6.868853264449779894e-02
1.746821182572342090e+00 6.838256758059658991e-02
1.750042556463130117e+00 6.807789174959420764e-02
1.753269871001906344e+00 6.777449958458001134e-02
1.756503137144029170e+00 6.747238554571804992e-02
1.759742365865053948e+00 6.717154412009686271e-02
1.762987568160784280e+00 6.687196982157850300e-02
1.766238755047294218e+00 6.657365719065047593e-02
1.769495937560978005e+00 6.627660079427667716e-02
1.772759126758582937e+00 6.598079522575066302e-02
1.776028333717240670e+00 6.568623510454954517e-02
1.779303569534517848e+00 6.539291507618770483e-02
1.782584845328439638e+00 6.510082981207321318e-02
1.785872172237539246e+00 6.480997400936315544e-02
1.789165561420891226e+00 6.452034239082125866e-02
1.792465024058143452e+00 6.423192970467631047e-02
1.795770571349567968e+00 6.394473072447993955e-02
1.799082214516083855e+00 6.365874024896781003e-02
1.802399964799308973e+00 6.337395310191878961e-02
1.805723833461592154e+00 6.309036413201704607e-02
1.809053831786046285e+00 6.280796821271472652e-02
1.812389971076596717e+00 6.252676024209415095e-02
1.815732262658015461e+00 6.224673514273208752e-02
1.819080717875952713e+00 6.196788786156510326e-02
1.822435348096989705e+00 6.169021336975391567e-02
1.825796164708661129e+00 6.141370666255099170e-02
1.829163179119507765e+00 6.113836275916680052e-02
1.832536402759109118e+00 6.086417670263798152e-02
1.835915847078117169e+00 6.059114355969677512e-02
1.839301523548307005e+00 6.031925842063949605e-02
1.842693443662602792e+00 6.004851639919790013e-02
1.846091618935128187e+00 5.977891263240944081e-02
1.849496060901240524e+00 5.951044228048953805e-02
1.852906781117564572e+00 5.924310052670463123e-02
1.856323791162044046e+00 5.897688257724474636e-02
1.859747102633967142e+00 5.871178366109857522e-02
1.863176727154017609e+00 5.844779902992762455e-02
1.866612676364309609e+00 5.818492395794230831e-02
1.870054961928421688e+00 5.792315374177860188e-02
1.873503595531448518e+00 5.766248370037457827e-02
1.876958588880026424e+00 5.740290917484911631e-02
1.880419953702385794e+00 5.714442552837976919e-02
1.883887701748385934e+00 5.688702814608243702e-02
1.887361844789548382e+00 5.663071243489189305e-02
1.890842394619110634e+00 5.637547382344169911e-02
1.894329363052050796e+00 5.612130776194673709e-02
1.897822761925141322e+00 5.586820972208448449e-02
1.901322603096983199e+00 5.561617519687841321e-02
1.904828898448040375e+00 5.536519970058190881e-02
1.908341659880693930e+00 5.511527876856183589e-02
1.911860899319266505e+00 5.486640795718451119e-02
1.915386628710076700e+00 5.461858284370035843e-02
1.918918860021474382e+00 5.437179902613087368e-02
1.922457605243873546e+00 5.412605215256743874e-02
1.926002876389809160e+00 5.388133858403155313e-02
1.929554685493960475e+00 5.363765538966842883e-02
1.933113044613206100e+00 5.339499966453912366e-02
1.936677965826659520e+00 5.315336849801798741e-02
1.940249461235703743e+00 5.291275897395756461e-02
1.943827542964046140e+00 5.267316817085076347e-02
1.947412223157743982e+00 5.243459316199392678e-02
1.951003513985259508e+00 5.219703101564635711e-02
1.954601427637495004e+00 5.196047879519009177e-02
1.958205976327828557e+00 5.172493355928838021e-02
1.961817172292169786e+00 5.149039236204145525e-02
1.965435027788984268e+00 5.125685225314317167e-02
1.969059555099350378e+00 5.102431027803427249e-02
1.972690766526994377e+00 5.079276347805578712e-02
1.976328674398325935e+00 5.056220889060117352e-02
1.979973291062494534e+00 5.033264354926580281e-02
1.983624628891414998e+00 5.010406448399723489e-02
1.987282700279824121e+00 4.987646872124237851e-02
1.990947517645315745e+00 4.964985328409439458e-02
1.994619093428377399e+00 4.942421519243878764e-02
1.998297440092444699e+00 4.919955146309675648e-02
2.001982570123937766e+00 4.897585910996859332e-02
2.005674496032297416e+00 4.875313514417586869e-02
2.009373230350040895e+00 4.853137657420113216e-02
2.013078785632789192e+00 4.831058040602824455e-02
2.016791174459324321e+00 4.809074364327949741e-02
2.020510409431624854e+00 4.787186328735313495e-02
2.024236503174902779e+00 4.765393633755920372e-02
2.027969468337661230e+00 4.743695979125330670e-02
2.031709317591720687e+00 4.722093064397073908e-02
2.035456063632275825e+00 4.700584588955792481e-02
2.039209719177933255e+00 4.679170252030351307e-02
2.042970296970748389e+00 4.657849752706847563e-02
2.046737809776283168e+00 4.636622789941390738e-02
2.050512270383631819e+00 4.615489062572916690e-02
2.054293691605480809e+00 4.594448269335735247e-02
2.058082086278143930e+00 4.573500108872049358e-02
2.061877467261600927e+00 4.552644279744403472e-02
2.065679847439555239e+00 4.531880480447831455e-02
2.069489239719461970e+00 4.511208409422125254e-02
2.073305657032585181e+00 4.490627765063784360e-02
2.077129112334035188e+00 4.470138245737975691e-02
2.080959618602807648e+00 4.449739549790362320e-02
2.084797188841842619e+00 4.429431375558725431e-02
2.088641836078048541e+00 4.409213421384649417e-02
2.092493573362366188e+00 4.389085385624869051e-02
2.096352413769801970e+00 4.369046966662704784e-02
2.100218370399468792e+00 4.349097862919308610e-02
2.104091456374645119e+00 4.329237772864721889e-02
2.107971684842801174e+00 4.309466395028992147e-02
2.111859068975659781e+00 4.289783428012995670e-02
2.115753621969233667e+00 4.270188570499282299e-02
2.119655357043865429e+00 4.250681521262778678e-02
2.123564287444284826e+00 4.231261979181313859e-02
2.127480426439639416e+00 4.211929643246160870e-02
2.131403787323552290e+00 4.192684212572340280e-02
2.135334383414162929e+00 4.173525386408896698e-02
2.139272228054163616e+00 4.154452864149085767e-02
2.143217334610861613e+00 4.135466345340348127e-02
2.147169716476206691e+00 4.116565529694318076e-02
2.151129387066851528e+00 4.097750117096595618e-02
2.155096359824190788e+00 4.079019807616499765e-02
2.159070648214400645e+00 4.060374301516714302e-02
2.163052265728499179e+00 4.041813299262749654e-02
2.167041225882375244e+00 4.023336501532424891e-02
2.171037542216848859e+00 4.004943609225117274e-02
2.175041228297712070e+00 3.986634323470999997e-02
2.179052297715766251e+00 3.968408345640184881e-02
2.183070764086886495e+00 3.950265377351643015e-02
2.187096641052046486e+00 3.932205120482219762e-02
2.191129942277384224e+00 3.914227277175343078e-02
2.195170681454239325e+00 3.896331549849769982e-02
2.199218872299192551e+00 3.878517641208232419e-02
2.203274528554130196e+00 3.860785254245853448e-02
2.207337663986269849e+00 3.843134092258670975e-02
2.211408292388226560e+00 3.825563858851838833e-02
2.215486427578048811e+00 3.808074257947909741e-02
2.219572083399262041e+00 3.790664993794966992e-02
2.223665273720926816e+00 3.773335770974586140e-02
2.227766012437681020e+00 3.756086294409798770e-02
2.231874313469778048e+00 3.738916269372961204e-02
2.235990190763152974e+00 3.721825401493405322e-02
2.240113658289448750e+00 3.704813396765180983e-02
2.244244730046080605e+00 3.687879961554530600e-02
2.248383420056277782e+00 3.671024802607383841e-02
2.252529742369122623e+00 3.654247627056741304e-02
2.256683711059615849e+00 3.637548142429897907e-02
2.260845340228703648e+00 3.620926056655692643e-02
2.265014644003345179e+00 3.604381078071540456e-02
2.269191636536549872e+00 3.587912915430473138e-02
2.273376332007421841e+00 3.571521277908054626e-02
2.277568744621221164e+00 3.555205875109182512e-02
2.281768888609395862e+00 3.538966417074864562e-02
2.285976778229645401e+00 3.522802614288816914e-02
2.290192427765962879e+00 3.506714177684062267e-02
2.294415851528675443e+00 3.490700818649418447e-02
2.298647063854509565e+00 3.474762249035838468e-02
2.302886079106622130e+00 3.458898181162770730e-02
2.307132911674663944e+00 3.443108327824337400e-02
2.311387575974821917e+00 3.427392402295478119e-02
2.315650086449862144e+00 3.411750118338030546e-02
2.319920457569194294e+00 3.396181190206643691e-02
2.324198703828902257e+00 3.380685332654723152e-02
2.328484839751808533e+00 3.365262260940184852e-02
2.332778879887519974e+00 3.349911690831190031e-02
2.337080838812465533e+00 3.334633338611812936e-02
2.341390731129965985e+00 3.319426921087547527e-02
2.345708571470262349e+00 3.304292155590846103e-02
2.350034374490583389e+00 3.289228759986458084e-02
2.354368154875186914e+00 3.274236452676793085e-02
2.358709927335404632e+00 3.259314952607156313e-02
2.363059706609706545e+00 3.244463979270885423e-02
2.367417507463733362e+00 3.229683252714489472e-02
2.371783344690362227e+00 3.214972493542590098e-02
2.376157233109750244e+00 3.200331422922905039e-02
2.380539187569378878e+00 3.185759762591109517e-02
2.384929222944119243e+00 3.171257234855567181e-02
2.389327354136263182e+00 3.156823562602109612e-02
2.393733596075592995e+00 3.142458469298597956e-02
2.398147963719423181e+00 3.128161678999528267e-02
2.402570472052643513e+00 3.113932916350522009e-02
2.407001136087788318e+00 3.099771906592697218e-02
2.411439970865067561e+00 3.085678375567068796e-02
2.415886991452434351e+00 3.071652049718764585e-02
2.420342212945628457e+00 3.057692647891727122e-02
2.424805650468222495e+00 3.043799717879330444e-02
2.429277319171686766e+00 3.029972648810024677e-02
2.433757234235425226e+00 3.016210830208001029e-02
2.438245410866840324e+00 3.002513658448406619e-02
2.442741864301380517e+00 2.988880536687505557e-02
2.447246609802581130e+00 2.975310874793751781e-02
2.451759662662137629e+00 2.961804089279666818e-02
2.456281038199933597e+00 2.948359603234737558e-02
2.460810751764113569e+00 2.934976846259035668e-02
2.465348818731125213e+00 2.921655254397818174e-02
2.469895254505765081e+00 2.908394270076905541e-02
2.474450074521245657e+00 2.895193342038886175e-02
2.479013294239240661e+00 2.882051925280150473e-02
2.483584929149929454e+00 2.868969480988761006e-02
2.488164994772067651e+00 2.855945476483036372e-02
2.492753506653019535e+00 2.842979385151006913e-02
2.497350480368827785e+00 2.830070686390544210e-02
2.501955931524260102e+00 2.817218865550316989e-02
2.506569875752853171e+00 2.804423413871482904e-02
2.511192328716985500e+00 2.791683828430032918e-02
2.515823306107907165e+00 2.778999612079991605e-02
2.520462823645814421e+00 2.766370273397189897e-02
2.525110897079892336e+00 2.753795326623815001e-02
2.529767542188362306e+00 2.741274291613661138e-02
2.534432774778553554e+00 2.728806693777960715e-02
2.539106610686935550e+00 2.716392064032008627e-02
2.543789065779189951e+00 2.704029938742323960e-02
2.548480155950257231e+00 2.691719859674530230e-02
2.553179897124382869e+00 2.679461373941868438e-02
2.557888305255187511e+00 2.667254033954268716e-02
2.562605396325703833e+00 2.655097397368130080e-02
2.567331186348446703e+00 2.642991027036618520e-02
2.572065691365459372e+00 2.630934490960606942e-02
2.576808927448362319e+00 2.618927362240219478e-02
2.581560910698423861e+00 2.606969219026876103e-02
2.586321657246594352e+00 2.595059644476002680e-02
2.591091183253580787e+00 2.583198226700199676e-02
2.595869504909892100e+00 2.571384558723030511e-02
2.600656638435886681e+00 2.559618238433350457e-02
2.605452600081846093e+00 2.547898868540087250e-02
2.610257406128008828e+00 2.536226056527661130e-02
2.615071072884645353e+00 2.524599414611808368e-02
2.619893616692102967e+00 2.513018559695974485e-02
2.624725053920855533e+00 2.501483113328222679e-02
2.629565400971577649e+00 2.489992701658538810e-02
2.634414674275176615e+00 2.478546955396738680e-02
2.639272890292869711e+00 2.467145509770740305e-02
2.644140065516230820e+00 2.455788004485360762e-02
2.649016216467238394e+00 2.444474083681595980e-02
2.653901359698350504e+00 2.433203395896244708e-02
2.658795511792538591e+00 2.421975594022113612e-02
2.663698689363364736e+00 2.410790335268530454e-02
2.668610909055027847e+00 2.399647281122373188e-02
2.673532187542412952e+00 2.388546097309500460e-02
2.678462541531166696e+00 2.377486453756535306e-02
2.683401987757732421e+00 2.366468024553168223e-02
2.688350542989425662e+00 2.355490487914740222e-02
2.693308224024483888e+00 2.344553526145296343e-02
2.698275047692113571e+00 2.333656825601030174e-02
2.703251030852567904e+00 2.322800076654023271e-02
2.708236190397181442e+00 2.311982973656476897e-02
2.713230543248447812e+00 2.301205214905202925e-02
2.718234106360066793e+00 2.290466502606539403e-02
2.723246896716995824e+00 2.279766542841620003e-02
2.728268931335525060e+00 2.269105045531930043e-02
2.733300227263314230e+00 2.258481724405297236e-02
2.738340801579469908e+00 2.247896296962128074e-02
2.743390671394594360e+00 2.237348484442030355e-02
2.748449853850836178e+00 2.226838011790757688e-02
2.753518366121964878e+00 2.216364607627431538e-02
2.758596225413419756e+00 2.205928004212111618e-02
2.763683448962361844e+00 2.195527937413690664e-02
2.768780054037750737e+00 2.185164146678014382e-02
2.773886057940381011e+00 2.174836374996401769e-02
2.779001478002960823e+00 2.164544368874351393e-02
2.784126331590162096e+00 2.154287878300614051e-02
2.789260636098670698e+00 2.144066656716518346e-02
2.794404408957266828e+00 2.133880460985532537e-02
2.799557667626858759e+00 2.123729051363185474e-02
2.804720429600564557e+00 2.113612191467144005e-02
2.809892712403761816e+00 2.103529648247630390e-02
2.815074533594138728e+00 2.093481191958085699e-02
2.820265910761774020e+00 2.083466596126026457e-02
2.825466861529172036e+00 2.073485637524236438e-02
2.830677403551346227e+00 2.063538096142102096e-02
2.835897554515866226e+00 2.053623755157260242e-02
2.841127332142912021e+00 2.043742400907464993e-02
2.846366754185353898e+00 2.033893822862625073e-02
2.851615838428789296e+00 2.024077813597152317e-02
2.856874602691622744e+00 2.014294168762450002e-02
2.862143064825118710e+00 2.004542687059661030e-02
2.867421242713453111e+00 1.994823170212638511e-02
2.872709154273794585e+00 1.985135422941047140e-02
2.878006817456340460e+00 1.975479252933779253e-02
2.883314250244401133e+00 1.965854470822460398e-02
2.888631470654450251e+00 1.956260890155214760e-02
2.893958496736176222e+00 1.946698327370628701e-02
2.899295346572567045e+00 1.937166601771823232e-02
2.904642038279944938e+00 1.927665535500821745e-02
2.909998590008051167e+00 1.918194953512989895e-02
2.915365019940096225e+00 1.908754683551718012e-02
2.920741346292815344e+00 1.899344556123272118e-02
2.926127587316548873e+00 1.889964404471760825e-02
2.931523761295281805e+00 1.880614064554347875e-02
2.936929886546725488e+00 1.871293375016539612e-02
2.942345981422372247e+00 1.862002177167700750e-02
2.947772064307548678e+00 1.852740314956698511e-02
2.953208153621496468e+00 1.843507634947681023e-02
2.958654267817415029e+00 1.834303986296041342e-02
2.964110425382541436e+00 1.825129220724486592e-02
2.969576644838206825e+00 1.815983192499284402e-02
2.975052944739887906e+00 1.806865758406637351e-02
2.980539343677293562e+00 1.797776777729170536e-02
2.986035860274401266e+00 1.788716112222602656e-02
2.991542513189543673e+00 1.779683626092488577e-02
2.997059321115461472e+00 1.770679185971129471e-02
3.002586302779358451e+00 1.761702660894614789e-02
3.008123476942985430e+00 1.752753922279942297e-02
3.013670862402681561e+00 1.743832843902302573e-02
3.019228477989456039e+00 1.734939301872457859e-02
3.024796342569047169e+00 1.726073174614234026e-02
3.030374475041973881e+00 1.717234342842149930e-02
3.035962894343622764e+00 1.708422689539110945e-02
3.041561619444286713e+00 1.699638099934270077e-02
3.047170669349252847e+00 1.690880479329488761e-02
3.052790063098856699e+00 1.682150069094569614e-02
3.058419819768535941e+00 1.673447401543058655e-02
3.064059958468916101e+00 1.664773008070475485e-02
3.069710498345866512e+00 1.656127408737803619e-02
3.075371458580552275e+00 1.647511112360457164e-02
3.081042858389525740e+00 1.638924616598834080e-02
3.086724717024763365e+00 1.630368408050468856e-02
3.092417053773754976e+00 1.621842962343620492e-02
3.098119887959558394e+00 1.613348744232312101e-02
3.103833238940857608e+00 1.604886207692745453e-02
3.109557126112048042e+00 1.596455796020977008e-02
3.115291568903278741e+00 1.588057941931886666e-02
3.121036586780539857e+00 1.579693067659286229e-02
3.126792199245720383e+00 1.571361585057178684e-02
3.132558425836662330e+00 1.563063895702116596e-02
3.138335286127252655e+00 1.554800390996498999e-02
3.144122799727460560e+00 1.546571452272915877e-02
3.149920986283429869e+00 1.538377450899329132e-02
3.155729865477533647e+00 1.530218748385143990e-02
3.161549457028432375e+00 1.522095696488087735e-02
3.167379780691163660e+00 1.514008637321792583e-02
3.173220856257183087e+00 1.505957903464134190e-02
3.179072703554453483e+00 1.497943818066171592e-02
3.184935342447503537e+00 1.489966694961717721e-02
3.190808792837485530e+00 1.482026838777458777e-02
3.196693074662264156e+00 1.474124545043558297e-02
3.202588207896460037e+00 1.466260100304760290e-02
3.208494212551539437e+00 1.458433782231862395e-02
3.214411108675871542e+00 1.450645859733594792e-02
3.220338916354788417e+00 1.442896593068826623e-02
3.226277655710675596e+00 1.435186233959020834e-02
3.232227346903012943e+00 1.427515025700996400e-02
3.238188010128467464e+00 1.419883203279833153e-02
3.244159665620951927e+00 1.412290993481973324e-02
3.250142333651682591e+00 1.404738615008469665e-02
3.256136034529272028e+00 1.397226278588260817e-02
3.262140788599771746e+00 1.389754187091576249e-02
3.268156616246763679e+00 1.382322535643290204e-02
3.274183537891420137e+00 1.374931511736299239e-02
3.280221573992561979e+00 1.367581295344844419e-02
3.286270745046753206e+00 1.360272059037716946e-02
3.292331071588342706e+00 1.353003968091396302e-02
3.298402574189557068e+00 1.345777180602988204e-02
3.304485273460561423e+00 1.338591847603016333e-02
3.310579190049518505e+00 1.331448113168011080e-02
3.316684344642682358e+00 1.324346114532822319e-02
3.322800757964441853e+00 1.317285982202716366e-02
3.328928450777414838e+00 1.310267840065131549e-02
3.335067443882507199e+00 1.303291805501153103e-02
3.341217758118976366e+00 1.296357989496637643e-02
3.347379414364521466e+00 1.289466496752939527e-02
3.353552433535330835e+00 1.282617425797294604e-02
3.359736836586174835e+00 1.275810869092735590e-02
3.365932644510467142e+00 1.269046913147607765e-02
3.372139878340325581e+00 1.262325638624629126e-02
3.378358559146665385e+00 1.255647120449425447e-02
3.384588708039258709e+00 1.249011427918618293e-02
3.390830346166795906e+00 1.242418624807378573e-02
3.397083494716983676e+00 1.235868769476415781e-02
3.403348174916586366e+00 1.229361914978465038e-02
3.409624408031525444e+00 1.222898109164148074e-02
3.415912215366937676e+00 1.216477394787291236e-02
3.422211618267240407e+00 1.210099809609626806e-02
3.428522638116226595e+00 1.203765386504850911e-02
3.434845296337109222e+00 1.197474153562107409e-02
3.441179614392619879e+00 1.191226134188767133e-02
3.447525613785069609e+00 1.185021347212584543e-02
3.453883316056412411e+00 1.178859806983193793e-02
3.460252742788342495e+00 1.172741523472883504e-02
3.466633915602340466e+00 1.166666502376730204e-02
3.473026856159768361e+00 1.160634745211989831e-02
3.479431586161937151e+00 1.154646249416802460e-02
3.485848127350165360e+00 1.148701008448180932e-02
3.492276501505880759e+00 1.142799011879244535e-02
3.498716730450664336e+00 1.136940245495759658e-02
3.505168836046349323e+00 1.131124691391895143e-02
3.511632840195086480e+00 1.125352328065255814e-02
3.518108764839405378e+00 1.119623130511173369e-02
3.524596631962314319e+00 1.113937070316193059e-02
3.531096463587348300e+00 1.108294115750850864e-02
3.537608281778665820e+00 1.102694231861636211e-02
3.544132108641116830e+00 1.097137380562209288e-02
3.550667966320302238e+00 1.091623520723850049e-02
3.557215877002679161e+00 1.086152608265089636e-02
3.563775862915603998e+00 1.080724596240618431e-02
3.570347946327433686e+00 1.075339434929359003e-02
3.576932149547592310e+00 1.069997071921791401e-02
3.583528494926633723e+00 1.064697452206490695e-02
3.590137004856344127e+00 1.059440518255857361e-02
3.596757701769788262e+00 1.054226210111105372e-02
3.603390608141412432e+00 1.049054465466419186e-02
3.610035746487107122e+00 1.043925219752370355e-02
3.616693139364276277e+00 1.038838406218541358e-02
3.623362809371935445e+00 1.033793956015353205e-02
3.630044779150761958e+00 1.028791798275151444e-02
3.636739071383197519e+00 1.023831860192482741e-02
3.643445708793511262e+00 1.018914067103633692e-02
3.650164714147870360e+00 1.014038342565388648e-02
3.656896110254438170e+00 1.009204608433018034e-02
3.663639919963426195e+00 1.004412784937535989e-02
3.670396166167195773e+00 9.996627907621643758e-03
3.677164871800324697e+00 9.949545431180883276e-03
3.683946059839672937e+00 9.902879578194573665e-03
3.690739753304490112e+00 9.856629493576208115e-03
3.697545975256459005e+00 9.810794309746916769e-03
3.704364748799803930e+00 9.765373147363228326e-03
3.711196097081356893e+00 9.720365116038048869e-03
3.718040043290623320e+00 9.675769315054561295e-03
3.724896610659888641e+00 9.631584834072757367e-03
3.731765822464267135e+00 9.587810753829429863e-03
3.738647702021806296e+00 9.544446146830956948e-03
3.745542272693556107e+00 9.501490078039461634e-03
3.752449557883634768e+00 9.458941605552386236e-03
3.759369581039333053e+00 9.416799781275072417e-03
3.766302365651181816e+00 9.375063651587196845e-03
3.773247935253020380e+00 9.333732258002665205e-03
3.780206313422101783e+00 9.292804637822990599e-03
3.787177523779144295e+00 9.252279824784777340e-03
3.794161589988437555e+00 9.212156849700703018e-03
3.801158535757910961e+00 9.172434741094746477e-03
3.808168384839202947e+00 9.133112525831441411e-03
3.815191161027768896e+00 9.094189229739169447e-03
3.822226888162930880e+00 9.055663878227983646e-03
3.829275590127985129e+00 9.017535496901634556e-03
3.836337290850271753e+00 8.979802680198368386e-03
3.843412014301244906e+00 8.942456747509321471e-03
3.850499784496580702e+00 8.905483098315221044e-03
3.857600625496228286e+00 8.868867173964864112e-03
3.864714561404516857e+00 8.832594639968728220e-03
3.871841616370228945e+00 8.796651381135462550e-03
3.878981814586668353e+00 8.761023496932003954e-03
3.886135180291769853e+00 8.725697297061194360e-03
3.893301737768150694e+00 8.690659297252234863e-03
3.900481511343220742e+00 8.655896215257875490e-03
3.907674525389252640e+00 8.621394967053922290e-03
3.914880804323453312e+00 8.587142663235694529e-03
3.922100372608073204e+00 8.553126605606604232e-03
3.929333254750459137e+00 8.519334283954472717e-03
3.936579475303165321e+00 8.485753373010523903e-03
3.943839058864023084e+00 8.452371729587118340e-03
3.951112030076214143e+00 8.419177389889499069e-03
3.958398413628381629e+00 8.386158566997366920e-03
3.965698234254681598e+00 8.353303648512357821e-03
3.973011516734894943e+00 8.320601194367015924e-03
3.980338285894500672e+00 8.288039934791577995e-03
3.987678566604746067e+00 8.255608768434523695e-03
3.995032383782762153e+00 8.223296760632941779e-03
4.002399762391612548e+00 8.191093141829339924e-03
4.009780727440409365e+00 8.158987306130580444e-03
4.017175303984384271e+00 8.126968810005902669e-03
4.024583517124963095e+00 8.095027371120055992e-03
4.032005392009876843e+00 8.063152867297902412e-03
4.039440953833216774e+00 8.031335335617444116e-03
4.046890227835548082e+00 7.999564971627100632e-03
4.054353239303982726e+00 7.967832128684392348e-03
4.061830013572252263e+00 7.936127317412278170e-03
4.069320576020825087e+00 7.904441205269625847e-03
4.076824952076957054e+00 7.872764616232862459e-03
4.084343167214807835e+00 7.841088530584806524e-03
4.091875246955514633e+00 7.809404084807898376e-03
4.099421216867267681e+00 7.777702571578085262e-03
4.106981102565424813e+00 7.745975439856065195e-03
4.114554929712563869e+00 7.714214295072736698e-03
4.122142724018601712e+00 7.682410899405052798e-03
4.129744511240867944e+00 7.650557172139461209e-03
4.137360317184178626e+00 7.618645190119144664e-03
4.144990167700956185e+00 7.586667188271694305e-03
4.152634088691278258e+00 7.554615560214179501e-03
4.160292106103002041e+00 7.522482858931645033e-03
4.167964245931832679e+00 7.490261797526112653e-03
4.175650534221404975e+00 7.457945250032412855e-03
4.183350997063392640e+00 7.425526252297214372e-03
4.191065660597587339e+00 7.392998002918135803e-03
4.198794551011971521e+00 7.360353864239203674e-03
4.206537694542840988e+00 7.327587363398973229e-03
4.214295117474855523e+00 7.294692193428219812e-03
4.222066846141161456e+00 7.261662214393046176e-03
4.229852906923468048e+00 7.228491454580231179e-03
4.237653326252120323e+00 7.195174111721091073e-03
4.245468130606224300e+00 7.161704554249895618e-03
4.253297346513697619e+00 7.128077322593727796e-03
4.261141000551393887e+00 7.094287130489351431e-03
4.268999119345177284e+00 7.060328866324060496e-03
4.276871729569998948e+00 7.026197594496319011e-03
4.284758857950023092e+00 6.991888556792342189e-03
4.292660531258676748e+00 6.957397173775269061e-03
4.300576776318774996e+00 6.922719046182530811e-03
4.308507620002596461e+00 6.887849956327934953e-03
4.316453089231965023e+00 6.852785869504597789e-03
4.324413210978367950e+00 6.817522935384414361e-03
4.332388012263013621e+00 6.782057489410830628e-03
4.340377520156954994e+00 6.746386054180280104e-03
4.348381761781169530e+00 6.710505340808913498e-03
4.356400764306632922e+00 6.674412250280454574e-03
4.364434554954446988e+00 6.638103874771021477e-03
4.372483160995896512e+00 6.601577498947451030e-03
4.380546609752568266e+00 6.564830601234601833e-03
4.388624928596438046e+00 6.527860855048122496e-03
4.396718144949942619e+00 6.490666129988598848e-03
4.404826286286106729e+00 6.453244492992837866e-03
4.412949380128605270e+00 6.415594209438909082e-03
4.421087454051879639e+00 6.377713744200442722e-03
4.429240535681223889e+00 6.339601762646746366e-03
4.437408652692864663e+00 6.301257131584559433e-03
4.445591832814082878e+00 6.262678920137652525e-03
4.453790103823276780e+00 6.223866400560567128e-03
4.462003493550081856e+00 6.184819048982511010e-03
4.470232029875458757e+00 6.145536546077749913e-03
4.478475740731769683e+00 6.106018777658926353e-03
4.486734654102904507e+00 6.066265835189239321e-03
4.495008798024342944e+00 6.026278016210384961e-03
4.503298200583278899e+00 5.986055824682223227e-03
4.511602889918701287e+00 5.945599971231032427e-03
4.519922894221480192e+00 5.904911373302819746e-03
4.528258241734490319e+00 5.863991155218130705e-03
4.536608960752672282e+00 5.822840648125467491e-03
4.544975079623157832e+00 5.781461389849758270e-03
4.553356626745358682e+00 5.739855124632983925e-03
4.561753630571041107e+00 5.698023802764021033e-03
4.570166119604461841e+00 5.655969580094364312e-03
4.578594122402423139e+00 5.613694817437613928e-03
4.587037667574404232e+00 5.571202079849260809e-03
4.595496783782643035e+00 5.528494135784825340e-03
4.603971499742223195e+00 5.485573956133585165e-03
4.612461844221197538e+00 5.442444713125449592e-03
4.620967846040656468e+00 5.399109779109150485e-03
4.629489534074852308e+00 5.355572725199199587e-03
4.638026937251285453e+00 5.311837319790123010e-03
4.646580084550787859e+00 5.267907526936052576e-03
4.655149005007651830e+00 5.223787504593676440e-03
4.663733727709710841e+00 5.179481602727705955e-03
4.672334281798429245e+00 5.134994361277189084e-03
4.680950696469026617e+00 5.090330507981320751e-03
4.689583000970547921e+00 5.045494956064381503e-03
4.698231224605987855e+00 5.000492801778257113e-03
4.706895396732382331e+00 4.955329321802526971e-03
4.715575546760890191e+00 4.910009970501498511e-03
4.724271704156928209e+00 4.864540377037528465e-03
4.732983898440231485e+00 4.818926342341378621e-03
4.741712159184987563e+00 4.773173835938863616e-03
4.750456516019924358e+00 4.727288992634686750e-03
4.759216998628392759e+00 4.681278109053979911e-03
4.767993636748505182e+00 4.635147640041735809e-03
4.776786460173194193e+00 4.588904194921862925e-03
4.785595498750349286e+00 4.542554533616210977e-03
4.794420782382903923e+00 4.496105562625521065e-03
4.803262341028921689e+00 4.449564330873650997e-03
4.812120204701733073e+00 4.402938025416501706e-03
4.820994403469995859e+00 4.356233967018407344e-03
4.829884967457835465e+00 4.309460442976058812e-03
4.838791926844929314e+00 4.262638496484812481e-03
4.847715311866593879e+00 4.215798481986800066e-03
4.856655152813926790e+00 4.168970096336876985e-03
4.865611480033864567e+00 4.122182105754033411e-03
4.874584323929321172e+00 4.075462343256178004e-03
4.883573714959281276e+00 4.028837707869038949e-03
4.892579683638881072e+00 3.982334165529961834e-03
4.901602260539553058e+00 3.935976751606826141e-03
4.910641476289088203e+00 3.889789574953273626e-03
4.919697361571772731e+00 3.843795823419995927e-03
4.928769947128478712e+00 3.798017770743467632e-03
4.937859263756755546e+00 3.752476784733533612e-03
4.946965342310964076e+00 3.707193336681569897e-03
4.956088213702348533e+00 3.662187011913310090e-03
4.965227908899170650e+00 3.617476521409636065e-03
4.974384458926801145e+00 3.573079714421935511e-03
4.983557894867812088e+00 3.529013592008651418e-03
4.992748247862115463e+00 3.485294321421746749e-03
5.001955549107028887e+00 3.441937251274047958e-03
5.011179829857418611e+00 3.398956927419102304e-03
5.020421121425788336e+00 3.356367109478485163e-03
5.029679455182369807e+00 3.314180787952567681e-03
5.038954862555268477e+00 3.272410201852947020e-03
5.048247375030523898e+00 3.231066856797649642e-03
5.057557024152258940e+00 3.190161543511252449e-03
5.066883841522765053e+00 3.149704356675563782e-03
5.076227858802599080e+00 3.109704714077844191e-03
5.085589107710725365e+00 3.070171376006114710e-03
5.094967620024578814e+00 3.031112464844003436e-03
5.104363427580214108e+00 2.992535484818756916e-03
5.113776562272395410e+00 2.954447341859592086e-03
5.123207056054689623e+00 2.916854363525081539e-03
5.132654940939604948e+00 2.879762318960630597e-03
5.142120248998685916e+00 2.843176438849852501e-03
5.151603012362605760e+00 2.807101435325505025e-03
5.161103263221312076e+00 2.771541521807633322e-03
5.170621033824092549e+00 2.736500432739641647e-03
5.180156356479725055e+00 2.701981443193919932e-03
5.189709263556566476e+00 2.667987388321922931e-03
5.199279787482652182e+00 2.634520682624832966e-03
5.208867960745838133e+00 2.601583339023101887e-03
5.218473815893872825e+00 2.569176987705614618e-03
5.228097385534542063e+00 2.537302894740208533e-03
5.237738702335764884e+00 2.505961980429912295e-03
5.247397799025689480e+00 2.475154837400689832e-03
5.257074708392838858e+00 2.444881748407972625e-03
5.266769463286181008e+00 2.415142703851554194e-03
5.276482096615280781e+00 2.385937418989151834e-03
5.286212641350389596e+00 2.357265350841361053e-03
5.295961130522545801e+00 2.329125714781556458e-03
5.305727597223723002e+00 2.301517500805834622e-03
5.315512074606897563e+00 2.274439489479858616e-03
5.325314595886203151e+00 2.247890267560075442e-03
5.335135194337023101e+00 2.221868243288699623e-03
5.344973903296089013e+00 2.196371661362648154e-03
5.354830756161632621e+00 2.171398617577652377e-03
5.364705786393454190e+00 2.146947073150450285e-03
5.374599027513073501e+00 2.123014868722164408e-03
5.384510513103830220e+00 2.099599738047735510e-03
5.394440276810978929e+00 2.076699321376768506e-03
5.404388352341843671e+00 2.054311178532033412e-03
5.414354773465885451e+00 2.032432801693202958e-03
5.424339574014858556e+00 2.011061627893475680e-03
5.434342787882907366e+00 1.990195051238318434e-03
5.444364449026664943e+00 1.969830434855729655e-03
5.454404591465406682e+00 1.949965122588338253e-03
5.464463249281123147e+00 1.930596450438576764e-03
5.474540456618672835e+00 1.911721757778351042e-03
5.484636247685880761e+00 1.893338398335843095e-03
5.494750656753640605e+00 1.875443750972258196e-03
5.504883718156067474e+00 1.858035230262109145e-03
5.515035466290571620e+00 1.841110296891430680e-03
5.525205935618013875e+00 1.824666467888484212e-03
5.535395160662804237e+00 1.808701326702523557e-03
5.545603176013004898e+00 1.793212533146529720e-03
5.555830016320483900e+00 1.778197833220375749e-03
5.566075716300990628e+00 1.763655068831779292e-03
5.576340310734312133e+00 1.749582187432507409e-03
5.586623834464374383e+00 1.735977251588398645e-03
5.596926322399341736e+00 1.722838448502060768e-03
5.607247809511778591e+00 1.710164099507747873e-03
5.617588330838717781e+00 1.697952669558898311e-03
5.627947921481825766e+00 1.686202776728997670e-03
5.638326616607498565e+00 1.674913201747636055e-03
5.648724451446968331e+00 1.664082897594056695e-03
5.659141461296460562e+00 1.653710999171346648e-03
5.669577681517267820e+00 1.643796833085457059e-03
5.680033147535912263e+00 1.634339927553727896e-03
5.690507894844247794e+00 1.625340022468987683e-03
5.701001958999560415e+00 1.616797079645939912e-03
5.711515375624728996e+00 1.608711293277754811e-03
5.722048180408322970e+00 1.601083100631948411e-03
5.732600409104710693e+00 1.593913193015814456e-03
5.743172097534219311e+00 1.587202527042872900e-03
5.753763281583209377e+00 1.580952336233448037e-03
5.764373997204240041e+00 1.575164142983622763e-03
5.775004280416169422e+00 1.569839770938814263e-03
5.785654167304262963e+00 1.564981357809571696e-03
5.796323694020355966e+00 1.560591368669306516e-03
5.807012896782928202e+00 1.556672609775541956e-03
5.817721811877270000e+00 1.553228242958342928e-03
5.828450475655587049e+00 1.550261800622052205e-03
5.839198924537102542e+00 1.547777201408739043e-03
5.849967195008228593e+00 1.545778766574504434e-03
5.860755323622638180e+00 1.544271237132673578e-03
5.871563347001432120e+00 1.543259791820861000e-03
5.882391301833245656e+00 1.542750065952299028e-03
5.893239224874355031e+00 1.542748171215282006e-03
5.904107152948842696e+00 1.543260716488471058e-03
5.914995122948677242e+00 1.544294829743819968e-03
5.925903171833879490e+00 1.545858181113401401e-03
5.936831336632627298e+00 1.547959007201073081e-03
5.947779654441366581e+00 1.550606136725108828e-03
5.958748162424978290e+00 1.553809017583417107e-03
5.969736897816857457e+00 1.557577745438871314e-03
5.980745897919078402e+00 1.561923093928708995e-03
5.991775200102507526e+00 1.566856546608843843e-03
6.002824841806907230e+00 1.572390330751284116e-03
6.013894860541111775e+00 1.578537453120982224e-03
6.024985293883099224e+00 1.585311737866891557e-03
6.036096179480167301e+00 1.592727866671440071e-03
6.047227555049039083e+00 1.600801421312572073e-03
6.058379458375974025e+00 1.609548928803308928e-03
6.069551927316939377e+00 1.618987909285553653e-03
6.080744999797688344e+00 1.629135524667979940e-03
6.091958713813935056e+00 1.639990424882565353e-03
6.103193107431460263e+00 1.651537404927273366e-03
6.114448218786226796e+00 1.663761024820798774e-03
6.125724086084549214e+00 1.676645838515569524e-03
6.137020747603173731e+00 1.690176301929739505e-03
6.148338241689454975e+00 1.704336682832374066e-03
6.159676606761463447e+00 1.719110972453290025e-03
6.171035881308099214e+00 1.734482798725063600e-03
6.182416103889267767e+00 1.750435341099629933e-03
6.193817313135956404e+00 1.766951246916061927e-03
6.205239547750414530e+00 1.784012549330191112e-03
6.216682846506262905e+00 1.801600586849832607e-03
6.228147248248605550e+00 1.819695924552467217e-03
6.239632791894210939e+00 1.838278277095058751e-03
6.251139516431586607e+00 1.857326433657380694e-03
6.262667460921160334e+00 1.876818184992841074e-03
6.274216664495392948e+00 1.896730252791583356e-03
6.285787166358892009e+00 1.917038221591947731e-03
6.297379005788587669e+00 1.937716473506791853e-03
6.308992222133817940e+00 1.958738126060234098e-03
6.320626854816504547e+00 1.980074973459866605e-03
6.332282943331270175e+00 2.001697431656326333e-03
6.343960527245549486e+00 2.023574487568976284e-03
6.355659646199764978e+00 2.045673652881212223e-03
6.367380339907443343e+00 2.067960922831701444e-03
6.379122648155325592e+00 2.090400740449173400e-03
6.390886610803552692e+00 2.112955966697178164e-03
6.402672267785747273e+00 2.135587857010786111e-03
6.414479659109193044e+00 2.158256044720946454e-03
6.426308824854955581e+00 2.180918531871448365e-03
6.438159805177991579e+00 2.203531687939650451e-03
6.450032640307338916e+00 2.226050256974473202e-03
6.461927370546193927e+00 2.248427373662134111e-03
6.473844036272099700e+00 2.270614588823684481e-03
6.485782677937058871e+00 2.292561904835368342e-03
6.497743336067655306e+00 2.314217821445570776e-03
6.509726051265233515e+00 2.335529392438353766e-03
6.521730864205987466e+00 2.356442293563526611e-03
6.533757815641143551e+00 2.376900902117591932e-03
6.545806946397077830e+00 2.396848388516506327e-03
6.557878297375435928e+00 2.416226820151915183e-03
6.569971909553319556e+00 2.434977277765786128e-03
6.582087823983370001e+00 2.453039984514336982e-03
6.594226081793954641e+00 2.470354447821711697e-03
6.606386724189287740e+00 2.486859614045487318e-03
6.618569792449550349e+00 2.502494035891533308e-03
6.630775327931075935e+00 2.517196052424112550e-03
6.643003372066436540e+00 2.530903981419014345e-03
6.655253966364634621e+00 2.543556323703805716e-03
6.667527152411216740e+00 2.555091979019691057e-03
6.679822971868402348e+00 2.565450472825453205e-03
6.692141466475267642e+00 2.574572193345521249e-03
6.704482678047831712e+00 2.582398638042753686e-03
6.716846648479252835e+00 2.588872668572819811e-03
6.729233419739941269e+00 2.593938773151979998e-03
6.741643033877689817e+00 2.597543335145207494e-03
6.754075533017857680e+00 2.599634906558024369e-03
6.766530959363463715e+00 2.600164484994197875e-03
6.779009355195372954e+00 2.599085792524997128e-03
6.791510762872424500e+00 2.596355554804226275e-03
6.804035224831550543e+00 2.591933778659639628e-03
6.816582783587970873e+00 2.585784026296285721e-03
6.829153481735280806e+00 2.577873684163170184e-03
6.841747361945646588e+00 2.568174224462307573e-03
6.854364466969926184e+00 2.556661457221407873e-03
6.867004839637795399e+00 2.543315770808551521e-03
6.879668522857940616e+00 2.528122358741654706e-03
6.892355559618151162e+00 2.511071430638662887e-03
6.905065992985512935e+00 2.492158405166677946e-03
6.917799866106530970e+00 2.471384082882387232e-03
6.930557222207260004e+00 2.448754796911357251e-03
6.943338104593496318e+00 2.424282539492179922e-03
6.956142556650869224e+00 2.397985062513280190e-03
6.968970621845038238e+00 2.369885950294700096e-03
6.981822343721820978e+00 2.340014663016451706e-03
6.994697765907316622e+00 2.308406549366384675e-03
7.007596932108105747e+00 2.275102827174871768e-03
7.020519886111340924e+00 2.240150531020124788e-03
7.033466671784944779e+00 2.203602426023563033e-03
7.046437333077741449e+00 2.165516887310487380e-03
7.059431914019577370e+00 2.125957744882440385e-03
7.072450458721520228e+00 2.084994093933867365e-03
7.085493011375982420e+00 2.042700070944051139e-03
7.098559616256852500e+00 1.999154596181551124e-03
7.111650317719695025e+00 1.954441083570691937e-03
7.124765160201842917e+00 1.908647119185113896e-03
7.137904188222599977e+00 1.861864109945180314e-03
7.151067446383368775e+00 1.814186904405474523e-03
7.164254979367781218e+00 1.765713387816512762e-03
7.177466831941901049e+00 1.716544053930620138e-03
7.190703048954318000e+00 1.666781556291749636e-03
7.203963675336350292e+00 1.616530241995438365e-03
7.217248756102174312e+00 1.565895671130044207e-03
7.230558336348958726e+00 1.514984125304756407e-03
7.243892461257065207e+00 1.463902108833680998e-03
7.257251176090146139e+00 1.412755846275926853e-03
7.270634526195347114e+00 1.361650780122583993e-03
7.284042557003441054e+00 1.310691072476725472e-03
7.297475314028956994e+00 1.259979114584418823e-03
7.310932842870391468e+00 1.209615048045604426e-03
7.324415189210299104e+00 1.159696301463875555e-03
7.337922398815501346e+00 1.110317146178426773e-03
7.351454517537222344e+00 1.061568274568210329e-03
7.365011591311216854e+00 1.013536404221540782e-03
7.378593666157982511e+00 9.663039110301369170e-04
7.392200788182855753e+00 9.199484939977463230e-04
7.405833003576217877e+00 8.745428742485815855e-04
7.419490358613634484e+00 8.301545303900429145e-04
7.433172899655983379e+00 7.868454720255922165e-04
7.446880673149671281e+00 7.446720528348788753e-04
7.460613725626726200e+00 7.036848242451212597e-04
7.474372103705012371e+00 6.639284303107302349e-04
7.488155854088360819e+00 6.254415440093160196e-04
7.501965023566709689e+00 5.882568447501726992e-04
7.515799659016313861e+00 5.524010364868792719e-04
7.529659807399845306e+00 5.178949054315041579e-04
7.543545515766602705e+00 4.847534159889176140e-04
7.557456831252649998e+00 4.529858431736491606e-04
7.571393801080954944e+00 4.225959394395288290e-04
7.585356472561599617e+00 3.935821335510819910e-04
7.599344893091883435e+00 3.659377588583811254e-04
7.613359110156534548e+00 3.396513081050672343e-04
7.627399171327849281e+00 3.147067117086847624e-04
7.641465124265831577e+00 2.910836363015352024e-04
7.655557016718407048e+00 2.687584091708971061e-04
7.669674896521524232e+00 2.477106265041313952e-04
7.683818811599370413e+00 2.279186353911634801e-04
7.697988809964512846e+00 2.093544218624237392e-04
7.712184939718034649e+00 1.919844376781855747e-04
7.726407249049756842e+00 1.757704971777149922e-04
7.740655786238338720e+00 1.606706257612565782e-04
7.754930599651492784e+00 1.466398540253471350e-04
7.769231737746129518e+00 1.336309532102856665e-04
7.783559249068496833e+00 1.215951091210459975e-04
7.797913182254392339e+00 1.104825330373782375e-04
7.812293586029303682e+00 1.002430093276487699e-04
7.826700509208553314e+00 9.082638052034524179e-05
7.841134000697514317e+00 8.218297146910324784e-05
7.855594109491718768e+00 7.426395497609442227e-05
7.870080884677075339e+00 6.702166182145704730e-05
7.884594375430014956e+00 6.040983859396270740e-05
7.899134631017631136e+00 5.438385704037777791e-05
7.913701700797905580e+00 4.890087886111515238e-05
7.928295634219811205e+00 4.391997999046095034e-05
7.942916480823534187e+00 3.940223842369391439e-05
7.957564290240619620e+00 3.531078960424276805e-05
7.972239112194118071e+00 3.161085327354180657e-05
7.986940996498804957e+00 2.826973552655960423e-05
8.001669993061289787e+00 2.525680961791698919e-05
8.016426151880242656e+00 2.254347883677906630e-05
8.031209523046536347e+00 2.010312452261503197e-05
8.046020156743393770e+00 1.791104203582292748e-05
8.060858103246614448e+00 1.594436723420114969e-05
8.075723412924682876e+00 1.418199574389886822e-05
8.090616136238988787e+00 1.260449705642931578e-05
8.105536323743987026e+00 1.119402523556485838e-05
8.120484026087332552e+00 9.934227782226515125e-06
8.135459294010116693e+00 8.810153984119084249e-06
8.150462178346966624e+00 7.808163871365103354e-06
8.165492730026285173e+00 6.915838710607497905e-06
8.180551000070391154e+00 6.121893798543598158e-06
8.195637039595672135e+00 5.416094161504315801e-06
8.210750899812815362e+00 4.789173630279741189e-06
8.225892632026912565e+00 4.232757638284254318e-06
8.241062287637690886e+00 3.739289985521325823e-06
8.256259918139672749e+00 3.301963719766634803e-06
8.271485575122310863e+00 2.914656208808960282e-06
8.286739310270235137e+00 2.571868412406134163e-06
8.302021175363353933e+00 2.268668308675953681e-06
8.317331222277084990e+00 2.000638385783152440e-06
8.332669502982520626e+00 1.763827074936752278e-06
8.348036069546560967e+00 1.554703973763961704e-06
8.363430974132160856e+00 1.370118689089074989e-06
8.378854268998441768e+00 1.207263114072452544e-06
8.394306006500915629e+00 1.063636945663122979e-06
8.409786239091650017e+00 9.370162436153872626e-07
8.425295019319413825e+00 8.254248311732920788e-07
8.440832399829918842e+00 7.271083393013589310e-07
8.456398433365926337e+00 6.405107004637526637e-07
8.471993172767488645e+00 5.642529039148263764e-07
8.487616670972103705e+00 4.971138318385211755e-07
8.503268981014866057e+00 4.380130040731233293e-07
8.518950156028706644e+00 3.859950682693744154e-07
8.534660249244513608e+00 3.402158818822200714e-07
8.550399313991356109e+00 2.999300421618017753e-07
8.566167403696654858e+00 2.644797301092750553e-07
8.581964571886333104e+00 2.332847440451369682e-07
8.597790872185054667e+00 2.058336078864870198e-07
8.613646358316339402e+00 1.816756483559012864e-07
8.629531084102811889e+00 1.604139440782089922e-07
8.645445103466345316e+00 1.416990578189126169e-07
8.661388470428232011e+00 1.252234709438972197e-07
8.677361239109409041e+00 1.107166465200586794e-07
8.693363463730623408e+00 9.794065432245364301e-08
8.709395198612583044e+00 8.668629736789234095e-08
8.725456498176209053e+00 7.676968546763082374e-08
8.741547416942742288e+00 6.802920669772098302e-08
8.757668009533997378e+00 6.032285264280522647e-08
8.773818330672520815e+00 5.352585780086849001e-08
8.789998435181743730e+00 4.752861766510973404e-08
8.806208377986237679e+00 4.223485375046662867e-08
8.822448214111826559e+00 3.755999723160883364e-08
8.838717998685837074e+00 3.342976593139074198e-08
8.855017786937255053e+00 2.977891216952547176e-08
8.871347634196890652e+00 2.655012147406124077e-08
8.887707595897627044e+00 2.369304439692095589e-08
8.904097727574541210e+00 2.116344568117553691e-08
8.920518084865145525e+00 1.892245682270867769e-08
8.936968723509556511e+00 1.693591967224591939e-08
8.953449699350660040e+00 1.517381015339932085e-08
8.969961068334356469e+00 1.360973244544575268e-08
8.986502886509681431e+00 1.222047511158469970e-08
9.003075210029059861e+00 1.098562165862474679e-08
9.019678095148471186e+00 9.887208905703332448e-09
9.036311598227610986e+00 8.909427329489813827e-09
9.052975775730145003e+00 8.038358252347591314e-09
9.069670684223828161e+00 7.261743357922563877e-09
9.086396380380763915e+00 6.568782564395707222e-09
9.103152920977564122e+00 5.949956767307368578e-09
9.119940362895519570e+00 5.396872388493155987e-09
9.136758763120852223e+00 4.902125041803190185e-09
9.153608178744839563e+00 4.459179955657089746e-09
9.170488666964068614e+00 4.062267082241977608e-09
9.187400285080604689e+00 3.706289077953420402e-09
9.204343090502161928e+00 3.386740563547331635e-09
9.221317140742353757e+00 3.099637269092409055e-09
9.238322493420822568e+00 2.841453841417144943e-09
9.255359206263497285e+00 2.609069243179287599e-09
9.272427337102758571e+00 2.399718805522887762e-09
9.289526943877611131e+00 2.210952112737233489e-09
9.306658084633946615e+00 2.040595999406925285e-09
9.323820817524660853e+00 1.886722029979937583e-09
9.341015200809920316e+00 1.747617909022466288e-09
9.358241292857330862e+00 1.621762339051311181e-09
9.375499152142110049e+00 1.507802902914901966e-09
9.392788837247346478e+00 1.404536600302182460e-09
9.410110406864125920e+00 1.310892714013629932e-09
9.427463919791801317e+00 1.225917721941723789e-09
9.444849434938152655e+00 1.148762006002745572e-09
9.462267011319571708e+00 1.078668140154042894e-09
9.479716708061317831e+00 1.014960566678800806e-09
9.497198584397649412e+00 9.570364936033547893e-10
9.514712699672090324e+00 9.043578668507373864e-10
9.532259113337600454e+00 8.564442889041789118e-10
9.549837884956749789e+00 8.128667716748738468e-10
9.567449074201988424e+00 7.732422252277025521e-10
9.585092740855774451e+00 7.372285962663118715e-10
9.602768944810836871e+00 7.045205810303243443e-10
9.620477746070362102e+00 6.748458467098992690e-10
9.638219204748152080e+00 6.479600030271190511e-10
9.655993381068904924e+00 6.236267960210538998e-10
9.673800335368376579e+00 6.016253293875244551e-10
9.691640128093560236e+00 5.817600870380168279e-10
9.709512819802963435e+00 5.638581810209471683e-10
9.727418471166730640e+00 5.477667833417511402e-10
9.745357142966922126e+00 5.333509001913145726e-10
9.763328896097682730e+00 5.204914421748231969e-10
9.781333791565431923e+00 5.090835510519196481e-10
9.799371890489128489e+00 4.990351493571113713e-10
9.817443254100403749e+00 4.902656842399906029e-10
9.835547943743838673e+00 4.827050410913548154e-10
9.853686020877143292e+00 4.762926061249871805e-10
9.871857547071332561e+00 4.709764601648838860e-10
9.890062584011003466e+00 4.667126885285341196e-10
9.908301193494475356e+00 4.634647941688483812e-10
9.926573437434054625e+00 4.612032031989960178e-10
9.944879377856226554e+00 4.599048536264023321e-10
9.963219076901829396e+00 4.595528596058771847e-10
9.981592596826340369e+00 4.601362448234830152e-10
1.000000000000000000e+01 4.616497397726983499e-10
