1.000000000000000000e+00 6.987313727254613127e+01
1.001382782584698150e+00 6.965146823505452289e+01
1.002767477257072715e+00 6.943047329459037087e+01
1.004154086661125600e+00 6.921015050462138163e+01
1.005542613444514011e+00 6.899049792387940272e+01
1.006933060258556889e+00 6.877151361634676618e+01
1.008325429758239133e+00 6.855319565124435144e+01
1.009719724602217150e+00 6.833554210301761600e+01
1.011115947452823294e+00 6.811855105233028951e+01
1.012514100976071640e+00 6.790222059332103299e+01
1.013914187841662651e+00 6.768654882927279459e+01
1.015316210722988277e+00 6.747153386850163770e+01
1.016720172297137736e+00 6.725717382431588476e+01
1.018126075244901507e+00 6.704346681500543070e+01
1.019533922250777325e+00 6.683041096382902424e+01
1.020943716002974622e+00 6.661800439900402182e+01
1.022355459193420524e+00 6.640624525369403841e+01
1.023769154517764068e+00 6.619513166599776355e+01
1.025184804675382422e+00 6.598466177893763529e+01
1.026602412369384654e+00 6.577483374044841469e+01
1.028021980306618177e+00 6.556564570336576026e+01
1.029443511197672967e+00 6.535709582541464613e+01
1.030867007756887777e+00 6.514918226919854760e+01
1.032292472702353692e+00 6.494190320218746137e+01
1.033719908755921457e+00 6.473525679670704847e+01
1.035149318643205030e+00 6.452924122992725131e+01
1.036580705093586907e+00 6.432385468385126615e+01
1.038014070840224345e+00 6.411909534530335009e+01
1.039449418620053800e+00 6.391496140591895880e+01
1.040886751173796254e+00 6.371145106213252518e+01
1.042326071245962327e+00 6.350856251516680118e+01
1.043767381584858045e+00 6.330629397102129730e+01
1.045210684942589507e+00 6.310464364046164576e+01
1.046655984075068657e+00 6.290360973900780550e+01
1.048103281742017723e+00 6.270319048692372377e+01
1.049552580706975435e+00 6.250338410920578269e+01
1.051003883737302136e+00 6.230418883557160115e+01
1.052457193604183994e+00 6.210560290044973897e+01
1.053912513082640334e+00 6.190762454296743300e+01
1.055369844951526304e+00 6.171025200694099055e+01
1.056829191993540862e+00 6.151348354086378833e+01
1.058290556995230114e+00 6.131731739789579905e+01
1.059753942746993527e+00 6.112175183585260640e+01
1.061219352043089259e+00 6.092678511719405776e+01
1.062686787681639045e+00 6.073241550901407493e+01
1.064156252464633967e+00 6.053864128302934944e+01
1.065627749197939789e+00 6.034546071556839308e+01
1.067101280691301834e+00 6.015287208756092951e+01
1.068576849758350766e+00 5.996087368452720057e+01
1.070054459216608134e+00 5.976946379656654784e+01
1.071534111887491481e+00 5.957864071834733011e+01
1.073015810596319453e+00 5.938840274909590988e+01
1.074499558172317792e+00 5.919874819258570398e+01
1.075985357448624224e+00 5.900967535712678114e+01
1.077473211262294450e+00 5.882118255555500497e+01
1.078963122454306589e+00 5.863326810522146815e+01
1.080455093869568062e+00 5.844593032798139376e+01
1.081949128356919143e+00 5.825916755018450033e+01
1.083445228769140511e+00 5.807297810266302918e+01
1.084943397962956579e+00 5.788736032072231552e+01
1.086443638799043043e+00 5.770231254412946242e+01
1.087945954142030436e+00 5.751783311710326529e+01
1.089450346860510788e+00 5.733392038830339743e+01
1.090956819827042956e+00 5.715057271081996504e+01
1.092465375918157289e+00 5.696778844216282778e+01
1.093976018014362728e+00 5.678556594425157300e+01
1.095488749000150364e+00 5.660390358340458761e+01
1.097003571764000540e+00 5.642279973032889018e+01
1.098520489198387295e+00 5.624225276010957231e+01
1.100039504199785023e+00 5.606226105219941047e+01
1.101560619668672247e+00 5.588282299040871237e+01
1.103083838509539394e+00 5.570393696289455221e+01
1.104609163630892343e+00 5.552560136215053888e+01
1.106136597945259092e+00 5.534781458499691809e+01
1.107666144369195083e+00 5.517057503256979345e+01
1.109197805823288530e+00 5.499388111031090176e+01
1.110731585232166196e+00 5.481773122795758013e+01
1.112267485524499389e+00 5.464212379953231391e+01
1.113805509633008617e+00 5.446705724333248355e+01
1.115345660494470037e+00 5.429252998192048096e+01
1.116887941049720334e+00 5.411854044211310111e+01
1.118432354243663385e+00 5.394508705497163703e+01
1.119978903025274475e+00 5.377216825579157700e+01
1.121527590347606962e+00 5.359978248409285584e+01
1.123078419167798270e+00 5.342792818360897655e+01
1.124631392447073663e+00 5.325660380227791535e+01
1.126186513150754243e+00 5.308580779223107271e+01
1.127743784248261161e+00 5.291553860978410029e+01
1.129303208713121176e+00 5.274579471542610065e+01
1.130864789522973313e+00 5.257657457381026234e+01
1.132428529659573968e+00 5.240787665374335091e+01
1.133994432108802464e+00 5.223969942817613088e+01
1.135562499860667263e+00 5.207204137419302015e+01
1.137132735909310854e+00 5.190490097300269667e+01
1.138705143253016416e+00 5.173827670992758954e+01
1.140279724894212698e+00 5.157216707439444292e+01
1.141856483839480907e+00 5.140657055992402036e+01
1.143435423099558701e+00 5.124148566412175398e+01
1.145016545689347742e+00 5.107691088866739904e+01
1.146599854627918136e+00 5.091284473930564758e+01
1.148185352938515091e+00 5.074928572583602460e+01
1.149773043648563808e+00 5.058623236210323881e+01
1.151362929789676359e+00 5.042368316598722799e+01
1.152955014397656575e+00 5.026163665939385794e+01
1.154549300512506038e+00 5.010009136824465514e+01
1.156145791178430082e+00 4.993904582246767632e+01
1.157744489443843783e+00 4.977849855598709183e+01
1.159345398361376844e+00 4.961844810671432526e+01
1.160948520987880928e+00 4.945889301653781445e+01
1.162553860384434090e+00 4.929983183131366076e+01
1.164161419616347226e+00 4.914126310085581650e+01
1.165771201753170061e+00 4.898318537892686209e+01
1.167383209868696925e+00 4.882559722322788076e+01
1.168997447040972304e+00 4.866849719538942054e+01
1.170613916352297279e+00 4.851188386096166028e+01
1.172232620889234411e+00 4.835575578940511576e+01
1.173853563742615069e+00 4.820011155408094794e+01
1.175476748007544092e+00 4.804494973224141319e+01
1.177102176783406673e+00 4.789026890502065470e+01
1.178729853173873021e+00 4.773606765742518832e+01
1.180359780286905469e+00 4.758234457832433151e+01
1.181991961234764466e+00 4.742909826044090948e+01
1.183626399134013019e+00 4.727632730034198971e+01
1.185263097105524466e+00 4.712403029842927538e+01
1.186902058274487359e+00 4.697220585892982569e+01
1.188543285770411684e+00 4.682085258988687571e+01
1.190186782727134851e+00 4.666996910315035763e+01
1.191832552282827695e+00 4.651955401436781301e+01
1.193480597580000913e+00 4.636960594297463700e+01
1.195130921765509502e+00 4.622012351218553761e+01
1.196783527990561202e+00 4.607110534898466625e+01
1.198438419410720046e+00 4.592255008411682127e+01
1.200095599185914352e+00 4.577445635207794794e+01
1.201755070480441390e+00 4.562682279110624251e+01
1.203416836462974482e+00 4.547964804317265219e+01
1.205080900306567893e+00 4.533293075397201477e+01
1.206747265188664153e+00 4.518666957291380726e+01
1.208415934291099170e+00 4.504086315311312916e+01
1.210086910800108662e+00 4.489551015138145118e+01
1.211760197906334158e+00 4.475060922821773346e+01
1.213435798804829435e+00 4.460615904779914587e+01
1.215113716695065849e+00 4.446215827797226439e+01
1.216793954780939657e+00 4.431860559024387669e+01
1.218476516270776688e+00 4.417549965977220694e+01
1.220161404377339665e+00 4.403283916526425656e+01
1.221848622317833311e+00 4.389062278713316090e+01
1.223538173313911903e+00 4.374884920763036433e+01
1.225230060591683712e+00 4.360751711260165564e+01
1.226924287381718548e+00 4.346662519154939019e+01
1.228620856919053095e+00 4.332617213762286923e+01
1.230319772443197568e+00 4.318615664760948647e+01
1.232021037198141933e+00 4.304657742192505054e+01
1.233724654432361012e+00 4.290743316460503820e+01
1.235430627398822923e+00 4.276872258329483856e+01
1.237138959354992629e+00 4.263044438924116974e+01
1.238849653562840381e+00 4.249259729728257184e+01
1.240562713288846375e+00 4.235518002584027641e+01
1.242278141804007863e+00 4.221819129690912575e+01
1.243995942383845588e+00 4.208162983604862717e+01
1.245716118308409115e+00 4.194549437237353118e+01
1.247438672862283715e+00 4.180978363854530500e+01
1.249163609334596803e+00 4.167449637076241942e+01
1.250890931019023267e+00 4.153963130875202836e+01
1.252620641213793240e+00 4.140518719576039786e+01
1.254352743221696986e+00 4.127116277854422322e+01
1.256087240350092227e+00 4.113755680736171882e+01
1.257824135910909913e+00 4.100436803596343793e+01
1.259563433220660444e+00 4.087159522158353298e+01
1.261305135600440552e+00 4.073923712493085958e+01
1.263049246375939072e+00 4.060729251018002373e+01
1.264795768877443827e+00 4.047576014496252128e+01
1.266544706439847401e+00 4.034463880035799832e+01
1.268296062402654023e+00 4.021392725088532671e+01
1.270049840109985562e+00 4.008362427449372944e+01
1.271806042910588408e+00 3.995372865255437489e+01
1.273564674157839027e+00 3.982423916985108292e+01
1.275325737209751287e+00 3.969515461457208261e+01
1.277089235428982006e+00 3.956647377830079648e+01
1.278855172182838729e+00 3.943819545600758403e+01
1.280623550843284164e+00 3.931031844604095227e+01
1.282394374786944624e+00 3.918284155011856029e+01
1.284167647395114908e+00 3.905576357331903381e+01
1.285943372053765632e+00 3.892908332407308336e+01
1.287721552153549442e+00 3.880279961415486412e+01
1.289502191089807903e+00 3.867691125867360569e+01
1.291285292262576823e+00 3.855141707606487955e+01
1.293070859076594470e+00 3.842631588808202281e+01
1.294858894941306238e+00 3.830160651978765429e+01
1.296649403270872414e+00 3.817728779954533280e+01
1.298442387484174620e+00 3.805335855901066111e+01
1.300237851004821588e+00 3.792981763312339893e+01
1.302035797261156258e+00 3.780666386009839641e+01
1.303836229686262671e+00 3.768389608141760760e+01
1.305639151717971291e+00 3.756151314182131529e+01
1.307444566798866781e+00 3.743951388930018709e+01
1.309252478376294659e+00 3.731789717508640791e+01
1.311062889902366191e+00 3.719666185364572186e+01
1.312875804833967042e+00 3.707580678266884888e+01
1.314691226632763055e+00 3.695533082306313588e+01
1.316509158765206244e+00 3.683523283894455602e+01
1.318329604702542346e+00 3.671551169762910405e+01
1.320152567920817033e+00 3.659616626962463926e+01
1.321978051900882356e+00 3.647719542862271425e+01
1.323806060128404072e+00 3.635859805149021895e+01
1.325636596093867414e+00 3.624037301826133017e+01
1.327469663292584645e+00 3.612251921212909167e+01
1.329305265224700605e+00 3.600503551943755554e+01
1.331143405395200929e+00 3.588792082967326280e+01
1.332984087313917154e+00 3.577117403545744878e+01
1.334827314495534489e+00 3.565479403253768709e+01
1.336673090459598257e+00 3.553877971977983918e+01
1.338521418730520329e+00 3.542312999916020999e+01
1.340372302837586460e+00 3.530784377575704980e+01
1.342225746314961832e+00 3.519291995774290882e+01
1.344081752701699717e+00 3.507835745637633096e+01
1.345940325541746141e+00 3.496415518599410888e+01
1.347801468383948098e+00 3.485031206400306303e+01
1.349665184782059990e+00 3.473682701087221858e+01
1.351531478294750066e+00 3.462369895012471943e+01
1.353400352485607305e+00 3.451092680833009751e+01
1.355271810923148745e+00 3.439850951509608024e+01
1.357145857180825477e+00 3.428644600306095214e+01
1.359022494837030415e+00 3.417473520788550445e+01
1.360901727475104073e+00 3.406337606824526176e+01
1.362783558683342111e+00 3.395236752582270867e+01
1.364667992055002443e+00 3.384170852529915408e+01
1.366555031188311009e+00 3.373139801434729890e+01
1.368444679686469767e+00 3.362143494362321405e+01
1.370336941157663135e+00 3.351181826675863817e+01
1.372231819215064430e+00 3.340254694035319716e+01
1.374129317476843637e+00 3.329361992396682268e+01
1.376029439566173629e+00 3.318503618011168754e+01
1.377932189111237715e+00 3.307679467424487285e+01
1.379837569745235637e+00 3.296889437476042417e+01
1.381745585106391561e+00 3.286133425298181265e+01
1.383656238837960073e+00 3.275411328315429671e+01
1.385569534588234175e+00 3.264723044243720551e+01
1.387485476010551055e+00 3.254068471089640724e+01
1.389404066763300083e+00 3.243447507149667075e+01
1.391325310509929025e+00 3.232860051009399882e+01
1.393249210918952041e+00 3.222306001542824561e+01
1.395175771663955011e+00 3.211785257911554936e+01
1.397104996423604639e+00 3.201297719564060884e+01
1.399036888881654006e+00 3.190843286234934340e+01
1.400971452726949895e+00 3.180421857944139319e+01
1.402908691653439899e+00 3.170033334996260521e+01
1.404848609360179745e+00 3.159677617979754771e+01
1.406791209551340405e+00 3.149354607766215963e+01
1.408736495936214528e+00 3.139064205509622241e+01
1.410684472229223774e+00 3.128806312645602716e+01
1.412635142149926359e+00 3.118580830890695665e+01
1.414588509423023721e+00 3.108387662241616312e+01
1.416544577778368064e+00 3.098226708974506849e+01
1.418503350950968578e+00 3.088097873644223768e+01
1.420464832680999434e+00 3.078001059083587165e+01
1.422429026713806888e+00 3.067936168402654573e+01
1.424395936799915940e+00 3.057903104988008636e+01
1.426365566695037446e+00 3.047901772502006779e+01
1.428337920160076546e+00 3.037932074882061784e+01
1.430313000961137782e+00 3.027993916339937286e+01
1.432290812869534191e+00 3.018087201360996019e+01
1.434271359661793310e+00 3.008211834703497800e+01
1.436254645119664941e+00 2.998367721397882235e+01
1.438240673030128036e+00 2.988554766746049296e+01
1.440229447185398692e+00 2.978772876320623553e+01
1.442220971382936145e+00 2.969021955964283777e+01
1.444215249425450764e+00 2.959301911789007988e+01
1.446212285120911600e+00 2.949612650175383877e+01
1.448212082282553492e+00 2.939954077771898966e+01
1.450214644728883062e+00 2.930326101494234692e+01
1.452219976283688485e+00 2.920728628524550174e+01
1.454228080776044152e+00 2.911161566310799031e+01
1.456238962040320217e+00 2.901624822566003203e+01
1.458252623916188595e+00 2.892118305267566569e+01
1.460269070248630063e+00 2.882641922656573641e+01
1.462288304887943147e+00 2.873195583237098205e+01
1.464310331689750111e+00 2.863779195775490294e+01
1.466335154515004069e+00 2.854392669299711471e+01
1.468362777229998084e+00 2.845035913098606173e+01
1.470393203706370722e+00 2.835708836721236281e+01
1.472426437821114265e+00 2.826411349976195453e+01
1.474462483456582484e+00 2.817143362930901418e+01
1.476501344500497082e+00 2.807904785910915990e+01
1.478543024845955678e+00 2.798695529499282486e+01
1.480587528391439589e+00 2.789515504535809498e+01
1.482634859040820485e+00 2.780364622116418971e+01
1.484685020703368385e+00 2.771242793592446318e+01
1.486738017293759206e+00 2.762149930569968603e+01
1.488793852732081646e+00 2.753085944909142668e+01
1.490852530943845178e+00 2.744050748723509514e+01
1.492914055859987377e+00 2.735044254379330297e+01
1.494978431416881692e+00 2.726066374494912381e+01
1.497045661556344109e+00 2.717117021939949950e+01
1.499115750225642252e+00 2.708196109834837628e+01
1.501188701377500934e+00 2.699303551550027080e+01
1.503264518970111263e+00 2.690439260705332813e+01
1.505343206967137748e+00 2.681603151169297661e+01
1.507424769337725401e+00 2.672795137058503911e+01
1.509509210056508399e+00 2.664015132736944835e+01
1.511596533103615858e+00 2.655263052815326574e+01
1.513686742464681600e+00 2.646538812150447484e+01
1.515779842130850152e+00 2.637842325844520985e+01
1.517875836098785181e+00 2.629173509244525420e+01
1.519974728370676820e+00 2.620532277941556742e+01
1.522076522954248778e+00 2.611918547770167365e+01
1.524181223862767887e+00 2.603332234807733414e+01
1.526288835115049203e+00 2.594773255373776522e+01
1.528399360735465562e+00 2.586241526028326021e+01
1.530512804753954237e+00 2.577736963569782347e+01
1.532629171206025376e+00 2.569259485036469215e+01
1.534748464132769552e+00 2.560809007706334839e+01
1.536870687580864425e+00 2.552385449096341219e+01
1.538995845602584289e+00 2.543988726961801561e+01
1.541123942255806289e+00 2.535618759295744340e+01
1.543254981604018861e+00 2.527275464328297261e+01
1.545388967716329720e+00 2.518958760526025742e+01
1.547525904667472307e+00 2.510668566591322559e+01
1.549665796537815776e+00 2.502404801461763029e+01
1.551808647413370545e+00 2.494167384309473690e+01
1.553954461385797625e+00 2.485956234540518395e+01
1.556103242552415944e+00 2.477771271794244967e+01
1.558254995016209676e+00 2.469612415942696160e+01
1.560409722885836903e+00 2.461479587089940324e+01
1.562567430275637159e+00 2.453372705571495516e+01
1.564728121305638764e+00 2.445291691953681124e+01
1.566891800101567478e+00 2.437236467032990461e+01
1.569058470794854276e+00 2.429206951835498529e+01
1.571228137522642454e+00 2.421203067616222171e+01
1.573400804427796507e+00 2.413224735858526770e+01
1.575576475658909237e+00 2.405271878273493158e+01
1.577755155370310414e+00 2.397344416799305122e+01
1.579936847722074100e+00 2.389442273600664279e+01
1.582121556880027091e+00 2.381565371068143122e+01
1.584309287015756240e+00 2.373713631817614100e+01
1.586500042306617120e+00 2.365886978689613329e+01
1.588693826935741571e+00 2.358085334748744444e+01
1.590890645092045697e+00 2.350308623283095955e+01
1.593090500970238077e+00 2.342556767803607798e+01
1.595293398770827764e+00 2.334829692043490468e+01
1.597499342700132052e+00 2.327127319957613238e+01
1.599708336970284472e+00 2.319449575721922585e+01
1.601920385799243229e+00 2.311796383732831117e+01
1.604135493410799418e+00 2.304167668606625696e+01
1.606353664034583906e+00 2.296563355178881949e+01
1.608574901906077104e+00 2.288983368503870963e+01
1.610799211266615183e+00 2.281427633853949999e+01
1.613026596363400067e+00 2.273896076718997250e+01
1.615257061449506315e+00 2.266388622805823516e+01
1.617490610783889338e+00 2.258905198037557227e+01
1.619727248631394056e+00 2.251445728553097680e+01
1.621966979262762454e+00 2.244010140706505041e+01
1.624209806954642454e+00 2.236598361066426577e+01
1.626455735989595253e+00 2.229210316415522186e+01
1.628704770656104195e+00 2.221845933749869673e+01
1.630956915248582106e+00 2.214505140278409456e+01
1.633212174067380840e+00 2.207187863422343810e+01
1.635470551418798157e+00 2.199894030814580503e+01
1.637732051615086615e+00 2.192623570299148739e+01
1.639996678974461997e+00 2.185376409930630714e+01
1.642264437821110645e+00 2.178152477973590351e+01
1.644535332485198564e+00 2.170951702902005920e+01
1.646809367302879856e+00 2.163774013398697349e+01
1.649086546616304050e+00 2.156619338354761695e+01
1.651366874773624982e+00 2.149487606869012524e+01
1.653650356129009458e+00 2.142378748247406151e+01
1.655936995042644355e+00 2.135292692002489900e+01
1.658226795880746618e+00 2.128229367852832254e+01
1.660519763015570360e+00 2.121188705722467915e+01
1.662815900825415305e+00 2.114170635740335769e+01
1.665115213694635887e+00 2.107175088239727145e+01
1.667417706013648582e+00 2.100201993757725205e+01
1.669723382178941673e+00 2.093251283034652843e+01
1.672032246593081917e+00 2.086322887013516336e+01
1.674344303664724531e+00 2.079416736839462843e+01
1.676659557808620526e+00 2.072532763859218718e+01
1.678978013445626027e+00 2.065670899620547729e+01
1.681299675002709604e+00 2.058831075871696470e+01
1.683624546912962039e+00 2.052013224560858617e+01
1.685952633615603435e+00 2.045217277835623548e+01
1.688283939555992985e+00 2.038443168042430642e+01
1.690618469185636741e+00 2.031690827726032822e+01
1.692956226962195609e+00 2.024960189628949081e+01
1.695297217349495122e+00 2.018251186690930155e+01
1.697641444817533207e+00 2.011563752048420639e+01
1.699988913842488625e+00 2.004897819034014717e+01
1.702339628906729851e+00 1.998253321175932484e+01
1.704693594498823517e+00 1.991630192197471061e+01
1.707050815113542841e+00 1.985028366016484114e+01
1.709411295251876739e+00 1.978447776744842201e+01
1.711775039421037370e+00 1.971888358687908749e+01
1.714142052134469685e+00 1.965350046344005364e+01
1.716512337911859865e+00 1.958832774403888521e+01
1.718885901279143757e+00 1.952336477750217014e+01
1.721262746768515761e+00 1.945861091457030057e+01
1.723642878918437038e+00 1.939406550789229655e+01
1.726026302273644175e+00 1.932972791202043794e+01
1.728413021385159176e+00 1.926559748340525857e+01
1.730803040810295901e+00 1.920167358039007866e+01
1.733196365112671167e+00 1.913795556320605940e+01
1.735592998862210967e+00 1.907444279396685971e+01
1.737992946635161573e+00 1.901113463666362691e+01
1.740396213014096860e+00 1.894803045715968537e+01
1.742802802587927413e+00 1.888512962318552013e+01
1.745212719951908964e+00 1.882243150433358636e+01
1.747625969707651938e+00 1.875993547205322898e+01
1.750042556463129895e+00 1.869764089964562359e+01
1.752462484832687739e+00 1.863554716225857177e+01
1.754885759437051052e+00 1.857365363688156634e+01
1.757312384903335412e+00 1.851195970234058663e+01
1.759742365865054170e+00 1.845046473929321351e+01
1.762175706962127775e+00 1.838916813022350283e+01
1.764612412840893096e+00 1.832806925943688725e+01
1.767052488154111645e+00 1.826716751305530551e+01
1.769495937560978671e+00 1.820646227901216463e+01
1.771942765727132052e+00 1.814595294704729866e+01
1.774392977324661169e+00 1.808563890870205881e+01
1.776846577032116459e+00 1.802551955731428990e+01
1.779303569534516960e+00 1.796559428801343472e+01
1.781763959523360308e+00 1.790586249771560290e+01
1.784227751696632280e+00 1.784632358511856509e+01
1.786694950758813238e+00 1.778697695069700302e+01
1.789165561420890782e+00 1.772782199669735803e+01
1.791639588400365080e+00 1.766885812713322679e+01
1.794117036421260858e+00 1.761008474778028798e+01
1.796597910214134508e+00 1.755150126617152750e+01
1.799082214516083411e+00 1.749310709159233568e+01
1.801569954070756374e+00 1.743490163507569335e+01
1.804061133628360958e+00 1.737688430939739703e+01
1.806555757945673024e+00 1.731905452907112419e+01
1.809053831786046507e+00 1.726141171034375077e+01
1.811555359919421626e+00 1.720395527119050527e+01
1.814060347122334438e+00 1.714668463131015841e+01
1.816568798177926825e+00 1.708959921212034061e+01
1.819080717875953157e+00 1.703269843675269257e+01
1.821596111012792063e+00 1.697598173004823252e+01
1.824114982391454642e+00 1.691944851855246768e+01
1.826637336821592239e+00 1.686309823051088941e+01
1.829163179119508653e+00 1.680693029586401366e+01
1.831692514108166137e+00 1.675094414624293648e+01
1.834225346617196717e+00 1.669513921496445263e+01
1.836761681482911079e+00 1.663951493702647966e+01
1.839301523548306339e+00 1.658407074910341095e+01
1.841844877663077584e+00 1.652880608954140484e+01
1.844391748683625654e+00 1.647372039835379098e+01
1.846942141473066235e+00 1.641881311721640913e+01
1.849496060901240302e+00 1.636408368946305458e+01
1.852053511844722333e+00 1.630953156008081706e+01
1.854614499186830079e+00 1.625515617570553317e+01
1.857179027817634331e+00 1.620095698461717149e+01
1.859747102633967142e+00 1.614693343673527792e+01
1.862318728539432255e+00 1.609308498361444606e+01
1.864893910444413549e+00 1.603941107843973413e+01
1.867472653266085691e+00 1.598591117602215483e+01
1.870054961928422133e+00 1.593258473279413501e+01
1.872640841362204878e+00 1.587943120680503206e+01
1.875230296505034921e+00 1.582645005771661495e+01
1.877823332301340464e+00 1.577364074679860018e+01
1.880419953702386460e+00 1.572100273692411854e+01
1.883020165666285273e+00 1.566853549256531331e+01
1.885623973158003785e+00 1.561623847978890289e+01
1.888231381149375832e+00 1.556411116625162094e+01
1.890842394619109967e+00 1.551215302119591577e+01
1.893457018552797910e+00 1.546036351544547216e+01
1.896075257942927195e+00 1.540874212140080779e+01
1.898697117788887834e+00 1.535728831303486430e+01
1.901322603096982755e+00 1.530600156588865168e+01
1.903951718880438237e+00 1.525488135706683934e+01
1.906584470159412126e+00 1.520392716523343246e+01
1.909220861961004267e+00 1.515313847060735952e+01
1.911860899319266505e+00 1.510251475495820372e+01
1.914504587275210223e+00 1.505205550160180472e+01
1.917151930876819010e+00 1.500176019539599359e+01
1.919802935179055980e+00 1.495162832273622300e+01
1.922457605243873768e+00 1.490165937152269926e+01
1.925115946140225631e+00 1.485185283084349273e+01
1.927777962944072998e+00 1.480220819109195318e+01
1.930443660738396794e+00 1.475272494418594782e+01
1.933113044613206766e+00 1.470340258356749530e+01
1.935786119665550586e+00 1.465424060419848828e+01
1.938462890999524513e+00 1.460523850255641065e+01
1.941143363726282267e+00 1.455639577662994988e+01
1.943827542964045252e+00 1.450771192591489367e+01
1.946515433838112541e+00 1.445918645140972281e+01
1.949207041480869984e+00 1.441081885561141895e+01
1.951902371031800421e+00 1.436260864251121028e+01
1.954601427637494337e+00 1.431455531759034017e+01
1.957304216451657419e+00 1.426665838781588569e+01
1.960010742635123204e+00 1.421891736163646769e+01
1.962721011355860190e+00 1.417133174897814030e+01
1.965435027788984046e+00 1.412390106124015965e+01
1.968152797116766495e+00 1.407662481129079524e+01
1.970874324528644417e+00 1.402950251346322119e+01
1.973599615221231174e+00 1.398253368355129744e+01
1.976328674398326157e+00 1.393571783880547699e+01
1.979061507270923670e+00 1.388905449792864566e+01
1.981798119057224472e+00 1.384254318107201165e+01
1.984538514982643997e+00 1.379618340983099856e+01
1.987282700279824565e+00 1.374997470724114201e+01
1.990030680188643597e+00 1.370391659777398807e+01
1.992782459956223384e+00 1.365800860733305200e+01
1.995538044836942637e+00 1.361225026324972021e+01
1.998297440092445809e+00 1.356664109427917708e+01
2.001060650991652423e+00 1.352118063059639930e+01
2.003827682810768618e+00 1.347586840379209328e+01
2.006598540833294919e+00 1.343070394686873392e+01
2.009373230350040007e+00 1.338568679423639018e+01
2.012151756659126711e+00 1.334081648170894319e+01
2.014934125066004444e+00 1.329609254649988337e+01
2.017720340883459862e+00 1.325151452721849310e+01
2.020510409431624854e+00 1.320708196386575572e+01
2.023304336037988094e+00 1.316279439783047245e+01
2.026102126037405693e+00 1.311865137188524777e+01
2.028903784772109642e+00 1.307465243018262768e+01
2.031709317591720687e+00 1.303079711825106024e+01
2.034518729853255437e+00 1.298708498299108705e+01
2.037332026921138795e+00 1.294351557267136066e+01
2.040149214167213287e+00 1.290008843692476681e+01
2.042970296970748834e+00 1.285680312674455195e+01
2.045795280718455622e+00 1.281365919448039392e+01
2.048624170804490774e+00 1.277065619383459527e+01
2.051456972630470776e+00 1.272779367985819832e+01
2.054293691605481698e+00 1.268507120894710027e+01
2.057134333146088956e+00 1.264248833883828027e+01
2.059978902676347978e+00 1.260004462860591445e+01
2.062827405627814414e+00 1.255773963865760301e+01
2.065679847439554795e+00 1.251557293073052612e+01
2.068536233558155857e+00 1.247354406788767101e+01
2.071396569437737423e+00 1.243165261451400916e+01
2.074260860539959062e+00 1.238989813631278203e+01
2.077129112334034744e+00 1.234828020030164986e+01
2.080001330296739503e+00 1.230679837480900396e+01
2.082877519912422759e+00 1.226545222947018310e+01
2.085757686673017197e+00 1.222424133522372891e+01
2.088641836078048541e+00 1.218316526430769997e+01
2.091529973634649320e+00 1.214222359025590059e+01
2.094422104857565525e+00 1.210141588789419487e+01
2.097318235269169051e+00 1.206074173333683675e+01
2.100218370399469237e+00 1.202020070398271123e+01
2.103122515786120861e+00 1.197979237851173195e+01
2.106030676974436133e+00 1.193951633688111791e+01
2.108942859517396684e+00 1.189937216032175904e+01
2.111859068975660669e+00 1.185935943133454984e+01
2.114779310917576982e+00 1.181947773368675314e+01
2.117703590919193690e+00 1.177972665240841366e+01
2.120631914564269138e+00 1.174010577378863474e+01
2.123564287444283938e+00 1.170061468537207894e+01
2.126500715158448518e+00 1.166125297595528032e+01
2.129441203313717779e+00 1.162202023558310415e+01
2.132385757524798642e+00 1.158291605554517290e+01
2.135334383414162041e+00 1.154394002837219624e+01
2.138287086612054466e+00 1.150509174783256050e+01
2.141243872756506406e+00 1.146637080892863558e+01
2.144204747493345664e+00 1.142777680789330574e+01
2.147169716476206691e+00 1.138930934218640267e+01
2.150138785366541239e+00 1.135096801049119897e+01
2.153111959833629907e+00 1.131275241271090160e+01
2.156089245554593248e+00 1.127466214996508320e+01
2.159070648214400645e+00 1.123669682458626973e+01
2.162056173505884527e+00 1.119885604011637348e+01
2.165045827129747469e+00 1.116113940130328253e+01
2.168039614794575964e+00 1.112354651409732220e+01
2.171037542216849747e+00 1.108607698564785160e+01
2.174039615120952895e+00 1.104873042429978724e+01
2.177045839239185820e+00 1.101150643959015518e+01
2.180056220311775483e+00 1.097440464224466261e+01
2.183070764086885163e+00 1.093742464417429261e+01
2.186089476320628222e+00 1.090056605847185445e+01
2.189112362777076104e+00 1.086382849940859963e+01
2.192139429228271652e+00 1.082721158243083082e+01
2.195170681454238881e+00 1.079071492415648592e+01
2.198206125242993636e+00 1.075433814237179497e+01
2.201245766390556025e+00 1.071808085602790861e+01
2.204289610700961521e+00 1.068194268523746615e+01
2.207337663986269849e+00 1.064592325127135730e+01
2.210389932066577856e+00 1.061002217655530977e+01
2.213446420770031953e+00 1.057423908466653018e+01
2.216507135932835215e+00 1.053857360033047108e+01
2.219572083399262041e+00 1.050302534941742572e+01
2.222641269021668808e+00 1.046759395893927014e+01
2.225714698660503199e+00 1.043227905704615921e+01
2.228792378184317524e+00 1.039708027302320836e+01
2.231874313469778937e+00 1.036199723728724287e+01
2.234960510401680089e+00 1.032702958138353466e+01
2.238050974872951571e+00 1.029217693798250011e+01
2.241145712784672117e+00 1.025743894087647767e+01
2.244244730046081937e+00 1.022281522497647366e+01
2.247348032574590260e+00 1.018830542630892211e+01
2.250455626295789546e+00 1.015390918201247672e+01
2.253567517143467480e+00 1.011962613033473879e+01
2.256683711059614961e+00 1.008545591062910418e+01
2.259804213994440314e+00 1.005139816335155345e+01
2.262929031906379063e+00 1.001745253005742953e+01
2.266058170762106805e+00 9.983618653398265153e+00
2.269191636536549872e+00 9.949896177118601415e+00
2.272329435212895099e+00 9.916284746052847154e+00
2.275471572782604035e+00 9.882784006122106391e+00
2.278618055245423601e+00 9.849393604330989760e+00
2.281768888609395862e+00 9.816113188764521880e+00
2.284924078890870902e+00 9.782942408585002525e+00
2.288083632114518373e+00 9.749880914028851819e+00
2.291247554313339041e+00 9.716928356403526479e+00
2.294415851528675887e+00 9.684084388084373884e+00
2.297588529810225211e+00 9.651348662511567866e+00
2.300765595216048620e+00 9.618720834187007185e+00
2.303947053812586354e+00 9.586200558671206906e+00
2.307132911674664832e+00 9.553787492580278595e+00
2.310323174885512643e+00 9.521481293582800376e+00
2.313517849536768534e+00 9.489281620396791794e+00
2.316716941728496071e+00 9.457188132786670920e+00
2.319920457569193406e+00 9.425200491560190130e+00
2.323128403175804824e+00 9.393318358565418080e+00
2.326340784673734063e+00 9.361541396687705685e+00
2.329557608196854090e+00 9.329869269846669866e+00
2.332778879887519530e+00 9.298301642993205718e+00
2.336004605896579545e+00 9.266838182106441835e+00
2.339234792383388051e+00 9.235478554190782674e+00
2.342469445515815263e+00 9.204222427272924278e+00
2.345708571470262349e+00 9.173069470398841574e+00
2.348952176431668537e+00 9.142019353630871592e+00
2.352200266593527100e+00 9.111071748044697216e+00
2.355452848157894685e+00 9.080226325726457048e+00
2.358709927335405077e+00 9.049482759769738038e+00
2.361971510345278968e+00 9.018840724272690679e+00
2.365237603415337730e+00 8.988299894335050055e+00
2.368508212782013178e+00 8.957859946055283018e+00
2.371783344690363116e+00 8.927520556527589690e+00
2.375063005394077553e+00 8.897281403839095049e+00
2.378347201155497803e+00 8.867142167066839775e+00
2.381635938245620920e+00 8.837102526275012693e+00
2.384929222944117910e+00 8.807162162511980696e+00
2.388227061539343055e+00 8.777320757807432372e+00
2.391529460328344125e+00 8.747577995169550036e+00
2.394836425616878373e+00 8.717933558582121378e+00
2.398147963719422293e+00 8.688387133001674201e+00
2.401464080959182734e+00 8.658938404354682206e+00
2.404784783668111547e+00 8.629587059534674864e+00
2.408110078186914471e+00 8.600332786399475182e+00
2.411439970865067561e+00 8.571175273768298908e+00
2.414774468060824741e+00 8.542114211419024272e+00
2.418113576141232901e+00 8.513149290085333831e+00
2.421457301482142999e+00 8.484280201445004721e+00
2.424805650468222495e+00 8.455506638093229554e+00
2.428158629492967346e+00 8.426828293565629124e+00
2.431516244958714879e+00 8.398244862343162254e+00
2.434878503276654449e+00 8.369756039849386653e+00
2.438245410866841212e+00 8.341361522447668264e+00
2.441616974158208109e+00 8.313061007438411920e+00
2.444993199588577415e+00 8.284854193056363059e+00
2.448374093604674062e+00 8.256740778467808184e+00
2.451759662662136297e+00 8.228720463767894344e+00
2.455149913225530778e+00 8.200792949977852686e+00
2.458544851768362349e+00 8.172957939042316156e+00
2.461944484773086472e+00 8.145215133826605225e+00
2.465348818731124325e+00 8.117564238114001185e+00
2.468757860142872129e+00 8.090004956603076280e+00
2.472171615517714027e+00 8.062536994904997201e+00
2.475590091374037183e+00 8.035160059540816135e+00
2.479013294239240217e+00 8.007873857938848872e+00
2.482441230649749198e+00 7.980678098431965850e+00
2.485873907151028739e+00 7.953572490254942728e+00
2.489311330297592217e+00 7.926556743541819827e+00
2.492753506653019535e+00 7.899630569323247364e+00
2.496200442789964669e+00 7.872793679523850230e+00
2.499652145290170324e+00 7.846045786959590096e+00
2.503108620744480817e+00 7.819386605335163054e+00
2.506569875752854060e+00 7.792815849241358173e+00
2.510035916924374000e+00 7.766333234152466680e+00
2.513506750877263940e+00 7.739938476423674274e+00
2.516982384238898085e+00 7.713631293288467639e+00
2.520462823645815309e+00 7.687411402856047182e+00
2.523948075743732034e+00 7.661278524108722898e+00
2.527438147187552886e+00 7.635232376899418583e+00
2.530933044641385354e+00 7.609272681948999306e+00
2.534432774778552666e+00 7.583399160843797837e+00
2.537937344281604446e+00 7.557611536033010502e+00
2.541446759842332259e+00 7.531909530826185417e+00
2.544961028161779382e+00 7.506292869390671640e+00
2.548480155950257231e+00 7.480761276749072763e+00
2.552004149927353804e+00 7.455314478776778664e+00
2.555533016821950554e+00 7.429952202199351596e+00
2.559066763372233044e+00 7.404674174590130775e+00
2.562605396325703833e+00 7.379480124367626459e+00
2.566148922439196234e+00 7.354369780793106770e+00
2.569697348478887200e+00 7.329342873968049510e+00
2.573250681220308866e+00 7.304399134831693452e+00
2.576808927448363207e+00 7.279538295158544337e+00
2.580372093957333135e+00 7.254760087555927939e+00
2.583940187550898049e+00 7.230064245461496952e+00
2.587513215042145376e+00 7.205450503140810703e+00
2.591091183253581676e+00 7.180918595684868677e+00
2.594674099017149516e+00 7.156468259007647603e+00
2.598261969174238128e+00 7.132099229843718469e+00
2.601854800575695403e+00 7.107811245745790707e+00
2.605452600081844761e+00 7.083604045082268819e+00
2.609055374562494478e+00 7.059477367034874717e+00
2.612663130896952346e+00 7.035430951596232774e+00
2.616275875974039877e+00 7.011464539567441534e+00
2.619893616692102079e+00 6.987577872555720937e+00
2.623516359959025657e+00 6.963770692971995580e+00
2.627144112692247901e+00 6.940042744028514399e+00
2.630776881818770896e+00 6.916393769736492558e+00
2.634414674275176615e+00 6.892823514903728466e+00
2.638057497007637142e+00 6.869331725132263422e+00
2.641705356971931540e+00 6.845918146815980876e+00
2.645358261133456068e+00 6.822582527138329134e+00
2.649016216467238838e+00 6.799324614069905515e+00
2.652679229957952689e+00 6.776144156366174620e+00
2.656347308599928958e+00 6.753040903565118214e+00
2.660020459397170356e+00 6.730014605984918852e+00
2.663698689363365624e+00 6.707065014721625751e+00
2.667382005521900634e+00 6.684191881646875721e+00
2.671070414905873047e+00 6.661394959405572358e+00
2.674763924558107853e+00 6.638674001413590986e+00
2.678462541531165364e+00 6.616028761855485385e+00
2.682166272887361202e+00 6.593458995682223822e+00
2.685875125698774291e+00 6.570964458608877123e+00
2.689589107047264172e+00 6.548544907112384017e+00
2.693308224024483000e+00 6.526200098429267626e+00
2.697032483731888419e+00 6.503929790553360846e+00
2.700761893280757775e+00 6.481733742233607209e+00
2.704496459792202767e+00 6.459611712971746300e+00
2.708236190397180998e+00 6.437563463020127053e+00
2.711981092236511959e+00 6.415588753379457998e+00
2.715731172460886800e+00 6.393687345796577048e+00
2.719486438230887426e+00 6.371859002762222168e+00
2.723246896716996268e+00 6.350103487508842903e+00
2.727012555099609603e+00 6.328420564008359506e+00
2.730783420569053987e+00 6.306809996969997556e+00
2.734559500325599579e+00 6.285271551838044424e+00
2.738340801579470352e+00 6.263804994789719416e+00
2.742127331550863190e+00 6.242410092732924021e+00
2.745919097469956327e+00 6.221086613304128932e+00
2.749716106576927555e+00 6.199834324866149160e+00
2.753518366121966210e+00 6.178652996505999972e+00
2.757325883365286057e+00 6.157542398032750164e+00
2.761138665577140827e+00 6.136502299975349572e+00
2.764956720037837545e+00 6.115532473580486794e+00
2.768780054037749849e+00 6.094632690810454001e+00
2.772608674877333090e+00 6.073802724341003767e+00
2.776442589867136324e+00 6.053042347559220104e+00
2.780281806327818295e+00 6.032351334561409928e+00
2.784126331590161652e+00 6.011729460150943893e+00
2.787976172995084045e+00 5.991176499836216252e+00
2.791831337893655007e+00 5.970692229828461706e+00
2.795691833647108826e+00 5.950276427039710825e+00
2.799557667626858759e+00 5.929928869080661968e+00
2.803428847214511244e+00 5.909649334258626929e+00
2.807305379801879663e+00 5.889437601575412629e+00
2.811187272790999003e+00 5.869293450725267647e+00
2.815074533594139616e+00 5.849216662092810992e+00
2.818967169633820546e+00 5.829207016750953763e+00
2.822865188342826404e+00 5.809264296458859000e+00
2.826768597164217134e+00 5.789388283659874013e+00
2.830677403551347115e+00 5.769578761479487561e+00
2.834591614967876705e+00 5.749835513723291491e+00
2.838511238887785559e+00 5.730158324874933484e+00
2.842436282795389069e+00 5.710546980094116876e+00
2.846366754185353010e+00 5.691001265214526761e+00
2.850302660562704204e+00 5.671520966741860903e+00
2.854244009442849173e+00 5.652105871851797581e+00
2.858190808351585677e+00 5.632755768387970541e+00
2.862143064825118266e+00 5.613470444859996356e+00
2.866100786410072931e+00 5.594249690441460032e+00
2.870063980663510428e+00 5.575093294967933488e+00
2.874032655152940929e+00 5.556001048934987807e+00
2.878006817456340460e+00 5.536972743496205496e+00
2.881986475162161554e+00 5.518008170461234485e+00
2.885971635869351459e+00 5.499107122293773742e+00
2.889962307187364132e+00 5.480269392109668125e+00
2.893958496736176667e+00 5.461494773674899328e+00
2.897960212146303061e+00 5.442783061403659417e+00
2.901967461058806652e+00 5.424134050356420822e+00
2.905980251125319658e+00 5.405547536237947703e+00
2.909998590008052499e+00 5.387023315395418344e+00
2.914022485379811567e+00 5.368561184816449838e+00
2.918051944924013430e+00 5.350160942127200947e+00
2.922086976334698605e+00 5.331822385590442970e+00
2.926127587316547540e+00 5.313545314103644834e+00
2.930173785584893942e+00 5.295329527197073283e+00
2.934225578865739426e+00 5.277174825031889505e+00
2.938282974895770838e+00 5.259081008398245771e+00
2.942345981422371803e+00 5.241047878713393615e+00
2.946414606203638709e+00 5.223075238019809774e+00
2.950488857008397581e+00 5.205162888983294600e+00
2.954568741616214744e+00 5.187310634891121097e+00
2.958654267817414585e+00 5.169518279650146653e+00
2.962745443413095536e+00 5.151785627784954968e+00
2.966842276215140739e+00 5.134112484435993551e+00
2.970944774046237580e+00 5.116498655357718306e+00
2.975052944739888350e+00 5.098943946916760339e+00
2.979166796140429341e+00 5.081448166090052787e+00
2.983286336103043723e+00 5.064011120463018045e+00
2.987411572493774425e+00 5.046632618227720357e+00
2.991542513189544561e+00 5.029312468181044160e+00
2.995679166078167199e+00 5.012050479722869767e+00
2.999821539058362685e+00 4.994846462854244606e+00
3.003969640039775513e+00 4.977700228175593544e+00
3.008123476942984098e+00 4.960611586884894564e+00
3.012283057699522093e+00 4.943580350775879317e+00
3.016448390251890377e+00 4.926606332236225683e+00
3.020619482553571267e+00 4.909689344245795617e+00
3.024796342569046725e+00 4.892829200374810839e+00
3.028978978273809464e+00 4.876025714782111997e+00
3.033167397654382924e+00 4.859278702213327250e+00
3.037361608708333716e+00 4.842587977999153637e+00
3.041561619444286269e+00 4.825953358053564735e+00
3.045767437881940154e+00 4.809374658870287256e+00
3.049979072052083851e+00 4.792851697451508741e+00
3.054196529996611176e+00 4.776384291284331063e+00
3.058419819768535941e+00 4.759972258427916714e+00
3.062648949432007495e+00 4.743615417518337374e+00
3.066883927062325821e+00 4.727313587766778014e+00
3.071124760745958415e+00 4.711066588957788071e+00
3.075371458580553163e+00 4.694874241447549501e+00
3.079624028674955660e+00 4.678736366162128846e+00
3.083882479149225642e+00 4.662652784595729294e+00
3.088146818134648530e+00 4.646623318808987158e+00
3.092417053773756308e+00 4.630647791427206172e+00
3.096693194220338174e+00 4.614726025638674400e+00
3.100975247639458754e+00 4.598857845192923399e+00
3.105263222207474971e+00 4.583043074399017591e+00
3.109557126112046710e+00 4.567281538123867612e+00
3.113856967552158572e+00 4.551573061790509911e+00
3.118162754738130538e+00 4.535917471376409438e+00
3.122474495891636614e+00 4.520314593411775661e+00
3.126792199245719939e+00 4.504764254977883020e+00
3.131115873044806541e+00 4.489266283705368288e+00
3.135445525544724887e+00 4.473820507772570565e+00
3.139781165012717867e+00 4.458426755903852623e+00
3.144122799727460560e+00 4.443084857367936458e+00
3.148470437979075776e+00 4.427794641976230849e+00
3.152824088069150488e+00 4.412555940081184680e+00
3.157183758310749155e+00 4.397368582574639362e+00
3.161549457028433263e+00 4.382232400886157286e+00
3.165921192558273756e+00 4.367147226981410668e+00
3.170298973247869689e+00 4.352112893360510881e+00
3.174682807456362887e+00 4.337129233056391975e+00
3.179072703554454815e+00 4.322196079633179089e+00
3.183468669924419014e+00 4.307313267184574634e+00
3.187870714960122420e+00 4.292480630332218716e+00
3.192278847067038239e+00 4.277698004224078865e+00
3.196693074662262823e+00 4.262965224532853092e+00
3.201113406174531217e+00 4.248282127454355184e+00
3.205539850044233141e+00 4.233648549705917752e+00
3.209972414723429868e+00 4.219064328524783747e+00
3.214411108675870654e+00 4.204529301666523722e+00
3.218855940377007840e+00 4.190043307403464645e+00
3.223306918314012837e+00 4.175606184523079634e+00
3.227764050985795219e+00 4.161217772326417652e+00
3.232227346903012943e+00 4.146877910626557195e+00
3.236696814588094995e+00 4.132586439746997797e+00
3.241172462575255153e+00 4.118343200520116376e+00
3.245654299410507093e+00 4.104148034285619140e+00
3.250142333651683479e+00 4.090000782888958852e+00
3.254636573868447069e+00 4.075901288679805390e+00
3.259137028642313805e+00 4.061849394510498534e+00
3.263643706566664804e+00 4.047844943734503431e+00
3.268156616246764568e+00 4.033887780204856277e+00
3.272675766299777411e+00 4.019977748272664186e+00
3.277201165354779899e+00 4.006114692785564202e+00
3.281732822052784826e+00 3.992298459086189855e+00
3.286270745046751429e+00 3.978528893010656819e+00
3.290814943001604931e+00 3.964805840887058341e+00
3.295365424594251635e+00 3.951129149533948670e+00
3.299922198513597582e+00 3.937498666258829605e+00
3.304485273460560979e+00 3.923914238856669900e+00
3.309054658148093075e+00 3.910375715608382485e+00
3.313630361301194593e+00 3.896882945279350974e+00
3.318212391656928606e+00 3.883435777117932641e+00
3.322800757964441853e+00 3.870034060853981828e+00
3.327395468984976734e+00 3.856677646697365791e+00
3.331996533491892620e+00 3.843366385336483226e+00
3.336603960270679181e+00 3.830100127936808541e+00
3.341217758118976366e+00 3.816878726139414368e+00
3.345837935846588174e+00 3.803702032059503413e+00
3.350464502275498635e+00 3.790569898284980699e+00
3.355097466239894466e+00 3.777482177874954772e+00
3.359736836586175723e+00 3.764438724358325938e+00
3.364382622172975346e+00 3.751439391732322992e+00
3.369034831871177804e+00 3.738484034461062144e+00
3.373693474563930650e+00 3.725572507474125938e+00
3.378358559146667162e+00 3.712704666165113743e+00
3.383030094527121001e+00 3.699880366390211339e+00
3.387708089625342645e+00 3.687099464466790266e+00
3.392392553373717146e+00 3.674361817171963196e+00
3.397083494716982788e+00 3.661667281741171287e+00
3.401780922612242630e+00 3.649015715866796405e+00
3.406484846028988933e+00 3.636406977696715170e+00
3.411195273949115592e+00 3.623840925832935156e+00
3.415912215366936788e+00 3.611317419330166256e+00
3.420635679289204312e+00 3.598836317694432463e+00
3.425365674735122656e+00 3.586397480881698741e+00
3.430102210736368562e+00 3.574000769296457936e+00
3.434845296337109222e+00 3.561646043790364757e+00
3.439594940594016492e+00 3.549333165660849776e+00
3.444351152576286434e+00 3.537061996649749851e+00
3.449113941365653524e+00 3.524832398941934564e+00
3.453883316056413300e+00 3.512644235163936646e+00
3.458659285755435242e+00 3.500497368382597063e+00
3.463441859582182314e+00 3.488391662103696333e+00
3.468231046668727391e+00 3.476326980270604938e+00
3.473026856159770137e+00 3.464303187262941286e+00
3.477829297212656545e+00 3.452320147895202584e+00
3.482638378997394923e+00 3.440377727415455222e+00
3.487454110696673659e+00 3.428475791503958092e+00
3.492276501505878983e+00 3.416614206271854304e+00
3.497105560633112287e+00 3.404792838259833143e+00
3.501941297299206557e+00 3.393011554436804467e+00
3.506783720737746801e+00 3.381270222198567765e+00
3.511632840195085592e+00 3.369568709366502990e+00
3.516488664930361274e+00 3.357906884186245833e+00
3.521351204215516173e+00 3.346284615326386103e+00
3.526220467335310804e+00 3.334701771877157661e+00
3.531096463587348300e+00 3.323158223349125695e+00
3.535979202282085510e+00 3.311653839671898414e+00
3.540868692742856094e+00 3.300188491192823204e+00
3.545764944305884292e+00 3.288762048675696992e+00
3.550667966320303126e+00 3.277374383299486382e+00
3.555577768148176165e+00 3.266025366657022477e+00
3.560494359164511291e+00 3.254714870753741440e+00
3.565417748757279792e+00 3.243442768006394861e+00
3.570347946327434574e+00 3.232208931241779659e+00
3.575284961288929697e+00 3.221013233695467104e+00
3.580228803068732812e+00 3.209855549010548703e+00
3.585179481106850918e+00 3.198735751236353231e+00
3.590137004856342351e+00 3.187653714827204610e+00
3.595101383783337656e+00 3.176609314641162474e+00
3.600072627367058242e+00 3.165602425938766284e+00
3.605050745099829701e+00 3.154632924381798986e+00
3.610035746487106234e+00 3.143700686032037339e+00
3.615027641047486195e+00 3.132805587350008025e+00
3.620026438312728967e+00 3.121947505193756189e+00
3.625032147827775386e+00 3.111126316817613979e+00
3.630044779150761958e+00 3.100341899870975304e+00
3.635064341853045722e+00 3.089594132397055493e+00
3.640090845519217133e+00 3.078882892831686480e+00
3.645124299747120045e+00 3.068208060002086679e+00
3.650164714147871248e+00 3.057569513125657501e+00
3.655212098345874239e+00 3.046967131808766105e+00
3.660266461978844532e+00 3.036400796045536143e+00
3.665327814697823428e+00 3.025870386216648722e+00
3.670396166167197105e+00 3.015375783088141137e+00
3.675471526064715277e+00 3.004916867810210057e+00
3.680553904081512506e+00 2.994493521916011591e+00
3.685643309922118860e+00 2.984105627320494225e+00
3.690739753304487891e+00 2.973753066319182459e+00
3.695843243960010405e+00 2.963435721587017735e+00
3.700953791633532219e+00 2.953153476177168724e+00
3.706071406083376374e+00 2.942906213519854042e+00
3.711196097081356005e+00 2.932693817421183624e+00
3.716327874412799659e+00 2.922516172061974782e+00
3.721466747876565506e+00 2.912373161996596682e+00
3.726612727285062210e+00 2.902264672151807723e+00
3.731765822464267135e+00 2.892190587825586690e+00
3.736926043253742336e+00 2.882150794686000772e+00
3.742093399506658091e+00 2.872145178770034057e+00
3.747267901089809339e+00 2.862173626482442668e+00
3.752449557883634768e+00 2.852236024594621888e+00
3.757638379782234139e+00 2.842332260243454645e+00
3.762834376693390936e+00 2.832462220930175079e+00
3.768037558538585685e+00 2.822625794519241449e+00
3.773247935253021268e+00 2.812822869237194379e+00
3.778465516785637135e+00 2.803053333671535530e+00
3.783690313099130176e+00 2.793317076769609386e+00
3.788922334169975592e+00 2.783613987837468162e+00
3.794161589988439331e+00 2.773943956538773570e+00
3.799408090558605622e+00 2.764306872893660838e+00
3.804661845898391181e+00 2.754702627277638260e+00
3.809922866039564759e+00 2.745131110420494291e+00
3.815191161027768008e+00 2.735592213405160233e+00
3.820466740922531468e+00 2.726085827666645756e+00
3.825749615797297221e+00 2.716611844990913127e+00
3.831039795739437093e+00 2.707170157513795861e+00
3.836337290850270865e+00 2.697760657719214361e+00
3.841642111245087143e+00 2.688383238432939137e+00
3.846954267053159793e+00 2.679037792824521258e+00
3.852273768417770583e+00 2.669724214409143759e+00
3.857600625496228286e+00 2.660442397046559826e+00
3.862934848459884662e+00 2.651192234940028758e+00
3.868276447494158443e+00 2.641973622635236829e+00
3.873625432798551760e+00 2.632786455019223482e+00
3.878981814586669241e+00 2.623630627319322617e+00
3.884345603086240217e+00 2.614506035102096781e+00
3.889716808539136483e+00 2.605412574272271797e+00
3.895095441201391839e+00 2.596350141071689155e+00
3.900481511343222962e+00 2.587318632078248193e+00
3.905875029249044950e+00 2.578317944204850942e+00
3.911276005217497520e+00 2.569347974698359849e+00
3.916684449561459669e+00 2.560408621138550611e+00
3.922100372608070984e+00 2.551499781437079228e+00
3.927523784698752518e+00 2.542621353836426401e+00
3.932954696189221444e+00 2.533773236908886339e+00
3.938393117449518144e+00 2.524955329555512495e+00
3.943839058864022196e+00 2.516167531005101488e+00
3.949292530831471471e+00 2.507409740813165033e+00
3.954753543764984336e+00 2.498681858860901883e+00
3.960222108092075644e+00 2.489983785354191514e+00
3.965698234254681598e+00 2.481315420822562512e+00
3.971181932709176632e+00 2.472676666118186706e+00
3.976673213926394723e+00 2.464067422414866204e+00
3.982172088391647602e+00 2.455487591207030196e+00
3.987678566604746955e+00 2.446937074308729088e+00
3.993192659080022189e+00 2.438415773852624646e+00
3.998714376346342192e+00 2.429923592289008560e+00
4.004243728947135317e+00 2.421460432384792139e+00
4.009780727440410253e+00 2.413026197222515101e+00
4.015325382398773790e+00 2.404620790199364144e+00
4.020877704409451248e+00 2.396244115026184840e+00
4.026437704074308677e+00 2.387896075726493983e+00
4.032005392009874178e+00 2.379576576635499485e+00
4.037580778847354779e+00 2.371285522399122492e+00
4.043163875232657745e+00 2.363022817973026601e+00
4.048754691826409235e+00 2.354788368621647088e+00
4.054353239303981837e+00 2.346582079917213015e+00
4.059959528355505221e+00 2.338403857738790226e+00
4.065573569685894562e+00 2.330253608271313670e+00
4.071195374014864754e+00 2.322131238004629061e+00
4.076824952076957054e+00 2.314036653732539417e+00
4.082462314621551513e+00 2.305969762551841828e+00
4.088107472412896293e+00 2.297930471861381552e+00
4.093760436230122757e+00 2.289918689361105208e+00
4.099421216867267681e+00 2.281934323051110880e+00
4.105089825133294568e+00 2.273977281230703973e+00
4.110766271852110521e+00 2.266047472497464632e+00
4.116450567862592003e+00 2.258144805746305384e+00
4.122142724018602600e+00 2.250269190168535882e+00
4.127842751189015225e+00 2.242420535250930769e+00
4.133550660257732545e+00 2.234598750774803744e+00
4.139266462123704748e+00 2.226803746815082086e+00
4.144990167700953521e+00 2.219035433739381613e+00
4.150721787918595140e+00 2.211293722207081647e+00
4.156461333720856466e+00 2.203578523168416847e+00
4.162208816067097139e+00 2.195889747863556174e+00
4.167964245931831790e+00 2.188227307821689838e+00
4.173727634304750467e+00 2.180591114860127799e+00
4.179498992190739948e+00 2.172981081083380506e+00
4.185278330609904174e+00 2.165397118882263161e+00
4.191065660597586451e+00 2.157839140932995114e+00
4.196860993204388102e+00 2.150307060196300135e+00
4.202664339496189783e+00 2.142800789916505799e+00
4.208475710554176352e+00 2.135320243620658864e+00
4.214295117474855523e+00 2.127865335117625545e+00
4.220122571370078290e+00 2.120435978497211327e+00
4.225958083367061136e+00 2.113032088129273678e+00
4.231801664608404678e+00 2.105653578662838310e+00
4.237653326252121211e+00 2.098300365025220326e+00
4.243513079471650684e+00 2.090972362421148478e+00
4.249380935455882913e+00 2.083669486331885867e+00
4.255256905409179780e+00 2.076391652514366193e+00
4.261141000551396552e+00 2.069138777000316232e+00
4.267033232117901420e+00 2.061910776095400077e+00
4.272933611359602146e+00 2.054707566378340733e+00
4.278842149542961160e+00 2.047529064700067902e+00
4.284758857950021316e+00 2.040375188182865340e+00
4.290683747878426324e+00 2.033245854219496440e+00
4.296616830641439400e+00 2.026140980472372899e+00
4.302558117567971685e+00 2.019060484872682970e+00
4.308507620002595573e+00 2.012004285619561905e+00
4.314465349305574016e+00 2.004972301179229532e+00
4.320431316852878290e+00 1.997964450284157145e+00
4.326405534036206646e+00 1.990980651932228396e+00
4.332388012263013621e+00 1.984020825385892417e+00
4.338378762956525136e+00 1.977084890171336484e+00
4.344377797555765142e+00 1.970172766077645132e+00
4.350385127515576045e+00 1.963284373155976148e+00
4.356400764306633810e+00 1.956419631718735008e+00
4.362424719415482599e+00 1.949578462338738882e+00
4.368457004344546313e+00 1.942760785848400840e+00
4.374497630612156129e+00 1.935966523338909173e+00
4.380546609752570930e+00 1.929195596159408721e+00
4.386603953315995064e+00 1.922447925916183742e+00
4.392669672868607655e+00 1.915723434471849007e+00
4.398743779992582148e+00 1.909022043944530678e+00
4.404826286286104953e+00 1.902343676707068942e+00
4.410917203363401207e+00 1.895688255386205334e+00
4.417016542854758754e+00 1.889055702861777375e+00
4.423124316406541467e+00 1.882445942265932093e+00
4.429240535681223001e+00 1.875858896982306234e+00
4.435365212357401887e+00 1.869294490645247109e+00
4.441498358129825519e+00 1.862752647139011453e+00
4.447639984709413241e+00 1.856233290596975616e+00
4.453790103823276780e+00 1.849736345400851079e+00
4.459948727214744224e+00 1.843261736179889310e+00
4.466115866643383114e+00 1.836809387810107497e+00
4.472291533885020876e+00 1.830379225413497180e+00
4.478475740731770571e+00 1.823971174357253311e+00
4.484668498992047780e+00 1.817585160252996879e+00
4.490869820490598130e+00 1.811221108955993975e+00
4.497079717068518612e+00 1.804878946564388631e+00
4.503298200583279787e+00 1.798558599418432991e+00
4.509525282908749766e+00 1.792259994099717479e+00
4.515760975935211086e+00 1.785983057430411192e+00
4.522005291569393570e+00 1.779727716472490506e+00
4.528258241734488543e+00 1.773493898526984358e+00
4.534519838370174583e+00 1.767281531133215511e+00
4.540790093432640617e+00 1.761090542068048492e+00
4.547069018894609904e+00 1.754920859345123763e+00
4.553356626745357794e+00 1.748772411214121414e+00
4.559652928990740151e+00 1.742645126160004665e+00
4.565957937653216447e+00 1.736538932902269794e+00
4.572271664771867528e+00 1.730453760394209617e+00
4.578594122402423139e+00 1.724389537822167195e+00
4.584925322617282362e+00 1.718346194604796207e+00
4.591265277505538478e+00 1.712323660392324864e+00
4.597613999173002064e+00 1.706321865065816734e+00
4.603971499742223195e+00 1.700340738736441759e+00
4.610337791352513648e+00 1.694380211744745734e+00
4.616712886159971774e+00 1.688440214659915561e+00
4.623096796337504699e+00 1.682520678279063597e+00
4.629489534074853196e+00 1.676621533626490024e+00
4.635891111578613888e+00 1.670742711952972970e+00
4.642301541072261450e+00 1.664884144735038651e+00
4.648720834796174373e+00 1.659045763674252827e+00
4.655149005007653606e+00 1.653227500696500707e+00
4.661586063980952765e+00 1.647429287951274413e+00
4.668032024007296776e+00 1.641651057810957548e+00
4.674486897394907636e+00 1.635892742870124650e+00
4.680950696469025729e+00 1.630154275944830422e+00
4.687423433571932918e+00 1.624435590071905633e+00
4.693905121062981856e+00 1.618736618508251235e+00
4.700395771318612859e+00 1.613057294730143809e+00
4.706895396732380554e+00 1.607397552432531018e+00
4.713404009714978748e+00 1.601757325528342824e+00
4.719921622694259078e+00 1.596136548147794265e+00
4.726448248115260320e+00 1.590535154637693127e+00
4.732983898440231485e+00 1.584953079560747602e+00
4.739528586148650469e+00 1.579390257694889277e+00
4.746082323737256914e+00 1.573846624032569474e+00
4.752645123720063758e+00 1.568322113780098448e+00
4.759216998628394535e+00 1.562816662356945274e+00
4.765797961010896699e+00 1.557330205395069722e+00
4.772388023433571824e+00 1.551862678738237245e+00
4.778987198479797804e+00 1.546414018441352622e+00
4.785595498750351950e+00 1.540984160769779621e+00
4.792212936863433193e+00 1.535573042198677962e+00
4.798839525454693167e+00 1.530180599412323206e+00
4.805475277177252202e+00 1.524806769303451270e+00
4.812120204701730408e+00 1.519451488972587638e+00
4.818774320716266324e+00 1.514114695727385440e+00
4.825437637926543566e+00 1.508796327081948663e+00
4.832110169055814808e+00 1.503496320744469372e+00
4.838791926844927538e+00 1.498214614596268923e+00
4.845482924052346263e+00 1.492951146718306532e+00
4.852183173454179155e+00 1.487705855396074472e+00
4.858892687844196701e+00 1.482478679118943932e+00
4.865611480033864567e+00 1.477269556579504872e+00
4.872339562852362249e+00 1.472078426672916995e+00
4.879076949146609721e+00 1.466905228496260261e+00
4.885823651781291410e+00 1.461749901347881408e+00
4.892579683638881960e+00 1.456612384726753584e+00
4.899345057619665766e+00 1.451492618331830853e+00
4.906119786641768066e+00 1.446390542061402051e+00
4.912903883641178915e+00 1.441306096012454185e+00
4.919697361571773619e+00 1.436239220480030276e+00
4.926500233405342044e+00 1.431189855956595425e+00
4.933312512131605487e+00 1.426157943131407757e+00
4.940134210758253985e+00 1.421143422889872943e+00
4.946965342310961411e+00 1.416146236312923357e+00
4.953805919833414784e+00 1.411166324676387251e+00
4.960655956387335586e+00 1.406203629450364589e+00
4.967515465052506407e+00 1.401258092298596658e+00
4.974384458926799368e+00 1.396329655077846787e+00
4.981262951126196548e+00 1.391418259837279958e+00
4.988150954784815738e+00 1.386523848817843074e+00
4.995048483054937982e+00 1.381646364451647901e+00
5.001955549107028887e+00 1.376785749361357114e+00
5.008872166129767933e+00 1.371941946359568565e+00
5.015798347330071572e+00 1.367114898448207549e+00
5.022734105933116311e+00 1.362304548817915295e+00
5.029679455182369807e+00 1.357510840847441225e+00
5.036634408339611291e+00 1.352733718103039440e+00
5.043598978684953771e+00 1.347973124337863204e+00
5.050573179516880451e+00 1.343229003491364093e+00
5.057557024152259828e+00 1.338501299688691137e+00
5.064550525926375002e+00 1.333789957240095081e+00
5.071553698192950321e+00 1.329094920640328858e+00
5.078566554324172699e+00 1.324416134568056513e+00
5.085589107710722701e+00 1.319753543885258118e+00
5.092621371761794968e+00 1.315107093636642688e+00
5.099663359905128424e+00 1.310476729049053546e+00
5.106715085587029357e+00 1.305862395530887232e+00
5.113776562272394521e+00 1.301264038671505530e+00
5.120847803444741331e+00 1.296681604240654151e+00
5.127928822606234505e+00 1.292115038187876319e+00
5.135019633277705609e+00 1.287564286641941225e+00
5.142120248998685916e+00 1.283029295910256495e+00
5.149230683327425062e+00 1.278510012478301539e+00
5.156350949840923015e+00 1.274006383009047338e+00
5.163481062134954058e+00 1.269518354342386468e+00
5.170621033824092549e+00 1.265045873494558437e+00
5.177770878541737787e+00 1.260588887657587698e+00
5.184930609940144208e+00 1.256147344198710325e+00
5.192100241690437379e+00 1.251721190659813132e+00
5.199279787482653070e+00 1.247310374756867013e+00
5.206469261025756801e+00 1.242914844379365613e+00
5.213668676047668704e+00 1.238534547589765777e+00
5.220878046295294617e+00 1.234169432622929774e+00
5.228097385534544728e+00 1.229819447885567740e+00
5.235326707550367331e+00 1.225484541955684126e+00
5.242566026146772806e+00 1.221164663582022802e+00
5.249815355146858487e+00 1.216859761683516394e+00
5.257074708392837081e+00 1.212569785348737383e+00
5.264344099746059769e+00 1.208294683835348104e+00
5.271623543087046393e+00 1.204034406569558513e+00
5.278913052315511223e+00 1.199788903145577512e+00
5.286212641350388708e+00 1.195558123325068944e+00
5.293522324129858347e+00 1.191342017036619572e+00
5.300842114611377554e+00 1.187140534375186407e+00
5.308172026771695862e+00 1.182953625601570691e+00
5.315512074606897563e+00 1.178781241141874325e+00
5.322862272132415917e+00 1.174623331586969854e+00
5.330222633383066899e+00 1.170479847691962894e+00
5.337593172413074072e+00 1.166350740375665884e+00
5.344973903296089901e+00 1.162235960720069849e+00
5.352364840125233947e+00 1.158135459969808156e+00
5.359765997013108851e+00 1.154049189531639596e+00
5.367177388091835866e+00 1.149977100973918143e+00
5.374599027513076166e+00 1.145919146026073809e+00
5.382030929448056611e+00 1.141875276578090626e+00
5.389473108087603492e+00 1.137845444679984386e+00
5.396925577642165628e+00 1.133829602541287285e+00
5.404388352341841006e+00 1.129827702530530997e+00
5.411861446436405210e+00 1.125839697174732423e+00
5.419344874195336281e+00 1.121865539158882319e+00
5.426838649907846701e+00 1.117905181325426822e+00
5.434342787882905590e+00 1.113958576673767187e+00
5.441857302449269795e+00 1.110025678359745083e+00
5.449382207955508761e+00 1.106106439695136778e+00
5.456917518770034725e+00 1.102200814147150432e+00
5.464463249281123147e+00 1.098308755337922271e+00
5.472019413896951789e+00 1.094430217044010112e+00
5.479586027045618479e+00 1.090565153195899306e+00
5.487163103175172196e+00 1.086713517877500257e+00
5.494750656753641493e+00 1.082875265325651482e+00
5.502348702269059366e+00 1.079050349929626229e+00
5.509957254229492563e+00 1.075238726230635766e+00
5.517576327163071781e+00 1.071440348921336216e+00
5.525205935618015651e+00 1.067655172845341616e+00
5.532846094162660044e+00 1.063883152996729642e+00
5.540496817385482942e+00 1.060124244519558889e+00
5.548158119895138185e+00 1.056378402707376596e+00
5.555830016320480347e+00 1.052645583002739471e+00
5.563512521310591374e+00 1.048925740996724087e+00
5.571205649534809012e+00 1.045218832428451705e+00
5.578909415682758777e+00 1.041524813184602438e+00
5.586623834464373495e+00 1.037843639298942300e+00
5.594348920609929721e+00 1.034175266951838257e+00
5.602084688870073492e+00 1.030519652469790381e+00
5.609831154015846977e+00 1.026876752324949793e+00
5.617588330838717781e+00 1.023246523134652142e+00
5.625356234150604706e+00 1.019628921660944876e+00
5.633134878783911503e+00 1.016023904810114287e+00
5.640924279591549073e+00 1.012431429632220325e+00
5.648724451446968331e+00 1.008851453320629199e+00
5.656535409244188628e+00 1.005283933211544189e+00
5.664357167897819956e+00 1.001728826783549353e+00
5.672189742343098473e+00 9.981860916571400066e-01
5.680033147535914040e+00 9.946556855942639830e-01
5.687887398452834198e+00 9.911375664978635536e-01
5.695752510091139698e+00 9.876316924114127982e-01
5.703628497468844039e+00 9.841380215184696301e-01
5.711515375624731661e+00 9.806565121422093911e-01
5.719413159618381037e+00 9.771871227449789865e-01
5.727321864530193984e+00 9.737298119278416930e-01
5.735241505461426748e+00 9.702845384301256315e-01
5.743172097534217535e+00 9.668512611289751257e-01
5.751113655891612275e+00 9.634299390389039486e-01
5.759066195697598367e+00 9.600205313113452377e-01
5.767029732137132214e+00 9.566229972342081833e-01
5.775004280416167646e+00 9.532372962314342724e-01
5.782989855761685227e+00 9.498633878625537541e-01
5.790986473421718017e+00 9.465012318222455479e-01
5.798994148665387982e+00 9.431507879398961514e-01
5.807012896782928202e+00 9.398120161791621019e-01
5.815042733085716620e+00 9.364848766375341027e-01
5.823083672906304464e+00 9.331693295458980408e-01
5.831135731598438454e+00 9.298653352681058859e-01
5.839198924537103430e+00 9.265728543005365969e-01
5.847273267118541007e+00 9.232918472716695746e-01
5.855358774760283325e+00 9.200222749416527845e-01
5.863455462901181470e+00 9.167640982018734341e-01
5.871563347001434785e+00 9.135172780745313137e-01
5.879682442542620180e+00 9.102817757122115827e-01
5.887812765027723216e+00 9.070575523974629961e-01
5.895954329981166531e+00 9.038445695423709125e-01
5.904107152948840032e+00 9.006427886881354095e-01
5.912271249498130210e+00 8.974521715046536174e-01
5.920446635217947673e+00 8.942726797900985014e-01
5.928633325718760894e+00 8.911042754705001956e-01
5.936831336632625522e+00 8.879469205993294478e-01
5.945040683613211030e+00 8.848005773570828403e-01
5.953261382335834462e+00 8.816652080508676770e-01
5.961493448497483527e+00 8.785407751139918675e-01
5.969736897816857457e+00 8.754272411055488146e-01
5.977991746034388321e+00 8.723245687100078527e-01
5.986258008912273887e+00 8.692327207368067965e-01
5.994535702234507824e+00 8.661516601199450438e-01
6.002824841806909006e+00 8.630813499175739034e-01
6.011125443457152606e+00 8.600217533115949164e-01
6.019437523034800286e+00 8.569728336072538477e-01
6.027761096411331287e+00 8.539345542327380079e-01
6.036096179480169077e+00 8.509068787387776833e-01
6.044442788156718649e+00 8.478897707982424592e-01
6.052800938378385176e+00 8.448831942057480893e-01
6.061170646104619308e+00 8.418871128772513757e-01
6.069551927316935824e+00 8.389014908496593703e-01
6.077944798018950046e+00 8.359262922802291884e-01
6.086349274236408924e+00 8.329614814415180479e-01
6.094765372017212357e+00 8.300070227209882523e-01
6.103193107431458486e+00 8.270628806253971232e-01
6.111632496571464124e+00 8.241290197806300233e-01
6.120083555551798504e+00 8.212054049313152193e-01
6.128546300509313483e+00 8.182920009404308637e-01
6.137020747603173731e+00 8.153887727889185255e-01
6.145506913014890493e+00 8.124956855752968332e-01
6.154004812948349112e+00 8.096127045152788915e-01
6.162514463629841899e+00 8.067397949413834812e-01
6.171035881308100990e+00 8.038769223025559185e-01
6.179569082254320556e+00 8.010240521637886912e-01
6.188114082762200319e+00 7.981811502057363228e-01
6.196670899147968647e+00 7.953481822243381183e-01
6.205239547750416307e+00 7.925251141304423541e-01
6.213820044930924880e+00 7.897119119494290240e-01
6.222412407073504959e+00 7.869085418208310312e-01
6.231016650584815686e+00 7.841149699979674814e-01
6.239632791894207386e+00 7.813311628475615445e-01
6.248260847453749989e+00 7.785570868493756347e-01
6.256900833738259671e+00 7.757927085958387092e-01
6.265552767245337940e+00 7.730379947916735661e-01
6.274216664495391171e+00 7.702929122535360218e-01
6.282892542031677685e+00 7.675574279096407659e-01
6.291580416420329058e+00 7.648315087993977635e-01
6.300280304250382102e+00 7.621151220730487674e-01
6.308992222133817940e+00 7.594082349913020558e-01
6.317716186705579773e+00 7.567108149249729410e-01
6.326452214623621728e+00 7.540228293546170635e-01
6.335200322568927511e+00 7.513442458701767857e-01
6.343960527245549486e+00 7.486750321706162614e-01
6.352732845380636206e+00 7.460151560635680523e-01
6.361517293724469724e+00 7.433645854649738594e-01
6.370313889050487788e+00 7.407232883987318051e-01
6.379122648155327369e+00 7.380912329963367213e-01
6.387943587858849526e+00 7.354683874965336488e-01
6.396776725004174047e+00 7.328547202449606779e-01
6.405622076457713199e+00 7.302501996937985629e-01
6.414479659109196596e+00 7.276547944014243319e-01
6.423349489871712947e+00 7.250684730320580140e-01
6.432231585681736696e+00 7.224912043554173602e-01
6.441125963499162665e+00 7.199229572463711202e-01
6.450032640307337140e+00 7.173637006845927644e-01
6.458951633113088064e+00 7.148134037542172026e-01
6.467882958946764127e+00 7.122720356434966149e-01
6.476826634862261400e+00 7.097395656444587253e-01
6.485782677937057095e+00 7.072159631525657408e-01
6.494751105272246861e+00 7.047011976663730692e-01
6.503731933992566105e+00 7.021952387871935874e-01
6.512725181246435291e+00 6.996980562187566921e-01
6.521730864205987466e+00 6.972096197668731232e-01
6.530749000067099352e+00 6.947298993390972344e-01
6.539779606049426874e+00 6.922588649443969233e-01
6.548822699396437130e+00 6.897964866928150141e-01
6.557878297375437704e+00 6.873427347951398536e-01
6.566946417277618409e+00 6.848975795625731333e-01
6.576027076418075268e+00 6.824609914063991534e-01
6.585120292135848707e+00 6.800329408376553086e-01
6.594226081793958194e+00 6.776133984668059052e-01
6.603344462779424440e+00 6.752023350034133120e-01
6.612475452503318252e+00 6.727997212558103346e-01
6.621619068400783625e+00 6.704055281307792491e-01
6.630775327931072383e+00 6.680197266332233985e-01
6.639944248577583252e+00 6.656422878658456721e-01
6.649125847847882298e+00 6.632731830288300934e-01
6.658320143273751768e+00 6.609123834195153036e-01
6.667527152411214963e+00 6.585598604320768157e-01
6.676746892840570879e+00 6.562155855572092689e-01
6.685979382166427953e+00 6.538795303818077942e-01
6.695224638017739593e+00 6.515516665886507131e-01
6.704482678047831712e+00 6.492319659560840117e-01
6.713753519934446246e+00 6.469204003577061490e-01
6.723037181379766913e+00 6.446169417620556397e-01
6.732333680110456520e+00 6.423215622322960838e-01
6.741643033877691593e+00 6.400342339259046387e-01
6.750965260457189032e+00 6.377549290943650417e-01
6.760300377649250514e+00 6.354836200828523074e-01
6.769648403278791804e+00 6.332202793299259724e-01
6.779009355195374731e+00 6.309648793672246736e-01
6.788383251273246266e+00 6.287173928191541750e-01
6.797770109411362505e+00 6.264777924025887179e-01
6.807169947533437515e+00 6.242460509265577162e-01
6.816582783587967320e+00 6.220221412919486603e-01
6.826008635548265424e+00 6.198060364912009179e-01
6.835447521412501892e+00 6.175977096080029760e-01
6.844899459203728220e+00 6.153971338169960115e-01
6.854364466969924408e+00 6.132042823834671363e-01
6.863842562784023826e+00 6.110191286630569651e-01
6.873333764743951413e+00 6.088416461014561909e-01
6.882838090972656531e+00 6.066718082341118201e-01
6.892355559618151162e+00 6.045095886859290779e-01
6.901886188853538329e+00 6.023549611709778651e-01
6.911429996877052950e+00 6.002078994921966615e-01
6.920987001912094705e+00 5.980683775410999825e-01
6.930557222207260004e+00 5.959363692974867233e-01
6.940140676036383738e+00 5.938118488291457275e-01
6.949737381698561478e+00 5.916947902915702384e-01
6.959347357518199217e+00 5.895851679276635782e-01
6.968970621845040014e+00 5.874829560674525997e-01
6.978607193054200408e+00 5.853881291278000276e-01
6.988257089546205947e+00 5.833006616121164667e-01
6.997920329747023160e+00 5.812205281100760734e-01
7.007596932108102195e+00 5.791477032973303407e-01
7.017286915106404344e+00 5.770821619352239917e-01
7.026990297244443795e+00 5.750238788705128723e-01
7.036707097050316939e+00 5.729728290350807329e-01
7.046437333077739673e+00 5.709289874456580094e-01
7.056181023906085592e+00 5.688923292035421575e-01
7.065938188140420628e+00 5.668628294943157675e-01
7.075708844411534137e+00 5.648404635875720059e-01
7.085493011375980643e+00 5.628252068366330629e-01
7.095290707716112699e+00 5.608170346782738180e-01
7.105101952140112864e+00 5.588159226324493911e-01
7.114926763382036334e+00 5.568218463020154774e-01
7.124765160201842917e+00 5.548347813724561206e-01
7.134617161385433448e+00 5.528547036116110425e-01
7.144482785744687092e+00 5.508815888694010843e-01
7.154362052117490656e+00 5.489154130775607543e-01
7.164254979367782994e+00 5.469561522493632255e-01
7.174161586385589651e+00 5.450037824793512176e-01
7.184081892087053056e+00 5.430582799430708763e-01
7.194015915414477824e+00 5.411196208968004351e-01
7.203963675336353845e+00 5.391877816772854271e-01
7.213925190847406022e+00 5.372627387014710099e-01
7.223900480968624471e+00 5.353444684662355124e-01
7.233889564747300049e+00 5.334329475481287552e-01
7.243892461257061655e+00 5.315281526031052639e-01
7.253909189597915308e+00 5.296300603662631445e-01
7.263939768896272575e+00 5.277386476515810720e-01
7.273984218304998528e+00 5.258538913516579427e-01
7.284042557003439278e+00 5.239757684374509727e-01
7.294114804197462831e+00 5.221042559580179043e-01
7.304200979119497283e+00 5.202393310402563253e-01
7.314301101028558350e+00 5.183809708886483181e-01
7.324415189210299104e+00 5.165291527850011111e-01
7.334543262977036626e+00 5.146838540881908397e-01
7.344685341667796408e+00 5.128450522339088602e-01
7.354841444648343440e+00 5.110127247344061763e-01
7.365011591311218631e+00 5.091868491782398642e-01
7.375195801075783208e+00 5.073674032300186099e-01
7.385394093388248926e+00 5.055543646301541294e-01
7.395606487721718025e+00 5.037477111946053743e-01
7.405833003576222318e+00 5.019474208146311733e-01
7.416073660478749829e+00 5.001534714565409878e-01
7.426328477983297205e+00 4.983658411614421690e-01
7.436597475670899904e+00 4.965845080449961535e-01
7.446880673149667729e+00 4.948094502971676079e-01
7.457178090054823905e+00 4.930406461819821784e-01
7.467489746048745047e+00 4.912780740372753030e-01
7.477815660820993138e+00 4.895217122744525695e-01
7.488155854088359042e+00 4.877715393782428577e-01
7.498510345594897153e+00 4.860275339064541456e-01
7.508879155111963577e+00 4.842896744897337569e-01
7.519262302438256995e+00 4.825579398313235568e-01
7.529659807399845306e+00 4.808323087068221979e-01
7.540071689850218917e+00 4.791127599639422030e-01
7.550497969670318277e+00 4.773992725222714339e-01
7.560938666768576510e+00 4.756918253730354484e-01
7.571393801080956720e+00 4.739903975788571366e-01
7.581863392570982185e+00 4.722949682735229082e-01
7.592347461229789651e+00 4.706055166617433283e-01
7.602846027076154201e+00 4.689220220189205257e-01
7.613359110156536325e+00 4.672444636909087734e-01
7.623886730545113011e+00 4.655728210937862821e-01
7.634428908343823927e+00 4.639070737136164468e-01
7.644985663682397181e+00 4.622472011062204733e-01
7.655557016718403496e+00 4.605931828927667948e-01
7.666142987637284634e+00 4.589449987382855367e-01
7.676743596652395141e+00 4.573026283676732695e-01
7.687358864005040537e+00 4.556660515751983498e-01
7.697988809964511070e+00 4.540352482242873133e-01
7.708633454828130560e+00 4.524101982472887862e-01
7.719292818921287491e+00 4.507908816452452783e-01
7.729966922597476753e+00 4.491772784876578162e-01
7.740655786238338720e+00 4.475693689122579588e-01
7.751359430253691229e+00 4.459671331247777593e-01
7.762077875081581091e+00 4.443705513987182831e-01
7.772811141188314288e+00 4.427796040751240114e-01
7.783559249068496833e+00 4.411942715623538569e-01
7.794322219245076511e+00 4.396145343358540680e-01
7.805100072269373079e+00 4.380403729379336863e-01
7.815892828721133334e+00 4.364717679775362291e-01
7.826700509208555090e+00 4.349087001300188104e-01
7.837523134368336031e+00 4.333511501369247121e-01
7.848360724865709237e+00 4.317990988057629487e-01
7.859213301394484041e+00 4.302525270097840582e-01
7.870080884677079780e+00 4.287114156877599447e-01
7.880963495464576418e+00 4.271757458437620003e-01
7.891861154536745637e+00 4.256454985469404484e-01
7.902773882702094355e+00 4.241206549313060736e-01
7.913701700797903804e+00 4.226011961955108420e-01
7.924644629690262398e+00 4.210871036026307968e-01
7.935602690274119020e+00 4.195783584799465116e-01
7.946575903473313218e+00 4.180749422187297615e-01
7.957564290240617844e+00 4.165768362740243091e-01
7.968567871557779903e+00 4.150840221644332972e-01
7.979586668435554309e+00 4.135964814719042537e-01
7.990620701913756285e+00 4.121141958415145967e-01
8.001669993061289787e+00 4.106371469812593600e-01
8.012734562976197239e+00 4.091653166618380300e-01
8.023814432785689732e+00 4.076986867164448802e-01
8.034909623646194987e+00 4.062372390405560307e-01
8.046020156743395546e+00 4.047809555917201707e-01
8.057146053292271404e+00 4.033298183893493372e-01
8.068287334537131983e+00 4.018838095145096379e-01
8.079444021751669425e+00 4.004429111097129734e-01
8.090616136238994116e+00 3.990071053787099808e-01
8.101803699331661335e+00 3.975763745862848086e-01
8.113006732391740528e+00 3.961507010580453958e-01
8.124225256810829521e+00 3.947300671802225769e-01
8.135459294010111364e+00 3.933144553994607495e-01
8.146708865440391634e+00 3.919038482226179787e-01
8.157973992582126854e+00 3.904982282165616603e-01
8.169254696945490224e+00 3.890975780079635737e-01
8.180551000070389378e+00 3.877018802831007638e-01
8.191862923526521456e+00 3.863111177876528135e-01
8.203190488913408629e+00 3.849252733265015047e-01
8.214533717860438955e+00 3.835443297635317550e-01
8.225892632026912565e+00 3.821682700214301120e-01
8.237267253102075415e+00 3.807970770814885775e-01
8.248657602805167244e+00 3.794307339834055992e-01
8.260063702885464210e+00 3.780692238250880632e-01
8.271485575122312639e+00 3.767125297624555058e-01
8.282923241325173436e+00 3.753606350092456023e-01
8.294376723333668266e+00 3.740135228368147713e-01
8.305846043017620417e+00 3.726711765739474935e-01
8.317331222277088543e+00 3.713335796066603023e-01
8.328832283042419959e+00 3.700007153780085489e-01
8.340349247274282618e+00 3.686725673878940013e-01
8.351882136963713066e+00 3.673491191928732191e-01
8.363430974132157303e+00 3.660303544059643199e-01
8.374995780831511638e+00 3.647162566964580743e-01
8.386576579144167098e+00 3.634068097897264482e-01
8.398173391183044956e+00 3.621019974670341979e-01
8.409786239091648241e+00 3.608018035653484668e-01
8.421415145044097272e+00 3.595062119771513798e-01
8.433060131245175839e+00 3.582152066502526933e-01
8.444721219930375611e+00 3.569287715876010569e-01
8.456398433365926337e+00 3.556468908471002721e-01
8.468091793848852689e+00 3.543695485414208313e-01
8.479801323707011562e+00 3.530967288378162316e-01
8.491527045299132936e+00 3.518284159579379566e-01
8.503268981014866057e+00 3.505645941776514563e-01
8.515027153274818517e+00 3.493052478268526273e-01
8.526801584530597111e+00 3.480503612892862364e-01
8.538592297264862907e+00 3.467999190023615119e-01
8.550399313991357886e+00 3.455539054569728985e-01
8.562222657254958236e+00 3.443123051973174809e-01
8.574062349631720537e+00 3.430751028207155717e-01
8.585918413728906629e+00 3.418422829774312999e-01
8.597790872185049338e+00 3.406138303704920878e-01
8.609679747669982675e+00 3.393897297555115711e-01
8.621585062884889794e+00 3.381699659405101310e-01
8.633506840562342077e+00 3.369545237857393682e-01
8.645445103466341763e+00 3.357433882035044670e-01
8.657399874392378791e+00 3.345365441579869481e-01
8.669371176167455673e+00 3.333339766650710301e-01
8.681359031650144331e+00 3.321356707921673257e-01
8.693363463730621632e+00 3.309416116580388700e-01
8.705384495330720895e+00 3.297517844326270930e-01
8.717422149403963871e+00 3.285661743368794019e-01
8.729476448935621136e+00 3.273847666425746539e-01
8.741547416942742288e+00 3.262075466721529593e-01
8.753635076474202137e+00 3.250344997985431528e-01
8.765739450610755767e+00 3.238656114449919854e-01
8.777860562465059857e+00 3.227008670848943717e-01
8.789998435181745506e+00 3.215402522416219711e-01
8.802153091937437779e+00 3.203837524883558219e-01
8.814324555940816097e+00 3.192313534479164217e-01
8.826512850432649770e+00 3.180830407925958614e-01
8.838717998685840627e+00 3.169388002439911811e-01
8.850940024005481632e+00 3.157986175728350053e-01
8.863178949728883538e+00 3.146624785988323958e-01
8.875434799225631721e+00 3.135303691904915979e-01
8.887707595897625268e+00 3.124022752649610046e-01
8.899997363179121379e+00 3.112781827878641217e-01
8.912304124536785110e+00 3.101580777731334226e-01
8.924627903469726675e+00 3.090419462828497554e-01
8.936968723509554735e+00 3.079297744270760306e-01
8.949326608220415480e+00 3.068215483636967389e-01
8.961701581199040589e+00 3.057172542982548591e-01
8.974093666074782760e+00 3.046168784837915422e-01
8.986502886509681431e+00 3.035204072206828529e-01
8.998929266198485877e+00 3.024278268564822292e-01
9.011372828868713825e+00 3.013391237857576122e-01
9.023833598280697643e+00 3.002542844499343500e-01
9.036311598227612762e+00 2.991732953371356585e-01
9.048806852535546952e+00 2.980961429820236375e-01
9.061319385063530518e+00 2.970228139656419519e-01
9.073849219703582492e+00 2.959532949152589021e-01
9.086396380380767468e+00 2.948875725042101048e-01
9.098960891053222255e+00 2.938256334517429513e-01
9.111542775712219822e+00 2.927674645228600658e-01
9.124142058382204823e+00 2.917130525281648179e-01
9.136758763120848670e+00 2.906623843237058358e-01
9.149392914019081502e+00 2.896154468108240732e-01
9.162044535201147255e+00 2.885722269359986547e-01
9.174713650824651623e+00 2.875327116906927771e-01
9.187400285080602913e+00 2.864968881112024968e-01
9.200104462193461785e+00 2.854647432785042405e-01
9.212826206421187436e+00 2.844362643181023720e-01
9.225565542055278456e+00 2.834114383998795894e-01
9.238322493420822568e+00 2.823902527379451022e-01
9.251097084876549914e+00 2.813726945904850285e-01
9.263889340814868589e+00 2.803587512596128484e-01
9.276699285661916150e+00 2.793484100912204116e-01
9.289526943877612908e+00 2.783416584748286127e-01
9.302372339955690350e+00 2.773384838434406752e-01
9.315235498423758642e+00 2.763388736733933815e-01
9.328116443843340377e+00 2.753428154842104680e-01
9.341015200809922092e+00 2.743502968384560203e-01
9.353931793953005780e+00 2.733613053415874794e-01
9.366866247936137313e+00 2.723758286418124785e-01
9.379818587456979273e+00 2.713938544299405731e-01
9.392788837247341149e+00 2.704153704392407431e-01
9.405777022073234406e+00 2.694403644452959545e-01
9.418783166734909784e+00 2.684688242658606061e-01
9.431807296066921253e+00 2.675007377607163117e-01
9.444849434938150878e+00 2.665360928315301248e-01
9.457909608251878097e+00 2.655748774217115415e-01
9.470987840945817027e+00 2.646170795162704481e-01
9.484084157992164421e+00 2.636626871416768436e-01
9.497198584397649412e+00 2.627116883657193425e-01
9.510331145203574366e+00 2.617640712973650641e-01
9.523481865485873499e+00 2.608198240866193007e-01
9.536650770355153739e+00 2.598789349243869062e-01
9.549837884956749789e+00 2.589413920423320192e-01
9.563043234470759657e+00 2.580071837127408951e-01
9.576266844112099719e+00 2.570762982483837944e-01
9.589508739130559789e+00 2.561487240023759271e-01
9.602768944810840424e+00 2.552244493680424497e-01
9.616047486472604433e+00 2.543034627787797985e-01
9.629344389470530174e+00 2.533857527079354521e-01
9.642659679194350630e+00 2.524713076709073079e-01
9.655993381068910253e+00 2.515601162273781166e-01
9.669345520554212925e+00 2.506521669770379601e-01
9.682716123145462817e+00 2.497474485588657422e-01
9.696105214373123005e+00 2.488459496509959623e-01
9.709512819802961658e+00 2.479476589705860712e-01
9.722938965036087566e+00 2.470525652736857425e-01
9.736383675709021190e+00 2.461606573551034238e-01
9.749846977493730193e+00 2.452719240482755525e-01
9.763328896097680953e+00 2.443863542251365484e-01
9.776829457263886525e+00 2.435039367959876133e-01
9.790348686770954600e+00 2.426246607093677232e-01
9.803886610433142579e+00 2.417485149519229271e-01
9.817443254100403749e+00 2.408754885482782826e-01
9.831018643658435252e+00 2.400055705609088208e-01
9.844612805028731373e+00 2.391387500900110097e-01
9.858225764168620842e+00 2.382750162733760779e-01
9.871857547071334338e+00 2.374143582862614510e-01
9.885508179766045345e+00 2.365567653412644078e-01
9.899177688317916335e+00 2.357022266881955430e-01
9.912866098828153838e+00 2.348507316139525070e-01
9.926573437434059954e+00 2.340022694423944116e-01
9.940299730309069659e+00 2.331568295342171249e-01
9.954045003662820079e+00 2.323144012868270103e-01
9.967809283741186022e+00 2.314749741342181089e-01
9.981592596826335040e+00 2.306385375468473498e-01
9.995394969236780724e+00 2.298050810315103165e-01
1.000921642732741645e+01 2.289745941312203714e-01
1.002305699748960244e+01 2.281470664250824232e-01
1.003691670615116927e+01 2.273224875281735780e-01
1.005079557977649785e+01 2.265008470914201544e-01
1.006469364486657447e+01 2.256821348014751982e-01
1.007861092795901570e+01 2.248663403805988559e-01
1.009254745562814826e+01 2.240534535865360277e-01
1.010650325448503217e+01 2.232434642123980462e-01
1.012047835117752470e+01 2.224363620865413282e-01
1.013447277239034960e+01 2.216321370724470274e-01
1.014848654484510604e+01 2.208307790686043215e-01
1.016251969530036270e+01 2.200322780083893426e-01
1.017657225055167736e+01 2.192366238599480766e-01
1.019064423743165904e+01 2.184438066260785960e-01
1.020473568281003551e+01 2.176538163441116558e-01
1.021884661359367108e+01 2.168666430857964511e-01
1.023297705672665181e+01 2.160822769571808522e-01
1.024712703919031043e+01 2.153007080984972177e-01
1.026129658800328848e+01 2.145219266840452943e-01
1.027548573022160383e+01 2.137459229220763368e-01
1.028969449293866489e+01 2.129726870546792272e-01
1.030392290328536653e+01 2.122022093576638457e-01
1.031817098843009894e+01 2.114344801404480778e-01
1.033243877557884005e+01 2.106694897459426008e-01
1.034672629197517146e+01 2.099072285504381963e-01
1.036103356490034955e+01 2.091476869634918967e-01
1.037536062167336937e+01 2.083908554278133263e-01
1.038970748965097890e+01 2.076367244191537897e-01
1.040407419622777851e+01 2.068852844461920859e-01
1.041846076883623162e+01 2.061365260504244568e-01
1.043286723494673573e+01 2.053904398060523995e-01
1.044729362206768997e+01 2.046470163198704229e-01
1.046173995774550924e+01 2.039062462311577728e-01
1.047620626956472201e+01 2.031681202115656892e-01
1.049069258514798442e+01 2.024326289650090760e-01
1.050519893215614431e+01 2.016997632275563945e-01
1.051972533828832113e+01 2.009695137673193355e-01
1.053427183128191125e+01 2.002418713843459874e-01
1.054883843891268569e+01 1.995168269105102865e-01
1.056342518899481142e+01 1.987943712094053239e-01
1.057803210938090999e+01 1.980744951762352102e-01
1.059265922796214277e+01 1.973571897377063289e-01
1.060730657266820742e+01 1.966424458519225038e-01
1.062197417146744804e+01 1.959302545082762803e-01
1.063666205236686935e+01 1.952206067273434542e-01
1.065137024341219885e+01 1.945134935607777671e-01
1.066609877268796325e+01 1.938089060912031591e-01
1.068084766831750265e+01 1.931068354321109626e-01
1.069561695846306826e+01 1.924072727277524042e-01
1.071040667132583479e+01 1.917102091530362984e-01
1.072521683514597512e+01 1.910156359134237702e-01
1.074004747820272776e+01 1.903235442448232839e-01
1.075489862881441461e+01 1.896339254134896957e-01
1.076977031533853513e+01 1.889467707159178389e-01
1.078466256617178587e+01 1.882620714787424654e-01
1.079957540975013153e+01 1.875798190586343006e-01
1.081450887454887066e+01 1.869000048421975424e-01
1.082946298908265526e+01 1.862226202458692748e-01
1.084443778190559371e+01 1.855476567158163004e-01
1.085943328161125265e+01 1.848751057278358867e-01
1.087444951683275818e+01 1.842049587872529870e-01
1.088948651624281538e+01 1.835372074288214028e-01
1.090454430855377765e+01 1.828718432166228647e-01
1.091962292251771771e+01 1.822088577439665014e-01
1.093472238692644183e+01 1.815482426332911958e-01
1.094984273061159463e+01 1.808899895360639998e-01
1.096498398244466976e+01 1.802340901326835165e-01
1.098014617133708448e+01 1.795805361323807581e-01
1.099532932624025250e+01 1.789293192731193360e-01
1.101053347614559463e+01 1.782804313215006486e-01
1.102575865008464540e+01 1.776338640726634055e-01
1.104100487712907075e+01 1.769896093501882317e-01
1.105627218639072851e+01 1.763476590060006621e-01
1.107156060702175360e+01 1.757080049202734140e-01
1.108687016821456872e+01 1.750706390013314906e-01
1.110220089920198738e+01 1.744355531855557306e-01
1.111755282925722632e+01 1.738027394372869683e-01
1.113292598769398190e+01 1.731721897487319417e-01
1.114832040386649936e+01 1.725438961398660931e-01
1.116373610716959774e+01 1.719178506583413923e-01
1.117917312703876043e+01 1.712940453793906359e-01
1.119463149295015647e+01 1.706724724057334941e-01
1.121011123442071700e+01 1.700531238674840850e-01
1.122561238100820624e+01 1.694359919220551070e-01
1.124113496231123221e+01 1.688210687540679100e-01
1.125667900796935861e+01 1.682083465752570173e-01
1.127224454766311901e+01 1.675978176243790307e-01
1.128783161111408262e+01 1.669894741671212601e-01
1.130344022808493776e+01 1.663833084960073538e-01
1.131907042837950605e+01 1.657793129303091195e-01
1.133472224184284372e+01 1.651774798159519053e-01
1.135039569836125750e+01 1.645778015254268922e-01
1.136609082786237934e+01 1.639802704576983627e-01
1.138180766031524627e+01 1.633848790381133842e-01
1.139754622573031106e+01 1.627916197183140734e-01
1.141330655415954531e+01 1.622004849761445044e-01
1.142908867569646070e+01 1.616114673155647219e-01
1.144489262047618006e+01 1.610245592665593972e-01
1.146071841867551733e+01 1.604397533850491497e-01
1.147656610051298642e+01 1.598570422528039769e-01
1.149243569624891492e+01 1.592764184773522440e-01
1.150832723618544762e+01 1.586978746918956407e-01
1.152424075066665488e+01 1.581214035552188923e-01
1.154017627007854685e+01 1.575469977516043840e-01
1.155613382484915519e+01 1.569746499907449799e-01
1.157211344544860054e+01 1.564043530076555111e-01
1.158811516238911388e+01 1.558360995625890644e-01
1.160413900622514305e+01 1.552698824409482758e-01
1.162018500755337058e+01 1.547056944532009537e-01
1.163625319701278116e+01 1.541435284347947021e-01
1.165234360528475221e+01 1.535833772460699909e-01
1.166845626309305395e+01 1.530252337721775269e-01
1.168459120120397365e+01 1.524690909229908242e-01
1.170074845042631750e+01 1.519149416330244362e-01
1.171692804161149759e+01 1.513627788613481628e-01
1.173313000565360120e+01 1.508125955915028682e-01
1.174935437348941392e+01 1.502643848314190733e-01
1.176560117609852441e+01 1.497181396133305531e-01
1.178187044450333865e+01 1.491738529936943447e-01
1.179816220976916519e+01 1.486315180531057600e-01
1.181447650300427910e+01 1.480911278962171174e-01
1.183081335535995571e+01 1.475526756516551685e-01
1.184717279803056300e+01 1.470161544719386093e-01
1.186355486225359179e+01 1.464815575333980324e-01
1.187995957930972324e+01 1.459488780360928550e-01
1.189638698052291232e+01 1.454181092037310497e-01
1.191283709726040563e+01 1.448892442835884309e-01
1.192930996093284612e+01 1.443622765464270541e-01
1.194580560299429095e+01 1.438371992864168614e-01
1.196232405494229845e+01 1.433140058210537471e-01
1.197886534831799032e+01 1.427926894910808708e-01
1.199542951470608365e+01 1.422732436604089157e-01
1.201201658573499564e+01 1.417556617160363464e-01
1.202862659307685789e+01 1.412399370679718602e-01
1.204525956844759804e+01 1.407260631491542291e-01
1.206191554360701801e+01 1.402140334153745838e-01
1.207859455035881346e+01 1.397038413451981431e-01
1.209529662055068222e+01 1.391954804398863321e-01
1.211202178607433311e+01 1.386889442233193714e-01
1.212877007886560321e+01 1.381842262382608766e-01
1.214554153090446853e+01 1.376813199938528021e-01
1.216233617421512747e+01 1.371802189785939485e-01
1.217915404086607900e+01 1.366809167036207029e-01
1.219599516297014041e+01 1.361834067038089346e-01
1.221285957268456102e+01 1.356876825376834572e-01
1.222974730221103457e+01 1.351937377873305979e-01
1.224665838379578808e+01 1.347015660583072982e-01
1.226359284972964936e+01 1.342111609795537674e-01
1.228055073234808070e+01 1.337225162033049142e-01
1.229753206403127663e+01 1.332356254050018340e-01
1.231453687720418877e+01 1.327504822832058229e-01
1.233156520433660575e+01 1.322670805595095866e-01
1.234861707794323316e+01 1.317854139784512268e-01
1.236569253058371487e+01 1.313054763074275877e-01
1.238279159486274139e+01 1.308272613366075754e-01
1.239991430343006584e+01 1.303507628788476425e-01
1.241706068898059456e+01 1.298759747696047739e-01
1.243423078425445816e+01 1.294028908668522493e-01
1.245142462203703992e+01 1.289315050509944049e-01
1.246864223515907533e+01 1.284618112247825072e-01
1.248588365649668752e+01 1.279938033132300146e-01
1.250314891897145486e+01 1.275274752635298936e-01
1.252043805555049794e+01 1.270628210449692430e-01
1.253775109924650089e+01 1.265998346488479698e-01
1.255508808311782154e+01 1.261385100883948562e-01
1.257244904026851096e+01 1.256788413986853759e-01
1.258983400384839513e+01 1.252208226365598698e-01
1.260724300705315848e+01 1.247644478805405022e-01
1.262467608312436518e+01 1.243097112307509911e-01
1.264213326534956749e+01 1.238566068088347016e-01
1.265961458706232712e+01 1.234051287578736417e-01
1.267712008164230397e+01 1.229552712423086641e-01
1.269464978251532905e+01 1.225070284478575883e-01
1.271220372315342928e+01 1.220603945814373592e-01
1.272978193707494299e+01 1.216153638710819884e-01
1.274738445784453056e+01 1.211719305658656987e-01
1.276501131907329167e+01 1.207300889358214752e-01
1.278266255441878307e+01 1.202898332718641966e-01
1.280033819758510205e+01 1.198511578857112125e-01
1.281803828232297171e+01 1.194140571098045583e-01
1.283576284242975873e+01 1.189785252972330731e-01
1.285351191174958707e+01 1.185445568216548090e-01
1.287128552417336813e+01 1.181121460772198567e-01
1.288908371363886829e+01 1.176812874784939483e-01
1.290690651413080658e+01 1.172519754603805198e-01
1.292475395968086893e+01 1.168242044780462424e-01
1.294262608436782713e+01 1.163979690068431272e-01
1.296052292231755310e+01 1.159732635422341396e-01
1.297844450770311120e+01 1.155500825997177461e-01
1.299639087474483645e+01 1.151284207147514338e-01
1.301436205771035937e+01 1.147082724426789074e-01
1.303235809091471964e+01 1.142896323586536228e-01
1.305037900872038925e+01 1.138724950575657202e-01
1.306842484553735240e+01 1.134568551539680975e-01
1.308649563582320141e+01 1.130427072820016088e-01
1.310459141408314032e+01 1.126300460953233856e-01
1.312271221487012163e+01 1.122188662670318970e-01
1.314085807278485341e+01 1.118091624895954095e-01
1.315902902247588635e+01 1.114009294747796003e-01
1.317722509863970437e+01 1.109941619535737278e-01
1.319544633602074768e+01 1.105888546761208124e-01
1.321369276941151760e+01 1.101850024116439591e-01
1.323196443365261388e+01 1.097825999483765663e-01
1.325026136363280926e+01 1.093816420934902167e-01
1.326858359428914191e+01 1.089821236730236509e-01
1.328693116060693313e+01 1.085840395318135865e-01
1.330530409761990462e+01 1.081873845334225259e-01
1.332370244041020868e+01 1.077921535600700614e-01
1.334212622410850457e+01 1.073983415125630003e-01
1.336057548389404914e+01 1.070059433102248519e-01
1.337905025499471812e+01 1.066149538908282290e-01
1.339755057268712868e+01 1.062253682105240848e-01
1.341607647229664835e+01 1.058371812437749471e-01
1.343462798919752110e+01 1.054503879832846547e-01
1.345320515881288337e+01 1.050649834399313975e-01
1.347180801661485816e+01 1.046809626426999928e-01
1.349043659812463147e+01 1.042983206386128292e-01
1.350909093891248780e+01 1.039170524926644607e-01
1.352777107459792205e+01 1.035371532877525924e-01
1.354647704084966264e+01 1.031586181246129524e-01
1.356520887338575854e+01 1.027814421217515678e-01
1.358396660797367161e+01 1.024056204153785399e-01
1.360275028043029444e+01 1.020311481593428604e-01
1.362155992662207282e+01 1.016580205250655483e-01
1.364039558246503070e+01 1.012862327014747571e-01
1.365925728392485183e+01 1.009157798949402163e-01
1.367814506701697752e+01 1.005466573292079224e-01
1.369705896780661902e+01 1.001788602453364679e-01
1.371599902240888724e+01 9.981238390163070517e-02
1.373496526698881404e+01 9.944722357357936582e-02
1.375395773776143571e+01 9.908337455378948833e-02
1.377297647099188893e+01 9.872083215192355155e-02
1.379202150299542851e+01 9.835959169463558138e-02
1.381109287013755527e+01 9.799964852550752115e-02
1.383019060883403384e+01 9.764099800498723947e-02
1.384931475555097968e+01 9.728363551032453982e-02
1.386846534680496212e+01 9.692755643550919620e-02
1.388764241916300968e+01 9.657275619120848920e-02
1.390684600924274505e+01 9.621923020470524168e-02
1.392607615371240826e+01 9.586697391983578509e-02
1.394533288929093651e+01 9.551598279692842530e-02
1.396461625274806906e+01 9.516625231274217223e-02
1.398392628090435785e+01 9.481777796040558037e-02
1.400326301063129719e+01 9.447055524935568660e-02
1.402262647885134861e+01 9.412457970527744744e-02
1.404201672253802613e+01 9.377984687004353725e-02
1.406143377871599398e+01 9.343635230165377170e-02
1.408087768446108434e+01 9.309409157417544711e-02
1.410034847690042525e+01 9.275306027768343009e-02
1.411984619321245304e+01 9.241325401820088548e-02
1.413937087062704556e+01 9.207466841763943532e-02
1.415892254642553993e+01 9.173729911374120527e-02
1.417850125794082317e+01 9.140114176001883084e-02
1.419810704255742628e+01 9.106619202569764260e-02
1.421773993771154920e+01 9.073244559565703249e-02
1.423739998089118686e+01 9.039989817037205611e-02
1.425708720963614873e+01 9.006854546585638110e-02
1.427680166153815122e+01 8.973838321360363968e-02
1.429654337424091715e+01 8.940940716053046022e-02
1.431631238544019524e+01 8.908161306891917985e-02
1.433610873288388277e+01 8.875499671636070953e-02
1.435593245437205567e+01 8.842955389569788494e-02
1.437578358775706100e+01 8.810528041496874796e-02
1.439566217094360212e+01 8.778217209735027227e-02
1.441556824188877606e+01 8.746022478110210274e-02
1.443550183860219072e+01 8.713943431951078067e-02
1.445546299914598976e+01 8.681979658083398277e-02
1.447545176163495384e+01 8.650130744824487128e-02
1.449546816423658235e+01 8.618396281977702689e-02
1.451551224517113070e+01 8.586775860826921514e-02
1.453558404271172932e+01 8.555269074131062468e-02
1.455568359518440857e+01 8.523875516118614715e-02
1.457581094096820173e+01 8.492594782482192073e-02
1.459596611849522851e+01 8.461426470373116515e-02
1.461614916625072347e+01 8.430370178396021097e-02
1.463636012277316745e+01 8.399425506603439007e-02
1.465659902665431069e+01 8.368592056490478659e-02
1.467686591653926698e+01 8.337869430989493236e-02
1.469716083112660954e+01 8.307257234464675288e-02
1.471748380916839594e+01 8.276755072706865057e-02
1.473783488947029241e+01 8.246362552928215850e-02
1.475821411089161117e+01 8.216079283756926033e-02
1.477862151234539390e+01 8.185904875232057065e-02
1.479905713279851298e+01 8.155838938798216919e-02
1.481952101127169463e+01 8.125881087300489136e-02
1.484001318683965209e+01 8.096030934979130123e-02
1.486053369863110873e+01 8.066288097464484330e-02
1.488108258582889043e+01 8.036652191771860576e-02
1.490165988767003213e+01 8.007122836296312607e-02
1.492226564344579209e+01 7.977699650807688891e-02
1.494289989250179040e+01 7.948382256445396532e-02
1.496356267423802500e+01 7.919170275713453833e-02
1.498425402810900309e+01 7.890063332475402702e-02
1.500497399362376783e+01 7.861061051949293221e-02
1.502572261034599421e+01 7.832163060702705681e-02
1.504649991789408858e+01 7.803368986647687966e-02
1.506730595594120992e+01 7.774678459035921918e-02
1.508814076421540662e+01 7.746091108453638518e-02
1.510900438249964139e+01 7.717606566816777314e-02
1.512989685063188539e+01 7.689224467366097271e-02
1.515081820850522121e+01 7.660944444662180774e-02
1.517176849606786426e+01 7.632766134580699913e-02
1.519274775332330130e+01 7.604689174307439903e-02
1.521375602033031171e+01 7.576713202333552888e-02
1.523479333720306528e+01 7.548837858450736793e-02
1.525585974411122869e+01 7.521062783746360059e-02
1.527695528127997804e+01 7.493387621959274325e-02
1.529807998899014621e+01 7.465812024220828957e-02
1.531923390757824421e+01 7.438335644557471371e-02
1.534041707743655536e+01 7.410958138138097617e-02
1.536162953901324357e+01 7.383679161270344238e-02
1.538287133281237118e+01 7.356498371397257596e-02
1.540414249939403923e+01 7.329415427093650959e-02
1.542544307937441239e+01 7.302429988062802968e-02
1.544677311342581838e+01 7.275541715132882725e-02
1.546813264227685103e+01 7.248750270253556671e-02
1.548952170671238626e+01 7.222055316492545507e-02
1.551094034757373485e+01 7.195456518032163074e-02
1.553238860575865488e+01 7.168953540165971805e-02
1.555386652222145649e+01 7.142546049295299404e-02
1.557537413797310677e+01 7.116233712925854049e-02
1.559691149408124922e+01 7.090016199664390950e-02
1.561847863167034589e+01 7.063893179215230411e-02
1.564007559192170227e+01 7.037864322376992388e-02
1.566170241607356850e+01 7.011929301039156182e-02
1.568335914542124243e+01 6.986087788178738101e-02
1.570504582131709270e+01 6.960339457856949685e-02
1.572676248517069908e+01 6.934683985215819857e-02
1.574850917844887199e+01 6.909121046474961392e-02
1.577028594267579287e+01 6.883650318928134781e-02
1.579209281943303722e+01 6.858271480940029974e-02
1.581392985035968124e+01 6.832984211942952357e-02
1.583579707715239948e+01 6.807788192433464336e-02
1.585769454156549507e+01 6.782683103969219807e-02
1.587962228541103649e+01 6.757668629165559937e-02
1.590158035055889130e+01 6.732744451692380949e-02
1.592356877893681677e+01 6.707910256270781246e-02
1.594558761253057710e+01 6.683165728669837602e-02
1.596763689338395764e+01 6.658510555703425760e-02
1.598971666359891408e+01 6.633944425226910580e-02
1.601182696533560090e+01 6.609467026133983292e-02
1.603396784081246196e+01 6.585078048353423807e-02
1.605613933230635126e+01 6.560777182845908828e-02
1.607834148215254544e+01 6.536564121600842159e-02
1.610057433274489824e+01 6.512438557633105918e-02
1.612283792653585834e+01 6.488400184979963015e-02
1.614513230603657590e+01 6.464448698697847218e-02
1.616745751381701623e+01 6.440583794859190692e-02
1.618981359250596341e+01 6.416805170549341741e-02
1.621220058479119075e+01 6.393112523863350716e-02
1.623461853341947858e+01 6.369505553902871098e-02
1.625706748119670308e+01 6.345983960773064758e-02
1.627954747098796773e+01 6.322547445579411451e-02
1.630205854571761037e+01 6.299195710424704275e-02
1.632460074836935959e+01 6.275928458405846677e-02
1.634717412198635955e+01 6.252745393610853464e-02
1.636977870967126591e+01 6.229646221115721361e-02
1.639241455458636310e+01 6.206630646981367572e-02
1.641508169995359268e+01 6.183698378250587074e-02
1.643778018905468841e+01 6.160849122944947465e-02
1.646051006523121174e+01 6.138082590061817723e-02
1.648327137188465841e+01 6.115398489571268609e-02
1.650606415247655789e+01 6.092796532413059102e-02
1.652888845052850542e+01 6.070276430493660308e-02
1.655174430962231824e+01 6.047837896683155856e-02
1.657463177340003568e+01 6.025480644812319236e-02
1.659755088556407898e+01 6.003204389669582891e-02
1.662050168987728327e+01 5.981008846998057266e-02
1.664348423016298639e+01 5.958893733492543615e-02
1.666649855030515681e+01 5.936858766796575260e-02
1.668954469424840781e+01 5.914903665499483820e-02
1.671262270599816091e+01 5.893028149133337085e-02
1.673573262962064945e+01 5.871231938170144021e-02
1.675887450924304645e+01 5.849514754018828033e-02
1.678204838905357121e+01 5.827876319022284868e-02
1.680525431330151065e+01 5.806316356454516853e-02
1.682849232629737202e+01 5.784834590517685948e-02
1.685176247241290426e+01 5.763430746339221616e-02
1.687506479608122234e+01 5.742104549968916893e-02
1.689839934179689962e+01 5.720855728376045279e-02
1.692176615411600338e+01 5.699684009446481098e-02
1.694516527765625469e+01 5.678589121979816384e-02
1.696859675709703197e+01 5.657570795686529819e-02
1.699206063717950599e+01 5.636628761185092512e-02
1.701555696270673579e+01 5.615762749999114040e-02
1.703908577854370066e+01 5.594972494554572434e-02
1.706264712961744934e+01 5.574257728176888749e-02
1.708624106091713912e+01 5.553618185088166764e-02
1.710986761749412466e+01 5.533053600404373717e-02
1.713352684446208940e+01 5.512563710132479394e-02
1.715721878699706338e+01 5.492148251167743717e-02
1.718094349033758306e+01 5.471806961290818366e-02
1.720470099978470557e+01 5.451539579165069760e-02
1.722849136070214016e+01 5.431345844333733408e-02
1.725231461851634762e+01 5.411225497217136970e-02
1.727617081871655813e+01 5.391178279110020455e-02
1.730006000685495238e+01 5.371203932178680168e-02
1.732398222854666869e+01 5.351302199458293773e-02
1.734793752946991674e+01 5.331472824850180814e-02
1.737192595536610185e+01 5.311715553119006339e-02
1.739594755203984278e+01 5.292030129890164247e-02
1.742000236535912805e+01 5.272416301646955239e-02
1.744409044125534081e+01 5.252873815727972240e-02
1.746821182572341158e+01 5.233402420324331089e-02
1.749236656482184316e+01 5.214001864477016412e-02
1.751655470467283138e+01 5.194671898074214311e-02
1.754077629146236816e+01 5.175412271848569418e-02
1.756503137144028059e+01 5.156222737374611259e-02
1.758931999092039078e+01 5.137103047065991884e-02
1.761364219628051941e+01 5.118052954172924718e-02
1.763799803396263499e+01 5.099072212779486718e-02
1.766238755047294262e+01 5.080160577800969801e-02
1.768681079238191955e+01 5.061317804981312063e-02
1.771126780632447861e+01 5.042543650890395079e-02
1.773575863899999305e+01 5.023837872921491088e-02
1.776028333717240670e+01 5.005200229288644248e-02
1.778484194767035476e+01 4.986630479024035945e-02
1.780943451738719929e+01 4.968128381975432661e-02
1.783406109328116784e+01 4.949693698803554059e-02
1.785872172237539957e+01 4.931326190979559015e-02
1.788341645175806605e+01 4.913025620782424108e-02
1.790814532858246366e+01 4.894791751296378307e-02
1.793290840006706688e+01 4.876624346408398730e-02
1.795770571349567035e+01 4.858523170805580799e-02
1.798253731621742801e+01 4.840487989972692973e-02
1.800740325564697386e+01 4.822518570189555237e-02
1.803230357926452143e+01 4.804614678528563998e-02
1.805723833461591354e+01 4.786776082852160080e-02
1.808220756931276796e+01 4.769002551810289092e-02
1.810721133103251290e+01 4.751293854837958935e-02
1.813224966751850786e+01 4.733649762152677271e-02
1.815732262658015372e+01 4.716070044751996537e-02
1.818243025609292829e+01 4.698554474411017340e-02
1.820757260399854616e+01 4.681102823679914038e-02
1.823274971830498359e+01 4.663714865881477684e-02
1.825796164708660996e+01 4.646390375108633980e-02
1.828320843848429433e+01 4.629129126221982055e-02
1.830849014070543035e+01 4.611930894847396378e-02
1.833380680202411739e+01 4.594795457373525988e-02
1.835915847078117125e+01 4.577722590949399178e-02
1.838454519538428400e+01 4.560712073481954648e-02
1.840996702430805954e+01 4.543763683633693373e-02
1.843542400609413434e+01 4.526877200820194486e-02
1.846091618935129119e+01 4.510052405207728987e-02
1.848644362275549113e+01 4.493289077710904689e-02
1.851200635505004399e+01 4.476586999990194576e-02
1.853760443504563327e+01 4.459945954449633099e-02
1.856323791162043335e+01 4.443365724234380615e-02
1.858890683372023389e+01 4.426846093228376661e-02
1.861461125035847175e+01 4.410386846051973786e-02
1.864035121061639444e+01 4.393987768059573473e-02
1.866612676364309564e+01 4.377648645337283567e-02
1.869193795865562535e+01 4.361369264700567377e-02
1.871778484493911421e+01 4.345149413691912904e-02
1.874366747184681614e+01 4.328988880578499981e-02
1.876958588880026468e+01 4.312887454349859095e-02
1.879554014528929429e+01 4.296844924715606528e-02
1.882153029087218954e+01 4.280861082103070564e-02
1.884755637517578108e+01 4.264935717655032182e-02
1.887361844789548471e+01 4.249068623227408165e-02
1.889971655879547541e+01 4.233259591386968890e-02
1.892585075770871228e+01 4.217508415409049888e-02
1.895202109453706285e+01 4.201814889275300863e-02
1.897822761925142387e+01 4.186178807671359081e-02
1.900447038189175331e+01 4.170599965984651131e-02
1.903074943256724794e+01 4.155078160302080187e-02
1.905706482145636116e+01 4.139613187407835404e-02
1.908341659880692731e+01 4.124204844781089591e-02
1.910980481493630023e+01 4.108852930593804437e-02
1.913622952023137103e+01 4.093557243708472598e-02
1.916269076514873504e+01 4.078317583675916680e-02
1.918918860021474160e+01 4.063133750733052135e-02
1.921572307602560059e+01 4.048005545596199128e-02
1.924229424324751747e+01 4.032932756769632560e-02
1.926890215261671102e+01 4.017915153321422600e-02
1.929554685493960520e+01 4.002952503705277387e-02
1.932222840109283624e+01 3.988044577567995824e-02
1.934894684202343029e+01 3.973191145742521052e-02
1.937570222874883186e+01 3.958391980241059843e-02
1.940249461235703876e+01 3.943646854248232525e-02
1.942932404400670876e+01 3.928955542114286742e-02
1.945619057492721282e+01 3.914317819348329258e-02
1.948309425641879145e+01 3.899733462611615353e-02
1.951003513985260440e+01 3.885202249710869443e-02
1.953701327667083376e+01 3.870723959591683416e-02
1.956402871838683666e+01 3.856298372331855989e-02
1.959108151658514885e+01 3.841925269134933985e-02
1.961817172292168721e+01 3.827604432323624545e-02
1.964529938912376394e+01 3.813335645333372492e-02
1.967246456699022161e+01 3.799118692705928668e-02
1.969966730839155034e+01 3.784953360082929374e-02
1.972690766526993400e+01 3.770839434199593776e-02
1.975418568963942079e+01 3.756776702878365792e-02
1.978150143358595159e+01 3.742764955022674644e-02
1.980885494926748791e+01 3.728803980610716218e-02
1.983624628891415043e+01 3.714893570689201119e-02
1.986367550482823674e+01 3.701033517367270653e-02
1.989114264938441323e+01 3.687223613810326761e-02
1.991864777502973283e+01 3.673463654233970199e-02
1.994619093428377354e+01 3.659753433897981745e-02
1.997377217973876995e+01 3.646092749100261071e-02
2.000139156405963448e+01 3.632481397170928689e-02
2.002904913998414571e+01 3.618919176466329352e-02
2.005674496032298393e+01 3.605405886363177020e-02
2.008447907795984477e+01 3.591941327252699823e-02
2.011225154585158492e+01 3.578525300534785014e-02
2.014006241702825051e+01 3.565157608612225942e-02
2.016791174459325475e+01 3.551838054884934315e-02
2.019579958172340994e+01 3.538566443744273204e-02
2.022372598166906599e+01 3.525342580567329687e-02
2.025169099775422765e+01 3.512166271711292254e-02
2.027969468337660430e+01 3.499037324507837249e-02
2.030773709200777688e+01 3.485955547257534731e-02
2.033581827719323698e+01 3.472920749224341769e-02
2.036393829255251831e+01 3.459932740630052711e-02
2.039209719177933167e+01 3.446991332648833423e-02
2.042029502864158985e+01 3.434096337401813803e-02
2.044853185698159592e+01 3.421247567951613694e-02
2.047680773071607163e+01 3.408444838297041563e-02
2.050512270383632085e+01 3.395687963367674533e-02
2.053347683040828642e+01 3.382976759018613971e-02
2.056187016457267092e+01 3.370311042025168902e-02
2.059030276054507169e+01 3.357690630077605348e-02
2.061877467261600927e+01 3.345115341775967838e-02
2.064728595515111920e+01 3.332584996624848167e-02
2.067583666259119113e+01 3.320099415028271439e-02
2.070442684945227896e+01 3.307658418284562668e-02
2.073305657032586069e+01 3.295261828581257796e-02
2.076172587987886331e+01 3.282909468990036217e-02
2.079043483285384042e+01 3.270601163461694938e-02
2.081918348406901487e+01 3.258336736821176166e-02
2.084797188841841376e+01 3.246116014762569224e-02
2.087680010087199989e+01 3.233938823844171445e-02
2.090566817647570375e+01 3.221804991483613601e-02
2.093457617035161533e+01 3.209714345952948550e-02
2.096352413769801615e+01 3.197666716373820384e-02
2.099251213378951775e+01 3.185661932712630789e-02
2.102154021397719319e+01 3.173699825775768563e-02
2.105060843368860546e+01 3.161780227204836341e-02
2.107971684842801352e+01 3.149902969471901626e-02
2.110886551377639009e+01 3.138067885874831764e-02
2.113805448539156728e+01 3.126274810532582438e-02
2.116728381900837164e+01 3.114523578380564914e-02
2.119655357043865251e+01 3.102814025166022657e-02
2.122586379557148106e+01 3.091145987443433621e-02
2.125521455037317509e+01 3.079519302569962841e-02
2.128460589088744825e+01 3.067933808700903930e-02
2.131403787323553445e+01 3.056389344785179901e-02
2.134351055361623395e+01 3.044885750560859597e-02
2.137302398830609818e+01 3.033422866550697025e-02
2.140257823365946876e+01 3.022000534057695323e-02
2.143217334610860547e+01 3.010618595160734906e-02
2.146180938216383893e+01 2.999276892710140557e-02
2.149148639841359909e+01 2.987975270323384516e-02
2.152120445152460704e+01 2.976713572380732323e-02
2.155096359824189634e+01 2.965491644020953887e-02
2.158076389538901196e+01 2.954309331137030398e-02
2.161060539986804230e+01 2.943166480371946225e-02
2.164048816865975766e+01 2.932062939114422548e-02
2.167041225882374889e+01 2.920998555494744645e-02
2.170037772749847349e+01 2.909973178380585376e-02
2.173038463190143332e+01 2.898986657372840114e-02
2.176043302932922430e+01 2.888038842801534528e-02
2.179052297715766429e+01 2.877129585721701147e-02
2.182065453284194589e+01 2.866258737909307616e-02
2.185082775391666843e+01 2.855426151857212713e-02
2.188104269799602619e+01 2.844631680771137969e-02
2.191129942277385467e+01 2.833875178565659764e-02
2.194159798602376554e+01 2.823156499860245139e-02
2.197193844559929232e+01 2.812475499975263318e-02
2.200232085943391880e+01 2.801832034928103052e-02
2.203274528554128864e+01 2.791225961429212241e-02
2.206321178201523026e+01 2.780657136878246158e-02
2.209372040702989892e+01 2.770125419360199362e-02
2.212427121883993308e+01 2.759630667641548019e-02
2.215486427578047923e+01 2.749172741166453632e-02
2.218549963626738375e+01 2.738751500052953244e-02
2.221617735879724265e+01 2.728366805089192312e-02
2.224689750194754723e+01 2.718018517729687417e-02
2.227766012437680843e+01 2.707706500091563301e-02
2.230846528482461366e+01 2.697430614950883238e-02
2.233931304211181512e+01 2.687190725738940189e-02
2.237020345514057240e+01 2.676986696538606603e-02
2.240113658289448750e+01 2.666818392080694614e-02
2.243211248443876116e+01 2.656685677740311738e-02
2.246313121892022835e+01 2.646588419533296363e-02
2.249419284556754306e+01 2.636526484112611257e-02
2.252529742369123866e+01 2.626499738764810632e-02
2.255644501268385937e+01 2.616508051406485694e-02
2.258763567202010236e+01 2.606551290580742808e-02
2.261886946125687103e+01 2.596629325453747583e-02
2.265014644003346334e+01 2.586742025811196444e-02
2.268146666807159662e+01 2.576889262054911020e-02
2.271283020517562079e+01 2.567070905199367314e-02
2.274423711123254677e+01 2.557286826868301888e-02
2.277568744621219921e+01 2.547536899291326026e-02
2.280718127016735153e+01 2.537820995300516316e-02
2.283871864323378631e+01 2.528138988327096812e-02
2.287029962563047647e+01 2.518490752398082344e-02
2.290192427765962790e+01 2.508876162132979426e-02
2.293359265970684646e+01 2.499295092740472235e-02
2.296530483224125163e+01 2.489747420015153007e-02
2.299706085581555470e+01 2.480233020334265959e-02
2.302886079106622219e+01 2.470751770654469950e-02
2.306070469871355044e+01 2.461303548508603223e-02
2.309259263956178998e+01 2.451888232002515100e-02
2.312452467449930893e+01 2.442505699811832465e-02
2.315650086449862144e+01 2.433155831178848705e-02
2.318852127061660440e+01 2.423838505909330088e-02
2.322058595399451875e+01 2.414553604369427259e-02
2.325269497585818002e+01 2.405301007482538861e-02
2.328484839751810043e+01 2.396080596726218870e-02
2.331704628036951732e+01 2.386892254129139440e-02
2.334928868589261697e+01 2.377735862267968403e-02
2.338157567565256301e+01 2.368611304264404277e-02
2.341390731129964919e+01 2.359518463782100256e-02
2.344628365456945573e+01 2.350457225023676669e-02
2.347870476728287770e+01 2.341427472727754255e-02
2.351117071134634884e+01 2.332429092165949625e-02
2.354368154875187003e+01 2.323461969139959532e-02
2.357623734157715489e+01 2.314525989978599013e-02
2.360883815198580393e+01 2.305621041534886007e-02
2.364148404222731870e+01 2.296747011183165529e-02
2.367417507463733273e+01 2.287903786816183546e-02
2.370691131163763998e+01 2.279091256842262492e-02
2.373969281573634760e+01 2.270309310182415038e-02
2.377251964952803576e+01 2.261557836267530028e-02
2.380539187569378967e+01 2.252836725035542789e-02
2.383830955700141985e+01 2.244145866928630786e-02
2.387127275630547629e+01 2.235485152890448468e-02
2.390428153654747945e+01 2.226854474363318057e-02
2.393733596075594150e+01 2.218253723285519563e-02
2.397043609204653691e+01 2.209682792088515577e-02
2.400358199362224454e+01 2.201141573694246137e-02
2.403677372877339025e+01 2.192629961512418402e-02
2.407001136087787074e+01 2.184147849437804989e-02
2.410329495340118555e+01 2.175695131847590197e-02
2.413662456989658267e+01 2.167271703598682223e-02
2.417000027400523621e+01 2.158877460025082629e-02
2.420342212945627480e+01 2.150512299530757399e-02
2.423689020006698769e+01 2.142176148340248915e-02
2.427040454974288508e+01 2.133868949099945386e-02
2.430396524247784029e+01 2.125590644431540194e-02
2.433757234235425315e+01 2.117341176708082209e-02
2.437122591354308199e+01 2.109120488057624615e-02
2.440492602030407809e+01 2.100928520366861577e-02
2.443867272698580706e+01 2.092765215284773939e-02
2.447246609802581219e+01 2.084630514226207959e-02
2.450630619795078147e+01 2.076524358375459248e-02
2.454019309137657956e+01 2.068446688689855317e-02
2.457412684300847161e+01 2.060397445903259378e-02
2.460810751764115167e+01 2.052376570529631725e-02
2.464213518015891680e+01 2.044384002866509939e-02
2.467620989553581978e+01 2.036419682998481806e-02
2.471033172883571538e+01 2.028483550800669680e-02
2.474450074521246989e+01 2.020575545942138868e-02
2.477871700991000381e+01 2.012695607889361527e-02
2.481298058826246233e+01 2.004843675909584802e-02
2.484729154569436815e+01 1.997019689074206947e-02
2.488164994772066407e+01 1.989223586262165236e-02
2.491605585994693328e+01 1.981455306163254493e-02
2.495050934806943843e+01 1.973714787281453248e-02
2.498501047787528861e+01 1.966001967938237061e-02
2.501955931524259924e+01 1.958316786275826268e-02
2.505415592614053111e+01 1.950659180260485778e-02
2.508880037662951423e+01 1.943029087685727019e-02
2.512349273286127982e+01 1.935426446175565404e-02
2.515823306107907342e+01 1.927851193187690368e-02
2.519302142761771535e+01 1.920303266016660376e-02
2.522785789890374275e+01 1.912782601797064636e-02
2.526274254145559084e+01 1.905289137506653227e-02
2.529767542188362128e+01 1.897822809969466548e-02
2.533265660689035315e+01 1.890383555858934569e-02
2.536768616327050552e+01 1.882971311700956316e-02
2.540276415791115383e+01 1.875586013876966163e-02
2.543789065779191461e+01 1.868227598626955380e-02
2.547306572998495611e+01 1.860896002052532874e-02
2.550828944165525414e+01 1.853591160119882897e-02
2.554356186006062046e+01 1.846313008662776867e-02
2.557888305255186268e+01 1.839061483385534199e-02
2.561425308657296540e+01 1.831836519865943577e-02
2.564967202966112225e+01 1.824638053558212680e-02
2.568513994944695966e+01 1.817466019795856494e-02
2.572065691365459372e+01 1.810320353794585974e-02
2.575622299010178295e+01 1.803200990655182134e-02
2.579183824670010239e+01 1.796107865366314976e-02
2.582750275145498264e+01 1.789040912807407860e-02
2.586321657246594441e+01 1.782000067751406125e-02
2.589897977792663042e+01 1.774985264867590118e-02
2.593479243612498664e+01 1.767996438724341382e-02
2.597065461544342924e+01 1.761033523791870684e-02
2.600656638435886592e+01 1.754096454444977957e-02
2.604252781144295881e+01 1.747185164965731757e-02
2.607853896536214222e+01 1.740299589546192779e-02
2.611459991487780741e+01 1.733439662291058961e-02
2.615071072884646597e+01 1.726605317220328284e-02
2.618687147621978539e+01 1.719796488271941454e-02
2.622308222604483419e+01 1.713013109304381554e-02
2.625934304746412096e+01 1.706255114099280643e-02
2.629565400971576139e+01 1.699522436364004838e-02
2.633201518213364878e+01 1.692815009734186318e-02
2.636842663414750021e+01 1.686132767776297656e-02
2.640488843528309815e+01 1.679475643990136977e-02
2.644140065516230820e+01 1.672843571811364824e-02
2.647796336350328517e+01 1.666236484613965729e-02
2.651457663012061516e+01 1.659654315712718459e-02
2.655124052492538311e+01 1.653096998365648912e-02
2.658795511792538591e+01 1.646564465776445205e-02
2.662472047922518215e+01 1.640056651096884893e-02
2.666153667902631241e+01 1.633573487429215015e-02
2.669840378762736677e+01 1.627114907828523804e-02
2.673532187542413041e+01 1.620680845305105117e-02
2.677229101290976843e+01 1.614271232826787819e-02
2.680931127067488262e+01 1.607886003321258236e-02
2.684638271940772825e+01 1.601525089678348945e-02
2.688350542989427083e+01 1.595188424752341100e-02
2.692067947301836028e+01 1.588875941364220265e-02
2.695790491976189429e+01 1.582587572303905885e-02
2.699518184120487874e+01 1.576323250332515094e-02
2.703251030852566217e+01 1.570082908184535289e-02
2.706989039300097133e+01 1.563866478570047347e-02
2.710732216600609235e+01 1.557673894176886745e-02
2.714480569901505191e+01 1.551505087672793749e-02
2.718234106360065638e+01 1.545359991707580087e-02
2.721992833143473334e+01 1.539238538915215643e-02
2.725756757428817778e+01 1.533140661915966159e-02
2.729525886403112622e+01 1.527066293318464323e-02
2.733300227263314142e+01 1.521015365721772351e-02
2.737079787216324434e+01 1.514987811717462621e-02
2.740864573479016997e+01 1.508983563891619362e-02
2.744654593278240284e+01 1.503002554826885981e-02
2.748449853850836178e+01 1.497044717104449238e-02
2.752250362443658105e+01 1.491109983306030881e-02
2.756056126313573174e+01 1.485198286015854824e-02
2.759867152727490947e+01 1.479309557822587953e-02
2.763683448962363443e+01 1.473443731321294817e-02
2.767505022305206097e+01 1.467600739115335062e-02
2.771331880053114816e+01 1.461780513818272328e-02
2.775164029513270236e+01 1.455982988055757113e-02
2.779001478002962244e+01 1.450208094467386397e-02
2.782844232849595656e+01 1.444455765708570899e-02
2.786692301390706916e+01 1.438725934452353243e-02
2.790545690973982929e+01 1.433018533391234098e-02
2.794404408957265318e+01 1.427333495238966229e-02
2.798268462708575655e+01 1.421670752732345430e-02
2.802137859606118298e+01 1.416030238632981844e-02
2.806012607038305262e+01 1.410411885729046660e-02
2.809892712403761905e+01 1.404815626837008051e-02
2.813778183111342912e+01 1.399241394803361384e-02
2.817669026580153613e+01 1.393689122506316762e-02
2.821565250239551048e+01 1.388158742857511889e-02
2.825466861529172391e+01 1.382650188803660231e-02
2.829373867898937078e+01 1.377163393328229186e-02
2.833286276809066706e+01 1.371698289453066912e-02
2.837204095730103148e+01 1.366254810240037816e-02
2.841127332142912110e+01 1.360832888792626837e-02
2.845055993538709771e+01 1.355432458257540933e-02
2.848990087419066697e+01 1.350053451826284216e-02
2.852929621295926310e+01 1.344695802736724059e-02
2.856874602691624432e+01 1.339359444274640029e-02
2.860825039138891768e+01 1.334044309775260506e-02
2.864780938180881975e+01 1.328750332624774322e-02
2.868742307371174149e+01 1.323477446261846560e-02
2.872709154273793075e+01 1.318225584179103481e-02
2.876681486463226278e+01 1.312994679924595412e-02
2.880659311524430066e+01 1.307784667103270571e-02
2.884642637052855108e+01 1.302595479378414536e-02
2.888631470654449984e+01 1.297427050473081225e-02
2.892625819945681087e+01 1.292279314171505648e-02
2.896625692553550735e+01 1.287152204320506435e-02
2.900631096115602148e+01 1.282045654830877256e-02
2.904642038279945027e+01 1.276959599678746497e-02
2.908658526705261238e+01 1.271893972906945440e-02
2.912680569060822222e+01 1.266848708626354750e-02
2.916708173026508533e+01 1.261823741017218878e-02
2.920741346292815521e+01 1.256819004330475553e-02
2.924780096560877496e+01 1.251834432889051447e-02
2.928824431542474116e+01 1.246869961089148125e-02
2.932874358960048511e+01 1.241925523401523311e-02
2.936929886546726820e+01 1.237001054372735380e-02
2.940991022046322101e+01 1.232096488626403807e-02
2.945057773213362040e+01 1.227211760864431629e-02
2.949130147813090375e+01 1.222346805868238309e-02
2.953208153621494958e+01 1.217501558499940392e-02
2.957291798425312024e+01 1.212675953703566678e-02
2.961381090022044305e+01 1.207869926506228292e-02
2.965476036219981637e+01 1.203083412019274184e-02
2.969576644838205226e+01 1.198316345439461549e-02
2.973682923706614289e+01 1.193568662050076279e-02
2.977794880665930677e+01 1.188840297222067653e-02
2.981912523567718054e+01 1.184131186415162372e-02
2.986035860274401088e+01 1.179441265178958649e-02
2.990164898659271842e+01 1.174770469154016658e-02
2.994299646606513932e+01 1.170118734072929552e-02
2.998440112011209990e+01 1.165485995761385632e-02
3.002586302779358363e+01 1.160872190139223582e-02
3.006738226827895488e+01 1.156277253221449017e-02
3.010895892084698389e+01 1.151701121119286415e-02
3.015059306488612734e+01 1.147143730041160631e-02
3.019228477989457815e+01 1.142605016293718467e-02
3.023403414548045376e+01 1.138084916282803942e-02
3.027584124136199861e+01 1.133583366514429036e-02
3.031770614736763036e+01 1.129100303595750171e-02
3.035962894343620988e+01 1.124635664235997499e-02
3.040160970961709808e+01 1.120189385247435249e-02
3.044364852607033711e+01 1.115761403541985948e-02
3.048574547306686355e+01 1.111351631848225656e-02
3.052790063098855100e+01 1.106959902337789452e-02
3.057011408032848010e+01 1.102586032064292905e-02
3.061238590169100249e+01 1.098229840099691594e-02
3.065471617579190777e+01 1.093891147515709678e-02
3.069710498345866156e+01 1.089569777365499356e-02
3.073955240563043034e+01 1.085265554665583096e-02
3.078205852335835857e+01 1.080978306377996558e-02
3.082462341780562198e+01 1.076707861392714287e-02
3.086724717024763365e+01 1.072454050510273163e-02
3.090992986207222870e+01 1.068216706424653280e-02
3.095267157477973541e+01 1.063995663706374627e-02
3.099547238998322740e+01 1.059790758785818764e-02
3.103833238940857697e+01 1.055601829936784856e-02
3.108125165489472863e+01 1.051428717260237053e-02
3.112423026839374529e+01 1.047271262668299056e-02
3.116726831197100367e+01 1.043129309868429458e-02
3.121036586780541811e+01 1.039002704347818419e-02
3.125352301818946543e+01 1.034891293357996338e-02
3.129673984552948696e+01 1.030794925899619109e-02
3.134001643234571688e+01 1.026713452707479074e-02
3.138335286127250967e+01 1.022646726235688572e-02
3.142674921505851771e+01 1.018594600643062641e-02
3.147020557656676942e+01 1.014556931778693924e-02
3.151372202877492157e+01 1.010533577167700529e-02
3.155729865477533380e+01 1.006524395997173728e-02
3.160093553777526409e+01 1.002529249102284900e-02
3.164463276109707479e+01 9.985479989525763642e-03
3.168839040817827879e+01 9.945805096384392058e-03
3.173220856257182731e+01 9.906266468577252030e-03
3.177608730794616676e+01 9.866862779025750707e-03
3.182002672808543409e+01 9.827592716463641465e-03
3.186402690688966644e+01 9.788454985308361195e-03
3.190808792837485441e+01 9.749448305533951406e-03
3.195220987667323342e+01 9.710571412545386180e-03
3.199639283603332274e+01 9.671823057054636588e-03
3.204063689082013866e+01 9.633202004958069109e-03
3.208494212551541125e+01 9.594707037215353257e-03
3.212930862471760918e+01 9.556336949730038013e-03
3.217373647314227014e+01 9.518090553231153481e-03
3.221822575562200086e+01 9.479966673156654811e-03
3.226277655710673997e+01 9.441964149537913908e-03
3.230738896266392146e+01 9.404081836885751569e-03
3.235206305747854572e+01 9.366318604077746371e-03
3.239679892685349216e+01 9.328673334246771753e-03
3.244159665620951927e+01 9.291144924671033631e-03
3.248645633108551323e+01 9.253732286665134962e-03
3.253137803713870113e+01 9.216434345472418813e-03
3.257636186014467938e+01 9.179250040158732152e-03
3.262140788599771923e+01 9.142178323507060486e-03
3.266651620071080231e+01 9.105218161913668229e-03
3.271168689041591193e+01 9.068368535285011023e-03
3.275692004136408286e+01 9.031628436936202375e-03
3.280221573992562156e+01 8.994996873490212347e-03
3.284757407259030515e+01 8.958472864778310035e-03
3.289299512596745245e+01 8.922055443741635367e-03
3.293847898678620822e+01 8.885743656333622634e-03
3.298402574189558578e+01 8.849536561423697323e-03
3.302963547826470858e+01 8.813433230701678972e-03
3.307530828298298786e+01 8.777432748583431296e-03
3.312104424326020791e+01 8.741534212117313754e-03
3.316684344642681026e+01 8.705736730891602826e-03
3.321270597993394347e+01 8.670039426942876062e-03
3.325863193135368334e+01 8.634441434665327680e-03
3.330462138837925323e+01 8.598941900720784987e-03
3.335067443882505955e+01 8.563539983949852372e-03
3.339679117062701152e+01 8.528234855283707561e-03
3.344297167184255670e+01 8.493025697656806858e-03
3.348921603065092256e+01 8.457911705920383161e-03
3.353552433535330835e+01 8.422892086756754090e-03
3.358189667437294190e+01 8.387966058594382990e-03
3.362833313625540654e+01 8.353132851523692795e-03
3.367483380966865525e+01 8.318391707213690020e-03
3.372139878340325936e+01 8.283741878829237529e-03
3.376802814637261463e+01 8.249182630948998646e-03
3.381472198761300518e+01 8.214713239484269444e-03
3.386148039628388773e+01 8.180332991598199613e-03
3.390830346166797682e+01 8.146041185625957012e-03
3.395519127317141539e+01 8.111837130995350198e-03
3.400214392032405897e+01 8.077720148148084117e-03
3.404916149277947568e+01 8.043689568461822453e-03
3.409624408031527310e+01 8.009744734172508443e-03
3.414339177283315507e+01 7.975884998297660608e-03
3.419060466035914203e+01 7.942109724559918288e-03
3.423788283304379121e+01 7.908418287311251571e-03
3.428522638116224641e+01 7.874810071457844299e-03
3.433263539511455775e+01 7.841284472385232074e-03
3.438010996542570297e+01 7.807840895884188802e-03
3.442765018274590716e+01 7.774478758076977525e-03
3.447525613785069254e+01 7.741197485344139019e-03
3.452292792164111290e+01 7.707996514251762646e-03
3.457066562514395258e+01 7.674875291479086800e-03
3.461846933951181171e+01 7.641833273746744676e-03
3.466633915602340466e+01 7.608869927745284117e-03
3.471427516608359554e+01 7.575984730064157582e-03
3.476227746122366824e+01 7.543177167121140579e-03
3.481034613310149695e+01 7.510446735092045877e-03
3.485848127350165271e+01 7.477792939840980681e-03
3.490668297433568057e+01 7.445215296850764275e-03
3.495495132764217772e+01 7.412713331153899035e-03
3.500328642558700665e+01 7.380286577263803389e-03
3.505168836046351544e+01 7.347934579106248608e-03
3.510015722469261590e+01 7.315656889951399275e-03
3.514869311082309622e+01 7.283453072345872845e-03
3.519729611153164939e+01 7.251322698045284051e-03
3.524596631962312898e+01 7.219265347947029579e-03
3.529470382803076234e+01 7.187280612023282632e-03
3.534350872981623581e+01 7.155368089254359604e-03
3.539238111816995769e+01 7.123527387562216852e-03
3.544132108641116474e+01 7.091758123744360334e-03
3.549032872798814253e+01 7.060059923407829841e-03
3.553940413647841723e+01 7.028432420903457309e-03
3.558854740558888352e+01 6.996875259260413107e-03
3.563775862915603909e+01 6.965388090120801755e-03
3.568703790114611962e+01 6.933970573674688720e-03
3.573638531565527643e+01 6.902622378595041353e-03
3.578580096690983225e+01 6.871343181973037575e-03
3.583528494926633812e+01 6.840132669253501212e-03
3.588483735721188594e+01 6.808990534170408435e-03
3.593445828536416542e+01 6.777916478682711673e-03
3.598414782847171978e+01 6.746910212910140967e-03
3.603390608141414475e+01 6.715971455069230829e-03
3.608373313920215963e+01 6.685099931409452939e-03
3.613362909697794834e+01 6.654295376149421681e-03
3.618359405001519491e+01 6.623557531413352094e-03
3.623362809371933224e+01 6.592886147167404190e-03
3.628373132362776232e+01 6.562280981156275346e-03
3.633390383540993440e+01 6.531741798839881159e-03
3.638414572486764342e+01 6.501268373330025899e-03
3.643445708793509397e+01 6.470860485327213467e-03
3.648483802067923421e+01 6.440517923057459231e-03
3.653528861929976301e+01 6.410240482209304813e-03
3.658580898012944260e+01 6.380027965870691507e-03
3.663639919963426195e+01 6.349880184466004558e-03
3.668705937441355758e+01 6.319796955693129589e-03
3.673778960120029069e+01 6.289778104460550662e-03
3.678858997686113952e+01 6.259823462824421446e-03
3.683946059839673381e+01 6.229932869925744812e-03
3.689040156294187511e+01 6.200106171927476963e-03
3.694141296776562200e+01 6.170343221951739114e-03
3.699249491027159564e+01 6.140643880016918160e-03
3.704364748799805795e+01 6.111008012974876620e-03
3.709487079861814607e+01 6.081435494448091464e-03
3.714616493994011392e+01 6.051926204766792071e-03
3.719753000990737490e+01 6.022480030906112933e-03
3.724896610659886420e+01 5.993096866423138804e-03
3.730047332822908857e+01 5.963776611394103373e-03
3.735205177314835367e+01 5.934519172351334672e-03
3.740370153984301282e+01 5.905324462220325372e-03
3.745542272693553798e+01 5.876192400256701615e-03
3.750721543318486084e+01 5.847122911983195295e-03
3.755907975748639416e+01 5.818115929126498401e-03
3.761101579887232305e+01 5.789171389554138153e-03
3.766302365651181816e+01 5.760289237211273228e-03
3.771510342971110674e+01 5.731469422057430124e-03
3.776725521791380658e+01 5.702711900003175349e-03
3.781947912070099704e+01 5.674016632846743367e-03
3.787177523779143939e+01 5.645383588210637661e-03
3.792414366904186807e+01 5.616812739478017555e-03
3.797658451444699779e+01 5.588304065729211671e-03
3.802909787413990017e+01 5.559857551678043172e-03
3.808168384839204634e+01 5.531473187608063925e-03
3.813434253761357695e+01 5.503150969308827703e-03
3.818707404235350822e+01 5.474890898011901437e-03
3.823987846329983853e+01 5.446692980327026527e-03
3.829275590127986817e+01 5.418557228177980044e-03
3.834570645726024196e+01 5.390483681669102842e-03
3.839873023234729743e+01 5.362473150063662430e-03
3.845182732778711454e+01 5.334527354054486616e-03
3.850499784496578570e+01 5.306648039017795686e-03
3.855824188540965736e+01 5.278836918766695828e-03
3.861155955078536550e+01 5.251095675708955697e-03
3.866495094290023360e+01 5.223425961010249967e-03
3.871841616370228678e+01 5.195829394762593173e-03
3.877195531528054318e+01 5.168307566158028034e-03
3.882556849986521286e+01 5.140862033667053035e-03
3.887925581982781864e+01 5.113494325222176125e-03
3.893301737768150872e+01 5.086205938405920571e-03
3.898685327608112061e+01 5.058998340643415699e-03
3.904076361782345828e+01 5.031872969399480561e-03
3.909474850584750527e+01 5.004831232379726089e-03
3.914880804323453134e+01 4.977874507736013143e-03
3.920294233320841215e+01 4.951004144275677511e-03
3.925715147913570746e+01 4.924221461674678849e-03
3.931143558452590270e+01 4.897527750694405553e-03
3.936579475303167186e+01 4.870924273401966431e-03
3.942022908844895568e+01 4.844412263393986506e-03
3.947473869471728136e+01 4.817992926023647628e-03
3.952932367591985496e+01 4.791667438630833366e-03
3.958398413628379586e+01 4.765436950775350441e-03
3.963872018018042809e+01 4.739302584472942191e-03
3.969353191212528742e+01 4.713265434434246726e-03
3.974841943677854061e+01 4.687326568306130793e-03
3.980338285894500672e+01 4.661487026915753229e-03
3.985842228357441286e+01 4.635747824516955537e-03
3.991353781576169268e+01 4.610109949038802661e-03
3.996872956074700767e+01 4.584574362336487317e-03
4.002399762391612370e+01 4.559142000444055785e-03
4.007934211080048215e+01 4.533813773829228379e-03
4.013476312707744142e+01 4.508590567649899128e-03
4.019026077857055412e+01 4.483473242012349369e-03
4.024583517124963095e+01 4.458462632231156159e-03
4.030148641123107467e+01 4.433559549090396526e-03
4.035721460477795830e+01 4.408764779106390426e-03
4.041301985830038035e+01 4.384079084791566924e-03
4.046890227835550036e+01 4.359503204919625355e-03
4.052486197164785153e+01 4.335037854791670524e-03
4.058089904502954681e+01 4.310683726503267317e-03
4.063701360550039254e+01 4.286441489212555224e-03
4.069320576020822955e+01 4.262311789408912768e-03
4.074947561644898997e+01 4.238295251182416443e-03
4.080582328166698858e+01 4.214392476493881642e-03
4.086224886345515017e+01 4.190604045445332944e-03
4.091875246955513035e+01 4.166930516551021688e-03
4.097533420785760683e+01 4.143372427008544176e-03
4.103199418640242868e+01 4.119930292970436052e-03
4.108873251337880816e+01 4.096604609815780555e-03
4.114554929712563336e+01 4.073395852421893108e-03
4.120244464613152502e+01 4.050304475436053604e-03
4.125941866903519184e+01 4.027330913547114664e-03
4.131647147462551573e+01 4.004475581757011016e-03
4.137360317184178626e+01 3.981738875651950546e-03
4.143081386977403469e+01 3.959121171673335611e-03
4.148810367766301255e+01 3.936622827388409386e-03
4.154547270490063937e+01 3.914244181760233483e-03
4.160292106103003817e+01 3.891985555417425743e-03
4.166044885574579126e+01 3.869847250923110459e-03
4.171805619889423156e+01 3.847829553043336914e-03
4.177574320047350653e+01 3.825932729014784508e-03
4.183350997063394772e+01 3.804157028811642159e-03
4.189135661967814883e+01 3.782502685411830243e-03
4.194928325806120029e+01 3.760969915062130527e-03
4.200728999639103023e+01 3.739558917542553252e-03
4.206537694542839034e+01 3.718269876429664261e-03
4.212354421608729638e+01 3.697102959358855231e-03
4.218179191943507078e+01 3.676058318285577858e-03
4.224012016669261271e+01 3.655136089745374128e-03
4.229852906923468225e+01 3.634336395112811122e-03
4.235701873858995015e+01 3.613659340859129519e-03
4.241558928644141702e+01 3.593105018808579777e-03
4.247424082462639916e+01 3.572673506393610806e-03
4.253297346513697619e+01 3.552364866908452271e-03
4.259178732012000523e+01 3.532179149761559799e-03
4.265068250187741938e+01 3.512116390726442976e-03
4.270965912286651189e+01 3.492176612191076959e-03
4.276871729569999303e+01 3.472359823405862106e-03
4.282785713314637377e+01 3.452666020729942570e-03
4.288707874813003684e+01 3.433095187876059919e-03
4.294638225373151386e+01 3.413647296153718858e-03
4.300576776318776950e+01 3.394322304710748351e-03
4.306523538989226552e+01 3.375120160773220808e-03
4.312478524739534436e+01 3.356040799883623985e-03
4.318441744940430027e+01 3.337084146137409175e-03
4.324413210978365640e+01 3.318250112417708841e-03
4.330392934255545612e+01 3.299538600628299564e-03
4.336380926189932694e+01 3.280949501924851526e-03
4.342377198215286427e+01 3.262482696944282810e-03
4.348381761781169530e+01 3.244138056032345573e-03
4.354394628352977747e+01 3.225915439469342200e-03
4.360415809411968269e+01 3.207814697693932380e-03
4.366445316455263992e+01 3.189835671525155601e-03
4.372483160995896156e+01 3.171978192382464770e-03
4.378529354562807896e+01 3.154242082503914534e-03
4.384583908700885502e+01 3.136627155162398893e-03
4.390646834970985424e+01 3.119133214879893021e-03
4.396718144949942086e+01 3.101760057639879262e-03
4.402797850230606258e+01 3.084507471097693194e-03
4.408885962421852156e+01 3.067375234788945453e-03
4.414982493148608000e+01 3.050363120336022343e-03
4.421087454051881593e+01 3.033470891652458382e-03
4.427200856788770977e+01 3.016698305145513841e-03
4.433322713032499962e+01 3.000045109916560024e-03
4.439453034472428783e+01 2.983511047959634416e-03
4.445591832814081101e+01 2.967095854357890746e-03
4.451739119779173137e+01 2.950799257478029826e-03
4.457894907105622195e+01 2.934620979162846921e-03
4.464059206547582903e+01 2.918560734921591196e-03
4.470232029875457158e+01 2.902618234118483319e-03
4.476413388875929655e+01 2.886793180159106728e-03
4.482603295351977124e+01 2.871085270674842566e-03
4.488801761122898881e+01 2.855494197705322253e-03
4.495008798024343122e+01 2.840019647878778454e-03
4.501224417908314734e+01 2.824661302590516457e-03
4.507448632643217223e+01 2.809418838179321681e-03
4.513681454113858393e+01 2.794291926101867465e-03
4.519922894221480192e+01 2.779280233105214243e-03
4.526172964883789263e+01 2.764383421397184973e-03
4.532431678034960498e+01 2.749601148814960309e-03
4.538699045625682515e+01 2.734933068991520985e-03
4.544975079623160497e+01 2.720378831520266997e-03
4.551259792011148875e+01 2.705938082117633620e-03
4.557553194789979756e+01 2.691610462783736342e-03
4.563855299976569313e+01 2.677395611961192173e-03
4.570166119604459709e+01 2.663293164691878795e-03
4.576485665723827623e+01 2.649302752771909991e-03
4.582813950401509118e+01 2.635424004904659938e-03
4.589150985721037301e+01 2.621656546851858921e-03
4.595496783782640904e+01 2.608000001582952160e-03
4.601851356703292595e+01 2.594453989422405588e-03
4.608214716616712536e+01 2.581018128195348028e-03
4.614586875673398225e+01 2.567692033371279155e-03
4.620967846040657179e+01 2.554475318205956438e-03
4.627357639902610487e+01 2.541367593881553848e-03
4.633756269460238286e+01 2.528368469644921065e-03
4.640163746931384736e+01 2.515477552944171691e-03
4.646580084550787859e+01 2.502694449563473006e-03
4.653005294570110806e+01 2.490018763756054587e-03
4.659439389257948960e+01 2.477450098375572410e-03
4.665882380899872572e+01 2.464988055005682722e-03
4.672334281798431022e+01 2.452632234088012592e-03
4.678795104273189054e+01 2.440382235048359737e-03
4.685264860660749520e+01 2.428237656421323304e-03
4.691743563314767584e+01 2.416198095973254995e-03
4.698231224605989809e+01 2.404263150823570446e-03
4.704727856922261253e+01 2.392432417564546634e-03
4.711233472668556033e+01 2.380705492379429650e-03
4.717748084267010000e+01 2.369081971159065804e-03
4.724271704156925722e+01 2.357561449616946744e-03
4.730804344794817240e+01 2.346143523402753617e-03
4.737346018654412205e+01 2.334827788214410230e-03
4.743896738226697352e+01 2.323613839908601417e-03
4.750456516019924180e+01 2.312501274609920100e-03
4.757025364559640934e+01 2.301489688818506019e-03
4.763603296388722441e+01 2.290578679516269353e-03
4.770190324067377929e+01 2.279767844271778608e-03
4.776786460173194371e+01 2.269056781343701309e-03
4.783391717301145007e+01 2.258445089782956227e-03
4.790006108063616352e+01 2.247932369533465688e-03
4.796629645090445138e+01 2.237518221531670150e-03
4.803262341028921867e+01 2.227202247804725265e-03
4.809904208543834159e+01 2.216984051567411768e-03
4.816555260317475273e+01 2.206863237317858387e-03
4.823215509049676797e+01 2.196839410932009684e-03
4.829884967457837774e+01 2.186911907324228920e-03
4.836563648276932526e+01 2.177078015485957828e-03
4.843251564259554698e+01 2.167334132768544783e-03
4.849948728175925794e+01 2.157676710644486698e-03
4.856655152813925014e+01 2.148102258382243810e-03
4.863370850979121229e+01 2.138607341877895619e-03
4.870095835494782222e+01 2.129188582541042488e-03
4.876830119201915892e+01 2.119842656233514398e-03
4.883573714959280920e+01 2.110566292259533766e-03
4.890326635643414477e+01 2.101356272405956703e-03
4.897088894148668459e+01 2.092209430031256086e-03
4.903860503387214465e+01 2.083122649202115428e-03
4.910641476289088558e+01 2.074092863876187201e-03
4.917431825802198375e+01 2.065117057130007316e-03
4.924231564892356516e+01 2.056192260430756910e-03
4.931040706543311103e+01 2.047315552950744726e-03
4.937859263756755013e+01 2.038484060923581847e-03
4.944687249552369224e+01 2.029694957040785452e-03
4.951524676967829919e+01 2.020945459887917798e-03
4.958371559058842593e+01 2.012232833419024848e-03
4.965227908899172604e+01 2.003554386468464708e-03
4.972093739580654415e+01 1.994907472299094122e-03
4.978969064213234219e+01 1.986289488185733181e-03
4.985853895924977053e+01 1.977697875033021351e-03
4.992748247862112265e+01 1.969130117026602310e-03
4.999652133189039205e+01 1.960583741316791057e-03
5.006565565088360614e+01 1.952056317733630612e-03
5.013488556760914605e+01 1.943545458532540795e-03
5.020421121425786026e+01 1.935048818169542943e-03
5.027363272320344834e+01 1.926564093105182385e-03
5.034315022700261721e+01 1.918089021636236631e-03
5.041276385839533702e+01 1.909621383754274686e-03
5.048247375030523898e+01 1.901159001030198852e-03
5.055228003583962249e+01 1.892699736523874516e-03
5.062218284828997383e+01 1.884241494717942217e-03
5.069218232113200884e+01 1.875782221474942653e-03
5.076227858802599258e+01 1.867319904016839565e-03
5.083247178281712308e+01 1.858852570926094626e-03
5.090276203953554557e+01 1.850378292167401779e-03
5.097314949239685689e+01 1.841895179129184870e-03
5.104363427580216950e+01 1.833401384683977509e-03
5.111421652433843121e+01 1.824895103266861631e-03
5.118489637277878757e+01 1.816374570970947545e-03
5.125567395608262444e+01 1.807838065659203748e-03
5.132654940939607258e+01 1.799283907091556427e-03
5.139752286805204307e+01 1.790710457066510336e-03
5.146859446757059686e+01 1.782116119576335634e-03
5.153976434365925030e+01 1.773499340974913014e-03
5.161103263221309589e+01 1.764858610157426979e-03
5.168239946931521445e+01 1.756192458750887708e-03
5.175386499123680295e+01 1.747499461314676577e-03
5.182542933443748723e+01 1.738778235550161476e-03
5.189709263556566299e+01 1.730027442518471386e-03
5.196885503145857399e+01 1.721245786865552253e-03
5.204071665914278810e+01 1.712432017053534643e-03
5.211267765583426836e+01 1.703584925597539544e-03
5.218473815893872825e+01 1.694703349306985775e-03
5.225689830605195141e+01 1.685786169530433193e-03
5.232915823495988406e+01 1.676832312403129036e-03
5.240151808363911101e+01 1.667840749096185767e-03
5.247397799025689125e+01 1.658810496066617183e-03
5.254653809317166235e+01 1.649740615307138591e-03
5.261919853093309030e+01 1.640630214594914664e-03
5.269195944228241757e+01 1.631478447738286342e-03
5.276482096615283979e+01 1.622284514820440064e-03
5.283778324166953411e+01 1.613047662439273623e-03
5.291084640815017792e+01 1.603767183942308300e-03
5.298401060510501281e+01 1.594442419655873805e-03
5.305727597223719982e+01 1.585072757107535606e-03
5.313064264944313919e+01 1.575657631240845024e-03
5.320411077681259826e+01 1.566196524621534750e-03
5.327768049462913069e+01 1.556688967634150189e-03
5.335135194337022568e+01 1.547134538668247950e-03
5.342512526370760639e+01 1.537532864293240367e-03
5.349900059650758521e+01 1.527883619420933228e-03
5.357297808283117035e+01 1.518186527454903033e-03
5.364705786393453479e+01 1.508441360425776803e-03
5.372124008126908734e+01 1.498647939111553799e-03
5.379552487648184211e+01 1.488806133142076210e-03
5.386991239141574539e+01 1.478915861086753034e-03
5.394440276810978929e+01 1.468977090524751757e-03
5.401899614879948786e+01 1.458989838096711985e-03
5.409369267591693387e+01 1.448954169537292969e-03
5.416849249209118256e+01 1.438870199687551513e-03
5.424339574014860688e+01 1.428738092486520539e-03
5.431840256311296145e+01 1.418558060941143509e-03
5.439351310420586572e+01 1.408330367073734211e-03
5.446872750684691766e+01 1.398055321846357118e-03
5.454404591465404195e+01 1.387733285061252967e-03
5.461946847144380968e+01 1.377364665236725143e-03
5.469499532123157337e+01 1.366949919457750720e-03
5.477062660823192886e+01 1.356489553200647402e-03
5.484636247685880761e+01 1.345984120131236278e-03
5.492220307172583205e+01 1.335434221875799127e-03
5.499814853764667788e+01 1.324840507764334140e-03
5.507419901963515940e+01 1.314203674545533478e-03
5.515035466290571975e+01 1.303524466072935586e-03
5.522661561287349485e+01 1.292803672961857385e-03
5.530298201515480372e+01 1.282042132216504185e-03
5.537945401556724789e+01 1.271240726827013593e-03
5.545603176013004543e+01 1.260400385335892813e-03
5.553271539506442878e+01 1.249522081373573333e-03
5.560950506679370875e+01 1.238606833162817986e-03
5.568640092194375768e+01 1.227655702991561903e-03
5.576340310734315153e+01 1.216669796654098459e-03
5.584051177002346833e+01 1.205650262860336096e-03
5.591772705721970027e+01 1.194598292612952372e-03
5.599504911637031057e+01 1.183515118552442387e-03
5.607247809511775216e+01 1.172402014269802476e-03
5.615001414130856006e+01 1.161260293587041727e-03
5.622765740299369952e+01 1.150091309805328747e-03
5.630540802842894266e+01 1.138896454920990337e-03
5.638326616607496078e+01 1.127677158809379165e-03
5.646123196459782179e+01 1.116434888376790233e-03
5.653930557286907543e+01 1.105171146680649459e-03
5.661748713996615123e+01 1.093887472018153281e-03
5.669577681517267820e+01 1.082585436983722052e-03
5.677417474797861274e+01 1.071266647495569503e-03
5.685268108808073606e+01 1.059932741791791162e-03
5.693129598538273939e+01 1.048585389396401507e-03
5.701001958999560770e+01 1.037226290055800375e-03
5.708885205223796078e+01 1.025857172646233708e-03
5.716779352263618819e+01 1.014479794052787053e-03
5.724684415192491826e+01 1.003095938020579251e-03
5.732600409104713890e+01 9.917074139788170303e-04
5.740527349115455280e+01 9.803160558384544764e-04
5.748465250360796830e+01 9.689237207641791414e-04
5.756414127997736330e+01 9.575322879216836532e-04
5.764373997204242528e+01 9.461436572008684711e-04
5.772344873179264368e+01 9.347597479161478097e-04
5.780326771142766518e+01 9.233824974846069388e-04
5.788319706335768444e+01 9.120138600831373442e-04
5.796323694020352946e+01 9.006558052855651074e-04
5.804338749479718018e+01 8.893103166808466204e-04
5.812364888018185383e+01 8.779793904734915170e-04
5.820402124961248802e+01 8.666650340673755183e-04
5.828450475655586871e+01 8.553692646341550052e-04
5.836509955469097122e+01 8.440941076675480400e-04
5.844580579790937946e+01 8.328415955247208628e-04
5.852662364031535702e+01 8.216137659561932290e-04
5.860755323622638002e+01 8.104126606255152758e-04
5.868859474017321531e+01 7.992403236202006225e-04
5.876974830690031126e+01 7.880987999552371316e-04
5.885101409136620276e+01 7.769901340706959238e-04
5.893239224874354676e+01 7.659163683249056807e-04
5.901388293441971911e+01 7.548795414846027826e-04
5.909548630399686431e+01 7.438816872137120990e-04
5.917720251329227921e+01 7.329248325621974926e-04
5.925903171833882510e+01 7.220109964565193288e-04
5.934097407538499880e+01 7.111421881934180999e-04
5.942302974089547263e+01 7.003204059383892838e-04
5.950519887155119392e+01 6.895476352306587542e-04
5.958748162424975447e+01 6.788258474961264251e-04
5.966987815610580270e+01 6.681569985698979303e-04
5.975238862445110755e+01 6.575430272301201933e-04
5.983501318683511982e+01 6.469858537445937786e-04
5.991775200102507171e+01 6.364873784318771230e-04
6.000060522500633198e+01 6.260494802384571240e-04
6.008357301698283237e+01 6.156740153335385577e-04
6.016665553537713151e+01 6.053628157231683970e-04
6.024985293883099757e+01 5.951176878850941970e-04
6.033316538620544378e+01 5.849404114261128442e-04
6.041659303658118318e+01 5.748327377632823790e-04
6.050013604925897681e+01 5.647963888306233027e-04
6.058379458375974025e+01 5.548330558128193373e-04
6.066756879982510497e+01 5.449443979072720245e-04
6.075145885741748941e+01 5.351320425154392066e-04
6.083546491672051104e+01 5.253981064449813557e-04
6.091958713813937720e+01 5.157459196659055665e-04
6.100382568230097746e+01 5.061788366749323843e-04
6.108818071005443784e+01 4.967000293745465079e-04
6.117265238247120607e+01 4.873124895321537448e-04
6.125724086084545661e+01 4.780190314332698784e-04
6.134194630669450987e+01 4.688222947154604015e-04
6.142676888175887484e+01 4.597247473698261875e-04
6.151170874800286015e+01 4.507286888969423244e-04
6.159676606761460249e+01 4.418362536046333629e-04
6.168194100300663507e+01 4.330494140349188921e-04
6.176723371681597996e+01 4.243699845080340857e-04
6.185264437190455311e+01 4.157996247715077575e-04
6.193817313135956226e+01 4.073398437426699130e-04
6.202382015849360641e+01 3.989920033333911034e-04
6.210958561684523005e+01 3.907573223459620830e-04
6.219546967017903683e+01 3.826368804296739366e-04
6.228147248248605905e+01 3.746316220877391758e-04
6.236759421798421243e+01 3.667423607247853080e-04
6.245383504111833872e+01 3.589697827254473349e-04
6.254019511656081676e+01 3.513144515548991898e-04
6.262667460921163354e+01 3.437768118727570752e-04
6.271327368419878923e+01 3.363571936519263277e-04
6.279999250687871637e+01 3.290558162945774780e-04
6.288683124283638648e+01 3.218727927377361430e-04
6.297379005788584294e+01 3.148081335412924162e-04
6.306086911807033601e+01 3.078617509518392177e-04
6.314806858966270653e+01 3.010334629358688138e-04
6.323538863916583352e+01 2.943229971764801879e-04
6.332282943331266978e+01 2.877299950279707942e-04
6.341039113906687419e+01 2.812540154231233779e-04
6.349807392362288283e+01 2.748945387283896718e-04
6.358587795440632817e+01 2.686509705424283776e-04
6.367380339907442988e+01 2.625226454339444140e-04
6.376185042551614401e+01 2.565088306150092997e-04
6.385001920185268887e+01 2.506087295464157205e-04
6.393830989643766571e+01 2.448214854719729444e-04
6.402672267785746385e+01 2.391461848788780254e-04
6.411525771493171533e+01 2.335818608816975651e-04
6.420391517671333759e+01 2.281274965277501016e-04
6.429269523248915164e+01 2.227820280218938695e-04
6.438159805177994599e+01 2.175443478691498165e-04
6.447062380434095985e+01 2.124133079336672269e-04
6.455977266016225258e+01 2.073877224129339015e-04
6.464904478946877475e+01 2.024663707263112719e-04
6.473844036272103608e+01 1.976480003171666240e-04
6.482795955061509119e+01 1.929313293681742545e-04
6.491760252408322174e+01 1.883150494294783212e-04
6.500736945429387958e+01 1.837978279596818828e-04
6.509726051265229785e+01 1.793783107797121347e-04
6.518727587080076091e+01 1.750551244398853678e-04
6.527741570061880338e+01 1.708268785006067673e-04
6.536768017422373589e+01 1.666921677272535499e-04
6.545806946397077297e+01 1.626495742000237449e-04
6.554858374245350205e+01 1.586976693395793561e-04
6.563922318250419607e+01 1.548350158494743250e-04
6.572998795719405507e+01 1.510601695764665099e-04
6.582087823983370356e+01 1.473716812898966046e-04
6.591189420397329002e+01 1.437680983814512703e-04
6.600303602340298426e+01 1.402479664866555190e-04
6.609430387215336111e+01 1.368098310295600784e-04
6.618569792449549993e+01 1.334522386921675079e-04
6.627721835494159563e+01 1.301737388101409701e-04
6.636886533824505818e+01 1.269728846964781211e-04
6.646063904940093892e+01 1.238482348947951540e-04
6.655253966364637108e+01 1.207983543639823626e-04
6.664456735646068353e+01 1.178218155959744469e-04
6.673672230356594071e+01 1.149171996684295337e-04
6.682900468092717006e+01 1.120830972341306769e-04
6.692141466475264622e+01 1.093181094489446169e-04
6.701395243149443104e+01 1.066208488401608457e-04
6.710661815784847306e+01 1.039899401170926366e-04
6.719941202075514752e+01 1.014240209257599414e-04
6.729233419739941269e+01 9.892174254952371061e-05
6.738538486521125037e+01 9.648177055751430730e-05
6.747856420186604964e+01 9.410278540267550101e-05
6.757187238528480577e+01 9.178348297127575058e-05
6.766530959363463182e+01 8.952257508566337674e-05
6.775887600532892918e+01 8.731878996207271832e-05
6.785257179902779967e+01 8.517087262524524209e-05
6.794639715363848609e+01 8.307758528160237598e-05
6.804035224831550011e+01 8.103770765269500433e-05
6.813443726246121912e+01 7.905003727061134461e-05
6.822865237572592889e+01 7.711338973700849965e-05
6.832299776800851987e+01 7.522659894738157433e-05
6.841747361945650141e+01 7.338851728218217249e-05
6.851208011046651336e+01 7.159801576633142474e-05
6.860681742168472397e+01 6.985398419864591801e-05
6.870168573400697198e+01 6.815533125268725435e-05
6.879668522857937774e+01 6.650098455045023104e-05
6.889181608679842839e+01 6.488989071033313529e-05
6.898707849031144690e+01 6.332101537074116436e-05
6.908247262101707520e+01 6.179334319065976524e-05
6.917799866106527418e+01 6.030587782850629550e-05
6.927365679285807687e+01 5.885764190049003262e-05
6.936944719904961687e+01 5.744767691972110324e-05
6.946537006254658309e+01 5.607504321722793370e-05
6.956142556650868869e+01 5.473881984601933047e-05
6.965761389434881323e+01 5.343810446930453040e-05
6.975393522973355687e+01 5.217201323390641040e-05
6.985038975658341087e+01 5.093968062990858882e-05
6.994697765907316978e+01 4.974025933750778251e-05
7.004369912163241452e+01 4.857292006201254766e-05
7.014055432894562614e+01 4.743685135791036246e-05
7.023754346595278264e+01 4.633125944285678631e-05
7.033466671784948687e+01 4.525536800243593077e-05
7.043192427008744971e+01 4.420841798648135181e-05
7.052931630837491639e+01 4.318966739773039929e-05
7.062684301867679437e+01 4.219839107354538503e-05
7.072450458721523603e+01 4.123388046138840463e-05
7.082230120046985178e+01 4.029544338873572001e-05
7.092023304517809379e+01 3.938240382804851888e-05
7.101830030833571072e+01 3.849410165741934739e-05
7.111650317719691827e+01 3.762989241746194491e-05
7.121484183927498179e+01 3.678914706499341919e-05
7.131331648234237264e+01 3.597125172403077824e-05
7.141192729443120868e+01 3.517560743458523077e-05
7.151067446383369486e+01 3.440162989972916279e-05
7.160955817910226529e+01 3.364874923136988466e-05
7.170857862905027957e+01 3.291640969514555390e-05
7.180773600275196600e+01 3.220406945484116223e-05
7.190703048954317467e+01 3.151120031668282103e-05
7.200646227902149121e+01 3.083728747386839608e-05
7.210603156104662048e+01 3.018182925165374843e-05
7.220573852574094076e+01 2.954433685329862564e-05
7.230558336348958903e+01 2.892433410716584941e-05
7.240556626494107206e+01 2.832135721522945776e-05
7.250568742100745112e+01 2.773495450325222039e-05
7.260594702286476831e+01 2.716468617285613724e-05
7.270634526195351555e+01 2.661012405570287227e-05
7.280688232997876241e+01 2.607085136998739711e-05
7.290755841891083833e+01 2.554646247942350044e-05
7.300837372098538935e+01 2.503656265489644501e-05
7.310932842870387560e+01 2.454076783893583436e-05
7.321042273483408280e+01 2.405870441315156676e-05
7.331165683241017916e+01 2.359000896876899475e-05
7.341303091473341169e+01 2.313432808037485099e-05
7.351454517537221989e+01 2.269131808299015024e-05
7.361619980816270470e+01 2.226064485256142489e-05
7.371799500720911169e+01 2.184198358996106214e-05
7.381993096688391631e+01 2.143501860857680437e-05
7.392200788182856286e+01 2.103944312555406897e-05
7.402422594695347868e+01 2.065495905676053410e-05
7.412658535743867105e+01 2.028127681551861156e-05
7.422908630873408242e+01 1.991811511515747594e-05
7.433172899655983201e+01 1.956520077542157703e-05
7.443451361690679846e+01 1.922226853276854470e-05
7.453744036603674772e+01 1.888906085458573239e-05
7.464050944048284464e+01 1.856532775734343432e-05
7.474372103705016457e+01 1.825082662870381773e-05
7.484707535281570756e+01 1.794532205359805545e-05
7.495057258512917997e+01 1.764858564427630714e-05
7.505421293161306551e+01 1.736039587433677004e-05
7.515799659016310841e+01 1.708053791673279286e-05
7.526192375894879660e+01 1.680880348575507455e-05
7.536599463641351804e+01 1.654499068298292738e-05
7.547020942127522858e+01 1.628890384719627627e-05
7.557456831252646623e+01 1.604035340823765389e-05
7.567907150943511851e+01 1.579915574481042910e-05
7.578371921154450774e+01 1.556513304620185735e-05
7.588851161867385997e+01 1.533811317791086831e-05
7.599344893091883080e+01 1.511792955116822569e-05
7.609853134865163327e+01 1.490442099632878294e-05
7.620375907252166314e+01 1.469743164011861139e-05
7.630913230345569787e+01 1.449681078671888598e-05
7.641465124265832287e+01 1.430241280266821256e-05
7.652031609161245740e+01 1.411409525849552322e-05
7.662612705207951080e+01 1.393168544559891369e-05
7.673208432610000784e+01 1.375498477640960762e-05
7.683818811599374499e+01 1.358380140874583823e-05
7.694443862436027359e+01 1.341795117127458364e-05
7.705083605407942571e+01 1.325725721169553264e-05
7.715738060831141354e+01 1.310154966241946066e-05
7.726407249049754000e+01 1.295066532278636732e-05
7.737091190436025556e+01 1.280444735692751803e-05
7.747789905390379772e+01 1.266274500642496988e-05
7.758503414341456050e+01 1.252541331697379565e-05
7.769231737746125077e+01 1.239231287829581805e-05
7.779974896089565561e+01 1.226330957659833727e-05
7.790732909885268498e+01 1.213827435891152334e-05
7.801505799675089747e+01 1.201708300867578648e-05
7.812293586029304038e+01 1.189961593198631464e-05
7.823096289546612070e+01 1.178575795393622227e-05
7.833913930854214414e+01 1.167539812453015160e-05
7.844746530607825719e+01 1.156842953367069291e-05
7.855594109491718768e+01 1.146474913474805232e-05
7.866456688218782745e+01 1.136425757638796653e-05
7.877334287530531753e+01 1.126685904194075168e-05
7.888226928197175880e+01 1.117246109631312318e-05
7.899134631017635400e+01 1.108097453977170159e-05
7.910057416819589093e+01 1.099231326836207783e-05
7.920995306459531093e+01 1.090639414061117049e-05
7.931948320822776566e+01 1.082313685019670501e-05
7.942916480823538450e+01 1.074246380428503045e-05
7.953899807404930300e+01 1.066430000725521382e-05
7.964898321539044446e+01 1.058857294954207457e-05
7.975912044226961939e+01 1.051521250134633320e-05
7.986940996498800871e+01 1.044415081097181441e-05
7.997985199413771795e+01 1.037532220756455697e-05
8.009044674060191937e+01 1.030866310803913936e-05
8.020119441555553408e+01 1.024411192798989062e-05
8.031209523046537413e+01 1.018160899639528071e-05
8.042314939709065413e+01 1.012109647393379345e-05
8.053435712748354547e+01 1.006251827473902927e-05
8.064571863398926155e+01 1.000581999143222585e-05
8.075723412924682520e+01 9.950948823276525404e-06
8.086890382618915396e+01 9.897853507308303623e-06
8.098072793804360003e+01 9.846484252306330023e-06
8.109270667833251878e+01 9.796792675467952413e-06
8.120484026087332552e+01 9.748731741668404909e-06
8.131712889977927716e+01 9.702255705185047890e-06
8.142957280945955745e+01 9.657320053775875042e-06
8.154217220461985960e+01 9.613881455005766325e-06
8.165492730026288370e+01 9.571897704721477179e-06
8.176783831168845040e+01 9.531327677579833904e-06
8.188090545449428248e+01 9.492131279539896892e-06
8.199412894457609013e+01 9.454269402233480418e-06
8.210750899812811099e+01 9.417703879134399400e-06
8.222104583164369274e+01 9.382397443449180184e-06
8.233473966191532156e+01 9.348313687657896549e-06
8.244859070603548901e+01 9.315417024635941877e-06
8.256259918139672038e+01 9.283672650292845805e-06
8.267676530569214322e+01 9.253046507666240968e-06
8.279108929691604146e+01 9.223505252413130863e-06
8.290557137336398341e+01 9.195016219644065768e-06
8.302021175363353223e+01 9.167547392047812330e-06
8.313501065662443068e+01 9.141067369257593870e-06
8.324996830153907013e+01 9.115545338413110824e-06
8.336508490788312997e+01 9.090951045873719619e-06
8.348036069546560611e+01 9.067254770042164908e-06
8.359579588439963516e+01 9.044427295259315516e-06
8.371139069510257968e+01 9.022439886733564686e-06
8.382714534829659669e+01 9.001264266469730888e-06
8.394306006500919182e+01 8.980872590164934839e-06
8.405913506657333301e+01 8.961237425040895156e-06
8.417537057462818950e+01 8.942331728583018520e-06
8.429176681111927394e+01 8.924128828159712929e-06
8.440832399829913868e+01 8.906602401495552511e-06
8.452504235872756055e+01 8.889726457974846336e-06
8.464192211527205245e+01 8.873475320752668483e-06
8.475896349110844596e+01 8.857823609651956719e-06
8.487616670972099087e+01 8.842746224827323359e-06
8.499353199490315092e+01 8.828218331176515026e-06
8.511105957075770334e+01 8.814215343482360379e-06
8.522874966169732147e+01 8.800712912268858116e-06
8.534660249244512897e+01 8.787686910356241627e-06
8.546461828803481353e+01 8.775113420100984999e-06
8.558279727381139423e+01 8.762968721307385858e-06
8.570113967543139211e+01 8.751229279798476967e-06
8.581964571886332749e+01 8.739871736635204327e-06
8.593831563038835952e+01 8.728872897972602852e-06
8.605714963660031458e+01 8.718209725543865708e-06
8.617614796440658154e+01 8.707859327762640980e-06
8.629531084102815441e+01 8.697798951435324196e-06
8.641463849400021502e+01 8.688005974075552315e-06
8.653413115117271559e+01 8.678457896813331784e-06
8.665378904071052091e+01 8.669132337892508902e-06
8.677361239109413305e+01 8.660007026749857052e-06
8.689360143111990453e+01 8.651059798670247985e-06
8.701375638990052153e+01 8.642268590012481053e-06
8.713407749686565751e+01 8.633611434000456117e-06
8.725456498176204434e+01 8.625066457075344844e-06
8.737521907465425386e+01 8.616611875803740876e-06
8.749604000592488262e+01 8.608225994338300800e-06
8.761702800627509191e+01 8.599887202426025786e-06
8.773818330672520460e+01 8.591573973961044817e-06
8.785950613861476199e+01 8.583264866077432232e-06
8.798099673360343331e+01 8.574938518779169532e-06
8.810265532367105834e+01 8.566573655102840073e-06
8.822448214111827269e+01 8.558149081810124243e-06
8.834647741856703362e+01 8.549643690605846394e-06
8.846864138896083318e+01 8.541036459878334475e-06
8.859097428556540876e+01 8.532306456958099451e-06
8.871347634196889942e+01 8.523432840890587497e-06
8.883614779208262746e+01 8.514394865719518559e-06
8.895898887014119794e+01 8.505171884275747741e-06
8.908199981070315232e+01 8.495743352467705715e-06
8.920518084865149433e+01 8.486088834067966659e-06
8.932853221919383202e+01 8.476188005991346029e-06
8.945205415786320202e+01 8.466020664058488811e-06
8.957574690051818322e+01 8.455566729239486599e-06
8.969961068334352206e+01 8.444806254370837003e-06
8.982364574285065828e+01 8.433719431339321509e-06
8.994785231587793817e+01 8.422286598725407176e-06
9.007223063959135345e+01 8.410488249898452322e-06
9.019678095148471186e+01 8.398305041555623640e-06
9.032150348938023399e+01 8.385717802695556369e-06
9.044639849142912169e+01 8.372707544017318171e-06
9.057146619611170024e+01 8.359255467735067982e-06
9.069670684223828516e+01 8.345342977797327256e-06
9.082212066894921065e+01 8.330951690499755613e-06
9.094770791571556856e+01 8.316063445479621551e-06
9.107346882233964891e+01 8.300660317079008627e-06
9.119940362895519570e+01 8.284724626063655193e-06
9.132551257602818851e+01 8.268238951683217874e-06
9.145179590435697037e+01 8.251186144057923936e-06
9.157825385507284466e+01 8.233549336876198256e-06
9.170488666964072877e+01 8.215311960386884957e-06
9.183169458985919675e+01 8.196457754668655499e-06
9.195867785786138882e+01 8.176970783158685077e-06
9.208583671611512500e+01 8.156835446422015134e-06
9.221317140742348784e+01 8.136036496141647569e-06
9.234068217492547603e+01 8.114559049309204495e-06
9.246836926209607554e+01 8.092388602594981103e-06
9.259623291274715484e+01 8.069511046875153630e-06
9.272427337102757861e+01 8.045912681893428395e-06
9.285249088142379037e+01 8.021580231033762268e-06
9.298088568876049465e+01 7.996500856179311097e-06
9.310945803820068534e+01 7.970662172633006544e-06
9.323820817524661209e+01 7.944052264073308525e-06
9.336713634573976606e+01 7.916659697519188598e-06
9.349624279586181785e+01 7.888473538276170313e-06
9.362552777213466015e+01 7.859483364836451910e-06
9.375499152142110404e+01 7.829679283703519410e-06
9.388463429092546164e+01 7.799051944112799970e-06
9.401445632819367404e+01 7.767592552617730170e-06
9.414445788111419233e+01 7.735292887511648988e-06
9.427463919791806291e+01 7.702145313054070206e-06
9.440500052717960955e+01 7.668142793470263395e-06
9.453554211781703032e+01 7.633278906692091741e-06
9.466626421909251121e+01 7.597547857808690264e-06
9.479716708061312147e+01 7.560944492193523241e-06
9.492825095233092725e+01 7.523464308276232440e-06
9.505951608454364532e+01 7.485103469925724327e-06
9.519096272789519730e+01 7.445858818411625453e-06
9.532259113337595124e+01 7.405727883911278403e-06
9.545440155232350321e+01 7.364708896529247422e-06
9.558639423642286204e+01 7.322800796795973307e-06
9.571856943770704618e+01 7.280003245613290379e-06
9.585092740855773741e+01 7.236316633613827999e-06
9.598346840170542293e+01 7.191742089902402436e-06
9.611619267023024804e+01 7.146281490146939110e-06
9.624910046756214399e+01 7.099937463988110986e-06
9.638219204748152436e+01 7.052716304696748231e-06
9.651546766411983924e+01 7.004640941628327340e-06
9.664892757195974582e+01 6.955739993266572149e-06
9.678257202583601781e+01 6.906042152754405709e-06
9.691640128093565920e+01 6.855576158666242415e-06
9.705041559279851526e+01 6.804370771276732843e-06
9.718461521731798314e+01 6.752454749263886556e-06
9.731900041074104024e+01 6.699856826866874577e-06
9.745357142966926745e+01 6.646605691516373755e-06
9.758832853105886329e+01 6.592729961955588000e-06
9.772327197222138295e+01 6.538258166867621580e-06
9.785840201082430667e+01 6.483218724024734823e-06
9.799371890489123871e+01 6.427639919973655638e-06
9.812922291280274578e+01 6.371549890269335546e-06
9.826491429329649918e+01 6.314976600269618555e-06
9.840079330546814163e+01 6.257947826500754336e-06
9.853686020877144358e+01 6.200491138603996334e-06
9.867311526301892854e+01 6.142633881871589111e-06
9.880955872838256937e+01 6.084403160379212583e-06
9.894619086539384512e+01 6.025825820721881326e-06
9.908301193494475001e+01 5.966928436358000824e-06
9.922002219828785030e+01 5.907737292566724714e-06
9.935722191703696637e+01 5.848278372020993161e-06
9.949461135316785487e+01 5.788577340979298316e-06
9.963219076901829396e+01 5.728659536097582071e-06
9.976996042728903547e+01 5.668549951861216998e-06
9.990792059104393275e+01 5.608273228637606621e-06
1.000460715237106513e+02 5.547853641346956273e-06
1.001844134890810238e+02 5.487315088750351396e-06
1.003229467513119317e+02 5.426681083351171551e-06
1.004616715749252620e+02 5.365974741906883149e-06
1.006005882248087602e+02 5.305218776546352313e-06
1.007396969662164281e+02 5.244435486487594840e-06
1.008789980647689930e+02 5.183646750350140744e-06
1.010184917864547742e+02 5.122874019055128710e-06
1.011581783976295839e+02 5.062138309306822589e-06
1.012980581650176219e+02 5.001460197646623072e-06
1.014381313557119739e+02 4.940859815071817400e-06
1.015783982371748806e+02 4.880356842210506150e-06
1.017188590772388039e+02 4.819970505042408041e-06
1.018595141441061855e+02 4.759719571156372750e-06
1.020003637063504982e+02 4.699622346534213759e-06
1.021414080329165301e+02 4.639696672849450822e-06
1.022826473931209108e+02 4.579959925270831569e-06
1.024240820566529635e+02 4.520429010757871660e-06
1.025657122935746060e+02 4.461120366838219488e-06
1.027075383743213450e+02 4.402049960853031127e-06
1.028495605697025894e+02 4.343233289658958738e-06
1.029917791509021470e+02 4.284685379774068087e-06
1.031341943894791058e+02 4.226420787954252084e-06
1.032768065573677774e+02 4.168453602187797393e-06
1.034196159268785635e+02 4.110797443094598154e-06
1.035626227706984395e+02 4.053465465716387227e-06
1.037058273618913375e+02 3.996470361685217610e-06
1.038492299738990852e+02 3.939824361755738593e-06
1.039928308805413337e+02 3.883539238689052403e-06
1.041366303560164113e+02 3.827626310472983553e-06
1.042806286749018909e+02 3.772096443866063841e-06
1.044248261121548182e+02 3.716960058251665669e-06
1.045692229431128624e+02 3.662227129787984486e-06
1.047138194434940317e+02 3.607907195841047979e-06
1.048586158893977398e+02 3.554009359686933499e-06
1.050036125573051748e+02 3.500542295469682301e-06
1.051488097240797259e+02 3.447514253401970874e-06
1.052942076669679352e+02 3.394933065194753072e-06
1.054398066635994269e+02 3.342806149703907421e-06
1.055856069919878166e+02 3.291140518779645065e-06
1.057316089305311380e+02 3.239942783307113788e-06
1.058778127580122970e+02 3.189219159424749369e-06
1.060242187536000245e+02 3.138975474908904159e-06
1.061708271968487480e+02 3.089217175711724245e-06
1.063176383676995727e+02 3.039949332641146044e-06
1.064646525464805649e+02 2.991176648170543564e-06
1.066118700139078044e+02 2.942903463367008560e-06
1.067592910510851567e+02 2.895133764927059886e-06
1.069069159395053390e+02 2.847871192308566459e-06
1.070547449610502895e+02 2.801119044948168051e-06
1.072027783979916506e+02 2.754880289553941388e-06
1.073510165329916646e+02 2.709157567462619494e-06
1.074994596491031444e+02 2.663953202052414501e-06
1.076481080297703983e+02 2.619269206200592602e-06
1.077969619588296979e+02 2.575107289777167758e-06
1.079460217205096484e+02 2.531468867165735193e-06
1.080952875994322255e+02 2.488355064801972294e-06
1.082447598806126763e+02 2.445766728722248006e-06
1.083944388494604425e+02 2.403704432113090274e-06
1.085443247917796299e+02 2.362168482854627691e-06
1.086944179937694344e+02 2.321158931049631155e-06
1.088447187420251367e+02 2.280675576530911309e-06
1.089952273235379892e+02 2.240717976340797757e-06
1.091459440256962097e+02 2.201285452174788378e-06
1.092968691362854088e+02 2.162377097783702063e-06
1.094480029434890014e+02 2.123991786328144769e-06
1.095993457358892726e+02 2.086128177678868807e-06
1.097508978024671933e+02 2.048784725658182022e-06
1.099026594326034427e+02 2.011959685216259522e-06
1.100546309160788780e+02 1.975651119538189298e-06
1.102068125430749319e+02 1.939856907076185436e-06
1.103592046041746073e+02 1.904574748502851094e-06
1.105118073903624207e+02 1.869802173581502540e-06
1.106646211930253401e+02 1.835536547948975856e-06
1.108176463039532962e+02 1.801775079807517134e-06
1.109708830153395525e+02 1.768514826522558218e-06
1.111243316197817563e+02 1.735752701122415973e-06
1.112779924102818256e+02 1.703485478697824200e-06
1.114318656802469576e+02 1.671709802697650218e-06
1.115859517234900551e+02 1.640422191119075814e-06
1.117402508342301672e+02 1.609619042589310099e-06
1.118947633070935552e+02 1.579296642336955803e-06
1.120494894371135501e+02 1.549451168051548568e-06
1.122044295197315336e+02 1.520078695628791488e-06
1.123595838507974207e+02 1.491175204800754094e-06
1.125149527265701437e+02 1.462736584649273548e-06
1.126705364437186034e+02 1.434758639001746798e-06
1.128263352993215989e+02 1.407237091708347001e-06
1.129823495908688358e+02 1.380167591799647171e-06
1.131385796162613815e+02 1.353545718524536030e-06
1.132950256738121340e+02 1.327366986267663555e-06
1.134516880622468307e+02 1.301626849346204224e-06
1.136085670807039349e+02 1.276320706686020775e-06
1.137656630287356734e+02 1.251443906377121325e-06
1.139229762063084621e+02 1.226991750108502379e-06
1.140805069138034327e+02 1.202959497482824763e-06
1.142382554520173983e+02 1.179342370211314013e-06
1.143962221221627686e+02 1.156135556189455913e-06
1.145544072258685731e+02 1.133334213454011917e-06
1.147128110651809436e+02 1.110933474022234944e-06
1.148714339425635416e+02 1.088928447614291827e-06
1.150302761608986515e+02 1.067314225259398936e-06
1.151893380234869824e+02 1.046085882787412055e-06
1.153486198340487761e+02 1.025238484206356702e-06
1.155081218967242904e+02 1.004767084967487306e-06
1.156678445160741830e+02 9.846667351191625044e-07
1.158277879970805913e+02 9.649324823506425788e-07
1.159879526451470895e+02 9.455593749277388919e-07
1.161483387660996129e+02 9.265424645212498102e-07
1.163089466661870119e+02 9.078768089300626792e-07
1.164697766520815065e+02 8.895574747005772729e-07
1.166308290308797098e+02 8.715795396438233328e-07
1.167921041101025423e+02 8.539380952522443011e-07
1.169536021976962701e+02 8.366282490177711175e-07
1.171153236020329729e+02 8.196451266528943314e-07
1.172772686319110562e+02 8.029838742166759300e-07
1.174394375965562460e+02 7.866396601473325857e-07
1.176018308056215318e+02 7.706076772035944079e-07
1.177644485691881897e+02 7.548831443162718489e-07
1.179272911977661380e+02 7.394613083522626977e-07
1.180903590022950596e+02 7.243374457926851784e-07
1.182536522941442030e+02 7.095068643273436759e-07
1.184171713851135195e+02 6.949649043670812877e-07
1.185809165874340891e+02 6.807069404761992522e-07
1.187448882137686326e+02 6.667283827269068892e-07
1.189090865772125909e+02 6.530246779775067052e-07
1.190735119912939410e+02 6.395913110765112316e-07
1.192381647699743752e+02 6.264238059944774602e-07
1.194030452276496845e+02 6.135177268854781452e-07
1.195681536791502992e+02 6.008686790802075935e-07
1.197334904397423685e+02 5.884723100124875849e-07
1.198990558251275758e+02 5.763243100813171539e-07
1.200648501514443467e+02 5.644204134500327179e-07
1.202308737352681760e+02 5.527563987846348270e-07
1.203971268936122385e+02 5.413280899331455397e-07
1.205636099439284408e+02 5.301313565476585142e-07
1.207303232041072647e+02 5.191621146510722358e-07
1.208972669924789045e+02 5.084163271501802249e-07
1.210644416278137356e+02 4.978900042968939235e-07
1.212318474293227695e+02 4.875792013683304135e-07
1.213994847166588471e+02 4.774797263789880807e-07
1.215673538099163977e+02 4.675869124477971381e-07
1.217354550296326039e+02 4.578961505006590474e-07
1.219037886967879132e+02 4.484029506722200897e-07
1.220723551328064502e+02 4.391029388337576361e-07
1.222411546595571963e+02 4.299918532302870819e-07
1.224101875993538471e+02 4.210655412233267175e-07
1.225794542749558929e+02 4.123199561356664363e-07
1.227489550095691300e+02 4.037511541946688205e-07
1.229186901268461583e+02 3.953552915708701159e-07
1.230886599508874895e+02 3.871286215085505613e-07
1.232588648062414336e+02 3.790674915453839443e-07
1.234293050179051789e+02 3.711683408179796324e-07
1.235999809113253605e+02 3.634276974505686707e-07
1.237708928123984577e+02 3.558421760241068696e-07
1.239420410474720029e+02 3.484084751230124323e-07
1.241134259433444100e+02 3.411233749570805631e-07
1.242850478272661121e+02 3.339837350560601077e-07
1.244569070269400584e+02 3.269864920344748483e-07
1.246290038705222116e+02 3.201286574244515920e-07
1.248013386866226568e+02 3.134073155742483686e-07
1.249739118043055583e+02 3.068196216104761720e-07
1.251467235530901831e+02 3.003627994617917879e-07
1.253197742629514551e+02 2.940341399421796543e-07
1.254930642643204521e+02 2.878309988918446672e-07
1.256665938880855862e+02 2.817507953739022238e-07
1.258403634655923895e+02 2.757910099250499928e-07
1.260143733286447230e+02 2.699491828584700122e-07
1.261886238095052448e+02 2.642229126173651994e-07
1.263631152408959508e+02 2.586098541774442545e-07
1.265378479559992826e+02 2.531077174968232559e-07
1.267128222884580424e+02 2.477142660119133622e-07
1.268880385723765016e+02 2.424273151777220000e-07
1.270634971423209123e+02 2.372447310512705153e-07
1.272391983333200471e+02 2.321644289167227726e-07
1.274151424808663364e+02 2.271843719509571935e-07
1.275913299209157401e+02 2.223025699283071618e-07
1.277677609898888704e+02 2.175170779632160788e-07
1.279444360246715888e+02 2.128259952897140252e-07
1.281213553626154180e+02 2.082274640765000368e-07
1.282985193415387926e+02 2.037196682765559798e-07
1.284759282997268599e+02 1.993008325102897234e-07
1.286535825759326599e+02 1.949692209810786981e-07
1.288314825093777074e+02 1.907231364223072781e-07
1.290096284397524187e+02 1.865609190748950464e-07
1.291880207072173050e+02 1.824809456944192793e-07
1.293666596524028876e+02 1.784816285869266491e-07
1.295455456164108341e+02 1.745614146725356535e-07
1.297246789408144423e+02 1.707187845760627587e-07
1.299040599676592649e+02 1.669522517437929542e-07
1.300836890394641614e+02 1.632603615856496508e-07
1.302635664992212412e+02 1.596416906420005307e-07
1.304436926903970573e+02 1.560948457743715388e-07
1.306240679569330609e+02 1.526184633793372030e-07
1.308046926432462271e+02 1.492112086249201681e-07
1.309855670942301344e+02 1.458717747088447612e-07
1.311666916552548798e+02 1.425988821379802517e-07
1.313480666721682439e+02 1.393912780283643903e-07
1.315296924912961742e+02 1.362477354251927866e-07
1.317115694594438651e+02 1.331670526422124601e-07
1.318936979238956724e+02 1.301480526199445640e-07
1.320760782324163074e+02 1.271895823021646128e-07
1.322587107332513483e+02 1.242905120301625398e-07
1.324415957751278086e+02 1.214497349542193355e-07
1.326247337072553023e+02 1.186661664618263232e-07
1.328081248793259590e+02 1.159387436221670584e-07
1.329917696415155319e+02 1.132664246463945253e-07
1.331756683444840235e+02 1.106481883632319539e-07
1.333598213393761966e+02 1.080830337094809935e-07
1.335442289778227689e+02 1.055699792350038268e-07
1.337288916119402700e+02 1.031080626217707412e-07
1.339138095943322639e+02 1.006963402165584318e-07
1.340989832780899178e+02 9.833388657692190496e-08
1.342844130167924845e+02 9.601979403007840735e-08
1.344700991645085253e+02 9.375317224429841805e-08
1.346560420757958809e+02 9.153314781248966683e-08
1.348422421057026952e+02 8.935886384761189988e-08
1.350286996097681254e+02 8.722947958958174004e-08
1.352154149440228252e+02 8.514417002335966575e-08
1.354023884649901959e+02 8.310212550788225426e-08
1.355896205296861297e+02 8.110255141557295316e-08
1.357771114956204315e+02 7.914466778207938510e-08
1.359648617207972165e+02 7.722770896600058549e-08
1.361528715637155074e+02 7.535092331828909031e-08
1.363411413833704842e+02 7.351357286106802007e-08
1.365296715392533144e+02 7.171493297560272384e-08
1.367184623913523751e+02 6.995429209916486628e-08
1.369075143001538777e+02 6.823095143053165831e-08
1.370968276266423231e+02 6.654422464389063240e-08
1.372864027323018377e+02 6.489343761089489975e-08
1.374762399791159453e+02 6.327792813066897635e-08
1.376663397295688753e+02 6.169704566750429187e-08
1.378567023466460739e+02 6.015015109604751214e-08
1.380473281938348293e+02 5.863661645377616410e-08
1.382382176351253804e+02 5.715582470053019741e-08
1.384293710350109734e+02 5.570716948492326674e-08
1.386207887584889420e+02 5.429005491742792562e-08
1.388124711710613042e+02 5.290389534993821359e-08
1.390044186387354443e+02 5.154811516163658386e-08
1.391966315280252218e+02 5.022214855096782600e-08
1.393891102059508285e+02 4.892543933357191174e-08
1.395818550400402103e+02 4.765744074597017977e-08
1.397748663983294648e+02 4.641761525485732342e-08
1.399681446493634667e+02 4.520543437184199073e-08
1.401616901621971465e+02 4.402037847345520801e-08
1.403555033063953204e+02 4.286193662629468191e-08
1.405495844520339688e+02 4.172960641714260753e-08
1.407439339697008336e+02 4.062289378790836819e-08
1.409385522304959295e+02 3.954131287526066105e-08
1.411334396060328515e+02 3.848438585479779358e-08
1.413285964684386329e+02 3.745164278964023987e-08
1.415240231903550523e+02 3.644262148328641961e-08
1.417197201449391173e+02 3.545686733661928259e-08
1.419156877058637178e+02 3.449393320893780853e-08
1.421119262473188769e+02 3.355337928287743368e-08
1.423084361440116083e+02 3.263477293311573524e-08
1.425052177711671959e+02 3.173768859872825220e-08
1.427022715045298185e+02 3.086170765909998494e-08
1.428995977203630048e+02 3.000641831326207773e-08
1.430971967954511399e+02 2.917141546255374085e-08
1.432950691070990388e+02 2.835630059651158329e-08
1.434932150331334810e+02 2.756068168186353952e-08
1.436916349519036658e+02 2.678417305454332581e-08
1.438903292422818367e+02 2.602639531461746548e-08
1.440892982836645615e+02 2.528697522403465790e-08
1.442885424559726175e+02 2.456554560710198131e-08
1.444880621396522429e+02 2.386174525359185766e-08
1.446878577156757615e+02 2.317521882440031366e-08
1.448879295655421799e+02 2.250561675966272943e-08
1.450882780712784097e+02 2.185259518924126266e-08
1.452889036154392386e+02 2.121581584551097805e-08
1.454898065811085814e+02 2.059494597835497907e-08
1.456909873518999063e+02 1.998965827229416202e-08
1.458924463119576274e+02 1.939963076567241133e-08
1.460941838459568203e+02 1.882454677183388731e-08
1.462962003391047290e+02 1.826409480220391462e-08
1.464984961771411918e+02 1.771796849121610467e-08
1.467010717463392950e+02 1.718586652301119647e-08
1.469039274335067091e+02 1.666749255984383671e-08
1.471070636259855462e+02 1.616255517213335159e-08
1.473104807116536676e+02 1.567076777008970220e-08
1.475141790789252809e+02 1.519184853686352005e-08
1.477181591167515364e+02 1.472552036315220560e-08
1.479224212146218633e+02 1.427151078320634089e-08
1.481269657625638558e+02 1.382955191218811079e-08
1.483317931511445522e+02 1.339938038481471781e-08
1.485369037714710032e+02 1.298073729524535545e-08
1.487422980151910679e+02 1.257336813815311617e-08
1.489479762744944935e+02 1.217702275093872617e-08
1.491539389421129158e+02 1.179145525703424288e-08
1.493601864113212230e+02 1.141642401024914394e-08
1.495667190759380958e+02 1.105169154012041325e-08
1.497735373303266044e+02 1.069702449821633486e-08
1.499806415693956581e+02 1.035219360535430486e-08
1.501880321885996921e+02 1.001697359969770799e-08
1.503957095839402029e+02 9.691143185683295148e-09
1.506036741519662314e+02 9.374484983749261816e-09
1.508119262897749877e+02 9.066785480824039810e-09
1.510204663950133011e+02 8.767834981542812778e-09
1.512292948658773355e+02 8.477427560158084187e-09
1.514384121011140962e+02 8.195361013109336218e-09
1.516478185000218843e+02 7.921436812226208091e-09
1.518575144624510358e+02 7.655460058530771525e-09
1.520675003888052856e+02 7.397239436611480650e-09
1.522777766800415407e+02 7.146587169545944676e-09
1.524883437376712720e+02 6.903318974339555201e-09
1.526992019637612259e+02 6.667255205690261162e-09
1.529103517609338780e+02 6.438234974974881359e-09
1.531217935323689971e+02 6.216109231081825305e-09
1.533335276818033321e+02 6.000728859914637966e-09
1.535455546135320901e+02 5.791944661080930916e-09
1.537578747324095332e+02 5.589607573717981872e-09
1.539704884438495753e+02 5.393568889380179748e-09
1.541833961538272320e+02 5.203680452263493413e-09
1.543965982688783924e+02 5.019794847063212268e-09
1.546100951961012413e+02 4.841765574774353149e-09
1.548238873431569687e+02 4.669447216757356318e-09
1.550379751182702250e+02 4.502695587405027477e-09
1.552523589302306561e+02 4.341367875753900699e-09
1.554670391883927323e+02 4.185322776395647909e-09
1.556820163026770274e+02 4.034420610042835383e-09
1.558972906835711001e+02 3.888523434115674264e-09
1.561128627421298347e+02 3.747495143716338440e-09
1.563287328899770614e+02 3.611201563357323468e-09
1.565449015393052719e+02 3.479510529815969060e-09
1.567613691028771257e+02 3.352291966480761426e-09
1.569781359940260757e+02 3.229417949559016334e-09
1.571952026266568510e+02 3.110762766508088738e-09
1.574125694152471056e+02 2.996202967050968611e-09
1.576302367748471340e+02 2.885617407134205523e-09
1.578482051210812642e+02 2.778887286175675433e-09
1.580664748701485962e+02 2.675896177949245735e-09
1.582850464388235139e+02 2.576530055444271191e-09
1.585039202444573050e+02 2.480677310029538175e-09
1.587230967049777348e+02 2.388228765246852524e-09
1.589425762388907799e+02 2.299077685547655410e-09
1.591623592652809975e+02 2.213119780281227095e-09
1.593824462038123499e+02 2.130253203231097699e-09
1.596028374747296255e+02 2.050378547988993711e-09
1.598235334988580973e+02 1.973398839447313103e-09
1.600445346976052861e+02 1.899219521678477588e-09
1.602658414929612718e+02 1.827748442463624588e-09
1.604874543074996041e+02 1.758895834721142890e-09
1.607093735643785806e+02 1.692574295077076981e-09
1.609315996873411621e+02 1.628698759809384942e-09
1.611541331007164786e+02 1.567186478387975200e-09
1.613769742294201421e+02 1.507956984824332007e-09
1.616001234989558952e+02 1.450932067033113238e-09
1.618235813354153549e+02 1.396035734400648911e-09
1.620473481654794625e+02 1.343194183744830267e-09
1.622714244164192507e+02 1.292335763841979982e-09
1.624958105160962987e+02 1.243390938688084966e-09
1.627205068929643801e+02 1.196292249651970897e-09
1.629455139760692646e+02 1.150974276671077227e-09
1.631708321950500817e+02 1.107373598630016627e-09
1.633964619801401454e+02 1.065428753056025313e-09
1.636224037621674370e+02 1.025080195256801613e-09
1.638486579725562251e+02 9.862702570180232671e-10
1.640752250433268671e+02 9.489431049716977155e-10
1.643021054070972582e+02 9.130446987383843693e-10
1.645292994970834570e+02 8.785227489398047076e-10
1.647568077471004528e+02 8.453266751719881071e-10
1.649846305915636435e+02 8.134075640221022157e-10
1.652127684654885513e+02 7.827181272071648744e-10
1.654412218044924145e+02 7.532126599053386786e-10
1.656699910447948980e+02 7.248469993463495852e-10
1.658990766232185763e+02 6.975784837217816400e-10
1.661284789771906958e+02 6.713659114702500608e-10
1.663581985447427769e+02 6.461695009887695168e-10
1.665882357645122340e+02 6.219508508157559764e-10
1.668185910757430293e+02 5.986729003278269337e-10
1.670492649182862976e+02 5.762998909874700084e-10
1.672802577326019673e+02 5.547973281751918858e-10
1.675115699597584751e+02 5.341319436362516998e-10
1.677432020414343015e+02 5.142716585676566106e-10
1.679751544199187094e+02 4.951855473688085246e-10
1.682074275381124266e+02 4.768438020753460618e-10
1.684400218395290381e+02 4.592176974931952219e-10
1.686729377682949291e+02 4.422795570468894757e-10
1.689061757691508490e+02 4.260027193535086127e-10
1.691397362874524219e+02 4.103615055317094762e-10
1.693736197691710004e+02 3.953311872523779878e-10
1.696078266608951139e+02 3.808879555358248579e-10
1.698423574098303561e+02 3.670088902985157054e-10
1.700772124638007767e+02 3.536719306500931288e-10
1.703123922712497347e+02 3.408558459403071759e-10
1.705478972812405800e+02 3.285402075536245462e-10
1.707837279434579898e+02 3.167053614480234457e-10
1.710198847082080533e+02 3.053324014331452732e-10
1.712563680264196933e+02 2.944031431817099682e-10
1.714931783496452908e+02 2.839000989673021277e-10
1.717303161300615670e+02 2.738064531203523462e-10
1.719677818204709752e+02 2.641060381934111966e-10
1.722055758743015019e+02 2.547833118262003289e-10
1.724436987456084580e+02 2.458233342998166887e-10
1.726821508890748476e+02 2.372117467692426212e-10
1.729209327600123345e+02 2.289347501625864789e-10
1.731600448143626636e+02 2.209790847349680787e-10
1.733994875086975469e+02 2.133320102647678853e-10
1.736392613002201699e+02 2.059812868792831958e-10
1.738793666467660159e+02 1.989151564968241066e-10
1.741198040068033492e+02 1.921223248719918317e-10
1.743605738394350340e+02 1.855919442305248840e-10
1.746016766043982216e+02 1.793135964801939139e-10
1.748431127620659140e+02 1.732772769839783840e-10
1.750848827734477595e+02 1.674733788817101319e-10
1.753269871001906495e+02 1.618926779464225852e-10
1.755694262045804237e+02 1.565263179615418226e-10
1.758122005495415863e+02 1.513657966052645651e-10
1.760553105986389824e+02 1.464029518283060278e-10
1.762987568160784235e+02 1.416299487114838963e-10
1.765425396667074835e+02 1.370392667896924015e-10
1.767866596160170332e+02 1.326236878288292794e-10
1.770311171301410411e+02 1.283762840425744698e-10
1.772759126758582795e+02 1.242904067359711867e-10
1.775210467205929774e+02 1.203596753629651321e-10
1.777665197324154462e+02 1.165779669853178759e-10
1.780123321800438703e+02 1.129394061204314672e-10
1.782584845328439656e+02 1.094383549659769621e-10
1.785049772608306853e+02 1.060694039892685403e-10
1.787518108346689303e+02 1.028273628697344257e-10
1.789989857256742312e+02 9.970725178301063504e-11
1.792465024058143399e+02 9.670429301539208901e-11
1.794943613477092015e+02 9.381390289772553564e-11
1.797425630246323465e+02 9.103168404801046505e-11
1.799911079105116869e+02 8.835341791225660269e-11
1.802399964799308805e+02 8.577505759342042776e-11
1.804892292081294158e+02 8.329272095850218832e-11
1.807388065710040621e+02 8.090268401413501563e-11
1.809887290451096078e+02 7.860137454125583390e-11
1.812389971076596851e+02 7.638536597974391816e-11
1.814896112365283329e+02 7.425137155410953727e-11
1.817405719102498836e+02 7.219623863166726573e-11
1.819918796080204970e+02 7.021694330475667038e-11
1.822435348096989571e+02 6.831058518893469801e-11
1.824955379958074957e+02 6.647438242927204851e-11
1.827478896475332419e+02 6.470566690709468118e-11
1.830005902467282226e+02 6.300187963982288020e-11
1.832536402759109251e+02 6.136056636673794239e-11
1.835070402182670364e+02 5.977937331376170959e-11
1.837607905576501821e+02 5.825604313057239632e-11
1.840148917785837170e+02 5.678841099357355519e-11
1.842693443662602704e+02 5.537440086850058354e-11
1.845241488065437352e+02 5.401202192659997996e-11
1.847793055859696949e+02 5.269936510857619066e-11
1.850348151917464463e+02 5.143459983069995183e-11
1.852906781117564492e+02 5.021597082763352195e-11
1.855468948345563263e+02 4.904179512677588016e-11
1.858034658493783979e+02 4.791045914908402118e-11
1.860603916461315350e+02 4.682041593152139482e-11
1.863176727154017556e+02 4.577018246647395557e-11
1.865753095484541291e+02 4.475833715363293249e-11
1.868333026372324355e+02 4.378351736004610784e-11
1.870916524743608704e+02 4.284441708415456500e-11
1.873503595531448411e+02 4.193978471984355351e-11
1.876094243675717053e+02 4.106842091667571207e-11
1.878688474123124763e+02 4.022917653260644439e-11
1.881286291827215678e+02 3.942095067567443487e-11
1.883887701748386121e+02 3.864268883125738761e-11
1.886492708853891145e+02 3.789338107166345598e-11
1.889101318117852486e+02 3.717206034493765590e-11
1.891713534521276756e+02 3.647780083990571628e-11
1.894329363052050894e+02 3.580971642462059932e-11
1.896948808704961777e+02 3.516695915546922506e-11
1.899571876481703327e+02 3.454871785435202440e-11
1.902198571390883046e+02 3.395421675145386286e-11
1.904828898448040206e+02 3.338271419123115691e-11
1.907462862675644431e+02 3.283350139937378206e-11
1.910100469103111038e+02 3.230590130858747756e-11
1.912741722766810994e+02 3.179926744117006487e-11
1.915386628710076877e+02 3.131298284644316957e-11
1.918035191983221068e+02 3.084645909121378780e-11
1.920687417643534047e+02 3.039913530153593361e-11
1.923343310755300593e+02 2.997043924736196678e-11
1.926002876389809160e+02 2.955967328447369195e-11
1.928666119625357851e+02 2.916613610734437200e-11
1.931333045547273457e+02 2.878916154785228751e-11
1.934003659247908615e+02 2.842811661986515993e-11
1.936677965826659431e+02 2.808239968254087067e-11
1.939355970389973720e+02 2.775143871444678169e-11
1.942037678051357545e+02 2.743468969112844464e-11
1.944723093931395113e+02 2.713163505929274700e-11
1.947412223157743938e+02 2.684178230125401153e-11
1.950105070865155312e+02 2.656466258371941493e-11
1.952801642195479417e+02 2.629982948542396683e-11
1.955501942297675555e+02 2.604685779848961211e-11
1.958205976327828637e+02 2.580534239874663614e-11
1.960913749449146906e+02 2.557489718057681856e-11
1.963625266831980696e+02 2.535515405214047461e-11
1.966340533653829539e+02 2.514576198713605024e-11
1.969059555099350405e+02 2.494638612949562533e-11
1.971782336360375609e+02 2.475670694766221078e-11
1.974508882635910538e+02 2.457641943532289181e-11
1.977239199132151555e+02 2.440523235567529138e-11
1.979973291062494525e+02 2.424286752650077570e-11
1.982711163647541639e+02 2.408905914349669861e-11
1.985452822115120171e+02 2.394355313948789261e-11
1.988198271700281339e+02 2.380610657729178009e-11
1.990947517645315656e+02 2.367648707415647747e-11
1.993700565199762025e+02 2.355447225582577528e-11
1.996457419620423366e+02 2.343984923841007568e-11
1.999218086171366338e+02 2.333241413635962480e-11
2.001982570123937819e+02 2.323197159494219216e-11
2.004750876756774858e+02 2.313833434573483715e-11
2.007523011355810922e+02 2.305132278372542660e-11
2.010298979214294945e+02 2.297076456471555558e-11
2.013078785632789049e+02 2.289649422179489922e-11
2.015862435919187874e+02 2.282835279973402525e-11
2.018649935388724543e+02 2.276618750621590255e-11
2.021441289363980331e+02 2.270985137889333618e-11
2.024236503174902850e+02 2.265920296732087072e-11
2.027035582158803777e+02 2.261410602887185896e-11
2.029838531660376759e+02 2.257442923780336600e-11
2.032645357031706510e+02 2.254004590668458984e-11
2.035456063632275630e+02 2.251083371945410038e-11
2.038270656828985068e+02 2.248667447541498790e-11
2.041089141996149863e+02 2.246745384352106560e-11
2.043911524515519034e+02 2.245306112634790969e-11
2.046737809776283257e+02 2.244338903317706769e-11
2.049568003175083390e+02 2.243833346166484420e-11
2.052402110116028666e+02 2.243779328759138098e-11
2.055240136010695267e+02 2.244167016222544685e-11
2.058082086278143947e+02 2.244986831686610825e-11
2.060927966344928848e+02 2.246229437415209757e-11
2.063777781645106302e+02 2.247885716575641800e-11
2.066631537620252459e+02 2.249946755611041010e-11
2.069489239719462148e+02 2.252403827182349966e-11
2.072350893399366782e+02 2.255248373648986887e-11
2.075216504124143455e+02 2.258471991059432437e-11
2.078086077365522613e+02 2.262066413625058027e-11
2.080959618602807950e+02 2.266023498652599596e-11
2.083837133322872148e+02 2.270335211912322607e-11
2.086718627020178758e+02 2.274993613421255613e-11
2.089604105196787884e+02 2.279990843621883682e-11
2.092493573362366135e+02 2.285319109939177437e-11
2.095387037034204809e+02 2.290970673699825747e-11
2.098284501737218193e+02 2.296937837399372175e-11
2.101185973003962886e+02 2.303212932304400294e-11
2.104091456374645190e+02 2.309788306378397684e-11
2.107000957397130492e+02 2.316656312521119114e-11
2.109914481626961731e+02 2.323809297113062407e-11
2.112832034627358269e+02 2.331239588857342876e-11
2.115753621969233791e+02 2.338939487913081391e-11
2.118679249231205404e+02 2.346901255315458679e-11
2.121608921999601876e+02 2.355117102678457946e-11
2.124542645868483532e+02 2.363579182178149683e-11
2.127480426439639132e+02 2.372279576814789333e-11
2.130422269322606610e+02 2.381210290953679666e-11
2.133368180134679335e+02 2.390363241145075106e-11
2.136318164500916907e+02 2.399730247225630871e-11
2.139272228054163634e+02 2.409303023703454543e-11
2.142230376435045685e+02 2.419073171430866559e-11
2.145192615291991842e+02 2.429032169569475030e-11
2.148158950281240891e+02 2.439171367853368708e-11
2.151129387066851564e+02 2.449481979156391241e-11
2.154103931320720164e+02 2.459955072371487732e-11
2.157082588722580851e+02 2.470581565609802167e-11
2.160065364960022407e+02 2.481352219728719366e-11
2.163052265728499037e+02 2.492257632198481006e-11
2.166043296731338614e+02 2.503288231317902560e-11
2.169038463679761151e+02 2.514434270790223028e-11
2.172037772292878230e+02 2.525685824670890288e-11
2.175041228297711768e+02 2.537032782699809653e-11
2.178048837429202820e+02 2.548464846030793905e-11
2.181060605430220107e+02 2.559971523371964402e-11
2.184076538051580769e+02 2.571542127550963719e-11
2.187096641052046664e+02 2.583165772519290364e-11
2.190120920198345686e+02 2.594831370810900729e-11
2.193149381265179443e+02 2.606527631469902904e-11
2.196182030035232344e+02 2.618243058462857163e-11
2.199218872299192640e+02 2.629965949591533968e-11
2.202259913855747868e+02 2.641684395921596798e-11
2.205305160511606744e+02 2.653386281743470367e-11
2.208354618081507681e+02 2.665059285081144587e-11
2.211408292388226471e+02 2.676690878764914091e-11
2.214466189262598448e+02 2.688268332083817869e-11
2.217528314543513943e+02 2.699778713033380455e-11
2.220594674077940169e+02 2.711208891174315157e-11
2.223665273720926905e+02 2.722545541116742574e-11
2.226740119335626673e+02 2.733775146645081489e-11
2.229819216793293037e+02 2.744884005497249651e-11
2.232902571973300212e+02 2.755858234812174792e-11
2.235990190763153009e+02 2.766683777258039089e-11
2.239082079058494514e+02 2.777346407853727493e-11
2.242178242763126548e+02 2.787831741494442940e-11
2.245278687789009098e+02 2.798125241191805938e-11
2.248383420056277942e+02 2.808212227037715857e-11
2.251492445493256298e+02 2.818077885900050574e-11
2.254605770036461934e+02 2.827707281856944380e-11
2.257723399630628478e+02 2.837085367374942946e-11
2.260845340228703719e+02 2.846196995235461416e-11
2.263971597791868362e+02 2.855026931211604853e-11
2.267102178289546544e+02 2.863559867496250598e-11
2.270237087699414644e+02 2.871780436880610588e-11
2.273376332007421752e+02 2.879673227680321650e-11
2.276519917207786818e+02 2.887222799404388571e-11
2.279667849303020830e+02 2.894413699160205790e-11
2.282820134303933628e+02 2.901230478785812055e-11
2.285976778229645561e+02 2.907657712698322897e-11
2.289137787107606243e+02 2.913680016445122506e-11
2.292303166973593420e+02 2.919282065941935401e-11
2.295472923871733428e+02 2.924448617379976390e-11
2.298647063854509724e+02 2.929164527781018820e-11
2.301825592982773401e+02 2.933414776177416849e-11
2.305008517325762796e+02 2.937184485391203575e-11
2.308195842961102073e+02 2.940458944383389330e-11
2.311387575974821971e+02 2.943223631142634067e-11
2.314583722461368041e+02 2.945464236078859234e-11
2.317784288523611451e+02 2.947166685885307536e-11
2.320989280272869166e+02 2.948317167829274190e-11
2.324198703828901955e+02 2.948902154429344774e-11
2.327412565319935140e+02 2.948908428473931040e-11
2.330630870882667693e+02 2.948323108333210912e-11
2.333853626662281897e+02 2.947133673514041807e-11
2.337080838812465799e+02 2.945327990404465049e-11
2.340312513495407813e+02 2.942894338151975715e-11
2.343548656881820591e+02 2.939821434617186779e-11
2.346789275150950118e+02 2.936098462342147909e-11
2.350034374490583104e+02 2.931715094469756576e-11
2.353283961097071142e+02 2.926661520549331009e-11
2.356538041175326157e+02 2.920928472160272562e-11
2.359796620938842580e+02 2.914507248284552108e-11
2.363059706609706723e+02 2.907389740356709083e-11
2.366327304418606445e+02 2.899568456918172881e-11
2.369599420604852753e+02 2.891036547801525624e-11
2.372876061416376388e+02 2.881787827769023147e-11
2.376157233109750280e+02 2.871816799528558533e-11
2.379442941950199497e+02 2.861118676049595295e-11
2.382733194211609202e+02 2.849689402100652837e-11
2.386027996176547674e+02 2.837525674930075465e-11
2.389327354136263182e+02 2.824624964011634938e-11
2.392631274390706153e+02 2.810985529776300399e-11
2.395939763248538270e+02 2.796606441252751568e-11
2.399252827027142132e+02 2.781487592539333245e-11
2.402570472052643424e+02 2.765629718031847446e-11
2.405892704659908361e+02 2.749034406332394428e-11
2.409219531192564716e+02 2.731704112766950524e-11
2.412550958003012909e+02 2.713642170440785663e-11
2.415886991452434245e+02 2.694852799763591593e-11
2.419227637910813939e+02 2.675341240203706168e-11
2.422572903756937706e+02 2.655119790828161415e-11
2.425922795378415060e+02 2.634210300840509401e-11
2.429277319171686997e+02 2.612635709190764532e-11
2.432636481542037643e+02 2.590419298860265257e-11
2.436000288903615854e+02 2.567584658357510306e-11
2.439368747679431806e+02 2.544155643432558984e-11
2.442741864301380303e+02 2.520156339086336225e-11
2.446119645210249871e+02 2.495611021950347500e-11
2.449502096855732418e+02 2.470544123107837082e-11
2.452889225696446545e+02 2.444980191425433070e-11
2.456281038199933846e+02 2.418943857461490134e-11
2.459677540842681367e+02 2.392459798013410216e-11
2.463078740110129843e+02 2.365552701363735372e-11
2.466484642496694732e+02 2.338247233281166990e-11
2.469895254505765081e+02 2.310568003829621564e-11
2.473310582649724552e+02 2.282539535034453668e-11
2.476730633449962795e+02 2.254186229452041267e-11
2.480155413436883691e+02 2.225532339685397452e-11
2.483584929149929508e+02 2.196601938884552982e-11
2.487019187137577205e+02 2.167418892267302617e-11
2.490458193957361743e+02 2.138006829692671588e-11
2.493901956175885175e+02 2.108389119314912258e-11
2.497350480368827732e+02 2.078588842343914320e-11
2.500803773120969709e+02 2.048628768932750029e-11
2.504261841026189188e+02 2.018531335211727951e-11
2.507724690687484781e+02 1.988318621482785634e-11
2.511192328716985571e+02 1.958012331586444715e-11
2.514664761735960781e+02 1.927633773450160573e-11
2.518141996374843927e+02 1.897203840822449597e-11
2.521624039273228561e+02 1.866742996196469230e-11
2.525110897079892140e+02 1.836271254921312069e-11
2.528602576452806261e+02 1.805808170498553499e-11
2.532099084059145753e+02 1.775372821057543011e-11
2.535600426575313406e+02 1.744983797000603229e-11
2.539106610686935426e+02 1.714659189807741641e-11
2.542617643088885586e+02 1.684416581986389676e-11
2.546133530485295751e+02 1.654273038150873401e-11
2.549654279589564680e+02 1.624245097213896389e-11
2.553179897124382762e+02 1.594348765669464150e-11
2.556710389821728029e+02 1.564599511946221622e-11
2.560245764422891170e+02 1.535012261806838755e-11
2.563786027678482355e+02 1.505601394769086922e-11
2.567331186348446863e+02 1.476380741521272710e-11
2.570881247202082136e+02 1.447363582304250669e-11
2.574436217018040907e+02 1.418562646230829765e-11
2.577996102584349956e+02 1.389990111512035713e-11
2.581560910698423754e+02 1.361657606558801656e-11
2.585130648167072991e+02 1.333576211926914220e-11
2.588705321806527877e+02 1.305756463072167958e-11
2.592284938442438147e+02 1.278208353882213635e-11
2.595869504909891816e+02 1.250941340950450037e-11
2.599459028053431098e+02 1.223964348558190804e-11
2.603053514727057518e+02 1.197285774329375784e-11
2.606652971794259770e+02 1.170913495523234292e-11
2.610257406128009166e+02 1.144854875929707126e-11
2.613866824610782373e+02 1.119116773332282653e-11
2.617481234134575061e+02 1.093705547503127662e-11
2.621100641600908148e+02 1.068627068695748448e-11
2.624725053920855657e+02 1.043886726600458004e-11
2.628354478015039035e+02 1.019489439728319041e-11
2.631988920813652157e+02 9.954396651896122690e-12
2.635628389256472133e+02 9.717414088334239342e-12
2.639272890292869533e+02 9.483982357156827131e-12
2.642922430881832838e+02 9.254132808628694039e-12
2.646577017991965022e+02 9.027892603004625434e-12
2.650236658601506861e+02 8.805284823147397526e-12
2.653901359698350575e+02 8.586328589179508061e-12
2.657571128280045514e+02 8.371039174877131944e-12
2.661245971353828281e+02 8.159428125518363784e-12
2.664925895936615348e+02 7.951503376915117115e-12
2.668610909055028060e+02 7.747269375356339158e-12
2.672301017745405147e+02 7.546727198208443210e-12
2.675996229053812385e+02 7.349874674926001602e-12
2.679696550036066469e+02 7.156706508231803083e-12
2.683401987757732172e+02 6.967214395241896236e-12
2.687112549294148494e+02 6.781387148314480578e-12
2.690828241730437185e+02 6.599210815417830107e-12
2.694549072161513550e+02 6.420668799817868055e-12
2.698275047692113162e+02 6.245741978897562289e-12
2.702006175436787885e+02 6.074408821934663623e-12
2.705742462519929177e+02 5.906645506666094578e-12
2.709483916075780598e+02 5.742426034484439904e-12
2.713230543248448043e+02 5.581722344120984961e-12
2.716982351191923044e+02 5.424504423675135235e-12
2.720739347070084477e+02 5.270740420865523560e-12
2.724501538056716186e+02 5.120396751384359875e-12
2.728268931335522325e+02 4.973438205245993209e-12
2.732041534100146123e+02 4.829828051031366910e-12
2.735819353554172721e+02 4.689528137938382144e-12
2.739602396911147935e+02 4.552498995556937944e-12
2.743390671394594165e+02 4.418699931294734703e-12
2.747184184238020066e+02 4.288089125390845321e-12
2.750982942684942714e+02 4.160623723459975316e-12
2.754786953988889877e+02 4.036259926519045267e-12
2.758596225413419916e+02 3.914953078454402923e-12
2.762410764232135989e+02 3.796657750895962230e-12
2.766230577728696289e+02 3.681327825472413412e-12
2.770055673196839621e+02 3.568916573424902050e-12
2.773886057940381420e+02 3.459376732567436263e-12
2.777721739273238768e+02 3.352660581584993715e-12
2.781562724519443464e+02 3.248720011667281076e-12
2.785409021013152255e+02 3.147506595481478891e-12
2.789260636098670716e+02 3.048971653493017549e-12
2.793117577130452673e+02 2.953066317647570750e-12
2.796979851473123517e+02 2.859741592431862654e-12
2.800847466501492704e+02 2.768948413336221966e-12
2.804720429600564557e+02 2.680637702745618098e-12
2.808598748165563848e+02 2.594760423288350848e-12
2.812482429601932381e+02 2.511267628677496676e-12
2.816371481325356285e+02 2.430110512080763545e-12
2.820265910761773966e+02 2.351240452059936849e-12
2.824165725347390890e+02 2.274609056121827999e-12
2.828070932528702883e+02 2.200168201925808616e-12
2.831981539762495572e+02 2.127870076196698451e-12
2.835897554515865977e+02 2.057667211390742380e-12
2.839818984266238999e+02 1.989512520166977465e-12
2.843745836501375379e+02 1.923359327717121109e-12
2.847678118719397844e+02 1.859161402007191649e-12
2.851615838428789402e+02 1.796872981987413644e-12
2.855559003148418924e+02 1.736448803826332184e-12
2.859507620407550803e+02 1.677844125226298325e-12
2.863461697745859738e+02 1.621014747878635231e-12
2.867421242713453466e+02 1.565917038116244873e-12
2.871386262870871633e+02 1.512507945823571360e-12
2.875356765789111364e+02 1.460745021661206189e-12
2.879332759049639208e+02 1.410586432665354203e-12
2.883314250244401364e+02 1.361990976280287466e-12
2.887301246975851541e+02 1.314918092882761031e-12
2.891293756856947539e+02 1.269327876856626665e-12
2.895291787511176267e+02 1.225181086274972430e-12
2.899295346572566814e+02 1.182439151247955104e-12
2.903304441685701818e+02 1.141064180992163580e-12
2.907319080505741908e+02 1.101018969677837243e-12
2.911339270698426276e+02 1.062267001109003795e-12
2.915365019940096545e+02 1.024772452290822670e-12
2.919396335917708143e+02 9.885001959372097200e-13
2.923433226328844512e+02 9.534158019711816885e-13
2.927475698881740414e+02 9.194855380693213966e-13
2.931523761295281361e+02 8.866763693002631600e-13
2.935577421299030334e+02 8.549559569061191291e-13
2.939636686633235740e+02 8.242926562750606172e-13
2.943701565048849602e+02 7.946555141511841762e-13
2.947772064307548590e+02 7.660142651271220120e-13
2.951848192181733452e+02 7.383393274639218166e-13
2.955929956454555168e+02 7.116017982802355124e-13
2.960017364919928582e+02 6.857734481529441507e-13
2.964110425382541507e+02 6.608267151690710566e-13
2.968209145657883141e+02 6.367346984680823477e-13
2.972313533572241226e+02 6.134711513120267606e-13
2.976423596962728197e+02 5.910104737197526079e-13
2.980539343677293687e+02 5.693277047001742773e-13
2.984660781574735324e+02 5.483985141183731285e-13
2.988787918524729434e+02 5.281991942265854314e-13
2.992920762407821940e+02 5.087066508914196337e-13
2.997059321115461330e+02 4.898983945469897767e-13
3.001203602550007759e+02 4.717525309024737086e-13
3.005353614624744978e+02 4.542477514314123936e-13
3.009509365263908194e+02 4.373633236689654881e-13
3.013670862402681223e+02 4.210790813418989722e-13
3.017838113987224915e+02 4.053754143550424540e-13
3.022011127974685110e+02 3.902332586568251290e-13
3.026189912333209691e+02 3.756340860054640367e-13
3.030374475041974165e+02 3.615598936558619243e-13
3.034564824091176547e+02 3.479931939869635573e-13
3.038760967482068054e+02 3.349170040873760109e-13
3.042962913226959927e+02 3.223148353167911521e-13
3.047170669349252989e+02 3.101706864876253140e-13
3.051384243883432532e+02 2.984690622015953044e-13
3.055603644875097871e+02 2.871949419851634498e-13
3.059828880380971441e+02 2.763337505121802881e-13
3.064059958468916420e+02 2.658713477788003646e-13
3.068296887217958329e+02 2.557940194911813050e-13
3.072539674718287870e+02 2.460884674768308936e-13
3.076788329071282533e+02 2.367418001322605335e-13
3.081042858389525350e+02 2.277415229190415470e-13
3.085303270796812853e+02 2.190755289191412296e-13
3.089569574428183500e+02 2.107320894599628047e-13
3.093841777429916533e+02 2.026998448185926435e-13
3.098119887959558696e+02 1.949677950140620206e-13
3.102403914185936742e+02 1.875252906957115905e-13
3.106693864289169369e+02 1.803620241351040446e-13
3.110989746460697916e+02 1.734680203283338497e-13
3.115291568903278971e+02 1.668336282148457855e-13
3.119599339831015641e+02 1.604495120184012849e-13
3.123913067469370617e+02 1.543066427151932995e-13
3.128232760055175277e+02 1.483962896337050001e-13
3.132558425836662650e+02 1.427100121901892677e-13
3.136890073073459462e+02 1.372396517633908684e-13
3.141227710036618532e+02 1.319773237115443502e-13
3.145571345008629009e+02 1.269154095342530726e-13
3.149920986283430011e+02 1.220465491815142478e-13
3.154276642166438478e+02 1.173636335116807929e-13
3.158638320974546900e+02 1.128597968999222310e-13
3.163006031036151171e+02 1.085284099981988743e-13
3.167379780691163660e+02 1.043630726476336984e-13
3.171759578291025718e+02 1.003576069437956764e-13
3.176145432198736671e+02 9.650605045505196610e-14
3.180537350788850404e+02 9.280264959402022831e-14
3.184935342447503785e+02 8.924185314179443552e-14
3.189339415572430312e+02 8.581830592441812231e-14
3.193749578572972609e+02 8.252684264090580488e-14
3.198165839870110858e+02 7.936248184183125245e-14
3.202588207896460517e+02 7.632042005744763755e-14
3.207016691096299610e+02 7.339602607396788113e-14
3.211451297925584640e+02 7.058483535661951114e-14
3.215892036851959688e+02 6.788254461790642269e-14
3.220338916354788239e+02 6.528500652931680231e-14
3.224791944925150347e+02 6.278822457470857749e-14
3.229251131065868208e+02 6.038834804340726969e-14
3.233716483291523218e+02 5.808166716099054413e-14
3.238188010128467340e+02 5.586460835566559892e-14
3.242665720114852093e+02 5.373372965802121739e-14
3.247149621800625141e+02 5.168571623194747190e-14
3.251639723747560993e+02 4.971737603435601026e-14
3.256136034529272365e+02 4.782563560137571647e-14
3.260638562731224397e+02 4.600753595860769805e-14
3.265147316950765344e+02 4.426022865300343999e-14
3.269662305797119188e+02 4.258097190390241149e-14
3.274183537891419746e+02 4.096712687072410107e-14
3.278711021866722035e+02 3.941615403483900276e-14
3.283244766368014780e+02 3.792560969307740540e-14
3.287784780052249971e+02 3.649314256036198611e-14
3.292331071588342866e+02 3.511649047897008245e-14
3.296883649657196429e+02 3.379347723186557472e-14
3.301442522951718956e+02 3.252200945763247479e-14
3.306007700176835442e+02 3.130007366449027746e-14
3.310579190049518843e+02 3.012573334092813107e-14
3.315157001298783825e+02 2.899712616048955702e-14
3.319741142665720304e+02 2.791246127826397248e-14
3.324331622903505377e+02 2.687001671668836205e-14
3.328928450777414696e+02 2.586813683825525315e-14
3.333531635064856573e+02 2.490522990277432148e-14
3.338141184555365157e+02 2.397976570687798706e-14
3.342757108050632269e+02 2.309027330345033304e-14
3.347379414364521608e+02 2.223533879874691807e-14
3.352008112323078990e+02 2.141360322497093296e-14
3.356643210764567016e+02 2.062376048612388263e-14
3.361284718539457685e+02 1.986455537499624298e-14
3.365932644510467071e+02 1.913478165917266496e-14
3.370586997552560433e+02 1.843328023401007461e-14
3.375247786552986327e+02 1.775893734054489175e-14
3.379915020411273758e+02 1.711068284636281251e-14
3.384588708039258336e+02 1.648748858747816342e-14
3.389268858361101593e+02 1.588836676933790081e-14
3.393955480313300654e+02 1.531236842508358638e-14
3.398648582844718931e+02 1.475858192926275243e-14
3.403348174916586686e+02 1.422613156522794728e-14
3.408054265502526050e+02 1.371417614448063353e-14
3.412766863588569777e+02 1.322190767628882117e-14
3.417485978173172043e+02 1.274855008592770756e-14
3.422211618267240283e+02 1.229335797994737688e-14
3.426943792894132912e+02 1.185561545690806440e-14
3.431682511089686614e+02 1.143463496206011980e-14
3.436427781902235665e+02 1.102975618450158375e-14
3.441179614392619897e+02 1.064034499536772706e-14
3.445938017634221069e+02 1.026579242565916061e-14
3.450703000712955486e+02 9.905513682356892775e-15
3.455474572727307532e+02 9.558947201494691993e-15
3.460252742788342744e+02 9.225553736918327015e-15
3.465037520019721455e+02 8.904815483482022011e-15
3.469828913557731198e+02 8.596235233480249508e-15
3.474626932551281584e+02 8.299335565142995721e-15
3.479431586161937275e+02 8.013658062057235343e-15
3.484242883563931059e+02 7.738762562420751311e-15
3.489060833944178626e+02 7.474226437055866793e-15
3.493885446502309833e+02 7.219643895153228338e-15
3.498716730450664159e+02 6.974625316747957551e-15
3.503554695014324238e+02 6.738796610953976973e-15
3.508399349431127803e+02 6.511798599024372412e-15
3.513250702951684730e+02 6.293286421327475415e-15
3.518108764839405467e+02 6.082928967363396319e-15
3.522973544370499894e+02 5.880408327971550620e-15
3.527845050834008021e+02 5.685419268907925546e-15
3.532723293531815898e+02 5.497668724999814900e-15
3.537608281778665855e+02 5.316875314112284354e-15
3.542500024902194014e+02 5.142768870183915772e-15
3.547398532242922329e+02 4.975089994618297966e-15
3.552303813154292129e+02 4.813589625339820232e-15
3.557215877002679463e+02 4.658028622846698385e-15
3.562134733167407603e+02 4.508177372617547277e-15
3.567060391040780587e+02 4.363815403250115625e-15
3.571992860028078667e+02 4.224731019734076699e-15
3.576932149547592417e+02 4.090720951276974275e-15
3.581878269030634101e+02 3.961590013127453008e-15
3.586831227921555296e+02 3.837150781858324663e-15
3.591791035677777586e+02 3.717223283588765985e-15
3.596757701769788582e+02 3.601634694648064750e-15
3.601731235681175463e+02 3.490219054198142133e-15
3.606711646908639182e+02 3.382816988350293214e-15
3.611698944962009250e+02 3.279275445329929578e-15
3.616693139364276135e+02 3.179447441257016021e-15
3.621694239651586713e+02 3.083191816129676014e-15
3.626702255373279513e+02 2.990372999608712338e-15
3.631717196091895516e+02 2.900860786219758646e-15
3.636739071383197484e+02 2.814530119603184801e-15
3.641767890836197807e+02 2.731260885453776429e-15
3.646803664053159650e+02 2.650937712808581933e-15
3.651846400649626503e+02 2.573449783352048345e-15
3.656896110254438099e+02 2.498690648420921608e-15
3.661952802509745197e+02 2.426558053403486424e-15
3.667016487071043116e+02 2.356953769238973146e-15
3.672087173607166619e+02 2.289783430735421967e-15
3.677164871800324590e+02 2.224956381432778904e-15
3.682249591346114244e+02 2.162385524750608366e-15
3.687341341953536471e+02 2.101987181169784264e-15
3.692440133345028244e+02 2.043680951205171141e-15
3.697545975256458632e+02 1.987389583938566561e-15
3.702658877437164620e+02 1.933038850887754638e-15
3.707778849649963604e+02 1.880557424997945810e-15
3.712905901671168749e+02 1.829876764549185968e-15
3.718040043290623089e+02 1.780931001781536003e-15
3.723181284311696686e+02 1.733656836049069663e-15
3.728329634551317326e+02 1.687993431318369604e-15
3.733485103839985868e+02 1.643882317837111600e-15
3.738647702021806367e+02 1.601267297804229117e-15
3.743817438954484373e+02 1.560094354879335914e-15
3.748994324509360467e+02 1.520311567376472035e-15
3.754178368571425040e+02 1.481869024992633948e-15
3.759369581039333070e+02 1.444718748928271288e-15
3.764567971825438804e+02 1.408814615261814323e-15
3.769773550855792337e+02 1.374112281446540298e-15
3.774986328070172021e+02 1.340569115803107901e-15
3.780206313422101516e+02 1.308144129885881250e-15
3.785433516878864566e+02 1.276797913606686201e-15
3.790667948421537972e+02 1.246492573003781954e-15
3.795909618044989315e+02 1.217191670548995183e-15
3.801158535757911068e+02 1.188860167889420914e-15
3.806414711582834229e+02 1.161464370925174044e-15
3.811678155556146521e+02 1.134971877128158025e-15
3.816948877728124785e+02 1.109351525010945931e-15
3.822226888162931004e+02 1.084573345658527456e-15
3.827512196938648117e+02 1.060608516238951769e-15
3.832804814147295360e+02 1.037429314860034483e-15
3.838104749894842485e+02 1.015008193217443188e-15
3.843412014301244994e+02 9.933160663644113123e-16
3.848726617500441307e+02 9.723246327522898905e-16
3.854048569640385722e+02 9.520068402338314269e-16
3.859377880883065473e+02 9.323368246033980693e-16
3.864714561404516644e+02 9.132898514306313221e-16
3.870058621394857141e+02 8.948422609977817912e-16
3.875410071058283279e+02 8.769714161620748166e-16
3.880768920613107298e+02 8.596556529755975778e-16
3.886135180291769871e+02 8.428742339057280003e-16
3.891508860340856586e+02 8.266073035082046937e-16
3.896889971021135466e+02 8.108358464141539041e-16
3.902278522607549007e+02 7.955416475010747291e-16
3.907674525389252835e+02 7.807072541248403942e-16
3.913077989669630483e+02 7.663159402978811130e-16
3.918488925766308171e+02 7.523516727052425590e-16
3.923907344011190617e+02 7.387990784567147907e-16
3.929333254750459332e+02 7.256434144791633340e-16
3.934766668344604454e+02 7.128705384590429403e-16
3.940207595168442936e+02 7.004668812502488761e-16
3.945656045611133891e+02 6.884194206673859482e-16
3.951112030076214410e+02 6.767156565893190251e-16
3.956575558981595577e+02 6.653435873022421606e-16
3.962046642759598853e+02 6.542916870154156831e-16
3.967525291856969147e+02 6.435488844868162791e-16
3.973011516734894712e+02 6.331045426993560403e-16
3.978505327869041821e+02 6.229484395318909055e-16
3.984006735749548511e+02 6.130707493723364938e-16
3.989515750881063809e+02 6.034620256231156859e-16
3.995032383782761940e+02 5.941131840522044510e-16
4.000556644988358244e+02 5.850154869454825648e-16
4.006088545046147829e+02 5.761605280186012830e-16
4.011628094518997045e+02 5.675402180491175058e-16
4.017175303984384414e+02 5.591467711915575491e-16
4.022730184034414265e+02 5.509726919402900391e-16
4.028292745275833227e+02 5.430107627071354312e-16
4.033862998330067171e+02 5.352540319821183713e-16
4.039440953833216668e+02 5.276958030480710163e-16
4.045026622436094499e+02 5.203296232207360463e-16
4.050620014804240441e+02 5.131492735880505034e-16
4.056221141617937747e+02 5.061487592236189504e-16
4.061830013572252369e+02 4.993222998505039325e-16
4.067446641377025003e+02 4.926643209331397326e-16
4.073071035756910874e+02 4.861694451759755121e-16
4.078703207451394519e+02 4.798324844089432997e-16
4.084343167214807409e+02 4.736484318405829863e-16
4.089990925816363756e+02 4.676124546609665860e-16
4.095646494040157108e+02 4.617198869773869050e-16
4.101309882685196158e+02 4.559662230665649129e-16
4.106981102565424635e+02 4.503471109281899511e-16
4.112660164509733249e+02 4.448583461252956816e-16
4.118347079361999477e+02 4.394958658976746010e-16
4.124041857981084718e+02 4.342557435354370885e-16
4.129744511240867837e+02 4.291341830002399417e-16
4.135455050030265056e+02 4.241275137825847429e-16
4.141173485253245303e+02 4.192321859840637587e-16
4.146899827828868297e+02 4.144447656139571951e-16
4.152634088691278293e+02 4.097619300903153775e-16
4.158376278789745584e+02 4.051804639359306935e-16
4.164126409088674450e+02 4.006972546602443965e-16
4.169884490567644661e+02 3.963092888186369676e-16
4.175650534221405223e+02 3.920136482410245948e-16
4.181424551059912460e+02 3.878075064219674766e-16
4.187206552108348205e+02 3.836881250650403205e-16
4.192996548407134014e+02 3.796528507744995897e-16
4.198794551011971521e+02 3.756991118875902035e-16
4.204600570993837323e+02 3.718244154412680227e-16
4.210414619439019930e+02 3.680263442673109749e-16
4.216236707449139658e+02 3.643025542101764446e-16
4.222066846141161705e+02 3.606507714621493614e-16
4.227905046647438212e+02 3.570687900107254249e-16
4.233751320115700310e+02 3.535544691932417932e-16
4.239605677709099609e+02 3.501057313541601219e-16
4.245468130606224122e+02 3.467205596005581500e-16
4.251338690001113605e+02 3.433969956516120426e-16
4.257217367103301626e+02 3.401331377780189825e-16
4.263104173137807038e+02 3.369271388276111006e-16
4.268999119345177178e+02 3.337772043334244495e-16
4.274902216981499805e+02 3.306815907008027200e-16
4.280813477318425839e+02 3.276386034702285473e-16
4.286732911643203465e+02 3.246465956526729264e-16
4.292660531258676997e+02 3.217039661345272872e-16
4.298596347483323257e+02 3.188091581491834691e-16
4.304540371651271471e+02 3.159606578125388421e-16
4.310492615112316912e+02 3.131569927198380251e-16
4.316453089231965237e+02 3.103967306013140785e-16
4.322421805391422254e+02 3.076784780342748133e-16
4.328398774987637694e+02 3.050008792093365135e-16
4.334384009433320557e+02 3.023626147486455151e-16
4.340377520156955029e+02 2.997624005739945962e-16
4.346379318602844251e+02 2.971989868228359440e-16
4.352389416231101222e+02 2.946711568103345103e-16
4.358407824517690869e+02 2.921777260355746508e-16
4.364434554954447094e+02 2.897175412302130524e-16
4.370469619049089260e+02 2.872894794479205027e-16
4.376513028325263690e+02 2.848924471929814827e-16
4.382564794322536841e+02 2.825253795865312486e-16
4.388624928596437940e+02 2.801872395689853115e-16
4.394693442718474330e+02 2.778770171371825424e-16
4.400770348276148525e+02 2.755937286149858906e-16
4.406855656873001976e+02 2.733364159559293435e-16
4.412949380128604844e+02 2.711041460767693996e-16
4.419051529678602037e+02 2.688960102206553107e-16
4.425162117174726291e+02 2.667111233487875562e-16
4.431281154284817489e+02 2.645486235594911571e-16
4.437408652692864734e+02 2.624076715335713695e-16
4.443544624098997815e+02 2.602874500049452713e-16
4.449689080219532116e+02 2.581871632555614384e-16
4.455842032786981690e+02 2.561060366336288840e-16
4.462003493550081998e+02 2.540433160942459488e-16
4.468173474273826287e+02 2.519982677614877859e-16
4.474351986739462745e+02 2.499701775111385334e-16
4.480539042744536573e+02 2.479583505732046169e-16
4.486734654102904756e+02 2.459621111533674694e-16
4.492938832644755962e+02 2.439808020726233889e-16
4.499151590216652039e+02 2.420137844243276411e-16
4.505372938681521191e+02 2.400604372479069450e-16
4.511602889918701180e+02 2.381201572184942298e-16
4.517841455823955812e+02 2.361923583518106917e-16
4.524088648309492555e+02 2.342764717235964181e-16
4.530344479304006313e+02 2.323719452029126382e-16
4.536608960752672033e+02 2.304782431986925467e-16
4.542882104617187338e+02 2.285948464188765303e-16
4.549163922875789581e+02 2.267212516415345793e-16
4.555454427523275172e+02 2.248569714973581565e-16
4.561753630571041640e+02 2.230015342629246523e-16
4.568061544047079678e+02 2.211544836641935884e-16
4.574378179996018048e+02 2.193153786895994605e-16
4.580703550479140631e+02 2.174837934122610049e-16
4.587037667574404054e+02 2.156593168207093969e-16
4.593380543376481455e+02 2.138415526576268890e-16
4.599732189996754528e+02 2.120301192660564297e-16
4.606092619563358426e+02 2.102246494426035241e-16
4.612461844221193132e+02 2.084247902970816573e-16
4.618839876131967799e+02 2.066302031181150734e-16
4.625226727474193353e+02 2.048405632442643439e-16
4.631622410443225704e+02 2.030555599401229190e-16
4.638026937251285062e+02 2.012748962769497030e-16
4.644440320127473001e+02 1.994982890173949548e-16
4.650862571317816219e+02 1.977254685038314557e-16
4.657293703085259722e+02 1.959561785498572181e-16
4.663733727709711161e+02 1.941901763345453775e-16
4.670182657488058453e+02 1.924272322989944532e-16
4.676640504734188539e+02 1.906671300447613227e-16
4.683107281779029449e+02 1.889096662337563264e-16
4.689583000970547459e+02 1.871546504892166707e-16
4.696067674673786883e+02 1.854019052973228509e-16
4.702561315270890532e+02 1.836512659090977338e-16
4.709063935161118479e+02 1.819025802421871377e-16
4.715575546760890120e+02 1.801557087821512946e-16
4.722096162503780192e+02 1.784105244829089027e-16
4.728625794840561412e+02 1.766669126659604666e-16
4.735164456239222091e+02 1.749247709180491251e-16
4.741712159184987740e+02 1.731840089869281644e-16
4.748268916180360861e+02 1.714445486748769738e-16
4.754834739745119236e+02 1.697063237296771650e-16
4.761409642416357428e+02 1.679692797327145020e-16
4.767993636748505537e+02 1.662333739839100530e-16
4.774586735313349095e+02 1.644985753831903394e-16
4.781188950700071700e+02 1.627648643082195401e-16
4.787800295515252174e+02 1.610322324881135602e-16
4.794420782382903781e+02 1.593006828729010535e-16
4.801050423944498675e+02 1.575702294984389061e-16
4.807689232858982677e+02 1.558408973466159270e-16
4.814337221802821887e+02 1.541127222005508473e-16
4.820994403469995859e+02 1.523857504946302565e-16
4.827660790572041947e+02 1.506600461702543551e-16
4.834336395838076328e+02 1.489358777386097045e-16
4.841021232014809357e+02 1.472137284067294195e-16
4.847715311866594448e+02 1.454940831301436472e-16
4.854418648175418980e+02 1.437774169368617454e-16
4.861131253740950910e+02 1.420641948287725084e-16
4.867853141380556394e+02 1.403548716932333211e-16
4.874584323929321386e+02 1.386498922246836633e-16
4.881324814240094270e+02 1.369496908561202641e-16
4.888074625183481317e+02 1.352546917002536248e-16
4.894833769647891017e+02 1.335653085001648184e-16
4.901602260539553413e+02 1.318819445893082942e-16
4.908380110782540555e+02 1.302049928606335452e-16
4.915167333318810279e+02 1.285348357446373207e-16
4.921963941108201652e+02 1.268718451961759186e-16
4.928769947128478748e+02 1.252163826897794993e-16
4.935585364375352810e+02 1.235687992233181934e-16
4.942410205862497605e+02 1.219294353297556118e-16
4.949244484621600009e+02 1.202986210967941937e-16
4.956088213702348639e+02 1.186766761942118993e-16
4.962941406172485017e+02 1.170639099086203339e-16
4.969804075117818343e+02 1.154606211854698401e-16
4.976676233642249372e+02 1.138670986780402011e-16
4.983557894867811910e+02 1.122836208031944450e-16
4.990449071934670542e+02 1.107104558036973651e-16
4.997349778001166101e+02 1.091478618168102044e-16
5.004260026243832158e+02 1.075960869489873408e-16
5.011179829857418895e+02 1.060553693564052047e-16
5.018109202054937441e+02 1.045259373311118555e-16
5.025048156067653053e+02 1.030080093925697417e-16
5.031996705145134001e+02 1.015017943843298899e-16
5.038954862555268051e+02 1.000074915756540140e-16
5.045922641584285202e+02 9.852529076782306278e-17
5.052900055536803166e+02 9.705537240490580158e-17
5.059887117735820539e+02 9.559790768879408430e-17
5.066883841522765124e+02 9.415305869824299921e-17
5.073890240257512119e+02 9.272097851171400242e-17
5.080906327318405715e+02 9.130181133380209302e-17
5.087932116102305145e+02 8.989569262503064764e-17
5.094967620024578991e+02 8.850274923479853095e-17
5.102012852519150670e+02 8.712309953726000604e-17
5.109067827038521159e+02 8.575685356995656148e-17
5.116132557053787195e+02 8.440411317496616606e-17
5.123207056054689019e+02 8.306497214238089581e-17
5.130291337549605259e+02 8.173951635593516836e-17
5.137385415065597272e+02 8.042782394055252410e-17
5.144489302148427896e+02 7.912996541166067594e-17
5.151603012362605796e+02 7.784600382605717618e-17
5.158726559291380909e+02 7.657599493416948123e-17
5.165859956536788786e+02 7.531998733352050685e-17
5.173003217719679014e+02 7.407802262321458717e-17
5.180156356479724309e+02 7.285013555930693336e-17
5.187319386475479632e+02 7.163635421085540764e-17
5.194492321384365141e+02 7.043670011652542435e-17
5.201675174902725303e+02 6.925118844156878349e-17
5.208867960745837991e+02 6.807982813504115927e-17
5.216070692647945179e+02 6.692262208710848341e-17
5.223283384362293873e+02 6.577956728628478392e-17
5.230506049661133829e+02 6.465065497649905045e-17
5.237738702335765311e+02 6.353587081381431079e-17
5.244981356196554998e+02 6.243519502271002332e-17
5.252234025072965551e+02 6.134860255177341565e-17
5.259496722813596534e+02 6.027606322870675744e-17
5.266769463286181008e+02 5.921754191451980161e-17
5.274052260377634411e+02 5.817299865679507978e-17
5.281345127994073891e+02 5.714238884194309826e-17
5.288648080060839902e+02 5.612566334631510327e-17
5.295961130522546227e+02 5.512276868610411881e-17
5.303284293343072022e+02 5.413364716593058976e-17
5.310617582505610699e+02 5.315823702602164010e-17
5.317961012012692663e+02 5.219647258791332465e-17
5.325314595886202369e+02 5.124828439858395970e-17
5.332678348167434024e+02 5.031359937294859518e-17
5.340052282917077946e+02 4.939234093465688734e-17
5.347436414215273999e+02 4.848442915510078714e-17
5.354830756161633190e+02 4.758978089059832687e-17
5.362235322875254724e+02 4.670830991767782345e-17
5.369650128494780574e+02 4.583992706641278185e-17
5.377075187178386386e+02 4.498454035176018531e-17
5.384510513103830363e+02 4.414205510285151908e-17
5.391956120468474865e+02 4.331237409019558675e-17
5.399412023489311423e+02 4.249539765074832076e-17
5.406878236403002802e+02 4.169102381082516307e-17
5.414354773465885273e+02 4.089914840681264096e-17
5.421841648954011816e+02 4.011966520365307484e-17
5.429338877163177131e+02 3.935246601107787083e-17
5.436846472408939235e+02 3.859744079756673694e-17
5.444364449026664943e+02 3.785447780200870699e-17
5.451892821371529863e+02 3.712346364305538903e-17
5.459431603818563872e+02 3.640428342614663644e-17
5.466980810762676128e+02 3.569682084819897829e-17
5.474540456618672124e+02 3.500095829994829785e-17
5.482110555821311664e+02 3.431657696594119398e-17
5.489691122825291814e+02 3.364355692217665268e-17
5.497282172105307154e+02 3.298177723138493833e-17
5.504883718156067971e+02 3.233111603595621572e-17
5.512495775492317307e+02 3.169145064852104121e-17
5.520118358648891217e+02 3.106265764018049225e-17
5.527751482180703988e+02 3.044461292640603252e-17
5.535395160662803846e+02 2.983719185060927297e-17
5.543049408690392283e+02 2.924026926539672207e-17
5.550714240878845658e+02 2.865371961152643000e-17
5.558389671863769763e+02 2.807741699457185806e-17
5.566075716300990734e+02 2.751123525932614527e-17
5.573772388866603933e+02 2.695504806194959194e-17
5.581479704257001231e+02 2.640872893988674985e-17
5.589197677188889202e+02 2.587215137957816252e-17
5.596926322399342553e+02 2.534518888198196251e-17
5.604665654645796167e+02 2.482771502593604521e-17
5.612415688706096262e+02 2.431960352938153293e-17
5.620176439378527675e+02 2.382072830847558916e-17
5.627947921481826370e+02 2.333096353462176644e-17
5.635730149855239688e+02 2.285018368944107287e-17
5.643523139358519529e+02 2.237826361772382282e-17
5.651326904871966690e+02 2.191507857837757136e-17
5.659141461296460420e+02 2.146050429341455064e-17
5.666966823553478889e+02 2.101441699500177792e-17
5.674803006585152616e+02 2.057669347061091164e-17
5.682650025354251966e+02 2.014721110629796484e-17
5.690507894844247403e+02 1.972584792814495730e-17
5.698376630059320860e+02 1.931248264190100487e-17
5.706256246024418033e+02 1.890699467085234534e-17
5.714146757785247246e+02 1.850926419195825997e-17
5.722048180408322651e+02 1.811917217028703063e-17
5.729960528980996060e+02 1.773660039178659613e-17
5.737883818611473998e+02 1.736143149442498127e-17
5.745818064428872276e+02 1.699354899773304227e-17
5.753763281583210301e+02 1.663283733079331634e-17
5.761719485245459964e+02 1.627918185869935632e-17
5.769686690607574064e+02 1.593246890752696857e-17
5.777664912882505632e+02 1.559258578785446753e-17
5.785654167304262501e+02 1.525942081686092536e-17
5.793654469127898210e+02 1.493286333904592404e-17
5.801665833629567715e+02 1.461280374559699969e-17
5.809688276106550120e+02 1.429913349244806764e-17
5.817721811877270284e+02 1.399174511705805326e-17
5.825766456281353385e+02 1.369053225394549987e-17
5.833822224679619239e+02 1.339538964901705925e-17
5.841889132454132323e+02 1.310621317271855474e-17
5.849967195008227918e+02 1.282289983204594018e-17
5.858056427766535990e+02 1.254534778144925268e-17
5.866156846175032342e+02 1.227345633266132806e-17
5.874268465701031801e+02 1.200712596348677437e-17
5.882391301833246189e+02 1.174625832557995098e-17
5.890525370081801384e+02 1.149075625124730996e-17
5.898670685978268011e+02 1.124052375930494098e-17
5.906827265075709192e+02 1.099546606001945988e-17
5.914995122948677135e+02 1.075548955917022012e-17
5.923174275193266567e+02 1.052050186125406641e-17
5.931364737427137470e+02 1.029041177187038782e-17
5.939566525289538959e+02 1.006512929931020881e-17
5.947779654441366119e+02 9.844565655382687346e-18
5.956004140565150919e+02 9.628633255504368720e-18
5.964239999365115636e+02 9.417245718079447453e-18
5.972487246567199008e+02 9.210317863201143562e-18
5.980745897919078971e+02 9.007765710697627841e-18
5.989015969190227224e+02 8.809506477549377540e-18
5.997297476171903554e+02 8.615458574708036218e-18
6.005590434677209259e+02 8.425541603335617982e-18
6.013894860541112166e+02 8.239676350494151472e-18
6.022210769620468227e+02 8.057784784306594450e-18
6.030538177794082912e+02 7.879790048614627684e-18
6.038877100962694158e+02 7.705616457157263604e-18
6.047227555049039438e+02 7.535189487289257851e-18
6.055589555997869411e+02 7.368435773265944682e-18
6.063963119775977475e+02 7.205283099113182393e-18
6.072348262372256613e+02 7.045660391103635578e-18
6.080744999797688024e+02 6.889497514403539980e-18
6.089153348085400239e+02 6.736724177247393004e-18
6.097573323290689586e+02 6.587270807530283465e-18
6.106004941491050886e+02 6.441069111686144329e-18
6.114448218786227471e+02 6.298052057901241777e-18
6.122903171298204370e+02 6.158153857569935031e-18
6.131369815171269693e+02 6.021309946865773960e-18
6.139848166572033961e+02 5.887456968435014960e-18
6.148338241689455117e+02 5.756532753216069534e-18
6.156840056734897644e+02 5.628476302389541720e-18
6.165353627942123467e+02 5.503227769463280126e-18
6.173878971567348799e+02 5.380728442497205495e-18
6.182416103889266878e+02 5.260920726469879016e-18
6.190965041209077526e+02 5.143748125792495162e-18
6.199525799850537169e+02 5.029155226972037052e-18
6.208098396159958838e+02 4.917087681428315140e-18
6.216682846506262194e+02 4.807492188465940819e-18
6.225279167281004220e+02 4.700316478405430355e-18
6.233887374898399685e+02 4.595509295876241031e-18
6.242507485795379125e+02 4.493020383272146988e-18
6.251139516431586571e+02 4.392800464373271962e-18
6.259783483289427295e+02 4.294801228136279577e-18
6.268439402874101916e+02 4.198975312653142605e-18
6.277107291713626864e+02 4.105276289282395421e-18
6.285787166358891227e+02 4.013658646951964483e-18
6.294479043383653334e+02 3.924077776637813105e-18
6.303182939384591918e+02 3.836489956016721873e-18
6.311898870981334539e+02 3.750852334295882537e-18
6.320626854816504192e+02 3.667122917220060330e-18
6.329366907555721582e+02 3.585260552257024978e-18
6.338119045887655147e+02 3.505224913961369824e-18
6.346883286524054029e+02 3.426976489518047562e-18
6.355659646199765120e+02 3.350476564465685364e-18
6.364448141672800148e+02 3.275687208599723321e-18
6.373248789724320886e+02 3.202571262056053346e-18
6.382061607158701690e+02 3.131092321574784914e-18
6.390886610803552230e+02 3.061214726944461192e-18
6.399723817509747050e+02 2.992903547626070746e-18
6.408573244151477866e+02 2.926124569557414881e-18
6.417434907626254699e+02 2.860844282136908867e-18
6.426308824854955901e+02 2.797029865386412610e-18
6.435195012781857713e+02 2.734649177292832679e-18
6.444093488374663821e+02 2.673670741327961456e-18
6.453004268624556516e+02 2.614063734145655524e-18
6.461927370546194425e+02 2.555797973455953090e-18
6.470862811177770482e+02 2.498843906074598564e-18
6.479810607581039221e+02 2.443172596148613311e-18
6.488770776841339512e+02 2.388755713554953188e-18
6.497743336067654809e+02 2.335565522473024795e-18
6.506728302392608612e+02 2.283574870129347883e-18
6.515725692972521301e+02 2.232757175712835904e-18
6.524735524987435156e+02 2.183086419460262121e-18
6.533757815641143907e+02 2.134537131910514229e-18
6.542792582161248447e+02 2.087084383325818620e-18
6.551839841799154556e+02 2.040703773279863815e-18
6.560899611830127469e+02 1.995371420409980772e-18
6.569971909553320302e+02 1.951063952333345016e-18
6.579056752291800194e+02 1.907758495725112111e-18
6.588154157392611978e+02 1.865432666556731197e-18
6.597264142226762260e+02 1.824064560494345656e-18
6.606386724189287634e+02 1.783632743453940231e-18
6.615521920699278553e+02 1.744116242313049283e-18
6.624669749199905482e+02 1.705494535777096434e-18
6.633830227158476873e+02 1.667747545398505513e-18
6.643003372066436896e+02 1.630855626747530688e-18
6.652189201439422277e+02 1.594799560732571491e-18
6.661387732817291862e+02 1.559560545068929287e-18
6.670598983764147079e+02 1.525120185893999512e-18
6.679822971868402419e+02 1.491460489527081798e-18
6.689059714742770666e+02 1.458563854372963849e-18
6.698309230024323142e+02 1.426413062966433897e-18
6.707571535374524956e+02 1.394991274156865074e-18
6.716846648479252053e+02 1.364282015430833690e-18
6.726134587048859430e+02 1.334269175371302313e-18
6.735435368818167490e+02 1.304936996251239116e-18
6.744749011546530255e+02 1.276270066760340556e-18
6.754075533017858106e+02 1.248253314863050082e-18
6.763414951040645064e+02 1.220872000785949270e-18
6.772767283448032458e+02 1.194111710132920729e-18
6.782132548097798690e+02 1.167958347126710953e-18
6.791510762872424039e+02 1.142398127974387268e-18
6.800901945679115670e+02 1.117417574355743088e-18
6.810306114449834922e+02 1.093003507032374790e-18
6.819723287141360970e+02 1.069143039576159527e-18
6.829153481735280593e+02 1.045823572215173730e-18
6.838596716238056388e+02 1.023032785795221341e-18
6.848053008681046094e+02 1.000758635855678888e-18
6.857522377120533292e+02 9.789893468176388403e-19
6.867004839637795612e+02 9.577134062826702907e-19
6.876500414339085410e+02 9.369195594408713474e-19
6.886009119355704797e+02 9.165968035861137786e-19
6.895530972844023836e+02 8.967343827370787968e-19
6.905065992985512366e+02 8.773217823624136229e-19
6.914614197986805948e+02 8.583487242082603759e-19
6.924175606079689942e+02 8.398051612268465944e-19
6.933750235521169998e+02 8.216812726040860843e-19
6.943338104593495927e+02 8.039674588849097331e-19
6.952939231604193537e+02 7.866543371947799612e-19
6.962553634886121472e+02 7.697327365554899415e-19
6.972181332797470077e+02 7.531936932940933754e-19
6.981822343721821653e+02 7.370284465432257116e-19
6.991476686068177742e+02 7.212284338312201153e-19
7.001144378270989819e+02 7.057852867606862144e-19
7.010825438790221824e+02 6.906908267738958047e-19
7.020519886111341066e+02 6.759370610036973708e-19
7.030227738745383022e+02 6.615161782082837667e-19
7.039949015228976350e+02 6.474205447884348614e-19
7.049683734124399734e+02 6.336427008858903685e-19
7.059431914019577334e+02 6.201753565613463014e-19
7.069193573528146999e+02 6.070113880506689317e-19
7.078968731289483003e+02 5.941438340980317390e-19
7.088757405968727880e+02 5.815658923645178056e-19
7.098559616256852678e+02 5.692709159108526044e-19
7.108375380870654681e+02 5.572524097529758410e-19
7.118204718552821078e+02 5.455040274891698757e-19
7.128047648071953972e+02 5.340195679972664770e-19
7.137904188222599942e+02 5.227929722008735107e-19
7.147774357825319385e+02 5.118183199032145788e-19
7.157658175726674017e+02 5.010898266873964848e-19
7.167555660799291672e+02 4.906018408818241688e-19
7.177466831941901546e+02 4.803488405895688425e-19
7.187391708079353521e+02 4.703254307805569743e-19
7.197330308162689789e+02 4.605263404452595128e-19
7.207282651169139172e+02 4.509464198088385561e-19
7.217248756102173957e+02 4.415806376046070775e-19
7.227228641991547420e+02 4.324240784055293908e-19
7.237222327893318834e+02 4.234719400128295316e-19
7.247229832889920544e+02 4.147195309004969621e-19
7.257251176090146600e+02 4.061622677146642349e-19
7.267286376629225515e+02 3.977956728267377954e-19
7.277335453668844139e+02 3.896153719392785120e-19
7.287398426397177218e+02 3.816170917436441258e-19
7.297475314028956745e+02 3.737966576282161543e-19
7.307566135805462864e+02 3.661499914364399133e-19
7.317670910994585256e+02 3.586731092735048146e-19
7.327789658890861801e+02 3.513621193607817562e-19
7.337922398815501310e+02 3.442132199370959502e-19
7.348069150116451738e+02 3.372226972057810807e-19
7.358229932168391088e+02 3.303869233267733062e-19
7.368404764372800173e+02 3.237023544526794441e-19
7.378593666157983080e+02 3.171655288079733215e-19
7.388796656979103545e+02 3.107730648105493449e-19
7.399013756318252035e+02 3.045216592346018563e-19
7.409244983684432100e+02 2.984080854141194138e-19
7.419490358613634271e+02 2.924291914861223231e-19
7.429749900668862210e+02 2.865818986728117525e-19
7.440023629440163404e+02 2.808631996018389249e-19
7.450311564544697376e+02 2.752701566639065834e-19
7.460613725626726591e+02 2.697999004069739109e-19
7.470930132357684670e+02 2.644496279662276549e-19
7.481260804436207081e+02 2.592166015291052721e-19
7.491605761588159567e+02 2.540981468346982831e-19
7.501965023566709760e+02 2.490916517066896780e-19
7.512338610152313549e+02 2.441945646192820684e-19
7.522726541152788968e+02 2.394043932952438996e-19
7.533128836403342348e+02 2.347187033355748576e-19
7.543545515766602421e+02 2.301351168799766227e-19
7.553976599132683987e+02 2.256513112975353969e-19
7.564422106419183365e+02 2.212650179070161815e-19
7.574882057571246605e+02 2.169740207260602084e-19
7.585356472561600185e+02 2.127761552486910136e-19
7.595845371390579430e+02 2.086693072505619177e-19
7.606348774086199001e+02 2.046514116212973701e-19
7.616866700704147206e+02 2.007204512234028563e-19
7.627399171327849672e+02 1.968744557770792863e-19
7.637946206068503443e+02 1.931115007705011854e-19
7.648507825065109955e+02 1.894297062894811155e-19
7.659084048484539835e+02 1.858272119663818243e-19
7.669674896521524943e+02 1.823021480135711213e-19
7.680280389398732268e+02 1.788526847885312382e-19
7.690900547366793489e+02 1.754770393893494294e-19
7.701535390704331121e+02 1.721734743782958160e-19
7.712184939718034684e+02 1.689402965423210182e-19
7.722849214742649337e+02 1.657758556894549513e-19
7.733528236141046364e+02 1.626785434798719275e-19
7.744222024304255001e+02 1.596467922906745300e-19
7.754930599651492003e+02 1.566790741133372140e-19
7.765653982630234395e+02 1.537738994827912043e-19
7.776392193716209249e+02 1.509298164372617260e-19
7.787145253413464161e+02 1.481454095078515620e-19
7.797913182254392268e+02 1.454192987370280026e-19
7.808696000799802732e+02 1.427501387250931487e-19
7.819493729638912782e+02 1.401366177038799791e-19
7.830306389389414790e+02 1.375774566367437653e-19
7.841134000697514921e+02 1.350714083441437025e-19
7.851976584237957013e+02 1.326172566540265218e-19
7.862834160714099880e+02 1.302138155762470811e-19
7.873706750857907082e+02 1.278599285003502929e-19
7.884594375430015134e+02 1.255544674159655881e-19
7.895497055219769891e+02 1.232963321552009893e-19
7.906414811045256101e+02 1.210844496563232597e-19
7.917347663753371307e+02 1.189177732481305799e-19
7.928295634219811063e+02 1.167952819544072583e-19
7.939258743349149654e+02 1.147159798178336791e-19
7.950237012074867380e+02 1.126788952428036114e-19
7.961230461359380115e+02 1.106830803565831830e-19
7.972239112194117752e+02 1.087276103882741386e-19
7.983262985599510557e+02 1.068115830650555182e-19
7.994302102625064208e+02 1.049341180251835978e-19
8.005356484349391621e+02 1.030943562472951643e-19
8.016426151880243651e+02 1.012914594954881052e-19
8.027511126354584121e+02 9.952460977975293549e-20
8.038611428938578456e+02 9.779300883130555726e-20
8.049727080827672125e+02 9.609587759235667043e-20
8.060858103246614519e+02 9.443245571994597254e-20
8.072004517449501009e+02 9.280200110338080285e-20
8.083166344719835479e+02 9.120378939492505199e-20
8.094343606370533735e+02 8.963711355333538455e-20
8.105536323743987168e+02 8.810128339987007288e-20
8.116744518212100274e+02 8.659562518642639878e-20
8.127968211176321347e+02 8.511948117544425938e-20
8.139207424067717511e+02 8.367220923123038110e-20
8.150462178346965629e+02 8.225318242239900125e-20
8.161732495504426197e+02 8.086178863508788693e-20
8.173018397060176312e+02 7.949743019664529800e-20
8.184319904564041508e+02 7.815952350950247130e-20
8.195637039595673059e+02 7.684749869490731158e-20
8.206969823764534340e+02 7.556079924628787652e-20
8.218318278709980405e+02 7.429888169191890998e-20
8.229682426101288684e+02 7.306121526666877374e-20
8.241062287637690815e+02 7.184728159253595035e-20
8.252457885048451089e+02 7.065657436774844729e-20
8.263869240092851669e+02 6.948859906418363962e-20
8.275296374560276718e+02 6.834287263284128053e-20
8.286739310270236274e+02 6.721892321720096800e-20
8.298198069072403769e+02 6.611628987417511818e-20
8.309672672846694468e+02 6.503452230249099678e-20
8.321163143503250694e+02 6.397318057828468405e-20
8.332669502982520271e+02 6.293183489768127843e-20
8.344191773255291764e+02 6.191006532619050882e-20
8.355729976322722905e+02 6.090746155472317648e-20
8.367284134216424718e+02 5.992362266202561391e-20
8.378854268998441057e+02 5.895815688338309398e-20
8.390440402761337282e+02 5.801068138538308124e-20
8.402042557628225268e+02 5.708082204660192154e-20
8.413660755752798650e+02 5.616821324402770939e-20
8.425295019319413541e+02 5.527249764506876133e-20
8.436945370543073750e+02 5.439332600499931469e-20
8.448611831669512640e+02 5.353035696967534688e-20
8.460294424975221546e+02 5.268325688339646761e-20
8.471993172767488431e+02 5.185169960174920477e-20
8.483708097384475195e+02 5.103536630931533977e-20
8.495439221195201753e+02 5.023394534209884960e-20
8.507186566599633579e+02 4.944713201454410928e-20
8.518950156028707852e+02 4.867462845102241435e-20
8.530730011944368698e+02 4.791614342166754204e-20
8.542526156839647911e+02 4.717139218242229207e-20
8.554338613238655853e+02 4.644009631921818142e-20
8.566167403696655356e+02 4.572198359613408032e-20
8.578012550800096960e+02 4.501678780745510909e-20
8.589874077166658708e+02 4.432424863351113042e-20
8.601752005445316627e+02 4.364411150020113451e-20
8.613646358316340184e+02 4.297612744209699512e-20
8.625557158491369592e+02 4.232005296902996290e-20
8.637484428713443094e+02 4.167564993607626873e-20
8.649428191757070863e+02 4.104268541683136063e-20
8.661388470428231585e+02 4.042093157990481927e-20
8.673365287564446362e+02 3.981016556853434097e-20
8.685358666034817361e+02 3.921016938324291287e-20
8.697368628740059648e+02 3.862072976745410796e-20
8.709395198612583044e+02 3.804163809598557426e-20
8.721438398616479617e+02 3.747269026635127603e-20
8.733498251747606673e+02 3.691368659278769814e-20
8.745574781033616318e+02 3.636443170293689485e-20
8.757668009533997520e+02 3.582473443711289070e-20
8.769777960340150003e+02 3.529440775008903956e-20
8.781904656575379704e+02 3.477326861533168771e-20
8.794048121394973805e+02 3.426113793161807205e-20
8.806208377986238247e+02 3.375784043198104868e-20
8.818385449568532977e+02 3.326320459490703905e-20
8.830579359393352661e+02 3.277706255774014098e-20
8.842790130744318731e+02 3.229925003222997419e-20
8.855017786937254414e+02 3.182960622216271397e-20
8.867262351320224525e+02 3.136797374302540138e-20
8.879523847273572983e+02 3.091419854365083762e-20
8.891802298209995570e+02 3.046812982978634999e-20
8.904097727574541068e+02 3.002961998954383037e-20
8.916410158844682883e+02 2.959852452067123992e-20
8.928739615530361107e+02 2.917470195961069669e-20
8.941086121174013215e+02 2.875801381228568729e-20
8.953449699350660467e+02 2.834832448657842039e-20
8.965830373667895401e+02 2.794550122645446428e-20
8.978228167765962553e+02 2.754941404768710399e-20
8.990643105317797108e+02 2.715993567514261643e-20
9.003075210029059008e+02 2.677694148158824296e-20
9.015524505638217079e+02 2.640030942798083491e-20
9.027991015916534252e+02 2.602992000519803273e-20
9.040474764668156240e+02 2.566565617717667997e-20
9.052975775730144505e+02 2.530740332542180127e-20
9.065494072972510367e+02 2.495504919485050251e-20
9.078029680298302537e+02 2.460848384093367400e-20
9.090582621643594621e+02 2.426759957811266223e-20
9.103152920977563554e+02 2.393229092944356846e-20
9.115740602302537354e+02 2.360245457744973146e-20
9.128345689654020134e+02 2.327798931614709837e-20
9.140968207100779637e+02 2.295879600421246063e-20
9.153608178744839279e+02 2.264477751926556639e-20
9.166265628721560006e+02 2.233583871323962723e-20
9.178940581199674398e+02 2.203188636880842002e-20
9.191633060381328733e+02 2.173282915684736043e-20
9.204343090502161431e+02 2.143857759489807627e-20
9.217070695831296234e+02 2.114904400661696541e-20
9.229815900671425197e+02 2.086414248217816944e-20
9.242578729358845067e+02 2.058378883960836035e-20
9.255359206263497072e+02 2.030790058703078284e-20
9.268157355789045369e+02 2.003639688579544102e-20
9.280973202372873629e+02 1.976919851447332351e-20
9.293806770486166897e+02 1.950622783369182362e-20
9.306658084633946828e+02 1.924740875179362692e-20
9.319527169355110345e+02 1.899266669129428503e-20
9.332414049222518315e+02 1.874192855612193361e-20
9.345318748842977357e+02 1.849512269961841168e-20
9.358241292857331928e+02 1.825217889328421425e-20
9.371181705940499569e+02 1.801302829624616217e-20
9.384140012801508419e+02 1.777760342543190936e-20
9.397116238183580208e+02 1.754583812643546162e-20
9.410110406864126844e+02 1.731766754505220894e-20
9.423122543654826586e+02 1.709302809947184037e-20
9.436152673401670654e+02 1.687185745310866950e-20
9.449200820984996199e+02 1.665409448805821223e-20
9.462267011319570429e+02 1.643967927915986662e-20
9.475351269354589476e+02 1.622855306865564105e-20
9.488453620073752290e+02 1.602065824142630328e-20
9.501574088495307251e+02 1.581593830079361440e-20
9.514712699672089684e+02 1.561433784487412213e-20
9.527869478691604854e+02 1.541580254346915699e-20
9.541044450676017732e+02 1.522027911548286743e-20
9.554237640782245080e+02 1.502771530684913067e-20
9.567449074201988424e+02 1.483805986896102296e-20
9.580678776161773840e+02 1.465126253758587704e-20
9.593926771923038359e+02 1.446727401225801221e-20
9.607193086782125420e+02 1.428604593613444004e-20
9.620477746070361036e+02 1.410753087630595012e-20
9.633780775154095863e+02 1.393168227184419889e-20
9.647102199434780232e+02 1.375845387866716061e-20
9.660442044348963009e+02 1.358779986734450338e-20
9.673800335368376864e+02 1.341967529519016777e-20
9.687177097999972375e+02 1.325403610289733379e-20
9.700572357785965778e+02 1.309083909543348927e-20
9.713986140303918546e+02 1.293004192338661725e-20
9.727418471166731706e+02 1.277160306474776137e-20
9.740869376022733377e+02 1.261548180711871486e-20
9.754338880555718561e+02 1.246163823033778818e-20
9.767827010484987795e+02 1.231003318950863020e-20
9.781333791565431284e+02 1.216062829842439169e-20
9.794859249587530030e+02 1.201338591337866512e-20
9.808403410377430873e+02 1.186826911734950119e-20
9.821966299796996509e+02 1.172524170455167375e-20
9.835547943743839596e+02 1.158426816534468795e-20
9.849148368151413706e+02 1.144531367148925089e-20
9.862767598989003091e+02 1.130834406174392622e-20
9.876405662261812495e+02 1.117332582779239855e-20
9.890062584011003537e+02 1.104022610049269937e-20
9.903738390313741320e+02 1.090901263644423831e-20
9.917433107283275149e+02 1.077965380485833856e-20
9.931146761068937394e+02 1.065211857473151478e-20
9.944879377856226483e+02 1.052637650230985091e-20
9.958630983866851238e+02 1.040239771883769339e-20
9.972401605358769530e+02 1.028015291858654451e-20
9.986191268626276951e+02 1.015961334715240196e-20
1.000000000000000000e+03 1.004075079002148411e-20
