1.000000000000000021e-03 1.352679579517814901e+01
1.001844134890810109e-03 1.355028204244134038e+01
1.003691670615116955e-03 1.357380726141673222e+01
1.005542613444513830e-03 1.359737150743078260e+01
1.007396969662164394e-03 1.362097483585890068e+01
1.009254745562814838e-03 1.364461730212525659e+01
1.011115947452822942e-03 1.366829896170280811e+01
1.012980581650176288e-03 1.369201987011322430e+01
1.014848654484510476e-03 1.371578008292684459e+01
1.016720172297138182e-03 1.373957965576261842e+01
1.018595141441061948e-03 1.376341864428801820e+01
1.020473568281003024e-03 1.378729710421911392e+01
1.022355459193420666e-03 1.381121509132035996e+01
1.024240820566529485e-03 1.383517266140465019e+01
1.026129658800329367e-03 1.385916987033322556e+01
1.028021980306618273e-03 1.388320677401559955e+01
1.029917791509021505e-03 1.390728342840959897e+01
1.031817098843010360e-03 1.393139988952120767e+01
1.033719908755921426e-03 1.395555621339791053e+01
1.035626227706984339e-03 1.397975245584997772e+01
1.037536062167336961e-03 1.400398867234454237e+01
1.039449418620053568e-03 1.402826491836417766e+01
1.041366303560164151e-03 1.405258124943441089e+01
1.043286723494673499e-03 1.407693772112359376e+01
1.045210684942590035e-03 1.410133438904301251e+01
1.047138194434940345e-03 1.412577130884660548e+01
1.049069258514797806e-03 1.415024853623101997e+01
1.051003883737302311e-03 1.417476612693550386e+01
1.052942076669679356e-03 1.419932413674174043e+01
1.054883843891269097e-03 1.422392262147396735e+01
1.056829191993540872e-03 1.424856163699861078e+01
1.058778127580122918e-03 1.427324123922453580e+01
1.060730657266821227e-03 1.429796148410268231e+01
1.062686787681639067e-03 1.432272242762611114e+01
1.064646525464805820e-03 1.434752412582995618e+01
1.066609877268796282e-03 1.437236663479127152e+01
1.068576849758350392e-03 1.439725001062895160e+01
1.070547449610502943e-03 1.442217430950372048e+01
1.072521683514597460e-03 1.444713958761793471e+01
1.074499558172317204e-03 1.447214590121562594e+01
1.076481080297704042e-03 1.449719330658234107e+01
1.078466256617178175e-03 1.452228186004499655e+01
1.080455093869568282e-03 1.454741161797200277e+01
1.082447598806126916e-03 1.457258263677289811e+01
1.084443778190558906e-03 1.459779497289853190e+01
1.086443638799043264e-03 1.462304868284079085e+01
1.088447187420251393e-03 1.464834382313256178e+01
1.090454430855378317e-03 1.467368045034772805e+01
1.092465375918157209e-03 1.469905862110090844e+01
1.094480029434889961e-03 1.472447839204758324e+01
1.096498398244466922e-03 1.474993981988383140e+01
1.098520489198387060e-03 1.477544296134628610e+01
1.100546309160788756e-03 1.480098787321213827e+01
1.102575865008464549e-03 1.482657461229889329e+01
1.104609163630891925e-03 1.485220323543131649e+01
1.106646211930253487e-03 1.487787379903003071e+01
1.108687016821456898e-03 1.490358635923437980e+01
1.110731585232166765e-03 1.492934097221147383e+01
1.112779924102818294e-03 1.495513769416270655e+01
1.114832040386649382e-03 1.498097658132367549e+01
1.116887941049720789e-03 1.500685768996419434e+01
1.118947633070935645e-03 1.503278107638798389e+01
1.121011123442072419e-03 1.505874679693274132e+01
1.123078419167798138e-03 1.508475490796984886e+01
1.125149527265701570e-03 1.511080546590437379e+01
1.127224454766311869e-03 1.513689852717495299e+01
1.129303208713120909e-03 1.516303414825355844e+01
1.131385796162613861e-03 1.518921238564554343e+01
1.133472224184284369e-03 1.521543329588934945e+01
1.135562499860666864e-03 1.524169693555647420e+01
1.137656630287356722e-03 1.526800336125145385e+01
1.139754622573031090e-03 1.529435262961146869e+01
1.141856483839481405e-03 1.532074479730650474e+01
1.143962221221627709e-03 1.534717992103906425e+01
1.146071841867551174e-03 1.537365805754404846e+01
1.148185352938515353e-03 1.540017926358876821e+01
1.150302761608986563e-03 1.542674359597258515e+01
1.152424075066665974e-03 1.545335111152705387e+01
1.154549300512506095e-03 1.548000186711557014e+01
1.156678445160741779e-03 1.550669591963337091e+01
1.158811516238911904e-03 1.553343332600740290e+01
1.160948520987880846e-03 1.556021414319611829e+01
1.163089466661869050e-03 1.558703842818937879e+01
1.165234360528475148e-03 1.561390623800843791e+01
1.167383209868696559e-03 1.564081762970558742e+01
1.169536021976962667e-03 1.566777266036427640e+01
1.171692804161149782e-03 1.569477138709873820e+01
1.173853563742614532e-03 1.572181386705406325e+01
1.176018308056215331e-03 1.574890015740598948e+01
1.178187044450333416e-03 1.577603031535652178e+01
1.180359780286906017e-03 1.580320439782446940e+01
1.182536522941441976e-03 1.583042246123015495e+01
1.184717279803055787e-03 1.585768456196785259e+01
1.186902058274487545e-03 1.588499075645558634e+01
1.189090865772125935e-03 1.591234110113498623e+01
1.191283709726041187e-03 1.593973565247117463e+01
1.193480597580000692e-03 1.596717446695254594e+01
1.195681536791503045e-03 1.599465760109062806e+01
1.197886534831798860e-03 1.602218511141995094e+01
1.200095599185913974e-03 1.604975705449781742e+01
1.202308737352681756e-03 1.607737348690416113e+01
1.204525956844759802e-03 1.610503446524145232e+01
1.206747265188663765e-03 1.613274004613441903e+01
1.208972669924789035e-03 1.616049028622994754e+01
1.211202178607433295e-03 1.618828524219695453e+01
1.213435798804829912e-03 1.621612497072609926e+01
1.215673538099163982e-03 1.624400952852970548e+01
1.217915404086607244e-03 1.627193897234159081e+01
1.220161404377339762e-03 1.629991335891689985e+01
1.222411546595572043e-03 1.632793274503187675e+01
1.224665838379579300e-03 1.635599718748370890e+01
1.226924287381718579e-03 1.638410674309045234e+01
1.229186901268461505e-03 1.641226146869072622e+01
1.231453687720418782e-03 1.644046142114363462e+01
1.233724654432360795e-03 1.646870665732855699e+01
1.235999809113253606e-03 1.649699723414494201e+01
1.238279159486274129e-03 1.652533320851217979e+01
1.240562713288845915e-03 1.655371463736945969e+01
1.242850478272661263e-03 1.658214157767549324e+01
1.245142462203703993e-03 1.661061408640840398e+01
1.247438672862284355e-03 1.663913222056559960e+01
1.249739118043055727e-03 1.666769603716341663e+01
1.252043805555049091e-03 1.669630559323715957e+01
1.254352743221697321e-03 1.672496094584081305e+01
1.256665938880855782e-03 1.675366215202644327e+01
1.258983400384840060e-03 1.678240926839423253e+01
1.261305135600440707e-03 1.681120235108713956e+01
1.263631152408959454e-03 1.684004145623891091e+01
1.265961458706232846e-03 1.686892663999423192e+01
1.268296062402653928e-03 1.689785795850862016e+01
1.270634971423209103e-03 1.692683546794815896e+01
1.272978193707494186e-03 1.695585922448923455e+01
1.275325737209750824e-03 1.698492928431849336e+01
1.277677609898888837e-03 1.701404570363245128e+01
1.280033819758510287e-03 1.704320853863727336e+01
1.282394374786945254e-03 1.707241784554884134e+01
1.284759282997268532e-03 1.710167368059207504e+01
1.287128552417336064e-03 1.713097610000114557e+01
1.289502191089808136e-03 1.716032516001900277e+01
1.291880207072173235e-03 1.718972091689730064e+01
1.294262608436783394e-03 1.721916342689605273e+01
1.296649403270872620e-03 1.724865274628348288e+01
1.299040599676592675e-03 1.727818893133581568e+01
1.301436205771036494e-03 1.730777203833704903e+01
1.303836229686262472e-03 1.733740212357868415e+01
1.306240679569330675e-03 1.736707924335956577e+01
1.308649563582320189e-03 1.739680345398560490e+01
1.311062889902365764e-03 1.742657481176963330e+01
1.313480666721682536e-03 1.745639337303108718e+01
1.315902902247588577e-03 1.748625919409579410e+01
1.318329604702541758e-03 1.751617233129584505e+01
1.320760782324162949e-03 1.754613284096923920e+01
1.323196443365260745e-03 1.757614077945977726e+01
1.325636596093867888e-03 1.760619620311670630e+01
1.328081248793259485e-03 1.763629916829454913e+01
1.330530409761989871e-03 1.766644973135293384e+01
1.332984087313917329e-03 1.769664794865628821e+01
1.335442289778227725e-03 1.772689387657359106e+01
1.337905025499472452e-03 1.775718757147366134e+01
1.340372302837586436e-03 1.778752908936255395e+01
1.342844130167924772e-03 1.781791848561949365e+01
1.345320515881288318e-03 1.784835581555866568e+01
1.347801468383947763e-03 1.787884113449049295e+01
1.350286996097681356e-03 1.790937449772124168e+01
1.352777107459792252e-03 1.793995596055266617e+01
1.355271810923148199e-03 1.797058557828203007e+01
1.357771114956204299e-03 1.800126340620153798e+01
1.360275028043029470e-03 1.803198949959821817e+01
1.362783558683342651e-03 1.806276391375362778e+01
1.365296715392533191e-03 1.809358670394357560e+01
1.367814506701697059e-03 1.812445792543785217e+01
1.370336941157663298e-03 1.815537763349998102e+01
1.372864027323018312e-03 1.818634588338687408e+01
1.375395773776144246e-03 1.821736273034869313e+01
1.377932189111237635e-03 1.824842822962837019e+01
1.380473281938348219e-03 1.827954243646161103e+01
1.383019060883403442e-03 1.831070540607633390e+01
1.385569534588234047e-03 1.834191719369251317e+01
1.388124711710613099e-03 1.837317785452202301e+01
1.390684600924274638e-03 1.840448744376817203e+01
1.393249210918951408e-03 1.843584601662543321e+01
1.395818550400402180e-03 1.846725362827939421e+01
1.398392628090435602e-03 1.849871033390610009e+01
1.400971452726950534e-03 1.853021618867217057e+01
1.403555033063953175e-03 1.856177124773418186e+01
1.406143377871598701e-03 1.859337556623860621e+01
1.408736495936214897e-03 1.862502919932144962e+01
1.411334396060328613e-03 1.865673220210787164e+01
1.413937087062705229e-03 1.868848462971211788e+01
1.416544577778368168e-03 1.872028653723699421e+01
1.419156877058637281e-03 1.875213797977376728e+01
1.421773993771155735e-03 1.878403901240176666e+01
1.424395936799915593e-03 1.881598969010264710e+01
1.427022715045296640e-03 1.884799006714824898e+01
1.429654337424091743e-03 1.888004019745228845e+01
1.432290812869533745e-03 1.891214013490549917e+01
1.434932150331334711e-03 1.894428993337760403e+01
1.437578358775706095e-03 1.897648964671681426e+01
1.440229447185397988e-03 1.900873932874973704e+01
1.442885424559726222e-03 1.904103903328092429e+01
1.445546299914598392e-03 1.907338881409248899e+01
1.448212082282553754e-03 1.910578872494390268e+01
1.450882780712784044e-03 1.913823881957159756e+01
1.453558404271172071e-03 1.917073915168865383e+01
1.456238962040320344e-03 1.920328977498447642e+01
1.458924463119576223e-03 1.923589074312436509e+01
1.461614916625072905e-03 1.926854210974943271e+01
1.464310331689750019e-03 1.930124392847593384e+01
1.467010717463392878e-03 1.933399625289517232e+01
1.469716083112661102e-03 1.936679913657318508e+01
1.472426437821113985e-03 1.939965263305010978e+01
1.475141790789252783e-03 1.943255679584030204e+01
1.477862151234539357e-03 1.946551167843152186e+01
1.480587528391438899e-03 1.949851733428494427e+01
1.483317931511445292e-03 1.953157381683470106e+01
1.486053369863109958e-03 1.956468117948742602e+01
1.488793852732082186e-03 1.959783947562218742e+01
1.491539389421129083e-03 1.963104875858979170e+01
1.494289989250178292e-03 1.966430908171277991e+01
1.497045661556344444e-03 1.969762049828483796e+01
1.499806415693956483e-03 1.973098306157054438e+01
1.502572261034600164e-03 1.976439682480504700e+01
1.505343206967137788e-03 1.979786184119368642e+01
1.508119262897749833e-03 1.983137816391159802e+01
1.510900438249964013e-03 1.986494584610348824e+01
1.513686742464681297e-03 1.989856494069872639e+01
1.516478185000218843e-03 1.993223549981692244e+01
1.519274775332330168e-03 1.996595757533454929e+01
1.522076522954248293e-03 1.999973121908830365e+01
1.524883437376712853e-03 2.003355648287467972e+01
1.527695528127997852e-03 2.006743341844949313e+01
1.530512804753954813e-03 2.010136207752756121e+01
1.533335276818033376e-03 2.013534251178237611e+01
1.536162953901323586e-03 2.016937477284556834e+01
1.538995845602584732e-03 2.020345891230670432e+01
1.541833961538272230e-03 2.023759498171262550e+01
1.544677311342582734e-03 2.027178303256742353e+01
1.547525904667472344e-03 2.030602311633163026e+01
1.550379751182702362e-03 2.034031528442217507e+01
1.553238860575865531e-03 2.037465958821179157e+01
1.556103242552415739e-03 2.040905607902874408e+01
1.558972906835710956e-03 2.044350480815626270e+01
1.561847863167034481e-03 2.047800582683230175e+01
1.564728121305638099e-03 2.051255918624908148e+01
1.567613691028771350e-03 2.054716493755272566e+01
1.570504582131709284e-03 2.058182313184275003e+01
1.573400804427797133e-03 2.061653382017173186e+01
1.576302367748471343e-03 2.065129705354502931e+01
1.579209281943302944e-03 2.068611288292006378e+01
1.582121556880027469e-03 2.072098135920631279e+01
1.585039202444572934e-03 2.075590253326451062e+01
1.587962228541104498e-03 2.079087645590650979e+01
1.590890645092045939e-03 2.082590317789481205e+01
1.593824462038123668e-03 2.086098274994207102e+01
1.596763689338396436e-03 2.089611522271077959e+01
1.599708336970284174e-03 2.093130064681280089e+01
1.602658414929612665e-03 2.096653907280900242e+01
1.605613933230635006e-03 2.100183055102020546e+01
1.608574901906076500e-03 2.103717513092549396e+01
1.611541331007164792e-03 2.107257286173878086e+01
1.614513230603657626e-03 2.110802379261332717e+01
1.617490610783890335e-03 2.114352797264130501e+01
1.620473481654794703e-03 2.117908545085317940e+01
1.623461853341946889e-03 2.121469627621755194e+01
1.626455735989595832e-03 2.125036049764048585e+01
1.629455139760692525e-03 2.128607816396500141e+01
1.632460074836935334e-03 2.132184932397080246e+01
1.635470551418798405e-03 2.135767402637380385e+01
1.638486579725562239e-03 2.139355231982551686e+01
1.641508169995360093e-03 2.142948425291275427e+01
1.644535332485198582e-03 2.146546987415709751e+01
1.647568077471004734e-03 2.150150923201442410e+01
1.650606415247655697e-03 2.153760237487452400e+01
1.653650356129008877e-03 2.157374935106053115e+01
1.656699910447948778e-03 2.160995020882853979e+01
1.659755088556408038e-03 2.164620499636711060e+01
1.662815900825414693e-03 2.168251376179679824e+01
1.665882357645122325e-03 2.171887655316974275e+01
1.668954469424840849e-03 2.175529341846913667e+01
1.672032246593082487e-03 2.179176440560872052e+01
1.675115699597584532e-03 2.182828956243242047e+01
1.678204838905356404e-03 2.186486893671387577e+01
1.681299675002710008e-03 2.190150257615579221e+01
1.684400218395290310e-03 2.193819052838970762e+01
1.687506479608123040e-03 2.197493284097536659e+01
1.690618469185636592e-03 2.201172956140023018e+01
1.693736197691709947e-03 2.204858073707914912e+01
1.696859675709703249e-03 2.208548641535372070e+01
1.699988913842488377e-03 2.212244664338602718e+01
1.703123922712497518e-03 2.215946146751957357e+01
1.706264712961745068e-03 2.219653093369854702e+01
1.709411295251875990e-03 2.223365508778308808e+01
1.712563680264196815e-03 2.227083397554982724e+01
1.715721878699706226e-03 2.230806764269141951e+01
1.718885901279144490e-03 2.234535613481601857e+01
1.722055758743015145e-03 2.238269949744669773e+01
1.725231461851633790e-03 2.242009777602116927e+01
1.728413021385159527e-03 2.245755101589098146e+01
1.731600448143626615e-03 2.249505926232115627e+01
1.734793752946992614e-03 2.253262256048961731e+01
1.737992946635161587e-03 2.257024095548665343e+01
1.741198040068033534e-03 2.260791449231456696e+01
1.744409044125535191e-03 2.264564321588686369e+01
1.747625969707651897e-03 2.268342717102786921e+01
1.750848827734475741e-03 2.272126640247232743e+01
1.754077629146236781e-03 2.275916095486470780e+01
1.757312384903334922e-03 2.279711087275866888e+01
1.760553105986389791e-03 2.283511620061671721e+01
1.763799803396263501e-03 2.287317698280934053e+01
1.767052488154110743e-03 2.291129326361486918e+01
1.770311171301410446e-03 2.294946508721868739e+01
1.773575863899998521e-03 2.298769249771279632e+01
1.776846577032117078e-03 2.302597553909518879e+01
1.780123321800438502e-03 2.306431425526941936e+01
1.783406109328115755e-03 2.310270869004403238e+01
1.786694950758813604e-03 2.314115888713197577e+01
1.789989857256742232e-03 2.317966489015017828e+01
1.793290840006707540e-03 2.321822674261882469e+01
1.796597910214134137e-03 2.325684448793747450e+01
1.799911079105116730e-03 2.329551816886893434e+01
1.803230357926452216e-03 2.333424782753579407e+01
1.806555757945672424e-03 2.337303350593137452e+01
1.809887290451095941e-03 2.341187524594198166e+01
1.813224966751850664e-03 2.345077308934645544e+01
1.816568798177925839e-03 2.348972707781579317e+01
1.819918796080204808e-03 2.352873725291223295e+01
1.823274971830497531e-03 2.356780365608882022e+01
1.826637336821593065e-03 2.360692632868901697e+01
1.830005902467282328e-03 2.364610531194577447e+01
1.833380680202410795e-03 2.368534064698121711e+01
1.836761681482911241e-03 2.372463237480598863e+01
1.840148917785837130e-03 2.376398053631849905e+01
1.843542400609414445e-03 2.380338517230475759e+01
1.846942141473066189e-03 2.384284632343723942e+01
1.850348151917464426e-03 2.388236403027472576e+01
1.853760443504563456e-03 2.392193833326160046e+01
1.857179027817633865e-03 2.396156927272706483e+01
1.860603916461315210e-03 2.400125688888493869e+01
1.864035121061639660e-03 2.404100122183256261e+01
1.867472653266084902e-03 2.408080231155073392e+01
1.870916524743608620e-03 2.412066019790274041e+01
1.874366747184681671e-03 2.416057492063385581e+01
1.877823332301341210e-03 2.420054651937084600e+01
1.881286291827215630e-03 2.424057503362121579e+01
1.884755637517577034e-03 2.428066050277274712e+01
1.888231381149376364e-03 2.432080296609290926e+01
1.891713534521276578e-03 2.436100246272794578e+01
1.895202109453707076e-03 2.440125903170276800e+01
1.898697117788887773e-03 2.444157271171616941e+01
1.902198571390882869e-03 2.448194354064973766e+01
1.905706482145636200e-03 2.452237155610853847e+01
1.909220861961003976e-03 2.456285679556662060e+01
1.912741722766810948e-03 2.460339929636659662e+01
1.916269076514873606e-03 2.464399909571871916e+01
1.919802935179055255e-03 2.468465623070053994e+01
1.923343310755300717e-03 2.472537073825618137e+01
1.926890215261671015e-03 2.476614265519543423e+01
1.930443660738397809e-03 2.480697201819363684e+01
1.934003659247908761e-03 2.484785886379048137e+01
1.937570222874882399e-03 2.488880322838981130e+01
1.941143363726282808e-03 2.492980514825877592e+01
1.944723093931394978e-03 2.497086465952703804e+01
1.948309425641880314e-03 2.501198179818667100e+01
1.951902371031800703e-03 2.505315660009078726e+01
1.955501942297675766e-03 2.509438910095338571e+01
1.959108151658515810e-03 2.513567933634867657e+01
1.962721011355859999e-03 2.517702734171007961e+01
1.966340533653829475e-03 2.521843315233013882e+01
1.969966730839154898e-03 2.525989680335922927e+01
1.973599615221230657e-03 2.530141832980543626e+01
1.977239199132151733e-03 2.534299776653368852e+01
1.980885494926748827e-03 2.538463514826496237e+01
1.984538514982645170e-03 2.542633050957590157e+01
1.988198271700281246e-03 2.546808388489797181e+01
1.991864777502972035e-03 2.550989530851689935e+01
1.995538044836943446e-03 2.555176481457197113e+01
1.999218086171366138e-03 2.559369243703796570e+01
2.002904913998415810e-03 2.563567820930591878e+01
2.006598540833295311e-03 2.567772216415722042e+01
2.010298979214294925e-03 2.571982433419656999e+01
2.014006241702826199e-03 2.576198475187280579e+01
2.017720340883459671e-03 2.580420344947804168e+01
2.021441289363982551e-03 2.584648045914715553e+01
2.025169099775423007e-03 2.588881581285707867e+01
2.028903784772109146e-03 2.593120954242607468e+01
2.032645357031706308e-03 2.597366167951312832e+01
2.036393829255251763e-03 2.601617225561698632e+01
2.040149214167214127e-03 2.605874130207578077e+01
2.043911524515518944e-03 2.610136885006626883e+01
2.047680773071606803e-03 2.614405493060292685e+01
2.051456972630471502e-03 2.618679957453753460e+01
2.055240136010695173e-03 2.622960281255821258e+01
2.059030276054505965e-03 2.627246467518892103e+01
2.062827405627814907e-03 2.631538519278879562e+01
2.066631537620252333e-03 2.635836439555108868e+01
2.070442684945229036e-03 2.640140231350295608e+01
2.074260860539959249e-03 2.644449897650435233e+01
2.078086077365522664e-03 2.648765441424757583e+01
2.081918348406901296e-03 2.653086865625642332e+01
2.085757686673016340e-03 2.657414173188558237e+01
2.089604105196788027e-03 2.661747367031981781e+01
2.093457617035161637e-03 2.666086450057332158e+01
2.097318235269168222e-03 2.670431425148900573e+01
2.101185973003962763e-03 2.674782295173784163e+01
2.105060843368860169e-03 2.679139062975577801e+01
2.108942859517397295e-03 2.683501731331087470e+01
2.112832034627358524e-03 2.687870302975730752e+01
2.116728381900836054e-03 2.692244780626777967e+01
2.120631914564269794e-03 2.696625166983435662e+01
2.124542645868483359e-03 2.701011464726736122e+01
2.128460589088743485e-03 2.705403676519498646e+01
2.132385757524798628e-03 2.709801805006254227e+01
2.136318164500917126e-03 2.714205852813136843e+01
2.140257823365947047e-03 2.718615822547842953e+01
2.144204747493345248e-03 2.723031716799559732e+01
2.148158950281238953e-03 2.727453538138859201e+01
2.152120445152460888e-03 2.731881289117662703e+01
2.156089245554592207e-03 2.736314972269131474e+01
2.160065364960022348e-03 2.740754590107620103e+01
2.164048816865975916e-03 2.745200145128571734e+01
2.168039614794574702e-03 2.749651639808479686e+01
2.172037772292878446e-03 2.754109076604792250e+01
2.176043302932921270e-03 2.758572457955820312e+01
2.180056220311775862e-03 2.763041786280705736e+01
2.184076538051580793e-03 2.767517063979304481e+01
2.188104269799601674e-03 2.771998293432135796e+01
2.192139429228271916e-03 2.776485477000302282e+01
2.196182030035232630e-03 2.780978617025398236e+01
2.200232085943392910e-03 2.785477715829465950e+01
2.204289610700961490e-03 2.789982775714884511e+01
2.208354618081505294e-03 2.794493798964323261e+01
2.212427121883993666e-03 2.799010787832092007e+01
2.216507135932834372e-03 2.803533744510563253e+01
2.220594674077940381e-03 2.808062671158973700e+01
2.224689750194754588e-03 2.812597569916091444e+01
2.228792378184316601e-03 2.817138442900200346e+01
2.232902571973300471e-03 2.821685292208967510e+01
2.237020345514055888e-03 2.826238119919402791e+01
2.241145712784673241e-03 2.830796928087760733e+01
2.245278687789008763e-03 2.835361718749469517e+01
2.249419284556753058e-03 2.839932493919051382e+01
2.253567517143467962e-03 2.844509255590045882e+01
2.257723399630628611e-03 2.849092005734935285e+01
2.261886946125688490e-03 2.853680746305052907e+01
2.266058170762106760e-03 2.858275479230519167e+01
2.270237087699414607e-03 2.862876206420154190e+01
2.274423711123254709e-03 2.867482929761400356e+01
2.278618055245423303e-03 2.872095651120249826e+01
2.282820134303933501e-03 2.876714372341158210e+01
2.287029962563047383e-03 2.881339095246957882e+01
2.291247554313338448e-03 2.885969821638810018e+01
2.295472923871733247e-03 2.890606553296082737e+01
2.299706085581555183e-03 2.895249291976306338e+01
2.303947053812586965e-03 2.899898039415072759e+01
2.308195842961102261e-03 2.904552797325971980e+01
2.312452467449929890e-03 2.909213567400493616e+01
2.316716941728496747e-03 2.913880351307975403e+01
2.320989280272869448e-03 2.918553150689324838e+01
2.325269497585819370e-03 2.923231967132523934e+01
2.329557608196853886e-03 2.927916802193386658e+01
2.333853626662281845e-03 2.932607657404964030e+01
2.338157567565256074e-03 2.937304534277426527e+01
2.342469445515815013e-03 2.942007434297991608e+01
2.346789275150949934e-03 2.946716358930858348e+01
2.351117071134634865e-03 2.951431309617100496e+01
2.355452848157893811e-03 2.956152287774620291e+01
2.359796620938842387e-03 2.960879294798018790e+01
2.364148404222731620e-03 2.965612332058563183e+01
2.368508212782014302e-03 2.970351400904074168e+01
2.372876061416376216e-03 2.975096502658842823e+01
2.377251964952802488e-03 2.979847638623581574e+01
2.381635938245621389e-03 2.984604810075305181e+01
2.386027996176547702e-03 2.989368018267255422e+01
2.390428153654749078e-03 2.994137264428844247e+01
2.394836425616878994e-03 2.998912549765541868e+01
2.399252827027142237e-03 3.003693875458807838e+01
2.403677372877340013e-03 3.008481242666014666e+01
2.408110078186914173e-03 3.013274652520343011e+01
2.412550958003012707e-03 3.018074106130731948e+01
2.417000027400523568e-03 3.022879604581757107e+01
2.421457301482142326e-03 3.027691148933591947e+01
2.425922795378415101e-03 3.032508740221885191e+01
2.430396524247784105e-03 3.037332379455813225e+01
2.434878503276655722e-03 3.042162067603045372e+01
2.439368747679431740e-03 3.046997805597559505e+01
2.443867272698579604e-03 3.051839594348254536e+01
2.448374093604674482e-03 3.056687434738917375e+01
2.452889225696446539e-03 3.061541327628156850e+01
2.457412684300848155e-03 3.066401273849318088e+01
2.461944484773086889e-03 3.071267274210383036e+01
2.466484642496694860e-03 3.076139329493918595e+01
2.471033172883572993e-03 3.081017440456951562e+01
2.475590091374036978e-03 3.085901607830911786e+01
2.480155413436886235e-03 3.090791832321559340e+01
2.484729154569436868e-03 3.095688114608849162e+01
2.489311330297591923e-03 3.100590455346901919e+01
2.493901956175885188e-03 3.105498855163903826e+01
2.498501047787528902e-03 3.110413314661987627e+01
2.503108620744482274e-03 3.115333834417210923e+01
2.507724690687484874e-03 3.120260414979405184e+01
2.512349273286127761e-03 3.125193056872143060e+01
2.516982384238899018e-03 3.130131760592625412e+01
2.521624039273228420e-03 3.135076526611600656e+01
2.526274254145558125e-03 3.140027355373291584e+01
2.530933044641385608e-03 3.144984247295294466e+01
2.535600426575313534e-03 3.149947202768505150e+01
2.540276415791116547e-03 3.154916222156929706e+01
2.544961028161779430e-03 3.159891305792390526e+01
2.549654279589564764e-03 3.164872453971983646e+01
2.554356186006061930e-03 3.169859666965068001e+01
2.559066763372232645e-03 3.174852945013769911e+01
2.563786027678482526e-03 3.179852288332928723e+01
2.568513994944696208e-03 3.184857697109969976e+01
2.573250681220307610e-03 3.189869171504874856e+01
2.577996102584349802e-03 3.194886711650044830e+01
2.582750275145498375e-03 3.199910317650232017e+01
2.587513215042146469e-03 3.204939989582469906e+01
2.592284938442438163e-03 3.209975727495962872e+01
2.597065461544341338e-03 3.215017531412010499e+01
2.601854800575696246e-03 3.220065401323930132e+01
2.606652971794259747e-03 3.225119337196939995e+01
2.611459991487782070e-03 3.230179338968122238e+01
2.616275875974039770e-03 3.235245406546290070e+01
2.621100641600908158e-03 3.240317539811924519e+01
2.625934304746412040e-03 3.245395738617090586e+01
2.630776881818770382e-03 3.250480002785332090e+01
2.635628389256469174e-03 3.255570332111597054e+01
2.640488843528309565e-03 3.260666726362172341e+01
2.645358261133455135e-03 3.265769185274547226e+01
2.650236658601506923e-03 3.270877708557366503e+01
2.655124052492538120e-03 3.275992295890645778e+01
2.660020459397169097e-03 3.281112946928192287e+01
2.664925895936615108e-03 3.286239661296229997e+01
2.669840378762735299e-03 3.291372438591812255e+01
2.674763924558108165e-03 3.296511278382747179e+01
2.679696550036066247e-03 3.301656180207478997e+01
2.684638271940771592e-03 3.306807143575024810e+01
2.689589107047264758e-03 3.311964167964883643e+01
2.694549072161513386e-03 3.317127252826940520e+01
2.699518184120489397e-03 3.322296397581393990e+01
2.704496459792202386e-03 3.327471601618636043e+01
2.709483916075778112e-03 3.332652864299212325e+01
2.714480569901504912e-03 3.337840184953704181e+01
2.719486438230886600e-03 3.343033562882639842e+01
2.724501538056716202e-03 3.348232997356426210e+01
2.729525886403112809e-03 3.353438487615250096e+01
2.734559500325598348e-03 3.358650032868981583e+01
2.739602396911147882e-03 3.363867632297111498e+01
2.744654593278239053e-03 3.369091285048638440e+01
2.749716106576928411e-03 3.374320990241995588e+01
2.754786953988890008e-03 3.379556746964963310e+01
2.759867152727489559e-03 3.384798554274566129e+01
2.764956720037837785e-03 3.390046411197020859e+01
2.770055673196839853e-03 3.395300316728944523e+01
2.775164029513271704e-03 3.400560269844286410e+01
2.780281806327818215e-03 3.405826269489101321e+01
2.785409021013152131e-03 3.411098314578367052e+01
2.790545690973983070e-03 3.416376403995865019e+01
2.795691833647107830e-03 3.421660536594091440e+01
2.800847466501492789e-03 3.426950711194186994e+01
2.806012607038305129e-03 3.432246926585848001e+01
2.811187272790997838e-03 3.437549181527206343e+01
2.816371481325356113e-03 3.442857474744801749e+01
2.821565250239551140e-03 3.448171804933424056e+01
2.826768597164218150e-03 3.453492170756085500e+01
2.831981539762495458e-03 3.458818570843897788e+01
2.837204095730101652e-03 3.464151003795991812e+01
2.842436282795389804e-03 3.469489468179449432e+01
2.847678118719397782e-03 3.474833962529178422e+01
2.852929621295927608e-03 3.480184485347862733e+01
2.858190808351585357e-03 3.485541035105850227e+01
2.863461697745859659e-03 3.490903610241065280e+01
2.868742307371174166e-03 3.496272209158956201e+01
2.874032655152940902e-03 3.501646830232343888e+01
2.879332759049639187e-03 3.507027471801393403e+01
2.884642637052855108e-03 3.512414132174621528e+01
2.889962307187363046e-03 3.517806809639776588e+01
2.895291787511176419e-03 3.523205502459011029e+01
2.900631096115601892e-03 3.528610208861689301e+01
2.905980251125320907e-03 3.534020927044186777e+01
2.911339270698426115e-03 3.539437655169778196e+01
2.916708173026507245e-03 3.544860391368607111e+01
2.922086976334699673e-03 3.550289133737534542e+01
2.927475698881740369e-03 3.555723880340091370e+01
2.932874358960050297e-03 3.561164629206380994e+01
2.938282974895770842e-03 3.566611378332977722e+01
2.943701565048849680e-03 3.572064125682867797e+01
2.949130147813091955e-03 3.577522869185338550e+01
2.954568741616214050e-03 3.582987606735903086e+01
2.960017364919928593e-03 3.588458336196200804e+01
2.965476036219981751e-03 3.593935055393917821e+01
2.970944774046236497e-03 3.599417762122711650e+01
2.976423596962728124e-03 3.604906454142090411e+01
2.981912523567718017e-03 3.610401129177363089e+01
2.987411572493776056e-03 3.615901784919531536e+01
2.992920762407821813e-03 3.621408419025192416e+01
2.998440112011208254e-03 3.626921029116519435e+01
3.003969640039775950e-03 3.632439612788083849e+01
3.009509365263908151e-03 3.637964167615110256e+01
3.015059306488614057e-03 3.643494691140229946e+01
3.020619482553571749e-03 3.649031180871388358e+01
3.026189912333209723e-03 3.654573634281776862e+01
3.031770614736764569e-03 3.660122048809722628e+01
3.037361608708333445e-03 3.665676421858608336e+01
3.042962913226962985e-03 3.671236750796796144e+01
3.048574547306686158e-03 3.676803032957524664e+01
3.054196529996610308e-03 3.682375265638840744e+01
3.059828880380971797e-03 3.687953446103498578e+01
3.065471617579190646e-03 3.693537571578866618e+01
3.071124760745959879e-03 3.699127639256857947e+01
3.076788329071282815e-03 3.704723646293830086e+01
3.082462341780560673e-03 3.710325589810521052e+01
3.088146818134649817e-03 3.715933466891925718e+01
3.093841777429916402e-03 3.721547274587233289e+01
3.099547238998324409e-03 3.727167009909742035e+01
3.105263222207475544e-03 3.732792669836752708e+01
3.110989746460697709e-03 3.738424251309512414e+01
3.116726831197101817e-03 3.744061751233234503e+01
3.122474495891636864e-03 3.749705166482463170e+01
3.128232760055175369e-03 3.755354493903180213e+01
3.134001643234571918e-03 3.761009730305581655e+01
3.139781165012716941e-03 3.766670872463438258e+01
3.145571345008629088e-03 3.772337917114035832e+01
3.151372202877492090e-03 3.778010860958043082e+01
3.157183758310747566e-03 3.783689700659466837e+01
3.163006031036150970e-03 3.789374432845546892e+01
3.168839040817827968e-03 3.795065054106656532e+01
3.174682807456361607e-03 3.800761560996266297e+01
3.180537350788850432e-03 3.806463950030793342e+01
3.186402690688968330e-03 3.812172217689558096e+01
3.192278847067039124e-03 3.817886360414678393e+01
3.198165839870110733e-03 3.823606374610998415e+01
3.204063689082012421e-03 3.829332256645996324e+01
3.209972414723429816e-03 3.835064002849695441e+01
3.215892036851959561e-03 3.840801609514577564e+01
3.221822575562200384e-03 3.846545072895500539e+01
3.227764050985794300e-03 3.852294389209613712e+01
3.233716483291519846e-03 3.858049554636289713e+01
3.239679892685349335e-03 3.863810565320633117e+01
3.245654299410506531e-03 3.869577417378549455e+01
3.251639723747560759e-03 3.875350106889248281e+01
3.257636186014468103e-03 3.881128629893867554e+01
3.263643706566662916e-03 3.886912982395423199e+01
3.269662305797118966e-03 3.892703160358703229e+01
3.275692004136406248e-03 3.898499159710151218e+01
3.281732822052785530e-03 3.904300976337862750e+01
3.287784780052249983e-03 3.910108606091408490e+01
3.293847898678619289e-03 3.915922044781823530e+01
3.299922198513597759e-03 3.921741288181471674e+01
3.306007700176835477e-03 3.927566332023980067e+01
3.312104424326021979e-03 3.933397172004170272e+01
3.318212391656928748e-03 3.939233803777929666e+01
3.324331622903501596e-03 3.945076222962192958e+01
3.330462138837925277e-03 3.950924425134779483e+01
3.336603960270678564e-03 3.956778405834369039e+01
3.342757108050632697e-03 3.962638160560409517e+01
3.348921603065092584e-03 3.968503684772989715e+01
3.355097466239892641e-03 3.974374973892321350e+01
3.361284718539457941e-03 3.980252023291055963e+01
3.367483380966863633e-03 3.986134828295426047e+01
3.373693474563931646e-03 3.992023384191701041e+01
3.379915020411273629e-03 3.997917686226305278e+01
3.386148039628387226e-03 4.003817729605751907e+01
3.392392553373718093e-03 4.009723509496522098e+01
3.398648582844719310e-03 4.015635021025016727e+01
3.404916149277948962e-03 4.021552259277459029e+01
3.411195273949115675e-03 4.027475219299812181e+01
3.417485978173171856e-03 4.033403896097669872e+01
3.423788283304379180e-03 4.039338284636237830e+01
3.430102210736368003e-03 4.045278379840164718e+01
3.436427781902235377e-03 4.051224176593538573e+01
3.442765018274591016e-03 4.057175669739751100e+01
3.449113941365651841e-03 4.063132854081418088e+01
3.455474572727307465e-03 4.069095724380338197e+01
3.461846933951181343e-03 4.075064275357352273e+01
3.468231046668728348e-03 4.081038501692312082e+01
3.474626932551281178e-03 4.087018398023358401e+01
3.481034613310147931e-03 4.093003958935553754e+01
3.487454110696674558e-03 4.098995178961722985e+01
3.493885446502309911e-03 4.104992052592771046e+01
3.500328642558702026e-03 4.110994574278086588e+01
3.506783720737747124e-03 4.117002738425357933e+01
3.513250702951684588e-03 4.123016539400568803e+01
3.519729611153164621e-03 4.129035971527883930e+01
3.526220467335310256e-03 4.135061029089578000e+01
3.532723293531815807e-03 4.141091706325924804e+01
3.539238111816995439e-03 4.147127997435157454e+01
3.545764944305882481e-03 4.153169896573355402e+01
3.552303813154292309e-03 4.159217397854375520e+01
3.558854740558887834e-03 4.165270495349761148e+01
3.565417748757281416e-03 4.171329183088671044e+01
3.571992860028078663e-03 4.177393455057780614e+01
3.578580096690981219e-03 4.183463305201238569e+01
3.585179481106851810e-03 4.189538727420529085e+01
3.591791035677777567e-03 4.195619715574430586e+01
3.598414782847173671e-03 4.201706263465175084e+01
3.605050745099829326e-03 4.207798364803676350e+01
3.611698944962009241e-03 4.213896013246926486e+01
3.618359405001519979e-03 4.219999202408460093e+01
3.625032147827774148e-03 4.226107925858243419e+01
3.631717196091895777e-03 4.232222177122655182e+01
3.638414572486764129e-03 4.238341949684337351e+01
3.645124299747119073e-03 4.244467236982144698e+01
3.651846400649626581e-03 4.250598032411067351e+01
3.658580898012944206e-03 4.256734329322147659e+01
3.665327814697825169e-03 4.262876121022389952e+01
3.672087173607166497e-03 4.269023400774684518e+01
3.678858997686111805e-03 4.275176161797719487e+01
3.685643309922119817e-03 4.281334397265921154e+01
3.692440133345028120e-03 4.287498100309362314e+01
3.699249491027161146e-03 4.293667264013664209e+01
3.706071406083376145e-03 4.299841881419953893e+01
3.712905901671168570e-03 4.306021945524734207e+01
3.719753000990739297e-03 4.312207449266288251e+01
3.726612727285062276e-03 4.318398385494631952e+01
3.733485103839989487e-03 4.324594747005964024e+01
3.740370153984300811e-03 4.330796526551169023e+01
3.747267901089808544e-03 4.337003716835780409e+01
3.754178368571425058e-03 4.343216310519861878e+01
3.761101579887232618e-03 4.349434300217959759e+01
3.768037558538587899e-03 4.355657678499011354e+01
3.774986328070171863e-03 4.361886437886234802e+01
3.781947912070097312e-03 4.368120570857103502e+01
3.788922334169976536e-03 4.374360069843242371e+01
3.795909618044989407e-03 4.380604927230342582e+01
3.802909787413991799e-03 4.386855135358079849e+01
3.809922866039565457e-03 4.393110686520046215e+01
3.816948877728124686e-03 4.399371572963683263e+01
3.823987846329985740e-03 4.405637786890175533e+01
3.831039795739437075e-03 4.411909320454387995e+01
3.838104749894846474e-03 4.418186165759046702e+01
3.845182732778711782e-03 4.424468314775258904e+01
3.852273768417769761e-03 4.430755759362145341e+01
3.859377880883062013e-03 4.437048491329635880e+01
3.866495094290023447e-03 4.443346502440073920e+01
3.873625432798553838e-03 4.449649784408097020e+01
3.880768920613107166e-03 4.455958328900582188e+01
3.887925581982781820e-03 4.462272127536579802e+01
3.895095441201389553e-03 4.468591171887199920e+01
3.902278522607548726e-03 4.474915453475568938e+01
3.909474850584752394e-03 4.481244963776717327e+01
3.916684449561461112e-03 4.487579694217529180e+01
3.923907344011190977e-03 4.493919636176655530e+01
3.931143558452587783e-03 4.500264780984430502e+01
3.938393117449518095e-03 4.506615119922817314e+01
3.945656045611137773e-03 4.512970644225293171e+01
3.952932367591985643e-03 4.519331345076793127e+01
3.960222108092074575e-03 4.525697213608857083e+01
3.967525291856965203e-03 4.532068240834272643e+01
3.974841943677854400e-03 4.538444417663621522e+01
3.982172088391646401e-03 4.544825734956597785e+01
3.989515750881063826e-03 4.551212183523260535e+01
3.996872956074700584e-03 4.557603754123908857e+01
4.004243728947133769e-03 4.564000437469065474e+01
4.011628094518996518e-03 4.570402224219340326e+01
4.019026077857053465e-03 4.576809104985413512e+01
4.026437704074310037e-03 4.583221070327913793e+01
4.033862998330067090e-03 4.589638110757348954e+01
4.041301985830035408e-03 4.596060216734063886e+01
4.048754691826409423e-03 4.602487378668111262e+01
4.056221141617938342e-03 4.608919586919230937e+01
4.063701360550041504e-03 4.615356831796734127e+01
4.071195374014864761e-03 4.621799103559447275e+01
4.078703207451390630e-03 4.628246392415621813e+01
4.086224886345515492e-03 4.634698688479441131e+01
4.093760436230121577e-03 4.641155981670065245e+01
4.101309882685196667e-03 4.647618261825000729e+01
4.108873251337880929e-03 4.654085518729650062e+01
4.116450567862589213e-03 4.660557742117299540e+01
4.124041857981084781e-03 4.667034921669006309e+01
4.131647147462549560e-03 4.673517047013510961e+01
4.139266462123705574e-03 4.680004107727202722e+01
4.146899827828867853e-03 4.686496093334005053e+01
4.154547270490062394e-03 4.692992993305328042e+01
4.162208816067097285e-03 4.699494797059984563e+01
4.169884490567644236e-03 4.706001493964110693e+01
4.177574320047353074e-03 4.712513073331094660e+01
4.185278330609904646e-03 4.719029524421516442e+01
4.192996548407133990e-03 4.725550836443054692e+01
4.200728999639102325e-03 4.732076998550437708e+01
4.208475710554175110e-03 4.738607999814315264e+01
4.216236707449140010e-03 4.745143829108822331e+01
4.224012016669261536e-03 4.751684475212620384e+01
4.231801664608402479e-03 4.758229926849929825e+01
4.239605677709100233e-03 4.764780172690443294e+01
4.247424082462640527e-03 4.771335201349279487e+01
4.255256905409181452e-03 4.777895001386883678e+01
4.263104173137807242e-03 4.784459561308941034e+01
4.270965912286648833e-03 4.791028869566368797e+01
4.278842149542961930e-03 4.797602914555172759e+01
4.286732911643203331e-03 4.804181684616411729e+01
4.294638225373153227e-03 4.810765168036132877e+01
4.302558117567971581e-03 4.817353353045264441e+01
4.310492615112316954e-03 4.823946227819571675e+01
4.318441744940429775e-03 4.830543780479607108e+01
4.326405534036205196e-03 4.837145999089810289e+01
4.334384009433320598e-03 4.843752871572722540e+01
4.342377198215285894e-03 4.850364385629293196e+01
4.350385127515573637e-03 4.856980528884940185e+01
4.358407824517691008e-03 4.863601288908002118e+01
4.366445316455263952e-03 4.870226653209636680e+01
4.374497630612158607e-03 4.876856609243829865e+01
4.382564794322536816e-03 4.883491144407266660e+01
4.390646834970983632e-03 4.890130246039264250e+01
4.398743779992583640e-03 4.896773901421727970e+01
4.406855656873001625e-03 4.903422097779065325e+01
4.414982493148610077e-03 4.910074822278109252e+01
4.423124316406541225e-03 4.916732062028069805e+01
4.431281154284818016e-03 4.923393804080446756e+01
4.439453034472428707e-03 4.930060035428969201e+01
4.447639984709411860e-03 4.936730743009523081e+01
4.455842032786982120e-03 4.943405913661043627e+01
4.464059206547583113e-03 4.950085533985144792e+01
4.472291533885020161e-03 4.956769590472919162e+01
4.480539042744536606e-03 4.963458069555905183e+01
4.488801761122898810e-03 4.970150957605982001e+01
4.497079717068521061e-03 4.976848240935350276e+01
4.505372938681521076e-03 4.983549905796422053e+01
4.513681454113856184e-03 4.990255938381780965e+01
4.522005291569394445e-03 4.996966324824114025e+01
4.530344479304006591e-03 5.003681051196114993e+01
4.538699045625684859e-03 5.010400103510459502e+01
4.547069018894609772e-03 5.017123467719725483e+01
4.555454427523275042e-03 5.023851129716301500e+01
4.563855299976571703e-03 5.030583075332369702e+01
4.572271664771867042e-03 5.037319290339785027e+01
4.580703550479140775e-03 5.044059760391560587e+01
4.589150985721037086e-03 5.050804470867392126e+01
4.597613999173000808e-03 5.057553407036707682e+01
4.606092619563358082e-03 5.064306554106697433e+01
4.614586875673397891e-03 5.071063897222207828e+01
4.623096796337507371e-03 5.077825421465689004e+01
4.631622410443225583e-03 5.084591111857151446e+01
4.640163746931382296e-03 5.091360953354075036e+01
4.648720834796176045e-03 5.098134930851360025e+01
4.657293703085260000e-03 5.104913029181249584e+01
4.665882380899874678e-03 5.111695233113293568e+01
4.674486897394908649e-03 5.118481527354251170e+01
4.683107281779029518e-03 5.125271896548061790e+01
4.691743563314770653e-03 5.132066325275769003e+01
4.700395771318612720e-03 5.138864798050006044e+01
4.709063935161123329e-03 5.145667299176491127e+01
4.717748084267009943e-03 5.152473812742032777e+01
4.726448248115259522e-03 5.159284322761014607e+01
4.735164456239222656e-03 5.166098813182968286e+01
4.743896738226696837e-03 5.172917267892528059e+01
4.752645123720066096e-03 5.179739670709344068e+01
4.761409642416357391e-03 5.186566005388042555e+01
4.770190324067377641e-03 5.193396255618158364e+01
4.778987198479795265e-03 5.200230405024083069e+01
4.787800295515252068e-03 5.207068437165010977e+01
4.796629645090448243e-03 5.213910335534846752e+01
4.805475277177253396e-03 5.220756083562188365e+01
4.814337221802821899e-03 5.227605664610268121e+01
4.823215509049674429e-03 5.234459061975972105e+01
4.832110169055815058e-03 5.241316258790797633e+01
4.841021232014814518e-03 5.248177237930078576e+01
4.849948728175925566e-03 5.255041982180738103e+01
4.858892687844195736e-03 5.261910474262404591e+01
4.867853141380551474e-03 5.268782696827362599e+01
4.876830119201916100e-03 5.275658632460483943e+01
4.885823651781290473e-03 5.282538263679178669e+01
4.894833769647890902e-03 5.289421572933374449e+01
4.903860503387214194e-03 5.296308542605382996e+01
4.912903883641176438e-03 5.303199155009937016e+01
4.921963941108201471e-03 5.310093392394093570e+01
4.931040706543308484e-03 5.316991236937150234e+01
4.940134210758255137e-03 5.323892670750677070e+01
4.949244484621600007e-03 5.330797675874916308e+01
4.958371559058840500e-03 5.337706234126440563e+01
4.967515465052506525e-03 5.344618327037316163e+01
4.976676233642248967e-03 5.351533936053783691e+01
4.985853895924979330e-03 5.358453042552103796e+01
4.995048483054936525e-03 5.365375627838363926e+01
5.004260026243826515e-03 5.372301673148545120e+01
5.013488556760915121e-03 5.379231159648415428e+01
5.022734105933115631e-03 5.386164068433470931e+01
5.031996705145133642e-03 5.393100380528937876e+01
5.041276385839533851e-03 5.400040076889657570e+01
5.050573179516877967e-03 5.406983138400108402e+01
5.059887117735820117e-03 5.413929545874329818e+01
5.069218232113197921e-03 5.420879280055842031e+01
5.078566554324174739e-03 5.427832321609714938e+01
5.087932116102304725e-03 5.434788651074038057e+01
5.097314949239682876e-03 5.441748248891548201e+01
5.106715085587029170e-03 5.448711095433748142e+01
5.116132557053787444e-03 5.455677171000974823e+01
5.125567395608265041e-03 5.462646455822376623e+01
5.135019633277705664e-03 5.469618930055842299e+01
5.144489302148428159e-03 5.476594573787973275e+01
5.153976434365925390e-03 5.483573367034058776e+01
5.163481062134952712e-03 5.490555289738002642e+01
5.173003217719678894e-03 5.497540321772314087e+01
5.182542933443748563e-03 5.504528442938035937e+01
5.192100241690434000e-03 5.511519632964756710e+01
5.201675174902725338e-03 5.518513871474046084e+01
5.211267765583424243e-03 5.525511137356618008e+01
5.220878046295296566e-03 5.532511408855407353e+01
5.230506049661134797e-03 5.539514664116270382e+01
5.240151808363908113e-03 5.546520881206888021e+01
5.249815355146859527e-03 5.553530038116679179e+01
5.259496722813596960e-03 5.560542112756795774e+01
5.269195944228245027e-03 5.567557082960098569e+01
5.278913052315511827e-03 5.574574926481063386e+01
5.288648080060839862e-03 5.581595620995815210e+01
5.298401060510501449e-03 5.588619144102016634e+01
5.308172026771694994e-03 5.595645473318902674e+01
5.317961012012692446e-03 5.602674586087197639e+01
5.327768049462913019e-03 5.609706459816077029e+01
5.337593172413071518e-03 5.616741072572319382e+01
5.347436414215273742e-03 5.623778402931991138e+01
5.357297808283117101e-03 5.630818429415438686e+01
5.367177388091838933e-03 5.637861130471289073e+01
5.377075187178385896e-03 5.644906484476427266e+01
5.386991239141571824e-03 5.651954469735976971e+01
5.396925577642167071e-03 5.659005064483284997e+01
5.406878236403002587e-03 5.666058246879860860e+01
5.416849249209120844e-03 5.673113995015430788e+01
5.426838649907846958e-03 5.680172286907829005e+01
5.436846472408938744e-03 5.687233100503053151e+01
5.446872750684691664e-03 5.694296413675207447e+01
5.456917518770032505e-03 5.701362204053366867e+01
5.466980810762675502e-03 5.708430448269455582e+01
5.477062660823192597e-03 5.715501122570699977e+01
5.487163103175170427e-03 5.722574203125250847e+01
5.497282172105307473e-03 5.729649666022311294e+01
5.507419901963515538e-03 5.736727487272091253e+01
5.517576327163075008e-03 5.743807642805896307e+01
5.527751482180704237e-03 5.750890108475954321e+01
5.537945401556721749e-03 5.757974860055565358e+01
5.548158119895139906e-03 5.765061873238960999e+01
5.558389671863770733e-03 5.772151123641344839e+01
5.568640092194378569e-03 5.779242586798856962e+01
5.578909415682758999e-03 5.786336238169037927e+01
5.589197677188888908e-03 5.793432053141184213e+01
5.599504911637034031e-03 5.800530007036729785e+01
5.609831154015846970e-03 5.807630075098598610e+01
5.620176439378526782e-03 5.814732232490743513e+01
5.630540802842894446e-03 5.821836454298081520e+01
5.640924279591547248e-03 5.828942715526532226e+01
5.651326904871966338e-03 5.836050991102999319e+01
5.661748713996614737e-03 5.843161255875347848e+01
5.672189742343101276e-03 5.850273484612424113e+01
5.682650025354251712e-03 5.857387652004035772e+01
5.693129598538270927e-03 5.864503732660931945e+01
5.703628497468845281e-03 5.871621701113009095e+01
5.714146757785246687e-03 5.878741531701393086e+01
5.724684415192494817e-03 5.885863198518622852e+01
5.735241505461428219e-03 5.892986675562369925e+01
5.745818064428872586e-03 5.900111936749861741e+01
5.756414127997738772e-03 5.907238955917868140e+01
5.767029732137132075e-03 5.914367706822664417e+01
5.777664912882511834e-03 5.921498163140105220e+01
5.788319706335768623e-03 5.928630298465558468e+01
5.798994148665386449e-03 5.935764086313955801e+01
5.809688276106550302e-03 5.942899500119805367e+01
5.820402124961249375e-03 5.950036513237144220e+01
5.831135731598441861e-03 5.957175098936512825e+01
5.841889132454132147e-03 5.964315230306521443e+01
5.852662364031535613e-03 5.971456880233179731e+01
5.863455462901178382e-03 5.978600021513845064e+01
5.874268465701031755e-03 5.985744626864384088e+01
5.885101409136623239e-03 5.992890668919162778e+01
5.895954329981168383e-03 6.000038120231082672e+01
5.906827265075709557e-03 6.007186953271594376e+01
5.917720251329224371e-03 6.014337140430727402e+01
5.928633325718760984e-03 6.021488654017076669e+01
5.939566525289544791e-03 6.028641466257831638e+01
5.950519887155119800e-03 6.035795549298812546e+01
5.961493448497482209e-03 6.042950875191009175e+01
5.972487246567192293e-03 6.050107415792798804e+01
5.983501318683512316e-03 6.057265142825844606e+01
5.994535702234511480e-03 6.064424027929239003e+01
6.005590434677209044e-03 6.071584042659997493e+01
6.016665553537713096e-03 6.078745158493033784e+01
6.027761096411328109e-03 6.085907346821205977e+01
6.038877100962694588e-03 6.093070578955335748e+01
6.050013604925894885e-03 6.100234826124225407e+01
6.061170646104620599e-03 6.107400059474729659e+01
6.072348262372256715e-03 6.114566250071723630e+01
6.083546491672048133e-03 6.121733368896577332e+01
6.094765372017212426e-03 6.128901386750168712e+01
6.106004941491050865e-03 6.136070274197811614e+01
6.117265238247120152e-03 6.143240001708648634e+01
6.128546300509312220e-03 6.150410539668769161e+01
6.139848166572026839e-03 6.157581858381314532e+01
6.151170874800286105e-03 6.164753928066484434e+01
6.162514463629840261e-03 6.171926718861559635e+01
6.173878971567348974e-03 6.179100200821001465e+01
6.185264437190455926e-03 6.186274343916443996e+01
6.196670899147965761e-03 6.193449118036739520e+01
6.208098396159959440e-03 6.200624492987997627e+01
6.219546967017900059e-03 6.207800438448384028e+01
6.231016650584816734e-03 6.214976923887142135e+01
6.242507485795380055e-03 6.222153918668282557e+01
6.254019511656079035e-03 6.229331392072431584e+01
6.265552767245337329e-03 6.236509313296838286e+01
6.277107291713626865e-03 6.243687651455427812e+01
6.288683124283641311e-03 6.250866375578878831e+01
6.300280304250381949e-03 6.258045454614634906e+01
6.311898870981334612e-03 6.265224857426998994e+01
6.323538863916583312e-03 6.272404552797208055e+01
6.335200322568925596e-03 6.279584509423341387e+01
6.346883286524053827e-03 6.286764695872670927e+01
6.358587795440632379e-03 6.293945080497337585e+01
6.370313889050484117e-03 6.301125631543259686e+01
6.382061607158701425e-03 6.308306317172684174e+01
6.393830989643763292e-03 6.315487105464178086e+01
6.405622076457714864e-03 6.322667964412746500e+01
6.417434907626255042e-03 6.329848861929858117e+01
6.429269523248911690e-03 6.337029765843561790e+01
6.441125963499163935e-03 6.344210643898535551e+01
6.453004268624555791e-03 6.351391463756148426e+01
6.464904478946880036e-03 6.358572192993339911e+01
6.476826634862261484e-03 6.365752799034014231e+01
6.488770776841339127e-03 6.372933249111475362e+01
6.500736945429388437e-03 6.380113510366090424e+01
6.512725181246434118e-03 6.387293549854460650e+01
6.524735524987434858e-03 6.394473334549509502e+01
6.536768017422372665e-03 6.401652831340551586e+01
6.548822699396434147e-03 6.408832007033367972e+01
6.560899611830126738e-03 6.416010828350319173e+01
6.572998795719406200e-03 6.423189261930397720e+01
6.585120292135851830e-03 6.430367274329326222e+01
6.597264142226761871e-03 6.437544831996105188e+01
6.609430387215333054e-03 6.444721901090350968e+01
6.621619068400784631e-03 6.451898447580855134e+01
6.633830227158477207e-03 6.459074437351121389e+01
6.646063904940097480e-03 6.466249836200317702e+01
6.658320143273751927e-03 6.473424609843416988e+01
6.670598983764147206e-03 6.480598723911239745e+01
6.682900468092716796e-03 6.487772143950608950e+01
6.695224638017738088e-03 6.494944835424399798e+01
6.707571535374524940e-03 6.502116763711676128e+01
6.719941202075514416e-03 6.509287894106306283e+01
6.732333680110455000e-03 6.516458191742033534e+01
6.744749011546529761e-03 6.523627621555846190e+01
6.757187238528480390e-03 6.530796148391382872e+01
6.769648403278795412e-03 6.537963737008132625e+01
6.782132548097798662e-03 6.545130352081484659e+01
6.794639715363845305e-03 6.552295958202918769e+01
6.807169947533439798e-03 6.559460519880038021e+01
6.819723287141360793e-03 6.566624001536719391e+01
6.832299776800855422e-03 6.573786367513245921e+01
6.844899459203728637e-03 6.580947582066222878e+01
6.857522377120534030e-03 6.588107609289649247e+01
6.870168573400700467e-03 6.595266412985294835e+01
6.882838090972656121e-03 6.602423956836632613e+01
6.895530972844023630e-03 6.609580204442768547e+01
6.908247262101706830e-03 6.616735119318499869e+01
6.920987001912092852e-03 6.623888664894488443e+01
6.933750235521170084e-03 6.631040804517358822e+01
6.946537006254657406e-03 6.638191501449850307e+01
6.959347357518202819e-03 6.645340718870946262e+01
6.972181332797470175e-03 6.652488419875956538e+01
6.985038975658336945e-03 6.659634567441266029e+01
6.997920329747025180e-03 6.666779124357968556e+01
7.010825438790221215e-03 6.673922053315256164e+01
7.023754346595281230e-03 6.681063316918567807e+01
7.036707097050317120e-03 6.688202877689727188e+01
7.049683734124399456e-03 6.695340698067121821e+01
7.062684301867682389e-03 6.702476740405838029e+01
7.075708844411533749e-03 6.709610966977767532e+01
7.088757405968734542e-03 6.716743339971833393e+01
7.101830030833570888e-03 6.723873821491841341e+01
7.114926763382034385e-03 6.731002373308909625e+01
7.128047648071953943e-03 6.738128956632849054e+01
7.141192729443120689e-03 6.745253532534201213e+01
7.154362052117493528e-03 6.752376061997971135e+01
7.167555660799291954e-03 6.759496505923758036e+01
7.180773600275196407e-03 6.766614825125901689e+01
7.194015915414479247e-03 6.773730980333719742e+01
7.207282651169139194e-03 6.780844932191564567e+01
7.220573852574098221e-03 6.787956641259114576e+01
7.233889564747302166e-03 6.795066068020300065e+01
7.247229832889920224e-03 6.802173173025411756e+01
7.260594702286472454e-03 6.809277916867203828e+01
7.273984218304998042e-03 6.816380260059489160e+01
7.287398426397184541e-03 6.823480163033401880e+01
7.300837372098538738e-03 6.830577586137589208e+01
7.314301101028556663e-03 6.837672489638384832e+01
7.327789658890854554e-03 6.844764833720006436e+01
7.341303091473340599e-03 6.851854578484724811e+01
7.354841444648346771e-03 6.858941683953052859e+01
7.368404764372799703e-03 6.866026109869858374e+01
7.381993096688391556e-03 6.873107815216627614e+01
7.395606487721714459e-03 6.880186758740701691e+01
7.409244983684432247e-03 6.887262899104179326e+01
7.422908630873412301e-03 6.894336194884118640e+01
7.436597475670901625e-03 6.901406604572798642e+01
7.450311564544697708e-03 6.908474086577822959e+01
7.464050944048281240e-03 6.915538599222425376e+01
7.477815660820993048e-03 6.922600100745611940e+01
7.491605761588159863e-03 6.929658549295179171e+01
7.505421293161306830e-03 6.936713902854786795e+01
7.519262302438254643e-03 6.943766119273576010e+01
7.533128836403335526e-03 6.950815156316002685e+01
7.547020942127522468e-03 6.957860971662806548e+01
7.560938666768574935e-03 6.964903522911187395e+01
7.574882057571246177e-03 6.971942767575100675e+01
7.588851161867385571e-03 6.978978663085406708e+01
7.602846027076150259e-03 6.986011166790133586e+01
7.616866700704147397e-03 6.993040235946851624e+01
7.630913230345565991e-03 7.000065827513166994e+01
7.644985663682398944e-03 7.007087898123488401e+01
7.659084048484539331e-03 7.014106404316034116e+01
7.673208432609997243e-03 7.021121302545375897e+01
7.687358864005040295e-03 7.028132549182781474e+01
7.701535390704330672e-03 7.035140100516325390e+01
7.715738060831146307e-03 7.042143912751230062e+01
7.729966922597476288e-03 7.049143942010061892e+01
7.744222024304247241e-03 7.056140144327484620e+01
7.758503414341455170e-03 7.063132475436631807e+01
7.772811141188312040e-03 7.070120890699566019e+01
7.787145253413463482e-03 7.077105345375056800e+01
7.801505799675090280e-03 7.084085794638397715e+01
7.815892828721129545e-03 7.091062193581629458e+01
7.830306389389415228e-03 7.098034497213821226e+01
7.844746530607821233e-03 7.105002660461305197e+01
7.859213301394486068e-03 7.111966638168003385e+01
7.873706750857906514e-03 7.118926385088583686e+01
7.888226928197171819e-03 7.125881855711676849e+01
7.902773882702097269e-03 7.132833004245662778e+01
7.917347663753371637e-03 7.139779784806296448e+01
7.931948320822780965e-03 7.146722151426695291e+01
7.946575903473314384e-03 7.153660058057621995e+01
7.961230461359380950e-03 7.160593458567741720e+01
7.975912044226962302e-03 7.167522306743954630e+01
7.990620701913753177e-03 7.174446556291628951e+01
8.005356484349392121e-03 7.181366160799832699e+01
8.020119441555553438e-03 7.188281073399359400e+01
8.034909623646191781e-03 7.195191246909382699e+01
8.049727080827672257e-03 7.202096634063016722e+01
8.064571863398926552e-03 7.208997187510863114e+01
8.079444021751674976e-03 7.215892859821333616e+01
8.094343606370534017e-03 7.222783603480928605e+01
8.109270667833248791e-03 7.229669370894590941e+01
8.124225256810831824e-03 7.236550114385974553e+01
8.139207424067717439e-03 7.243425786139361833e+01
8.154217220461990739e-03 7.250296338050706879e+01
8.169254696945489960e-03 7.257161721888590478e+01
8.184319904564042389e-03 7.264021889340389748e+01
8.199412894457608347e-03 7.270876792012653311e+01
8.214533717860437317e-03 7.277726381431398295e+01
8.229682426101288251e-03 7.284570609042432920e+01
8.244859070603549264e-03 7.291409426211731670e+01
8.260063702885463155e-03 7.298242784210351886e+01
8.275296374560276585e-03 7.305070633910293054e+01
8.290557137336397944e-03 7.311892925801051035e+01
8.305846043017624594e-03 7.318709610279381650e+01
8.321163143503250426e-03 7.325520637661490753e+01
8.336508490788308717e-03 7.332325958183349712e+01
8.351882136963714384e-03 7.339125522001072000e+01
8.367284134216423572e-03 7.345919279191251405e+01
8.382714534829664374e-03 7.352707179751152466e+01
8.398173391183044387e-03 7.359489173483299851e+01
8.413660755752798773e-03 7.366265209796151225e+01
8.429176681111932509e-03 7.373035237965521560e+01
8.444721219930373043e-03 7.379799207187737409e+01
8.460294424975221828e-03 7.386557066580053288e+01
8.475896349110844524e-03 7.393308765181038211e+01
8.491527045299131216e-03 7.400054251950898276e+01
8.507186566599633445e-03 7.406793475771944202e+01
8.522874966169732489e-03 7.413526385389032214e+01
8.538592297264866599e-03 7.420252929107050477e+01
8.554338613238655908e-03 7.426973055016846104e+01
8.570113967543134884e-03 7.433686711130623337e+01
8.585918413728908447e-03 7.440393845382594407e+01
8.601752005445316776e-03 7.447094405629391645e+01
8.617614796440662556e-03 7.453788339650478179e+01
8.633506840562341078e-03 7.460475595148547256e+01
8.649428191757070963e-03 7.467156119751888355e+01
8.665378904071055488e-03 7.473829861031829580e+01
8.681359031650143915e-03 7.480496766495006966e+01
8.697368628740069149e-03 7.487156783573162500e+01
8.713407749686565701e-03 7.493809859623512182e+01
8.729476448935619484e-03 7.500455941929132564e+01
8.745574781033615269e-03 7.507094977699361493e+01
8.761702800627510154e-03 7.513726914070308283e+01
8.777860562465066019e-03 7.520351698042210842e+01
8.794048121394974424e-03 7.526969275857625519e+01
8.810265532367101207e-03 7.533579593263816321e+01
8.826512850432651283e-03 7.540182595926366105e+01
8.842790130744317828e-03 7.546778229435648200e+01
8.859097428556545958e-03 7.553366439307340841e+01
8.875434799225633345e-03 7.559947170982820808e+01
8.891802298209995625e-03 7.566520369829713388e+01
8.908199981070320794e-03 7.573085981106000020e+01
8.924627903469727064e-03 7.579643949698861149e+01
8.941086121174023071e-03 7.586194220275969258e+01
8.957574690051818903e-03 7.592736737430448102e+01
8.974093666074781095e-03 7.599271445682323645e+01
8.990643105317788764e-03 7.605798289479039909e+01
9.007223063959134829e-03 7.612317213195944987e+01
9.023833598280702958e-03 7.618828161136750055e+01
9.040474764668156651e-03 7.625331077629975596e+01
9.057146619611169958e-03 7.631825907365259809e+01
9.073849219703578398e-03 7.638312595085197643e+01
9.090582621643594069e-03 7.644791085464959224e+01
9.107346882233968710e-03 7.651261323112825607e+01
9.124142058382208806e-03 7.657723252570642103e+01
9.140968207100778550e-03 7.664176818314403761e+01
9.157825385507280258e-03 7.670621964748634980e+01
9.174713650824650388e-03 7.677058635556342381e+01
9.191633060381329545e-03 7.683486773117348889e+01
9.208583671611512284e-03 7.689906319604462226e+01
9.225565542055275473e-03 7.696317217120352439e+01
9.242578729358836773e-03 7.702719407698198495e+01
9.259623291274715964e-03 7.709112833302125978e+01
9.276699285661913624e-03 7.715497435827836625e+01
9.293806770486166130e-03 7.721873157140635158e+01
9.310945803820068825e-03 7.728239939475686526e+01
9.328116443843336228e-03 7.734597725285333070e+01
9.345318748842977238e-03 7.740946456962949185e+01
9.362552777213459937e-03 7.747286076838719282e+01
9.379818587456982201e-03 7.753616527180295748e+01
9.397116238183580994e-03 7.759937750193249428e+01
9.414445788111413388e-03 7.766249688021163422e+01
9.431807296066921364e-03 7.772552282562324422e+01
9.449200820984996613e-03 7.778845475209726601e+01
9.466626421909256350e-03 7.785129207229094561e+01
9.484084157992164754e-03 7.791403419824695220e+01
9.501574088495298373e-03 7.797668054140061145e+01
9.519096272789519600e-03 7.803923051258510668e+01
9.536650770355151879e-03 7.810168352203774589e+01
9.554237640782245120e-03 7.816403897847062865e+01
9.571856943770704063e-03 7.822629628259441859e+01
9.589508739130555431e-03 7.828845483098558589e+01
9.607193086782124872e-03 7.835051401958958195e+01
9.624910046756210424e-03 7.841247324374866423e+01
9.642659679194353142e-03 7.847433189820897326e+01
9.660442044348963725e-03 7.853608937712560589e+01
9.678257202583596605e-03 7.859774507407144029e+01
9.696105214373126890e-03 7.865929838207377145e+01
9.713986140303918632e-03 7.872074869362229776e+01
9.731900041074109317e-03 7.878209540064430882e+01
9.749846977493731304e-03 7.884333789450887764e+01
9.767827010484987638e-03 7.890447556603434975e+01
9.785840201082430731e-03 7.896550780549405602e+01
9.803886610433139304e-03 7.902643400264383899e+01
9.821966299796995939e-03 7.908725354862382062e+01
9.840079330546813718e-03 7.914796583751200387e+01
9.858225764168615513e-03 7.920857026324789274e+01
9.876405662261812657e-03 7.926906621927713559e+01
9.894619086539385364e-03 7.932945309855853111e+01
9.912866098828158543e-03 7.938973029357086375e+01
9.931146761068937109e-03 7.944989719629690228e+01
9.949461135316780072e-03 7.950995319042972653e+01
9.967809283741187881e-03 7.956989763990522135e+01
9.986191268626277637e-03 7.962972990520954397e+01
1.000460715237106064e-02 7.968944934629340082e+01
1.002305699748960201e-02 7.974905532257878349e+01
1.004154086661125655e-02 7.980854719296672783e+01
1.006005882248087527e-02 7.986792431585507757e+01
1.007861092795901518e-02 7.992718605450308189e+01
1.009719724602217011e-02 7.998633178578998582e+01
1.011581783976295799e-02 8.004536088845071617e+01
1.013447277239034987e-02 8.010427274079981430e+01
1.015316210722988499e-02 8.016306672074034623e+01
1.017188590772388074e-02 8.022174220577008441e+01
1.019064423743165984e-02 8.028029857295351235e+01
1.020943716002974642e-02 8.033873519207166680e+01
1.022826473931209672e-02 8.039705141742430783e+01
1.024712703919031069e-02 8.045524660087781399e+01
1.026602412369384543e-02 8.051332009386223376e+01
1.028495605697025451e-02 8.057127124737820623e+01
1.030392290328536672e-02 8.062909941200567232e+01
1.032292472702353928e-02 8.068680393792851646e+01
1.034196159268785040e-02 8.074438417581205840e+01
1.036103356490035085e-02 8.080183947721663174e+01
1.038014070840224436e-02 8.085916919342166409e+01
1.039928308805413218e-02 8.091637267533228339e+01
1.041846076883623171e-02 8.097344927348704857e+01
1.043767381584857941e-02 8.103039833806684555e+01
1.045692229431128585e-02 8.108721921840276536e+01
1.047620626956472130e-02 8.114391125570043073e+01
1.049552580706975685e-02 8.120047378465498866e+01
1.051488097240797781e-02 8.125690613942906282e+01
1.053427183128191093e-02 8.131320765382785964e+01
1.055369844951526206e-02 8.136937766130806438e+01
1.057316089305310874e-02 8.142541549498649545e+01
1.059265922796214301e-02 8.148132048937432614e+01
1.061219352043089523e-02 8.153709198788946821e+01
1.063176383676995088e-02 8.159272933673514672e+01
1.065137024341219867e-02 8.164823188184988112e+01
1.067101280691301786e-02 8.170359896891382334e+01
1.069069159395053328e-02 8.175882994335724163e+01
1.071040667132583390e-02 8.181392415021579723e+01
1.073015810596319314e-02 8.186888092213253287e+01
1.074994596491031518e-02 8.192369957071821318e+01
1.076977031533853449e-02 8.197837940524745193e+01
1.078963122454306735e-02 8.203291973469575282e+01
1.080952875994322868e-02 8.208731986774895972e+01
1.082946298908265582e-02 8.214157911281246527e+01
1.084943397962956704e-02 8.219569677931475837e+01
1.086944179937694883e-02 8.224967218704628635e+01
1.088948651624281616e-02 8.230350466078645866e+01
1.090956819827042582e-02 8.235719352515214098e+01
1.092968691362853489e-02 8.241073810457309889e+01
1.094984273061159509e-02 8.246413772330005543e+01
1.097003571764000596e-02 8.251739170533210199e+01
1.099026594326034389e-02 8.257049936876819629e+01
1.101053347614559461e-02 8.262346002216693819e+01
1.103083838509539248e-02 8.267627297304223077e+01
1.105118073903624092e-02 8.272893752873648054e+01
1.107156060702175343e-02 8.278145299643018973e+01
1.109197805823288786e-02 8.283381868315203178e+01
1.111243316197817535e-02 8.288603389542768696e+01
1.113292598769398054e-02 8.293809793788595641e+01
1.115345660494470106e-02 8.299001011449173859e+01
1.117402508342302259e-02 8.304176972909085919e+01
1.119463149295015642e-02 8.309337608542175246e+01
1.121527590347606851e-02 8.314482848712466989e+01
1.123595838507973621e-02 8.319612623685318908e+01
1.125667900796935988e-02 8.324726862502059532e+01
1.127743784248261272e-02 8.329825493319786744e+01
1.129823495908688358e-02 8.334908444265498417e+01
1.131907042837950600e-02 8.339975643456257615e+01
1.133994432108802533e-02 8.345027019000326618e+01
1.136085670807039302e-02 8.350062499021932183e+01
1.138180766031524765e-02 8.355082012625369714e+01
1.140279724894213004e-02 8.360085490232242478e+01
1.142382554520173996e-02 8.365072862357565953e+01
1.144489262047618076e-02 8.370044059518723145e+01
1.146599854627918143e-02 8.374999012236574458e+01
1.148714339425636020e-02 8.379937651029030121e+01
1.150832723618544842e-02 8.384859905177948747e+01
1.152955014397656457e-02 8.389765701352310145e+01
1.155081218967242418e-02 8.394654965888528864e+01
1.157211344544860007e-02 8.399527625122165375e+01
1.159345398361377039e-02 8.404383605389131162e+01
1.161483387660995625e-02 8.409222833027592969e+01
1.163625319701278200e-02 8.414045234995541023e+01
1.165771201753170068e-02 8.418850739987588838e+01
1.167921041101025424e-02 8.423639277010069293e+01
1.170074845042631817e-02 8.428410775081543704e+01
1.172232620889234259e-02 8.433165163233952910e+01
1.174394375965562461e-02 8.437902370513418759e+01
1.176560117609852345e-02 8.442622325231494074e+01
1.178729853173873104e-02 8.447324953385464141e+01
1.180903590022951144e-02 8.452010180533021355e+01
1.183081335535995579e-02 8.456677932243263740e+01
1.185263097105524431e-02 8.461328134097895770e+01
1.187448882137687005e-02 8.465960711692945040e+01
1.189638698052291298e-02 8.470575591033131957e+01
1.191832552282828112e-02 8.475172699259903197e+01
1.194030452276496207e-02 8.479751963733363596e+01
1.196232405494229711e-02 8.484313311836110927e+01
1.198438419410720150e-02 8.488856670974585938e+01
1.200648501514443335e-02 8.493381968577884322e+01
1.202862659307685732e-02 8.497889131653271022e+01
1.205080900306567705e-02 8.502378086257425593e+01
1.207303232041072663e-02 8.506848758343933525e+01
1.209529662055068219e-02 8.511301073893139346e+01
1.211760197906334297e-02 8.515734958913405706e+01
1.213994847166588453e-02 8.520150339431091879e+01
1.216233617421512772e-02 8.524547140949806590e+01
1.218476516270776758e-02 8.528925288211711120e+01
1.220723551328065093e-02 8.533284705928438996e+01
1.222974730221103486e-02 8.537625318843252842e+01
1.225230060591683476e-02 8.541947051732428520e+01
1.227489550095690711e-02 8.546249829420189315e+01
1.229753206403127672e-02 8.550533576987967876e+01
1.232021037198141947e-02 8.554798219734981046e+01
1.234293050179051908e-02 8.559043683004824743e+01
1.236569253058371516e-02 8.563269892181736509e+01
1.238849653562840158e-02 8.567476772691873066e+01
1.241134259433444159e-02 8.571664250234202598e+01
1.243423078425445923e-02 8.575832251982565424e+01
1.245716118308409434e-02 8.579980705709817812e+01
1.248013386866226627e-02 8.584109539241528353e+01
1.250314891897145488e-02 8.588218680456269283e+01
1.252620641213793122e-02 8.592308057275681676e+01
1.254930642643205252e-02 8.596377594873493422e+01
1.257244904026851018e-02 8.600427211993564924e+01
1.259563433220660215e-02 8.604456826507467326e+01
1.261886238095051745e-02 8.608466356327583924e+01
1.264213326534956681e-02 8.612455719408633570e+01
1.266544706439847595e-02 8.616424834194263838e+01
1.268880385723764916e-02 8.620373626459698357e+01
1.271220372315342781e-02 8.624302027989467945e+01
1.273564674157838875e-02 8.628209970815500185e+01
1.275913299209157324e-02 8.632097387044719028e+01
1.278266255441878364e-02 8.635964208860332292e+01
1.280623550843284011e-02 8.639810366163571587e+01
1.282985193415387901e-02 8.643635780140002112e+01
1.285351191174958704e-02 8.647440369989115538e+01
1.287721552153549623e-02 8.651224054969020472e+01
1.290096284397524926e-02 8.654986754397967275e+01
1.292475395968086839e-02 8.658728387766524293e+01
1.294858894941306078e-02 8.662448876899945560e+01
1.297246789408143877e-02 8.666148145822812410e+01
1.299639087474483562e-02 8.669826118716289898e+01
1.302035797261156570e-02 8.673482719837525678e+01
1.304436926903969861e-02 8.677117873521348201e+01
1.306842484553735230e-02 8.680731504630495010e+01
1.309252478376294639e-02 8.684323539527363778e+01
1.311666916552548662e-02 8.687893904939076606e+01
1.314085807278485285e-02 8.691442527679889452e+01
1.316509158765205925e-02 8.694969334652695636e+01
1.318936979238956829e-02 8.698474252466878909e+01
1.321369276941151798e-02 8.701957203664058227e+01
1.323806060128404280e-02 8.705418108324818149e+01
1.326247337072553739e-02 8.708856886576585055e+01
1.328693116060693236e-02 8.712273458631914025e+01
1.331143405395200825e-02 8.715667744819111817e+01
1.333598213393762631e-02 8.719039667151936612e+01
1.336057548389404936e-02 8.722389150137615843e+01
1.338521418730520031e-02 8.725716118579492786e+01
1.340989832780898477e-02 8.729020497380933818e+01
1.343462798919752184e-02 8.732302211546807769e+01
1.345940325541746148e-02 8.735561185482801250e+01
1.348422421057026907e-02 8.738797341308203670e+01
1.350909093891248906e-02 8.742010600736239212e+01
1.353400352485607111e-02 8.745200885583022909e+01
1.355896205296861293e-02 8.748368117769265950e+01
1.358396660797367081e-02 8.751512220044649837e+01
1.360901727475104239e-02 8.754633120392433909e+01
1.363411413833704941e-02 8.757730749128722891e+01
1.365925728392485168e-02 8.760805036701174231e+01
1.368444679686469864e-02 8.763855913681682352e+01
1.370968276266423813e-02 8.766883309997142248e+01
1.373496526698881476e-02 8.769887145054924815e+01
1.376029439566173358e-02 8.772867330611691727e+01
1.378567023466460012e-02 8.775823778352527427e+01
1.381109287013755627e-02 8.778756400069083554e+01
1.383656238837960295e-02 8.781665108041329404e+01
1.386207887584889331e-02 8.784549824468973611e+01
1.388764241916300851e-02 8.787410482124296607e+01
1.391325310509929081e-02 8.790247014428273076e+01
1.393891102059508467e-02 8.793059354945283701e+01
1.396461625274806814e-02 8.795847437247628875e+01
1.399036888881654422e-02 8.798611188967120711e+01
1.401616901621971500e-02 8.801350529498402864e+01
1.404201672253802685e-02 8.804065377757966360e+01
1.406791209551340634e-02 8.806755652795078504e+01
1.409385522304960024e-02 8.809421273815269160e+01
1.411984619321245311e-02 8.812062161521147630e+01
1.414588509423023686e-02 8.814678238903974261e+01
1.417197201449390577e-02 8.817269429289184757e+01
1.419810704255742607e-02 8.819835656148987368e+01
1.422429026713807089e-02 8.822376843109572064e+01
1.425052177711671163e-02 8.824892914305658564e+01
1.427680166153815107e-02 8.827383794600122258e+01
1.430313000961137664e-02 8.829849409063055532e+01
1.432950691070990386e-02 8.832289682921650353e+01
1.435593245437205567e-02 8.834704541548101986e+01
1.438240673030127814e-02 8.837093909766208810e+01
1.440892982836645790e-02 8.839457711531345296e+01
1.443550183860219105e-02 8.841795870880449115e+01
1.446212285120911968e-02 8.844108312014928686e+01
1.448879295655422506e-02 8.846394959277317582e+01
1.451551224517113117e-02 8.848655736390540483e+01
1.454228080776044131e-02 8.850890566322820519e+01
1.456909873518999823e-02 8.853099372160113489e+01
1.459596611849522767e-02 8.855282077160710230e+01
1.462288304887943667e-02 8.857438604800790927e+01
1.464984961771411201e-02 8.859568879491826010e+01
1.467686591653926710e-02 8.861672826467903974e+01
1.470393203706370742e-02 8.863750371165039610e+01
1.473104807116536533e-02 8.865801439202726897e+01
1.475821411089161227e-02 8.867825956117792430e+01
1.478543024845955373e-02 8.869823845131587348e+01
1.481269657625638655e-02 8.871795028288875073e+01
1.484001318683965225e-02 8.873739427808405367e+01
1.486738017293759428e-02 8.875656966098731004e+01
1.489479762744944785e-02 8.877547566431155701e+01
1.492226564344579197e-02 8.879411155517027510e+01
1.494978431416881665e-02 8.881247661246912628e+01
1.497735373303266983e-02 8.883057011713613349e+01
1.500497399362376791e-02 8.884839135208358130e+01
1.503264518970110972e-02 8.886593958796277093e+01
1.506036741519661479e-02 8.888321406415086301e+01
1.508814076421540785e-02 8.890021401735081952e+01
1.511596533103616059e-02 8.891693868634531839e+01
1.514384121011140907e-02 8.893338731270654307e+01
1.517176849606786428e-02 8.894955915822636427e+01
1.519974728370676598e-02 8.896545350628500159e+01
1.522777766800415336e-02 8.898106964340931313e+01
1.525585974411122758e-02 8.899640685833718123e+01
1.528399360735465881e-02 8.901146443436493882e+01
1.531217935323690021e-02 8.902624160030454448e+01
1.534041707743655572e-02 8.904073756175802146e+01
1.536870687580864543e-02 8.905495152644141399e+01
1.539704884438496645e-02 8.906888270446077627e+01
1.542544307937441204e-02 8.908253035387083685e+01
1.545388967716329262e-02 8.909589384740638707e+01
1.548238873431568956e-02 8.910897257718545461e+01
1.551094034757373452e-02 8.912176593777206790e+01
1.553954461385797896e-02 8.913427331689931066e+01
1.556820163026770461e-02 8.914649394700330731e+01
1.559691149408124790e-02 8.915842693113148698e+01
1.562567430275637118e-02 8.917007137064850042e+01
1.565449015393052812e-02 8.918142636930669198e+01
1.568335914542124190e-02 8.919249109677275555e+01
1.571228137522642093e-02 8.920326497202422900e+01
1.574125694152471097e-02 8.921374747662210325e+01
1.577028594267579353e-02 8.922393809478521121e+01
1.579936847722074322e-02 8.923383630627282059e+01
1.582850464388236081e-02 8.924344141883011616e+01
1.585769454156549588e-02 8.925275256200562524e+01
1.588693826935741460e-02 8.926176885956671470e+01
1.591623592652809116e-02 8.927048943788049939e+01
1.594558761253057552e-02 8.927891347254397658e+01
1.597499342700132302e-02 8.928704032820841974e+01
1.600445346976052050e-02 8.929486941887751072e+01
1.603396784081246099e-02 8.930240016135394399e+01
1.606353664034583864e-02 8.930963197071780257e+01
1.609315996873411647e-02 8.931656418097151118e+01
1.612283792653585943e-02 8.932319605504822846e+01
1.615257061449506051e-02 8.932952685618239741e+01
1.618235813354153285e-02 8.933555585048475223e+01
1.621220058479119416e-02 8.934128232346954235e+01
1.624209806954642760e-02 8.934670560828534747e+01
1.627205068929644602e-02 8.935182504850905616e+01
1.630205854571761120e-02 8.935663999067547536e+01
1.633212174067380854e-02 8.936114978256230756e+01
1.636224037621675231e-02 8.936535375982545304e+01
1.639241455458636393e-02 8.936925125335108078e+01
1.642264437821110840e-02 8.937284159700014641e+01
1.645292994970833783e-02 8.937612412699031950e+01
1.648327137188465921e-02 8.937909815539453007e+01
1.651366874773625010e-02 8.938176296213302408e+01
1.654412218044924027e-02 8.938411782790369386e+01
1.657463177340003438e-02 8.938616203656846437e+01
1.660519763015570055e-02 8.938789491023378275e+01
1.663581985447427913e-02 8.938931588285932150e+01
1.666649855030515742e-02 8.939042441260875194e+01
1.669723382178942006e-02 8.939121996089173194e+01
1.672802577326019599e-02 8.939170197236376225e+01
1.675887450924304703e-02 8.939186974840031041e+01
1.678978013445625930e-02 8.939172252853195744e+01
1.682074275381124917e-02 8.939125955532284706e+01
1.685176247241290670e-02 8.939048008099084086e+01
1.688283939555992874e-02 8.938938347580622690e+01
1.691397362874523178e-02 8.938796921349791091e+01
1.694516527765625377e-02 8.938623677456860150e+01
1.697641444817533235e-02 8.938418564161119662e+01
1.700772124638007601e-02 8.938181521977089972e+01
1.703908577854370068e-02 8.937912479219335182e+01
1.707050815113542869e-02 8.937611363474050563e+01
1.710198847082080448e-02 8.937278102695427151e+01
1.713352684446208668e-02 8.936912631566725906e+01
1.716512337911860198e-02 8.936514901744969563e+01
1.719677818204709552e-02 8.936084867919456087e+01
1.722849136070214032e-02 8.935622485139013804e+01
1.726026302273644258e-02 8.935127703026269330e+01
1.729209327600124066e-02 8.934600447541676260e+01
1.732398222854666936e-02 8.934040638783966415e+01
1.735592998862210690e-02 8.933448197228503318e+01
1.738793666467659121e-02 8.932823048339604100e+01
1.742000236535912877e-02 8.932165146128464528e+01
1.745212719951909353e-02 8.931474455617666308e+01
1.748431127620658429e-02 8.930750942223338029e+01
1.751655470467283066e-02 8.929994568773614105e+01
1.754885759437051218e-02 8.929205273748247862e+01
1.758122005495415738e-02 8.928382983722042354e+01
1.761364219628051841e-02 8.927527625575957870e+01
1.764612412840892847e-02 8.926639127762163639e+01
1.767866596160170417e-02 8.925717431485722386e+01
1.771126780632447870e-02 8.924762485749496932e+01
1.774392977324661461e-02 8.923774240053805329e+01
1.777665197324155427e-02 8.922752644271183442e+01
1.780943451738719804e-02 8.921697648345711684e+01
1.784227751696632058e-02 8.920609202405424298e+01
1.787518108346688311e-02 8.919487256980259815e+01
1.790814532858246363e-02 8.918331762994291978e+01
1.794117036421261427e-02 8.917142671605832049e+01
1.797425630246322556e-02 8.915919934264779556e+01
1.800740325564697403e-02 8.914663502833043651e+01
1.804061133628361013e-02 8.913373328724584610e+01
1.807388065710040584e-02 8.912049353476550095e+01
1.810721133103251196e-02 8.910691512292473249e+01
1.814060347122334327e-02 8.909299740691872671e+01
1.817405719102498790e-02 8.907873976533454652e+01
1.820757260399854735e-02 8.906414177470716709e+01
1.824114982391454934e-02 8.904920312877493416e+01
1.827478896475333292e-02 8.903392352691082579e+01
1.830849014070543013e-02 8.901830263892819062e+01
1.834225346617196842e-02 8.900233986834538769e+01
1.837607905576502804e-02 8.898603449326425618e+01
1.840996702430806181e-02 8.896938579557723870e+01
1.844391748683625251e-02 8.895239313893588928e+01
1.847793055859696040e-02 8.893505634445422459e+01
1.851200635505004591e-02 8.891737540230384695e+01
1.854614499186830329e-02 8.889935030705572672e+01
1.858034658493784227e-02 8.888098088889813653e+01
1.861461125035846972e-02 8.886226630269844406e+01
1.864893910444413369e-02 8.884320553695242495e+01
1.868333026372324263e-02 8.882379758584468732e+01
1.871778484493911640e-02 8.880404172817988240e+01
1.875230296505035407e-02 8.878393797164807211e+01
1.878688474123124674e-02 8.876348644391269715e+01
1.882153029087219043e-02 8.874268727171741489e+01
1.885623973158003994e-02 8.872154025505939501e+01
1.889101318117853562e-02 8.870004467098313228e+01
1.892585075770871275e-02 8.867819975446153080e+01
1.896075257942926931e-02 8.865600475762845178e+01
1.899571876481702393e-02 8.863345918623453201e+01
1.903074943256724896e-02 8.861056278459344071e+01
1.906584470159412154e-02 8.858731531079462229e+01
1.910100469103111209e-02 8.856371652425038121e+01
1.913622952023136953e-02 8.853976615952609563e+01
1.917151930876818955e-02 8.851546394069353596e+01
1.920687417643534081e-02 8.849080959650699185e+01
1.924229424324751594e-02 8.846580281175032212e+01
1.927777962944073400e-02 8.844044308027427803e+01
1.931333045547273600e-02 8.841472985195439094e+01
1.934894684202342896e-02 8.838866258337448301e+01
1.938462890999524679e-02 8.836224088079356420e+01
1.942037678051358740e-02 8.833546461908331082e+01
1.945619057492721168e-02 8.830833370595583176e+01
1.949207041480869804e-02 8.828084804567994581e+01
1.952801642195478582e-02 8.825300740860004112e+01
1.956402871838683680e-02 8.822481145465609131e+01
1.960010742635123412e-02 8.819625984543114328e+01
1.963625266831979521e-02 8.816735225038942758e+01
1.967246456699021928e-02 8.813808835918582929e+01
1.970874324528644472e-02 8.810846787184534890e+01
1.974508882635910706e-02 8.807849049356477167e+01
1.978150143358595181e-02 8.804815592875068830e+01
1.981798119057223695e-02 8.801746387490180723e+01
1.985452822115120128e-02 8.798641403334373479e+01
1.989114264938441484e-02 8.795500611330544416e+01
1.992782459956223690e-02 8.792323986773190825e+01
1.996457419620424265e-02 8.789111508422951147e+01
2.000139156405963264e-02 8.785863155641744981e+01
2.003827682810768035e-02 8.782578912499882051e+01
2.007523011355811723e-02 8.779258780743037960e+01
2.011225154585158381e-02 8.775902767014363803e+01
2.014934125066004944e-02 8.772510877551039243e+01
2.018649935388723560e-02 8.769083084690998930e+01
2.022372598166906343e-02 8.765619316966687791e+01
2.026102126037405624e-02 8.762119500600547894e+01
2.029838531660376963e-02 8.758583573379898723e+01
2.033581827719323568e-02 8.755011545847152377e+01
2.037332026921138614e-02 8.751403458271418856e+01
2.041089141996149658e-02 8.747759351043447396e+01
2.044853185698159576e-02 8.744079230189285568e+01
2.048624170804490968e-02 8.740363041650981302e+01
2.052402110116028841e-02 8.736610725913926956e+01
2.056187016457267092e-02 8.732822227143940097e+01
2.059978902676348061e-02 8.728997515326902601e+01
2.063777781645107293e-02 8.725136573451726463e+01
2.067583666259118977e-02 8.721239385730282834e+01
2.071396569437736548e-02 8.717305998102646925e+01
2.075216504124142297e-02 8.713336571794005181e+01
2.079043483285383798e-02 8.709331280933483299e+01
2.082877519912423175e-02 8.705290267923081160e+01
2.086718627020178740e-02 8.701213423084945475e+01
2.090566817647570089e-02 8.697100517693543509e+01
2.094422104857565289e-02 8.692951325134879426e+01
2.098284501737218352e-02 8.688765746064994744e+01
2.102154021397719189e-02 8.684543886503360000e+01
2.106030676974436633e-02 8.680285871506494288e+01
2.109914481626961810e-02 8.675991817100022274e+01
2.113805448539156709e-02 8.671661784919311344e+01
2.117703590919193732e-02 8.667295817177964068e+01
2.121608921999602881e-02 8.662893953491376919e+01
2.125521455037317556e-02 8.658456144828487311e+01
2.129441203313717570e-02 8.653982241591216962e+01
2.133368180134678077e-02 8.649472089582285150e+01
2.137302398830609809e-02 8.644925577386335647e+01
2.141243872756506961e-02 8.640342739646909820e+01
2.145192615291991595e-02 8.635723642978517489e+01
2.149148639841360134e-02 8.631068349860208855e+01
2.153111959833629852e-02 8.626376869379242862e+01
2.157082588722580851e-02 8.621649176155268890e+01
2.161060539986804294e-02 8.616885245177901709e+01
2.165045827129747150e-02 8.612085077497344798e+01
2.169038463679761122e-02 8.607248718053486414e+01
2.173038463190143585e-02 8.602376216504767115e+01
2.177045839239186154e-02 8.597467615244305250e+01
2.181060605430221178e-02 8.592522921288538384e+01
2.185082775391666843e-02 8.587542131865266981e+01
2.189112362777076090e-02 8.582525246012170328e+01
2.193149381265178249e-02 8.577472279790787013e+01
2.197193844559929346e-02 8.572383261722870884e+01
2.201245766390556510e-02 8.567258221051930889e+01
2.205305160511605508e-02 8.562097181416973513e+01
2.209372040702990009e-02 8.556900156951961378e+01
2.213446420770031828e-02 8.551667161443056386e+01
2.217528314543514012e-02 8.546398204031730472e+01
2.221617735879724206e-02 8.541093274794660317e+01
2.225714698660502880e-02 8.535752359839285930e+01
2.229819216793292938e-02 8.530375453968557053e+01
2.233931304211181704e-02 8.524962623449151522e+01
2.238050974872951571e-02 8.519513971864536472e+01
2.242178242763127882e-02 8.514029600278458076e+01
2.246313121892022646e-02 8.508509532380590201e+01
2.250455626295789699e-02 8.502953712422868193e+01
2.254605770036462870e-02 8.497362082175365572e+01
2.258763567202010450e-02 8.491734632636675428e+01
2.262929031906378563e-02 8.486071449798599531e+01
2.267102178289545286e-02 8.480372630948888002e+01
2.271283020517561937e-02 8.474638257113826967e+01
2.275471572782604424e-02 8.468868348125231194e+01
2.279667849303020771e-02 8.463062910160648755e+01
2.283871864323378659e-02 8.457221951786549141e+01
2.288083632114518151e-02 8.451345494352570142e+01
2.292303166973593334e-02 8.445433564963857975e+01
2.296530483224125396e-02 8.439486192342012316e+01
2.300765595216049120e-02 8.433503419245671751e+01
2.305008517325762840e-02 8.427485298555205873e+01
2.309259263956179101e-02 8.421431884115472144e+01
2.313517849536768367e-02 8.415343237095230222e+01
2.317784288523612457e-02 8.409219426792598995e+01
2.322058595399451725e-02 8.403060523113140334e+01
2.326340784673733633e-02 8.396866575081000406e+01
2.330630870882666530e-02 8.390637595911127278e+01
2.334928868589261630e-02 8.384373595943574742e+01
2.339234792383388176e-02 8.378074594703170419e+01
2.343548656881820624e-02 8.371740633856953195e+01
2.347870476728287914e-02 8.365371758976797878e+01
2.352200266593526892e-02 8.358968021761563705e+01
2.356538041175326031e-02 8.352529494788767295e+01
2.360883815198580246e-02 8.346056255750943365e+01
2.365237603415338077e-02 8.339548378227092940e+01
2.369599420604852694e-02 8.333005912973273155e+01
2.373969281573634973e-02 8.326428903889255650e+01
2.378347201155497567e-02 8.319817397723991803e+01
2.382733194211610409e-02 8.313171457436186529e+01
2.387127275630547552e-02 8.306491153049120157e+01
2.391529460328343723e-02 8.299776554866254230e+01
2.395939763248536997e-02 8.293027731642109757e+01
2.400358199362224304e-02 8.286244751555324228e+01
2.404784783668111742e-02 8.279427681086990276e+01
2.409219531192563490e-02 8.272576562803736522e+01
2.413662456989658367e-02 8.265691424542913524e+01
2.418113576141232846e-02 8.258772297750289226e+01
2.422572903756937956e-02 8.251819257993763301e+01
2.427040454974288552e-02 8.244832412594948323e+01
2.431516244958714310e-02 8.237811867931176835e+01
2.436000288903615932e-02 8.230757699451238807e+01
2.440492602030407826e-02 8.223669958261488944e+01
2.444993199588577429e-02 8.216548696676598240e+01
2.449502096855733779e-02 8.209393990489337511e+01
2.454019309137658172e-02 8.202205935272678516e+01
2.458544851768362099e-02 8.194984626320236032e+01
2.463078740110130962e-02 8.187730136299835237e+01
2.467620989553582014e-02 8.180442518502206894e+01
2.472171615517714666e-02 8.173121827911846538e+01
2.476730633449961486e-02 8.165768151428180488e+01
2.481298058826246142e-02 8.158381603107991964e+01
2.485873907151028503e-02 8.150962296460261314e+01
2.490458193957361538e-02 8.143510317031993395e+01
2.495050934806943704e-02 8.136025727822608644e+01
2.499652145290169949e-02 8.128508592781146547e+01
2.504261841026189303e-02 8.120958992028450041e+01
2.508880037662951368e-02 8.113377017847761863e+01
2.513506750877264259e-02 8.105762762497737128e+01
2.518141996374843872e-02 8.098116309905448418e+01
2.522785789890374247e-02 8.090437738635692710e+01
2.527438147187552678e-02 8.082727130732075693e+01
2.532099084059147298e-02 8.074984599397834018e+01
2.536768616327050516e-02 8.067210275638761630e+01
2.541446759842331399e-02 8.059404286403393769e+01
2.546133530485294311e-02 8.051566723684491933e+01
2.550828944165525400e-02 8.043697663367406392e+01
2.555533016821950887e-02 8.035797184823040595e+01
2.560245764422890841e-02 8.027865386478366361e+01
2.564967202966112261e-02 8.019902374038311166e+01
2.569697348478887020e-02 8.011908249232210721e+01
2.574436217018040776e-02 8.003883094696172407e+01
2.579183824670010228e-02 7.995826988071384278e+01
2.583940187550898965e-02 7.987740024938939598e+01
2.588705321806528126e-02 7.979622358001103066e+01
2.593479243612498847e-02 7.971474151512101969e+01
2.598261969174238059e-02 7.963295544319521468e+01
2.603053514727058509e-02 7.955086616849770564e+01
2.607853896536214272e-02 7.946847441982555438e+01
2.612663130896952096e-02 7.938578106559339176e+01
2.617481234134573856e-02 7.930278719435044366e+01
2.622308222604483388e-02 7.921949393058262956e+01
2.627144112692248248e-02 7.913590276282626235e+01
2.631988920813651753e-02 7.905201557740176099e+01
2.636842663414750224e-02 7.896783420351471250e+01
2.641705356971931623e-02 7.888335939567600974e+01
2.646577017991964820e-02 7.879859112590104075e+01
2.651457663012061691e-02 7.871352956825182901e+01
2.656347308599928125e-02 7.862817655019257757e+01
2.661245971353828552e-02 7.854253466896987845e+01
2.666153667902631391e-02 7.845660616470361504e+01
2.671070414905873588e-02 7.837039166951689140e+01
2.675996229053813694e-02 7.828389137171316747e+01
2.680931127067488415e-02 7.819710593615874927e+01
2.685875125698774027e-02 7.811003723956054046e+01
2.690828241730435638e-02 7.802268734226971958e+01
2.695790491976189293e-02 7.793505791203624256e+01
2.700761893280758524e-02 7.784715003511625753e+01
2.705742462519928129e-02 7.775896475532189811e+01
2.710732216600609049e-02 7.767050315150852668e+01
2.715731172460886939e-02 7.758176633291517987e+01
2.720739347070084274e-02 7.749275546986116581e+01
2.725756757428817595e-02 7.740347218937893103e+01
2.730783420569053710e-02 7.731391833527695212e+01
2.735819353554172495e-02 7.722409573916499426e+01
2.740864573479016852e-02 7.713400618139742448e+01
2.745919097469956549e-02 7.704365142609508155e+01
2.750982942684944421e-02 7.695303280199512130e+01
2.756056126313573273e-02 7.686215079142111506e+01
2.761138665577140758e-02 7.677100582616604640e+01
2.766230577728697945e-02 7.667959930851952777e+01
2.771331880053114899e-02 7.658793360954612695e+01
2.776442589867136879e-02 7.649601106823897112e+01
2.781562724519442281e-02 7.640383341926727212e+01
2.786692301390706825e-02 7.631140209476939162e+01
2.791831337893655243e-02 7.621871848954828010e+01
2.796979851473123391e-02 7.612578386701936495e+01
2.802137859606118261e-02 7.603259946483176179e+01
2.807305379801879400e-02 7.593916673418897290e+01
2.812482429601932676e-02 7.584548747902761079e+01
2.817669026580153432e-02 7.575156352890080314e+01
2.822865188342826501e-02 7.565739661021177653e+01
2.828070932528703105e-02 7.556298836919168593e+01
2.833286276809066778e-02 7.546834044384844731e+01
2.838511238887785407e-02 7.537345443970748704e+01
2.843745836501376800e-02 7.527833195102688535e+01
2.848990087419066633e-02 7.518297456810432777e+01
2.854244009442848465e-02 7.508738387257211855e+01
2.859507620407549314e-02 7.499156146209335816e+01
2.864780938180882044e-02 7.489550930940302464e+01
2.870063980663510594e-02 7.479922974734435570e+01
2.875356765789111382e-02 7.470272495359726861e+01
2.880659311524430208e-02 7.460599601235252010e+01
2.885971635869350946e-02 7.450904357147224744e+01
2.891293756856947589e-02 7.441186885369565118e+01
2.896625692553550860e-02 7.431447447663245498e+01
2.901967461058807540e-02 7.421686324125391820e+01
2.907319080505741879e-02 7.411903752075474472e+01
2.912680569060822205e-02 7.402099927218407061e+01
2.918051944924013666e-02 7.392275020032479915e+01
2.923433226328845877e-02 7.382429057251866311e+01
2.928824431542474335e-02 7.372562012291250255e+01
2.934225578865739051e-02 7.362674013289907293e+01
2.939636686633234630e-02 7.352765519892160739e+01
2.945057773213361971e-02 7.342837016826042884e+01
2.950488857008397997e-02 7.332888719216659013e+01
2.955929956454553947e-02 7.322920622496368992e+01
2.961381090022044069e-02 7.312932746779148374e+01
2.966842276215140781e-02 7.302925255064293708e+01
2.972313533572241290e-02 7.292898352366383108e+01
2.977794880665930732e-02 7.282852278537851021e+01
2.983286336103042891e-02 7.272787328479856228e+01
2.988787918524729234e-02 7.262703785367169473e+01
2.994299646606514084e-02 7.252601775513204529e+01
2.999821539058363309e-02 7.242481336204380682e+01
3.005353614624746081e-02 7.232342574646689570e+01
3.010895892084698364e-02 7.222185804605823023e+01
3.016448390251890224e-02 7.212011371744092969e+01
3.022011127974683423e-02 7.201819514689545088e+01
3.027584124136199761e-02 7.191610366851078595e+01
3.033167397654383882e-02 7.181384064258722333e+01
3.038760967482066061e-02 7.171140780157858785e+01
3.044364852607033683e-02 7.160880700749957839e+01
3.049979072052083975e-02 7.150604081327031736e+01
3.055603644875097558e-02 7.140311286883759578e+01
3.061238590169100202e-02 7.130002655491462349e+01
3.066883927062325627e-02 7.119678208498589811e+01
3.072539674718287664e-02 7.109337802708482457e+01
3.078205852335835768e-02 7.098981483901094691e+01
3.083882479149225794e-02 7.088609759538002209e+01
3.089569574428184875e-02 7.078223186652134302e+01
3.095267157477973527e-02 7.067822060925439587e+01
3.100975247639458851e-02 7.057406477472098061e+01
3.106693864289171089e-02 7.046976544941614407e+01
3.112423026839374399e-02 7.036532438673565082e+01
3.118162754738129996e-02 7.026074347359912053e+01
3.123913067469369018e-02 7.015602428419960290e+01
3.129673984552948374e-02 7.005116806465741774e+01
3.135445525544724998e-02 6.994617652715302825e+01
3.141227710036618298e-02 6.984105378224613503e+01
3.147020557656676765e-02 6.973580461844268541e+01
3.152824088069149794e-02 6.963043161959572558e+01
3.158638320974546665e-02 6.952493437765350848e+01
3.164463276109707318e-02 6.941931274166930166e+01
3.170298973247870356e-02 6.931356959339586865e+01
3.176145432198736879e-02 6.920770900837759143e+01
3.182002672808543348e-02 6.910173437262872653e+01
3.187870714960122642e-02 6.899564792254312806e+01
3.193749578572974146e-02 6.888945168373572869e+01
3.199639283603332440e-02 6.878314691021888905e+01
3.205539850044232530e-02 6.867673449081506476e+01
3.211451297925582704e-02 6.857021647132978615e+01
3.217373647314226981e-02 6.846359718553311779e+01
3.223306918314013808e-02 6.835688094678592108e+01
3.229251131065868224e-02 6.825006945084739129e+01
3.235206305747855005e-02 6.814316294074991731e+01
3.241172462575254987e-02 6.803616249143017569e+01
3.247149621800625441e-02 6.792907105550762026e+01
3.253137803713870152e-02 6.782189179228733167e+01
3.259137028642314360e-02 6.771462747667389692e+01
3.265147316950765127e-02 6.760728064422161765e+01
3.271168689041591138e-02 6.749985372317593146e+01
3.277201165354780288e-02 6.739234890763157182e+01
3.283244766368016015e-02 6.728476833937877188e+01
3.289299512596745301e-02 6.717711402742892801e+01
3.295365424594251524e-02 6.706938789415126223e+01
3.301442522951716918e-02 6.696159236633198475e+01
3.307530828298298198e-02 6.685373113696144287e+01
3.313630361301195260e-02 6.674580791227451471e+01
3.319741142665718486e-02 6.663782443152101109e+01
3.325863193135368545e-02 6.652978114992255598e+01
3.331996533491892593e-02 6.642167946308148885e+01
3.338141184555364765e-02 6.631352315665591846e+01
3.344297167184255570e-02 6.620531622446463871e+01
3.350464502275497802e-02 6.609706101577070569e+01
3.356643210764567037e-02 6.598875881818995026e+01
3.362833313625540610e-02 6.588041130943307166e+01
3.369034831871178109e-02 6.577202115730752041e+01
3.375247786552987989e-02 6.566359113383279578e+01
3.381472198761300424e-02 6.555512365918021089e+01
3.387708089625342256e-02 6.544662093304027906e+01
3.393955480313302214e-02 6.533808556077758567e+01
3.400214392032405858e-02 6.522952109587656366e+01
3.406484846028989821e-02 6.512093108268297215e+01
3.412766863588567734e-02 6.501231777878111018e+01
3.419060466035914181e-02 6.490368268932084561e+01
3.425365674735122296e-02 6.479502750074762218e+01
3.431682511089687027e-02 6.468635431186901030e+01
3.438010996542570363e-02 6.457766531787750353e+01
3.444351152576285297e-02 6.446896319255637309e+01
3.450703000712955493e-02 6.436025085931633782e+01
3.457066562514395092e-02 6.425153106697895566e+01
3.463441859582182952e-02 6.414280623427977446e+01
3.469828913557731348e-02 6.403407876112085262e+01
3.476227746122366458e-02 6.392535128914199305e+01
3.482638378997394979e-02 6.381662657012285678e+01
3.489060833944180456e-02 6.370790722767172554e+01
3.495495132764218221e-02 6.359919566835939975e+01
3.501941297299205474e-02 6.349049427705480042e+01
3.508399349431125941e-02 6.338180551863767676e+01
3.514869311082309544e-02 6.327313188535310218e+01
3.521351204215516367e-02 6.316447581568170477e+01
3.527845050834008123e-02 6.305583966979353505e+01
3.534350872981623093e-02 6.294722583698796115e+01
3.540868692742855928e-02 6.283863701498214027e+01
3.547398532242922176e-02 6.273007601119094545e+01
3.553940413647842245e-02 6.262154532614707136e+01
3.560494359164512179e-02 6.251304701580660605e+01
3.567060391040779987e-02 6.240458318417386607e+01
3.573638531565527521e-02 6.229615649069705796e+01
3.580228803068732923e-02 6.218776978916847753e+01
3.586831227921557369e-02 6.207942591515984532e+01
3.593445828536417225e-02 6.197112768539003724e+01
3.600072627367056910e-02 6.186287775133276057e+01
3.606711646908637020e-02 6.175467793604256173e+01
3.613362909697794695e-02 6.164652979683673806e+01
3.620026438312729661e-02 6.153843575023635992e+01
3.626702255373277783e-02 6.143039930912983948e+01
3.633390383540992946e-02 6.132242384126039525e+01
3.640090845519217133e-02 6.121451168521506503e+01
3.646803664053159533e-02 6.110666483848738295e+01
3.653528861929976335e-02 6.099888522959385284e+01
3.660266461978843588e-02 6.089117470592180581e+01
3.667016487071043246e-02 6.078353536313095873e+01
3.673778960120029080e-02 6.067597060528762398e+01
3.680553904081512034e-02 6.056848420298766911e+01
3.687341341953538632e-02 6.046107913196503603e+01
3.694141296776561750e-02 6.035375741607953159e+01
3.700953791633532219e-02 6.024652097379770765e+01
3.707778849649961961e-02 6.013937153018787285e+01
3.714616493994011420e-02 6.003231075680915296e+01
3.721466747876566589e-02 5.992534082941594420e+01
3.728329634551315330e-02 5.981846454813365455e+01
3.735205177314834812e-02 5.971168483969244534e+01
3.742093399506658119e-02 5.960500517285873201e+01
3.748994324509360987e-02 5.949842914654932002e+01
3.755907975748639521e-02 5.939195906406419567e+01
3.762834376693389993e-02 5.928559552506935404e+01
3.769773550855792105e-02 5.917933942275159609e+01
3.776725521791380463e-02 5.907319409380956898e+01
3.783690313099131314e-02 5.896716372305711218e+01
3.790667948421539563e-02 5.886125108257972727e+01
3.797658451444699962e-02 5.875545684570333549e+01
3.804661845898391070e-02 5.864978185298887325e+01
3.811678155556148806e-02 5.854422937367938573e+01
3.818707404235350406e-02 5.843880369363110816e+01
3.825749615797296305e-02 5.833350800666278957e+01
3.832804814147293404e-02 5.822834355133753803e+01
3.839873023234730010e-02 5.812331143054723270e+01
3.846954267053159793e-02 5.801841346413055334e+01
3.854048569640385752e-02 5.791365185480834299e+01
3.861155955078536539e-02 5.780902935245460839e+01
3.868276447494158055e-02 5.770455001737500567e+01
3.875410071058283529e-02 5.760021790127708385e+01
3.882556849986520953e-02 5.749603461520339920e+01
3.889716808539137038e-02 5.739199998372080813e+01
3.896889971021134935e-02 5.728811454314137563e+01
3.904076361782345822e-02 5.718438143086077474e+01
3.911276005217497603e-02 5.708080429904283903e+01
3.918488925766309972e-02 5.697738610667805403e+01
3.925715147913570735e-02 5.687412907155818687e+01
3.932954696189220473e-02 5.677103531717514073e+01
3.940207595168440657e-02 5.666810671576270408e+01
3.947473869471727903e-02 5.656534504428522325e+01
3.954753543764984169e-02 5.646275228481588471e+01
3.962046642759598641e-02 5.636033078990706713e+01
3.969353191212528914e-02 5.625808292134099986e+01
3.976673213926394668e-02 5.615601089375392263e+01
3.984006735749548445e-02 5.605411682372350413e+01
3.991353781576169324e-02 5.595240283000077142e+01
3.998714376346342719e-02 5.585087108281476276e+01
4.006088545046147809e-02 5.574952376136700849e+01
4.013476312707744270e-02 5.564836343063038271e+01
4.020877704409450693e-02 5.554739312320282352e+01
4.028292745275834780e-02 5.544661557975102539e+01
4.035721460477795924e-02 5.534603119460494725e+01
4.043163875232656107e-02 5.524563926582107598e+01
4.050620014804238306e-02 5.514544061330022373e+01
4.058089904502954620e-02 5.504544026511682375e+01
4.065573569685895089e-02 5.494564382971289263e+01
4.073071035756908875e-02 5.484605385633532393e+01
4.080582328166698636e-02 5.474666946069887530e+01
4.088107472412896154e-02 5.464748991472914952e+01
4.095646494040156710e-02 5.454851727179540433e+01
4.103199418640243040e-02 5.444975493938547118e+01
4.110766271852109299e-02 5.435120594433809060e+01
4.118347079361999591e-02 5.425287208150331963e+01
4.125941866903519439e-02 5.415475488607101084e+01
4.133550660257732934e-02 5.405685623395817174e+01
4.141173485253247383e-02 5.395917852167821138e+01
4.148810367766301438e-02 5.386172410141639233e+01
4.156461333720855994e-02 5.376449428373701522e+01
4.164126409088676067e-02 5.366748958852163298e+01
4.171805619889423083e-02 5.357071079826631177e+01
4.179498992190740919e-02 5.347416052481980842e+01
4.187206552108346108e-02 5.337784207929729519e+01
4.194928325806120128e-02 5.328175813731838417e+01
4.202664339496189200e-02 5.318590937215689962e+01
4.210414619439020040e-02 5.309029605848979116e+01
4.218179191943507295e-02 5.299491940956902170e+01
4.225958083367059581e-02 5.289978234901593623e+01
4.233751320115700101e-02 5.280488792060152292e+01
4.241558928644141580e-02 5.271023799360978757e+01
4.249380935455884106e-02 5.261583312050952799e+01
4.257217367103301869e-02 5.252167385688828460e+01
4.265068250187741689e-02 5.242776190295001015e+01
4.272933611359602118e-02 5.233409980835373432e+01
4.280813477318427818e-02 5.224068998050314860e+01
4.288707874813003917e-02 5.214753353163985139e+01
4.296616830641438595e-02 5.205463089117436937e+01
4.304540371651269237e-02 5.196198268435665568e+01
4.312478524739534608e-02 5.186959085133148761e+01
4.320431316852878234e-02 5.177745783390066947e+01
4.328398774987637920e-02 5.168558581909504568e+01
4.336380926189932483e-02 5.159397579535107070e+01
4.344377797555765836e-02 5.150262837286663142e+01
4.352389416231101232e-02 5.141154433519208311e+01
4.360415809411968130e-02 5.132072523698218447e+01
4.368457004344547534e-02 5.123017282932346461e+01
4.376513028325263593e-02 5.113988881102125816e+01
4.384583908700885602e-02 5.104987471443286751e+01
4.392669672868607794e-02 5.096013201960450800e+01
4.400770348276151350e-02 5.087066201863519410e+01
4.408885962421852517e-02 5.078146524648329319e+01
4.417016542854757671e-02 5.069254203291902883e+01
4.425162117174723936e-02 5.060389293959739376e+01
4.433322713032499668e-02 5.051551969246182239e+01
4.441498358129826463e-02 5.042742436369410797e+01
4.449689080219532133e-02 5.033960884541154712e+01
4.457894907105621612e-02 5.025207396689672379e+01
4.466115866643382420e-02 5.016482013505018500e+01
4.474351986739463077e-02 5.007784779379090168e+01
4.482603295351977185e-02 4.999115780105753970e+01
4.490869820490596409e-02 4.990475124066238521e+01
4.499151590216651786e-02 4.981862920185683663e+01
4.507448632643216990e-02 4.973279299835876088e+01
4.515760975935211030e-02 4.964724413549282644e+01
4.524088648309494698e-02 4.956198410122827624e+01
4.532431678034960776e-02 4.947701375811163871e+01
4.540790093432640201e-02 4.939233304223397170e+01
4.549163922875787414e-02 4.930794181229499884e+01
4.557553194789979584e-02 4.922384021244864272e+01
4.565957937653217918e-02 4.914002925963550439e+01
4.574378179996015786e-02 4.905651012804167266e+01
4.582813950401509739e-02 4.897328393700380644e+01
4.591265277505538617e-02 4.889035145270771210e+01
4.599732189996754567e-02 4.880771327396780634e+01
4.608214716616712558e-02 4.872536999613691222e+01
4.616712886159970303e-02 4.864332233553054863e+01
4.625226727474193028e-02 4.856157115438290361e+01
4.633756269460238830e-02 4.848011731591445539e+01
4.642301541072262755e-02 4.839896145562894958e+01
4.650862571317818800e-02 4.831810336710803000e+01
4.659439389257948733e-02 4.823754264449758722e+01
4.668032024007297276e-02 4.815727891690662688e+01
4.676640504734190518e-02 4.807731246254602553e+01
4.685264860660749708e-02 4.799764413299246257e+01
4.693905121062983549e-02 4.791827479225061381e+01
4.702561315270888109e-02 4.783920524064039626e+01
4.711233472668555772e-02 4.776043605345063270e+01
4.719921622694259189e-02 4.768196774717025477e+01
4.728625794840561614e-02 4.760380082012894576e+01
4.737346018654411961e-02 4.752593528254647737e+01
4.746082323737255831e-02 4.744837052392932719e+01
4.754834739745119471e-02 4.737110589533489957e+01
4.763603296388722180e-02 4.729414082967662125e+01
4.772388023433573462e-02 4.721747550538894700e+01
4.781188950700072243e-02 4.714111050381234236e+01
4.790006108063616513e-02 4.706504640487629132e+01
4.798839525454692834e-02 4.698928365982233402e+01
4.807689232858985279e-02 4.691382218265111703e+01
4.816555260317475357e-02 4.683866174234817237e+01
4.825437637926541928e-02 4.676380210757945832e+01
4.834336395838073619e-02 4.668924295519323664e+01
4.843251564259554859e-02 4.661498371698805698e+01
4.852183173454178988e-02 4.654102378615113622e+01
4.861131253740950953e-02 4.646736255937490512e+01
4.870095835494782366e-02 4.639399966531352248e+01
4.879076949146610165e-02 4.632093523557551862e+01
4.888074625183481264e-02 4.624816946589810840e+01
4.897088894148668436e-02 4.617570254824955356e+01
4.906119786641769537e-02 4.610353435778250031e+01
4.915167333318810200e-02 4.603166403033567633e+01
4.924231564892356250e-02 4.596009059974858246e+01
4.933312512131605293e-02 4.588881310460206464e+01
4.942410205862500516e-02 4.581783069025499344e+01
4.951524676967829913e-02 4.574714285709023187e+01
4.960655956387334531e-02 4.567674918275660900e+01
4.969804075117816022e-02 4.560664924633643125e+01
4.978969064213233792e-02 4.553684257098797872e+01
4.988150954784816710e-02 4.546732826568710806e+01
4.997349778001163728e-02 4.539810526044223593e+01
5.006565565088360453e-02 4.532917248991111592e+01
5.015798347330071433e-02 4.526052889842474514e+01
5.025048156067653260e-02 4.519217356898638371e+01
5.034315022700261433e-02 4.512410574581655709e+01
5.043598978684953049e-02 4.505632468569413618e+01
5.052900055536802687e-02 4.498882964892210623e+01
5.062218284828997467e-02 4.492161985617163111e+01
5.071553698192950849e-02 4.485469432260660483e+01
5.080906327318408106e-02 4.478805200503414596e+01
5.090276203953554568e-02 4.472169186559750642e+01
5.099663359905128729e-02 4.465561286931504270e+01
5.109067827038518694e-02 4.458981377585119787e+01
5.118489637277878757e-02 4.452429298202412866e+01
5.127928822606235559e-02 4.445904885591360056e+01
5.137385415065594957e-02 4.439407977439974928e+01
5.146859446757059281e-02 4.432938413092200136e+01
5.156350949840923098e-02 4.426496052681994797e+01
5.165859956536789088e-02 4.420080778134040145e+01
5.175386499123680456e-02 4.413692472996145710e+01
5.184930609940142238e-02 4.407331021420504413e+01
5.194492321384365507e-02 4.400996306683533987e+01
5.204071665914278277e-02 4.394688177845247168e+01
5.213668676047670397e-02 4.388406449480796567e+01
5.223283384362296944e-02 4.382150935588963137e+01
5.232915823495988550e-02 4.375921451165989140e+01
5.242566026146772834e-02 4.369717812206421570e+01
5.252234025072968771e-02 4.363539836274608774e+01
5.261919853093308813e-02 4.357387342856056023e+01
5.271623543087045061e-02 4.351260152480643484e+01
5.281345127994070687e-02 4.345158086628085670e+01
5.291084640815017781e-02 4.339080967720571635e+01
5.300842114611377387e-02 4.333028615373491022e+01
5.310617582505611223e-02 4.327000831513843337e+01
5.320411077681259232e-02 4.320997413322574232e+01
5.330222633383067260e-02 4.315018159047154711e+01
5.340052282917077953e-02 4.309062867994839507e+01
5.349900059650758433e-02 4.303131340364078739e+01
5.359765997013110628e-02 4.297223365021797292e+01
5.369650128494780211e-02 4.291338710984270932e+01
5.379552487648183584e-02 4.285477146448759100e+01
5.389473108087603631e-02 4.279638440822275669e+01
5.399412023489313928e-02 4.273822364711584498e+01
5.409369267591693231e-02 4.268028689642458318e+01
5.419344874195335116e-02 4.262257178417641512e+01
5.429338877163174953e-02 4.256507582559815717e+01
5.439351310420586366e-02 4.250779654073527780e+01
5.449382207955509594e-02 4.245073146239949580e+01
5.459431603818563905e-02 4.239387813606474253e+01
5.469499532123157232e-02 4.233723411910868606e+01
5.479586027045618007e-02 4.228079688086627641e+01
5.489691122825291619e-02 4.222456369602377180e+01
5.499814853764668082e-02 4.216853182749178330e+01
5.509957254229493756e-02 4.211269855209958024e+01
5.520118358648891388e-02 4.205706116048434495e+01
5.530298201515480155e-02 4.200161695698144371e+01
5.540496817385482525e-02 4.194636323968216374e+01
5.550714240878849154e-02 4.189129712631773828e+01
5.560950506679370603e-02 4.183641563947013253e+01
5.571205649534809179e-02 4.178171581543593760e+01
5.581479704256998159e-02 4.172719470536421937e+01
5.591772705721970160e-02 4.167284937514397569e+01
5.602084688870075102e-02 4.161867690529336983e+01
5.612415688706094002e-02 4.156467436341715427e+01
5.622765740299370124e-02 4.151083864926712153e+01
5.633134878783910976e-02 4.145716660357369676e+01
5.643523139358519458e-02 4.140365508251296944e+01
5.653930557286907660e-02 4.135030095781765169e+01
5.664357167897818290e-02 4.129710111666746997e+01
5.674803006585152354e-02 4.124405246158255522e+01
5.685268108808073234e-02 4.119115189880704264e+01
5.695752510091139920e-02 4.113839612099406651e+01
5.706256246024421497e-02 4.108578162675934209e+01
5.716779352263618580e-02 4.103330492412350594e+01
5.727321864530193762e-02 4.098096253826855673e+01
5.737883818611477088e-02 4.092875101143095407e+01
5.748465250360796502e-02 4.087666690279656478e+01
5.759066195697599977e-02 4.082470678839980138e+01
5.769686690607571389e-02 4.077286723779550925e+01
5.780326771142766523e-02 4.072114463908171444e+01
5.790986473421717851e-02 4.066953529764468556e+01
5.801665833629567753e-02 4.061803553618212703e+01
5.812364888018185793e-02 4.056664169539519804e+01
5.823083672906302632e-02 4.051535013389608508e+01
5.833822224679619667e-02 4.046415722811908466e+01
5.844580579790938091e-02 4.041305937223456368e+01
5.855358774760285184e-02 4.036205297340628562e+01
5.866156846175032274e-02 4.031113431040547823e+01
5.876974830690031432e-02 4.026029950887860309e+01
5.887812765027723022e-02 4.020954470372479506e+01
5.898670685978271711e-02 4.015886604886230771e+01
5.909548630399685809e-02 4.010825971715555482e+01
5.920446635217945647e-02 4.005772190034677038e+01
5.931364737427134021e-02 4.000724880899015545e+01
5.942302974089547218e-02 3.995683667239072889e+01
5.953261382335834490e-02 3.990648172897798673e+01
5.964239999365115313e-02 3.985618001877070782e+01
5.975238862445110544e-02 3.980592738617661297e+01
5.986258008912273554e-02 3.975571968713359894e+01
5.997297476171903341e-02 3.970555279834400153e+01
6.008357301698283304e-02 3.965542261722996642e+01
6.019437523034801979e-02 3.960532506189376534e+01
6.030538177794082799e-02 3.955525607108151576e+01
6.041659303658118707e-02 3.950521160415177491e+01
6.052800938378385259e-02 3.945518764104792808e+01
6.063963119775980792e-02 3.940518014603338059e+01
6.075145885741749241e-02 3.935518488292623118e+01
6.086349274236407120e-02 3.930519755396822745e+01
6.097573323290687158e-02 3.925521388349317675e+01
6.108818071005443773e-02 3.920522961807602513e+01
6.120083555551799476e-02 3.915524052652961728e+01
6.131369815171266308e-02 3.910524239990733975e+01
6.142676888175887390e-02 3.905523105150956553e+01
6.154004812948348641e-02 3.900520231689486650e+01
6.165353627942123799e-02 3.895515205389570923e+01
6.176723371681597935e-02 3.890507613914918750e+01
6.188114082762199292e-02 3.885497034415543993e+01
6.199525799850538060e-02 3.880483030253168408e+01
6.210958561684522955e-02 3.875465166148272544e+01
6.222412407073504848e-02 3.870443009219662400e+01
6.233887374898402362e-02 3.865416128989057398e+01
6.245383504111833711e-02 3.860384097386079105e+01
6.256900833738260337e-02 3.855346488753765755e+01
6.268439402874098620e-02 3.850302879854544358e+01
6.279999250687871848e-02 3.845252849876654011e+01
6.291580416420330946e-02 3.840195980441055923e+01
6.303182939384589789e-02 3.835131855608348417e+01
6.314806858966270919e-02 3.830060055703896182e+01
6.326452214623620729e-02 3.824980141744670448e+01
6.338119045887655179e-02 3.819891672560483897e+01
6.349807392362288860e-02 3.814794209630206012e+01
6.361517293724468225e-02 3.809687317092164704e+01
6.373248789724321461e-02 3.804570561755004121e+01
6.385001920185268132e-02 3.799443513109002168e+01
6.396776725004175990e-02 3.794305743337975656e+01
6.408573244151481718e-02 3.789156827331517974e+01
6.420391517671333870e-02 3.783996342697816573e+01
6.432231585681737196e-02 3.778823869776875455e+01
6.444093488374666445e-02 3.773638991654220121e+01
6.455977266016224569e-02 3.768441293488868382e+01
6.467882958946762073e-02 3.763230354360097607e+01
6.479810607581036608e-02 3.758005750029004588e+01
6.491760252408321219e-02 3.752767059024197493e+01
6.503731933992565328e-02 3.747513862783917205e+01
6.515725692972521021e-02 3.742245745673022839e+01
6.527741570061880438e-02 3.736962295000370915e+01
6.539779606049427041e-02 3.731663101036624397e+01
6.551839841799154962e-02 3.726347757032579722e+01
6.563922318250420274e-02 3.721015859237813572e+01
6.576027076418076989e-02 3.715667006919785820e+01
6.588154157392611676e-02 3.710300802383378738e+01
6.600303602340298892e-02 3.704916850990787225e+01
6.612475452503317752e-02 3.699514761181354316e+01
6.624669749199908753e-02 3.694094143563052768e+01
6.636886533824506995e-02 3.688654609014000840e+01
6.649125847847880966e-02 3.683195771029487986e+01
6.661387732817287965e-02 3.677717246293304498e+01
6.673672230356594848e-02 3.672218654700221663e+01
6.685979382166429286e-02 3.666699619378705677e+01
6.698309230024324101e-02 3.661159766714050079e+01
6.710661815784847717e-02 3.655598726371815133e+01
6.723037181379767913e-02 3.650016131321624613e+01
6.735435368818167012e-02 3.644411617861273811e+01
6.747856420186605642e-02 3.638784825641138809e+01
6.760300377649251791e-02 3.633135397688926815e+01
6.772767283448032083e-02 3.627462980434703610e+01
6.785257179902780267e-02 3.621767223736195263e+01
6.797770109411362116e-02 3.616047780990984251e+01
6.810306114449837800e-02 3.610304315398926178e+01
6.822865237572592334e-02 3.604536504126103580e+01
6.835447521412499339e-02 3.598744028752338409e+01
6.848053008681041776e-02 3.592926574299296050e+01
6.860681742168471542e-02 3.587083829256075518e+01
6.873333764743952412e-02 3.581215485605009974e+01
6.886009119355700203e-02 3.575321238847644167e+01
6.898707849031145145e-02 3.569400788030921490e+01
6.911429996877052617e-02 3.563453835773486844e+01
6.924175606079689682e-02 3.557480088292241760e+01
6.936944719904961087e-02 3.551479255428946402e+01
6.949737381698560534e-02 3.545451050677051796e+01
6.962553634886121945e-02 3.539395191208631530e+01
6.975393522973355465e-02 3.533311397901427142e+01
6.988257089546205669e-02 3.527199395366058354e+01
7.001144378270993118e-02 3.521058912111100625e+01
7.014055432894562847e-02 3.514889695454746033e+01
7.026990297244443961e-02 3.508691524715641918e+01
7.039949015228980089e-02 3.502464185877668257e+01
7.052931630837491750e-02 3.496207468459823531e+01
7.065938188140422072e-02 3.489921165539939807e+01
7.078968731289479732e-02 3.483605073778392125e+01
7.092023304517808269e-02 3.477258993441792967e+01
7.105101952140112365e-02 3.470882728426690278e+01
7.118204718552821608e-02 3.464476086283167433e+01
7.131331648234237597e-02 3.458038878238488678e+01
7.144482785744685205e-02 3.451570919220637990e+01
7.157658175726673566e-02 3.445072027881835197e+01
7.170857862905027913e-02 3.438542026621973235e+01
7.184081892087054722e-02 3.431980741611988606e+01
7.197330308162690204e-02 3.425388002817181388e+01
7.210603156104662681e-02 3.418763644020374670e+01
7.223900480968624416e-02 3.412107502845078955e+01
7.237222327893323703e-02 3.405419434877408236e+01
7.250568742100745034e-02 3.398699355842234127e+01
7.263939768896271465e-02 3.391947198895838511e+01
7.277335453668840048e-02 3.385162900446630374e+01
7.290755841891084776e-02 3.378346400169545660e+01
7.304200979119497561e-02 3.371497641020332736e+01
7.317670910994585054e-02 3.364616569249558609e+01
7.331165683241017139e-02 3.357703134416492929e+01
7.344685341667796241e-02 3.350757289402719152e+01
7.358229932168391940e-02 3.343778990425573738e+01
7.371799500720910281e-02 3.336768197051353013e+01
7.385394093388250591e-02 3.329724872208286968e+01
7.399013756318251200e-02 3.322648982199307710e+01
7.412658535743867072e-02 3.315540496714557150e+01
7.426328477983297482e-02 3.308399388843685784e+01
7.440023629440167818e-02 3.301225635087867971e+01
7.453744036603673906e-02 3.294019215371606890e+01
7.467489746048742993e-02 3.286780113054285124e+01
7.481260804436203060e-02 3.279508321558038375e+01
7.495057258512918819e-02 3.272203910804603311e+01
7.508879155111965187e-02 3.264866998853118929e+01
7.522726541152788271e-02 3.257497706791316716e+01
7.536599463641352470e-02 3.250096158043887584e+01
7.550497969670318110e-02 3.242662478369946655e+01
7.564422106419183001e-02 3.235196795860285590e+01
7.578371921154450352e-02 3.227699240934357050e+01
7.592347461229786987e-02 3.220169946337062328e+01
7.606348774086199582e-02 3.212609047135229190e+01
7.620375907252166514e-02 3.205016680713952582e+01
7.634428908343823816e-02 3.197392986772622692e+01
7.648507825065113674e-02 3.189738107320719251e+01
7.662612705207950958e-02 3.182052186673380945e+01
7.676743596652395307e-02 3.174335371446740339e+01
7.690900547366788520e-02 3.166587810552991300e+01
7.705083605407943292e-02 3.158809655195228316e+01
7.719292818921288934e-02 3.151001058862040338e+01
7.733528236141042067e-02 3.143162177321847750e+01
7.747789905390380094e-02 3.135293173626246244e+01
7.762077875081581368e-02 3.127394301241431762e+01
7.776392193716208379e-02 3.119465890254049256e+01
7.790732909885268731e-02 3.111508273707636363e+01
7.805100072269371969e-02 3.103521785130488908e+01
7.819493729638912760e-02 3.095506758512913592e+01
7.833913930854215224e-02 3.087463528284517622e+01
7.848360724865710569e-02 3.079392429291516109e+01
7.862834160714105014e-02 3.071293796774057228e+01
7.877334287530531054e-02 3.063167966343651472e+01
7.891861154536745915e-02 3.055015273960521327e+01
7.906414811045260616e-02 3.046836055911124319e+01
7.920995306459531482e-02 3.038630648785609978e+01
7.935602690274121129e-02 3.030399389455380899e+01
7.950237012074863607e-02 3.022142615050681869e+01
7.964898321539044812e-02 3.013860662938230561e+01
7.979586668435555141e-02 3.005553870698912888e+01
7.994302102625064355e-02 2.997222576105507486e+01
8.009044674060192270e-02 2.988867117100494042e+01
8.023814432785687789e-02 2.980487831773894314e+01
8.038611428938578773e-02 2.972085088024347854e+01
8.053435712748353847e-02 2.963659388963731089e+01
8.068287334537134481e-02 2.955211274512400976e+01
8.083166344719835972e-02 2.946741282314992816e+01
8.098072793804360348e-02 2.938249947700812825e+01
8.113006732391740694e-02 2.929737803648029981e+01
8.127968211176325730e-02 2.921205380748501668e+01
8.142957280945956056e-02 2.912653207173239522e+01
8.157973992582125133e-02 2.904081808638583695e+01
8.173018397060172191e-02 2.895491708373008422e+01
8.188090545449427937e-02 2.886883427084581299e+01
8.203190488913408851e-02 2.878257482929108235e+01
8.218318278709980940e-02 2.869614391478899051e+01
8.233473966191533211e-02 2.860954665692224808e+01
8.248657602805167799e-02 2.852278815883379792e+01
8.263869240092852619e-02 2.843587349693443755e+01
8.279108929691604557e-02 2.834880772061653076e+01
8.294376723333671264e-02 2.826159585197440194e+01
8.309672672846694919e-02 2.817424288553094769e+01
8.324996830153907901e-02 2.808675379038946573e+01
8.340349247274282674e-02 2.799913412818001390e+01
8.355729976322727459e-02 2.791139086269308933e+01
8.371139069510256936e-02 2.782353110644494620e+01
8.386576579144165711e-02 2.773556191450843400e+01
8.402042557628221220e-02 2.764749028419671362e+01
8.417537057462819161e-02 2.755932315476262673e+01
8.433060131245179170e-02 2.747106740711322104e+01
8.448611831669508576e-02 2.738272986354031246e+01
8.464192211527206411e-02 2.729431728746531860e+01
8.479801323707011895e-02 2.720583638320018238e+01
8.495439221195201507e-02 2.711729379572231835e+01
8.511105957075769390e-02 2.702869611046480713e+01
8.526801584530595279e-02 2.694004985312099620e+01
8.542526156839648499e-02 2.685136148946322976e+01
8.558279727381139235e-02 2.676263742517624777e+01
8.574062349631721147e-02 2.667388400570423457e+01
8.589874077166663457e-02 2.658510751611200007e+01
8.605714963660031358e-02 2.649631418095974311e+01
8.621585062884888628e-02 2.640751016419113029e+01
8.637484428713447515e-02 2.631870161884680925e+01
8.653413115117271348e-02 2.622989568714534769e+01
8.669371176167457727e-02 2.614110043451681165e+01
8.685358666034813380e-02 2.605232387670737282e+01
8.701375638990052619e-02 2.596357393950134451e+01
8.717422149403963871e-02 2.587485845871993462e+01
8.733498251747606744e-02 2.578618518024275019e+01
8.749604000592488273e-02 2.569756176005210691e+01
8.765739450610753047e-02 2.560899576429970992e+01
8.781904656575380275e-02 2.552049466939561029e+01
8.798099673360343376e-02 2.543206586211831066e+01
8.814324555940818151e-02 2.534371663974617661e+01
8.830579359393353478e-02 2.525545421020989778e+01
8.846864138896083640e-02 2.516728569226490464e+01
8.863178949728883760e-02 2.507921811568420978e+01
8.879523847273576576e-02 2.499125842147050847e+01
8.895898887014119794e-02 2.490341346208777296e+01
8.912304124536782335e-02 2.481569000171147721e+01
8.928739615530356666e-02 2.472809471649727087e+01
8.945205415786319780e-02 2.464063419580934067e+01
8.961701581199039979e-02 2.455331538040672257e+01
8.978228167765962831e-02 2.446614625031922685e+01
8.994785231587794361e-02 2.437913485680282477e+01
9.011372828868714768e-02 2.429228913990672467e+01
9.027991015916533857e-02 2.420561692897244299e+01
9.044639849142911692e-02 2.411912594315787217e+01
9.061319385063532073e-02 2.403282379198663321e+01
9.078029680298303761e-02 2.394671797592158669e+01
9.094770791571556157e-02 2.386081588696220734e+01
9.111542775712219711e-02 2.377512480926478844e+01
9.128345689654024375e-02 2.368965191978543317e+01
9.145179590435696670e-02 2.360440428894487397e+01
9.162044535201144257e-02 2.351938888131453709e+01
9.178940581199669657e-02 2.343461255632350415e+01
9.195867785786138171e-02 2.335008206898567451e+01
9.212826206421188824e-02 2.326580407064636802e+01
9.229815900671425877e-02 2.318178510974818707e+01
9.246836926209607566e-02 2.309803163261555170e+01
9.263889340814868145e-02 2.301454998552830844e+01
9.280973202372873321e-02 2.293134669594089559e+01
9.298088568876049231e-02 2.284842882026089228e+01
9.315235498423755922e-02 2.276580338919178104e+01
9.332414049222517716e-02 2.268347732116169269e+01
9.349624279586181419e-02 2.260145742334430707e+01
9.366866247936136980e-02 2.251975039269977685e+01
9.384140012801513164e-02 2.243836281703550739e+01
9.401445632819367682e-02 2.235730117608541079e+01
9.418783166734910617e-02 2.227657184260777967e+01
9.436152673401666802e-02 2.219618108350093522e+01
9.453554211781703409e-02 2.211613506093565462e+01
9.470987840945820080e-02 2.203643983350413649e+01
9.488453620073747374e-02 2.195710135738504221e+01
9.505951608454364654e-02 2.187812548752367192e+01
9.523481865485872166e-02 2.179951797882680964e+01
9.541044450676018640e-02 2.172128448737197104e+01
9.558639423642285859e-02 2.164343057163026529e+01
9.576266844112098220e-02 2.156596169370197913e+01
9.593926771923039221e-02 2.148888321797849699e+01
9.611619267023024937e-02 2.141220039117178686e+01
9.629344389470530230e-02 2.133591835491440492e+01
9.647102199434784420e-02 2.126004215996101010e+01
9.664892757195973905e-02 2.118457676760213104e+01
9.682716123145462817e-02 2.110952705096043047e+01
9.700572357785970656e-02 2.103489779629637724e+01
9.718461521731797115e-02 2.096069370432303103e+01
9.736383675709024688e-02 2.088691939152920085e+01
9.754338880555714353e-02 2.081357939151141778e+01
9.772327197222138717e-02 2.074067815631319078e+01
9.790348686770954101e-02 2.066822005777199323e+01
9.808403410377430909e-02 2.059620938887347563e+01
9.826491429329649308e-02 2.052465036511196317e+01
9.844612805028728209e-02 2.045354712585766421e+01
9.862767598989002904e-02 2.038290373572988656e+01
9.880955872838256826e-02 2.031272418597565732e+01
9.899177688317918611e-02 2.024301239585406975e+01
9.917433107283274429e-02 2.017377212674751519e+01
9.935722191703696970e-02 2.010500639071823059e+01
9.954045003662820301e-02 2.003671782244596145e+01
9.972401605358774401e-02 1.996890900290896909e+01
9.990792059104393330e-02 1.990158246242305395e+01
1.000921642732741645e-01 1.983474068178461991e+01
1.002767477257073131e-01 1.976838609341380248e+01
1.004616715749252626e-01 1.970252108249809808e+01
1.006469364486656942e-01 1.963714798813567697e+01
1.008325429758239467e-01 1.957226910447894852e+01
1.010184917864547782e-01 1.950788668187807673e+01
1.012047835117753092e-01 1.944400292802382424e+01
1.013914187841662568e-01 1.938062000909067351e+01
1.015783982371748911e-01 1.931774005087894963e+01
1.017657225055167702e-01 1.925536513995687216e+01
1.019533922250777103e-01 1.919349732480201354e+01
1.021414080329165336e-01 1.913213861694176998e+01
1.023297705672665120e-01 1.907129097650066640e+01
1.025184804675382116e-01 1.901095550713080584e+01
1.027075383743213388e-01 1.895113207905337660e+01
1.028969449293866550e-01 1.889182045841453572e+01
1.030867007756888221e-01 1.883302040622106688e+01
1.032768065573677757e-01 1.877473167889244010e+01
1.034672629197516680e-01 1.871695402880950354e+01
1.036580705093587129e-01 1.865968720486124255e+01
1.038492299738990876e-01 1.860293095298906962e+01
1.040407419622778329e-01 1.854668501672824377e+01
1.042326071245962410e-01 1.849094913774764137e+01
1.044248261121548255e-01 1.843572305638669562e+01
1.046173995774551391e-01 1.838100651219035697e+01
1.048103281742017584e-01 1.832679924444211750e+01
1.050036125573051704e-01 1.827310099269443810e+01
1.051972533828832157e-01 1.821991149729770498e+01
1.053912513082639890e-01 1.816723049992690520e+01
1.055856069919878099e-01 1.811505770654889602e+01
1.057803210938091099e-01 1.806339159878474021e+01
1.059753942746994165e-01 1.801222920651996873e+01
1.061708271968487549e-01 1.796156750687631742e+01
1.063666205236686452e-01 1.791140351160672495e+01
1.065627749197940177e-01 1.786173426683210863e+01
1.067592910510851562e-01 1.781255685278185652e+01
1.069561695846306254e-01 1.776386838353737474e+01
1.071534111887491592e-01 1.771566600677913783e+01
1.073510165329916582e-01 1.766794690353738773e+01
1.075489862881442021e-01 1.762070828794558963e+01
1.077473211262294367e-01 1.757394740699779589e+01
1.079460217205096412e-01 1.752766154030872414e+01
1.081450887454886989e-01 1.748184799987754445e+01
1.083445228769140123e-01 1.743650412985464726e+01
1.085443247917796256e-01 1.739162730631160514e+01
1.087444951683275846e-01 1.734721493701443862e+01
1.089450346860510316e-01 1.730326392815311820e+01
1.091459440256962177e-01 1.725976910034242806e+01
1.093472238692644177e-01 1.721672480354943602e+01
1.095488749000150669e-01 1.717412544948188824e+01
1.097508978024671900e-01 1.713196551056240580e+01
1.099532932624024545e-01 1.709023951891977688e+01
1.101560619668672525e-01 1.704894206539771062e+01
1.103592046041746016e-01 1.700806779858028150e+01
1.105627218639073372e-01 1.696761142383377319e+01
1.107666144369194999e-01 1.692756770236495001e+01
1.109708830153395415e-01 1.688793145029521980e+01
1.111755282925722677e-01 1.684869753775048196e+01
1.113805509633008506e-01 1.680986088796651856e+01
1.115859517234900483e-01 1.677141647640918976e+01
1.117917312703875926e-01 1.673335932990996966e+01
1.119978903025273947e-01 1.669568452577731676e+01
1.122044295197315300e-01 1.665838662252863855e+01
1.124113496231123194e-01 1.662145823467458072e+01
1.126186513150754798e-01 1.658489160857677192e+01
1.128263352993215951e-01 1.654867906362834162e+01
1.130344022808493221e-01 1.651281299084770637e+01
1.132428529659574301e-01 1.647728585150764147e+01
1.134516880622468415e-01 1.644209017579895615e+01
1.136609082786238512e-01 1.640721856152770286e+01
1.138705143253016389e-01 1.637266367284643920e+01
1.140805069138034339e-01 1.633841823901755674e+01
1.142908867569645964e-01 1.630447505320970336e+01
1.145016545689347548e-01 1.627082697132569677e+01
1.147128110651809418e-01 1.623746691086167360e+01
1.149243569624891631e-01 1.620438784979752356e+01
1.151362929789676026e-01 1.617158282551725534e+01
1.153486198340487878e-01 1.613904487022885803e+01
1.155613382484915463e-01 1.610676581982026434e+01
1.157744489443844338e-01 1.607473642902153088e+01
1.159879526451470938e-01 1.604294748489207834e+01
1.162018500755336442e-01 1.601138984827203160e+01
1.164161419616347448e-01 1.598005445253977896e+01
1.166308290308797069e-01 1.594893230242104387e+01
1.168459120120397959e-01 1.591801447284855087e+01
1.170613916352297307e-01 1.588729210787200685e+01
1.172772686319110552e-01 1.585675641961731408e+01
1.174935437348941930e-01 1.582639868729457255e+01
1.177102176783406534e-01 1.579621025625441710e+01
1.179272911977661403e-01 1.576618253709139417e+01
1.181447650300427865e-01 1.573630700479455413e+01
1.183626399134012630e-01 1.570657519794423251e+01
1.185809165874340959e-01 1.567697869222196339e+01
1.187995957930972346e-01 1.564750837142658391e+01
1.190186782727134240e-01 1.561815433024223765e+01
1.192381647699743696e-01 1.558890669000892260e+01
1.194580560299428607e-01 1.555975564477309803e+01
1.196783527990561563e-01 1.553069146066603601e+01
1.198990558251275818e-01 1.550170447534364726e+01
1.201201658573499004e-01 1.547278509748634967e+01
1.203416836462974648e-01 1.544392380635895101e+01
1.205636099439284376e-01 1.541511115142922961e+01
1.207859455035881907e-01 1.538633775204461251e+01
1.210086910800108606e-01 1.535759429716644675e+01
1.212318474293227755e-01 1.532887154516074624e+01
1.214554153090446897e-01 1.530016032364496148e+01
1.216793954780939352e-01 1.527145152938996198e+01
1.219037886967879042e-01 1.524273608048191875e+01
1.221285957268456041e-01 1.521400458019058632e+01
1.223538173313911404e-01 1.518524751909203907e+01
1.225794542749558957e-01 1.515645546054656911e+01
1.228055073234808059e-01 1.512761904209019725e+01
1.230319772443198151e-01 1.509872897568005534e+01
1.232588648062414305e-01 1.506977604799735104e+01
1.234861707794322749e-01 1.504075112080638377e+01
1.237138959354992934e-01 1.501164513136933643e+01
1.239420410474720013e-01 1.498244909291581273e+01
1.241706068898060095e-01 1.495315409516599203e+01
1.243995942383845643e-01 1.492375130490704116e+01
1.246290038705222120e-01 1.489423196662144022e+01
1.248588365649668797e-01 1.486458740316649241e+01
1.250890931019023045e-01 1.483480902342444097e+01
1.253197742629514611e-01 1.480488848986922257e+01
1.255508808311782132e-01 1.477481772632904544e+01
1.257824135910909358e-01 1.474458874385680751e+01
1.260143733286447076e-01 1.471419363292308802e+01
1.262467608312436429e-01 1.468362456433676755e+01
1.264795768877444437e-01 1.465287379020609571e+01
1.267128222884580380e-01 1.462193364493982628e+01
1.269464978251532150e-01 1.459079654628687095e+01
1.271806042910588741e-01 1.455945499641393326e+01
1.274151424808663280e-01 1.452790158302012991e+01
1.276501131907329945e-01 1.449612898048716936e+01
1.278855172182838951e-01 1.446412995106482846e+01
1.281213553626154300e-01 1.443189734608989738e+01
1.283576284242976540e-01 1.439942414777296165e+01
1.285943372053765521e-01 1.436670415766082520e+01
1.288314825093777316e-01 1.433373189259813252e+01
1.290690651413080592e-01 1.430050197145300928e+01
1.293070859076594081e-01 1.426700909525396455e+01
1.295455456164108510e-01 1.423324804831238843e+01
1.297844450770311020e-01 1.419921369935973665e+01
1.300237851004822365e-01 1.416490100269870389e+01
1.302635664992212172e-01 1.413030499936769147e+01
1.305037900872038081e-01 1.409542081831732752e+01
1.307444566798867391e-01 1.406024367759852289e+01
1.309855670942301209e-01 1.402476888556108747e+01
1.312271221487011641e-01 1.398899184206151070e+01
1.314691226632763166e-01 1.395290803967974469e+01
1.317115694594438724e-01 1.391651340136472470e+01
1.319544633602075245e-01 1.387980538227277627e+01
1.321978051900882245e-01 1.384278190048046753e+01
1.324415957751277906e-01 1.380544094815633827e+01
1.326858359428914336e-01 1.376778059229272877e+01
1.329305265224700328e-01 1.372979897543636696e+01
1.331756683444840217e-01 1.369149431641209702e+01
1.334212622410850535e-01 1.365286491103992361e+01
1.336673090459597757e-01 1.361390913284405535e+01
1.339138095943322726e-01 1.357462543375397601e+01
1.341607647229664801e-01 1.353501234479685778e+01
1.344081752701700161e-01 1.349506847678040877e+01
1.346560420757958731e-01 1.345479252096643563e+01
1.349043659812462492e-01 1.341418343253704393e+01
1.351531478294750177e-01 1.337324194847345460e+01
1.354023884649901976e-01 1.333196979024311091e+01
1.356520887338576453e-01 1.329036873633788751e+01
1.359022494837030248e-01 1.324844061277495832e+01
1.361528715637155273e-01 1.320618729300165661e+01
1.364039558246503137e-01 1.316361069779000381e+01
1.366555031188310676e-01 1.312071279512028710e+01
1.369075143001538819e-01 1.307749560005375322e+01
1.371599902240888680e-01 1.303396117459465309e+01
1.374129317476842915e-01 1.299011162754092830e+01
1.376663397295688762e-01 1.294594911432443318e+01
1.379202150299543017e-01 1.290147583683989119e+01
1.381745585106392005e-01 1.285669430308108652e+01
1.384293710350109896e-01 1.281160899498923378e+01
1.386846534680495624e-01 1.276622527902738646e+01
1.389404066763300361e-01 1.272054852753439569e+01
1.391966315280252220e-01 1.267458411350213865e+01
1.394533288929094283e-01 1.262833740966158480e+01
1.397104996423604861e-01 1.258181378757715940e+01
1.399681446493634684e-01 1.253501861674864770e+01
1.402262647885134939e-01 1.248795726372165404e+01
1.404848609360179745e-01 1.244063509120636368e+01
1.407439339697008351e-01 1.239305745720450069e+01
1.410034847690042337e-01 1.234522971414536130e+01
1.412635142149925860e-01 1.229715721047332089e+01
1.415240231903550638e-01 1.224884612133659623e+01
1.417850125794082317e-01 1.220030464091518674e+01
1.420464832681000156e-01 1.215154121477642590e+01
1.423084361440115908e-01 1.210256422723946557e+01
1.425708720963614062e-01 1.205338200003435389e+01
1.428337920160076824e-01 1.200400279100597878e+01
1.430971967954511315e-01 1.195443479286258359e+01
1.433610873288388987e-01 1.190468613196806480e+01
1.436254645119665052e-01 1.185476486717871403e+01
1.438903292422818447e-01 1.180467898872309362e+01
1.441556824188878483e-01 1.175443641712551468e+01
1.444215249425450653e-01 1.170404500217240340e+01
1.446878577156757717e-01 1.165351279251225947e+01
1.449546816423658291e-01 1.160284961546414451e+01
1.452219976283687930e-01 1.155206596592860713e+01
1.454898065811085772e-01 1.150117221590786976e+01
1.457581094096820074e-01 1.145017861067827170e+01
1.460269070248629286e-01 1.139909526780427917e+01
1.462962003391047316e-01 1.134793217623555961e+01
1.465659902665430447e-01 1.129669919548568657e+01
1.468362777229998695e-01 1.124540605489082523e+01
1.471070636259855513e-01 1.119406235294747454e+01
1.473783488947028597e-01 1.114267755672737970e+01
1.476501344500497082e-01 1.109126100136852422e+01
1.479224212146218742e-01 1.103982205993569643e+01
1.481952101127170240e-01 1.098837143238222325e+01
1.484685020703368219e-01 1.093692039948435557e+01
1.487422980151910656e-01 1.088548007018035158e+01
1.490165988767003236e-01 1.083406137539080483e+01
1.492914055859987099e-01 1.078267506802971276e+01
1.495667190759381038e-01 1.073133172312126504e+01
1.498425402810900364e-01 1.068004173802034984e+01
1.501188701377500212e-01 1.062881533273323242e+01
1.503957095839401903e-01 1.057766255033644320e+01
1.506730595594120981e-01 1.052659325749098151e+01
1.509509210056508843e-01 1.047561714504872121e+01
1.512292948658773284e-01 1.042474394887338107e+01
1.515081820850521233e-01 1.037398425808354396e+01
1.517875836098785403e-01 1.032334876600563511e+01
1.520675003888052879e-01 1.027284796334034311e+01
1.523479333720307305e-01 1.022249213937685930e+01
1.526288835115049147e-01 1.017229138335444460e+01
1.529103517609338991e-01 1.012225558592477270e+01
1.531923390757824466e-01 1.007239444071228363e+01
1.534748464132769108e-01 1.002271744596878555e+01
1.537578747324095385e-01 9.973233906318856867e+00
1.540414249939403846e-01 9.923952934593236463e+00
1.543254981604018361e-01 9.874883459269632624e+00
1.546100951961012493e-01 9.826034447730433996e+00
1.548952170671238637e-01 9.777414978092359377e+00
1.551808647413371323e-01 9.729033955151136226e+00
1.554670391883927194e-01 9.680900091497489868e+00
1.557537413797309978e-01 9.633021909959644802e+00
1.560409722885837402e-01 9.585407746120976569e+00
1.563287328899770623e-01 9.538065750909124674e+00
1.566170241607357794e-01 9.491003893253452617e+00
1.569058470794854332e-01 9.444229962808057266e+00
1.571952026266568436e-01 9.397751572736892101e+00
1.574850917844888010e-01 9.351576162511834767e+00
1.577755155370310081e-01 9.305710865462561543e+00
1.580664748701485767e-01 9.260162219178305065e+00
1.583579707715239981e-01 9.214936522062028956e+00
1.586500042306616676e-01 9.170039923266815052e+00
1.589425762388907704e-01 9.125478425555158424e+00
1.592356877893681688e-01 9.081257888193126959e+00
1.595293398770828708e-01 9.037384029877397751e+00
1.598235334988581113e-01 8.993862431693488091e+00
1.601182696533559324e-01 8.950698540102949963e+00
1.604135493410799862e-01 8.907897669958014575e+00
1.607093735643785881e-01 8.865465007541937226e+00
1.610057433274490468e-01 8.823405328763302080e+00
1.613026596363400234e-01 8.781722129207347294e+00
1.616001234989558888e-01 8.740418515388261866e+00
1.618981359250597218e-01 8.699497509703377318e+00
1.621966979262762509e-01 8.658962052797958719e+00
1.624958105160962951e-01 8.618815005931923068e+00
1.627954747098796784e-01 8.579059153348692845e+00
1.630956915248581718e-01 8.539697204645124273e+00
1.633964619801401286e-01 8.500731797142130119e+00
1.636977870967126492e-01 8.462165498255645346e+00
1.639996678974461053e-01 8.424000806882691705e+00
1.643021054070972486e-01 8.386239512095563953e+00
1.646051006523120419e-01 8.348881602110326483e+00
1.649086546616304605e-01 8.311926752832434317e+00
1.652127684654885464e-01 8.275374628274835942e+00
1.655174430962230991e-01 8.239224881605997197e+00
1.658226795880747007e-01 8.203477156190558617e+00
1.661284789771907133e-01 8.168131086622489434e+00
1.664348423016299428e-01 8.133186299750715165e+00
1.667417706013648582e-01 8.098642415697776542e+00
1.670492649182863110e-01 8.064499048871335063e+00
1.673573262962064767e-01 8.030755749161379242e+00
1.676659557808620193e-01 7.997410562182371230e+00
1.679751544199187263e-01 7.964459984455977803e+00
1.682849232629737291e-01 7.931900487044895698e+00
1.685952633615602769e-01 7.899728590561338137e+00
1.689061757691508459e-01 7.867940864579617610e+00
1.692176615411600527e-01 7.836533927058034976e+00
1.695297217349495955e-01 7.805504443769818224e+00
1.698423574098303357e-01 7.774849127743395982e+00
1.701555696270672657e-01 7.744564738711408936e+00
1.704693594498823961e-01 7.714648082539686591e+00
1.707837279434579747e-01 7.685095371273352072e+00
1.710986761749413165e-01 7.655900590466009348e+00
1.714142052134469685e-01 7.627057305488208705e+00
1.717303161300615666e-01 7.598559175850531311e+00
1.720470099978470557e-01 7.570399953177231467e+00
1.723642878918436594e-01 7.542573479228216193e+00
1.726821508890748480e-01 7.515073683968083174e+00
1.730006000685495315e-01 7.487894583681616645e+00
1.733196365112670279e-01 7.461030279134095444e+00
1.736392613002201712e-01 7.434474953775866091e+00
1.739594755203984211e-01 7.408222638925909820e+00
1.742802802587928024e-01 7.382265676735814353e+00
1.746016766043982371e-01 7.356595701373120910e+00
1.749236656482183461e-01 7.331204456885280329e+00
1.752462484832688350e-01 7.306083798954649211e+00
1.755694262045804088e-01 7.281225692363401336e+00
1.758931999092039900e-01 7.256622208545568498e+00
1.762175706962127997e-01 7.232265523224603143e+00
1.765425396667074931e-01 7.208147914134150902e+00
1.768681079238192955e-01 7.184261758820494670e+00
1.771942765727131941e-01 7.160599309006562940e+00
1.775210467205929621e-01 7.137150863899943687e+00
1.778484194767035731e-01 7.113905744035005974e+00
1.781763959523360030e-01 7.090853394329847070e+00
1.785049772608306995e-01 7.067983392196883763e+00
1.788341645175806627e-01 7.045285445016024717e+00
1.791639588400364136e-01 7.022749387758029371e+00
1.794943613477091859e-01 7.000365180755064642e+00
1.798253731621742013e-01 6.978122907615419201e+00
1.801569954070757207e-01 6.956012773279020678e+00
1.804892292081294314e-01 6.934025323785103723e+00
1.808220756931275819e-01 6.912152574019768458e+00
1.811555359919421737e-01 6.890387146417580766e+00
1.814896112365283476e-01 6.868721753256398443e+00
1.818243025609293795e-01 6.847149194648529225e+00
1.821596111012792063e-01 6.825662357582484852e+00
1.824955379958075052e-01 6.804254215038886500e+00
1.828320843848429411e-01 6.782917825179477944e+00
1.831692514108165803e-01 6.761646330607342215e+00
1.835070402182670257e-01 6.740432954233957830e+00
1.838454519538428311e-01 6.719269738349884946e+00
1.841844877663076918e-01 6.698145692560684594e+00
1.845241488065437196e-01 6.677049487214659074e+00
1.848644362275549125e-01 6.655969935598530007e+00
1.852053511844722888e-01 6.634895993555768534e+00
1.855468948345563307e-01 6.613816759290153335e+00
1.858890683372022290e-01 6.592721473349874017e+00
1.862318728539432422e-01 6.571599518788401539e+00
1.865753095484541380e-01 6.550440421497661703e+00
1.869193795865563279e-01 6.529233865387399582e+00
1.872640841362205044e-01 6.507969869751507375e+00
1.876094243675717199e-01 6.486638730197777036e+00
1.879554014528929673e-01 6.465230886421374557e+00
1.883020165666284829e-01 6.443736920472726837e+00
1.886492708853891032e-01 6.422147557976470189e+00
1.889971655879547630e-01 6.400453669483168184e+00
1.893457018552797133e-01 6.378646271949224733e+00
1.896948808704961853e-01 6.356716530341016025e+00
1.900447038189175542e-01 6.334655766896274187e+00
1.903951718880438904e-01 6.312456196450991541e+00
1.907462862675644300e-01 6.290111528954487774e+00
1.910980481493629313e-01 6.267615743769369807e+00
1.914504587275210890e-01 6.244962945238285101e+00
1.918035191983221144e-01 6.222147364311293671e+00
1.921572307602561203e-01 6.199163360218495455e+00
1.925115946140225631e-01 6.176005422185440352e+00
1.928666119625357944e-01 6.152668171187653634e+00
1.932222840109284467e-01 6.129146361827855216e+00
1.935786119665550420e-01 6.105435225426909973e+00
1.939355970389973760e-01 6.081531237419333102e+00
1.942932404400670721e-01 6.057431215411861025e+00
1.946515433838111875e-01 6.033132090810643611e+00
1.950105070865155166e-01 6.008630910167144457e+00
1.953701327667083376e-01 5.983924836521085311e+00
1.957304216451658530e-01 5.959011150738339424e+00
1.960913749449146870e-01 5.933887252841867799e+00
1.964529938912375484e-01 5.908550663335338626e+00
1.968152797116766994e-01 5.882999509410959504e+00
1.971782336360375643e-01 5.857233869893986977e+00
1.975418568963943078e-01 5.831254341644919847e+00
1.979061507270923892e-01 5.805061597201022217e+00
1.982711163647541408e-01 5.778656384989933059e+00
1.986367550482824873e-01 5.752039529517023908e+00
1.990030680188643319e-01 5.725211931526084541e+00
1.993700565199761909e-01 5.698174568132374773e+00
1.997377217973876906e-01 5.670928493667497960e+00
2.001060650991651757e-01 5.643475516633665201e+00
2.004750876756774824e-01 5.615819430097977794e+00
2.008447907795984366e-01 5.587964390311851659e+00
2.012151756659125712e-01 5.559914570756293806e+00
2.015862435919187901e-01 5.531674161089130237e+00
2.019579958172340040e-01 5.503247366091654769e+00
2.023304336037988760e-01 5.474638404614813325e+00
2.027035582158803750e-01 5.445851508525785256e+00
2.030773709200776600e-01 5.416890943303870110e+00
2.034518729853255770e-01 5.387762090378783064e+00
2.038270656828985172e-01 5.358471921894093271e+00
2.042029502864159962e-01 5.329027485124943730e+00
2.045795280718455678e-01 5.299435771402641215e+00
2.049568003175083197e-01 5.269703714330787214e+00
2.053347683040828708e-01 5.239838188063306035e+00
2.057134333146088678e-01 5.209846005644212852e+00
2.060927966344928974e-01 5.179733917408692712e+00
2.064728595515112064e-01 5.149508767284159738e+00
2.068536233558155024e-01 5.119178759950322899e+00
2.072350893399366734e-01 5.088752755313680431e+00
2.076172587987886176e-01 5.058239495646057904e+00
2.080001330296740447e-01 5.027647596632542459e+00
2.083837133322872237e-01 4.996985545845721965e+00
2.087680010087198945e-01 4.966261701344624413e+00
2.091529973634649597e-01 4.935484290396622953e+00
2.095387037034204814e-01 4.904661412732219006e+00
2.099251213378952874e-01 4.873801557873676416e+00
2.103122515786120805e-01 4.842914073097848160e+00
2.107000957397130447e-01 4.812008246086202590e+00
2.110886551377638976e-01 4.781093187089481056e+00
2.114779310917576649e-01 4.750177828359544385e+00
2.118679249231205375e-01 4.719270923740632284e+00
2.122586379557148129e-01 4.688381048415969587e+00
2.126500715158447796e-01 4.657516598804803287e+00
2.130422269322606588e-01 4.626685910795562684e+00
2.134351055361623228e-01 4.595897778890043917e+00
2.138287086612055410e-01 4.565161014868532874e+00
2.142230376435045602e-01 4.534484226963860110e+00
2.146180938216382950e-01 4.503875820422908127e+00
2.150138785366541572e-01 4.473343998403082722e+00
2.154103931320720255e-01 4.442896763019386519e+00
2.158076389538902407e-01 4.412541916536032005e+00
2.162056173505884915e-01 4.382287078251446033e+00
2.166043296731338663e-01 4.352139847567224606e+00
2.170037772749848493e-01 4.322107735947764873e+00
2.174039615120952618e-01 4.292198054539073659e+00
2.178048837429202855e-01 4.262417914216038106e+00
2.182065453284194601e-01 4.232774227628707919e+00
2.186089476320627611e-01 4.203273711363224585e+00
2.190120920198345422e-01 4.173922888212178606e+00
2.194159798602376699e-01 4.144728082400358282e+00
2.198206125242994635e-01 4.115695306969685774e+00
2.202259913855747764e-01 4.086830289628593071e+00
2.206321178201521849e-01 4.058138577620082899e+00
2.210389932066579022e-01 4.029625543635312113e+00
2.214466189262598583e-01 4.001296388514748337e+00
2.218549963626736954e-01 3.973156144015856039e+00
2.222641269021669030e-01 3.945209675643087888e+00
2.226740119335626489e-01 3.917461665556032813e+00
2.230846528482462454e-01 3.889916313799007153e+00
2.234960510401679812e-01 3.862577412694146783e+00
2.239082079058494490e-01 3.835448609427522637e+00
2.243211248443876260e-01 3.808533416466410415e+00
2.247348032574589538e-01 3.781835214323543415e+00
2.251492445493256112e-01 3.755357254345149443e+00
2.255644501268385949e-01 3.729102661520260931e+00
2.259804213994439093e-01 3.703074365889782005e+00
2.263971597791868406e-01 3.677274471453588323e+00
2.268146666807159539e-01 3.651704582555803213e+00
2.272329435212895876e-01 3.626366216129479625e+00
2.276519917207786847e-01 3.601260808716613138e+00
2.280718127016733987e-01 3.576389718575396781e+00
2.284924078890871180e-01 3.551754227781519280e+00
2.289137787107606292e-01 3.527355544322356096e+00
2.293359265970685568e-01 3.503194573893719355e+00
2.297588529810224989e-01 3.479271104031930850e+00
2.301825592982773283e-01 3.455584587613920622e+00
2.306070469871354944e-01 3.432134453841964028e+00
2.310323174885511865e-01 3.408920109228257278e+00
2.314583722461368009e-01 3.385940938538516853e+00
2.318852127061660218e-01 3.363196305723384683e+00
2.323128403175803991e-01 3.340685544995802392e+00
2.327412565319935123e-01 3.318407244074224494e+00
2.331704628036951610e-01 3.296358782528720610e+00
2.336004605896580544e-01 3.274537459373887849e+00
2.340312513495407809e-01 3.252940610071438421e+00
2.344628365456944141e-01 3.231565605990170287e+00
2.348952176431668981e-01 3.210409853874690356e+00
2.353283961097071275e-01 3.189470795322764562e+00
2.357623734157716644e-01 3.168745735509158390e+00
2.361971510345279024e-01 3.148230604357833418e+00
2.366327304418606448e-01 3.127920708550149698e+00
2.370691131163764065e-01 3.107811440292678640e+00
2.375063005394077442e-01 3.087898280534025819e+00
2.379442941950199453e-01 3.068176797101693776e+00
2.383830955700141918e-01 3.048642642894038968e+00
2.388227061539341944e-01 3.029291541779556951e+00
2.392631274390706053e-01 3.010118516650768239e+00
2.397043609204653758e-01 2.991117457048874329e+00
2.401464080959183900e-01 2.972282272865082398e+00
2.405892704659908232e-01 2.953607003119001817e+00
2.410329495340117201e-01 2.935085813364908702e+00
2.414774468060825185e-01 2.916712993209584326e+00
2.419227637910813800e-01 2.898482953937951301e+00
2.423689020006699890e-01 2.880389942932527703e+00
2.428158629492967735e-01 2.862427161485467053e+00
2.432636481542037599e-01 2.844587659982074523e+00
2.437122591354309586e-01 2.826864645043556390e+00
2.441616974158207776e-01 2.809251476981835527e+00
2.446119645210249882e-01 2.791741667410307048e+00
2.450630619795078347e-01 2.774328877005688199e+00
2.455149913225530001e-01 2.757006841103545991e+00
2.459677540842681309e-01 2.739768810786002984e+00
2.464213518015891669e-01 2.722607872639252413e+00
2.468757860142870852e-01 2.705517277598406434e+00
2.473310582649724532e-01 2.688490441965118993e+00
2.477871700990998960e-01 2.671520945775628153e+00
2.482441230649750363e-01 2.654602531325100045e+00
2.487019187137577136e-01 2.637729089673103378e+00
2.491605585994692007e-01 2.620894492989504609e+00
2.496200442789965057e-01 2.604092641164024169e+00
2.500803773120969797e-01 2.587317596834931344e+00
2.505415592614054221e-01 2.570563588076958617e+00
2.510035916924374111e-01 2.553825007714492834e+00
2.514664761735960763e-01 2.537096412757881225e+00
2.519302142761771779e-01 2.520372532594210124e+00
2.523948075743731589e-01 2.503648416820411615e+00
2.528602576452806394e-01 2.486919410301218214e+00
2.533265660689035248e-01 2.470181017394800449e+00
2.537937344281603336e-01 2.453428897176823664e+00
2.542617643088885826e-01 2.436658863438759592e+00
2.547306572998495611e-01 2.419866884751120661e+00
2.552004149927354915e-01 2.403049111433425811e+00
2.556710389821728047e-01 2.386202263688401715e+00
2.561425308657295230e-01 2.369323530810408585e+00
2.566148922439197011e-01 2.352410244599138611e+00
2.570881247202081998e-01 2.335459870423581386e+00
2.575622299010179583e-01 2.318470007397107402e+00
2.580372093957333246e-01 2.301438388558909587e+00
2.585130648167072720e-01 2.284362938604454385e+00
2.589897977792662842e-01 2.267242271410721433e+00
2.594674099017149071e-01 2.250075428281925305e+00
2.599459028053430765e-01 2.232861560363810671e+00
2.604252781144295592e-01 2.215599924999271053e+00
2.609055374562493368e-01 2.198289885641179442e+00
2.613866824610782680e-01 2.180930911735005306e+00
2.618687147621978628e-01 2.163522727476842267e+00
2.623516359959027211e-01 2.146065888490576778e+00
2.628354478015038631e-01 2.128561250788707948e+00
2.633201518213363346e-01 2.111009739365789617e+00
2.638057497007637586e-01 2.093412347584014732e+00
2.642922430881832763e-01 2.075770136586857273e+00
2.647796336350329849e-01 2.058084236969448533e+00
2.652679229957952689e-01 2.040356199602025633e+00
2.657571128280045714e-01 2.022588356511915819e+00
2.662472047922519458e-01 2.004783156369047248e+00
2.667382005521899968e-01 1.986943070618792717e+00
2.672301017745404850e-01 1.969070592471518610e+00
2.677229101290977131e-01 1.951168235875224699e+00
2.682166272887360203e-01 1.933238579366604037e+00
2.687112549294148889e-01 1.915284872294989782e+00
2.692067947301836073e-01 1.897310848106362302e+00
2.697032483731889863e-01 1.879320223962939851e+00
2.702006175436788005e-01 1.861316686864068926e+00
2.706989039300095601e-01 1.843303892485284923e+00
2.711981092236512292e-01 1.825285464096378929e+00
2.716982351191923328e-01 1.807265244063803511e+00
2.721992833143474511e-01 1.789247859650416217e+00
2.727012555099609936e-01 1.771238028979649215e+00
2.732041534100146385e-01 1.753240383131029034e+00
2.737079787216326054e-01 1.735259465273596868e+00
2.742127331550862634e-01 1.717299729882177717e+00
2.747184184238020133e-01 1.699365588976455621e+00
2.752250362443657838e-01 1.681462060771194755e+00
2.757325883365285280e-01 1.663594574658619596e+00
2.762410764232136051e-01 1.645768428333958644e+00
2.767505022305206119e-01 1.627988773507292874e+00
2.772608674877331536e-01 1.610260616018509117e+00
2.777721739273238399e-01 1.592588817513968635e+00
2.782844232849594479e-01 1.574978354855981477e+00
2.787976172995085267e-01 1.557434605803098338e+00
2.793117577130452833e-01 1.539962839420491614e+00
2.798268462708574100e-01 1.522568142034901539e+00
2.803428847214511910e-01 1.505255418591076033e+00
2.808598748165563874e-01 1.488029394164758878e+00
2.813778183111344533e-01 1.470894681816084404e+00
2.818967169633820880e-01 1.453856071664676675e+00
2.824165725347390632e-01 1.436918279168664103e+00
2.829373867898937189e-01 1.420085822542601184e+00
2.834591614967876261e-01 1.403363025255647045e+00
2.839818984266239132e-01 1.386754018767688557e+00
2.845055993538709860e-01 1.370262750826517273e+00
2.850302660562702983e-01 1.353893047477922718e+00
2.855559003148418484e-01 1.337648590711897123e+00
2.860825039138891746e-01 1.321532878062978478e+00
2.866100786410074042e-01 1.305549225225389520e+00
2.871386262870871398e-01 1.289700769543203451e+00
2.876681486463224524e-01 1.273990462969005533e+00
2.881986475162162109e-01 1.258420829988396994e+00
2.887301246975851887e-01 1.242993978091866847e+00
2.892625819945682797e-01 1.227711864808808340e+00
2.897960212146302728e-01 1.212576313475880241e+00
2.903304441685701787e-01 1.197589016425876896e+00
2.908658526705261149e-01 1.182751530231141990e+00
2.914022485379810790e-01 1.168064954779328923e+00
2.919396335917708307e-01 1.153529843057570003e+00
2.924780096560877785e-01 1.139146637662463490e+00
2.930173785584892499e-01 1.124915705381506648e+00
2.935577421299029877e-01 1.110837339338728080e+00
2.940991022046322012e-01 1.096911753866589345e+00
2.946414606203640041e-01 1.083138719967238872e+00
2.951848192181732999e-01 1.069517417318667230e+00
2.957291798425310536e-01 1.056046963496765745e+00
2.962745443413096202e-01 1.042726459777927550e+00
2.968209145657883519e-01 1.029554991827884125e+00
2.973682923706615910e-01 1.016531621348070402e+00
2.979166796140430007e-01 1.003655020956727872e+00
2.984660781574735577e-01 9.909233708050281253e-01
2.990164898659273263e-01 9.783348476980632258e-01
2.995679166078166755e-01 9.658876608583208956e-01
3.001203602550007732e-01 9.535800512606983359e-01
3.006738226827895266e-01 9.414102731109550426e-01
3.012283057699521316e-01 9.293761765641653794e-01
3.017838113987224569e-01 9.174752180216612096e-01
3.023403414548045398e-01 9.057049080439522060e-01
3.028978978273808020e-01 8.940628310881956198e-01
3.034564824091176560e-01 8.825466436746228771e-01
3.040160970961708342e-01 8.711540450341889175e-01
3.045767437881941042e-01 8.598824644301604758e-01
3.051384243883432656e-01 8.487291889261845412e-01
3.057011408032846433e-01 8.376915968738427587e-01
3.062648949432008050e-01 8.267671600470622995e-01
3.068296887217958346e-01 8.159534413148482601e-01
3.073955240563044367e-01 8.052480141889574172e-01
3.079624028674955993e-01 7.946480868319188984e-01
3.085303270796812547e-01 7.841508152472927984e-01
3.090992986207222737e-01 7.737534737955034103e-01
3.096693194220337397e-01 7.634534525753420287e-01
3.102403914185936640e-01 7.532482543532424968e-01
3.108125165489473152e-01 7.431353786575679576e-01
3.113856967552157129e-01 7.331121557305509961e-01
3.119599339831015672e-01 7.231759987987129712e-01
3.125352301818946632e-01 7.133244469486705874e-01
3.131115873044807985e-01 7.035551622287063989e-01
3.136890073073459462e-01 6.938659168163059388e-01
3.142674921505850261e-01 6.842543739173502226e-01
3.148470437979076775e-01 6.747181010492593334e-01
3.154276642166438105e-01 6.652547937756467800e-01
3.160093553777528208e-01 6.558622827991557047e-01
3.165921192558273645e-01 6.465385310064079016e-01
3.171759578291025727e-01 6.372815976111401159e-01
3.177608730794616587e-01 6.280894960159530971e-01
3.183468669924418015e-01 6.189603180544966943e-01
3.189339415572430281e-01 6.098922916601458022e-01
3.195220987667323209e-01 6.008837779811583291e-01
3.201113406174529996e-01 5.919332683123856853e-01
3.207016691096299943e-01 5.830393724037732373e-01
3.212930862471761184e-01 5.742008124731413643e-01
3.218855940377009506e-01 5.654164329882812590e-01
3.224791944925149978e-01 5.566851989028775982e-01
3.230738896266390214e-01 5.480061928716221109e-01
3.236696814588095883e-01 5.393786210053420627e-01
3.242665720114852324e-01 5.308018495248493229e-01
3.248645633108553366e-01 5.222753674456183104e-01
3.254636573868446847e-01 5.137987656400885284e-01
3.260638562731224543e-01 5.053717340635247579e-01
3.266651620071081563e-01 4.969940664089519955e-01
3.272675766299776301e-01 4.886658653613568104e-01
3.278711021866722031e-01 4.803875515576556121e-01
3.284757407259030204e-01 4.721596149505233875e-01
3.290814943001604265e-01 4.639825984950926019e-01
3.296883649657196269e-01 4.558570957449889494e-01
3.302963547826470725e-01 4.477838110789479908e-01
3.309054658148095074e-01 4.397636877188300653e-01
3.315157001298784101e-01 4.317977321603936880e-01
3.321270597993392637e-01 4.238869702434859832e-01
3.327395468984977733e-01 4.160324449839468697e-01
3.333531635064856391e-01 4.082352554410174639e-01
3.339679117062702707e-01 4.004968598517166800e-01
3.345837935846587841e-01 3.928188733071212857e-01
3.352008112323078826e-01 3.852028778356718641e-01
3.358189667437296300e-01 3.776504195911342121e-01
3.364382622172975568e-01 3.701630119283044196e-01
3.370586997552560415e-01 3.627422368419851995e-01
3.376802814637261396e-01 3.553897386587697715e-01
3.383030094527120224e-01 3.481071083834448299e-01
3.389268858361101922e-01 3.408958774630138078e-01
3.395519127317142005e-01 3.337575179892923738e-01
3.401780922612240854e-01 3.266935225943995991e-01
3.408054265502525881e-01 3.197054663463307356e-01
3.414339177283313709e-01 3.127948595307459834e-01
3.420635679289205644e-01 3.059631301069271614e-01
3.426943792894132645e-01 2.992116241382011266e-01
3.433263539511454132e-01 2.925416440679469154e-01
3.439594940594017380e-01 2.859545216445268934e-01
3.445938017634220807e-01 2.794515160321420222e-01
3.452292792164112778e-01 2.730337917845187534e-01
3.458659285755435464e-01 2.667024201677002937e-01
3.465037520019721429e-01 2.604583738924000080e-01
3.471427516608359687e-01 2.543025070951437372e-01
3.477829297212655657e-01 2.482355806469295489e-01
3.484242883563931081e-01 2.422582721625139990e-01
3.490668297433568434e-01 2.363711775275059157e-01
3.497105560633110843e-01 2.305748341216222463e-01
3.503554695014323705e-01 2.248698154435385954e-01
3.510015722469261856e-01 2.192566436129903817e-01
3.516488664930363384e-01 2.137357485995603490e-01
3.522973544370499588e-01 2.083074706906706819e-01
3.529470382803074346e-01 2.029720553836225905e-01
3.535979202282086287e-01 1.977296195724392025e-01
3.542500024902194289e-01 1.925801873879750825e-01
3.549032872798815741e-01 1.875237105120047543e-01
3.555577768148176498e-01 1.825600705345164221e-01
3.562134733167407474e-01 1.776890824346594455e-01
3.568703790114611807e-01 1.729105019545700561e-01
3.575284961288928698e-01 1.682240231518023765e-01
3.581878269030634443e-01 1.636292784152617863e-01
3.588483735721188506e-01 1.591258408727335150e-01
3.595101383783336768e-01 1.547132063802840185e-01
3.601731235681175369e-01 1.503907260886104269e-01
3.608373313920215653e-01 1.461576854632401223e-01
3.615027641047487972e-01 1.420133351414170630e-01
3.621694239651587210e-01 1.379568924656777995e-01
3.628373132362774922e-01 1.339874991560063844e-01
3.635064341853047054e-01 1.301041284628189076e-01
3.641767890836197785e-01 1.263057172232421310e-01
3.648483802067924997e-01 1.225911988309063144e-01
3.655212098345874128e-01 1.189595028868146859e-01
3.661952802509745308e-01 1.154094706651141167e-01
3.668705937441357201e-01 1.119397716172636503e-01
3.675471526064715277e-01 1.085490810319751781e-01
3.682249591346114515e-01 1.052361039076187832e-01
3.689040156294187134e-01 1.019995695454801454e-01
3.695843243960009183e-01 9.883809972583254555e-02
3.702658877437164930e-01 9.575019175819557415e-02
3.709487079861814585e-01 9.273439288226105470e-02
3.716327874412801435e-01 8.978930849140706605e-02
3.723181284311696260e-01 8.691358309186149322e-02
3.730047332822907236e-01 8.410572483455912296e-02
3.736926043253743224e-01 8.136419049292221983e-02
3.743817438954484267e-01 7.868752070190596082e-02
3.750721543318484286e-01 7.607433711308193847e-02
3.757638379782234916e-01 7.352331346387909472e-02
3.764567971825438786e-01 7.103308211441997089e-02
3.771510342971112761e-01 6.860232476871534757e-02
3.778465516785636802e-01 6.622980645530887611e-02
3.785433516878864424e-01 6.391436896210209162e-02
3.792414366904187095e-01 6.165484499165418963e-02
3.799408090558604734e-01 5.944999038327816038e-02
3.806414711582834509e-01 5.729863762751831457e-02
3.813434253761357473e-01 5.519970887427225886e-02
3.820466740922529580e-01 5.315220424089093371e-02
3.827512196938648303e-01 5.115513393261079955e-02
3.834570645726024241e-01 4.920753927317438048e-02
3.841642111245088254e-01 4.730854102517285248e-02
3.848726617500440872e-01 4.545733356166561934e-02
3.855824188540963315e-01 4.365315293783158385e-02
3.862934848459885773e-01 4.189520363938015884e-02
3.870058621394856790e-01 4.018274012278068991e-02
3.877195531528055961e-01 3.851508589763872475e-02
3.884345603086239995e-01 3.689162315931211050e-02
3.891508860340856524e-01 3.531170371592913526e-02
3.898685327608112372e-01 3.377464638591820556e-02
3.905875029249044061e-01 3.227983646821830366e-02
3.913077989669630496e-01 3.082672320348112116e-02
3.920294233320841260e-01 2.941478489185724715e-02
3.927523784698750409e-01 2.804342172188383636e-02
3.934766668344604201e-01 2.671206272547627450e-02
3.942022908844895479e-01 2.542020386496895296e-02
3.949292530831473580e-01 2.416739524959203578e-02
3.956575558981595964e-01 2.295314383844387213e-02
3.963872018018040344e-01 2.177690967048305504e-02
3.971181932709177964e-01 2.063821607716546241e-02
3.978505327869041874e-01 1.953664523948796944e-02
3.985842228357443506e-01 1.847178480142296075e-02
3.993192659080022078e-01 1.744309849350915431e-02
4.000556644988358390e-01 1.645008113113612808e-02
4.007934211080048104e-01 1.549229754705519317e-02
4.015325382398772791e-01 1.456936082966485066e-02
4.022730184034414291e-01 1.368080520111524152e-02
4.030148641123107445e-01 1.282612919108918302e-02
4.037580778847353336e-01 1.200490006686574795e-02
4.045026622436094788e-01 1.121674002906000896e-02
4.052486197164785198e-01 1.046119190209571052e-02
4.059959528355507330e-01 9.737598784598839111e-03
4.067446641377024941e-01 9.045382516515662955e-03
4.074947561644897132e-01 8.384062589590133077e-03
4.082462314621552735e-01 7.753233341664174383e-03
4.089990925816363587e-01 7.152548808032503647e-03
4.097533420785762770e-01 6.581691832829153488e-03
4.105089825133295123e-01 6.040349988709601582e-03
4.112660164509733263e-01 5.528157679574626296e-03
4.120244464613154745e-01 5.044004332494252119e-03
4.127842751189015336e-01 4.586405969620488930e-03
4.135455050030265034e-01 4.154270087684367417e-03
4.143081386977403024e-01 3.746847839219810163e-03
4.150721787918594252e-01 3.364269051568399751e-03
4.158376278789745473e-01 3.007635355627441380e-03
4.166044885574579082e-01 2.677582550871408784e-03
4.173727634304748579e-01 2.374199515220893307e-03
4.181424551059912398e-01 2.095903780502465265e-03
4.189135661967812729e-01 1.837294630428815438e-03
4.196860993204388768e-01 1.594365923379271414e-03
4.204600570993837216e-01 1.365360490703942248e-03
4.212354421608727195e-01 1.151272087642280862e-03
4.220122571370079068e-01 9.595700334345993576e-04
4.227905046647438270e-01 7.958091382618769603e-04
4.235701873858997435e-01 6.610664052108027131e-04
4.243513079471650795e-01 5.526138629226024900e-04
4.251338690001114085e-01 4.554046561193210029e-04
4.259178732012000590e-01 3.560291604783632395e-04
4.267033232117900532e-01 2.540019789580869134e-04
4.274902216981499858e-01 1.594415701132144165e-04
4.282785713314637421e-01 8.977294986258459045e-05
4.290683747878424326e-01 4.895183642393970510e-05
4.298596347483323310e-01 2.798426873418814991e-05
4.306523538989226463e-01 1.814438219657287007e-05
4.314465349305576236e-01 1.402186365812147516e-05
4.322421805391422622e-01 1.303785641614168703e-05
4.330392934255543613e-01 1.468130441650126592e-05
4.338378762956526247e-01 2.014299908409309290e-05
4.346379318602844322e-01 3.276967331640433121e-05
4.354394628352979968e-01 5.808983656844604626e-05
4.362424719415482488e-01 1.025270054762404762e-04
4.370469619049089371e-01 1.646853704717566246e-04
4.378529354562807896e-01 2.293846415984629277e-04
4.386603953315993953e-01 2.866410979689521465e-04
4.394693442718474174e-01 3.357059955896905487e-04
4.402797850230605881e-01 3.849173878016866248e-04
4.410917203363400318e-01 4.444980684614935123e-04
4.419051529678602042e-01 5.150178476545984145e-04
4.427200856788770511e-01 5.940444878909949180e-04
4.435365212357403886e-01 6.768060659139150167e-04
4.443544624098997864e-01 7.583485437991588579e-04
4.451739119779171139e-01 8.379919450775873222e-04
4.459948727214744779e-01 9.165686136754763041e-04
4.468173474273826051e-01 9.959251467099191051e-04
4.476413388875931654e-01 1.077596385134942710e-03
4.484668498992047669e-01 1.161078993301492557e-03
4.492938832644756131e-01 1.245492384425758541e-03
4.501224417908316622e-01 1.329821818881889725e-03
4.509525282908748434e-01 1.413304464424192672e-03
4.517841455823955465e-01 1.495777504677712815e-03
4.526172964883789507e-01 1.577255511105680194e-03
4.534519838370172917e-01 1.657882101153178994e-03
4.542882104617187444e-01 1.737665084775552246e-03
4.551259792011149163e-01 1.816355614379863790e-03
4.559652928990742815e-01 1.893715066511612432e-03
4.568061544047079536e-01 1.969536173515703571e-03
4.576485665723825091e-01 2.043649591782705985e-03
4.584925322617283694e-01 2.115925873190729629e-03
4.593380543376481273e-01 2.186273243824596226e-03
4.601851356703295370e-01 2.254630358571993367e-03
4.610337791352513981e-01 2.320891094662035428e-03
4.618839876131967670e-01 2.384927445617092932e-03
4.627357639902612840e-01 2.446633719684714308e-03
4.635891111578614443e-01 2.505920686764022409e-03
4.644440320127473099e-01 2.562681442080332224e-03
4.653005294570110584e-01 2.616813397178484931e-03
4.661586063980951988e-01 2.668232068620563641e-03
4.670182657488058386e-01 2.716868024404752845e-03
4.678795104273189009e-01 2.762659633023638057e-03
4.687423433571930587e-01 2.805560282658129886e-03
4.696067674673786718e-01 2.845539190953330633e-03
4.704727856922258367e-01 2.882521832603786131e-03
4.713404009714980414e-01 2.916346382361019798e-03
4.722096162503780503e-01 2.946850280515706574e-03
4.730804344794814487e-01 2.973896683213947401e-03
4.739528586148651912e-01 2.997641460875350577e-03
4.748268916180360955e-01 3.018498984683034431e-03
4.757025364559643310e-01 3.036914205744661258e-03
4.765797961010896922e-01 3.053279012815431764e-03
4.774586735313349206e-01 3.067538020792762339e-03
4.783391717301144763e-01 3.079458190023635911e-03
4.792212936863431971e-01 3.088807969564921676e-03
4.801050423944498990e-01 3.095359452213410165e-03
4.809904208543833715e-01 3.098890251356367122e-03
4.818774320716264215e-01 3.099185505750807514e-03
4.827660790572042004e-01 3.096039994640363644e-03
4.836563648276932526e-01 3.089260341987385382e-03
4.845482924052348928e-01 3.078667284951425945e-03
4.854418648175418682e-01 3.064097978172712535e-03
4.863370850979118476e-01 3.045408302018973515e-03
4.872339562852363581e-01 3.022475139833529032e-03
4.881324814240094456e-01 2.995198586494309412e-03
4.890326635643417186e-01 2.963504048373402991e-03
4.899345057619665655e-01 2.927344193192059699e-03
4.908380110782540329e-01 2.886700707406714226e-03
4.917431825802198175e-01 2.841585818744350300e-03
4.926500233405340379e-01 2.792043542419178279e-03
4.935585364375352779e-01 2.738150611483123643e-03
4.944687249552369157e-01 2.680017054742994242e-03
4.953805919833413340e-01 2.617871060209665725e-03
4.962941406172485248e-01 2.552353323045834267e-03
4.972093739580654148e-01 2.484196355167601639e-03
4.981262951126199101e-01 2.414095085711030503e-03
4.990449071934670577e-01 2.342701141540401346e-03
4.999652133189037007e-01 2.270618709905644107e-03
5.008872166129769710e-01 2.198401851263100809e-03
5.018109202054936713e-01 2.126553123791598277e-03
5.027363272320347631e-01 2.055523367253324612e-03
5.036634408339610847e-01 1.985712487300836555e-03
5.045922641584285051e-01 1.917471081054514031e-03
5.055228003583964735e-01 1.851102749670486798e-03
5.064550525926374558e-01 1.786866952578296643e-03
5.073890240257512563e-01 1.724982270053566870e-03
5.083247178281712353e-01 1.665629954859745594e-03
5.092621371761794080e-01 1.608957669007308588e-03
5.102012852519151043e-01 1.555083317552830458e-03
5.111421652433842944e-01 1.504098907221618295e-03
5.120847803444739110e-01 1.456074373063847953e-03
5.130291337549605091e-01 1.411061331040805574e-03
5.139752286805201464e-01 1.369096728193953906e-03
5.149230683327425950e-01 1.330195127807552247e-03
5.158726559291380021e-01 1.293899319498338423e-03
5.168239946931518780e-01 1.259184977078813038e-03
5.177770878541739785e-01 1.225088784602619465e-03
5.187319386475479632e-01 1.190747393124766710e-03
5.196885503145860508e-01 1.155395903732366536e-03
5.206469261025756801e-01 1.118371728769223736e-03
5.216070692647944984e-01 1.079122562156304430e-03
5.225689830605194652e-01 1.037217093786543419e-03
5.235326707550366221e-01 9.923569643643598628e-04
5.244981356196555256e-01 9.443883169163898306e-04
5.254653809317166857e-01 8.933112035557830548e-04
5.264344099746056660e-01 8.392850954510007802e-04
5.274052260377634083e-01 7.826288609534409746e-04
5.283778324166953366e-01 7.238138522448888269e-04
5.293522324129861234e-01 6.634491888933637159e-04
5.303284293343072386e-01 6.022589387389336388e-04
5.313064264944311610e-01 5.410516368006653342e-04
5.322862272132417027e-01 4.806833877024884729e-04
5.332678348167434468e-01 4.220165788369270587e-04
5.342512526370762904e-01 3.658768880227359168e-04
5.352364840125233281e-01 3.130116985101742645e-04
5.362235322875253951e-01 2.640531509417504597e-04
5.372124008126909489e-01 2.195846876502658481e-04
5.382030929448055057e-01 1.802639430684580208e-04
5.391956120468475167e-01 1.463555457270511180e-04
5.401899614879948075e-01 1.177335904333888864e-04
5.411861446436402323e-01 9.401125876993541620e-05
5.421841648954012216e-01 7.465261182252034319e-05
5.431840256311295523e-01 5.905996581766418513e-05
5.441857302449272238e-01 4.663605515089255918e-05
5.451892821371528974e-01 3.682376923902699878e-05
5.461946847144377726e-01 2.912794704675563388e-05
5.472019413896953566e-01 2.312406072627517503e-05
5.482110555821311237e-01 1.845815550774364009e-05
5.492220307172586136e-01 1.484157052742522054e-05
5.502348702269058700e-01 1.204304102922419713e-05
5.512495775492317618e-01 9.879946743365578462e-06
5.522661561287351972e-01 8.209799651211136779e-06
5.532846094162658934e-01 6.922570983525138293e-06
5.543049408690392532e-01 5.934123296952523575e-06
5.553271539506442478e-01 5.180806700122833933e-06
5.563512521310589598e-01 4.615165427098833003e-06
5.573772388866603533e-01 4.202653676715549402e-06
5.584051177002347099e-01 3.919257209802330781e-06
5.594348920609932829e-01 3.749947149589496517e-06
5.604665654645795136e-01 3.687457434770499096e-06
5.615001414130853519e-01 3.725687810973003477e-06
5.625356234150606927e-01 3.861232883510928939e-06
5.635730149855240345e-01 4.097628538774969425e-06
5.646123196459784666e-01 4.445014629903797098e-06
5.656535409244188850e-01 4.920336297591893904e-06
5.666966823553479804e-01 5.548100606403729947e-06
5.677417474797863406e-01 6.361635486784601938e-06
5.687887398452834420e-01 7.404830323419636865e-06
5.698376630059320824e-01 8.734343819565767387e-06
5.708885205223795944e-01 1.042224461075737765e-05
5.719413159618379483e-01 1.255899856877338369e-05
5.729960528980996282e-01 1.525662583094757879e-05
5.740527349115455147e-01 1.865171107566589338e-05
5.751113655891608722e-01 2.290775490258361964e-05
5.761719485245460071e-01 2.821610124808954855e-05
5.772344873179261482e-01 3.479437786895305933e-05
5.782989855761686560e-01 4.288107892608209202e-05
5.793654469127897944e-01 5.272466813948271046e-05
5.804338749479714954e-01 6.456549613665033406e-05
5.815042733085717952e-01 7.860905614247613122e-05
5.825766456281353811e-01 9.498982483704906693e-05
5.836509955469100230e-01 1.137263163529819661e-04
5.847273267118541229e-01 1.346701062960706967e-04
5.858056427766535901e-01 1.574543788361620531e-04
5.868859474017321665e-01 1.814974238201401706e-04
5.879682442542618626e-01 2.062385475245736937e-04
5.890525370081801659e-01 2.310999019333319392e-04
5.901388293441971467e-01 2.554507806837266509e-04
5.912271249498126657e-01 2.786373111878396929e-04
5.923174275193267002e-01 3.000149386361947342e-04
5.934097407538500013e-01 3.189811890791153484e-04
5.945040683613214139e-01 3.350062104880224627e-04
5.956004140565150928e-01 3.476588160072858146e-04
5.966987815610577117e-01 3.566262018116081391e-04
5.977991746034390097e-01 3.617261220300073952e-04
5.989015969190226718e-01 3.629109977734773724e-04
6.000060522500636484e-01 3.602641346769974782e-04
6.011125443457152606e-01 3.539888487465853422e-04
6.022210769620468529e-01 3.443917949472027808e-04
6.033316538620544511e-01 3.318621199107297712e-04
6.044442788156717539e-01 3.168482061081145159e-04
6.055589555997868967e-01 2.998337486043086970e-04
6.066756879982510009e-01 2.813147335879675635e-04
6.077944798018948269e-01 2.617786084181964118e-04
6.089153348085399875e-01 2.416865893310760896e-04
6.100382568230098279e-01 2.214596877830529991e-04
6.111632496571467454e-01 2.014686867454511721e-04
6.122903171298204050e-01 1.820279925606687710e-04
6.134194630669447257e-01 1.633930446761907380e-04
6.145506913014892048e-01 1.457607932501198470e-04
6.156840056734897981e-01 1.292734820510263276e-04
6.168194100300666838e-01 1.140381802203050776e-04
6.179569082254320334e-01 1.001227405576242581e-04
6.190965041209077757e-01 8.754447399795872243e-05
6.202382015849363661e-01 7.627992293443529022e-05
6.213820044930925546e-01 6.627491700409160740e-05
6.225279167281004833e-01 5.745363599310517223e-05
6.236759421798421243e-01 4.972641654527618847e-05
6.248260847453748212e-01 4.299619936087135073e-05
6.259783483289427242e-01 3.716363375405127564e-05
6.271327368419878923e-01 3.213093875831377267e-05
6.282892542031681682e-01 2.780466946546847744e-05
6.294479043383652828e-01 2.409756045280865685e-05
6.306086911807030626e-01 2.092962175683725485e-05
6.317716186705580883e-01 1.822865312299084946e-05
6.329366907555721289e-01 1.593032446070693028e-05
6.341039113906684621e-01 1.397794868530726282e-05
6.352732845380638649e-01 1.232205043472372584e-05
6.364448141672800485e-01 1.091981252231292398e-05
6.376185042551617554e-01 9.734462632932145050e-06
6.387943587858848637e-01 8.734646283245627328e-06
6.399723817509747059e-01 7.893818614563404489e-06
6.411525771493171710e-01 7.189677057858788131e-06
6.423349489871711393e-01 6.603649042667656351e-06
6.435195012781858015e-01 6.120443389719493122e-06
6.447062380434096518e-01 5.727670511227490699e-06
6.458951633113084734e-01 5.415534774817020248e-06
6.470862811177771068e-01 5.176602187350081375e-06
6.482795955061509963e-01 5.005647864149576668e-06
6.494751105272248415e-01 4.898922830864799283e-06
6.506728302392609242e-01 4.850684103833535084e-06
6.518727587080073160e-01 4.855769256114591300e-06
6.530749000067100907e-01 4.910842096349723684e-06
6.542792582161248705e-01 5.014030890986275646e-06
6.554858374245352559e-01 5.164655677682888888e-06
6.566946417277618187e-01 5.363018544581840989e-06
6.579056752291800869e-01 5.610234425585203127e-06
6.591189420397328691e-01 5.908084920585416400e-06
6.603344462779422441e-01 6.258880872216833214e-06
6.615521920699278802e-01 6.665321527592378637e-06
6.627721835494160274e-01 7.130339536722996407e-06
6.639944248577579478e-01 7.656922151488713344e-06
6.652189201439422384e-01 8.247900106978717360e-06
6.664456735646068219e-01 8.905697087521029706e-06
6.676746892840574876e-01 9.632034689799454479e-06
6.689059714742769946e-01 1.042759066859606592e-05
6.701395243149440573e-01 1.129161222843322211e-05
6.713753519934447800e-01 1.222149138247964181e-05
6.726134587048858693e-01 1.321231600040438129e-05
6.738538486521127302e-01 1.425641799667671416e-05
6.750965260457189032e-01 1.534294881648995195e-05
6.763414951040644940e-01 1.645752130176754955e-05
6.775887600532893851e-01 1.758196516416916415e-05
6.788383251273244490e-01 1.869424931086321808e-05
6.800901945679115324e-01 1.976862653536901767e-05
6.813443726246121157e-01 2.077605283834600558e-05
6.826008635548262982e-01 2.168492322851388269e-05
6.838596716238056761e-01 2.246214706226508858e-05
6.851208011046651114e-01 2.307455844647983436e-05
6.863842562784027157e-01 2.349062183734471567e-05
6.876500414339085099e-01 2.368235251850460925e-05
6.889181608679838531e-01 2.363264433164060730e-05
6.901886188853539883e-01 2.335016401175814580e-05
6.914614197986805877e-01 2.285424166378796141e-05
6.927365679285811817e-01 2.216930525574912841e-05
6.940140676036383738e-01 2.132332194025412091e-05
6.952939231604193804e-01 2.034624555903048800e-05
6.965761389434884654e-01 1.926856893834027624e-05
6.978607193054200408e-01 1.812005563700859343e-05
6.991476686068177626e-01 1.692869978795486234e-05
7.004369912163241896e-01 1.571993750499383957e-05
7.017286915106403233e-01 1.451611121553394537e-05
7.030227738745383759e-01 1.333617061904171101e-05
7.043192427008745371e-01 1.219558137249463288e-05
7.056181023906081817e-01 1.110640502219787186e-05
7.069193573528147478e-01 1.007751060582005993e-05
7.082230120046981714e-01 9.114878908165618558e-06
7.095290707716114254e-01 8.221963606705487518e-06
7.108375380870655125e-01 7.400078531178954172e-06
7.121484183927494493e-01 6.648786130509309964e-06
7.134617161385435891e-01 5.966268293536553891e-06
7.147774357825319447e-01 5.349666392048716948e-06
7.160955817910230614e-01 4.795382466755085399e-06
7.174161586385588985e-01 4.299337676055722430e-06
7.187391708079352570e-01 3.857187415305645782e-06
7.200646227902148810e-01 3.464494923694791838e-06
7.213925190847404467e-01 3.116866819211214639e-06
7.227228641991547686e-01 2.810054964395689854e-06
7.240556626494106807e-01 2.540029503009013501e-06
7.253909189597911311e-01 2.303027952884977885e-06
7.267286376629225053e-01 2.095585012491474084e-06
7.280688232997877263e-01 1.914547339033752076e-06
7.294114804197466828e-01 1.757077065387472048e-06
7.307566135805462215e-01 1.620647303602044927e-06
7.321042273483404639e-01 1.503032379053009949e-06
7.334543262977039069e-01 1.402295082508169851e-06
7.348069150116451898e-01 1.316772837677066971e-06
7.361619980816274111e-01 1.245018004878677913e-06
7.375195801075783431e-01 1.185341841666855440e-06
7.388796656979104149e-01 1.136079958964482270e-06
7.402422594695348135e-01 1.095881878338400541e-06
7.416073660478748053e-01 1.063654096527789201e-06
7.429749900668862761e-01 1.038511178499936195e-06
7.443451361690679446e-01 1.019737248114172809e-06
7.457178090054821240e-01 1.006755478521891838e-06
7.470930132357684883e-01 9.991037592400538722e-07
7.484707535281570623e-01 9.964151438881740605e-07
7.498510345594900928e-01 9.984020013529234765e-07
7.512338610152313745e-01 1.004843032136773299e-06
7.526192375894875664e-01 1.015572491565061943e-06
7.540071689850220693e-01 1.030471097523880346e-06
7.553976599132683489e-01 1.049458203656769410e-06
7.567907150943515848e-01 1.072484897783794587e-06
7.581863392570982185e-01 1.099527745987186803e-06
7.595845371390579359e-01 1.130582950118608552e-06
7.609853134865166568e-01 1.165660724135997442e-06
7.623886730545113011e-01 1.204779725618909320e-06
7.637946206068504384e-01 1.247961405423501042e-06
7.652031609161246140e-01 1.295224162699389900e-06
7.666142987637283301e-01 1.346577216074785695e-06
7.680280389398732588e-01 1.402014126149455024e-06
7.694443862436027848e-01 1.461505930741706963e-06
7.708633454828134335e-01 1.524993883625625473e-06
7.722849214742649737e-01 1.592381820559024705e-06
7.737091190436021781e-01 1.663528213766851747e-06
7.751359430253693672e-01 1.738238017907330350e-06
7.765653982630235097e-01 1.816254456721080040e-06
7.779974896089562053e-01 1.897250949382238732e-06
7.794322219245075622e-01 1.980823427813261018e-06
7.808696000799802972e-01 2.066483349058465693e-06
7.823096289546616067e-01 2.153651757709360486e-06
7.837523134368336031e-01 2.241654799126926302e-06
7.851976584237957413e-01 2.329721120937645427e-06
7.866456688218782523e-01 2.416981623533816514e-06
7.880963495464574642e-01 2.502472025243622162e-06
7.895497055219770077e-01 2.585138689456559317e-06
7.910057416819589182e-01 2.663848114519548895e-06
7.924644629690258402e-01 2.737400408545474010e-06
7.939258743349150160e-01 2.804546957451463879e-06
7.953899807404929412e-01 2.864012344389663016e-06
7.968567871557782345e-01 2.914524976341273994e-06
7.983262985599510753e-01 2.955186154366130474e-06
7.997985199413768509e-01 2.985752514847564221e-06
8.012734562976198127e-01 3.006148371561802784e-06
8.027511126354583970e-01 3.016410185918925747e-06
8.042314939709069854e-01 3.016681829460964967e-06
8.057146053292271182e-01 3.007208070074401289e-06
8.072004517449500316e-01 2.988326534699593891e-06
8.086890382618915352e-01 2.960458424600916329e-06
8.101803699331660003e-01 2.924098272173228154e-06
8.116744518212100079e-01 2.879803031269966793e-06
8.131712889977927849e-01 2.828180786956633773e-06
8.146708865440387415e-01 2.769879356498957904e-06
8.161732495504426810e-01 2.705575032566008633e-06
8.176783831168845662e-01 2.635961693453280048e-06
8.191862923526525009e-01 2.561740475050132430e-06
8.206969823764533878e-01 2.483610166707217093e-06
8.222104583164364655e-01 2.402258459441346981e-06
8.237267253102077413e-01 2.318354141272727341e-06
8.252457885048450903e-01 2.232540301983064942e-06
8.267676530569219029e-01 2.145428579103426794e-06
8.282923241325174102e-01 2.057594449191505344e-06
8.298198069072404426e-01 1.969573543941752421e-06
8.313501065662443068e-01 1.881858949730599153e-06
8.328832283042417739e-01 1.794899431981250095e-06
8.344191773255291711e-01 1.709098512257390628e-06
8.359579588439962627e-01 1.624814316146474167e-06
8.374995780831510084e-01 1.542360103543782081e-06
8.390440402761337735e-01 1.462005389611426606e-06
8.405913506657333167e-01 1.383977564094391803e-06
8.421415145044101047e-01 1.308463918447992156e-06
8.436945370543074141e-01 1.235613993963435090e-06
8.452504235872752014e-01 1.165542169362640718e-06
8.468091793848854243e-01 1.098330412795497055e-06
8.483708097384474733e-01 1.034031130442891742e-06
8.499353199490319311e-01 9.726700516898150695e-07
8.515027153274817850e-01 9.142490987975267115e-07
8.530730011944368529e-01 8.587491969268599580e-07
8.546461828803485483e-01 8.061329880513136984e-07
8.562222657254958680e-01 7.563474195841285591e-07
8.578012550800097058e-01 7.093261853133177430e-07
8.593831563038835109e-01 6.649920024079912966e-07
8.609679747669980454e-01 6.232587137742042873e-07
8.625557158491369281e-01 5.840332098805803387e-07
8.641463849400021768e-01 5.472171683365006165e-07
8.657399874392375239e-01 5.127086130107102960e-07
8.673365287564446247e-01 4.804032973576125284e-07
8.689360143111986012e-01 4.501959189145154372e-07
8.705384495330722450e-01 4.219811736977983324e-07
8.721438398616480070e-01 3.956546605151423989e-07
8.737521907465420901e-01 3.711136460797263773e-07
8.753635076474204357e-01 3.482577023208224622e-07
8.769777960340150447e-01 3.269892274862668914e-07
8.785950613861480685e-01 3.072138625799779541e-07
8.802153091937438001e-01 2.888408144205864004e-07
8.818385449568532097e-01 2.717826116976510745e-07
8.834647741856703762e-01 2.559450584565338495e-07
8.850940024005479190e-01 2.412302537938979498e-07
8.867262351320225333e-01 2.275484468476878596e-07
8.883614779208262036e-01 2.148177621618208752e-07
8.899997363179117382e-01 2.029634539839532204e-07
8.916410158844683131e-01 1.919172358866754815e-07
8.932853221919383468e-01 1.816166776629835642e-07
8.949326608220420365e-01 1.720046623510489160e-07
8.965830373667895703e-01 1.630288970414505041e-07
8.982364574285062186e-01 1.546414718244102617e-07
8.998929266198487653e-01 1.467984618576955503e-07
9.015524505638217168e-01 1.394595680865340777e-07
9.032150348938027262e-01 1.325877926344541827e-07
9.048806852535548062e-01 1.261491453159712911e-07
9.065494072972510864e-01 1.201123781045687371e-07
9.082212066894921332e-01 1.144487447291831812e-07
9.098960891053219369e-01 1.091317828735972810e-07
9.115740602302537798e-01 1.041371167208537962e-07
9.132551257602818939e-01 9.944227782282016334e-08
9.149392914019076617e-01 9.502654248649583570e-08
9.166265628721559366e-01 9.087078405718020734e-08
9.183169458985919187e-01 8.695733864626840161e-08
9.200104462193466892e-01 8.326988300099787391e-08
9.217070695831296456e-01 7.979332334688667239e-08
9.234068217492542585e-01 7.651369415250715173e-08
9.251097084876551691e-01 7.341806587265168399e-08
9.268157355789045093e-01 7.049446082083935021e-08
9.285249088142384366e-01 6.773177640707522863e-08
9.302372339955691238e-01 6.511971505281798542e-08
9.319527169355110718e-01 6.264872016307798025e-08
9.336713634573982068e-01 6.030991759662124076e-08
9.353931793953002005e-01 5.809506212986276200e-08
9.371181705940500040e-01 5.599648845906475632e-08
9.388463429092546164e-01 5.400706632952089957e-08
9.405777022073231741e-01 5.212015941986117630e-08
9.423122543654827155e-01 5.032958764522733970e-08
9.440500052717960555e-01 4.862959257495811796e-08
9.457909608251883204e-01 4.701480568919782230e-08
9.475351269354589379e-01 4.548021922475059191e-08
9.492825095233088373e-01 4.402115938377942041e-08
9.510331145203575476e-01 4.263326170002650390e-08
9.527869478691605165e-01 4.131244837615717756e-08
9.545440155232355339e-01 4.005490742295593350e-08
9.563043234470759435e-01 3.885707344657823791e-08
9.580678776161772880e-01 3.771560994399263284e-08
9.598346840170547400e-01 3.662739297940958583e-08
9.616047486472604211e-01 3.558949612589309863e-08
9.633780775154094922e-01 3.459917656668967930e-08
9.651546766411983613e-01 3.365386226018882174e-08
9.669345520554210038e-01 3.275114008089560192e-08
9.687177097999972730e-01 3.188874485648658900e-08
9.705041559279852237e-01 3.106454922802115598e-08
9.722938965036083125e-01 3.027655426667439091e-08
9.740869376022733839e-01 2.952288078614808056e-08
9.758832853105881000e-01 2.880176129511356000e-08
9.776829457263889189e-01 2.811153253879910721e-08
9.794859249587529737e-01 2.745062858316491527e-08
9.812922291280269382e-01 2.681757439901943924e-08
9.831018643658437917e-01 2.621097990703504617e-08
9.849148368151413591e-01 2.562953444786477870e-08
9.867311526301898450e-01 2.507200164453963103e-08
9.885508179766044901e-01 2.453721462704673034e-08
9.903738390313741036e-01 2.402407159144234697e-08
9.922002219828784941e-01 2.353153166813451116e-08
9.940299730309066772e-01 2.305861107601612478e-08
9.958630983866851860e-01 2.260437954101735738e-08
9.976996042728903946e-01 2.216795695937907908e-08
9.995394969236774951e-01 2.174851028750856306e-08
1.001382782584698372e+00 2.134525064173565327e-08
1.003229467513119255e+00 2.095743059260194999e-08
1.005079557977650140e+00 2.058434163952128074e-08
1.006933060258556889e+00 2.022531185276969361e-08
1.008789980647689877e+00 1.987970367076621939e-08
1.010650325448503084e+00 1.954691198547402487e-08
1.012514100976071418e+00 1.922637022673421117e-08
1.014381313557119801e+00 1.891755214058175437e-08
1.016251969530036270e+00 1.861995813467759720e-08
1.018126075244901063e+00 1.833311273506695620e-08
1.020003637063505053e+00 1.805656321917015609e-08
1.021884661359367064e+00 1.778987833261817180e-08
1.023769154517764735e+00 1.753264708432919621e-08
1.025657122935746068e+00 1.728447761463385520e-08
1.027548573022159850e+00 1.704499613162142258e-08
1.029443511197673411e+00 1.681384591123160367e-08
1.031341943894791058e+00 1.659068635693025275e-08
1.033243877557884494e+00 1.637519211510495929e-08
1.035149318643205030e+00 1.616705224258813023e-08
1.037058273618913340e+00 1.596596942296667203e-08
1.038970748965098334e+00 1.577165922857341349e-08
1.040886751173796032e+00 1.558384942526992840e-08
1.042806286749018874e+00 1.540227931732918161e-08
1.044729362206768819e+00 1.522669912991774930e-08
1.046655984075068213e+00 1.505686942684235018e-08
1.048586158893977549e+00 1.489256056139253966e-08
1.050519893215614564e+00 1.473355215825333034e-08
1.052457193604184660e+00 1.457963262460302077e-08
1.054398066635994224e+00 1.443059868863914721e-08
1.056342518899480609e+00 1.428625496389186052e-08
1.058290556995230336e+00 1.414641353779652507e-08
1.060242187536000191e+00 1.401089358310053600e-08
1.062197417146745426e+00 1.387952099077061358e-08
1.064156252464634189e+00 1.375212802316207369e-08
1.066118700139077946e+00 1.362855298628739083e-08
1.068084766831750798e+00 1.350863992010391152e-08
1.070054459216608134e+00 1.339223830580861771e-08
1.072027783979916382e+00 1.327920278919471282e-08
1.074004747820272776e+00 1.316939291918988695e-08
1.075985357448624002e+00 1.306267290075050183e-08
1.077969619588296846e+00 1.295891136134098481e-08
1.079957540975013064e+00 1.285798113027948960e-08
1.081949128356918699e+00 1.275975903027535210e-08
1.083944388494604505e+00 1.266412568052906883e-08
1.085943328161125265e+00 1.257096531080669555e-08
1.087945954142030880e+00 1.248016558593616746e-08
1.089952273235379909e+00 1.239161744021145635e-08
1.091962292251771105e+00 1.230521492122106121e-08
1.093976018014362728e+00 1.222085504264982693e-08
1.095993457358892753e+00 1.213843764563060762e-08
1.098014617133709070e+00 1.205786526824857417e-08
1.100039504199784801e+00 1.197904302282865271e-08
1.102068125430749168e+00 1.190187848065521070e-08
1.104100487712907031e+00 1.182628156379872661e-08
1.106136597945258870e+00 1.175216444374188923e-08
1.108176463039532988e+00 1.167944144651622214e-08
1.110220089920198827e+00 1.160802896407914565e-08
1.112267485524498944e+00 1.153784537167482368e-08
1.114318656802469665e+00 1.146881095093920745e-08
1.116373610716959730e+00 1.140084781852153189e-08
1.118432354243663829e+00 1.133387986000806289e-08
1.120494894371135475e+00 1.126783266894566945e-08
1.122561238100820091e+00 1.120263349077105832e-08
1.124631392447073885e+00 1.113821117146473688e-08
1.126705364437186052e+00 1.107449611075467948e-08
1.128783161111408750e+00 1.101142021970305018e-08
1.130864789522973313e+00 1.094891688251838573e-08
1.132950256738121331e+00 1.088692092243937490e-08
1.135039569836125750e+00 1.082536857154384147e-08
1.137132735909310632e+00 1.076419744434186181e-08
1.139229762063084683e+00 1.070334651501419126e-08
1.141330655415954576e+00 1.064275609816401283e-08
1.143435423099558257e+00 1.058236783295008111e-08
1.145544072258685597e+00 1.052212467047524212e-08
1.147656610051298820e+00 1.046197086430409299e-08
1.149773043648564474e+00 1.040185196398544311e-08
1.151893380234869868e+00 1.034171481145823916e-08
1.154017627007854152e+00 1.028150754021834611e-08
1.156145791178430526e+00 1.022117957712522710e-08
1.158277879970806001e+00 1.016068164672709221e-08
1.160413900622514927e+00 1.009996577798233323e-08
1.162553860384434090e+00 1.003898531325589196e-08
1.164697766520815136e+00 9.977694919465844915e-09
1.166845626309306105e+00 9.916050601256542443e-09
1.168997447040972304e+00 9.854009716071816430e-09
1.171153236020329835e+00 9.791530990999949343e-09
1.173313000565360031e+00 9.728574541260985558e-09
1.175476748007543870e+00 9.665101890204090679e-09
1.177644485691881737e+00 9.601075990681082962e-09
1.179816220976916519e+00 9.536461247658747119e-09
1.181991961234763799e+00 9.471223541931816158e-09
1.184171713851135177e+00 9.405330254794261804e-09
1.186355486225358469e+00 9.338750293525294966e-09
1.188543285770412128e+00 9.271454117542783498e-09
1.190735119912939455e+00 9.203413765076357752e-09
1.192930996093283902e+00 9.134602880206260671e-09
1.195130921765509724e+00 9.064996740117215194e-09
1.197334904397423516e+00 8.994572282408372867e-09
1.199542951470609076e+00 8.923308132303315864e-09
1.201755070480441390e+00 8.851184629599164592e-09
1.203971268936122385e+00 8.778183855193814916e-09
1.206191554360701801e+00 8.704289657028472838e-09
1.208415934291098948e+00 8.629487675281668471e-09
1.210644416278137347e+00 8.553765366649943517e-09
1.212877007886560277e+00 8.477112027551162451e-09
1.215113716695065404e+00 8.399518816084026974e-09
1.217354550296326110e+00 8.320978772581722555e-09
1.219599516297014130e+00 8.241486858474858774e-09
1.221848622317833755e+00 8.161047481802601919e-09
1.224101875993538480e+00 8.079685351139269250e-09
1.226359284972964314e+00 7.997428897707566354e-09
1.228620856919053317e+00 7.914307292895459155e-09
1.230886599508874912e+00 7.830350425698602918e-09
1.233156520433661196e+00 7.745588879076431653e-09
1.235430627398822923e+00 7.660053905245341931e-09
1.237708928123984586e+00 7.573777399931180928e-09
1.239991430343006629e+00 7.486791875609690563e-09
1.242278141804007641e+00 7.399130433762964879e-09
1.244569070269400557e+00 7.310826736182678548e-09
1.246864223515907533e+00 7.221914975355212725e-09
1.249163609334596137e+00 7.132429843962084767e-09
1.251467235530901778e+00 7.042406503535504773e-09
1.253775109924650133e+00 6.951880552308091944e-09
1.256087240350092893e+00 6.860887992298359603e-09
1.258403634655923975e+00 6.769465195677103157e-09
1.260724300705315271e+00 6.677648870459122179e-09
1.263049246375939516e+00 6.585476025569464081e-09
1.265378479559992719e+00 6.492983935332640656e-09
1.267712008164231019e+00 6.400210103436310302e-09
1.270049840109985784e+00 6.307192226422573946e-09
1.272391983333200471e+00 6.213968156760405727e-09
1.274738445784453722e+00 6.120575865555435298e-09
1.277089235428982006e+00 6.027053404954067028e-09
1.279444360246715817e+00 5.933438870299062877e-09
1.281803828232297215e+00 5.839770362097185685e-09
1.284167647395114464e+00 5.746085947857435855e-09
1.286535825759326679e+00 5.652423623861847170e-09
1.288908371363886696e+00 5.558821276929803305e-09
1.291285292262577489e+00 5.465316646237579396e-09
1.293666596524029044e+00 5.371947285256404532e-09
1.296052292231754555e+00 5.278750523870706514e-09
1.298442387484175065e+00 5.185763430739835578e-09
1.300836890394641454e+00 5.093022775966230410e-09
1.303235809091472630e+00 5.000564994131322184e-09
1.305639151717971291e+00 4.908426147763034158e-09
1.308046926432462342e+00 4.816641891294965692e-09
1.310459141408314876e+00 4.725247435579578823e-09
1.312875804833967042e+00 4.634277513014950206e-09
1.315296924912961796e+00 4.543766343344181354e-09
1.317722509863970437e+00 4.453747600186558501e-09
1.320152567920816589e+00 4.364254378356989109e-09
1.322587107332513501e+00 4.275319162028841665e-09
1.325026136363280926e+00 4.186973793795685947e-09
1.327469663292583979e+00 4.099249444682753274e-09
1.329917696415155115e+00 4.012176585160086830e-09
1.332370244041020335e+00 3.925784957205927646e-09
1.334827314495534933e+00 3.840103547466134749e-09
1.337288916119402593e+00 3.755160561555701842e-09
1.339755057268712246e+00 3.670983399543441716e-09
1.342225746314962054e+00 3.587598632660037690e-09
1.344700991645085386e+00 3.505031981267752696e-09
1.347180801661486349e+00 3.423308294124714486e-09
1.349665184782059990e+00 3.342451528978099586e-09
1.352154149440228270e+00 3.262484734513627507e-09
1.354647704084966264e+00 3.183430033689083222e-09
1.357145857180825255e+00 3.105308608475307311e-09
1.359648617207972254e+00 3.028140686024074724e-09
1.362155992662207327e+00 2.951945526282432849e-09
1.364667992055001777e+00 2.876741411065905774e-09
1.367184623913523689e+00 2.802545634603446408e-09
1.369705896780661902e+00 2.729374495561649351e-09
1.372231819215064874e+00 2.657243290553218592e-09
1.374762399791159329e+00 2.586166309132084337e-09
1.377297647099188227e+00 2.516156830273270972e-09
1.379837569745235859e+00 2.447227120333627199e-09
1.382382176351253822e+00 2.379388432485591948e-09
1.384931475555098768e+00 2.312651007612985905e-09
1.387485476010551055e+00 2.247024076655970523e-09
1.390044186387354497e+00 2.182515864387105604e-09
1.392607615371240781e+00 2.119133594599880630e-09
1.395175771663954789e+00 2.056883496686505869e-09
1.397748663983294781e+00 1.995770813579070009e-09
1.400326301063129719e+00 1.935799811026706561e-09
1.402908691653439455e+00 1.876973788176677323e-09
1.405495844520339821e+00 1.819295089426756143e-09
1.408087768446108390e+00 1.762765117512344346e-09
1.410684472229224440e+00 1.707384347789795006e-09
1.413285964684386498e+00 1.653152343675901002e-09
1.415892254642553194e+00 1.600067773199878747e-09
1.418503350950969022e+00 1.548128426623781416e-09
1.421119262473188760e+00 1.497331235084312513e-09
1.423739998089119441e+00 1.447672290207336845e-09
1.426365566695037668e+00 1.399146864645804225e-09
1.428995977203630252e+00 1.351749433488756403e-09
1.431631238544020190e+00 1.305473696489252108e-09
1.434271359661793088e+00 1.260312601057094601e-09
1.436916349519036684e+00 1.216258365961176998e-09
1.439566217094360168e+00 1.173302505686236857e-09
1.442220971382935701e+00 1.131435855386854604e-09
1.444880621396522402e+00 1.090648596382422910e-09
1.447545176163495206e+00 1.050930282135271228e-09
1.450214644728883950e+00 1.012269864654402884e-09
1.452889036154392244e+00 9.746557212676021591e-10
1.455568359518440102e+00 9.380756817037783589e-10
1.458252623916189039e+00 9.025170554288749640e-10
1.460941838459568265e+00 8.679666591781129944e-10
1.463636012277315990e+00 8.344108446281524915e-10
1.466335154515004291e+00 8.018355261538175009e-10
1.469039274335067091e+00 7.702262086144309166e-10
1.471748380916840349e+00 7.395680151156483376e-10
1.474462483456582484e+00 7.098457146944546018e-10
1.477181591167515240e+00 6.810437498753055352e-10
1.479905713279851431e+00 6.531462640474815401e-10
1.482634859040820041e+00 6.261371286147989064e-10
1.485369037714710183e+00 5.999999698701451207e-10
1.488108258582889087e+00 5.747181955497778187e-10
1.490852530943844512e+00 5.502750210228996424e-10
1.493601864113212274e+00 5.266534950749704742e-10
1.496356267423802455e+00 5.038365252444137950e-10
1.499115750225642696e+00 4.818069026744195303e-10
1.501880321885997072e+00 4.605473264441023588e-10
1.504649991789408059e+00 4.400404273445442295e-10
1.507424769337725845e+00 4.202687910681633207e-10
1.510204663950132975e+00 4.012149807816116032e-10
1.512989685063189205e+00 3.828615590545446370e-10
1.515779842130850152e+00 3.651911091193058058e-10
1.518575144624510376e+00 3.481862554382200532e-10
1.521375602033031127e+00 3.318296835580156639e-10
1.524181223862767665e+00 3.161041592327437598e-10
1.526992019637612330e+00 3.009925914770096385e-10
1.529807998899014754e+00 2.864796914453507703e-10
1.532629171206024932e+00 2.725520833107848865e-10
1.535455546135320981e+00 2.591959588706877280e-10
1.538287133281237118e+00 2.463970043492156983e-10
1.541123942255806956e+00 2.341404887687713241e-10
1.543965982688783933e+00 2.224113470129186416e-10
1.546813264227684170e+00 2.111942575851165120e-10
1.549665796537815998e+00 2.004737151020950895e-10
1.552523589302306606e+00 1.902340975910697957e-10
1.555386652222146449e+00 1.804597286870040408e-10
1.558254995016209676e+00 1.711349348499968125e-10
1.561128627421298320e+00 1.622440977430200840e-10
1.564007559192170271e+00 1.537717019278512289e-10
1.566891800101567256e+00 1.457023780513619071e-10
1.569781359940260579e+00 1.380209417060451033e-10
1.572676248517069997e+00 1.307124281580853686e-10
1.575576475658908793e+00 1.237621231428899823e-10
1.578482051210812642e+00 1.171555899329855099e-10
1.581392985035968035e+00 1.108786928858519424e-10
1.584309287015757128e+00 1.049176176802620902e-10
1.587230967049777508e+00 9.925888844929988013e-11
1.590158035055888375e+00 9.388938201603634726e-11
1.593090500970238521e+00 8.879633943486239905e-11
1.596028374747296086e+00 8.396737503705233936e-11
1.598971666359892296e+00 7.939048317395736005e-11
1.601920385799243451e+00 7.505404284531575493e-11
1.604874543074995996e+00 7.094682039341713940e-11
1.607834148215255166e+00 6.705797043681999687e-11
1.610799211266614961e+00 6.337703520968142486e-11
1.613769742294203002e+00 5.989394246488924350e-11
1.616745751381701401e+00 5.659900209119238062e-11
1.619727248631393612e+00 5.348290158619056899e-11
1.622714244164192410e+00 5.053670051892573006e-11
1.625706748119670308e+00 4.775182410750047912e-11
1.628704770656103307e+00 4.512005602901712270e-11
1.631708321950500862e+00 4.263353057115444937e-11
1.634717412198635200e+00 4.028472422680405309e-11
1.637732051615087281e+00 3.806644682557718851e-11
1.640752250433268777e+00 3.597183228864795495e-11
1.643778018905468041e+00 3.399432908621100753e-11
1.646809367302880078e+00 3.212769047010168387e-11
1.649846305915636524e+00 3.036596454754111454e-11
1.652888845052851385e+00 2.870348425580367853e-11
1.655936995042644355e+00 2.713485729174819183e-11
1.658990766232185887e+00 2.565495604456897415e-11
1.662050168987728282e+00 2.425890757495634269e-11
1.665115213694635443e+00 2.294208367893660951e-11
1.668185910757430390e+00 2.170009107010141874e-11
1.671262270599816135e+00 2.052876170971097279e-11
1.674344303664723865e+00 1.942414331016986247e-11
1.677432020414342917e+00 1.838249003377777326e-11
1.680525431330151198e+00 1.740025340526466557e-11
1.683624546912962705e+00 1.647407345354992625e-11
1.686729377682949282e+00 1.560077009535986092e-11
1.689839934179689029e+00 1.477733477074282767e-11
1.692956226962195831e+00 1.400092233821942723e-11
1.696078266608951335e+00 1.326884323518214913e-11
1.699206063717951354e+00 1.257855590726352479e-11
1.702339628906729851e+00 1.192765950871238865e-11
1.705478972812405569e+00 1.131388687428119437e-11
1.708624106091713779e+00 1.073509776181285211e-11
1.711775039421036926e+00 1.018927236351888821e-11
1.714931783496453033e+00 9.674505082915604025e-12
1.718094349033758128e+00 9.188998573497520635e-12
1.721262746768515095e+00 8.731058034443904321e-12
1.724436987456084536e+00 8.299085758016966947e-12
1.727617081871655857e+00 7.891575922751298857e-12
1.730803040810296789e+00 7.507109626082433376e-12
1.733994875086975362e+00 7.144350149704267212e-12
1.737192595536609430e+00 6.802038450646969015e-12
1.740396213014097304e+00 6.478988870858817399e-12
1.743605738394350402e+00 6.174085057917633852e-12
1.746821182572342090e+00 5.886276089398402528e-12
1.750042556463130117e+00 5.614572793383096702e-12
1.753269871001906344e+00 5.358044257586693871e-12
1.756503137144029170e+00 5.115814519617232807e-12
1.759742365865053948e+00 4.887059430951755197e-12
1.762987568160784280e+00 4.671003687310411554e-12
1.766238755047294218e+00 4.466918018236656863e-12
1.769495937560978005e+00 4.274116528832952991e-12
1.772759126758582937e+00 4.091954186768535394e-12
1.776028333717240670e+00 3.919824447850829568e-12
1.779303569534517848e+00 3.757157013642523843e-12
1.782584845328439638e+00 3.603415714807995424e-12
1.785872172237539246e+00 3.458096514075698271e-12
1.789165561420891226e+00 3.320725622918893173e-12
1.792465024058143452e+00 3.190857726270671293e-12
1.795770571349567968e+00 3.068074309805992639e-12
1.799082214516083855e+00 2.951982084544951083e-12
1.802399964799308973e+00 2.842211503744564966e-12
1.805723833461592154e+00 2.738415367266897787e-12
1.809053831786046285e+00 2.640267508821834167e-12
1.812389971076596717e+00 2.547461561694455154e-12
1.815732262658015461e+00 2.459709798774287679e-12
1.819080717875952713e+00 2.376742042905546738e-12
1.822435348096989705e+00 2.298304643774656350e-12
1.825796164708661129e+00 2.224159517746689301e-12
1.829163179119507765e+00 2.154083247247129092e-12
1.832536402759109118e+00 2.087866236470468227e-12
1.835915847078117169e+00 2.025311920372982158e-12
1.839301523548307005e+00 1.966236024078850416e-12
1.842693443662602792e+00 1.910465869996595388e-12
1.846091618935128187e+00 1.857839730102060450e-12
1.849496060901240524e+00 1.808206221002645316e-12
1.852906781117564572e+00 1.761423739547274154e-12
1.856323791162044046e+00 1.717359936893850114e-12
1.859747102633967142e+00 1.675891229088754314e-12
1.863176727154017609e+00 1.636902342350393402e-12
1.866612676364309609e+00 1.600285891384138131e-12
1.870054961928421688e+00 1.565941989186755389e-12
1.873503595531448518e+00 1.533777886926566881e-12
1.876958588880026424e+00 1.503707642612001541e-12
1.880419953702385794e+00 1.475651817383842271e-12
1.883887701748385934e+00 1.449537198389772880e-12
1.887361844789548382e+00 1.425296547320322983e-12
1.890842394619110634e+00 1.402868373806451613e-12
1.894329363052050796e+00 1.382196733000673885e-12
1.897822761925141322e+00 1.363231046785200151e-12
1.901322603096983199e+00 1.345925948175773910e-12
1.904828898448040375e+00 1.330241148615794481e-12
1.908341659880693930e+00 1.316141327986653379e-12
1.911860899319266505e+00 1.303596047295201550e-12
1.915386628710076700e+00 1.292579684140433763e-12
1.918918860021474382e+00 1.283071391209846783e-12
1.922457605243873546e+00 1.275054117123666646e-12
1.926002876389809160e+00 1.268494783583534986e-12
1.929554685493960475e+00 1.263345357604864903e-12
1.933113044613206100e+00 1.259562168175252834e-12
1.936677965826659520e+00 1.257106358450778440e-12
1.940249461235703743e+00 1.255943535394757103e-12
1.943827542964046140e+00 1.256043451445428590e-12
1.947412223157743982e+00 1.257379714796062010e-12
1.951003513985259508e+00 1.259929525217493564e-12
1.954601427637495004e+00 1.263673432658346652e-12
1.958205976327828557e+00 1.268595116126678957e-12
1.961817172292169786e+00 1.274681180593355971e-12
1.965435027788984268e+00 1.281920969866153421e-12
1.969059555099350378e+00 1.290306393566689547e-12
1.972690766526994377e+00 1.299831766504355631e-12
1.976328674398325935e+00 1.310493658883380667e-12
1.979973291062494534e+00 1.322290755904725043e-12
1.983624628891414998e+00 1.335223725434520206e-12
1.987282700279824121e+00 1.349295092508162906e-12
1.990947517645315745e+00 1.364509119524199356e-12
1.994619093428377399e+00 1.380871691057691210e-12
1.998297440092444699e+00 1.398390202288973925e-12
2.001982570123937766e+00 1.417073450102353818e-12
2.005674496032297416e+00 1.436931525960897397e-12
2.009373230350040895e+00 1.457975709710234391e-12
2.013078785632789192e+00 1.480218363504782098e-12
2.016791174459324321e+00 1.503672825087833827e-12
2.020510409431624854e+00 1.528353299690388611e-12
2.024236503174902779e+00 1.554274749845518281e-12
2.027969468337661230e+00 1.581452782444561978e-12
2.031709317591720687e+00 1.609903532389686313e-12
2.035456063632275825e+00 1.639643542225830152e-12
2.039209719177933255e+00 1.670689637162503863e-12
2.042970296970748389e+00 1.703058794924781581e-12
2.046737809776283168e+00 1.736768009903030463e-12
2.050512270383631819e+00 1.771834151101867489e-12
2.054293691605480809e+00 1.808273813424249437e-12
2.058082086278143930e+00 1.846103161862023813e-12
2.061877467261600927e+00 1.885337768206301460e-12
2.065679847439555239e+00 1.925992439934789320e-12
2.069489239719461970e+00 1.968081040982078205e-12
2.073305657032585181e+00 2.011616304153888738e-12
2.077129112334035188e+00 2.056609635004616065e-12
2.080959618602807648e+00 2.103070907063863492e-12
2.084797188841842619e+00 2.151008248369454084e-12
2.088641836078048541e+00 2.200427819341878726e-12
2.092493573362366188e+00 2.251333582122588414e-12
2.096352413769801970e+00 2.303727061588942789e-12
2.100218370399468792e+00 2.357607098361362507e-12
2.104091456374645119e+00 2.412969594224518070e-12
2.107971684842801174e+00 2.469807250500499991e-12
2.111859068975659781e+00 2.528109300035764069e-12
2.115753621969233667e+00 2.587861233593220867e-12
2.119655357043865429e+00 2.649044521579542712e-12
2.123564287444284826e+00 2.711636332182562178e-12
2.127480426439639416e+00 2.775609247143151309e-12
2.131403787323552290e+00 2.840930976544590006e-12
2.135334383414162929e+00 2.907564074161015617e-12
2.139272228054163616e+00 2.975465655072785228e-12
2.143217334610861613e+00 3.044587117423713841e-12
2.147169716476206691e+00 3.114873870361251753e-12
2.151129387066851528e+00 3.186265070370730854e-12
2.155096359824190788e+00 3.258693368377209981e-12
2.159070648214400645e+00 3.332084670150228707e-12
2.163052265728499179e+00 3.406357912700641426e-12
2.167041225882375244e+00 3.481424859502085720e-12
2.171037542216848859e+00 3.557189917504576054e-12
2.175041228297712070e+00 3.633549979024473178e-12
2.179052297715766251e+00 3.710394291697554228e-12
2.183070764086886495e+00 3.787604359763361226e-12
2.187096641052046486e+00 3.865053880004396450e-12
2.191129942277384224e+00 3.942608715698039750e-12
2.195170681454239325e+00 4.020126911936337392e-12
2.199218872299192551e+00 4.097458755639743949e-12
2.203274528554130196e+00 4.174446883521425710e-12
2.207337663986269849e+00 4.250926441149842673e-12
2.211408292388226560e+00 4.326725296110787597e-12
2.215486427578048811e+00 4.401664308071664875e-12
2.219572083399262041e+00 4.475557658312083341e-12
2.223665273720926816e+00 4.548213240993398918e-12
2.227766012437681020e+00 4.619433118098079310e-12
2.231874313469778048e+00 4.689014039577909544e-12
2.235990190763152974e+00 4.756748029806876567e-12
2.240113658289448750e+00 4.822423040936195608e-12
2.244244730046080605e+00 4.885823673206417954e-12
2.248383420056277782e+00 4.946731961674292589e-12
2.252529742369122623e+00 5.004928228173574089e-12
2.256683711059615849e+00 5.060191996646535493e-12
2.260845340228703648e+00 5.112302969262813846e-12
2.265014644003345179e+00 5.161042059992228265e-12
2.269191636536549872e+00 5.206192481520026479e-12
2.273376332007421841e+00 5.247540880600455594e-12
2.277568744621221164e+00 5.284878516141114906e-12
2.281768888609395862e+00 5.318002473506904636e-12
2.285976778229645401e+00 5.346716907742033586e-12
2.290192427765962879e+00 5.370834307637445943e-12
2.294415851528675443e+00 5.390176771834957889e-12
2.298647063854509565e+00 5.404577287468944405e-12
2.302886079106622130e+00 5.413881001214124355e-12
2.307132911674663944e+00 5.417946472047996298e-12
2.311387575974821917e+00 5.416646894558901023e-12
2.315650086449862144e+00 5.409871281251729872e-12
2.319920457569194294e+00 5.397525592032567470e-12
2.324198703828902257e+00 5.379533798901687488e-12
2.328484839751808533e+00 5.355838873865726246e-12
2.332778879887519974e+00 5.326403688198684598e-12
2.337080838812465533e+00 5.291211811449438480e-12
2.341390731129965985e+00 5.250268199014042891e-12
2.345708571470262349e+00 5.203599757670026594e-12
2.350034374490583389e+00 5.151255779207479216e-12
2.354368154875186914e+00 5.093308233188350972e-12
2.358709927335404632e+00 5.029851910918420887e-12
2.363059706609706545e+00 4.961004413916811844e-12
2.367417507463733362e+00 4.886905981513270553e-12
2.371783344690362227e+00 4.807719153674195674e-12
2.376157233109750244e+00 4.723628266749322474e-12
2.380539187569378878e+00 4.634838781516944242e-12
2.384929222944119243e+00 4.541576444672751768e-12
2.389327354136263182e+00 4.444086286733280491e-12
2.393733596075592995e+00 4.342631461181686232e-12
2.398147963719423181e+00 4.237491931552450084e-12
2.402570472052643513e+00 4.128963014999053116e-12
2.407001136087788318e+00 4.017353792689531444e-12
2.411439970865067561e+00 3.902985399105004595e-12
2.415886991452434351e+00 3.786189203935512489e-12
2.420342212945628457e+00 3.667309323854432870e-12
2.424805650468222495e+00 3.546778643270177673e-12
2.429277319171686766e+00 3.425095033262978529e-12
2.433757234235425226e+00 3.302738486444247792e-12
2.438245410866840324e+00 3.180165993831843704e-12
2.442741864301380517e+00 3.057809691728101081e-12
2.447246609802581130e+00 2.936075362117861838e-12
2.451759662662137629e+00 2.815341276549875072e-12
2.456281038199933597e+00 2.695957369820537766e-12
2.460810751764113569e+00 2.578244726648479306e-12
2.465348818731125213e+00 2.462495361938123238e-12
2.469895254505765081e+00 2.348972273152796577e-12
2.474450074521245657e+00 2.237909741751348833e-12
2.479013294239240661e+00 2.129513859559236495e-12
2.483584929149929454e+00 2.023963255312519470e-12
2.488164994772067651e+00 1.921409996399591763e-12
2.492753506653019535e+00 1.821980640992940825e-12
2.497350480368827785e+00 1.725777416261863404e-12
2.501955931524260102e+00 1.632879499155019373e-12
2.506569875752853171e+00 1.543344377284292044e-12
2.511192328716985500e+00 1.457209268690959569e-12
2.515823306107907165e+00 1.374492580690758868e-12
2.520462823645814421e+00 1.295195389527249780e-12
2.525110897079892336e+00 1.219302924188580184e-12
2.529767542188362306e+00 1.146786039411949972e-12
2.534432774778553554e+00 1.077602664592535209e-12
2.539106610686935550e+00 1.011699216996335272e-12
2.543789065779189951e+00 9.490119693226872059e-13
2.548480155950257231e+00 8.894683632580227894e-13
2.553179897124382869e+00 8.329882621821276521e-13
2.557888305255187511e+00 7.794851376239366002e-13
2.562605396325703833e+00 7.288671854025638977e-13
2.567331186348446703e+00 6.810383686214339604e-13
2.572065691365459372e+00 6.358993858077412370e-13
2.576808927448362319e+00 5.933485634996035126e-13
2.581560910698423861e+00 5.532826734805275480e-13
2.586321657246594352e+00 5.155976756478969040e-13
2.591091183253580787e+00 4.801893881780015845e-13
2.595869504909892100e+00 4.469540872248787041e-13
2.600656638435886681e+00 4.157890388635030225e-13
2.605452600081846093e+00 3.865929663700826511e-13
2.610257406128008828e+00 3.592664562290242940e-13
2.615071072884645353e+00 3.337123064730787742e-13
2.619893616692102967e+00 3.098358211111266054e-13
2.624725053920855533e+00 2.875450544810844536e-13
2.629565400971577649e+00 2.667510093930500224e-13
2.634414674275176615e+00 2.473677929072663561e-13
2.639272890292869711e+00 2.293127335277952174e-13
2.644140065516230820e+00 2.125064634954421171e-13
2.649016216467238394e+00 1.968729697358984881e-13
2.653901359698350504e+00 1.823396168685312896e-13
2.658795511792538591e+00 1.688371455130173688e-13
2.663698689363364736e+00 1.562996489483462278e-13
2.668610909055027847e+00 1.446645309879362694e-13
2.673532187542412952e+00 1.338724477375548652e-13
2.678462541531166696e+00 1.238672357037277487e-13
2.683401987757732421e+00 1.145958285221875796e-13
2.688350542989425662e+00 1.060081643800603448e-13
2.693308224024483888e+00 9.805708601537619431e-14
2.698275047692113571e+00 9.069823499328461337e-14
2.703251030852567904e+00 8.388994178224856029e-14
2.708236190397181442e+00 7.759311298637430398e-14
2.713230543248447812e+00 7.177111693194558890e-14
2.718234106360066793e+00 6.638966865867265764e-14
2.723246896716995824e+00 6.141671522845011381e-14
2.728268931335525060e+00 5.682232213722919819e-14
2.733300227263314230e+00 5.257856149875581361e-14
2.738340801579469908e+00 4.865940256191492330e-14
2.743390671394594360e+00 4.504060502654167455e-14
2.748449853850836178e+00 4.169961553481841897e-14
2.753518366121964878e+00 3.861546763679659279e-14
2.758596225413419756e+00 3.576868545850098941e-14
2.763683448962361844e+00 3.314119123893060577e-14
2.768780054037750737e+00 3.071621684764223849e-14
2.773886057940381011e+00 2.847821934694960350e-14
2.779001478002960823e+00 2.641280062138574645e-14
2.784126331590162096e+00 2.450663106169616633e-14
2.789260636098670698e+00 2.274737726046813823e-14
2.794404408957266828e+00 2.112363365122822151e-14
2.799557667626858759e+00 1.962485800195352442e-14
2.804720429600564557e+00 1.824131065686619687e-14
2.809892712403761816e+00 1.696399740689978218e-14
2.815074533594138728e+00 1.578461585872081674e-14
2.820265910761774020e+00 1.469550516444244625e-14
2.825466861529172036e+00 1.368959896879423953e-14
2.830677403551346227e+00 1.276038142713478445e-14
2.835897554515866226e+00 1.190184614615550908e-14
2.841127332142912021e+00 1.110845789902570259e-14
2.846366754185353898e+00 1.037511696793377707e-14
2.851615838428789296e+00 9.697125969254400813e-15
2.856874602691622744e+00 9.070159019676593089e-15
2.862143064825118710e+00 8.490233105490136777e-15
2.867421242713453111e+00 7.953681521609369354e-15
2.872709154273794585e+00 7.457129251740042449e-15
2.878006817456340460e+00 6.997470166247882162e-15
2.883314250244401133e+00 6.571845919633938200e-15
2.888631470654450251e+00 6.177626435035015971e-15
2.893958496736176222e+00 5.812391868719435215e-15
2.899295346572567045e+00 5.473915953116446628e-15
2.904642038279944938e+00 5.160150622443721410e-15
2.909998590008051167e+00 4.869211830417592748e-15
2.915365019940096225e+00 4.599366474851940544e-15
2.920741346292815344e+00 4.349020349104704947e-15
2.926127587316548873e+00 4.116707045322759611e-15
2.931523761295281805e+00 3.901077739246246057e-15
2.936929886546725488e+00 3.700891790932748094e-15
2.942345981422372247e+00 3.515008100174444997e-15
2.947772064307548678e+00 3.342377159569809111e-15
2.953208153621496468e+00 3.182033752199478580e-15
2.958654267817415029e+00 3.033090244633969825e-15
2.964110425382541436e+00 2.894730429568237420e-15
2.969576644838206825e+00 2.766203875752045907e-15
2.975052944739887906e+00 2.646820746057057982e-15
2.980539343677293562e+00 2.535947047508571229e-15
2.986035860274401266e+00 2.433000279918633575e-15
2.991542513189543673e+00 2.337445452388080535e-15
2.997059321115461472e+00 2.248791439420729321e-15
3.002586302779358451e+00 2.166587650709062495e-15
3.008123476942985430e+00 2.090420990826263537e-15
3.013670862402681561e+00 2.019913087101318727e-15
3.019228477989456039e+00 1.954717765869669398e-15
3.024796342569047169e+00 1.894518759097015863e-15
3.030374475041973881e+00 1.839027625072775042e-15
3.035962894343622764e+00 1.787981868477384437e-15
3.041561619444286713e+00 1.741143246652735319e-15
3.047170669349252847e+00 1.698293777490023416e-15
3.052790063098856699e+00 1.659194955975549712e-15
3.058419819768535941e+00 1.623597214439907479e-15
3.064059958468916101e+00 1.591274673017757483e-15
3.069710498345866512e+00 1.562023896552469759e-15
3.075371458580552275e+00 1.535661734517136931e-15
3.081042858389525740e+00 1.512023404414187989e-15
3.086724717024763365e+00 1.490960789710095519e-15
3.092417053773754976e+00 1.472340927054340140e-15
3.098119887959558394e+00 1.456044660724878013e-15
3.103833238940857608e+00 1.441965445004366021e-15
3.109557126112048042e+00 1.430008277584232253e-15
3.115291568903278741e+00 1.420088749169794102e-15
3.121036586780539857e+00 1.412132196260826456e-15
3.126792199245720383e+00 1.406072945648374689e-15
3.132558425836662330e+00 1.401853640530375470e-15
3.138335286127252655e+00 1.399424639334657477e-15
3.144122799727460560e+00 1.398743479370634829e-15
3.149920986283429869e+00 1.399774398331500870e-15
3.155729865477533647e+00 1.402487907453734905e-15
3.161549457028432375e+00 1.406860410825772962e-15
3.167379780691163660e+00 1.412873865934740727e-15
3.173220856257183087e+00 1.420515481061250515e-15
3.179072703554453483e+00 1.429777445586134105e-15
3.184935342447503537e+00 1.440656689668166477e-15
3.190808792837485530e+00 1.453154670095985344e-15
3.196693074662264156e+00 1.467277179415204953e-15
3.202588207896460037e+00 1.483034175690275773e-15
3.208494212551539437e+00 1.500439630483634892e-15
3.214411108675871542e+00 1.519511392825620541e-15
3.220338916354788417e+00 1.540271067112417733e-15
3.226277655710675596e+00 1.562743903008049414e-15
3.232227346903012943e+00 1.586958695542285364e-15
3.238188010128467464e+00 1.612947693693742513e-15
3.244159665620951927e+00 1.640746515825750135e-15
3.250142333651682591e+00 1.670394070405497154e-15
3.256136034529272028e+00 1.701932480486462885e-15
3.262140788599771746e+00 1.735407010468839637e-15
3.268156616246763679e+00 1.770865993678648962e-15
3.274183537891420137e+00 1.808360759319678393e-15
3.280221573992561979e+00 1.847945557357980576e-15
3.286270745046753206e+00 1.889677479897312035e-15
3.292331071588342706e+00 1.933616377592994388e-15
3.298402574189557068e+00 1.979824769638517725e-15
3.304485273460561423e+00 2.028367745838635933e-15
3.310579190049518505e+00 2.079312859259455776e-15
3.316684344642682358e+00 2.132730007921499273e-15
3.322800757964441853e+00 2.188691303972494308e-15
3.328928450777414838e+00 2.247270928751222301e-15
3.335067443882507199e+00 2.308544972125486047e-15
3.341217758118976366e+00 2.372591254463964611e-15
3.347379414364521466e+00 2.439489129580746742e-15
3.353552433535330835e+00 2.509319266974217947e-15
3.359736836586174835e+00 2.582163411674585166e-15
3.365932644510467142e+00 2.658104120011142256e-15
3.372139878340325581e+00 2.737224469619517316e-15
3.378358559146665385e+00 2.819607742029558155e-15
3.384588708039258709e+00 2.905337076206263112e-15
3.390830346166795906e+00 2.994495091466137970e-15
3.397083494716983676e+00 3.087163478256942037e-15
3.403348174916586366e+00 3.183422555372458212e-15
3.409624408031525444e+00 3.283350792283157767e-15
3.415912215366937676e+00 3.387024295390618655e-15
3.422211618267240407e+00 3.494516257171358295e-15
3.428522638116226595e+00 3.605896367359716021e-15
3.434845296337109222e+00 3.721230185528540642e-15
3.441179614392619879e+00 3.840578474677575251e-15
3.447525613785069609e+00 3.963996495711298880e-15
3.453883316056412411e+00 4.091533263005652198e-15
3.460252742788342495e+00 4.223230761611569916e-15
3.466633915602340466e+00 4.359123127029100083e-15
3.473026856159768361e+00 4.499235788914783071e-15
3.479431586161937151e+00 4.643584580545894484e-15
3.485848127350165360e+00 4.792174816370239410e-15
3.492276501505880759e+00 4.945000340511956948e-15
3.498716730450664336e+00 5.102042549678318996e-15
3.505168836046349323e+00 5.263269394530134862e-15
3.511632840195086480e+00 5.428634364218730325e-15
3.518108764839405378e+00 5.598075459469999532e-15
3.524596631962314319e+00 5.771514160294173156e-15
3.531096463587348300e+00 5.948854395116173591e-15
3.537608281778665820e+00 6.129981518857368100e-15
3.544132108641116830e+00 6.314761308233117080e-15
3.550667966320302238e+00 6.503038983269650411e-15
3.557215877002679161e+00 6.694638264769724966e-15
3.563775862915603998e+00 6.889360478155523597e-15
3.570347946327433686e+00 7.086983714796313707e-15
3.576932149547592310e+00 7.287262062546413453e-15
3.583528494926633723e+00 7.489924917793738210e-15
3.590137004856344127e+00 7.694676391813806275e-15
3.596757701769788262e+00 7.901194824631258041e-15
3.603390608141412432e+00 8.109132419904159365e-15
3.610035746487107122e+00 8.318115014530834907e-15
3.616693139364276277e+00 8.527741996740252044e-15
3.623362809371935445e+00 8.737586386333754655e-15
3.630044779150761958e+00 8.947195090487449002e-15
3.636739071383197519e+00 9.156089348092877649e-15
3.643445708793511262e+00 9.363765374980890975e-15
3.650164714147870360e+00 9.569695221543212449e-15
3.656896110254438170e+00 9.773327853215385401e-15
3.663639919963426195e+00 9.974090463009822504e-15
3.670396166167195773e+00 1.017139002378537567e-14
3.677164871800324697e+00 1.036461508619861664e-14
3.683946059839672937e+00 1.055313782631228800e-14
3.690739753304490112e+00 1.073631634463490093e-14
3.697545975256459005e+00 1.091349721593907900e-14
3.704364748799803930e+00 1.108401828657709241e-14
3.711196097081356893e+00 1.124721171318240026e-14
3.718040043290623320e+00 1.140240723364825246e-14
3.724896610659888641e+00 1.154893565813684727e-14
3.731765822464267135e+00 1.168613256460843781e-14
3.738647702021806296e+00 1.181334218003429177e-14
3.745542272693556107e+00 1.192992142508451081e-14
3.752449557883634768e+00 1.203524409672297354e-14
3.759369581039333053e+00 1.212870515984537134e-14
3.766302365651181816e+00 1.220972511590468521e-14
3.773247935253020380e+00 1.227775441345516458e-14
3.780206313422101783e+00 1.233227786275531570e-14
3.787177523779144295e+00 1.237281901406428626e-14
3.794161589988437555e+00 1.239894445711411514e-14
3.801158535757910961e+00 1.241026799748708040e-14
3.808168384839202947e+00 1.240645466434024508e-14
3.815191161027768896e+00 1.238722450314822804e-14
3.822226888162930880e+00 1.235235610692652941e-14
3.829275590127985129e+00 1.230168983979811053e-14
3.836337290850271753e+00 1.223514564503112138e-14
3.843412014301244906e+00 1.215294360879156840e-14
3.850499784496580702e+00 1.205554908745176727e-14
3.857600625496228286e+00 1.194348507369806913e-14
3.864714561404516857e+00 1.181732276569027735e-14
3.871841616370228945e+00 1.167767713241648506e-14
3.878981814586668353e+00 1.152520231756838199e-14
3.886135180291769853e+00 1.136058692620360535e-14
3.893301737768150694e+00 1.118454923780121354e-14
3.900481511343220742e+00 1.099783238818487468e-14
3.907674525389252640e+00 1.080119956124518751e-14
3.914880804323453312e+00 1.059542922945417415e-14
3.922100372608073204e+00 1.038131047989506393e-14
3.929333254750459137e+00 1.015963845996983064e-14
3.936579475303165321e+00 9.931209974133768320e-15
3.943839058864023084e+00 9.696819260012926862e-15
3.951112030076214143e+00 9.457253969106041197e-15
3.958398413628381629e+00 9.213291374027878048e-15
3.965698234254681598e+00 8.965694820954749548e-15
3.973011516734894943e+00 8.715210442619583611e-15
3.980338285894500672e+00 8.462564143930546832e-15
3.987678566604746067e+00 8.208458869081565808e-15
3.995032383782762153e+00 7.953572155913216928e-15
4.002399762391612548e+00 7.698553980324063770e-15
4.009780727440409365e+00 7.444024890713384788e-15
4.017175303984384271e+00 7.190574429819517698e-15
4.024583517124963095e+00 6.938759838892510282e-15
4.032005392009876843e+00 6.689105036927717749e-15
4.039440953833216774e+00 6.442099865716865833e-15
4.046890227835548082e+00 6.198199589712747832e-15
4.054353239303982726e+00 5.957824638203091805e-15
4.061830013572252263e+00 5.721360576006817099e-15
4.069320576020825087e+00 5.489158287864255095e-15
4.076824952076957054e+00 5.261534360880059665e-15
4.084343167214807835e+00 5.038771648773147871e-15
4.091875246955514633e+00 4.821120001304083844e-15
4.099421216867267681e+00 4.608797142050851383e-15
4.106981102565424813e+00 4.401989677691101578e-15
4.114554929712563869e+00 4.200854222106087872e-15
4.122142724018601712e+00 4.005518618919446638e-15
4.129744511240867944e+00 3.816083246530785853e-15
4.137360317184178626e+00 3.632622390258085916e-15
4.144990167700956185e+00 3.455185666862847730e-15
4.152634088691278258e+00 3.283799487483347863e-15
4.160292106103002041e+00 3.118468545811857219e-15
4.167964245931832679e+00 2.959177319229566279e-15
4.175650534221404975e+00 2.805891571523120051e-15
4.183350997063392640e+00 2.658559846745809119e-15
4.191065660597587339e+00 2.517114944745142599e-15
4.198794551011971521e+00 2.381475369833965528e-15
4.206537694542840988e+00 2.251546745032307667e-15
4.214295117474855523e+00 2.127223185246333750e-15
4.222066846141161456e+00 2.008388623653350274e-15
4.229852906923468048e+00 1.894918086446513715e-15
4.237653326252120323e+00 1.786678911927715209e-15
4.245468130606224300e+00 1.683531910735640617e-15
4.253297346513697619e+00 1.585332464747546580e-15
4.261141000551393887e+00 1.491931562890351728e-15
4.268999119345177284e+00 1.403176772748537771e-15
4.276871729569998948e+00 1.318913147448498815e-15
4.284758857950023092e+00 1.238984067841362326e-15
4.292660531258676748e+00 1.163232020494331405e-15
4.300576776318774996e+00 1.091499312433595476e-15
4.308507620002596461e+00 1.023628723965617441e-15
4.316453089231965023e+00 9.594641012357897219e-16
4.324413210978367950e+00 8.988508904669449525e-16
4.332388012263013621e+00 8.416366160603737369e-16
4.340377520156954994e+00 7.876713049352813579e-16
4.348381761781169530e+00 7.368078596394353722e-16
4.356400764306632922e+00 6.889023828797308947e-16
4.364434554954446988e+00 6.438144562045546991e-16
4.372483160995896512e+00 6.014073756216106825e-16
4.380546609752568266e+00 5.615483469563948906e-16
4.388624928596438046e+00 5.241086437546385005e-16
4.396718144949942619e+00 4.889637305058525002e-16
4.404826286286106729e+00 4.559933539192029016e-16
4.412949380128605270e+00 4.250816049211216046e-16
4.421087454051879639e+00 3.961169539653358758e-16
4.429240535681223889e+00 3.689922621572350984e-16
4.437408652692864663e+00 3.436047705937994972e-16
4.445591832814082878e+00 3.198560702127834480e-16
4.453790103823276780e+00 2.976520543309944690e-16
4.462003493550081856e+00 2.769028559326154241e-16
4.470232029875458757e+00 2.575227716480283837e-16
4.478475740731769683e+00 2.394301742406444111e-16
4.486734654102904507e+00 2.225474152966337977e-16
4.495008798024342944e+00 2.068007196911166032e-16
4.503298200583278899e+00 1.921200732841288399e-16
4.511602889918701287e+00 1.784391051831398374e-16
4.519922894221480192e+00 1.656949657950162191e-16
4.528258241734490319e+00 1.538282017807858296e-16
4.536608960752672282e+00 1.427826289215977769e-16
4.544975079623157832e+00 1.325052038036768652e-16
4.553356626745358682e+00 1.229458951350837334e-16
4.561753630571041107e+00 1.140575554169332227e-16
4.570166119604461841e+00 1.057957936071120529e-16
4.578594122402423139e+00 9.811884933549689283e-17
4.587037667574404232e+00 9.098746915560252269e-17
4.595496783782643035e+00 8.436478524941377571e-17
4.603971499742223195e+00 7.821619693871564092e-17
4.612461844221197538e+00 7.250925529822845097e-17
4.620967846040656468e+00 6.721355111268152840e-17
4.629489534074852308e+00 6.230060637143358540e-17
4.638026937251285453e+00 5.774376945046258384e-17
4.646580084550787859e+00 5.351811409187391303e-17
4.655149005007651830e+00 4.960034225557677438e-17
4.663733727709710841e+00 4.596869088617683848e-17
4.672334281798429245e+00 4.260284261000190577e-17
4.680950696469026617e+00 3.948384035248074780e-17
4.689583000970547921e+00 3.659400584457116235e-17
4.698231224605987855e+00 3.391686196815158852e-17
4.706895396732382331e+00 3.143705887433189752e-17
4.715575546760890191e+00 2.914030379499478156e-17
4.724271704156928209e+00 2.701329445650255920e-17
4.732983898440231485e+00 2.504365599519994333e-17
4.741712159184987563e+00 2.321988126675571483e-17
4.750456516019924358e+00 2.153127443557171121e-17
4.759216998628392759e+00 1.996789772606159272e-17
4.767993636748505182e+00 1.852052121450515909e-17
4.776786460173194193e+00 1.718057553831752074e-17
4.785595498750349286e+00 1.594010739861671410e-17
4.794420782382903923e+00 1.479173773203941453e-17
4.803262341028921689e+00 1.372862242850421428e-17
4.812120204701733073e+00 1.274441547308460739e-17
4.820994403469995859e+00 1.183323439220347199e-17
4.829884967457835465e+00 1.098962577802085069e-17
4.838791926844929314e+00 1.020850978848131162e-17
4.847715311866593879e+00 9.485168206815946651e-18
4.856655152813926790e+00 8.815240757837019204e-18
4.865611480033864567e+00 8.194698599197134114e-18
4.874584323929321172e+00 7.619819245742391670e-18
4.883573714959281276e+00 7.087163358540224132e-18
4.892579683638881072e+00 6.593553264445055646e-18
4.901602260539553058e+00 6.136053081187775432e-18
4.910641476289088203e+00 5.711950331532773689e-18
4.919697361571772731e+00 5.318738938056900958e-18
4.928769947128478712e+00 4.954103497630818352e-18
4.937859263756755546e+00 4.615904741717869363e-18
4.946965342310964076e+00 4.302166095187131288e-18
4.956088213702348533e+00 4.011061252504714480e-18
4.965227908899170650e+00 3.740902695910361965e-18
4.974384458926801145e+00 3.490131085570833028e-18
4.983557894867812088e+00 3.257305456709466716e-18
4.992748247862115463e+00 3.041094163392133390e-18
5.001955549107028887e+00 2.840266513013664250e-18
5.011179829857418611e+00 2.653685039585801726e-18
5.020421121425788336e+00 2.480298367719320008e-18
5.029679455182369807e+00 2.319134622710125240e-18
5.038954862555268477e+00 2.169295345416006050e-18
5.048247375030523898e+00 2.029949873661767573e-18
5.057557024152258940e+00 1.900330154737441041e-18
5.066883841522765053e+00 1.779725956190156913e-18
5.076227858802599080e+00 1.667480444550604966e-18
5.085589107710725365e+00 1.562986103904980128e-18
5.094967620024578814e+00 1.465680968329444912e-18
5.104363427580214108e+00 1.375045144153921922e-18
5.113776562272395410e+00 1.290597599836475634e-18
5.123207056054689623e+00 1.211893202905141760e-18
5.132654940939604948e+00 1.138519984980499753e-18
5.142120248998685916e+00 1.070096617334104237e-18
5.151603012362605760e+00 1.006270080770952900e-18
5.161103263221312076e+00 9.467135148598863983e-19
5.170621033824092549e+00 8.911242326806242364e-19
5.180156356479725055e+00 8.392218883118663258e-19
5.189709263556566476e+00 7.907467852661769502e-19
5.199279787482652182e+00 7.454583149809225136e-19
5.208867960745838133e+00 7.031335153119884020e-19
5.218473815893872825e+00 6.635657397516159522e-19
5.228097385534542063e+00 6.265634288054621023e-19
5.237738702335764884e+00 5.919489756260248349e-19
5.247397799025689480e+00 5.595576786096245951e-19
5.257074708392838858e+00 5.292367742277267636e-19
5.266769463286181008e+00 5.008445438851918972e-19
5.276482096615280781e+00 4.742494890778066469e-19
5.286212641350389596e+00 4.493295695664892648e-19
5.295961130522545801e+00 4.259714996947612742e-19
5.305727597223723002e+00 4.040700983544770963e-19
5.315512074606897563e+00 3.835276884544750727e-19
5.325314595886203151e+00 3.642535420680633958e-19
5.335135194337023101e+00 3.461633677333474443e-19
5.344973903296089013e+00 3.291788366540814438e-19
5.354830756161632621e+00 3.132271448017964459e-19
5.364705786393454190e+00 2.982406081535307573e-19
5.374599027513073501e+00 2.841562885142809791e-19
5.384510513103830220e+00 2.709156475720772101e-19
5.394440276810978929e+00 2.584642270164981273e-19
5.404388352341843671e+00 2.467513527200526849e-19
5.414354773465885451e+00 2.357298611378613721e-19
5.424339574014858556e+00 2.253558462240876496e-19
5.434342787882907366e+00 2.155884252963049149e-19
5.444364449026664943e+00 2.063895224006442837e-19
5.454404591465406682e+00 1.977236678432202315e-19
5.464463249281123147e+00 1.895578126570242933e-19
5.474540456618672835e+00 1.818611568689340487e-19
5.484636247685880761e+00 1.746049905198480231e-19
5.494750656753640605e+00 1.677625464720837048e-19
5.504883718156067474e+00 1.613088641131332658e-19
5.515035466290571620e+00 1.552206631341100559e-19
5.525205935618013875e+00 1.494762266247368775e-19
5.535395160662804237e+00 1.440552927857036009e-19
5.545603176013004898e+00 1.389389546133134889e-19
5.555830016320483900e+00 1.341095669613270643e-19
5.566075716300990628e+00 1.295506604311639451e-19
5.576340310734312133e+00 1.252468615840152466e-19
5.586623834464374383e+00 1.211838190078571140e-19
5.596926322399341736e+00 1.173481348085022377e-19
5.607247809511778591e+00 1.137273011273355525e-19
5.617588330838717781e+00 1.103096413193247225e-19
5.627947921481825766e+00 1.070842554533759275e-19
5.638326616607498565e+00 1.040409698235812550e-19
5.648724451446968331e+00 1.011702901842442473e-19
5.659141461296460562e+00 9.846335844414695694e-20
5.669577681517267820e+00 9.591191257645384261e-20
5.680033147535912263e+00 9.350824951991883582e-20
5.690507894844247794e+00 9.124519086507582122e-20
5.701001958999560415e+00 8.911605113567961299e-20
5.711515375624728996e+00 8.711460849111185402e-20
5.722048180408322970e+00 8.523507768987614393e-20
5.732600409104710693e+00 8.347208516766073935e-20
5.743172097534219311e+00 8.182064609592069579e-20
5.753763281583209377e+00 8.027614329863204311e-20
5.764373997204240041e+00 7.883430791576925551e-20
5.775004280416169422e+00 7.749120171235018095e-20
5.785654167304262963e+00 7.624320094154557238e-20
5.796323694020355966e+00 7.508698167950056471e-20
5.807012896782928202e+00 7.401950655821224289e-20
5.817721811877270000e+00 7.303801283105059520e-20
5.828450475655587049e+00 7.214000171346282816e-20
5.839198924537102542e+00 7.132322894902559549e-20
5.849967195008228593e+00 7.058569655842632954e-20
5.860755323622638180e+00 6.992564573616283694e-20
5.871563347001432120e+00 6.934155086686742561e-20
5.882391301833245656e+00 6.883211464019559162e-20
5.893239224874355031e+00 6.839626425022889662e-20
5.904107152948842696e+00 6.803314867243466214e-20
5.914995122948677242e+00 6.774213701838336725e-20
5.925903171833879490e+00 6.752281797579114965e-20
5.936831336632627298e+00 6.737500034903912236e-20
5.947779654441366581e+00 6.729871472323321522e-20
5.958748162424978290e+00 6.729421628312817884e-20
5.969736897816857457e+00 6.736198882705203462e-20
5.980745897919078402e+00 6.750275002524498895e-20
5.991775200102507526e+00 6.771745798204121962e-20
6.002824841806907230e+00 6.800731917208459314e-20
6.013894860541111775e+00 6.837379783241206321e-20
6.024985293883099224e+00 6.881862690494011706e-20
6.036096179480167301e+00 6.934382063775867924e-20
6.047227555049039083e+00 6.995168896885035663e-20
6.058379458375974025e+00 7.064485383260764448e-20
6.069551927316939377e+00 7.142626754806623890e-20
6.080744999797688344e+00 7.229914674531524904e-20
6.091958713813935056e+00 7.326593945275707286e-20
6.103193107431460263e+00 7.432861648497368663e-20
6.114448218786226796e+00 7.548942124210480462e-20
6.125724086084549214e+00 7.675088769301164921e-20
6.137020747603173731e+00 7.811584374310911675e-20
6.148338241689454975e+00 7.958741570055540557e-20
6.159676606761463447e+00 8.116903379645719317e-20
6.171035881308099214e+00 8.286443871971238971e-20
6.182416103889267767e+00 8.467768913120028120e-20
6.193817313135956404e+00 8.661317012535043092e-20
6.205239547750414530e+00 8.867560260969178878e-20
6.216682846506262905e+00 9.087005357480408813e-20
6.228147248248605550e+00 9.320194722824381098e-20
6.239632791894210939e+00 9.567707696652832505e-20
6.251139516431586607e+00 9.830161815893607295e-20
6.262667460921160334e+00 1.010821417161236350e-19
6.274216664495392948e+00 1.040256284149070762e-19
6.285787166358892009e+00 1.071394839483035041e-19
6.297379005788587669e+00 1.104315546670437316e-19
6.308992222133817940e+00 1.139101439749848241e-19
6.320626854816504547e+00 1.175840293365402111e-19
6.332282943331270175e+00 1.214624798489811009e-19
6.343960527245549486e+00 1.255552743265248068e-19
6.355659646199764978e+00 1.298727198363594086e-19
6.367380339907443343e+00 1.344256706190621492e-19
6.379122648155325592e+00 1.392255473173566150e-19
6.390886610803552692e+00 1.442843564278120507e-19
6.402672267785747273e+00 1.496147098795633411e-19
6.414479659109193044e+00 1.552298446330066641e-19
6.426308824854955581e+00 1.611436421789379281e-19
6.438159805177991579e+00 1.673706478053772573e-19
6.450032640307338916e+00 1.739260894850497003e-19
6.461927370546193927e+00 1.808258962209635645e-19
6.473844036272099700e+00 1.880867156713537435e-19
6.485782677937058871e+00 1.957259308576982974e-19
6.497743336067655306e+00 2.037616757411901624e-19
6.509726051265233515e+00 2.122128494337799243e-19
6.521730864205987466e+00 2.210991287893959293e-19
6.533757815641143551e+00 2.304409791001540513e-19
6.545806946397077830e+00 2.402596626001691224e-19
6.557878297375435928e+00 2.505772444572163976e-19
6.569971909553319556e+00 2.614165959093907381e-19
6.582087823983370001e+00 2.728013941801939972e-19
6.594226081793954641e+00 2.847561187821449115e-19
6.606386724189287740e+00 2.973060437948359334e-19
6.618569792449550349e+00 3.104772256801497003e-19
6.630775327931075935e+00 3.242964861743271939e-19
6.643003372066436540e+00 3.387913897739881024e-19
6.655253966364634621e+00 3.539902153126458438e-19
6.667527152411216740e+00 3.699219211040813118e-19
6.679822971868402348e+00 3.866161031116654957e-19
6.692141466475267642e+00 4.041029455873439257e-19
6.704482678047831712e+00 4.224131636112064183e-19
6.716846648479252835e+00 4.415779369542492401e-19
6.729233419739941269e+00 4.616288346810330129e-19
6.741643033877689817e+00 4.825977299092230371e-19
6.754075533017857680e+00 5.045167041474017215e-19
6.766530959363463715e+00 5.274179406431768801e-19
6.779009355195372954e+00 5.513336061913613828e-19
6.791510762872424500e+00 5.762957208760100762e-19
6.804035224831550543e+00 6.023360152532455719e-19
6.816582783587970873e+00 6.294857745234721932e-19
6.829153481735280806e+00 6.577756692918542483e-19
6.841747361945646588e+00 6.872355725783652658e-19
6.854364466969926184e+00 7.178943628100095737e-19
6.867004839637795399e+00 7.497797126121573526e-19
6.879668522857940616e+00 7.829178633123428776e-19
6.892355559618151162e+00 8.173333851778018898e-19
6.905065992985512935e+00 8.530489235308054429e-19
6.917799866106530970e+00 8.900849310207748501e-19
6.930557222207260004e+00 9.284593864811044415e-19
6.943338104593496318e+00 9.681875009618692289e-19
6.956142556650869224e+00 1.009281411704624539e-18
6.968970621845038238e+00 1.051749865016053578e-18
6.981822343721820978e+00 1.095597889197738158e-18
6.994697765907316622e+00 1.140826458903804743e-18
7.007596932108105747e+00 1.187432152521782775e-18
7.020519886111340924e+00 1.235406804405319752e-18
7.033466671784944779e+00 1.284737154028654745e-18
7.046437333077741449e+00 1.335404494378350080e-18
7.059431914019577370e+00 1.387384322148206907e-18
7.072450458721520228e+00 1.440645992552750288e-18
7.085493011375982420e+00 1.495152381821989077e-18
7.098559616256852500e+00 1.550859560681928456e-18
7.111650317719695025e+00 1.607716482357790454e-18
7.124765160201842917e+00 1.665664688853202797e-18
7.137904188222599977e+00 1.724638039461604860e-18
7.151067446383368775e+00 1.784562465641363891e-18
7.164254979367781218e+00 1.845355756537831365e-18
7.177466831941901049e+00 1.906927379553846101e-18
7.190703048954318000e+00 1.969178340449756122e-18
7.203963675336350292e+00 2.032001087494272786e-18
7.217248756102174312e+00 2.095279464176353657e-18
7.230558336348958726e+00 2.158888714928777416e-18
7.243892461257065207e+00 2.222695548194878077e-18
7.257251176090146139e+00 2.286558260989462762e-18
7.270634526195347114e+00 2.350326928861622153e-18
7.284042557003441054e+00 2.413843664852328387e-18
7.297475314028956994e+00 2.476942950655141158e-18
7.310932842870391468e+00 2.539452042732804567e-18
7.324415189210299104e+00 2.601191455608050857e-18
7.337922398815501346e+00 2.661975523945638384e-18
7.351454517537222344e+00 2.721613044363335620e-18
7.365011591311216854e+00 2.779907997164166456e-18
7.378593666157982511e+00 2.836660347371078927e-18
7.392200788182855753e+00 2.891666923570824586e-18
7.405833003576217877e+00 2.944722372152153847e-18
7.419490358613634484e+00 2.995620183549803416e-18
7.433172899655983379e+00 3.044153786103105442e-18
7.446880673149671281e+00 3.090117702109294475e-18
7.460613725626726200e+00 3.133308759610382798e-18
7.474372103705012371e+00 3.173527352418737591e-18
7.488155854088360819e+00 3.210578739866120302e-18
7.501965023566709689e+00 3.244274376779698066e-18
7.515799659016313861e+00 3.274433263255291830e-18
7.529659807399845306e+00 3.300883302935814232e-18
7.543545515766602705e+00 3.323462657728220043e-18
7.557456831252649998e+00 3.342021086218405271e-18
7.571393801080954944e+00 3.356421252497169371e-18
7.585356472561599617e+00 3.366539991697585138e-18
7.599344893091883435e+00 3.372269518287746769e-18
7.613359110156534548e+00 3.373518563074995715e-18
7.627399171327849281e+00 3.370213424967348573e-18
7.641465124265831577e+00 3.362298923821039671e-18
7.655557016718407048e+00 3.349745720240331729e-18
7.669674896521524232e+00 3.332620512990826087e-18
7.683818811599370413e+00 3.311057779418411446e-18
7.697988809964512846e+00 3.285209061262780640e-18
7.712184939718034649e+00 3.255240672557087326e-18
7.726407249049756842e+00 3.221332210069962940e-18
7.740655786238338720e+00 3.183675022244487901e-18
7.754930599651492784e+00 3.142470652678642334e-18
7.769231737746129518e+00 3.097929273640742949e-18
7.783559249068496833e+00 3.050268124396331334e-18
7.797913182254392339e+00 2.999709968263398593e-18
7.812293586029303682e+00 2.946481581331806480e-18
7.826700509208553314e+00 2.890812284703310721e-18
7.841134000697514317e+00 2.832932530947899322e-18
7.855594109491718768e+00 2.773072554260534189e-18
7.870080884677075339e+00 2.711461092550272998e-18
7.884594375430014956e+00 2.648324188429922982e-18
7.899134631017631136e+00 2.583884074812293294e-18
7.913701700797905580e+00 2.518358149575289265e-18
7.928295634219811205e+00 2.451958042554638369e-18
7.942916480823534187e+00 2.384888776961763150e-18
7.957564290240619620e+00 2.317348026230978693e-18
7.972239112194118071e+00 2.249525466272067996e-18
7.986940996498804957e+00 2.181602222156168340e-18
8.001669993061289787e+00 2.113750407402373888e-18
8.016426151880242656e+00 2.046132753255050055e-18
8.031209523046536347e+00 1.978902324662115527e-18
8.046020156743393770e+00 1.912202319072273924e-18
8.060858103246614448e+00 1.846165943672129974e-18
8.075723412924682876e+00 1.780916366276943467e-18
8.090616136238988787e+00 1.716566734767047228e-18
8.105536323743987026e+00 1.653220259727777323e-18
8.120484026087332552e+00 1.590970354791888730e-18
8.135459294010116693e+00 1.529900829099967221e-18
8.150462178346966624e+00 1.470086126280273886e-18
8.165492730026285173e+00 1.411591604392879035e-18
8.180551000070391154e+00 1.354473851386924103e-18
8.195637039595672135e+00 1.298781030767894131e-18
8.210750899812815362e+00 1.244553252364421637e-18
8.225892632026912565e+00 1.191822963312415476e-18
8.241062287637690886e+00 1.140615354630124731e-18
8.256259918139672749e+00 1.090948779039882363e-18
8.271485575122310863e+00 1.042835175988913178e-18
8.286739310270235137e+00 9.962805001328480789e-19
8.302021175363353933e+00 9.512851498639901955e-19
8.317331222277084990e+00 9.078443927862929474e-19
8.332669502982520626e+00 8.659487853601492145e-19
8.348036069546560967e+00 8.255845842551075216e-19
8.363430974132160856e+00 7.867341472557874197e-19
8.378854268998441768e+00 7.493763218650318046e-19
8.394306006500915629e+00 7.134868200316950245e-19
8.409786239091650017e+00 6.790385777021949903e-19
8.425295019319413825e+00 6.460020981489788945e-19
8.440832399829918842e+00 6.143457782666236963e-19
8.456398433365926337e+00 5.840362172477395157e-19
8.471993172767488645e+00 5.550385072513147074e-19
8.487616670972103705e+00 5.273165058618903919e-19
8.503268981014866057e+00 5.008330903027818804e-19
8.518950156028706644e+00 4.755503935150777950e-19
8.534660249244513608e+00 4.514300223453578300e-19
8.550399313991356109e+00 4.284332581987243258e-19
8.566167403696654858e+00 4.065212406122806295e-19
8.581964571886333104e+00 3.856551342873888566e-19
8.597790872185054667e+00 3.657962801877336908e-19
8.613646358316339402e+00 3.469063313663055991e-19
8.629531084102811889e+00 3.289473742276258939e-19
8.645445103466345316e+00 3.118820359643160295e-19
8.661388470428232011e+00 2.956735789288887575e-19
8.677361239109409041e+00 2.802859827149090004e-19
8.693363463730623408e+00 2.656840147265887698e-19
8.709395198612583044e+00 2.518332900133270074e-19
8.725456498176209053e+00 2.387003211370452374e-19
8.741547416942742288e+00 2.262525588262610910e-19
8.757668009533997378e+00 2.144584241516166283e-19
8.773818330672520815e+00 2.032873329353174702e-19
8.789998435181743730e+00 1.927097130808055238e-19
8.806208377986237679e+00 1.826970154805832152e-19
8.822448214111826559e+00 1.732217191299037507e-19
8.838717998685837074e+00 1.642573310419795707e-19
8.855017786937255053e+00 1.557783815278645163e-19
8.871347634196890652e+00 1.477604153706978106e-19
8.887707595897627044e+00 1.401799793906101572e-19
8.904097727574541210e+00 1.330146068634147686e-19
8.920518084865145525e+00 1.262427992232379239e-19
8.936968723509556511e+00 1.198440054472493606e-19
8.953449699350660040e+00 1.137985994893201877e-19
8.969961068334356469e+00 1.080878560992576131e-19
8.986502886509681431e+00 1.026939253353101068e-19
9.003075210029059861e+00 9.759980604975240462e-20
9.019678095148471186e+00 9.278931860115678574e-20
9.036311598227610986e+00 8.824707702182667655e-20
9.052975775730145003e+00 8.395846084537172528e-20
9.069670684223828161e+00 7.990958677736389455e-20
9.086396380380763915e+00 7.608728037123687416e-20
9.103152920977564122e+00 7.247904785250251435e-20
9.119940362895519570e+00 6.907304821643231496e-20
9.136758763120852223e+00 6.585806570792464153e-20
9.153608178744839563e+00 6.282348277717365649e-20
9.170488666964068614e+00 5.995925359079746295e-20
9.187400285080604689e+00 5.725587816552357251e-20
9.204343090502161928e+00 5.470437717993950168e-20
9.221317140742353757e+00 5.229626750944715510e-20
9.238322493420822568e+00 5.002353852017542754e-20
9.255359206263497285e+00 4.787862914917964544e-20
9.272427337102758571e+00 4.585440579076766515e-20
9.289526943877611131e+00 4.394414100212424296e-20
9.306658084633946615e+00 4.214149303552063181e-20
9.323820817524660853e+00 4.044048619929482938e-20
9.341015200809920316e+00 3.883549204523729720e-20
9.358241292857330862e+00 3.732121137624143764e-20
9.375499152142110049e+00 3.589265706472672640e-20
9.392788837247346478e+00 3.454513766959233891e-20
9.410110406864125920e+00 3.327424183717286170e-20
9.427463919791801317e+00 3.207582346975794549e-20
9.444849434938152655e+00 3.094598764381116055e-20
9.462267011319571708e+00 2.988107725885048348e-20
9.479716708061317831e+00 2.887766039717602094e-20
9.497198584397649412e+00 2.793251837411552181e-20
9.514712699672090324e+00 2.704263445818673039e-20
9.532259113337600454e+00 2.620518324058194074e-20
9.549837884956749789e+00 2.541752063356880217e-20
9.567449074201988424e+00 2.467717447778291342e-20
9.585092740855774451e+00 2.398183573898538036e-20
9.602768944810836871e+00 2.332935027556282146e-20
9.620477746070362102e+00 2.271771115895295593e-20
9.638219204748152080e+00 2.214501810744384133e-20
9.655993381068904924e+00 2.160915560110048899e-20
9.673800335368376579e+00 2.110796097669285274e-20
9.691640128093560236e+00 2.063943830174774288e-20
9.709512819802963435e+00 2.020174789470571105e-20
9.727418471166730640e+00 1.979319388091795038e-20
9.745357142966922126e+00 1.941221288541452212e-20
9.763328896097682730e+00 1.905736375345564152e-20
9.781333791565431923e+00 1.872731820116435231e-20
9.799371890489128489e+00 1.842085230860437951e-20
9.817443254100403749e+00 1.813683877663519369e-20
9.835547943743838673e+00 1.787423987688685221e-20
9.853686020877143292e+00 1.763210103134602430e-20
9.871857547071332561e+00 1.740954496444823359e-20
9.890062584011003466e+00 1.720576637627785207e-20
9.908301193494475356e+00 1.702002709061837249e-20
9.926573437434054625e+00 1.685165163617243191e-20
9.944879377856226554e+00 1.670002322339603049e-20
9.963219076901829396e+00 1.656458008308966000e-20
9.981592596826340369e+00 1.644481213620611258e-20
1.000000000000000000e+01 1.634025796732439129e-20
