1.000000000000000000e+00 2.556723382950498724e-01
1.001382782584698150e+00 2.548612316365338470e-01
1.002767477257072715e+00 2.540525915467293783e-01
1.004154086661125600e+00 2.532464109029822774e-01
1.005542613444514011e+00 2.524426826019030012e-01
1.006933060258556889e+00 2.516413995593173025e-01
1.008325429758239133e+00 2.508425547102197117e-01
1.009719724602217150e+00 2.500461410087255754e-01
1.011115947452823294e+00 2.492521514317345421e-01
1.012514100976071640e+00 2.484605790057018704e-01
1.013914187841662651e+00 2.476714167906622632e-01
1.015316210722988277e+00 2.468846578650648604e-01
1.016720172297137736e+00 2.461002953256238024e-01
1.018126075244901507e+00 2.453183222872767355e-01
1.019533922250777325e+00 2.445387318831420409e-01
1.020943716002974622e+00 2.437615172644773953e-01
1.022355459193420524e+00 2.429866716006371385e-01
1.023769154517764068e+00 2.422141880790310287e-01
1.025184804675382422e+00 2.414440599050819980e-01
1.026602412369384654e+00 2.406762803021849362e-01
1.028021980306618177e+00 2.399108425116644183e-01
1.029443511197672967e+00 2.391477397927337101e-01
1.030867007756887777e+00 2.383869654224527734e-01
1.032292472702353692e+00 2.376285126956874105e-01
1.033719908755921457e+00 2.368723749250672694e-01
1.035149318643205030e+00 2.361185454409449325e-01
1.036580705093586907e+00 2.353670175913551155e-01
1.038014070840224345e+00 2.346177847419724793e-01
1.039449418620053800e+00 2.338708402760716898e-01
1.040886751173796254e+00 2.331261775944857007e-01
1.042326071245962327e+00 2.323837901155652585e-01
1.043767381584858045e+00 2.316436712751378801e-01
1.045210684942589507e+00 2.309058145264672457e-01
1.046655984075068657e+00 2.301702133402121486e-01
1.048103281742017723e+00 2.294368612043866662e-01
1.049552580706975435e+00 2.287057516243188593e-01
1.051003883737302136e+00 2.279768781226103602e-01
1.052457193604183994e+00 2.272502342390968211e-01
1.053912513082640334e+00 2.265258135308064746e-01
1.055369844951526304e+00 2.258036095719209158e-01
1.056829191993540862e+00 2.250836159537339953e-01
1.058290556995230114e+00 2.243658262846125739e-01
1.059753942746993527e+00 2.236502341899561652e-01
1.061219352043089259e+00 2.229368333121565515e-01
1.062686787681639045e+00 2.222256173105589816e-01
1.064156252464633967e+00 2.215165798614211479e-01
1.065627749197939789e+00 2.208097146578744674e-01
1.067101280691301834e+00 2.201050154098839751e-01
1.068576849758350766e+00 2.194024758442087442e-01
1.070054459216608134e+00 2.187020897043624179e-01
1.071534111887491481e+00 2.180038507505739631e-01
1.073015810596319453e+00 2.173077527597480907e-01
1.074499558172317792e+00 2.166137895254260370e-01
1.075985357448624224e+00 2.159219548577466785e-01
1.077473211262294450e+00 2.152322425834066744e-01
1.078963122454306589e+00 2.145446465456222196e-01
1.080455093869568062e+00 2.138591606040894100e-01
1.081949128356919143e+00 2.131757786349459949e-01
1.083445228769140511e+00 2.124944945307315758e-01
1.084943397962956579e+00 2.118153022003500530e-01
1.086443638799043043e+00 2.111381955690296575e-01
1.087945954142030436e+00 2.104631685782853978e-01
1.089450346860510788e+00 2.097902151858799524e-01
1.090956819827042956e+00 2.091193293657853114e-01
1.092465375918157289e+00 2.084505051081443350e-01
1.093976018014362728e+00 2.077837364192323122e-01
1.095488749000150364e+00 2.071190173214192409e-01
1.097003571764000540e+00 2.064563418531308037e-01
1.098520489198387295e+00 2.057957040688109251e-01
1.100039504199785023e+00 2.051370980388832754e-01
1.101560619668672247e+00 2.044805178497139109e-01
1.103083838509539394e+00 2.038259576035724718e-01
1.104609163630892343e+00 2.031734114185951290e-01
1.106136597945259092e+00 2.025228734287464472e-01
1.107666144369195083e+00 2.018743377837818320e-01
1.109197805823288530e+00 2.012277986492099768e-01
1.110731585232166196e+00 2.005832502062551148e-01
1.112267485524499389e+00 1.999406866518194936e-01
1.113805509633008617e+00 1.993001021984463494e-01
1.115345660494470037e+00 1.986614910742822149e-01
1.116887941049720334e+00 1.980248475230401151e-01
1.118432354243663385e+00 1.973901658039615703e-01
1.119978903025274475e+00 1.967574401917804028e-01
1.121527590347606962e+00 1.961266649766851278e-01
1.123078419167798270e+00 1.954978344642818722e-01
1.124631392447073663e+00 1.948709429755582645e-01
1.126186513150754243e+00 1.942459848468454653e-01
1.127743784248261161e+00 1.936229544297823624e-01
1.129303208713121176e+00 1.930018460912784617e-01
1.130864789522973313e+00 1.923826542134773054e-01
1.132428529659573968e+00 1.917653731937198069e-01
1.133994432108802464e+00 1.911499974445080852e-01
1.135562499860667263e+00 1.905365213934686053e-01
1.137132735909310854e+00 1.899249394833165128e-01
1.138705143253016416e+00 1.893152461718185520e-01
1.140279724894212698e+00 1.887074359317576500e-01
1.141856483839480907e+00 1.881015032508959461e-01
1.143435423099558701e+00 1.874974426319395981e-01
1.145016545689347742e+00 1.868952485925023388e-01
1.146599854627918136e+00 1.862949156650694216e-01
1.148185352938515091e+00 1.856964383969620380e-01
1.149773043648563808e+00 1.850998113503015963e-01
1.151362929789676359e+00 1.845050291019737221e-01
1.152955014397656575e+00 1.839120862435928427e-01
1.154549300512506038e+00 1.833209773814666321e-01
1.156145791178430082e+00 1.827316971365601506e-01
1.157744489443843783e+00 1.821442401444610670e-01
1.159345398361376844e+00 1.815586010553436602e-01
1.160948520987880928e+00 1.809747745339338743e-01
1.162553860384434090e+00 1.803927552594740136e-01
1.164161419616347226e+00 1.798125379256875767e-01
1.165771201753170061e+00 1.792341172407441729e-01
1.167383209868696925e+00 1.786574879272245231e-01
1.168997447040972304e+00 1.780826447220853759e-01
1.170613916352297279e+00 1.775095823766248970e-01
1.172232620889234411e+00 1.769382956564478082e-01
1.173853563742615069e+00 1.763687793414302762e-01
1.175476748007544092e+00 1.758010282256856904e-01
1.177102176783406673e+00 1.752350371175297739e-01
1.178729853173873021e+00 1.746708008394463052e-01
1.180359780286905469e+00 1.741083142280525076e-01
1.181991961234764466e+00 1.735475721340642985e-01
1.183626399134013019e+00 1.729885694222628723e-01
1.185263097105524466e+00 1.724313009714592837e-01
1.186902058274487359e+00 1.718757616744611694e-01
1.188543285770411684e+00 1.713219464380382195e-01
1.190186782727134851e+00 1.707698501828883164e-01
1.191832552282827695e+00 1.702194678436030340e-01
1.193480597580000913e+00 1.696707943686343589e-01
1.195130921765509502e+00 1.691238247202607181e-01
1.196783527990561202e+00 1.685785538745525614e-01
1.198438419410720046e+00 1.680349768213396378e-01
1.200095599185914352e+00 1.674930885641764400e-01
1.201755070480441390e+00 1.669528841203091196e-01
1.203416836462974482e+00 1.664143585206418752e-01
1.205080900306567893e+00 1.658775068097035343e-01
1.206747265188664153e+00 1.653423240456137477e-01
1.208415934291099170e+00 1.648088053000504871e-01
1.210086910800108662e+00 1.642769456582160448e-01
1.211760197906334158e+00 1.637467402188042820e-01
1.213435798804829435e+00 1.632181840939671280e-01
1.215113716695065849e+00 1.626912724092820783e-01
1.216793954780939657e+00 1.621660003037185549e-01
1.218476516270776688e+00 1.616423629296056541e-01
1.220161404377339665e+00 1.611203554522523118e-01
1.221848622317833311e+00 1.605999730431078298e-01
1.223538173313911903e+00 1.600812108802535105e-01
1.225230060591683712e+00 1.595640641549209149e-01
1.226924287381718548e+00 1.590485280717221506e-01
1.228620856919053095e+00 1.585345978486162044e-01
1.230319772443197568e+00 1.580222687168751083e-01
1.232021037198141933e+00 1.575115359210497168e-01
1.233724654432361012e+00 1.570023947189367886e-01
1.235430627398822923e+00 1.564948403815439870e-01
1.237138959354992629e+00 1.559888681930577947e-01
1.238849653562840381e+00 1.554844734508089854e-01
1.240562713288846375e+00 1.549816514652394284e-01
1.242278141804007863e+00 1.544803975598690038e-01
1.243995942383845588e+00 1.539807070712616854e-01
1.245716118308409115e+00 1.534825753489929001e-01
1.247438672862283715e+00 1.529859977556162209e-01
1.249163609334596803e+00 1.524909696666300607e-01
1.250890931019023267e+00 1.519974864704450868e-01
1.252620641213793240e+00 1.515055435683507756e-01
1.254352743221696986e+00 1.510151363744829389e-01
1.256087240350092227e+00 1.505262603157907220e-01
1.257824135910909913e+00 1.500389108320041576e-01
1.259563433220660444e+00 1.495530833756011369e-01
1.261305135600440552e+00 1.490687734117751295e-01
1.263049246375939072e+00 1.485859764184026266e-01
1.264795768877443827e+00 1.481046878860105553e-01
1.266544706439847401e+00 1.476249033177443604e-01
1.268296062402654023e+00 1.471466182293350300e-01
1.270049840109985562e+00 1.466698281490675659e-01
1.271806042910588408e+00 1.461945286177483982e-01
1.273564674157839027e+00 1.457207151886735219e-01
1.275325737209751287e+00 1.452483834275965502e-01
1.277089235428982006e+00 1.447775289126964904e-01
1.278855172182838729e+00 1.443081472345462135e-01
1.280623550843284164e+00 1.438402339960805354e-01
1.282394374786944624e+00 1.433737848125644365e-01
1.284167647395114908e+00 1.429087953115616982e-01
1.285943372053765632e+00 1.424452611329029561e-01
1.287721552153549442e+00 1.419831779286545026e-01
1.289502191089807903e+00 1.415225413630865903e-01
1.291285292262576823e+00 1.410633471126423455e-01
1.293070859076594470e+00 1.406055908659062104e-01
1.294858894941306238e+00 1.401492683235730785e-01
1.296649403270872414e+00 1.396943751984169035e-01
1.298442387484174620e+00 1.392409072152593352e-01
1.300237851004821588e+00 1.387888601109394104e-01
1.302035797261156258e+00 1.383382296342820506e-01
1.303836229686262671e+00 1.378890115460673638e-01
1.305639151717971291e+00 1.374412016189998920e-01
1.307444566798866781e+00 1.369947956376778853e-01
1.309252478376294659e+00 1.365497893985623268e-01
1.311062889902366191e+00 1.361061787099470399e-01
1.312875804833967042e+00 1.356639593919273523e-01
1.314691226632763055e+00 1.352231272763701475e-01
1.316509158765206244e+00 1.347836782068833894e-01
1.318329604702542346e+00 1.343456080387856466e-01
1.320152567920817033e+00 1.339089126390760054e-01
1.321978051900882356e+00 1.334735878864039549e-01
1.323806060128404072e+00 1.330396296710388837e-01
1.325636596093867414e+00 1.326070338948405203e-01
1.327469663292584645e+00 1.321757964712285960e-01
1.329305265224700605e+00 1.317459133251532577e-01
1.331143405395200929e+00 1.313173803930648142e-01
1.332984087313917154e+00 1.308901936228843155e-01
1.334827314495534489e+00 1.304643489739737705e-01
1.336673090459598257e+00 1.300398424171063105e-01
1.338521418730520329e+00 1.296166699344368511e-01
1.340372302837586460e+00 1.291948275194723939e-01
1.342225746314961832e+00 1.287743111770428550e-01
1.344081752701699717e+00 1.283551169232713396e-01
1.345940325541746141e+00 1.279372407855451366e-01
1.347801468383948098e+00 1.275206788024863813e-01
1.349665184782059990e+00 1.271054270239226625e-01
1.351531478294750066e+00 1.266914815108583781e-01
1.353400352485607305e+00 1.262788383354452870e-01
1.355271810923148745e+00 1.258674935809536988e-01
1.357145857180825477e+00 1.254574433417435797e-01
1.359022494837030415e+00 1.250486837232355763e-01
1.360901727475104073e+00 1.246412108418825104e-01
1.362783558683342111e+00 1.242350208251404020e-01
1.364667992055002443e+00 1.238301098114398535e-01
1.366555031188311009e+00 1.234264739501576974e-01
1.368444679686469767e+00 1.230241094015881581e-01
1.370336941157663135e+00 1.226230123369147218e-01
1.372231819215064430e+00 1.222231789381814371e-01
1.374129317476843637e+00 1.218246053982649096e-01
1.376029439566173629e+00 1.214272879208458111e-01
1.377932189111237715e+00 1.210312227203807212e-01
1.379837569745235637e+00 1.206364060220742190e-01
1.381745585106391561e+00 1.202428340618504343e-01
1.383656238837960073e+00 1.198505030863254578e-01
1.385569534588234175e+00 1.194594093527791417e-01
1.387485476010551055e+00 1.190695491291273306e-01
1.389404066763300083e+00 1.186809186938940636e-01
1.391325310509929025e+00 1.182935143361837638e-01
1.393249210918952041e+00 1.179073323556536629e-01
1.395175771663955011e+00 1.175223690624861289e-01
1.397104996423604639e+00 1.171386207773610910e-01
1.399036888881654006e+00 1.167560838314285615e-01
1.400971452726949895e+00 1.163747545662813659e-01
1.402908691653439899e+00 1.159946293339275958e-01
1.404848609360179745e+00 1.156157044967633524e-01
1.406791209551340405e+00 1.152379764275455187e-01
1.408736495936214528e+00 1.148614415093646007e-01
1.410684472229223774e+00 1.144860961356177764e-01
1.412635142149926359e+00 1.141119367099815429e-01
1.414588509423023721e+00 1.137389596463850294e-01
1.416544577778368064e+00 1.133671613689827273e-01
1.418503350950968578e+00 1.129965383121281086e-01
1.420464832680999434e+00 1.126270869203464531e-01
1.422429026713806888e+00 1.122588036483081475e-01
1.424395936799915940e+00 1.118916849608022623e-01
1.426365566695037446e+00 1.115257273327097676e-01
1.428337920160076546e+00 1.111609272489767763e-01
1.430313000961137782e+00 1.107972812045885935e-01
1.432290812869534191e+00 1.104347857045427650e-01
1.434271359661793310e+00 1.100734372638230707e-01
1.436254645119664941e+00 1.097132324073729626e-01
1.438240673030128036e+00 1.093541676700695298e-01
1.440229447185398692e+00 1.089962395966971725e-01
1.442220971382936145e+00 1.086394447419215675e-01
1.444215249425450764e+00 1.082837796702636884e-01
1.446212285120911600e+00 1.079292409560735772e-01
1.448212082282553492e+00 1.075758251835044615e-01
1.450214644728883062e+00 1.072235289464872482e-01
1.452219976283688485e+00 1.068723488487041268e-01
1.454228080776044152e+00 1.065222815035633264e-01
1.456238962040320217e+00 1.061733235341730253e-01
1.458252623916188595e+00 1.058254715733159684e-01
1.460269070248630063e+00 1.054787222634238492e-01
1.462288304887943147e+00 1.051330722565516906e-01
1.464310331689750111e+00 1.047885182143523941e-01
1.466335154515004069e+00 1.044450568080517311e-01
1.468362777229998084e+00 1.041026847184222393e-01
1.470393203706370722e+00 1.037613986357586449e-01
1.472426437821114265e+00 1.034211952598524248e-01
1.474462483456582484e+00 1.030820712999664518e-01
1.476501344500497082e+00 1.027440234748101672e-01
1.478543024845955678e+00 1.024070485125143926e-01
1.480587528391439589e+00 1.020711431506064193e-01
1.482634859040820485e+00 1.017363041359849868e-01
1.484685020703368385e+00 1.014025282248955939e-01
1.486738017293759206e+00 1.010698121829053803e-01
1.488793852732081646e+00 1.007381527848787844e-01
1.490852530943845178e+00 1.004075468149525502e-01
1.492914055859987377e+00 1.000779910665112182e-01
1.494978431416881692e+00 9.974948234216252096e-02
1.497045661556344109e+00 9.942201745371286037e-02
1.499115750225642252e+00 9.909559322214289701e-02
1.501188701377500934e+00 9.877020647758306959e-02
1.503264518970111263e+00 9.844585405928937827e-02
1.505343206967137748e+00 9.812253281561895968e-02
1.507424769337725401e+00 9.780023960400587024e-02
1.509509210056508399e+00 9.747897129093710533e-02
1.511596533103615858e+00 9.715872475192836866e-02
1.513686742464681600e+00 9.683949687149974450e-02
1.515779842130850152e+00 9.652128454315221651e-02
1.517875836098785181e+00 9.620408466934332603e-02
1.519974728370676820e+00 9.588789416146344113e-02
1.522076522954248778e+00 9.557270993981202556e-02
1.524181223862767887e+00 9.525852893357353302e-02
1.526288835115049203e+00 9.494534808079399535e-02
1.528399360735465562e+00 9.463316432834648073e-02
1.530512804753954237e+00 9.432197463189201381e-02
1.532629171206025376e+00 9.401177595587903446e-02
1.534748464132769552e+00 9.370256527352355258e-02
1.536870687580864425e+00 9.339433956678611093e-02
1.538995845602584289e+00 9.308709582634783208e-02
1.541123942255806289e+00 9.278083105158768662e-02
1.543254981604018861e+00 9.247554225055880373e-02
1.545388967716329720e+00 9.217122643996536469e-02
1.547525904667472307e+00 9.186788064513957963e-02
1.549665796537815776e+00 9.156550190001837286e-02
1.551808647413370545e+00 9.126408724712060938e-02
1.553954461385797625e+00 9.096363373752357206e-02
1.556103242552415944e+00 9.066413843084067392e-02
1.558254995016209676e+00 9.036559839519821280e-02
1.560409722885836903e+00 9.006801070721245916e-02
1.562567430275637159e+00 8.977137245196711857e-02
1.564728121305638764e+00 8.947568072299043329e-02
1.566891800101567478e+00 8.918093262223274198e-02
1.569058470794854276e+00 8.888712526004337311e-02
1.571228137522642454e+00 8.859425575514874585e-02
1.573400804427796507e+00 8.830232123462938842e-02
1.575576475658909237e+00 8.801131883389759492e-02
1.577755155370310414e+00 8.772124569667516525e-02
1.579936847722074100e+00 8.743209897497090932e-02
1.582121556880027091e+00 8.714387582905824825e-02
1.584309287015756240e+00 8.685657342745344012e-02
1.586500042306617120e+00 8.657018894689284816e-02
1.588693826935741571e+00 8.628471957231111100e-02
1.590890645092045697e+00 8.600016249681902147e-02
1.593090500970238077e+00 8.571651492168146091e-02
1.595293398770827764e+00 8.543377405629551391e-02
1.597499342700132052e+00 8.515193711816838873e-02
1.599708336970284472e+00 8.487100133289571247e-02
1.601920385799243229e+00 8.459096393413960413e-02
1.604135493410799418e+00 8.431182216360702530e-02
1.606353664034583906e+00 8.403357327102799201e-02
1.608574901906077104e+00 8.375621451413391150e-02
1.610799211266615183e+00 8.347974315863604389e-02
1.613026596363400067e+00 8.320415647820386673e-02
1.615257061449506315e+00 8.292945175444367545e-02
1.617490610783889338e+00 8.265562627687700337e-02
1.619727248631394056e+00 8.238267734291940259e-02
1.621966979262762454e+00 8.211060225785898892e-02
1.624209806954642454e+00 8.183939833483500070e-02
1.626455735989595253e+00 8.156906289481700989e-02
1.628704770656104195e+00 8.129959326658317553e-02
1.630956915248582106e+00 8.103098678669957977e-02
1.633212174067380840e+00 8.076324079949874502e-02
1.635470551418798157e+00 8.049635265705901155e-02
1.637732051615086615e+00 8.023031971918313798e-02
1.639996678974461997e+00 7.996513935337769274e-02
1.642264437821110645e+00 7.970080893483195983e-02
1.644535332485198564e+00 7.943732584639723315e-02
1.646809367302879856e+00 7.917468747856594435e-02
1.649086546616304050e+00 7.891289122945110979e-02
1.651366874773624982e+00 7.865193450476534731e-02
1.653650356129009458e+00 7.839181471780050370e-02
1.655936995042644355e+00 7.813252928940711550e-02
1.658226795880746618e+00 7.787407564797345361e-02
1.660519763015570360e+00 7.761645122940563635e-02
1.662815900825415305e+00 7.735965347710679896e-02
1.665115213694635887e+00 7.710367984195676261e-02
1.667417706013648582e+00 7.684852778229188386e-02
1.669723382178941673e+00 7.659419476388454329e-02
1.672032246593081917e+00 7.634067825992317535e-02
1.674344303664724531e+00 7.608797575099174315e-02
1.676659557808620526e+00 7.583608472505003195e-02
1.678978013445626027e+00 7.558500267741309619e-02
1.681299675002709604e+00 7.533472711073169181e-02
1.683624546912962039e+00 7.508525553497187588e-02
1.685952633615603435e+00 7.483658546739545281e-02
1.688283939555992985e+00 7.458871443253969891e-02
1.690618469185636741e+00 7.434163996219782244e-02
1.692956226962195609e+00 7.409535959539920169e-02
1.695297217349495122e+00 7.384987087838923436e-02
1.697641444817533207e+00 7.360517136461011689e-02
1.699988913842488625e+00 7.336125861468097142e-02
1.702339628906729851e+00 7.311813019637833366e-02
1.704693594498823517e+00 7.287578368461640477e-02
1.707050815113542841e+00 7.263421666142790001e-02
1.709411295251876739e+00 7.239342671594425904e-02
1.711775039421037370e+00 7.215341144437643905e-02
1.714142052134469685e+00 7.191416844999552749e-02
1.716512337911859865e+00 7.167569534311335477e-02
1.718885901279143757e+00 7.143798974106334299e-02
1.721262746768515761e+00 7.120104926818117408e-02
1.723642878918437038e+00 7.096487155578568018e-02
1.726026302273644175e+00 7.072945424215984489e-02
1.728413021385159176e+00 7.049479497253151317e-02
1.730803040810295901e+00 7.026089139905444814e-02
1.733196365112671167e+00 7.002774118078944343e-02
1.735592998862210967e+00 6.979534198368533837e-02
1.737992946635161573e+00 6.956369148056000540e-02
1.740396213014096860e+00 6.933278735108169832e-02
1.742802802587927413e+00 6.910262728175019242e-02
1.745212719951908964e+00 6.887320896587804941e-02
1.747625969707651938e+00 6.864453010357181306e-02
1.750042556463129895e+00 6.841658840171349620e-02
1.752462484832687739e+00 6.818938157394192900e-02
1.754885759437051052e+00 6.796290734063425987e-02
1.757312384903335412e+00 6.773716342888724817e-02
1.759742365865054170e+00 6.751214757249898724e-02
1.762175706962127775e+00 6.728785751195041909e-02
1.764612412840893096e+00 6.706429099438691865e-02
1.767052488154111645e+00 6.684144577360007222e-02
1.769495937560978671e+00 6.661931961000926161e-02
1.771942765727132052e+00 6.639791027064349815e-02
1.774392977324661169e+00 6.617721552912324279e-02
1.776846577032116459e+00 6.595723316564212901e-02
1.779303569534516960e+00 6.573796096694903279e-02
1.781763959523360308e+00 6.551939672632996203e-02
1.784227751696632280e+00 6.530153824358993220e-02
1.786694950758813238e+00 6.508438332503518886e-02
1.789165561420890782e+00 6.486792978345494454e-02
1.791639588400365080e+00 6.465217543810403145e-02
1.794117036421260858e+00 6.443711811468459671e-02
1.796597910214134508e+00 6.422275564532839431e-02
1.799082214516083411e+00 6.400908586857931293e-02
1.801569954070756374e+00 6.379610662937537646e-02
1.804061133628360958e+00 6.358381577903109150e-02
1.806555757945673024e+00 6.337221117522010005e-02
1.809053831786046507e+00 6.316129068195738827e-02
1.811555359919421626e+00 6.295105216958177263e-02
1.814060347122334438e+00 6.274149351473844172e-02
1.816568798177926825e+00 6.253261260036159508e-02
1.819080717875953157e+00 6.232440731565688091e-02
1.821596111012792063e+00 6.211687555608428474e-02
1.824114982391454642e+00 6.191001522334051155e-02
1.826637336821592239e+00 6.170382422534211042e-02
1.829163179119508653e+00 6.149830047620782891e-02
1.831692514108166137e+00 6.129344189624175154e-02
1.834225346617196717e+00 6.108924641191598032e-02
1.836761681482911079e+00 6.088571195585371076e-02
1.839301523548306339e+00 6.068283646681196797e-02
1.841844877663077584e+00 6.048061788966482832e-02
1.844391748683625654e+00 6.027905417538625965e-02
1.846942141473066235e+00 6.007814328103333601e-02
1.849496060901240302e+00 5.987788316972925823e-02
1.852053511844722333e+00 5.967827181064662423e-02
1.854614499186830079e+00 5.947930717899055364e-02
1.857179027817634331e+00 5.928098725598190261e-02
1.859747102633967142e+00 5.908331002884067984e-02
1.862318728539432255e+00 5.888627349076930306e-02
1.864893910444413549e+00 5.868987564093596648e-02
1.867472653266085691e+00 5.849411448445804296e-02
1.870054961928422133e+00 5.829898803238562494e-02
1.872640841362204878e+00 5.810449430168489887e-02
1.875230296505034921e+00 5.791063131522176943e-02
1.877823332301340464e+00 5.771739710174553228e-02
1.880419953702386460e+00 5.752478969587221380e-02
1.883020165666285273e+00 5.733280713806853529e-02
1.885623973158003785e+00 5.714144747463556495e-02
1.888231381149375832e+00 5.695070875769223107e-02
1.890842394619109967e+00 5.676058904515936254e-02
1.893457018552797910e+00 5.657108640074352823e-02
1.896075257942927195e+00 5.638219889392067502e-02
1.898697117788887834e+00 5.619392459992022387e-02
1.901322603096982755e+00 5.600626159970906875e-02
1.903951718880438237e+00 5.581920797997539513e-02
1.906584470159412126e+00 5.563276183311282458e-02
1.909220861961004267e+00 5.544692125720445536e-02
1.911860899319266505e+00 5.526168435600700701e-02
1.914504587275210223e+00 5.507704923893497195e-02
1.917151930876819010e+00 5.489301402104478783e-02
1.919802935179055980e+00 5.470957682301902381e-02
1.922457605243873768e+00 5.452673577104433927e-02
1.925115946140225631e+00 5.434448899563354418e-02
1.927777962944072998e+00 5.416283463206247872e-02
1.930443660738396794e+00 5.398177082118531256e-02
1.933113044613206766e+00 5.380129570943352479e-02
1.935786119665550586e+00 5.362140744880008331e-02
1.938462890999524513e+00 5.344210419682384611e-02
1.941143363726282267e+00 5.326338411657382393e-02
1.943827542964045252e+00 5.308524537663352610e-02
1.946515433838112541e+00 5.290768615108535494e-02
1.949207041480869984e+00 5.273070461949507653e-02
1.951902371031800421e+00 5.255429896689629149e-02
1.954601427637494337e+00 5.237846738377486405e-02
1.957304216451657419e+00 5.220320806605372593e-02
1.960010742635123204e+00 5.202851921507714583e-02
1.962721011355860190e+00 5.185439903759566510e-02
1.965435027788984046e+00 5.168084574575058238e-02
1.968152797116766495e+00 5.150785755705876434e-02
1.970874324528644417e+00 5.133543269439740792e-02
1.973599615221231174e+00 5.116356938598878162e-02
1.976328674398326157e+00 5.099226586538512657e-02
1.979061507270923670e+00 5.082152037145354351e-02
1.981798119057224472e+00 5.065133114836083833e-02
1.984538514982643997e+00 5.048169644555858954e-02
1.987282700279824565e+00 5.031261451776798677e-02
1.990030680188643597e+00 5.014408362496506483e-02
1.992782459956223384e+00 4.997610203236563936e-02
1.995538044836942637e+00 4.980866801041047148e-02
1.998297440092445809e+00 4.964177983475039774e-02
2.001060650991652423e+00 4.947543578623153637e-02
2.003827682810768618e+00 4.930963415088059770e-02
2.006598540833294919e+00 4.914437321989006263e-02
2.009373230350040007e+00 4.897965128960340975e-02
2.012151756659126711e+00 4.881546666150071712e-02
2.014934125066004444e+00 4.865181764218379917e-02
2.017720340883459862e+00 4.848870254336177382e-02
2.020510409431624854e+00 4.832611968183645607e-02
2.023304336037988094e+00 4.816406737948797367e-02
2.026102126037405693e+00 4.800254396326013306e-02
2.028903784772109642e+00 4.784154776514612517e-02
2.031709317591720687e+00 4.768107712217408561e-02
2.034518729853255437e+00 4.752113037639279364e-02
2.037332026921138795e+00 4.736170587485730860e-02
2.040149214167213287e+00 4.720280196961474523e-02
2.042970296970748834e+00 4.704441701769005585e-02
2.045795280718455622e+00 4.688654938107170156e-02
2.048624170804490774e+00 4.672919742669767729e-02
2.051456972630470776e+00 4.657235952644130789e-02
2.054293691605481698e+00 4.641603405709712055e-02
2.057134333146088956e+00 4.626021940036682822e-02
2.059978902676347978e+00 4.610491394284541022e-02
2.062827405627814414e+00 4.595011607600697073e-02
2.065679847439554795e+00 4.579582419619096512e-02
2.068536233558155857e+00 4.564203670458820417e-02
2.071396569437737423e+00 4.548875200722695550e-02
2.074260860539959062e+00 4.533596851495932251e-02
2.077129112334034744e+00 4.518368464344710983e-02
2.080001330296739503e+00 4.503189881314849374e-02
2.082877519912422759e+00 4.488060944930388763e-02
2.085757686673017197e+00 4.472981498192256378e-02
2.088641836078048541e+00 4.457951384576894216e-02
2.091529973634649320e+00 4.442970448034876813e-02
2.094422104857565525e+00 4.428038532989592158e-02
2.097318235269169051e+00 4.413155484335853918e-02
2.100218370399469237e+00 4.398321147438573331e-02
2.103122515786120861e+00 4.383535368131396409e-02
2.106030676974436133e+00 4.368797992715374445e-02
2.108942859517396684e+00 4.354108867957618562e-02
2.111859068975660669e+00 4.339467841089965361e-02
2.114779310917576982e+00 4.324874759807641189e-02
2.117703590919193690e+00 4.310329472267934725e-02
2.120631914564269138e+00 4.295831827088884836e-02
2.123564287444283938e+00 4.281381673347930267e-02
2.126500715158448518e+00 4.266978860580623867e-02
2.129441203313717779e+00 4.252623238779294768e-02
2.132385757524798642e+00 4.238314658391745954e-02
2.135334383414162041e+00 4.224052970319949751e-02
2.138287086612054466e+00 4.209838025918732213e-02
2.141243872756506406e+00 4.195669676994493585e-02
2.144204747493345664e+00 4.181547775803881595e-02
2.147169716476206691e+00 4.167472175052523015e-02
2.150138785366541239e+00 4.153442727893721237e-02
2.153111959833629907e+00 4.139459287927174658e-02
2.156089245554593248e+00 4.125521709197683962e-02
2.159070648214400645e+00 4.111629846193888549e-02
2.162056173505884527e+00 4.097783553846966187e-02
2.165045827129747469e+00 4.083982687529385397e-02
2.168039614794575964e+00 4.070227103053621065e-02
2.171037542216849747e+00 4.056516656670883930e-02
2.174039615120952895e+00 4.042851205069872972e-02
2.177045839239185820e+00 4.029230605375502122e-02
2.180056220311775483e+00 4.015654715147642245e-02
2.183070764086885163e+00 4.002123392379892952e-02
2.186089476320628222e+00 3.988636495498288498e-02
2.189112362777076104e+00 3.975193883360100822e-02
2.192139429228271652e+00 3.961795415252560709e-02
2.195170681454238881e+00 3.948440950891626139e-02
2.198206125242993636e+00 3.935130350420763118e-02
2.201245766390556025e+00 3.921863474409696682e-02
2.204289610700961521e+00 3.908640183853171607e-02
2.207337663986269849e+00 3.895460340169751290e-02
2.210389932066577856e+00 3.882323805200581235e-02
2.213446420770031953e+00 3.869230441208155319e-02
2.216507135932835215e+00 3.856180110875133404e-02
2.219572083399262041e+00 3.843172677303096502e-02
2.222641269021668808e+00 3.830208004011348422e-02
2.225714698660503199e+00 3.817285954935708409e-02
2.228792378184317524e+00 3.804406394427313487e-02
2.231874313469778937e+00 3.791569187251401379e-02
2.234960510401680089e+00 3.778774198586134364e-02
2.238050974872951571e+00 3.766021294021392601e-02
2.241145712784672117e+00 3.753310339557579950e-02
2.244244730046081937e+00 3.740641201604445742e-02
2.247348032574590260e+00 3.728013746979899623e-02
2.250455626295789546e+00 3.715427842908826384e-02
2.253567517143467480e+00 3.702883357021899413e-02
2.256683711059614961e+00 3.690380157354426760e-02
2.259804213994440314e+00 3.677918112345165275e-02
2.262929031906379063e+00 3.665497090835154181e-02
2.266058170762106805e+00 3.653116962066546569e-02
2.269191636536549872e+00 3.640777595681454065e-02
2.272329435212895099e+00 3.628478861720783877e-02
2.275471572782604035e+00 3.616220630623086935e-02
2.278618055245423601e+00 3.604002773223390077e-02
2.281768888609395862e+00 3.591825160752067786e-02
2.284924078890870902e+00 3.579687664833682698e-02
2.288083632114518373e+00 3.567590157485838603e-02
2.291247554313339041e+00 3.555532511118057737e-02
2.294415851528675887e+00 3.543514598530615040e-02
2.297588529810225211e+00 3.531536292913430714e-02
2.300765595216048620e+00 3.519597467844928773e-02
2.303947053812586354e+00 3.507697997290896985e-02
2.307132911674664832e+00 3.495837755603387054e-02
2.310323174885512643e+00 3.484016617519568315e-02
2.313517849536768534e+00 3.472234458160618209e-02
2.316716941728496071e+00 3.460491153030609973e-02
2.319920457569193406e+00 3.448786578015393400e-02
2.323128403175804824e+00 3.437120609381487391e-02
2.326340784673734063e+00 3.425493123774971810e-02
2.329557608196854090e+00 3.413903998220380737e-02
2.332778879887519530e+00 3.402353110119615137e-02
2.336004605896579545e+00 3.390840337250822928e-02
2.339234792383388051e+00 3.379365557767313039e-02
2.342469445515815263e+00 3.367928650196482659e-02
2.345708571470262349e+00 3.356529493438686201e-02
2.348952176431668537e+00 3.345167966766190992e-02
2.352200266593527100e+00 3.333843949822066360e-02
2.355452848157894685e+00 3.322557322619121983e-02
2.358709927335405077e+00 3.311307965538809461e-02
2.361971510345278968e+00 3.300095759330167605e-02
2.365237603415337730e+00 3.288920585108739275e-02
2.368508212782013178e+00 3.277782324355513199e-02
2.371783344690363116e+00 3.266680858915833180e-02
2.375063005394077553e+00 3.255616070998378075e-02
2.378347201155497803e+00 3.244587843174050190e-02
2.381635938245620920e+00 3.233596058374964971e-02
2.384929222944117910e+00 3.222640599893367847e-02
2.388227061539343055e+00 3.211721351380586453e-02
2.391529460328344125e+00 3.200838196845998129e-02
2.394836425616878373e+00 3.189991020655960630e-02
2.398147963719422293e+00 3.179179707532787252e-02
2.401464080959182734e+00 3.168404142553700453e-02
2.404784783668111547e+00 3.157664211149794481e-02
2.408110078186914471e+00 3.146959799105002870e-02
2.411439970865067561e+00 3.136290792555060380e-02
2.414774468060824741e+00 3.125657077986487842e-02
2.418113576141232901e+00 3.115058542235544722e-02
2.421457301482142999e+00 3.104495072484202492e-02
2.424805650468222495e+00 3.093966556251009914e-02
2.428158629492967346e+00 3.083472881398827137e-02
2.431516244958714879e+00 3.073013936136404639e-02
2.434878503276654449e+00 3.062589609017398254e-02
2.438245410866841212e+00 3.052199788939323130e-02
2.441616974158208109e+00 3.041844365142571185e-02
2.444993199588577415e+00 3.031523227209393864e-02
2.448374093604674062e+00 3.021236265062899468e-02
2.451759662662136297e+00 3.010983368966060197e-02
2.455149913225530778e+00 3.000764429520701507e-02
2.458544851768362349e+00 2.990579337666525450e-02
2.461944484773086472e+00 2.980427984680100381e-02
2.465348818731124325e+00 2.970310262173884649e-02
2.468757860142872129e+00 2.960226062095235033e-02
2.472171615517714027e+00 2.950175276725423845e-02
2.475590091374037183e+00 2.940157798678659506e-02
2.479013294239240217e+00 2.930173520901103307e-02
2.482441230649749198e+00 2.920222336669893448e-02
2.485873907151028739e+00 2.910304139592183661e-02
2.489311330297592217e+00 2.900418823604161006e-02
2.492753506653019535e+00 2.890566282970078588e-02
2.496200442789964669e+00 2.880746412281296603e-02
2.499652145290170324e+00 2.870959106455312979e-02
2.503108620744480817e+00 2.861204260734813085e-02
2.506569875752854060e+00 2.851481770686706274e-02
2.510035916924374000e+00 2.841791532201169007e-02
2.513506750877263940e+00 2.832133441490694223e-02
2.516982384238898085e+00 2.822507395089150772e-02
2.520462823645815309e+00 2.812913289850827586e-02
2.523948075743732034e+00 2.803351022949487209e-02
2.527438147187552886e+00 2.793820491877439458e-02
2.530933044641385354e+00 2.784321594444584547e-02
2.534432774778552666e+00 2.774854228777485360e-02
2.537937344281604446e+00 2.765418293318439372e-02
2.541446759842332259e+00 2.756013686824531489e-02
2.544961028161779382e+00 2.746640308366728178e-02
2.548480155950257231e+00 2.737298057328928572e-02
2.552004149927353804e+00 2.727986833407057207e-02
2.555533016821950554e+00 2.718706536608134217e-02
2.559066763372233044e+00 2.709457067249363207e-02
2.562605396325703833e+00 2.700238325957211166e-02
2.566148922439196234e+00 2.691050213666497035e-02
2.569697348478887200e+00 2.681892631619477857e-02
2.573250681220308866e+00 2.672765481364949500e-02
2.576808927448363207e+00 2.663668664757329677e-02
2.580372093957333135e+00 2.654602083955763872e-02
2.583940187550898049e+00 2.645565641423217734e-02
2.587513215042145376e+00 2.636559239925580569e-02
2.591091183253581676e+00 2.627582782530776470e-02
2.594674099017149516e+00 2.618636172607862259e-02
2.598261969174238128e+00 2.609719313826138268e-02
2.601854800575695403e+00 2.600832110154269877e-02
2.605452600081844761e+00 2.591974465859382334e-02
2.609055374562494478e+00 2.583146285506197209e-02
2.612663130896952346e+00 2.574347473956142482e-02
2.616275875974039877e+00 2.565577936366468872e-02
2.619893616692102079e+00 2.556837578189388380e-02
2.623516359959025657e+00 2.548126305171185407e-02
2.627144112692247901e+00 2.539444023351352178e-02
2.630776881818770896e+00 2.530790639061723107e-02
2.634414674275176615e+00 2.522166058925605012e-02
2.638057497007637142e+00 2.513570189856913911e-02
2.641705356971931540e+00 2.505002939059309056e-02
2.645358261133456068e+00 2.496464214025340481e-02
2.649016216467238838e+00 2.487953922535586504e-02
2.652679229957952689e+00 2.479471972657809956e-02
2.656347308599928958e+00 2.471018272746093244e-02
2.660020459397170356e+00 2.462592731439990079e-02
2.663698689363365624e+00 2.454195257663687596e-02
2.667382005521900634e+00 2.445825760625158427e-02
2.671070414905873047e+00 2.437484149815306866e-02
2.674763924558107853e+00 2.429170335007144882e-02
2.678462541531165364e+00 2.420884226254943830e-02
2.682166272887361202e+00 2.412625733893403873e-02
2.685875125698774291e+00 2.404394768536814372e-02
2.689589107047264172e+00 2.396191241078233711e-02
2.693308224024483000e+00 2.388015062688645176e-02
2.697032483731888419e+00 2.379866144816148582e-02
2.700761893280757775e+00 2.371744399185123087e-02
2.704496459792202767e+00 2.363649737795414305e-02
2.708236190397180998e+00 2.355582072921501985e-02
2.711981092236511959e+00 2.347541317111700998e-02
2.715731172460886800e+00 2.339527383187330403e-02
2.719486438230887426e+00 2.331540184241912353e-02
2.723246896716996268e+00 2.323579633640349834e-02
2.727012555099609603e+00 2.315645645018135634e-02
2.730783420569053987e+00 2.307738132280527654e-02
2.734559500325599579e+00 2.299857009601759608e-02
2.738340801579470352e+00 2.292002191424234725e-02
2.742127331550863190e+00 2.284173592457719795e-02
2.745919097469956327e+00 2.276371127678566628e-02
2.749716106576927555e+00 2.268594712328897769e-02
2.753518366121966210e+00 2.260844261915821718e-02
2.757325883365286057e+00 2.253119692210650213e-02
2.761138665577140827e+00 2.245420919248096447e-02
2.764956720037837545e+00 2.237747859325503116e-02
2.768780054037749849e+00 2.230100429002045831e-02
2.772608674877333090e+00 2.222478545097964983e-02
2.776442589867136324e+00 2.214882124693773324e-02
2.780281806327818295e+00 2.207311085129491993e-02
2.784126331590161652e+00 2.199765344003861908e-02
2.787976172995084045e+00 2.192244819173588474e-02
2.791831337893655007e+00 2.184749428752551584e-02
2.795691833647108826e+00 2.177279091111054138e-02
2.799557667626858759e+00 2.169833724875045930e-02
2.803428847214511244e+00 2.162413248925361062e-02
2.807305379801879663e+00 2.155017582396963338e-02
2.811187272790999003e+00 2.147646644678174316e-02
2.815074533594139616e+00 2.140300355409927371e-02
2.818967169633820546e+00 2.132978634485005465e-02
2.822865188342826404e+00 2.125681402047290003e-02
2.826768597164217134e+00 2.118408578491009359e-02
2.830677403551347115e+00 2.111160084459991551e-02
2.834591614967876705e+00 2.103935840846911376e-02
2.838511238887785559e+00 2.096735768792554536e-02
2.842436282795389069e+00 2.089559789685068586e-02
2.846366754185353010e+00 2.082407825159220127e-02
2.850302660562704204e+00 2.075279797095667608e-02
2.854244009442849173e+00 2.068175627620208804e-02
2.858190808351585677e+00 2.061095239103061943e-02
2.862143064825118266e+00 2.054038554158120131e-02
2.866100786410072931e+00 2.047005495642231429e-02
2.870063980663510428e+00 2.039995986654462995e-02
2.874032655152940929e+00 2.033009950535379431e-02
2.878006817456340460e+00 2.026047310866319062e-02
2.881986475162161554e+00 2.019107991468665694e-02
2.885971635869351459e+00 2.012191916403139810e-02
2.889962307187364132e+00 2.005299009969065474e-02
2.893958496736176667e+00 1.998429196703669156e-02
2.897960212146303061e+00 1.991582401381353229e-02
2.901967461058806652e+00 1.984758549012996531e-02
2.905980251125319658e+00 1.977957564845232372e-02
2.909998590008052499e+00 1.971179374359747702e-02
2.914022485379811567e+00 1.964423903272575350e-02
2.918051944924013430e+00 1.957691077533390764e-02
2.922086976334698605e+00 1.950980823324809099e-02
2.926127587316547540e+00 1.944293067061684394e-02
2.930173785584893942e+00 1.937627735390411859e-02
2.934225578865739426e+00 1.930984755188236424e-02
2.938282974895770838e+00 1.924364053562552593e-02
2.942345981422371803e+00 1.917765557850210911e-02
2.946414606203638709e+00 1.911189195616841419e-02
2.950488857008397581e+00 1.904634894656142413e-02
2.954568741616214744e+00 1.898102582989219869e-02
2.958654267817414585e+00 1.891592188863881058e-02
2.962745443413095536e+00 1.885103640753967025e-02
2.966842276215140739e+00 1.878636867358666335e-02
2.970944774046237580e+00 1.872191797601835059e-02
2.975052944739888350e+00 1.865768360631325437e-02
2.979166796140429341e+00 1.859366485818303785e-02
2.983286336103043723e+00 1.852986102756585055e-02
2.987411572493774425e+00 1.846627141261959065e-02
2.991542513189544561e+00 1.840289531371518822e-02
2.995679166078167199e+00 1.833973203343000277e-02
2.999821539058362685e+00 1.827678087654108566e-02
3.003969640039775513e+00 1.821404115001861237e-02
3.008123476942984098e+00 1.815151216301926634e-02
3.012283057699522093e+00 1.808919322687960185e-02
3.016448390251890377e+00 1.802708365510948332e-02
3.020619482553571267e+00 1.796518276338557318e-02
3.024796342569046725e+00 1.790348986954470173e-02
3.028978978273809464e+00 1.784200429357747988e-02
3.033167397654382924e+00 1.778072535762165868e-02
3.037361608708333716e+00 1.771965238595570036e-02
3.041561619444286269e+00 1.765878470499236685e-02
3.045767437881940154e+00 1.759812164326571976e-02
3.049979072052083851e+00 1.753766253116851789e-02
3.054196529996611176e+00 1.747740670086552275e-02
3.058419819768535941e+00 1.741735348661462360e-02
3.062648949432007495e+00 1.735750222478467386e-02
3.066883927062325821e+00 1.729785225384899983e-02
3.071124760745958415e+00 1.723840291437891969e-02
3.075371458580553163e+00 1.717915354903747430e-02
3.079624028674955660e+00 1.712010350257298433e-02
3.083882479149225642e+00 1.706125212181269085e-02
3.088146818134648530e+00 1.700259875565644785e-02
3.092417053773756308e+00 1.694414275507038353e-02
3.096693194220338174e+00 1.688588347308061718e-02
3.100975247639458754e+00 1.682782026476700027e-02
3.105263222207474971e+00 1.676995248725673959e-02
3.109557126112046710e+00 1.671227949971835353e-02
3.113856967552158572e+00 1.665480066335523618e-02
3.118162754738130538e+00 1.659751534139959628e-02
3.122474495891636614e+00 1.654042289910617053e-02
3.126792199245719939e+00 1.648352270374612780e-02
3.131115873044806541e+00 1.642681412460088308e-02
3.135445525544724887e+00 1.637029653295592538e-02
3.139781165012717867e+00 1.631396930209474960e-02
3.144122799727460560e+00 1.625783180729273303e-02
3.148470437979075776e+00 1.620188342581107416e-02
3.152824088069150488e+00 1.614612353689066915e-02
3.157183758310749155e+00 1.609055152174611314e-02
3.161549457028433263e+00 1.603516676355970505e-02
3.165921192558273756e+00 1.597996864747532747e-02
3.170298973247869689e+00 1.592495656059253473e-02
3.174682807456362887e+00 1.587012989196055421e-02
3.179072703554454815e+00 1.581548803257229116e-02
3.183468669924419014e+00 1.576103037535847226e-02
3.187870714960122420e+00 1.570675631518162960e-02
3.192278847067038239e+00 1.565266524883021648e-02
3.196693074662262823e+00 1.559875657501272155e-02
3.201113406174531217e+00 1.554502969435184352e-02
3.205539850044233141e+00 1.549148400937851860e-02
3.209972414723429868e+00 1.543811892452620280e-02
3.214411108675870654e+00 1.538493384612494956e-02
3.218855940377007840e+00 1.533192818239566269e-02
3.223306918314012837e+00 1.527910134344431618e-02
3.227764050985795219e+00 1.522645274125609266e-02
3.232227346903012943e+00 1.517398178968975934e-02
3.236696814588094995e+00 1.512168790447182727e-02
3.241172462575255153e+00 1.506957050319083363e-02
3.245654299410507093e+00 1.501762900529171434e-02
3.250142333651683479e+00 1.496586283206998748e-02
3.254636573868447069e+00 1.491427140666626468e-02
3.259137028642313805e+00 1.486285415406037903e-02
3.263643706566664804e+00 1.481161050106590688e-02
3.268156616246764568e+00 1.476053987632449868e-02
3.272675766299777411e+00 1.470964171030021694e-02
3.277201165354779899e+00 1.465891543527401801e-02
3.281732822052784826e+00 1.460836048533816628e-02
3.286270745046751429e+00 1.455797629639065012e-02
3.290814943001604931e+00 1.450776230612961862e-02
3.295365424594251635e+00 1.445771795404794148e-02
3.299922198513597582e+00 1.440784268142760588e-02
3.304485273460560979e+00 1.435813593133429544e-02
3.309054658148093075e+00 1.430859714861186342e-02
3.313630361301194593e+00 1.425922577987688220e-02
3.318212391656928606e+00 1.421002127351322919e-02
3.322800757964441853e+00 1.416098307966662077e-02
3.327395468984976734e+00 1.411211065023918951e-02
3.331996533491892620e+00 1.406340343888416895e-02
3.336603960270679181e+00 1.401486090100038766e-02
3.341217758118976366e+00 1.396648249372700427e-02
3.345837935846588174e+00 1.391826767593808828e-02
3.350464502275498635e+00 1.387021590823736897e-02
3.355097466239894466e+00 1.382232665295280577e-02
3.359736836586175723e+00 1.377459937413138928e-02
3.364382622172975346e+00 1.372703353753377577e-02
3.369034831871177804e+00 1.367962861062905176e-02
3.373693474563930650e+00 1.363238406258947787e-02
3.378358559146667162e+00 1.358529936428525160e-02
3.383030094527121001e+00 1.353837398827923907e-02
3.387708089625342645e+00 1.349160740882181936e-02
3.392392553373717146e+00 1.344499910184564218e-02
3.397083494716982788e+00 1.339854854496049658e-02
3.401780922612242630e+00 1.335225521744809810e-02
3.406484846028988933e+00 1.330611860025696785e-02
3.411195273949115592e+00 1.326013817599728216e-02
3.415912215366936788e+00 1.321431342893575854e-02
3.420635679289204312e+00 1.316864384499053832e-02
3.425365674735122656e+00 1.312312891172613336e-02
3.430102210736368562e+00 1.307776811834831729e-02
3.434845296337109222e+00 1.303256095569906708e-02
3.439594940594016492e+00 1.298750691625153580e-02
3.444351152576286434e+00 1.294260549410499936e-02
3.449113941365653524e+00 1.289785618497986050e-02
3.453883316056413300e+00 1.285325848621264415e-02
3.458659285755435242e+00 1.280881189675100833e-02
3.463441859582182314e+00 1.276451591714874989e-02
3.468231046668727391e+00 1.272037004956089179e-02
3.473026856159770137e+00 1.267637379773871656e-02
3.477829297212656545e+00 1.263252666702482582e-02
3.482638378997394923e+00 1.258882816434826746e-02
3.487454110696673659e+00 1.254527779821957949e-02
3.492276501505878983e+00 1.250187507872594327e-02
3.497105560633112287e+00 1.245861951752632105e-02
3.501941297299206557e+00 1.241551062784659355e-02
3.506783720737746801e+00 1.237254792447467326e-02
3.511632840195085592e+00 1.232973092375574432e-02
3.516488664930361274e+00 1.228705914358740360e-02
3.521351204215516173e+00 1.224453210341488497e-02
3.526220467335310804e+00 1.220214932422629579e-02
3.531096463587348300e+00 1.215991032854776138e-02
3.535979202282085510e+00 1.211781464043878119e-02
3.540868692742856094e+00 1.207586178548736636e-02
3.545764944305884292e+00 1.203405129080543923e-02
3.550667966320303126e+00 1.199238268502403684e-02
3.555577768148176165e+00 1.195085549828860290e-02
3.560494359164511291e+00 1.190946926225434910e-02
3.565417748757279792e+00 1.186822351008154884e-02
3.570347946327434574e+00 1.182711777643090205e-02
3.575284961288929697e+00 1.178615159745884447e-02
3.580228803068732812e+00 1.174532451081300964e-02
3.585179481106850918e+00 1.170463605562748095e-02
3.590137004856342351e+00 1.166408577251829871e-02
3.595101383783337656e+00 1.162367320357879548e-02
3.600072627367058242e+00 1.158339789237508403e-02
3.605050745099829701e+00 1.154325938394143783e-02
3.610035746487106234e+00 1.150325722477575294e-02
3.615027641047486195e+00 1.146339096283504472e-02
3.620026438312728967e+00 1.142366014753087682e-02
3.625032147827775386e+00 1.138406432972488384e-02
3.630044779150761958e+00 1.134460306172428712e-02
3.635064341853045722e+00 1.130527589727734275e-02
3.640090845519217133e+00 1.126608239156897014e-02
3.645124299747120045e+00 1.122702210121618790e-02
3.650164714147871248e+00 1.118809458426377537e-02
3.655212098345874239e+00 1.114929940017976920e-02
3.660266461978844532e+00 1.111063610985107801e-02
3.665327814697823428e+00 1.107210427557905538e-02
3.670396166167197105e+00 1.103370346107512660e-02
3.675471526064715277e+00 1.099543323145643278e-02
3.680553904081512506e+00 1.095729315324138822e-02
3.685643309922118860e+00 1.091928279434542862e-02
3.690739753304487891e+00 1.088140172407659791e-02
3.695843243960010405e+00 1.084364951313124444e-02
3.700953791633532219e+00 1.080602573358972751e-02
3.706071406083376374e+00 1.076852995891206845e-02
3.711196097081356005e+00 1.073116176393371785e-02
3.716327874412799659e+00 1.069392072486124827e-02
3.721466747876565506e+00 1.065680641926807122e-02
3.726612727285062210e+00 1.061981842609026512e-02
3.731765822464267135e+00 1.058295632562222637e-02
3.736926043253742336e+00 1.054621969951254588e-02
3.742093399506658091e+00 1.050960813075974519e-02
3.747267901089809339e+00 1.047312120370808529e-02
3.752449557883634768e+00 1.043675850404335477e-02
3.757638379782234139e+00 1.040051961878875504e-02
3.762834376693390936e+00 1.036440413630069189e-02
3.768037558538585685e+00 1.032841164626462950e-02
3.773247935253021268e+00 1.029254173969097221e-02
3.778465516785637135e+00 1.025679400891090290e-02
3.783690313099130176e+00 1.022116804757231684e-02
3.788922334169975592e+00 1.018566345063568260e-02
3.794161589988439331e+00 1.015027981436997413e-02
3.799408090558605622e+00 1.011501673634859245e-02
3.804661845898391181e+00 1.007987381544526648e-02
3.809922866039564759e+00 1.004485065183007876e-02
3.815191161027768008e+00 1.000994684696532300e-02
3.820466740922531468e+00 9.975162003601583532e-03
3.825749615797297221e+00 9.940495725773624072e-03
3.831039795739437093e+00 9.905947618796432513e-03
3.836337290850270865e+00 9.871517289259182371e-03
3.841642111245087143e+00 9.837204345006232351e-03
3.846954267053159793e+00 9.803008395141896841e-03
3.852273768417770583e+00 9.768929050035152217e-03
3.857600625496228286e+00 9.734965921315690343e-03
3.862934848459884662e+00 9.701118621870053610e-03
3.868276447494158443e+00 9.667386765837657214e-03
3.873625432798551760e+00 9.633769968606901643e-03
3.878981814586669241e+00 9.600267846811238320e-03
3.884345603086240217e+00 9.566880018325360155e-03
3.889716808539136483e+00 9.533606102261209941e-03
3.895095441201391839e+00 9.500445718964200398e-03
3.900481511343222962e+00 9.467398490009323181e-03
3.905875029249044950e+00 9.434464038197329025e-03
3.911276005217497520e+00 9.401641987550855839e-03
3.916684449561459669e+00 9.368931963310647010e-03
3.922100372608070984e+00 9.336333591931724601e-03
3.927523784698752518e+00 9.303846501079576434e-03
3.932954696189221444e+00 9.271470319626422957e-03
3.938393117449518144e+00 9.239204677647393921e-03
3.943839058864022196e+00 9.207049206416751883e-03
3.949292530831471471e+00 9.175003538404193776e-03
3.954753543764984336e+00 9.143067307271067479e-03
3.960222108092075644e+00 9.111240147866661240e-03
3.965698234254681598e+00 9.079521696224489638e-03
3.971181932709176632e+00 9.047911589558555248e-03
3.976673213926394723e+00 9.016409466259664093e-03
3.982172088391647602e+00 8.985014965891787928e-03
3.987678566604746955e+00 8.953727729188308559e-03
3.993192659080022189e+00 8.922547398048411363e-03
3.998714376346342192e+00 8.891473615533433683e-03
4.004243728947135317e+00 8.860506025863185489e-03
4.009780727440410253e+00 8.829644274412330740e-03
4.015325382398773790e+00 8.798888007706794773e-03
4.020877704409451248e+00 8.768236873420143934e-03
4.026437704074308677e+00 8.737690520369968683e-03
4.032005392009874178e+00 8.707248598514290977e-03
4.037580778847354779e+00 8.676910758948025437e-03
4.043163875232657745e+00 8.646676653899386736e-03
4.048754691826409235e+00 8.616545936726362903e-03
4.054353239303981837e+00 8.586518261913107103e-03
4.059959528355505221e+00 8.556593285066487267e-03
4.065573569685894562e+00 8.526770662912476137e-03
4.071195374014864754e+00 8.497050053292728652e-03
4.076824952076957054e+00 8.467431115160994545e-03
4.082462314621551513e+00 8.437913508579706137e-03
4.088107472412896293e+00 8.408496894716427361e-03
4.093760436230122757e+00 8.379180935840429417e-03
4.099421216867267681e+00 8.349965295319214387e-03
4.105089825133294568e+00 8.320849637615042316e-03
4.110766271852110521e+00 8.291833628281551974e-03
4.116450567862592003e+00 8.262916933960286203e-03
4.122142724018602600e+00 8.234099222377279717e-03
4.127842751189015225e+00 8.205380162339622613e-03
4.133550660257732545e+00 8.176759423732141846e-03
4.139266462123704748e+00 8.148236677513940457e-03
4.144990167700953521e+00 8.119811595715051289e-03
4.150721787918595140e+00 8.091483851433049074e-03
4.156461333720856466e+00 8.063253118829719762e-03
4.162208816067097139e+00 8.035119073127695161e-03
4.167964245931831790e+00 8.007081390607111854e-03
4.173727634304750467e+00 7.979139748602310026e-03
4.179498992190739948e+00 7.951293825498490647e-03
4.185278330609904174e+00 7.923543300728407360e-03
4.191065660597586451e+00 7.895887854769075703e-03
4.196860993204388102e+00 7.868327169138518776e-03
4.202664339496189783e+00 7.840860926392427890e-03
4.208475710554176352e+00 7.813488810120935990e-03
4.214295117474855523e+00 7.786210504945347693e-03
4.220122571370078290e+00 7.759025696514896230e-03
4.225958083367061136e+00 7.731934071503512515e-03
4.231801664608404678e+00 7.704935317606577752e-03
4.237653326252121211e+00 7.678029123537722864e-03
4.243513079471650684e+00 7.651215179025611449e-03
4.249380935455882913e+00 7.624493174810723604e-03
4.255256905409179780e+00 7.597862802642198730e-03
4.261141000551396552e+00 7.571323755274647974e-03
4.267033232117901420e+00 7.544875726464982287e-03
4.272933611359602146e+00 7.518518410969221404e-03
4.278842149542961160e+00 7.492251504539379145e-03
4.284758857950021316e+00 7.466074703920329639e-03
4.290683747878426324e+00 7.439987706846616297e-03
4.296616830641439400e+00 7.413990212039430795e-03
4.302558117567971685e+00 7.388081919203372608e-03
4.308507620002595573e+00 7.362262529023463550e-03
4.314465349305574016e+00 7.336531743161966296e-03
4.320431316852878290e+00 7.310889264255346007e-03
4.326405534036206646e+00 7.285334795911200742e-03
4.332388012263013621e+00 7.259868042705157169e-03
4.338378762956525136e+00 7.234488710177846074e-03
4.344377797555765142e+00 7.209196504831828431e-03
4.350385127515576045e+00 7.183991134128566575e-03
4.356400764306633810e+00 7.158872306485451753e-03
4.362424719415482599e+00 7.133839731272661674e-03
4.368457004344546313e+00 7.108893118810257448e-03
4.374497630612156129e+00 7.084032180365133075e-03
4.380546609752570930e+00 7.059256628148049065e-03
4.386603953315995064e+00 7.034566175310602749e-03
4.392669672868607655e+00 7.009960535942320013e-03
4.398743779992582148e+00 6.985439425067619529e-03
4.404826286286104953e+00 6.961002558642906228e-03
4.410917203363401207e+00 6.936649653553617068e-03
4.417016542854758754e+00 6.912380427611239039e-03
4.423124316406541467e+00 6.888194599550463357e-03
4.429240535681223001e+00 6.864091889026163566e-03
4.435365212357401887e+00 6.840072016610562744e-03
4.441498358129825519e+00 6.816134703790290537e-03
4.447639984709413241e+00 6.792279672963493116e-03
4.453790103823276780e+00 6.768506647436980418e-03
4.459948727214744224e+00 6.744815351423286663e-03
4.466115866643383114e+00 6.721205510037877445e-03
4.472291533885020876e+00 6.697676849296207643e-03
4.478475740731770571e+00 6.674229096110931986e-03
4.484668498992047780e+00 6.650861978289067042e-03
4.490869820490598130e+00 6.627575224529104643e-03
4.497079717068518612e+00 6.604368564418222447e-03
4.503298200583279787e+00 6.581241728429484961e-03
4.509525282908749766e+00 6.558194447918976912e-03
4.515760975935211086e+00 6.535226455123082333e-03
4.522005291569393570e+00 6.512337483155624003e-03
4.528258241734488543e+00 6.489527266005110442e-03
4.534519838370174583e+00 6.466795538531973364e-03
4.540790093432640617e+00 6.444142036465792985e-03
4.547069018894609904e+00 6.421566496402519864e-03
4.553356626745357794e+00 6.399068655801760062e-03
4.559652928990740151e+00 6.376648252984029076e-03
4.565957937653216447e+00 6.354305027127978879e-03
4.572271664771867528e+00 6.332038718267734255e-03
4.578594122402423139e+00 6.309849067290146732e-03
4.584925322617282362e+00 6.287735815932083208e-03
4.591265277505538478e+00 6.265698706777746672e-03
4.597613999173002064e+00 6.243737483255950953e-03
4.603971499742223195e+00 6.221851889637488274e-03
4.610337791352513648e+00 6.200041671032416150e-03
4.616712886159971774e+00 6.178306573387398921e-03
4.623096796337504699e+00 6.156646343483077044e-03
4.629489534074853196e+00 6.135060728931365261e-03
4.635891111578613888e+00 6.113549478172866994e-03
4.642301541072261450e+00 6.092112340474194199e-03
4.648720834796174373e+00 6.070749065925380890e-03
4.655149005007653606e+00 6.049459405437235086e-03
4.661586063980952765e+00 6.028243110738754074e-03
4.668032024007296776e+00 6.007099934374493695e-03
4.674486897394907636e+00 5.986029629702005299e-03
4.680950696469025729e+00 5.965031950889229315e-03
4.687423433571932918e+00 5.944106652911940875e-03
4.693905121062981856e+00 5.923253491551132115e-03
4.700395771318612859e+00 5.902472223390512439e-03
4.706895396732380554e+00 5.881762605813901229e-03
4.713404009714978748e+00 5.861124397002715099e-03
4.719921622694259078e+00 5.840557355933427390e-03
4.726448248115260320e+00 5.820061242375005987e-03
4.732983898440231485e+00 5.799635816886421387e-03
4.739528586148650469e+00 5.779280840814132215e-03
4.746082323737256914e+00 5.758996076289546462e-03
4.752645123720063758e+00 5.738781286226559038e-03
4.759216998628394535e+00 5.718636234319042499e-03
4.765797961010896699e+00 5.698560685038352516e-03
4.772388023433571824e+00 5.678554403630860226e-03
4.778987198479797804e+00 5.658617156115490661e-03
4.785595498750351950e+00 5.638748709281243832e-03
4.792212936863433193e+00 5.618948830684767845e-03
4.798839525454693167e+00 5.599217288647864374e-03
4.805475277177252202e+00 5.579553852255103412e-03
4.812120204701730408e+00 5.559958291351351292e-03
4.818774320716266324e+00 5.540430376539367228e-03
4.825437637926543566e+00 5.520969879177309650e-03
4.832110169055814808e+00 5.501576571332893531e-03
4.838791926844927538e+00 5.482250225705614932e-03
4.845482924052346263e+00 5.462990615725190485e-03
4.852183173454179155e+00 5.443797515569752041e-03
4.858892687844196701e+00 5.424670700163494383e-03
4.865611480033864567e+00 5.405609945174206718e-03
4.872339562852362249e+00 5.386615027010930798e-03
4.879076949146609721e+00 5.367685722821568736e-03
4.885823651781291410e+00 5.348821810490507304e-03
4.892579683638881960e+00 5.330023068636260443e-03
4.899345057619665766e+00 5.311289276609113506e-03
4.906119786641768066e+00 5.292620214488751897e-03
4.912903883641178915e+00 5.274015663081944340e-03
4.919697361571773619e+00 5.255475403920181060e-03
4.926500233405342044e+00 5.236999219257370934e-03
4.933312512131605487e+00 5.218586892067509156e-03
4.940134210758253985e+00 5.200238206042346635e-03
4.946965342310961411e+00 5.181952945589107969e-03
4.953805919833414784e+00 5.163730895828165177e-03
4.960655956387335586e+00 5.145571842590779960e-03
4.967515465052506407e+00 5.127475572416781771e-03
4.974384458926799368e+00 5.109441872552314412e-03
4.981262951126196548e+00 5.091470530947548798e-03
4.988150954784815738e+00 5.073561336254427817e-03
4.995048483054937982e+00 5.055714077824406856e-03
5.001955549107028887e+00 5.037928545706178707e-03
5.008872166129767933e+00 5.020204530643495623e-03
5.015798347330071572e+00 5.002541824072853464e-03
5.022734105933116311e+00 4.984940218121307678e-03
5.029679455182369807e+00 4.967399505604258060e-03
5.036634408339611291e+00 4.949919480023197947e-03
5.043598978684953771e+00 4.932499935563526734e-03
5.050573179516880451e+00 4.915140667092350243e-03
5.057557024152259828e+00 4.897841470156275891e-03
5.064550525926375002e+00 4.880602140979220863e-03
5.071553698192950321e+00 4.863422476460266264e-03
5.078566554324172699e+00 4.846302274171423660e-03
5.085589107710722701e+00 4.829241332355510043e-03
5.092621371761794968e+00 4.812239449923980290e-03
5.099663359905128424e+00 4.795296426454763103e-03
5.106715085587029357e+00 4.778412062190101270e-03
5.113776562272394521e+00 4.761586158034460461e-03
5.120847803444741331e+00 4.744818515552331334e-03
5.127928822606234505e+00 4.728108936966136586e-03
5.135019633277705609e+00 4.711457225154121534e-03
5.142120248998685916e+00 4.694863183648189178e-03
5.149230683327425062e+00 4.678326616631862771e-03
5.156350949840923015e+00 4.661847328938130419e-03
5.163481062134954058e+00 4.645425126047365155e-03
5.170621033824092549e+00 4.629059814085238929e-03
5.177770878541737787e+00 4.612751199820646145e-03
5.184930609940144208e+00 4.596499090663614187e-03
5.192100241690437379e+00 4.580303294663259916e-03
5.199279787482653070e+00 4.564163620505694990e-03
5.206469261025756801e+00 4.548079877511984961e-03
5.213668676047668704e+00 4.532051875636117048e-03
5.220878046295294617e+00 4.516079425462916734e-03
5.228097385534544728e+00 4.500162338206059771e-03
5.235326707550367331e+00 4.484300425706001791e-03
5.242566026146772806e+00 4.468493500427973830e-03
5.249815355146858487e+00 4.452741375459953570e-03
5.257074708392837081e+00 4.437043864510677345e-03
5.264344099746059769e+00 4.421400781907594037e-03
5.271623543087046393e+00 4.405811942594923050e-03
5.278913052315511223e+00 4.390277162131600401e-03
5.286212641350388708e+00 4.374796256689319346e-03
5.293522324129858347e+00 4.359369043050581420e-03
5.300842114611377554e+00 4.343995338606661608e-03
5.308172026771695862e+00 4.328674961355701012e-03
5.315512074606897563e+00 4.313407729900688506e-03
5.322862272132415917e+00 4.298193463447555138e-03
5.330222633383066899e+00 4.283031981803183535e-03
5.337593172413074072e+00 4.267923105373494508e-03
5.344973903296089901e+00 4.252866655161509357e-03
5.352364840125233947e+00 4.237862452765378367e-03
5.359765997013108851e+00 4.222910320376515106e-03
5.367177388091835866e+00 4.208010080777625783e-03
5.374599027513076166e+00 4.193161557340832277e-03
5.382030929448056611e+00 4.178364574025753529e-03
5.389473108087603492e+00 4.163618955377584342e-03
5.396925577642165628e+00 4.148924526525235752e-03
5.404388352341841006e+00 4.134281113179413825e-03
5.411861446436405210e+00 4.119688541630753958e-03
5.419344874195336281e+00 4.105146638747950855e-03
5.426838649907846701e+00 4.090655231975857259e-03
5.434342787882905590e+00 4.076214149333645155e-03
5.441857302449269795e+00 4.061823219412938335e-03
5.449382207955508761e+00 4.047482271375958847e-03
5.456917518770034725e+00 4.033191134953674310e-03
5.464463249281123147e+00 4.018949640443957375e-03
5.472019413896951789e+00 4.004757618709761657e-03
5.479586027045618479e+00 3.990614901177249110e-03
5.487163103175172196e+00 3.976521319834030142e-03
5.494750656753641493e+00 3.962476707227289251e-03
5.502348702269059366e+00 3.948480896461999991e-03
5.509957254229492563e+00 3.934533721199106118e-03
5.517576327163071781e+00 3.920635015653713140e-03
5.525205935618015651e+00 3.906784614593308488e-03
5.532846094162660044e+00 3.892982353335957841e-03
5.540496817385482942e+00 3.879228067748527898e-03
5.548158119895138185e+00 3.865521594244896580e-03
5.555830016320480347e+00 3.851862769784190118e-03
5.563512521310591374e+00 3.838251431869002354e-03
5.571205649534809012e+00 3.824687418543636173e-03
5.578909415682758777e+00 3.811170568392354460e-03
5.586623834464373495e+00 3.797700720537620228e-03
5.594348920609929721e+00 3.784277714638350620e-03
5.602084688870073492e+00 3.770901390888176108e-03
5.609831154015846977e+00 3.757571590013691464e-03
5.617588330838717781e+00 3.744288153272755729e-03
5.625356234150604706e+00 3.731050922452747946e-03
5.633134878783911503e+00 3.717859739868845017e-03
5.640924279591549073e+00 3.704714448362312132e-03
5.648724451446968331e+00 3.691614891298807943e-03
5.656535409244188628e+00 3.678560912566651141e-03
5.664357167897819956e+00 3.665552356575155126e-03
5.672189742343098473e+00 3.652589068252910191e-03
5.680033147535914040e+00 3.639670893046112986e-03
5.687887398452834198e+00 3.626797676916879501e-03
5.695752510091139698e+00 3.613969266341557178e-03
5.703628497468844039e+00 3.601185508309081695e-03
5.711515375624731661e+00 3.588446250319280838e-03
5.719413159618381037e+00 3.575751340381226086e-03
5.727321864530193984e+00 3.563100627011585048e-03
5.735241505461426748e+00 3.550493959232953970e-03
5.743172097534217535e+00 3.537931186572220148e-03
5.751113655891612275e+00 3.525412159058943437e-03
5.759066195697598367e+00 3.512936727223684840e-03
5.767029732137132214e+00 3.500504742096396255e-03
5.775004280416167646e+00 3.488116055204790265e-03
5.782989855761685227e+00 3.475770518572733354e-03
5.790986473421718017e+00 3.463467984718616565e-03
5.798994148665387982e+00 3.451208306653747847e-03
5.807012896782928202e+00 3.438991337880765650e-03
5.815042733085716620e+00 3.426816932392010018e-03
5.823083672906304464e+00 3.414684944667950063e-03
5.831135731598438454e+00 3.402595229675603634e-03
5.839198924537103430e+00 3.390547642866914482e-03
5.847273267118541007e+00 3.378542040177218760e-03
5.855358774760283325e+00 3.366578278023640413e-03
5.863455462901181470e+00 3.354656213303531653e-03
5.871563347001434785e+00 3.342775703392912579e-03
5.879682442542620180e+00 3.330936606144909058e-03
5.887812765027723216e+00 3.319138779888193645e-03
5.895954329981166531e+00 3.307382083425450345e-03
5.904107152948840032e+00 3.295666376031804266e-03
5.912271249498130210e+00 3.283991517453314999e-03
5.920446635217947673e+00 3.272357367905415811e-03
5.928633325718760894e+00 3.260763788071390987e-03
5.936831336632625522e+00 3.249210639100854909e-03
5.945040683613211030e+00 3.237697782608235479e-03
5.953261382335834462e+00 3.226225080671247993e-03
5.961493448497483527e+00 3.214792395829386799e-03
5.969736897816857457e+00 3.203399591082424763e-03
5.977991746034388321e+00 3.192046529888910560e-03
5.986258008912273887e+00 3.180733076164665111e-03
5.994535702234507824e+00 3.169459094281306191e-03
6.002824841806909006e+00 3.158224449064742263e-03
6.011125443457152606e+00 3.147029005793704898e-03
6.019437523034800286e+00 3.135872630198260815e-03
6.027761096411331287e+00 3.124755188458337805e-03
6.036096179480169077e+00 3.113676547202274929e-03
6.044442788156718649e+00 3.102636573505342804e-03
6.052800938378385176e+00 3.091635134888286868e-03
6.061170646104619308e+00 3.080672099315866740e-03
6.069551927316935824e+00 3.069747335195425943e-03
6.077944798018950046e+00 3.058860711374753859e-03
6.086349274236408924e+00 3.048012097125427176e-03
6.094765372017212357e+00 3.037201362141341877e-03
6.103193107431458486e+00 3.026428376552946654e-03
6.111632496571464124e+00 3.015693010926540768e-03
6.120083555551798504e+00 3.004995136262879341e-03
6.128546300509313483e+00 2.994334623995710543e-03
6.137020747603173731e+00 2.983711345990391287e-03
6.145506913014890493e+00 2.973125174542445674e-03
6.154004812948349112e+00 2.962575982376186752e-03
6.162514463629841899e+00 2.952063642643273662e-03
6.171035881308100990e+00 2.941588028921362456e-03
6.179569082254320556e+00 2.931149015212664542e-03
6.188114082762200319e+00 2.920746475942587531e-03
6.196670899147968647e+00 2.910380285958318828e-03
6.205239547750416307e+00 2.900050320527475158e-03
6.213820044930924880e+00 2.889756455336711313e-03
6.222412407073504959e+00 2.879498566490337579e-03
6.231016650584815686e+00 2.869276530508978358e-03
6.239632791894207386e+00 2.859090224328165748e-03
6.248260847453749989e+00 2.848939525297025915e-03
6.256900833738259671e+00 2.838824311176890453e-03
6.265552767245337940e+00 2.828744460139947636e-03
6.274216664495391171e+00 2.818699850767924890e-03
6.282892542031677685e+00 2.808690362050711431e-03
6.291580416420329058e+00 2.798715873385029893e-03
6.300280304250382102e+00 2.788776264573112305e-03
6.308992222133817940e+00 2.778871415821360883e-03
6.317716186705579773e+00 2.769001207739026169e-03
6.326452214623621728e+00 2.759165521336879104e-03
6.335200322568927511e+00 2.749364238025903909e-03
6.343960527245549486e+00 2.739597239615973196e-03
6.352732845380636206e+00 2.729864408314553858e-03
6.361517293724469724e+00 2.720165626725381310e-03
6.370313889050487788e+00 2.710500777847184468e-03
6.379122648155327369e+00 2.700869745072366490e-03
6.387943587858849526e+00 2.691272412185730621e-03
6.396776725004174047e+00 2.681708663363180454e-03
6.405622076457713199e+00 2.672178383170419752e-03
6.414479659109196596e+00 2.662681456561731205e-03
6.423349489871712947e+00 2.653217768878619442e-03
6.432231585681736696e+00 2.643787205848606697e-03
6.441125963499162665e+00 2.634389653583931769e-03
6.450032640307337140e+00 2.625024998580288444e-03
6.458951633113088064e+00 2.615693127715577361e-03
6.467882958946764127e+00 2.606393928248639229e-03
6.476826634862261400e+00 2.597127287818009299e-03
6.485782677937057095e+00 2.587893094440665322e-03
6.494751105272246861e+00 2.578691236510788527e-03
6.503731933992566105e+00 2.569521602798520259e-03
6.512725181246435291e+00 2.560384082448728151e-03
6.521730864205987466e+00 2.551278564979778812e-03
6.530749000067099352e+00 2.542204940282289261e-03
6.539779606049426874e+00 2.533163098617933866e-03
6.548822699396437130e+00 2.524152930618205320e-03
6.557878297375437704e+00 2.515174327283196867e-03
6.566946417277618409e+00 2.506227179980394064e-03
6.576027076418075268e+00 2.497311380443481294e-03
6.585120292135848707e+00 2.488426820771101437e-03
6.594226081793958194e+00 2.479573393425694040e-03
6.603344462779424440e+00 2.470750991232277104e-03
6.612475452503318252e+00 2.461959507377253602e-03
6.621619068400783625e+00 2.453198835407230556e-03
6.630775327931072383e+00 2.444468869227829459e-03
6.639944248577583252e+00 2.435769503102500587e-03
6.649125847847882298e+00 2.427100631651357265e-03
6.658320143273751768e+00 2.418462149849989317e-03
6.667527152411214963e+00 2.409853953028297767e-03
6.676746892840570879e+00 2.401275936869326933e-03
6.685979382166427953e+00 2.392727997408102599e-03
6.695224638017739593e+00 2.384210031030476254e-03
6.704482678047831712e+00 2.375721934471964562e-03
6.713753519934446246e+00 2.367263604816592735e-03
6.723037181379766913e+00 2.358834939495762627e-03
6.732333680110456520e+00 2.350435836287094807e-03
6.741643033877691593e+00 2.342066193313283636e-03
6.750965260457189032e+00 2.333725909040986184e-03
6.760300377649250514e+00 2.325414882279654323e-03
6.769648403278791804e+00 2.317133012180422336e-03
6.779009355195374731e+00 2.308880198234990189e-03
6.788383251273246266e+00 2.300656340274484252e-03
6.797770109411362505e+00 2.292461338468342741e-03
6.807169947533437515e+00 2.284295093323207224e-03
6.816582783587967320e+00 2.276157505681796790e-03
6.826008635548265424e+00 2.268048476721820812e-03
6.835447521412501892e+00 2.259967907954853108e-03
6.844899459203728220e+00 2.251915701225239933e-03
6.854364466969924408e+00 2.243891758709008841e-03
6.863842562784023826e+00 2.235895982912762796e-03
6.873333764743951413e+00 2.227928276672591634e-03
6.882838090972656531e+00 2.219988543152997401e-03
6.892355559618151162e+00 2.212076685845789769e-03
6.901886188853538329e+00 2.204192608569028287e-03
6.911429996877052950e+00 2.196336215465925605e-03
6.920987001912094705e+00 2.188507411003793191e-03
6.930557222207260004e+00 2.180706099972949761e-03
6.940140676036383738e+00 2.172932187485673936e-03
6.949737381698561478e+00 2.165185578975136523e-03
6.959347357518199217e+00 2.157466180194333658e-03
6.968970621845040014e+00 2.149773897215034261e-03
6.978607193054200408e+00 2.142108636426736604e-03
6.988257089546205947e+00 2.134470304535605358e-03
6.997920329747023160e+00 2.126858808563429452e-03
7.007596932108102195e+00 2.119274055846586020e-03
7.017286915106404344e+00 2.111715954034997390e-03
7.026990297244443795e+00 2.104184411091084613e-03
7.036707097050316939e+00 2.096679335288755257e-03
7.046437333077739673e+00 2.089200635212361701e-03
7.056181023906085592e+00 2.081748219755670277e-03
7.065938188140420628e+00 2.074321998120844720e-03
7.075708844411534137e+00 2.066921879817437430e-03
7.085493011375980643e+00 2.059547774661353841e-03
7.095290707716112699e+00 2.052199592773847579e-03
7.105101952140112864e+00 2.044877244580517797e-03
7.114926763382036334e+00 2.037580640810298261e-03
7.124765160201842917e+00 2.030309692494440370e-03
7.134617161385433448e+00 2.023064310965541276e-03
7.144482785744687092e+00 2.015844407856516932e-03
7.154362052117490656e+00 2.008649895099634975e-03
7.164254979367782994e+00 2.001480684925508163e-03
7.174161586385589651e+00 1.994336689862111645e-03
7.184081892087053056e+00 1.987217822733798947e-03
7.194015915414477824e+00 1.980123996660317943e-03
7.203963675336353845e+00 1.973055125055845488e-03
7.213925190847406022e+00 1.966011121627999052e-03
7.223900480968624471e+00 1.958991900376864850e-03
7.233889564747300049e+00 1.951997375594048722e-03
7.243892461257061655e+00 1.945027461861684745e-03
7.253909189597915308e+00 1.938082074051492845e-03
7.263939768896272575e+00 1.931161127323815369e-03
7.273984218304998528e+00 1.924264537126647379e-03
7.284042557003439278e+00 1.917392219194708142e-03
7.294114804197462831e+00 1.910544089548476838e-03
7.304200979119497283e+00 1.903720064493241064e-03
7.314301101028558350e+00 1.896920060618169628e-03
7.324415189210299104e+00 1.890143994795357362e-03
7.334543262977036626e+00 1.883391784178892712e-03
7.344685341667796408e+00 1.876663346203925973e-03
7.354841444648343440e+00 1.869958598585731669e-03
7.365011591311218631e+00 1.863277459318794576e-03
7.375195801075783208e+00 1.856619846675854535e-03
7.385394093388248926e+00 1.849985679207026947e-03
7.395606487721718025e+00 1.843374875738836537e-03
7.405833003576222318e+00 1.836787355373339578e-03
7.416073660478749829e+00 1.830223037487190398e-03
7.426328477983297205e+00 1.823681841730732814e-03
7.436597475670899904e+00 1.817163688027094177e-03
7.446880673149667729e+00 1.810668496571283528e-03
7.457178090054823905e+00 1.804196187829283258e-03
7.467489746048745047e+00 1.797746682537164180e-03
7.477815660820993138e+00 1.791319901700164606e-03
7.488155854088359042e+00 1.784915766591824073e-03
7.498510345594897153e+00 1.778534198753075214e-03
7.508879155111963577e+00 1.772175119991366418e-03
7.519262302438256995e+00 1.765838452379764984e-03
7.529659807399845306e+00 1.759524118256094311e-03
7.540071689850218917e+00 1.753232040222038992e-03
7.550497969670318277e+00 1.746962141142273557e-03
7.560938666768576510e+00 1.740714344143591422e-03
7.571393801080956720e+00 1.734488572614032971e-03
7.581863392570982185e+00 1.728284750202017115e-03
7.592347461229789651e+00 1.722102800815482381e-03
7.602846027076154201e+00 1.715942648621016737e-03
7.613359110156536325e+00 1.709804218042999769e-03
7.623886730545113011e+00 1.703687433762753533e-03
7.634428908343823927e+00 1.697592220717678230e-03
7.644985663682397181e+00 1.691518504100417587e-03
7.655557016718403496e+00 1.685466209342668248e-03
7.666142987637284634e+00 1.679435262036323368e-03
7.676743596652395141e+00 1.673425587992217935e-03
7.687358864005040537e+00 1.667437113275017533e-03
7.697988809964511070e+00 1.661469764202452241e-03
7.708633454828130560e+00 1.655523467344442766e-03
7.719292818921287491e+00 1.649598149522260191e-03
7.729966922597476753e+00 1.643693737807682678e-03
7.740655786238338720e+00 1.637810159522139165e-03
7.751359430253691229e+00 1.631947342235883424e-03
7.762077875081581091e+00 1.626105213767145346e-03
7.772811141188314288e+00 1.620283702181299140e-03
7.783559249068496833e+00 1.614482735790029365e-03
7.794322219245076511e+00 1.608702243150495880e-03
7.805100072269373079e+00 1.602942153064527194e-03
7.815892828721133334e+00 1.597202394577760913e-03
7.826700509208555090e+00 1.591482896978853572e-03
7.837523134368336031e+00 1.585783589798648186e-03
7.848360724865709237e+00 1.580104402809354158e-03
7.859213301394484041e+00 1.574445266023741501e-03
7.870080884677079780e+00 1.568806109694329855e-03
7.880963495464576418e+00 1.563186864312570562e-03
7.891861154536745637e+00 1.557587460608052385e-03
7.902773882702094355e+00 1.552007829547692903e-03
7.913701700797903804e+00 1.546447902334935776e-03
7.924644629690262398e+00 1.540907610408960137e-03
7.935602690274119020e+00 1.535386885443880455e-03
7.946575903473313218e+00 1.529885659347955066e-03
7.957564290240617844e+00 1.524403864262797526e-03
7.968567871557779903e+00 1.518941432562586225e-03
7.979586668435554309e+00 1.513498296853285066e-03
7.990620701913756285e+00 1.508074389971863051e-03
8.001669993061289787e+00 1.502669644985501086e-03
8.012734562976197239e+00 1.497283995190830863e-03
8.023814432785689732e+00 1.491917374113154457e-03
8.034909623646194987e+00 1.486569715505674759e-03
8.046020156743395546e+00 1.481240953348720701e-03
8.057146053292271404e+00 1.475931021848986583e-03
8.068287334537131983e+00 1.470639855438771616e-03
8.079444021751669425e+00 1.465367388775204276e-03
8.090616136238994116e+00 1.460113556739497682e-03
8.101803699331661335e+00 1.454878294436192385e-03
8.113006732391740528e+00 1.449661537192389405e-03
8.124225256810829521e+00 1.444463220557013839e-03
8.135459294010111364e+00 1.439283280300059174e-03
8.146708865440391634e+00 1.434121652411836801e-03
8.157973992582126854e+00 1.428978273102251770e-03
8.169254696945490224e+00 1.423853078800026064e-03
8.180551000070389378e+00 1.418746006151996473e-03
8.191862923526521456e+00 1.413656992022354350e-03
8.203190488913408629e+00 1.408585973491922449e-03
8.214533717860438955e+00 1.403532887857421784e-03
8.225892632026912565e+00 1.398497672630734162e-03
8.237267253102075415e+00 1.393480265538188986e-03
8.248657602805167244e+00 1.388480604519826437e-03
8.260063702885464210e+00 1.383498627728689491e-03
8.271485575122312639e+00 1.378534273530084052e-03
8.282923241325173436e+00 1.373587480500887241e-03
8.294376723333668266e+00 1.368658187428809262e-03
8.305846043017620417e+00 1.363746333311695400e-03
8.317331222277088543e+00 1.358851857356809792e-03
8.328832283042419959e+00 1.353974698980131347e-03
8.340349247274282618e+00 1.349114797805646632e-03
8.351882136963713066e+00 1.344272093664647307e-03
8.363430974132157303e+00 1.339446526595027562e-03
8.374995780831511638e+00 1.334638036840590444e-03
8.386576579144167098e+00 1.329846564850343128e-03
8.398173391183044956e+00 1.325072051277815816e-03
8.409786239091648241e+00 1.320314436980363302e-03
8.421415145044097272e+00 1.315573663018470858e-03
8.433060131245175839e+00 1.310849670655079430e-03
8.444721219930375611e+00 1.306142401354887413e-03
8.456398433365926337e+00 1.301451796783686899e-03
8.468091793848852689e+00 1.296777798807662854e-03
8.479801323707011562e+00 1.292120349492726326e-03
8.491527045299132936e+00 1.287479391103842031e-03
8.503268981014866057e+00 1.282854866104349637e-03
8.515027153274818517e+00 1.278246717155291775e-03
8.526801584530597111e+00 1.273654887114754634e-03
8.538592297264862907e+00 1.269079319037187074e-03
8.550399313991357886e+00 1.264519956172747723e-03
8.562222657254958236e+00 1.259976741966638628e-03
8.574062349631720537e+00 1.255449620058448224e-03
8.585918413728906629e+00 1.250938534281488893e-03
8.597790872185049338e+00 1.246443428662144916e-03
8.609679747669982675e+00 1.241964247419221744e-03
8.621585062884889794e+00 1.237500934963284629e-03
8.633506840562342077e+00 1.233053435896023066e-03
8.645445103466341763e+00 1.228621695009598320e-03
8.657399874392378791e+00 1.224205657285993990e-03
8.669371176167455673e+00 1.219805267896377412e-03
8.681359031650144331e+00 1.215420472200465186e-03
8.693363463730621632e+00 1.211051215745873521e-03
8.705384495330720895e+00 1.206697444267493518e-03
8.717422149403963871e+00 1.202359103686847803e-03
8.729476448935621136e+00 1.198036140111464077e-03
8.741547416942742288e+00 1.193728499834244977e-03
8.753635076474202137e+00 1.189436129332836854e-03
8.765739450610755767e+00 1.185158975269010690e-03
8.777860562465059857e+00 1.180896984488035220e-03
8.789998435181745506e+00 1.176650104018048520e-03
8.802153091937437779e+00 1.172418281069452593e-03
8.814324555940816097e+00 1.168201463034285398e-03
8.826512850432649770e+00 1.163999597485609362e-03
8.838717998685840627e+00 1.159812632176899670e-03
8.850940024005481632e+00 1.155640515041428873e-03
8.863178949728883538e+00 1.151483194191663204e-03
8.875434799225631721e+00 1.147340617918651091e-03
8.887707595897625268e+00 1.143212734691420335e-03
8.899997363179121379e+00 1.139099493156374215e-03
8.912304124536785110e+00 1.135000842136691486e-03
8.924627903469726675e+00 1.130916730631725950e-03
8.936968723509554735e+00 1.126847107816413181e-03
8.949326608220415480e+00 1.122791923040667925e-03
8.961701581199040589e+00 1.118751125828798846e-03
8.974093666074782760e+00 1.114724665878916122e-03
8.986502886509681431e+00 1.110712493062334261e-03
8.998929266198485877e+00 1.106714557422999864e-03
9.011372828868713825e+00 1.102730809176892925e-03
9.023833598280697643e+00 1.098761198711446785e-03
9.036311598227612762e+00 1.094805676584977407e-03
9.048806852535546952e+00 1.090864193526089017e-03
9.061319385063530518e+00 1.086936700433101212e-03
9.073849219703582492e+00 1.083023148373481702e-03
9.086396380380767468e+00 1.079123488583259762e-03
9.098960891053222255e+00 1.075237672466471117e-03
9.111542775712219822e+00 1.071365651594568787e-03
9.124142058382204823e+00 1.067507377705871228e-03
9.136758763120848670e+00 1.063662802704987273e-03
9.149392914019081502e+00 1.059831878662256680e-03
9.162044535201147255e+00 1.056014557813187002e-03
9.174713650824651623e+00 1.052210792557888930e-03
9.187400285080602913e+00 1.048420535460525740e-03
9.200104462193461785e+00 1.044643739248751887e-03
9.212826206421187436e+00 1.040880356813155732e-03
9.225565542055278456e+00 1.037130341206716783e-03
9.238322493420822568e+00 1.033393645644239967e-03
9.251097084876549914e+00 1.029670223501824144e-03
9.263889340814868589e+00 1.025960028316293994e-03
9.276699285661916150e+00 1.022263013784675692e-03
9.289526943877612908e+00 1.018579133763636161e-03
9.302372339955690350e+00 1.014908342268953760e-03
9.315235498423758642e+00 1.011250593474968601e-03
9.328116443843340377e+00 1.007605841714052366e-03
9.341015200809922092e+00 1.003974041476064262e-03
9.353931793953005780e+00 1.000355147407821057e-03
9.366866247936137313e+00 9.967491143125666898e-04
9.379818587456979273e+00 9.931558971494349429e-04
9.392788837247341149e+00 9.895754510329233828e-04
9.405777022073234406e+00 9.860077312323649226e-04
9.418783166734909784e+00 9.824526931714015494e-04
9.431807296066921253e+00 9.789102924274639076e-04
9.444849434938150878e+00 9.753804847312482797e-04
9.457909608251878097e+00 9.718632259661891216e-04
9.470987840945817027e+00 9.683584721679473198e-04
9.484084157992164421e+00 9.648661795238918336e-04
9.497198584397649412e+00 9.613863043725818808e-04
9.510331145203574366e+00 9.579188032032613740e-04
9.523481865485873499e+00 9.544636326553317812e-04
9.536650770355153739e+00 9.510207495178577301e-04
9.549837884956749789e+00 9.475901107290485422e-04
9.563043234470759657e+00 9.441716733757550550e-04
9.576266844112099719e+00 9.407653946929670939e-04
9.589508739130559789e+00 9.373712320633035720e-04
9.602768944810840424e+00 9.339891430165152752e-04
9.616047486472604433e+00 9.306190852289865627e-04
9.629344389470530174e+00 9.272610165232867243e-04
9.642659679194350630e+00 9.239148948763783661e-04
9.655993381068910253e+00 9.205806784283378664e-04
9.669345520554212925e+00 9.172583254657476742e-04
9.682716123145462817e+00 9.139477944189263901e-04
9.696105214373123005e+00 9.106490438614468384e-04
9.709512819802961658e+00 9.073620325096506695e-04
9.722938965036087566e+00 9.040867192221664324e-04
9.736383675709021190e+00 9.008230629994226591e-04
9.749846977493730193e+00 8.975710229831755866e-04
9.763328896097680953e+00 8.943305584560250600e-04
9.776829457263886525e+00 8.911016288409361833e-04
9.790348686770954600e+00 8.878841937007744128e-04
9.803886610433142579e+00 8.846782127378208108e-04
9.817443254100403749e+00 8.814836457933038867e-04
9.831018643658435252e+00 8.783004528469310051e-04
9.844612805028731373e+00 8.751285940164170831e-04
9.858225764168620842e+00 8.719680295570188169e-04
9.871857547071334338e+00 8.688187198610669570e-04
9.885508179766045345e+00 8.656806254575045469e-04
9.899177688317916335e+00 8.625537070114227753e-04
9.912866098828153838e+00 8.594379253235985647e-04
9.926573437434059954e+00 8.563332413300382305e-04
9.940299730309069659e+00 8.532396161015172367e-04
9.954045003662820079e+00 8.501570108431219042e-04
9.967809283741186022e+00 8.470853868937975152e-04
9.981592596826335040e+00 8.440247057258935988e-04
9.995394969236780724e+00 8.409749289447106257e-04
1.000921642732741645e+01 8.379360182880532092e-04
1.002305699748960244e+01 8.349079356257750649e-04
1.003691670615116927e+01 8.318906429593365482e-04
1.005079557977649785e+01 8.288841024213570953e-04
1.006469364486657447e+01 8.258882762751699417e-04
1.007861092795901570e+01 8.229031269143767318e-04
1.009254745562814826e+01 8.199286168624126455e-04
1.010650325448503217e+01 8.169647087720987308e-04
1.012047835117752470e+01 8.140113654252109339e-04
1.013447277239034960e+01 8.110685497320326487e-04
1.014848654484510604e+01 8.081362247309288420e-04
1.016251969530036270e+01 8.052143535879048922e-04
1.017657225055167736e+01 8.023028995961767025e-04
1.019064423743165904e+01 7.994018261757418996e-04
1.020473568281003551e+01 7.965110968729421405e-04
1.021884661359367108e+01 7.936306753600428764e-04
1.023297705672665181e+01 7.907605254347993464e-04
1.024712703919031043e+01 7.879006110200365573e-04
1.026129658800328848e+01 7.850508961632196147e-04
1.027548573022160383e+01 7.822113450360330521e-04
1.028969449293866489e+01 7.793819219339660157e-04
1.030392290328536653e+01 7.765625912758746799e-04
1.031817098843009894e+01 7.737533176035839115e-04
1.033243877557884005e+01 7.709540655814560830e-04
1.034672629197517146e+01 7.681647999959814602e-04
1.036103356490034955e+01 7.653854857553604599e-04
1.037536062167336937e+01 7.626160878890919778e-04
1.038970748965097890e+01 7.598565715475642107e-04
1.040407419622777851e+01 7.571069020016346369e-04
1.041846076883623162e+01 7.543670446422340650e-04
1.043286723494673573e+01 7.516369649799531198e-04
1.044729362206768997e+01 7.489166286446288356e-04
1.046173995774550924e+01 7.462060013849521750e-04
1.047620626956472201e+01 7.435050490680541893e-04
1.049069258514798442e+01 7.408137376791111518e-04
1.050519893215614431e+01 7.381320333209399334e-04
1.051972533828832113e+01 7.354599022135948965e-04
1.053427183128191125e+01 7.327973106939793171e-04
1.054883843891268569e+01 7.301442252154367483e-04
1.056342518899481142e+01 7.275006123473654789e-04
1.057803210938090999e+01 7.248664387748186789e-04
1.059265922796214277e+01 7.222416712981099673e-04
1.060730657266820742e+01 7.196262768324300377e-04
1.062197417146744804e+01 7.170202224074429019e-04
1.063666205236686935e+01 7.144234751669090210e-04
1.065137024341219885e+01 7.118360023682948840e-04
1.066609877268796325e+01 7.092577713823804185e-04
1.068084766831750265e+01 7.066887496928789779e-04
1.069561695846306826e+01 7.041289048960511481e-04
1.071040667132583479e+01 7.015782047003265784e-04
1.072521683514597512e+01 6.990366169259171376e-04
1.074004747820272776e+01 6.965041095044365764e-04
1.075489862881441461e+01 6.939806504785283204e-04
1.076977031533853513e+01 6.914662080014807952e-04
1.078466256617178587e+01 6.889607503368535939e-04
1.079957540975013153e+01 6.864642458581047277e-04
1.081450887454887066e+01 6.839766630482116980e-04
1.082946298908265526e+01 6.814979704993062281e-04
1.084443778190559371e+01 6.790281369122925159e-04
1.085943328161125265e+01 6.765671310964905313e-04
1.087444951683275818e+01 6.741149219692530760e-04
1.088948651624281538e+01 6.716714785556091895e-04
1.090454430855377765e+01 6.692367699878936770e-04
1.091962292251771771e+01 6.668107655053776136e-04
1.093472238692644183e+01 6.643934344539152194e-04
1.094984273061159463e+01 6.619847462855670992e-04
1.096498398244466976e+01 6.595846705582513467e-04
1.098014617133708448e+01 6.571931769353768667e-04
1.099532932624025250e+01 6.548102351854832035e-04
1.101053347614559463e+01 6.524358151818879584e-04
1.102575865008464540e+01 6.500698869023230396e-04
1.104100487712907075e+01 6.477124204285860916e-04
1.105627218639072851e+01 6.453633859461834670e-04
1.107156060702175360e+01 6.430227537439720063e-04
1.108687016821456872e+01 6.406904942138170805e-04
1.110220089920198738e+01 6.383665778502328530e-04
1.111755282925722632e+01 6.360509752500360936e-04
1.113292598769398190e+01 6.337436571120004265e-04
1.114832040386649936e+01 6.314445942365041814e-04
1.116373610716959774e+01 6.291537575251857257e-04
1.117917312703876043e+01 6.268711179806019411e-04
1.119463149295015647e+01 6.245966467058779170e-04
1.121011123442071700e+01 6.223303149043717163e-04
1.122561238100820624e+01 6.200720938793252614e-04
1.124113496231123221e+01 6.178219550335311595e-04
1.125667900796935861e+01 6.155798698689867333e-04
1.127224454766311901e+01 6.133458099865621467e-04
1.128783161111408262e+01 6.111197470856586647e-04
1.130344022808493776e+01 6.089016529638729839e-04
1.131907042837950605e+01 6.066914995166683942e-04
1.133472224184284372e+01 6.044892587370317375e-04
1.135039569836125750e+01 6.022949027151502065e-04
1.136609082786237934e+01 6.001084036380736160e-04
1.138180766031524627e+01 5.979297337893838297e-04
1.139754622573031106e+01 5.957588655488742701e-04
1.141330655415954531e+01 5.935957713922060093e-04
1.142908867569646070e+01 5.914404238905999643e-04
1.144489262047618006e+01 5.892927957104968908e-04
1.146071841867551733e+01 5.871528596132325568e-04
1.147656610051298642e+01 5.850205884547264677e-04
1.149243569624891492e+01 5.828959551851456552e-04
1.150832723618544762e+01 5.807789328485918855e-04
1.152424075066665488e+01 5.786694945827735789e-04
1.154017627007854685e+01 5.765676136186938857e-04
1.155613382484915519e+01 5.744732632803300869e-04
1.157211344544860054e+01 5.723864169843113697e-04
1.158811516238911388e+01 5.703070482396126488e-04
1.160413900622514305e+01 5.682351306472258360e-04
1.162018500755337058e+01 5.661706378998583242e-04
1.163625319701278116e+01 5.641135437816158574e-04
1.165234360528475221e+01 5.620638221676844265e-04
1.166845626309305395e+01 5.600214470240302703e-04
1.168459120120397365e+01 5.579863924070788432e-04
1.170074845042631750e+01 5.559586324634160090e-04
1.171692804161149759e+01 5.539381414294730806e-04
1.173313000565360120e+01 5.519248936312191227e-04
1.174935437348941392e+01 5.499188634838662664e-04
1.176560117609852441e+01 5.479200254915492186e-04
1.178187044450333865e+01 5.459283542470341538e-04
1.179816220976916519e+01 5.439438244314088490e-04
1.181447650300427910e+01 5.419664108137859379e-04
1.183081335535995571e+01 5.399960882509974910e-04
1.184717279803056300e+01 5.380328316872949081e-04
1.186355486225359179e+01 5.360766161540599789e-04
1.187995957930972324e+01 5.341274167694932832e-04
1.189638698052291232e+01 5.321852087383278527e-04
1.191283709726040563e+01 5.302499673515288477e-04
1.192930996093284612e+01 5.283216679859970271e-04
1.194580560299429095e+01 5.264002861042844711e-04
1.196232405494229845e+01 5.244857972542895947e-04
1.197886534831799032e+01 5.225781770689724368e-04
1.199542951470608365e+01 5.206774012660649606e-04
1.201201658573499564e+01 5.187834456477735494e-04
1.202862659307685789e+01 5.168962861005012331e-04
1.204525956844759804e+01 5.150158985945510514e-04
1.206191554360701801e+01 5.131422591838423171e-04
1.207859455035881346e+01 5.112753440056251467e-04
1.209529662055068222e+01 5.094151292801945554e-04
1.211202178607433311e+01 5.075615913106074810e-04
1.212877007886560321e+01 5.057147064690408096e-04
1.214554153090446853e+01 5.038744510050366691e-04
1.216233617421512747e+01 5.020408010928997366e-04
1.217915404086607900e+01 5.002137329897620973e-04
1.219599516297014041e+01 4.983932230396096461e-04
1.221285957268456102e+01 4.965792476729475029e-04
1.222974730221103457e+01 4.947717834064824498e-04
1.224665838379578808e+01 4.929708068427882377e-04
1.226359284972964936e+01 4.911762946699894331e-04
1.228055073234808070e+01 4.893882236614339890e-04
1.229753206403127663e+01 4.876065706753733510e-04
1.231453687720418877e+01 4.858313126546440273e-04
1.233156520433660575e+01 4.840624266263447674e-04
1.234861707794323316e+01 4.822998897015220348e-04
1.236569253058371487e+01 4.805436790748530409e-04
1.238279159486274139e+01 4.787937720243287784e-04
1.239991430343006584e+01 4.770501459109445356e-04
1.241706068898059456e+01 4.753127781783811410e-04
1.243423078425445816e+01 4.735816463526980801e-04
1.245142462203703992e+01 4.718567280420209739e-04
1.246864223515907533e+01 4.701380009362335030e-04
1.248588365649668752e+01 4.684254428066705238e-04
1.250314891897145486e+01 4.667190315058090716e-04
1.252043805555049794e+01 4.650187449669640786e-04
1.253775109924650089e+01 4.633245612039836592e-04
1.255508808311782154e+01 4.616364583109482437e-04
1.257244904026851096e+01 4.599544144618668393e-04
1.258983400384839513e+01 4.582784079103762180e-04
1.260724300705315848e+01 4.566084169894413518e-04
1.262467608312436518e+01 4.549444201110578530e-04
1.264213326534956749e+01 4.532863957659559332e-04
1.265961458706232712e+01 4.516343225233007837e-04
1.267712008164230397e+01 4.499881790304024434e-04
1.269464978251532905e+01 4.483479440124169381e-04
1.271220372315342928e+01 4.467135962720600512e-04
1.272978193707494299e+01 4.450851146893087347e-04
1.274738445784453056e+01 4.434624782211178608e-04
1.276501131907329167e+01 4.418456659011246149e-04
1.278266255441878307e+01 4.402346568393662772e-04
1.280033819758510205e+01 4.386294302219889522e-04
1.281803828232297171e+01 4.370299653109647000e-04
1.283576284242975873e+01 4.354362414438058492e-04
1.285351191174958707e+01 4.338482380332807733e-04
1.287128552417336813e+01 4.322659345671314561e-04
1.288908371363886829e+01 4.306893106077966404e-04
1.290690651413080658e+01 4.291183457921229428e-04
1.292475395968086893e+01 4.275530198310946699e-04
1.294262608436782713e+01 4.259933125095492160e-04
1.296052292231755310e+01 4.244392036859034639e-04
1.297844450770311120e+01 4.228906732918785607e-04
1.299639087474483645e+01 4.213477013322213319e-04
1.301436205771035937e+01 4.198102678844358327e-04
1.303235809091471964e+01 4.182783530985047628e-04
1.305037900872038925e+01 4.167519371966232401e-04
1.306842484553735240e+01 4.152310004729256360e-04
1.308649563582320141e+01 4.137155232932144709e-04
1.310459141408314032e+01 4.122054860946979828e-04
1.312271221487012163e+01 4.107008693857144149e-04
1.314085807278485341e+01 4.092016537454723490e-04
1.315902902247588635e+01 4.077078198237841004e-04
1.317722509863970437e+01 4.062193483407974316e-04
1.319544633602074768e+01 4.047362200867372960e-04
1.321369276941151760e+01 4.032584159216411296e-04
1.323196443365261388e+01 4.017859167750981002e-04
1.325026136363280926e+01 4.003187036459901461e-04
1.326858359428914191e+01 3.988567576022278099e-04
1.328693116060693313e+01 3.974000597805018480e-04
1.330530409761990462e+01 3.959485913860146195e-04
1.332370244041020868e+01 3.945023336922312616e-04
1.334212622410850457e+01 3.930612680406247398e-04
1.336057548389404914e+01 3.916253758404171026e-04
1.337905025499471812e+01 3.901946385683295734e-04
1.339755057268712868e+01 3.887690377683289010e-04
1.341607647229664835e+01 3.873485550513783727e-04
1.343462798919752110e+01 3.859331720951851953e-04
1.345320515881288337e+01 3.845228706439503697e-04
1.347180801661485816e+01 3.831176325081260461e-04
1.349043659812463147e+01 3.817174395641595441e-04
1.350909093891248780e+01 3.803222737542548285e-04
1.352777107459792205e+01 3.789321170861215701e-04
1.354647704084966264e+01 3.775469516327358628e-04
1.356520887338575854e+01 3.761667595320908027e-04
1.358396660797367161e+01 3.747915229869578009e-04
1.360275028043029444e+01 3.734212242646450775e-04
1.362155992662207282e+01 3.720558456967540417e-04
1.364039558246503070e+01 3.706953696789432604e-04
1.365925728392485183e+01 3.693397786706864106e-04
1.367814506701697752e+01 3.679890551950351640e-04
1.369705896780661902e+01 3.666431818383850539e-04
1.371599902240888724e+01 3.653021412502331015e-04
1.373496526698881404e+01 3.639659161429506756e-04
1.375395773776143571e+01 3.626344892915422035e-04
1.377297647099188893e+01 3.613078435334160250e-04
1.379202150299542851e+01 3.599859617681511800e-04
1.381109287013755527e+01 3.586688269572622999e-04
1.383019060883403384e+01 3.573564221239760447e-04
1.384931475555097968e+01 3.560487303529938797e-04
1.386846534680496212e+01 3.547457347902690009e-04
1.388764241916300968e+01 3.534474186427743157e-04
1.390684600924274505e+01 3.521537651782777963e-04
1.392607615371240826e+01 3.508647577251144175e-04
1.394533288929093651e+01 3.495803796719632994e-04
1.396461625274806906e+01 3.483006144676201871e-04
1.398392628090435785e+01 3.470254456207765991e-04
1.400326301063129719e+01 3.457548566997945298e-04
1.402262647885134861e+01 3.444888313324861399e-04
1.404201672253802613e+01 3.432273532058937172e-04
1.406143377871599398e+01 3.419704060660671988e-04
1.408087768446108434e+01 3.407179737178452701e-04
1.410034847690042525e+01 3.394700400246380371e-04
1.411984619321245304e+01 3.382265889082102395e-04
1.413937087062704556e+01 3.369876043484588816e-04
1.415892254642553993e+01 3.357530703832067994e-04
1.417850125794082317e+01 3.345229711079772015e-04
1.419810704255742628e+01 3.332972906757881038e-04
1.421773993771154920e+01 3.320760132969328873e-04
1.423739998089118686e+01 3.308591232387691496e-04
1.425708720963614873e+01 3.296466048255098334e-04
1.427680166153815122e+01 3.284384424380075787e-04
1.429654337424091715e+01 3.272346205135489954e-04
1.431631238544019524e+01 3.260351235456406959e-04
1.433610873288388277e+01 3.248399360838047606e-04
1.435593245437205567e+01 3.236490427333688362e-04
1.437578358775706100e+01 3.224624281552593784e-04
1.439566217094360212e+01 3.212800770657955993e-04
1.441556824188877606e+01 3.201019742364849866e-04
1.443550183860219072e+01 3.189281044938161672e-04
1.445546299914598976e+01 3.177584527190585465e-04
1.447545176163495384e+01 3.165930038480564181e-04
1.449546816423658235e+01 3.154317428710284952e-04
1.451551224517113070e+01 3.142746548323647310e-04
1.453558404271172932e+01 3.131217248304272050e-04
1.455568359518440857e+01 3.119729380173502501e-04
1.457581094096820173e+01 3.108282795988391708e-04
1.459596611849522851e+01 3.096877348339750324e-04
1.461614916625072347e+01 3.085512890350135414e-04
1.463636012277316745e+01 3.074189275671916242e-04
1.465659902665431069e+01 3.062906358485279336e-04
1.467686591653926698e+01 3.051663993496315412e-04
1.469716083112660954e+01 3.040462035935019027e-04
1.471748380916839594e+01 3.029300341553406938e-04
1.473783488947029241e+01 3.018178766623543776e-04
1.475821411089161117e+01 3.007097167935645775e-04
1.477862151234539390e+01 2.996055402796149805e-04
1.479905713279851298e+01 2.985053329025803555e-04
1.481952101127169463e+01 2.974090804957779015e-04
1.484001318683965209e+01 2.963167689435752361e-04
1.486053369863110873e+01 2.952283841812042915e-04
1.488108258582889043e+01 2.941439121945720134e-04
1.490165988767003213e+01 2.930633390200724142e-04
1.492226564344579209e+01 2.919866507444033969e-04
1.494289989250179040e+01 2.909138335043746893e-04
1.496356267423802500e+01 2.898448734867288415e-04
1.498425402810900309e+01 2.887797569279543643e-04
1.500497399362376783e+01 2.877184701141004383e-04
1.502572261034599421e+01 2.866609993805984010e-04
1.504649991789408858e+01 2.856073311120728236e-04
1.506730595594120992e+01 2.845574517421662502e-04
1.508814076421540662e+01 2.835113477533551547e-04
1.510900438249964139e+01 2.824690056767692036e-04
1.512989685063188539e+01 2.814304120920145861e-04
1.515081820850522121e+01 2.803955536269905121e-04
1.517176849606786426e+01 2.793644169577176920e-04
1.519274775332330130e+01 2.783369888081527752e-04
1.521375602033031171e+01 2.773132559500187267e-04
1.523479333720306528e+01 2.762932052026254460e-04
1.525585974411122869e+01 2.752768234326925540e-04
1.527695528127997804e+01 2.742640976040485704e-04
1.529807998899014621e+01 2.732550149514114996e-04
1.531923390757824421e+01 2.722495628155404985e-04
1.534041707743655536e+01 2.712477285789888747e-04
1.536162953901324357e+01 2.702494996659706209e-04
1.538287133281237118e+01 2.692548635422382258e-04
1.540414249939403923e+01 2.682638077149485036e-04
1.542544307937441239e+01 2.672763197325432778e-04
1.544677311342581838e+01 2.662923871846179760e-04
1.546813264227685103e+01 2.653119977017977054e-04
1.548952170671238626e+01 2.643351389556100215e-04
1.551094034757373485e+01 2.633617986583616007e-04
1.553238860575865488e+01 2.623919645630122012e-04
1.555386652222145649e+01 2.614256244630503595e-04
1.557537413797310677e+01 2.604627661923680023e-04
1.559691149408124922e+01 2.595033776251379318e-04
1.561847863167034589e+01 2.585474466756883293e-04
1.564007559192170227e+01 2.575949612983828964e-04
1.566170241607356850e+01 2.566459094874936784e-04
1.568335914542124243e+01 2.557002792770810972e-04
1.570504582131709270e+01 2.547580587408711109e-04
1.572676248517069908e+01 2.538192359921316154e-04
1.574850917844887199e+01 2.528837991835543200e-04
1.577028594267579287e+01 2.519517365071295765e-04
1.579209281943303722e+01 2.510230361940279844e-04
1.581392985035968124e+01 2.500976865144798815e-04
1.583579707715239948e+01 2.491756757776514741e-04
1.585769454156549507e+01 2.482569923315305080e-04
1.587962228541103649e+01 2.473416245628002838e-04
1.590158035055889130e+01 2.464295608967266831e-04
1.592356877893681677e+01 2.455207897970344074e-04
1.594558761253057710e+01 2.446152997657893955e-04
1.596763689338395764e+01 2.437130793432826790e-04
1.598971666359891408e+01 2.428141171079093309e-04
1.601182696533560090e+01 2.419184016760525101e-04
1.603396784081246196e+01 2.410259217019659341e-04
1.605613933230635126e+01 2.401366658776557007e-04
1.607834148215254544e+01 2.392506229327661760e-04
1.610057433274489824e+01 2.383677816344593765e-04
1.612283792653585834e+01 2.374881307873030799e-04
1.614513230603657590e+01 2.366116592331531077e-04
1.616745751381701623e+01 2.357383558510355536e-04
1.618981359250596341e+01 2.348682095570384445e-04
1.621220058479119075e+01 2.340012093041887655e-04
1.623461853341947858e+01 2.331373440823434153e-04
1.625706748119670308e+01 2.322766029180729265e-04
1.627954747098796773e+01 2.314189748745481114e-04
1.630205854571761037e+01 2.305644490514266551e-04
1.632460074836935959e+01 2.297130145847386777e-04
1.634717412198635955e+01 2.288646606467754951e-04
1.636977870967126591e+01 2.280193764459762927e-04
1.639241455458636310e+01 2.271771512268141763e-04
1.641508169995359268e+01 2.263379742696879679e-04
1.643778018905468841e+01 2.255018348908064405e-04
1.646051006523121174e+01 2.246687224420797083e-04
1.648327137188465841e+01 2.238386263110072011e-04
1.650606415247655789e+01 2.230115359205657205e-04
1.652888845052850542e+01 2.221874407291021857e-04
1.655174430962231824e+01 2.213663302302194661e-04
1.657463177340003568e+01 2.205481939526692632e-04
1.659755088556407898e+01 2.197330214602418190e-04
1.662050168987728327e+01 2.189208023516573884e-04
1.664348423016298639e+01 2.181115262604547283e-04
1.666649855030515681e+01 2.173051828548859304e-04
1.668954469424840781e+01 2.165017618378075942e-04
1.671262270599816091e+01 2.157012529465679343e-04
1.673573262962064945e+01 2.149036459529060855e-04
1.675887450924304645e+01 2.141089306628406197e-04
1.678204838905357121e+01 2.133170969165633477e-04
1.680525431330151065e+01 2.125281345883309268e-04
1.682849232629737202e+01 2.117420335863627015e-04
1.685176247241290426e+01 2.109587838527286513e-04
1.687506479608122234e+01 2.101783753632482888e-04
1.689839934179689962e+01 2.094007981273823479e-04
1.692176615411600338e+01 2.086260421881285106e-04
1.694516527765625469e+01 2.078540976219158873e-04
1.696859675709703197e+01 2.070849545385007704e-04
1.699206063717950599e+01 2.063186030808620360e-04
1.701555696270673579e+01 2.055550334250958139e-04
1.703908577854370066e+01 2.047942357803144125e-04
1.706264712961744934e+01 2.040362003885394439e-04
1.708624106091713912e+01 2.032809175246003965e-04
1.710986761749412466e+01 2.025283774960327202e-04
1.713352684446208940e+01 2.017785706429716828e-04
1.715721878699706338e+01 2.010314873380538976e-04
1.718094349033758306e+01 2.002871179863117219e-04
1.720470099978470557e+01 1.995454530250744050e-04
1.722849136070214016e+01 1.988064829238646010e-04
1.725231461851634762e+01 1.980701981842974296e-04
1.727617081871655813e+01 1.973365893399800790e-04
1.730006000685495238e+01 1.966056469564111107e-04
1.732398222854666869e+01 1.958773616308789238e-04
1.734793752946991674e+01 1.951517239923633638e-04
1.737192595536610185e+01 1.944287247014339702e-04
1.739594755203984278e+01 1.937083544501530215e-04
1.742000236535912805e+01 1.929906039619725365e-04
1.744409044125534081e+01 1.922754639916396770e-04
1.746821182572341158e+01 1.915629253250937763e-04
1.749236656482184316e+01 1.908529787793709291e-04
1.751655470467283138e+01 1.901456152025057897e-04
1.754077629146236816e+01 1.894408254734301726e-04
1.756503137144028059e+01 1.887386005018809490e-04
1.758931999092039078e+01 1.880389312282974542e-04
1.761364219628051941e+01 1.873418086237279754e-04
1.763799803396263499e+01 1.866472236897321463e-04
1.766238755047294262e+01 1.859551674582828539e-04
1.768681079238191955e+01 1.852656309916728616e-04
1.771126780632447861e+01 1.845786053824161196e-04
1.773575863899999305e+01 1.838940817531534665e-04
1.776028333717240670e+01 1.832120512565576804e-04
1.778484194767035476e+01 1.825325050752372015e-04
1.780943451738719929e+01 1.818554344216424302e-04
1.783406109328116784e+01 1.811808305379693684e-04
1.785872172237539957e+01 1.805086846960680317e-04
1.788341645175806605e+01 1.798389881973459011e-04
1.790814532858246366e+01 1.791717323726749254e-04
1.793290840006706688e+01 1.785069085822995542e-04
1.795770571349567035e+01 1.778445082157400266e-04
1.798253731621742801e+01 1.771845226917041175e-04
1.800740325564697386e+01 1.765269434579896403e-04
1.803230357926452143e+01 1.758717619913959223e-04
1.805723833461591354e+01 1.752189697976287469e-04
1.808220756931276796e+01 1.745685584112100939e-04
1.810721133103251290e+01 1.739205193953866871e-04
1.813224966751850786e+01 1.732748443420373220e-04
1.815732262658015372e+01 1.726315248715822807e-04
1.818243025609292829e+01 1.719905526328935330e-04
1.820757260399854616e+01 1.713519193032024708e-04
1.823274971830498359e+01 1.707156165880105696e-04
1.825796164708660996e+01 1.700816362209996711e-04
1.828320843848429433e+01 1.694499699639402321e-04
1.830849014070543035e+01 1.688206096066050227e-04
1.833380680202411739e+01 1.681935469666767516e-04
1.835915847078117125e+01 1.675687738896608969e-04
1.838454519538428400e+01 1.669462822487949576e-04
1.840996702430805954e+01 1.663260639449634800e-04
1.843542400609413434e+01 1.657081109066059542e-04
1.846091618935129119e+01 1.650924150896303222e-04
1.848644362275549113e+01 1.644789684773272716e-04
1.851200635505004399e+01 1.638677630802779699e-04
1.853760443504563327e+01 1.632587909362723699e-04
1.856323791162043335e+01 1.626520441102175679e-04
1.858890683372023389e+01 1.620475146940538044e-04
1.861461125035847175e+01 1.614451948066671593e-04
1.864035121061639444e+01 1.608450765938032763e-04
1.866612676364309564e+01 1.602471522279812774e-04
1.869193795865562535e+01 1.596514139084083005e-04
1.871778484493911421e+01 1.590578538608934678e-04
1.874366747184681614e+01 1.584664643377641316e-04
1.876958588880026468e+01 1.578772376177779995e-04
1.879554014528929429e+01 1.572901660060421715e-04
1.882153029087218954e+01 1.567052418339251300e-04
1.884755637517578108e+01 1.561224574589747201e-04
1.887361844789548471e+01 1.555418052648334457e-04
1.889971655879547541e+01 1.549632776611544447e-04
1.892585075770871228e+01 1.543868670835178421e-04
1.895202109453706285e+01 1.538125659933490012e-04
1.897822761925142387e+01 1.532403668778332788e-04
1.900447038189175331e+01 1.526702622498346280e-04
1.903074943256724794e+01 1.521022446478123048e-04
1.905706482145636116e+01 1.515363066357399324e-04
1.908341659880692731e+01 1.509724408030216380e-04
1.910980481493630023e+01 1.504106397644112796e-04
1.913622952023137103e+01 1.498508961599308059e-04
1.916269076514873504e+01 1.492932026547882636e-04
1.918918860021474160e+01 1.487375519392978099e-04
1.921572307602560059e+01 1.481839367213177549e-04
1.924229424324751747e+01 1.476323492620353615e-04
1.926890215261671102e+01 1.470827811117240340e-04
1.929554685493960520e+01 1.465352237981896078e-04
1.932222840109283624e+01 1.459896688928815549e-04
1.934894684202343029e+01 1.454461080106379800e-04
1.937570222874883186e+01 1.449045328094359557e-04
1.940249461235703876e+01 1.443649349901392014e-04
1.942932404400670876e+01 1.438273062962505872e-04
1.945619057492721282e+01 1.432916385136654780e-04
1.948309425641879145e+01 1.427579234704241557e-04
1.951003513985260440e+01 1.422261530364704759e-04
1.953701327667083376e+01 1.416963191234076513e-04
1.956402871838683666e+01 1.411684136842563666e-04
1.959108151658514885e+01 1.406424287132184759e-04
1.961817172292168721e+01 1.401183562454354702e-04
1.964529938912376394e+01 1.395961883567537203e-04
1.967246456699022161e+01 1.390759171634898823e-04
1.969966730839155034e+01 1.385575348221951384e-04
1.972690766526993400e+01 1.380410335294257791e-04
1.975418568963942079e+01 1.375264055215099648e-04
1.978150143358595159e+01 1.370136430743199073e-04
1.980885494926748791e+01 1.365027385030436185e-04
1.983624628891415043e+01 1.359936841619579595e-04
1.986367550482823674e+01 1.354864724442045635e-04
1.989114264938441323e+01 1.349810957815646465e-04
1.991864777502973283e+01 1.344775466442379931e-04
1.994619093428377354e+01 1.339758175406219147e-04
1.997377217973876995e+01 1.334759010170902076e-04
2.000139156405963448e+01 1.329777896577770174e-04
2.002904913998414571e+01 1.324814760843582369e-04
2.005674496032298393e+01 1.319869529558364272e-04
2.008447907795984477e+01 1.314942129683274469e-04
2.011225154585158492e+01 1.310032488548462410e-04
2.014006241702825051e+01 1.305140533850959901e-04
2.016791174459325475e+01 1.300266193652566918e-04
2.019579958172340994e+01 1.295409396377785924e-04
2.022372598166906599e+01 1.290570070811714455e-04
2.025169099775422765e+01 1.285748146097999227e-04
2.027969468337660430e+01 1.280943551736783476e-04
2.030773709200777688e+01 1.276156217582648049e-04
2.033581827719323698e+01 1.271386073842610792e-04
2.036393829255251831e+01 1.266633051074100976e-04
2.039209719177933167e+01 1.261897080182938628e-04
2.042029502864158985e+01 1.257178092421383227e-04
2.044853185698159592e+01 1.252476019386114113e-04
2.047680773071607163e+01 1.247790793016298710e-04
2.050512270383632085e+01 1.243122345591605451e-04
2.053347683040828642e+01 1.238470609730291246e-04
2.056187016457267092e+01 1.233835518387257511e-04
2.059030276054507169e+01 1.229217004852125163e-04
2.061877467261600927e+01 1.224615002747343772e-04
2.064728595515111920e+01 1.220029446026278761e-04
2.067583666259119113e+01 1.215460268971337493e-04
2.070442684945227896e+01 1.210907406192096857e-04
2.073305657032586069e+01 1.206370792623441963e-04
2.076172587987886331e+01 1.201850363523705652e-04
2.079043483285384042e+01 1.197346054472842427e-04
2.081918348406901487e+01 1.192857801370596964e-04
2.084797188841841376e+01 1.188385540434687534e-04
2.087680010087199989e+01 1.183929208198988473e-04
2.090566817647570375e+01 1.179488741511766723e-04
2.093457617035161533e+01 1.175064077533854686e-04
2.096352413769801615e+01 1.170655153736916717e-04
2.099251213378951775e+01 1.166261907901659648e-04
2.102154021397719319e+01 1.161884278116094137e-04
2.105060843368860546e+01 1.157522202773793844e-04
2.107971684842801352e+01 1.153175620572148915e-04
2.110886551377639009e+01 1.148844470510667585e-04
2.113805448539156728e+01 1.144528691889254863e-04
2.116728381900837164e+01 1.140228224306506007e-04
2.119655357043865251e+01 1.135943007658031967e-04
2.122586379557148106e+01 1.131672982134767762e-04
2.125521455037317509e+01 1.127418088221306060e-04
2.128460589088744825e+01 1.123178266694241465e-04
2.131403787323553445e+01 1.118953458620519550e-04
2.134351055361623395e+01 1.114743605355789953e-04
2.137302398830609818e+01 1.110548648542788747e-04
2.140257823365946876e+01 1.106368530109706446e-04
2.143217334610860547e+01 1.102203192268589888e-04
2.146180938216383893e+01 1.098052577513725423e-04
2.149148639841359909e+01 1.093916628620065324e-04
2.152120445152460704e+01 1.089795288641629949e-04
2.155096359824189634e+01 1.085688500909952044e-04
2.158076389538901196e+01 1.081596209032490010e-04
2.161060539986804230e+01 1.077518356891102845e-04
2.164048816865975766e+01 1.073454888640484683e-04
2.167041225882374889e+01 1.069405748706636617e-04
2.170037772749847349e+01 1.065370881785340817e-04
2.173038463190143332e+01 1.061350232840640209e-04
2.176043302932922430e+01 1.057343747103337396e-04
2.179052297715766429e+01 1.053351370069487077e-04
2.182065453284194589e+01 1.049373047498911770e-04
2.185082775391666843e+01 1.045408725413716594e-04
2.188104269799602619e+01 1.041458350096820446e-04
2.191129942277385467e+01 1.037521868090484603e-04
2.194159798602376554e+01 1.033599226194873035e-04
2.197193844559929232e+01 1.029690371466581957e-04
2.200232085943391880e+01 1.025795251217227115e-04
2.203274528554128864e+01 1.021913813011994477e-04
2.206321178201523026e+01 1.018046004668228332e-04
2.209372040702989892e+01 1.014191774254020334e-04
2.212427121883993308e+01 1.010351070086797331e-04
2.215486427578047923e+01 1.006523840731930335e-04
2.218549963626738375e+01 1.002710035001342807e-04
2.221617735879724265e+01 9.989096019521419951e-05
2.224689750194754723e+01 9.951224908852306073e-05
2.227766012437680843e+01 9.913486513439542726e-05
2.230846528482461366e+01 9.875880331127431702e-05
2.233931304211181512e+01 9.838405862157635531e-05
2.237020345514057240e+01 9.801062609155775389e-05
2.240113658289448750e+01 9.763850077118188921e-05
2.243211248443876116e+01 9.726767773398506465e-05
2.246313121892022835e+01 9.689815207694689415e-05
2.249419284556754306e+01 9.652991892035876135e-05
2.252529742369123866e+01 9.616297340769288868e-05
2.255644501268385937e+01 9.579731070547404907e-05
2.258763567202010236e+01 9.543292600315062728e-05
2.261886946125687103e+01 9.506981451296694148e-05
2.265014644003346334e+01 9.470797146983565981e-05
2.268146666807159662e+01 9.434739213121207352e-05
2.271283020517562079e+01 9.398807177696831604e-05
2.274423711123254677e+01 9.363000570926785298e-05
2.277568744621219921e+01 9.327318925244287243e-05
2.280718127016735153e+01 9.291761775286910027e-05
2.283871864323378631e+01 9.256328657884449148e-05
2.287029962563047647e+01 9.221019112046644427e-05
2.290192427765962790e+01 9.185832678951065403e-05
2.293359265970684646e+01 9.150768901931098371e-05
2.296530483224125163e+01 9.115827326463900901e-05
2.299706085581555470e+01 9.081007500158523040e-05
2.302886079106622219e+01 9.046308972744070544e-05
2.306070469871355044e+01 9.011731296057855895e-05
2.309259263956178998e+01 8.977274024033802765e-05
2.312452467449930893e+01 8.942936712690691906e-05
2.315650086449862144e+01 8.908718920120642858e-05
2.318852127061660440e+01 8.874620206477573973e-05
2.322058595399451875e+01 8.840640133965857591e-05
2.325269497585818002e+01 8.806778266828822082e-05
2.328484839751810043e+01 8.773034171337444967e-05
2.331704628036951732e+01 8.739407415779254756e-05
2.334928868589261697e+01 8.705897570446935983e-05
2.338157567565256301e+01 8.672504207627464146e-05
2.341390731129964919e+01 8.639226901590843553e-05
2.344628365456945573e+01 8.606065228579167729e-05
2.347870476728287770e+01 8.573018766795841082e-05
2.351117071134634884e+01 8.540087096394502432e-05
2.354368154875187003e+01 8.507269799468402532e-05
2.357623734157715489e+01 8.474566460039563410e-05
2.360883815198580393e+01 8.441976664048108454e-05
2.364148404222731870e+01 8.409499999341814780e-05
2.367417507463733273e+01 8.377136055665276621e-05
2.370691131163763998e+01 8.344884424649663690e-05
2.373969281573634760e+01 8.312744699802192218e-05
2.377251964952803576e+01 8.280716476495685442e-05
2.380539187569378967e+01 8.248799351958453936e-05
2.383830955700141985e+01 8.216992925263830346e-05
2.387127275630547629e+01 8.185296797320148652e-05
2.390428153654747945e+01 8.153710570860494395e-05
2.393733596075594150e+01 8.122233850432702908e-05
2.397043609204653691e+01 8.090866242389253198e-05
2.400358199362224454e+01 8.059607354877454562e-05
2.403677372877339025e+01 8.028456797829412294e-05
2.407001136087787074e+01 7.997414182952161449e-05
2.410329495340118555e+01 7.966479123718056738e-05
2.413662456989658267e+01 7.935651235354833116e-05
2.417000027400523621e+01 7.904930134836071569e-05
2.420342212945627480e+01 7.874315450376617352e-05
2.423689020006698769e+01 7.843806912073652919e-05
2.427040454974288508e+01 7.813404310163477723e-05
2.430396524247784029e+01 7.783107434791993145e-05
2.433757234235425315e+01 7.752916075194353127e-05
2.437122591354308199e+01 7.722830019708513982e-05
2.440492602030407809e+01 7.692849055788483347e-05
2.443867272698580706e+01 7.662972970017647740e-05
2.447246609802581219e+01 7.633201548121891402e-05
2.450630619795078147e+01 7.603534574982705662e-05
2.454019309137657956e+01 7.573971834650307779e-05
2.457412684300847161e+01 7.544513110356514487e-05
2.460810751764115167e+01 7.515158184527661624e-05
2.464213518015891680e+01 7.485906838797519685e-05
2.467620989553581978e+01 7.456758854019831270e-05
2.471033172883571538e+01 7.427714010281175137e-05
2.474450074521246989e+01 7.398772086913441308e-05
2.477871700991000381e+01 7.369932862506425430e-05
2.481298058826246233e+01 7.341196114920274063e-05
2.484729154569436815e+01 7.312561621297752423e-05
2.488164994772066407e+01 7.284029158076737109e-05
2.491605585994693328e+01 7.255598501002246672e-05
2.495050934806943843e+01 7.227269425138751384e-05
2.498501047787528861e+01 7.199041704882168575e-05
2.501955931524259924e+01 7.170915113971866107e-05
2.505415592614053111e+01 7.142889425502694308e-05
2.508880037662951423e+01 7.114964411936684514e-05
2.512349273286127982e+01 7.087139845115025436e-05
2.515823306107907342e+01 7.059415496269660060e-05
2.519302142761771535e+01 7.031791136034894738e-05
2.522785789890374275e+01 7.004266534459127548e-05
2.526274254145559084e+01 6.976841461016172784e-05
2.529767542188362128e+01 6.949515684616788737e-05
2.533265660689035315e+01 6.922288973620021159e-05
2.536768616327050552e+01 6.895161095844390875e-05
2.540276415791115383e+01 6.868131818579273839e-05
2.543789065779191461e+01 6.841200908595854288e-05
2.547306572998495611e+01 6.814368132158310997e-05
2.550828944165525414e+01 6.787633255034735194e-05
2.554356186006062046e+01 6.760996042508087781e-05
2.557888305255186268e+01 6.734456259387063036e-05
2.561425308657296540e+01 6.708013670016784271e-05
2.564967202966112225e+01 6.681668038289580798e-05
2.568513994944695966e+01 6.655419127655606338e-05
2.572065691365459372e+01 6.629266701133357134e-05
2.575622299010178295e+01 6.603210521320265964e-05
2.579183824670010239e+01 6.577250350402909901e-05
2.582750275145498264e+01 6.551385950167624658e-05
2.586321657246594441e+01 6.525617082010582240e-05
2.589897977792663042e+01 6.499943506948054278e-05
2.593479243612498664e+01 6.474364985626588622e-05
2.597065461544342924e+01 6.448881278332962313e-05
2.600656638435886592e+01 6.423492145004351401e-05
2.604252781144295881e+01 6.398197345238060307e-05
2.607853896536214222e+01 6.372996638301492412e-05
2.611459991487780741e+01 6.347889783141929566e-05
2.615071072884646597e+01 6.322876538396176064e-05
2.618687147621978539e+01 6.297956662400285292e-05
2.622308222604483419e+01 6.273129913199042436e-05
2.625934304746412096e+01 6.248396048555567798e-05
2.629565400971576139e+01 6.223754825960731737e-05
2.633201518213364878e+01 6.199206002642381234e-05
2.636842663414750021e+01 6.174749335574891706e-05
2.640488843528309815e+01 6.150384581488174023e-05
2.644140065516230820e+01 6.126111496876926812e-05
2.647796336350328517e+01 6.101929838009745115e-05
2.651457663012061516e+01 6.077839360938113843e-05
2.655124052492538311e+01 6.053839821505380906e-05
2.658795511792538591e+01 6.029930975355600237e-05
2.662472047922518215e+01 6.006112577942456128e-05
2.666153667902631241e+01 5.982384384537902294e-05
2.669840378762736677e+01 5.958746150240946618e-05
2.673532187542413041e+01 5.935197629986184496e-05
2.677229101290976843e+01 5.911738578552429773e-05
2.680931127067488262e+01 5.888368750571170833e-05
2.684638271940772825e+01 5.865087900534969785e-05
2.688350542989427083e+01 5.841895782805827075e-05
2.692067947301836028e+01 5.818792151623548826e-05
2.695790491976189429e+01 5.795776761113832944e-05
2.699518184120487874e+01 5.772849365296549718e-05
2.703251030852566217e+01 5.750009718093745264e-05
2.706989039300097133e+01 5.727257573337732381e-05
2.710732216600609235e+01 5.704592684779068927e-05
2.714480569901505191e+01 5.682014806094329512e-05
2.718234106360065638e+01 5.659523690894123179e-05
2.721992833143473334e+01 5.637119092730676035e-05
2.725756757428817778e+01 5.614800765105724929e-05
2.729525886403112622e+01 5.592568461478032997e-05
2.733300227263314142e+01 5.570421935270967567e-05
2.737079787216324434e+01 5.548360939880095664e-05
2.740864573479016997e+01 5.526385228680546428e-05
2.744654593278240284e+01 5.504494555034514464e-05
2.748449853850836178e+01 5.482688672298458948e-05
2.752250362443658105e+01 5.460967333830439612e-05
2.756056126313573174e+01 5.439330292997348367e-05
2.759867152727490947e+01 5.417777303181941037e-05
2.763683448962363443e+01 5.396308117790075758e-05
2.767505022305206097e+01 5.374922490257541427e-05
2.771331880053114816e+01 5.353620174057193776e-05
2.775164029513270236e+01 5.332400922705740452e-05
2.779001478002962244e+01 5.311264489770597236e-05
2.782844232849595656e+01 5.290210628876683283e-05
2.786692301390706916e+01 5.269239093713128943e-05
2.790545690973982929e+01 5.248349638039902270e-05
2.794404408957265318e+01 5.227542015694457215e-05
2.798268462708575655e+01 5.206815980598223254e-05
2.802137859606118298e+01 5.186171286763082816e-05
2.806012607038305262e+01 5.165607688297810089e-05
2.809892712403761905e+01 5.145124939414416995e-05
2.813778183111342912e+01 5.124722794434483569e-05
2.817669026580153613e+01 5.104401007795285740e-05
2.821565250239551048e+01 5.084159334056162304e-05
2.825466861529172391e+01 5.063997527904466519e-05
2.829373867898937078e+01 5.043915344161770451e-05
2.833286276809066706e+01 5.023912537789738638e-05
2.837204095730103148e+01 5.003988863896198947e-05
2.841127332142912110e+01 4.984144077740996587e-05
2.845055993538709771e+01 4.964377934741829825e-05
2.848990087419066697e+01 4.944690190479999651e-05
2.852929621295926310e+01 4.925080600706219062e-05
2.856874602691624432e+01 4.905548921346211617e-05
2.860825039138891768e+01 4.886094908506375035e-05
2.864780938180881975e+01 4.866718318479312658e-05
2.868742307371174149e+01 4.847418907749342557e-05
2.872709154273793075e+01 4.828196432997972748e-05
2.876681486463226278e+01 4.809050651109263933e-05
2.880659311524430066e+01 4.789981319175209848e-05
2.884642637052855108e+01 4.770988194500994968e-05
2.888631470654449984e+01 4.752071034610233914e-05
2.892625819945681087e+01 4.733229597250177657e-05
2.896625692553550735e+01 4.714463640396814688e-05
2.900631096115602148e+01 4.695772922259958636e-05
2.904642038279945027e+01 4.677157201288258641e-05
2.908658526705261238e+01 4.658616236174181936e-05
2.912680569060822222e+01 4.640149785858980851e-05
2.916708173026508533e+01 4.621757609537434841e-05
2.920741346292815521e+01 4.603439466662761245e-05
2.924780096560877496e+01 4.585195116951396618e-05
2.928824431542474116e+01 4.567024320387624240e-05
2.932874358960048511e+01 4.548926837228325633e-05
2.936929886546726820e+01 4.530902428007489485e-05
2.940991022046322101e+01 4.512950853540881855e-05
2.945057773213362040e+01 4.495071874930481234e-05
2.949130147813090375e+01 4.477265253568994924e-05
2.953208153621494958e+01 4.459530751144188395e-05
2.957291798425312024e+01 4.441868129643352200e-05
2.961381090022044305e+01 4.424277151357535777e-05
2.965476036219981637e+01 4.406757578885833445e-05
2.969576644838205226e+01 4.389309175139638534e-05
2.973682923706614289e+01 4.371931703346740322e-05
2.977794880665930677e+01 4.354624927055515145e-05
2.981912523567718054e+01 4.337388610138953539e-05
2.986035860274401088e+01 4.320222516798712440e-05
2.990164898659271842e+01 4.303126411569052872e-05
2.994299646606513932e+01 4.286100059320820327e-05
2.998440112011209990e+01 4.269143225265318751e-05
3.002586302779358363e+01 4.252255674958124227e-05
3.006738226827895488e+01 4.235437174302868841e-05
3.010895892084698389e+01 4.218687489555064527e-05
3.015059306488612734e+01 4.202006387325695163e-05
3.019228477989457815e+01 4.185393634584955039e-05
3.023403414548045376e+01 4.168848998665841628e-05
3.027584124136199861e+01 4.152372247267665015e-05
3.031770614736763036e+01 4.135963148459675910e-05
3.035962894343620988e+01 4.119621470684421927e-05
3.040160970961709808e+01 4.103346982761286831e-05
3.044364852607033711e+01 4.087139453874152992e-05
3.048574547306686355e+01 4.070998564641668398e-05
3.052790063098855100e+01 4.054923700662958037e-05
3.057011408032848010e+01 4.038914192166052902e-05
3.061238590169100249e+01 4.022969376764640338e-05
3.065471617579190777e+01 4.007088599390153680e-05
3.069710498345866156e+01 3.991271212224674369e-05
3.073955240563043034e+01 3.975516574634836280e-05
3.078205852335835857e+01 3.959824053106518124e-05
3.082462341780562198e+01 3.944193021180555681e-05
3.086724717024763365e+01 3.928622859389158762e-05
3.090992986207222870e+01 3.913112955193278209e-05
3.095267157477973541e+01 3.897662702920788071e-05
3.099547238998322740e+01 3.882271503705453153e-05
3.103833238940857697e+01 3.866938765426789680e-05
3.108125165489472863e+01 3.851663902650562249e-05
3.112423026839374529e+01 3.836446336570299248e-05
3.116726831197100367e+01 3.821285494949347677e-05
3.121036586780541811e+01 3.806180812063823782e-05
3.125352301818946543e+01 3.791131728646279943e-05
3.129673984552948696e+01 3.776137691830067485e-05
3.134001643234571688e+01 3.761198155094521448e-05
3.138335286127250967e+01 3.746312578210694914e-05
3.142674921505851771e+01 3.731480427187968828e-05
3.147020557656676942e+01 3.716701174221205268e-05
3.151372202877492157e+01 3.701974297638678643e-05
3.155729865477533380e+01 3.687299281850622162e-05
3.160093553777526409e+01 3.672675617298439064e-05
3.164463276109707479e+01 3.658102800404529131e-05
3.168839040817827879e+01 3.643580333522851097e-05
3.173220856257182731e+01 3.629107724889919426e-05
3.177608730794616676e+01 3.614684488576656922e-05
3.182002672808543409e+01 3.600310144440590902e-05
3.186402690688966644e+01 3.585984218078854387e-05
3.190808792837485441e+01 3.571706240781677893e-05
3.195220987667323342e+01 3.557475749486375895e-05
3.199639283603332274e+01 3.543292286732071893e-05
3.204063689082013866e+01 3.529155400614830066e-05
3.208494212551541125e+01 3.515064644743395427e-05
3.212930862471760918e+01 3.501019578195433389e-05
3.217373647314227014e+01 3.487019765474316178e-05
3.221822575562200086e+01 3.473064776466384940e-05
3.226277655710673997e+01 3.459154186398852201e-05
3.230738896266392146e+01 3.445287575797950988e-05
3.235206305747854572e+01 3.431464530447837465e-05
3.239679892685349216e+01 3.417684641349759883e-05
3.244159665620951927e+01 3.403947504681867201e-05
3.248645633108551323e+01 3.390252721759366694e-05
3.253137803713870113e+01 3.376599898995136917e-05
3.257636186014467938e+01 3.362988647860862447e-05
3.262140788599771923e+01 3.349418584848539283e-05
3.266651620071080231e+01 3.335889331432455947e-05
3.271168689041591193e+01 3.322400514031510673e-05
3.275692004136408286e+01 3.308951763972036158e-05
3.280221573992562156e+01 3.295542717450994277e-05
3.284757407259030515e+01 3.282173015499542830e-05
3.289299512596745245e+01 3.268842303947016312e-05
3.293847898678620822e+01 3.255550233385272601e-05
3.298402574189558578e+01 3.242296459133447577e-05
3.302963547826470858e+01 3.229080641203039751e-05
3.307530828298298786e+01 3.215902444263341151e-05
3.312104424326020791e+01 3.202761537607288345e-05
3.316684344642681026e+01 3.189657595117562826e-05
3.321270597993394347e+01 3.176590295233122369e-05
3.325863193135368334e+01 3.163559320916030544e-05
3.330462138837925323e+01 3.150564359618528138e-05
3.335067443882505955e+01 3.137605103250568756e-05
3.339679117062701152e+01 3.124681248147545510e-05
3.344297167184255670e+01 3.111792495038412766e-05
3.348921603065092256e+01 3.098938549013982038e-05
3.353552433535330835e+01 3.086119119495653594e-05
3.358189667437294190e+01 3.073333920204337810e-05
3.362833313625540654e+01 3.060582669129659753e-05
3.367483380966865525e+01 3.047865088499487684e-05
3.372139878340325936e+01 3.035180904749668908e-05
3.376802814637261463e+01 3.022529848494064122e-05
3.381472198761300518e+01 3.009911654494829090e-05
3.386148039628388773e+01 2.997326061632893857e-05
3.390830346166797682e+01 2.984772812878773649e-05
3.395519127317141539e+01 2.972251655263557661e-05
3.400214392032405897e+01 2.959762339850107222e-05
3.404916149277947568e+01 2.947304621704546700e-05
3.409624408031527310e+01 2.934878259867902130e-05
3.414339177283315507e+01 2.922483017328034269e-05
3.419060466035914203e+01 2.910118660991647542e-05
3.423788283304379121e+01 2.897784961656690663e-05
3.428522638116224641e+01 2.885481693984770125e-05
3.433263539511455775e+01 2.873208636473860493e-05
3.438010996542570297e+01 2.860965571431183427e-05
3.442765018274590716e+01 2.848752284946252719e-05
3.447525613785069254e+01 2.836568566864106699e-05
3.452292792164111290e+01 2.824414210758708011e-05
3.457066562514395258e+01 2.812289013906513137e-05
3.461846933951181171e+01 2.800192777260203194e-05
3.466633915602340466e+01 2.788125305422560420e-05
3.471427516608359554e+01 2.776086406620535078e-05
3.476227746122366824e+01 2.764075892679421112e-05
3.481034613310149695e+01 2.752093578997156492e-05
3.485848127350165271e+01 2.740139284518854627e-05
3.490668297433568057e+01 2.728212831711346957e-05
3.495495132764217772e+01 2.716314046537971191e-05
3.500328642558700665e+01 2.704442758433396805e-05
3.505168836046351544e+01 2.692598800278607759e-05
3.510015722469261590e+01 2.680782008376035301e-05
3.514869311082309622e+01 2.668992222424706022e-05
3.519729611153164939e+01 2.657229285495647745e-05
3.524596631962312898e+01 2.645493044007239512e-05
3.529470382803076234e+01 2.633783347700781118e-05
3.534350872981623581e+01 2.622100049616113475e-05
3.539238111816995769e+01 2.610443006067297581e-05
3.544132108641116474e+01 2.598812076618498140e-05
3.549032872798814253e+01 2.587207124059789587e-05
3.553940413647841723e+01 2.575628014383200983e-05
3.558854740558888352e+01 2.564074616758735495e-05
3.563775862915603909e+01 2.552546803510484066e-05
3.568703790114611962e+01 2.541044450092882744e-05
3.573638531565527643e+01 2.529567435066907666e-05
3.578580096690983225e+01 2.518115640076475027e-05
3.583528494926633812e+01 2.506688949824796667e-05
3.588483735721188594e+01 2.495287252050839324e-05
3.593445828536416542e+01 2.483910437505845904e-05
3.598414782847171978e+01 2.472558399929872665e-05
3.603390608141414475e+01 2.461231036028426014e-05
3.608373313920215963e+01 2.449928245449098295e-05
3.613362909697794834e+01 2.438649930758267939e-05
3.618359405001519491e+01 2.427395997417851800e-05
3.623362809371933224e+01 2.416166353762046987e-05
3.628373132362776232e+01 2.404960910974175692e-05
3.633390383540993440e+01 2.393779583063520872e-05
3.638414572486764342e+01 2.382622286842175823e-05
3.643445708793509397e+01 2.371488941901956772e-05
3.648483802067923421e+01 2.360379470591316147e-05
3.653528861929976301e+01 2.349293797992292775e-05
3.658580898012944260e+01 2.338231851897463781e-05
3.663639919963426195e+01 2.327193562786941883e-05
3.668705937441355758e+01 2.316178863805329316e-05
3.673778960120029069e+01 2.305187690738757483e-05
3.678858997686113952e+01 2.294219981991876795e-05
3.683946059839673381e+01 2.283275678564902078e-05
3.689040156294187511e+01 2.272354724030616307e-05
3.694141296776562200e+01 2.261457064511402122e-05
3.699249491027159564e+01 2.250582648656295027e-05
3.704364748799805795e+01 2.239731427617983056e-05
3.709487079861814607e+01 2.228903355029860316e-05
3.714616493994011392e+01 2.218098386983045962e-05
3.719753000990737490e+01 2.207316482003396742e-05
3.724896610659886420e+01 2.196557601028504292e-05
3.730047332822908857e+01 2.185821707384752062e-05
3.735205177314835367e+01 2.175108766764225876e-05
3.740370153984301282e+01 2.164418747201764422e-05
3.745542272693553798e+01 2.153751619051869472e-05
3.750721543318486084e+01 2.143107354965695385e-05
3.755907975748639416e+01 2.132485929867967799e-05
3.761101579887232305e+01 2.121887320933873181e-05
3.766302365651181816e+01 2.111311507566001578e-05
3.771510342971110674e+01 2.100758471371178907e-05
3.776725521791380658e+01 2.090228196137341603e-05
3.781947912070099704e+01 2.079720667810365184e-05
3.787177523779143939e+01 2.069235874470872150e-05
3.792414366904186807e+01 2.058773806310991433e-05
3.797658451444699779e+01 2.048334455611147662e-05
3.802909787413990017e+01 2.037917816716762332e-05
3.808168384839204634e+01 2.027523886014986491e-05
3.813434253761357695e+01 2.017152661911337876e-05
3.818707404235350822e+01 2.006804144806367186e-05
3.823987846329983853e+01 1.996478337072286075e-05
3.829275590127986817e+01 1.986175243029501285e-05
3.834570645726024196e+01 1.975894877328083254e-05
3.839873023234729743e+01 1.965637536542926684e-05
3.845182732778711454e+01 1.955403851328505258e-05
3.850499784496578570e+01 1.945194461400077620e-05
3.855824188540965736e+01 1.935009994917397734e-05
3.861155955078536550e+01 1.924851068542334805e-05
3.866495094290023360e+01 1.914718287498525746e-05
3.871841616370228678e+01 1.904612245632942275e-05
3.877195531528054318e+01 1.894533525479325894e-05
3.882556849986521286e+01 1.884482698323454821e-05
3.887925581982781864e+01 1.874460324270194105e-05
3.893301737768150872e+01 1.864466952312226249e-05
3.898685327608112061e+01 1.854503120400480311e-05
3.904076361782345828e+01 1.844569355516140538e-05
3.909474850584750527e+01 1.834666173744206781e-05
3.914880804323453134e+01 1.824794080348597850e-05
3.920294233320841215e+01 1.814953569848657230e-05
3.925715147913570746e+01 1.805145126097074687e-05
3.931143558452590270e+01 1.795369222359208535e-05
3.936579475303167186e+01 1.785626321393591709e-05
3.942022908844895568e+01 1.775916875533822576e-05
3.947473869471728136e+01 1.766241326771576193e-05
3.952932367591985496e+01 1.756600106840762115e-05
3.958398413628379586e+01 1.746993637302852122e-05
3.963872018018042809e+01 1.737422329633195247e-05
3.969353191212528742e+01 1.727886585308410907e-05
3.974841943677854061e+01 1.718386795894684640e-05
3.980338285894500672e+01 1.708923343137026059e-05
3.985842228357441286e+01 1.699496599049406034e-05
3.991353781576169268e+01 1.690106926005690763e-05
3.996872956074700767e+01 1.680754676831407288e-05
4.002399762391612370e+01 1.671440194896217128e-05
4.007934211080048215e+01 1.662163814207130567e-05
4.013476312707744142e+01 1.652925859502356204e-05
4.019026077857055412e+01 1.643726646345768509e-05
4.024583517124963095e+01 1.634566481221998789e-05
4.030148641123107467e+01 1.625445661632010321e-05
4.035721460477795830e+01 1.616364476189227783e-05
4.041301985830038035e+01 1.607323204716096295e-05
4.046890227835550036e+01 1.598322118341088043e-05
4.052486197164785153e+01 1.589361479596098191e-05
4.058089904502954681e+01 1.580441542514164359e-05
4.063701360550039254e+01 1.571562552727572351e-05
4.069320576020822955e+01 1.562724747566174324e-05
4.074947561644898997e+01 1.553928356155987481e-05
4.080582328166698858e+01 1.545173599518032996e-05
4.086224886345515017e+01 1.536460690667297582e-05
4.091875246955513035e+01 1.527789834711929518e-05
4.097533420785760683e+01 1.519161228952443998e-05
4.103199418640242868e+01 1.510575062981143281e-05
4.108873251337880816e+01 1.502031518781490936e-05
4.114554929712563336e+01 1.493530770827582312e-05
4.120244464613152502e+01 1.485072986183562317e-05
4.125941866903519184e+01 1.476658324603054210e-05
4.131647147462551573e+01 1.468286938628528935e-05
4.137360317184178626e+01 1.459958973690562643e-05
4.143081386977403469e+01 1.451674568207010698e-05
4.148810367766301255e+01 1.443433853682046665e-05
4.154547270490063937e+01 1.435236954805012918e-05
4.160292106103003817e+01 1.427083989549127763e-05
4.166044885574579126e+01 1.418975069269951150e-05
4.171805619889423156e+01 1.410910298803628645e-05
4.177574320047350653e+01 1.402889776564892115e-05
4.183350997063394772e+01 1.394913594644748554e-05
4.189135661967814883e+01 1.386981838907937828e-05
4.194928325806120029e+01 1.379094589089981643e-05
4.200728999639103023e+01 1.371251918893980099e-05
4.206537694542839034e+01 1.363453896086989812e-05
4.212354421608729638e+01 1.355700582596040346e-05
4.218179191943507078e+01 1.347992034603790155e-05
4.224012016669261271e+01 1.340328302643702592e-05
4.229852906923468225e+01 1.332709431694845835e-05
4.235701873858995015e+01 1.325135461276219834e-05
4.241558928644141702e+01 1.317606425540620098e-05
4.247424082462639916e+01 1.310122353368040352e-05
4.253297346513697619e+01 1.302683268458539032e-05
4.259178732012000523e+01 1.295289189424651425e-05
4.265068250187741938e+01 1.287940129883233961e-05
4.270965912286651189e+01 1.280636098546776732e-05
4.276871729569999303e+01 1.273377099314208477e-05
4.282785713314637377e+01 1.266163131361055957e-05
4.288707874813003684e+01 1.258994189229144569e-05
4.294638225373151386e+01 1.251870262915582378e-05
4.300576776318776950e+01 1.244791337961250499e-05
4.306523538989226552e+01 1.237757395538650235e-05
4.312478524739534436e+01 1.230768412539094110e-05
4.318441744940430027e+01 1.223824361659343956e-05
4.324413210978365640e+01 1.216925211487562395e-05
4.330392934255545612e+01 1.210070926588616510e-05
4.336380926189932694e+01 1.203261467588753529e-05
4.342377198215286427e+01 1.196496791259610565e-05
4.348381761781169530e+01 1.189776850601539624e-05
4.354394628352977747e+01 1.183101594926280895e-05
4.360415809411968269e+01 1.176470969938915226e-05
4.366445316455263992e+01 1.169884917819193004e-05
4.372483160995896156e+01 1.163343377302085637e-05
4.378529354562807896e+01 1.156846283757728858e-05
4.384583908700885502e+01 1.150393569270598965e-05
4.390646834970985424e+01 1.143985162717977545e-05
4.396718144949942086e+01 1.137620989847763990e-05
4.402797850230606258e+01 1.131300973355502298e-05
4.408885962421852156e+01 1.125025032960741433e-05
4.414982493148608000e+01 1.118793085482644366e-05
4.421087454051881593e+01 1.112605044914865959e-05
4.427200856788770977e+01 1.106460822499738817e-05
4.433322713032499962e+01 1.100360326801693259e-05
4.439453034472428783e+01 1.094303463779954431e-05
4.445591832814081101e+01 1.088290136860542305e-05
4.451739119779173137e+01 1.082320247007456330e-05
4.457894907105622195e+01 1.076393692793238866e-05
4.464059206547582903e+01 1.070510370468686335e-05
4.470232029875457158e+01 1.064670174031920354e-05
4.476413388875929655e+01 1.058872995296667906e-05
4.482603295351977124e+01 1.053118723959823740e-05
4.488801761122898881e+01 1.047407247668291768e-05
4.495008798024343122e+01 1.041738452085064317e-05
4.501224417908314734e+01 1.036112220954607471e-05
4.507448632643217223e+01 1.030528436167476143e-05
4.513681454113858393e+01 1.024986977824237272e-05
4.519922894221480192e+01 1.019487724298645270e-05
4.526172964883789263e+01 1.014030552300091559e-05
4.532431678034960498e+01 1.008615336935355815e-05
4.538699045625682515e+01 1.003241951769609616e-05
4.544975079623160497e+01 9.979102688867194342e-06
4.551259792011148875e+01 9.926201589488482715e-06
4.557553194789979756e+01 9.873714912553129350e-06
4.563855299976569313e+01 9.821641338007760453e-06
4.570166119604459709e+01 9.769979533327112934e-06
4.576485665723827623e+01 9.718728154081649815e-06
4.582813950401509118e+01 9.667885844498672128e-06
4.589150985721037301e+01 9.617451238015780403e-06
4.595496783782640904e+01 9.567422957828357807e-06
4.601851356703292595e+01 9.517799617429474021e-06
4.608214716616712536e+01 9.468579821143583764e-06
4.614586875673398225e+01 9.419762164653296580e-06
4.620967846040657179e+01 9.371345235519407634e-06
4.627357639902610487e+01 9.323327613694550351e-06
4.633756269460238286e+01 9.275707872030125307e-06
4.640163746931384736e+01 9.228484576776801830e-06
4.646580084550787859e+01 9.181656288078734622e-06
4.653005294570110806e+01 9.135221560461004114e-06
4.659439389257948960e+01 9.089178943311383395e-06
4.665882380899872572e+01 9.043526981355127288e-06
4.672334281798431022e+01 8.998264215124184552e-06
4.678795104273189054e+01 8.953389181419992967e-06
4.685264860660749520e+01 8.908900413770224917e-06
4.691743563314767584e+01 8.864796442879698595e-06
4.698231224605989809e+01 8.821075797075192279e-06
4.704727856922261253e+01 8.777737002744559762e-06
4.711233472668556033e+01 8.734778584769940270e-06
4.717748084267010000e+01 8.692199066955371187e-06
4.724271704156925722e+01 8.649996972448698558e-06
4.730804344794817240e+01 8.608170824157887000e-06
4.737346018654412205e+01 8.566719145162132230e-06
4.743896738226697352e+01 8.525640459116930853e-06
4.750456516019924180e+01 8.484933290654652409e-06
4.757025364559640934e+01 8.444596165779087317e-06
4.763603296388722441e+01 8.404627612255190453e-06
4.770190324067377929e+01 8.365026159993976308e-06
4.776786460173194371e+01 8.325790341431561152e-06
4.783391717301145007e+01 8.286918691904271572e-06
4.790006108063616352e+01 8.248409750018093141e-06
4.796629645090445138e+01 8.210262058013748391e-06
4.803262341028921867e+01 8.172474162127034799e-06
4.809904208543834159e+01 8.135044612944378718e-06
4.816555260317475273e+01 8.097971965754018631e-06
4.823215509049676797e+01 8.061254780892690650e-06
4.829884967457837774e+01 8.024890624530767682e-06
4.836563648276932526e+01 7.988869556235261672e-06
4.843251564259554698e+01 7.953178363805247020e-06
4.849948728175925794e+01 7.917804033225062099e-06
4.856655152813925014e+01 7.882733762153337745e-06
4.863370850979121229e+01 7.847954955642089350e-06
4.870095835494782222e+01 7.813455222054922688e-06
4.876830119201915892e+01 7.779222369178585175e-06
4.883573714959280920e+01 7.745244400523363125e-06
4.890326635643414477e+01 7.711509511806953119e-06
4.897088894148668459e+01 7.678006087617160661e-06
4.903860503387214465e+01 7.644722698248969042e-06
4.910641476289088558e+01 7.611648096711155393e-06
4.917431825802198375e+01 7.578771215898222167e-06
4.924231564892356516e+01 7.546081165923220830e-06
4.931040706543311103e+01 7.513567231607367278e-06
4.937859263756755013e+01 7.481218870122278201e-06
4.944687249552369224e+01 7.449025708780661815e-06
4.951524676967829919e+01 7.416977542972024038e-06
4.958371559058842593e+01 7.385064334238767822e-06
4.965227908899172604e+01 7.353276208489428826e-06
4.972093739580654415e+01 7.321603454345269639e-06
4.978969064213234219e+01 7.290036521616427700e-06
4.985853895924977053e+01 7.258566019903991603e-06
4.992748247862112265e+01 7.227182717324493991e-06
4.999652133189039205e+01 7.195877539353577756e-06
5.006565565088360614e+01 7.164641567784823980e-06
5.013488556760914605e+01 7.133466039800709267e-06
5.020421121425786026e+01 7.102342347152202655e-06
5.027363272320344834e+01 7.071262035443724974e-06
5.034315022700261721e+01 7.040216803519950350e-06
5.041276385839533702e+01 7.009198502951223528e-06
5.048247375030523898e+01 6.978199137614265008e-06
5.055228003583962249e+01 6.947210863365151109e-06
5.062218284828997383e+01 6.916225987800849628e-06
5.069218232113200884e+01 6.885236970106421873e-06
5.076227858802599258e+01 6.854236420984563075e-06
5.083247178281712308e+01 6.823217102664116763e-06
5.090276203953554557e+01 6.792171928984475668e-06
5.097314949239685689e+01 6.761093965552790190e-06
5.104363427580216950e+01 6.729976429970140596e-06
5.111421652433843121e+01 6.698812692124432541e-06
5.118489637277878757e+01 6.667596274545608808e-06
5.125567395608262444e+01 6.636320852821122351e-06
5.132654940939607258e+01 6.604980256067430417e-06
5.139752286805204307e+01 6.573568467454888150e-06
5.146859446757059686e+01 6.542079624782523977e-06
5.153976434365925030e+01 6.510508021099305240e-06
5.161103263221309589e+01 6.478848105369080238e-06
5.168239946931521445e+01 6.447094483175262199e-06
5.175386499123680295e+01 6.415241917462419337e-06
5.182542933443748723e+01 6.383285329311264256e-06
5.189709263556566299e+01 6.351219798743710485e-06
5.196885503145857399e+01 6.319040565554719820e-06
5.204071665914278810e+01 6.286743030167447308e-06
5.211267765583426836e+01 6.254322754508481231e-06
5.218473815893872825e+01 6.221775462899617190e-06
5.225689830605195141e+01 6.189097042962815392e-06
5.232915823495988406e+01 6.156283546535241032e-06
5.240151808363911101e+01 6.123331190590226271e-06
5.247397799025689125e+01 6.090236358161747409e-06
5.254653809317166235e+01 6.056995599267855969e-06
5.261919853093309030e+01 6.023605631830766538e-06
5.269195944228241757e+01 5.990063342589180711e-06
5.276482096615283979e+01 5.956365787999887596e-06
5.283778324166953411e+01 5.922510195125393353e-06
5.291084640815017792e+01 5.888493962503418304e-06
5.298401060510501281e+01 5.854314660995591760e-06
5.305727597223719982e+01 5.819970034611461762e-06
5.313064264944313919e+01 5.785458001304363006e-06
5.320411077681259826e+01 5.750776653736114801e-06
5.327768049462913069e+01 5.715924260006645081e-06
5.335135194337022568e+01 5.680899264345482695e-06
5.342512526370760639e+01 5.645700287761660377e-06
5.349900059650758521e+01 5.610326128648606382e-06
5.357297808283117035e+01 5.574775763340783203e-06
5.364705786393453479e+01 5.539048346618680138e-06
5.372124008126908734e+01 5.503143212159112103e-06
5.379552487648184211e+01 5.467059872927310335e-06
5.386991239141574539e+01 5.430798021507694687e-06
5.394440276810978929e+01 5.394357530370374756e-06
5.401899614879948786e+01 5.357738452069989175e-06
5.409369267591693387e+01 5.320941019374089550e-06
5.416849249209118256e+01 5.283965645317797800e-06
5.424339574014860688e+01 5.246812923182038258e-06
5.431840256311296145e+01 5.209483626392459538e-06
5.439351310420586572e+01 5.171978708335852844e-06
5.446872750684691766e+01 5.134299302092010992e-06
5.454404591465404195e+01 5.096446720077639985e-06
5.461946847144380968e+01 5.058422453600263192e-06
5.469499532123157337e+01 5.020228172319363544e-06
5.477062660823192886e+01 4.981865723612364975e-06
5.484636247685880761e+01 4.943337131843299942e-06
5.492220307172583205e+01 4.904644597531726107e-06
5.499814853764667788e+01 4.865790496419777143e-06
5.507419901963515940e+01 4.826777378435640895e-06
5.515035466290571975e+01 4.787607966551059314e-06
5.522661561287349485e+01 4.748285155531636382e-06
5.530298201515480372e+01 4.708812010577566219e-06
5.537945401556724789e+01 4.669191765854112237e-06
5.545603176013004543e+01 4.629427822909485967e-06
5.553271539506442878e+01 4.589523748979512310e-06
5.560950506679370875e+01 4.549483275177775083e-06
5.568640092194375768e+01 4.509310294569811383e-06
5.576340310734315153e+01 4.469008860131144696e-06
5.584051177002346833e+01 4.428583182587871805e-06
5.591772705721970027e+01 4.388037628139413869e-06
5.599504911637031057e+01 4.347376716063252934e-06
5.607247809511775216e+01 4.306605116200726387e-06
5.615001414130856006e+01 4.265727646324646764e-06
5.622765740299369952e+01 4.224749269387911732e-06
5.630540802842894266e+01 4.183675090654004642e-06
5.638326616607496078e+01 4.142510354709328063e-06
5.646123196459782179e+01 4.101260442358092801e-06
5.653930557286907543e+01 4.059930867400581502e-06
5.661748713996615123e+01 4.018527273295378050e-06
5.669577681517267820e+01 3.977055429706868901e-06
5.677417474797861274e+01 3.935521228939241145e-06
5.685268108808073606e+01 3.893930682258284295e-06
5.693129598538273939e+01 3.852289916102677122e-06
5.701001958999560770e+01 3.810605168186443488e-06
5.708885205223796078e+01 3.768882783494724780e-06
5.716779352263618819e+01 3.727129210174668930e-06
5.724684415192491826e+01 3.685350995324141416e-06
5.732600409104713890e+01 3.643554780680377535e-06
5.740527349115455280e+01 3.601747298211543951e-06
5.748465250360796830e+01 3.559935365613679885e-06
5.756414127997736330e+01 3.518125881716584373e-06
5.764373997204242528e+01 3.476325821801120409e-06
5.772344873179264368e+01 3.434542232831982223e-06
5.780326771142766518e+01 3.392782228608941150e-06
5.788319706335768444e+01 3.351052984840473211e-06
5.796323694020352946e+01 3.309361734143638073e-06
5.804338749479718018e+01 3.267715760974039251e-06
5.812364888018185383e+01 3.226122396490220578e-06
5.820402124961248802e+01 3.184589013356691321e-06
5.828450475655586871e+01 3.143123020489933273e-06
5.836509955469097122e+01 3.101731857752330145e-06
5.844580579790937946e+01 3.060422990598141340e-06
5.852662364031535702e+01 3.019203904677125771e-06
5.860755323622638002e+01 2.978082100399995418e-06
5.868859474017321531e+01 2.937065087471574893e-06
5.876974830690031126e+01 2.896160379396111000e-06
5.885101409136620276e+01 2.855375487960629730e-06
5.893239224874354676e+01 2.814717917701500837e-06
5.901388293441971911e+01 2.774195160359548829e-06
5.909548630399686431e+01 2.733814689329638762e-06
5.917720251329227921e+01 2.693583954110153200e-06
5.925903171833882510e+01 2.653510374757911769e-06
5.934097407538499880e+01 2.613601336354884391e-06
5.942302974089547263e+01 2.573864183491699476e-06
5.950519887155119392e+01 2.534306214774586131e-06
5.958748162424975447e+01 2.494934677361177323e-06
5.966987815610580270e+01 2.455756761531052830e-06
5.975238862445110755e+01 2.416779595297383612e-06
5.983501318683511982e+01 2.378010239065125733e-06
5.991775200102507171e+01 2.339455680341882362e-06
6.000060522500633198e+01 2.301122828507477439e-06
6.008357301698283237e+01 2.263018509647765365e-06
6.016665553537713151e+01 2.225149461459026894e-06
6.024985293883099757e+01 2.187522328228110119e-06
6.033316538620544378e+01 2.150143655894788273e-06
6.041659303658118318e+01 2.113019887201312803e-06
6.050013604925897681e+01 2.076157356935254415e-06
6.058379458375974025e+01 2.039562287271072584e-06
6.066756879982510497e+01 2.003240783215439831e-06
6.075145885741748941e+01 1.967198833305711437e-06
6.083546491672051104e+01 1.931444225392182676e-06
6.091958713813937720e+01 1.895989207129874352e-06
6.100382568230097746e+01 1.860846117105896205e-06
6.108818071005443784e+01 1.826026623503588065e-06
6.117265238247120607e+01 1.791541733099793187e-06
6.125724086084545661e+01 1.757401800975595679e-06
6.134194630669450987e+01 1.723616540891849004e-06
6.142676888175887484e+01 1.690195036281065781e-06
6.151170874800286015e+01 1.657145751807478022e-06
6.159676606761460249e+01 1.624476545449185396e-06
6.168194100300663507e+01 1.592194681055616877e-06
6.176723371681597996e+01 1.560306841336158421e-06
6.185264437190455311e+01 1.528819141235703178e-06
6.193817313135956226e+01 1.497737141654381254e-06
6.202382015849360641e+01 1.467065863470513086e-06
6.210958561684523005e+01 1.436809801825894002e-06
6.219546967017903683e+01 1.406972940635170237e-06
6.228147248248605905e+01 1.377558767281241391e-06
6.236759421798421243e+01 1.348570287460768553e-06
6.245383504111833872e+01 1.320010040145034764e-06
6.254019511656081676e+01 1.291880112622515781e-06
6.262667460921163354e+01 1.264182155591608326e-06
6.271327368419878923e+01 1.236917398272657549e-06
6.279999250687871637e+01 1.210086663510499422e-06
6.288683124283638648e+01 1.183690382839893349e-06
6.297379005788584294e+01 1.157728611487462030e-06
6.306086911807033601e+01 1.132201043285841233e-06
6.314806858966270653e+01 1.107107025476327204e-06
6.323538863916583352e+01 1.082445573378445046e-06
6.332282943331266978e+01 1.058215384905819568e-06
6.341039113906687419e+01 1.034414854909212671e-06
6.349807392362288283e+01 1.011042089329112997e-06
6.358587795440632817e+01 9.880949191411381407e-07
6.367380339907442988e+01 9.655709140793617627e-07
6.376185042551614401e+01 9.434673961234922628e-07
6.385001920185268887e+01 9.217814527372079911e-07
6.393830989643766571e+01 9.005099498462788582e-07
6.402672267785746385e+01 8.796495445458963818e-07
6.411525771493171533e+01 8.591966975281472245e-07
6.420391517671333759e+01 8.391476852214841999e-07
6.429269523248915164e+01 8.194986116348081972e-07
6.438159805177994599e+01 8.002454199004109399e-07
6.447062380434095985e+01 7.813839035102111391e-07
6.455977266016225258e+01 7.629097172412648672e-07
6.464904478946877475e+01 7.448183877671419052e-07
6.473844036272103608e+01 7.271053239524178537e-07
6.482795955061509119e+01 7.097658268287419938e-07
6.491760252408322174e+01 6.927950992512804426e-07
6.500736945429387958e+01 6.761882552353905006e-07
6.509726051265229785e+01 6.599403289737021625e-07
6.518727587080076091e+01 6.440462835347220161e-07
6.527741570061880338e+01 6.285010192445723862e-07
6.536768017422373589e+01 6.132993817538456618e-07
6.545806946397077297e+01 5.984361697924059697e-07
6.554858374245350205e+01 5.839061426151658040e-07
6.563922318250419607e+01 5.697040271424685289e-07
6.572998795719405507e+01 5.558245247990696632e-07
6.582087823983370356e+01 5.422623180560375599e-07
6.591189420397329002e+01 5.290120766804166004e-07
6.600303602340298426e+01 5.160684636975452619e-07
6.609430387215336111e+01 5.034261410714026337e-07
6.618569792449549993e+01 4.910797751086381745e-07
6.627721835494159563e+01 4.790240415919287043e-07
6.636886533824505818e+01 4.672536306488449103e-07
6.646063904940093892e+01 4.557632513622162097e-07
6.655253966364637108e+01 4.445476361284832988e-07
6.664456735646068353e+01 4.336015447704107248e-07
6.673672230356594071e+01 4.229197684107274772e-07
6.682900468092717006e+01 4.124971331133678927e-07
6.692141466475264622e+01 4.023285032990019415e-07
6.701395243149443104e+01 3.924087849415772701e-07
6.710661815784847306e+01 3.827329285527499516e-07
6.719941202075514752e+01 3.732959319608799962e-07
6.729233419739941269e+01 3.640928428914583554e-07
6.738538486521125037e+01 3.551187613557135227e-07
6.747856420186604964e+01 3.463688418540862188e-07
6.757187238528480577e+01 3.378382954013586960e-07
6.766530959363463182e+01 3.295223913799669031e-07
6.775887600532892918e+01 3.214164592281210556e-07
6.785257179902779967e+01 3.135158899691914375e-07
6.794639715363848609e+01 3.058161375887740154e-07
6.804035224831550011e+01 2.983127202657178314e-07
6.813443726246121912e+01 2.910012214633213383e-07
6.822865237572592889e+01 2.838772908867952559e-07
6.832299776800851987e+01 2.769366453129149310e-07
6.841747361945650141e+01 2.701750692977939750e-07
6.851208011046651336e+01 2.635884157684297861e-07
6.860681742168472397e+01 2.571726065036122759e-07
6.870168573400697198e+01 2.509236325097432292e-07
6.879668522857937774e+01 2.448375542967413521e-07
6.889181608679842839e+01 2.389105020593687323e-07
6.898707849031144690e+01 2.331386757689020654e-07
6.908247262101707520e+01 2.275183451800896538e-07
6.917799866106527418e+01 2.220458497581788834e-07
6.927365679285807687e+01 2.167175985305422559e-07
6.936944719904961687e+01 2.115300698674606566e-07
6.946537006254658309e+01 2.064798111963117532e-07
6.956142556650868869e+01 2.015634386533498281e-07
6.965761389434881323e+01 1.967776366771647712e-07
6.975393522973355687e+01 1.921191575476158151e-07
6.985038975658341087e+01 1.875848208740738693e-07
6.994697765907316978e+01 1.831715130365370053e-07
7.004369912163241452e+01 1.788761865830811022e-07
7.014055432894562614e+01 1.746958595870237792e-07
7.023754346595278264e+01 1.706276149669564414e-07
7.033466671784948687e+01 1.666685997727485247e-07
7.043192427008744971e+01 1.628160244404366198e-07
7.052931630837491639e+01 1.590671620188373076e-07
7.062684301867679437e+01 1.554193473705717644e-07
7.072450458721523603e+01 1.518699763500413567e-07
7.082230120046985178e+01 1.484165049608660745e-07
7.092023304517809379e+01 1.450564484950541062e-07
7.101830030833571072e+01 1.417873806561868419e-07
7.111650317719691827e+01 1.386069326687015784e-07
7.121484183927498179e+01 1.355127923752904844e-07
7.131331648234237264e+01 1.325027033243387755e-07
7.141192729443120868e+01 1.295744638491820864e-07
7.151067446383369486e+01 1.267259261409232692e-07
7.160955817910226529e+01 1.239549953164130044e-07
7.170857862905027957e+01 1.212596284829184599e-07
7.180773600275196600e+01 1.186378338009481838e-07
7.190703048954317467e+01 1.160876695465446383e-07
7.200646227902149121e+01 1.136072431743722548e-07
7.210603156104662048e+01 1.111947103827674036e-07
7.220573852574094076e+01 1.088482741818736416e-07
7.230558336348958903e+01 1.065661839659458297e-07
7.240556626494107206e+01 1.043467345907599155e-07
7.250568742100745112e+01 1.021882654570900770e-07
7.260594702286476831e+01 1.000891596010761769e-07
7.270634526195351555e+01 9.804784279228681384e-08
7.280688232997876241e+01 9.606278264021276163e-08
7.290755841891083833e+01 9.413248770986746770e-08
7.300837372098538935e+01 9.225550664712754397e-08
7.310932842870387560e+01 9.043042731438340891e-08
7.321042273483408280e+01 8.865587593702603529e-08
7.331165683241017916e+01 8.693051626127295453e-08
7.341303091473341169e+01 8.525304872374432845e-08
7.351454517537221989e+01 8.362220963321943437e-08
7.361619980816270470e+01 8.203677036490830008e-08
7.371799500720911169e+01 8.049553656757984320e-08
7.381993096688391631e+01 7.899734738383639863e-08
7.392200788182856286e+01 7.754107468377442376e-08
7.402422594695347868e+01 7.612562231228623266e-08
7.412658535743867105e+01 7.474992535017535519e-08
7.422908630873408242e+01 7.341294938927303322e-08
7.433172899655983201e+01 7.211368982169696414e-08
7.443451361690679846e+01 7.085117114337254398e-08
7.453744036603674772e+01 6.962444627192841850e-08
7.464050944048284464e+01 6.843259587903111371e-08
7.474372103705016457e+01 6.727472773723369507e-08
7.484707535281570756e+01 6.614997608138354666e-08
7.495057258512917997e+01 6.505750098460932106e-08
7.505421293161306551e+01 6.399648774891131972e-08
7.515799659016310841e+01 6.296614631035326532e-08
7.526192375894879660e+01 6.196571065884483885e-08
7.536599463641351804e+01 6.099443827249774930e-08
7.547020942127522858e+01 6.005160956652193130e-08
7.557456831252646623e+01 5.913652735662714885e-08
7.567907150943511851e+01 5.824851633688171770e-08
7.578371921154450774e+01 5.738692257198144193e-08
7.588851161867385997e+01 5.655111300386712982e-08
7.599344893091883080e+01 5.574047497263615467e-08
7.609853134865163327e+01 5.495441575168241551e-08
7.620375907252166314e+01 5.419236209699937032e-08
7.630913230345569787e+01 5.345375981058223037e-08
7.641465124265832287e+01 5.273807331786275757e-08
7.652031609161245740e+01 5.204477881985557341e-08
7.662612705207951080e+01 5.137324088115106702e-08
7.673208432610000784e+01 5.072272863635441569e-08
7.683818811599374499e+01 5.009253603237671766e-08
7.694443862436027359e+01 4.948198524201517798e-08
7.705083605407942571e+01 4.889042536975665188e-08
7.715738060831141354e+01 4.831723122191761548e-08
7.726407249049754000e+01 4.776180213760889076e-08
7.737091190436025556e+01 4.722356087723457394e-08
7.747789905390379772e+01 4.670195256540809924e-08
7.758503414341456050e+01 4.619644368536717135e-08
7.769231737746125077e+01 4.570652112212524650e-08
7.779974896089565561e+01 4.523169125175791364e-08
7.790732909885268498e+01 4.477147907437945352e-08
7.801505799675089747e+01 4.432542738849431683e-08
7.812293586029304038e+01 4.389309600454374168e-08
7.823096289546612070e+01 4.347406099559632101e-08
7.833913930854214414e+01 4.306791398323593879e-08
7.844746530607825719e+01 4.267426145682284407e-08
7.855594109491718768e+01 4.229272412439456211e-08
7.866456688218782745e+01 4.192293629357611086e-08
7.877334287530531753e+01 4.156454528096129101e-08
7.888226928197175880e+01 4.121721084850306412e-08
7.899134631017635400e+01 4.088060466554616590e-08
7.910057416819589093e+01 4.055440979519297087e-08
7.920995306459531093e+01 4.023832020378168998e-08
7.931948320822776566e+01 3.993204029231260138e-08
7.942916480823538450e+01 3.963528444872358031e-08
7.953899807404930300e+01 3.934777661997844429e-08
7.964898321539044446e+01 3.906924990298455622e-08
7.975912044226961939e+01 3.879944615341330917e-08
7.986940996498800871e+01 3.853811561153975305e-08
7.997985199413771795e+01 3.828501654427463252e-08
8.009044674060191937e+01 3.803991490259904400e-08
8.020119441555553408e+01 3.780258399365607808e-08
8.031209523046537413e+01 3.757280416679564223e-08
8.042314939709065413e+01 3.735036251290371813e-08
8.053435712748354547e+01 3.713505257638288333e-08
8.064571863398926155e+01 3.692667407918748138e-08
8.075723412924682520e+01 3.672503265634265975e-08
8.086890382618915396e+01 3.652993960241417374e-08
8.098072793804360003e+01 3.634121162841599224e-08
8.109270667833251878e+01 3.615867062867587421e-08
8.120484026087332552e+01 3.598214345720308655e-08
8.131712889977927716e+01 3.581146171312192882e-08
8.142957280945955745e+01 3.564646153476519701e-08
8.154217220461985960e+01 3.548698340203705144e-08
8.165492730026288370e+01 3.533287194667694170e-08
8.176783831168845040e+01 3.518397577007771559e-08
8.188090545449428248e+01 3.504014726832702644e-08
8.199412894457609013e+01 3.490124246415767066e-08
8.210750899812811099e+01 3.476712084551398038e-08
8.222104583164369274e+01 3.463764521045023749e-08
8.233473966191532156e+01 3.451268151809760880e-08
8.244859070603548901e+01 3.439209874544712055e-08
8.256259918139672038e+01 3.427576874971168809e-08
8.267676530569214322e+01 3.416356613604001747e-08
8.279108929691604146e+01 3.405536813037044847e-08
8.290557137336398341e+01 3.395105445722325781e-08
8.302021175363353223e+01 3.385050722223996664e-08
8.313501065662443068e+01 3.375361079928865846e-08
8.324996830153907013e+01 3.366025172196758854e-08
8.336508490788312997e+01 3.357031857934183371e-08
8.348036069546560611e+01 3.348370191576581088e-08
8.359579588439963516e+01 3.340029413464357881e-08
8.371139069510257968e+01 3.331998940599542809e-08
8.382714534829659669e+01 3.324268357769945587e-08
8.394306006500919182e+01 3.316827409029152604e-08
8.405913506657333301e+01 3.309665989520688965e-08
8.417537057462818950e+01 3.302774137635944607e-08
8.429176681111927394e+01 3.296142027495651779e-08
8.440832399829913868e+01 3.289759961745628951e-08
8.452504235872756055e+01 3.283618364657776868e-08
8.464192211527205245e+01 3.277707775528190597e-08
8.475896349110844596e+01 3.272018842364466499e-08
8.487616670972099087e+01 3.266542315854950727e-08
8.499353199490315092e+01 3.261269043613145712e-08
8.511105957075770334e+01 3.256189964690757133e-08
8.522874966169732147e+01 3.251296104353620194e-08
8.534660249244512897e+01 3.246578569114714965e-08
8.546461828803481353e+01 3.242028542019228951e-08
8.558279727381139423e+01 3.237637278176824240e-08
8.570113967543139211e+01 3.233396100536547167e-08
8.581964571886332749e+01 3.229296395900248551e-08
8.593831563038835952e+01 3.225329611170659862e-08
8.605714963660031458e+01 3.221487249830473139e-08
8.617614796440658154e+01 3.217760868649119233e-08
8.629531084102815441e+01 3.214142074614152078e-08
8.641463849400021502e+01 3.210622522084413294e-08
8.653413115117271559e+01 3.207193910162221007e-08
8.665378904071052091e+01 3.203847980282266732e-08
8.677361239109413305e+01 3.200576514014877780e-08
8.689360143111990453e+01 3.197371331081488547e-08
8.701375638990052153e+01 3.194224287580410889e-08
8.713407749686565751e+01 3.191127274421155924e-08
8.725456498176204434e+01 3.188072215965389523e-08
8.737521907465425386e+01 3.185051068873084172e-08
8.749604000592488262e+01 3.182055821152306829e-08
8.761702800627509191e+01 3.179078491411146551e-08
8.773818330672520460e+01 3.176111128310471660e-08
8.785950613861476199e+01 3.173145810216073820e-08
8.798099673360343331e+01 3.170174645048960257e-08
8.810265532367105834e+01 3.167189770332572544e-08
8.822448214111827269e+01 3.164183353435389402e-08
8.834647741856703362e+01 3.161147592007940782e-08
8.846864138896083318e+01 3.158074714612672148e-08
8.859097428556540876e+01 3.154956981545319609e-08
8.871347634196889942e+01 3.151786685846621289e-08
8.883614779208262746e+01 3.148556154502459120e-08
8.895898887014119794e+01 3.145257749831357043e-08
8.908199981070315232e+01 3.141883871057290166e-08
8.920518084865149433e+01 3.138426956066429110e-08
8.932853221919383202e+01 3.134879483345590132e-08
8.945205415786320202e+01 3.131233974100706213e-08
8.957574690051818322e+01 3.127482994553034778e-08
8.969961068334352206e+01 3.123619158410953364e-08
8.982364574285065828e+01 3.119635129514786908e-08
8.994785231587793817e+01 3.115523624652074608e-08
9.007223063959135345e+01 3.111277416540657181e-08
9.019678095148471186e+01 3.106889336976299595e-08
9.032150348938023399e+01 3.102352280141935639e-08
9.044639849142912169e+01 3.097659206075043616e-08
9.057146619611170024e+01 3.092803144289374596e-08
9.069670684223828516e+01 3.087777197547389671e-08
9.082212066894921065e+01 3.082574545779200164e-08
9.094770791571556856e+01 3.077188450143569150e-08
9.107346882233964891e+01 3.071612257226579006e-08
9.119940362895519570e+01 3.065839403372775561e-08
9.132551257602818851e+01 3.059863419143981300e-08
9.145179590435697037e+01 3.053677933899986010e-08
9.157825385507284466e+01 3.047276680495755421e-08
9.170488666964072877e+01 3.040653500088891764e-08
9.183169458985919675e+01 3.033802347051072922e-08
9.195867785786138882e+01 3.026717293977075733e-08
9.208583671611512500e+01 3.019392536784275642e-08
9.221317140742348784e+01 3.011822399895524180e-08
9.234068217492547603e+01 3.004001341497970220e-08
9.246836926209607554e+01 2.995923958869845040e-08
9.259623291274715484e+01 2.987584993767439672e-08
9.272427337102757861e+01 2.978979337863565298e-08
9.285249088142379037e+01 2.970102038229005874e-08
9.298088568876049465e+01 2.960948302847986067e-08
9.310945803820068534e+01 2.951513506158344766e-08
9.323820817524661209e+01 2.941793194606873788e-08
9.336713634573976606e+01 2.931783092210158329e-08
9.349624279586181785e+01 2.921479106110645907e-08
9.362552777213466015e+01 2.910877332117815798e-08
9.375499152142110404e+01 2.899974060223757812e-08
9.388463429092546164e+01 2.888765780082476568e-08
9.401445632819367404e+01 2.877249186441726833e-08
9.414445788111419233e+01 2.865421184516461834e-08
9.427463919791806291e+01 2.853278895292163784e-08
9.440500052717960955e+01 2.840819660746688177e-08
9.453554211781703032e+01 2.828041048978785574e-08
9.466626421909251121e+01 2.814940859231539022e-08
9.479716708061312147e+01 2.801517126798504947e-08
9.492825095233092725e+01 2.787768127800742401e-08
9.505951608454364532e+01 2.773692383822356382e-08
9.519096272789519730e+01 2.759288666392395317e-08
9.532259113337595124e+01 2.744556001300865765e-08
9.545440155232350321e+01 2.729493672736715334e-08
9.558639423642286204e+01 2.714101227235262648e-08
9.571856943770704618e+01 2.698378477423248302e-08
9.585092740855773741e+01 2.682325505549135838e-08
9.598346840170542293e+01 2.665942666786882363e-08
9.611619267023024804e+01 2.649230592300989137e-08
9.624910046756214399e+01 2.632190192061597052e-08
9.638219204748152436e+01 2.614823731409782595e-08
9.651546766411983924e+01 2.597139631119247203e-08
9.664892757195974582e+01 2.579148418574886716e-08
9.678257202583601781e+01 2.560860650845006009e-08
9.691640128093565920e+01 2.542286903907874846e-08
9.705041559279851526e+01 2.523437763908224653e-08
9.718461521731798314e+01 2.504323818570916234e-08
9.731900041074104024e+01 2.484955648779183994e-08
9.745357142966926745e+01 2.465343820324259418e-08
9.758832853105886329e+01 2.445498875833038557e-08
9.772327197222138295e+01 2.425431326879626470e-08
9.785840201082430667e+01 2.405151646286538305e-08
9.799371890489123871e+01 2.384670260620864518e-08
9.812922291280274578e+01 2.363997542889990458e-08
9.826491429329649918e+01 2.343143805441687780e-08
9.840079330546814163e+01 2.322119293072014153e-08
9.853686020877144358e+01 2.300934176345232913e-08
9.867311526301892854e+01 2.279598545128661387e-08
9.880955872838256937e+01 2.258122402345113693e-08
9.894619086539384512e+01 2.236515657945798101e-08
9.908301193494475001e+01 2.214788123105344153e-08
9.922002219828785030e+01 2.192949504640877271e-08
9.935722191703696637e+01 2.171009399656413066e-08
9.949461135316785487e+01 2.148977290413334337e-08
9.963219076901829396e+01 2.126862539427988702e-08
9.976996042728903547e+01 2.104674384796198087e-08
9.990792059104393275e+01 2.082421935745148251e-08
1.000460715237106513e+02 2.060114168411713381e-08
1.001844134890810238e+02 2.037759921847075797e-08
1.003229467513119317e+02 2.015367894246281537e-08
1.004616715749252620e+02 1.992946639401643925e-08
1.006005882248087602e+02 1.970504563378469797e-08
1.007396969662164281e+02 1.948049921411060280e-08
1.008789980647689930e+02 1.925590815017252358e-08
1.010184917864547742e+02 1.903135189328812233e-08
1.011581783976295839e+02 1.880690830635562881e-08
1.012980581650176219e+02 1.858265364140000300e-08
1.014381313557119739e+02 1.835866251919665421e-08
1.015783982371748806e+02 1.813500791094155551e-08
1.017188590772388039e+02 1.791176112193132426e-08
1.018595141441061855e+02 1.768899177721961250e-08
1.020003637063504982e+02 1.746676780921243185e-08
1.021414080329165301e+02 1.724515544716230462e-08
1.022826473931209108e+02 1.702421920852261176e-08
1.024240820566529635e+02 1.680402189211807866e-08
1.025657122935746060e+02 1.658462457309233288e-08
1.027075383743213450e+02 1.636608659958504675e-08
1.028495605697025894e+02 1.614846559109410659e-08
1.029917791509021470e+02 1.593181743847991404e-08
1.031341943894791058e+02 1.571619630556069978e-08
1.032768065573677774e+02 1.550165463225493309e-08
1.034196159268785635e+02 1.528824313922115327e-08
1.035626227706984395e+02 1.507601083394687917e-08
1.037058273618913375e+02 1.486500501823761631e-08
1.038492299738990852e+02 1.465527129705576641e-08
1.039928308805413337e+02 1.444685358866351112e-08
1.041366303560164113e+02 1.423979413601419748e-08
1.042806286749018909e+02 1.403413351934652998e-08
1.044248261121548182e+02 1.382991066993110801e-08
1.045692229431128624e+02 1.362716288491823180e-08
1.047138194434940317e+02 1.342592584323878046e-08
1.048586158893977398e+02 1.322623362250802499e-08
1.050036125573051748e+02 1.302811871688337409e-08
1.051488097240797259e+02 1.283161205582752706e-08
1.052942076669679352e+02 1.263674302372806306e-08
1.054398066635994269e+02 1.244353948032786584e-08
1.055856069919878166e+02 1.225202778191513691e-08
1.057316089305311380e+02 1.206223280323033436e-08
1.058778127580122970e+02 1.187417796004068451e-08
1.060242187536000245e+02 1.168788523233936552e-08
1.061708271968487480e+02 1.150337518812310518e-08
1.063176383676995727e+02 1.132066700770533033e-08
1.064646525464805649e+02 1.113977850852000964e-08
1.066118700139078044e+02 1.096072617037610636e-08
1.067592910510851567e+02 1.078352516111961939e-08
1.069069159395053390e+02 1.060818936266402573e-08
1.070547449610502895e+02 1.043473139734778355e-08
1.072027783979916506e+02 1.026316265458235929e-08
1.073510165329916646e+02 1.009349331775028666e-08
1.074994596491031444e+02 9.925732391321195938e-09
1.076481080297703983e+02 9.759887728144577133e-09
1.077969619588296979e+02 9.595966056888692607e-09
1.079460217205096484e+02 9.433973009591083070e-09
1.080952875994322255e+02 9.273913149286610128e-09
1.082447598806126763e+02 9.115789997684552320e-09
1.083944388494604425e+02 8.959606062860381940e-09
1.085443247917796299e+02 8.805362866937331155e-09
1.086944179937694344e+02 8.653060973725776863e-09
1.088447187420251367e+02 8.502700016294169747e-09
1.089952273235379892e+02 8.354278724448214107e-09
1.091459440256962097e+02 8.207794952088326407e-09
1.092968691362854088e+02 8.063245704425053683e-09
1.094480029434890014e+02 7.920627165028711710e-09
1.095993457358892726e+02 7.779934722689603788e-09
1.097508978024671933e+02 7.641162998071138303e-09
1.099026594326034427e+02 7.504305870131984232e-09
1.100546309160788780e+02 7.369356502302465504e-09
1.102068125430749319e+02 7.236307368394430307e-09
1.103592046041746073e+02 7.105150278228082370e-09
1.105118073903624207e+02 6.975876402962430107e-09
1.106646211930253401e+02 6.848476300110854580e-09
1.108176463039532962e+02 6.722939938229548205e-09
1.109708830153395525e+02 6.599256721266766400e-09
1.111243316197817563e+02 6.477415512558037649e-09
1.112779924102818256e+02 6.357404658459166072e-09
1.114318656802469576e+02 6.239212011603152195e-09
1.115859517234900551e+02 6.122824953775095237e-09
1.117402508342301672e+02 6.008230418393297874e-09
1.118947633070935552e+02 5.895414912589554014e-09
1.120494894371135501e+02 5.784364538882988980e-09
1.122044295197315336e+02 5.675065016438293533e-09
1.123595838507974207e+02 5.567501701904569071e-09
1.125149527265701437e+02 5.461659609828924219e-09
1.126705364437186034e+02 5.357523432641263487e-09
1.128263352993215989e+02 5.255077560205990618e-09
1.129823495908688358e+02 5.154306098937255054e-09
1.131385796162613815e+02 5.055192890476943289e-09
1.132950256738121340e+02 4.957721529931795350e-09
1.134516880622468307e+02 4.861875383669498373e-09
1.136085670807039349e+02 4.767637606672963143e-09
1.137656630287356734e+02 4.674991159452828298e-09
1.139229762063084621e+02 4.583918824517934922e-09
1.140805069138034327e+02 4.494403222405175265e-09
1.142382554520173983e+02 4.406426827270236765e-09
1.143962221221627686e+02 4.319971982040701362e-09
1.145544072258685731e+02 4.235020913133636689e-09
1.147128110651809436e+02 4.151555744740470895e-09
1.148714339425635416e+02 4.069558512682617799e-09
1.150302761608986515e+02 3.989011177839856650e-09
1.151893380234869824e+02 3.909895639157255082e-09
1.153486198340487761e+02 3.832193746232431918e-09
1.155081218967242904e+02 3.755887311489220565e-09
1.156678445160741830e+02 3.680958121941387909e-09
1.158277879970805913e+02 3.607387950551446632e-09
1.159879526451470895e+02 3.535158567190506341e-09
1.161483387660996129e+02 3.464251749203110788e-09
1.163089466661870119e+02 3.394649291583705110e-09
1.164697766520815065e+02 3.326333016770361229e-09
1.166308290308797098e+02 3.259284784061150474e-09
1.167921041101025423e+02 3.193486498660094403e-09
1.169536021976962701e+02 3.128920120358357082e-09
1.171153236020329729e+02 3.065567671857350059e-09
1.172772686319110562e+02 3.003411246740203688e-09
1.174394375965562460e+02 2.942433017098053907e-09
1.176018308056215318e+02 2.882615240818745450e-09
1.177644485691881897e+02 2.823940268543408802e-09
1.179272911977661380e+02 2.766390550298987087e-09
1.180903590022950596e+02 2.709948641812616050e-09
1.182536522941442030e+02 2.654597210516353946e-09
1.184171713851135195e+02 2.600319041247476288e-09
1.185809165874340891e+02 2.547097041652558045e-09
1.187448882137686326e+02 2.494914247302447112e-09
1.189090865772125909e+02 2.443753826524356084e-09
1.190735119912939410e+02 2.393599084959034339e-09
1.192381647699743752e+02 2.344433469849712335e-09
1.194030452276496845e+02 2.296240574069746169e-09
1.195681536791502992e+02 2.249004139896215536e-09
1.197334904397423685e+02 2.202708062536073904e-09
1.198990558251275758e+02 2.157336393412750094e-09
1.200648501514443467e+02 2.112873343218652774e-09
1.202308737352681760e+02 2.069303284741552724e-09
1.203971268936122385e+02 2.026610755471351550e-09
1.205636099439284408e+02 1.984780459993460545e-09
1.207303232041072647e+02 1.943797272176175176e-09
1.208972669924789045e+02 1.903646237158175447e-09
1.210644416278137356e+02 1.864312573142498665e-09
1.212318474293227695e+02 1.825781662937132682e-09
1.213994847166588471e+02 1.788037976618815761e-09
1.215673538099163977e+02 1.751064232266584039e-09
1.217354550296326039e+02 1.714843359453889694e-09
1.219037886967879132e+02 1.679358725717648340e-09
1.220723551328064502e+02 1.644594123902922426e-09
1.222411546595571963e+02 1.610533759902791822e-09
1.224101875993538471e+02 1.577162240780330148e-09
1.225794542749558929e+02 1.544464563259729272e-09
1.227489550095691300e+02 1.512426102574220514e-09
1.229186901268461583e+02 1.481032601658861919e-09
1.230886599508874895e+02 1.450270160676622043e-09
1.232588648062414336e+02 1.420125226867101185e-09
1.234293050179051789e+02 1.390584584706486357e-09
1.235999809113253605e+02 1.361635346368981545e-09
1.237708928123984577e+02 1.333264942479818912e-09
1.239420410474720029e+02 1.305461113149729383e-09
1.241134259433444100e+02 1.278211899282322032e-09
1.242850478272661121e+02 1.251505634145008590e-09
1.244569070269400584e+02 1.225330935194973165e-09
1.246290038705222116e+02 1.199676696152050833e-09
1.248013386866226568e+02 1.174532079310195101e-09
1.249739118043055583e+02 1.149886508080359068e-09
1.251467235530901831e+02 1.125729659756713293e-09
1.253197742629514551e+02 1.102051458499425945e-09
1.254930642643204521e+02 1.078842068526981877e-09
1.256665938880855862e+02 1.056091887511279644e-09
1.258403634655923895e+02 1.033791540169140485e-09
1.260143733286447230e+02 1.011931872043868474e-09
1.261886238095052448e+02 9.905039434710157172e-10
1.263631152408959508e+02 9.694990237223474877e-10
1.265378479559992826e+02 9.489085853224465705e-10
1.267128222884580424e+02 9.287242985327695701e-10
1.268880385723765016e+02 9.089380259975092576e-10
1.270634971423209123e+02 8.895418175465064634e-10
1.272391983333200471e+02 8.705279051502036595e-10
1.274151424808663364e+02 8.518886980219899271e-10
1.275913299209157401e+02 8.336167778633583454e-10
1.277677609898888704e+02 8.157048942473380983e-10
1.279444360246715888e+02 7.981459601361925725e-10
1.281213553626154180e+02 7.809330475290535717e-10
1.282985193415387926e+02 7.640593832355499241e-10
1.284759282997268599e+02 7.475183447717892331e-10
1.286535825759326599e+02 7.313034563746426903e-10
1.288314825093777074e+02 7.154083851310050974e-10
1.290096284397524187e+02 6.998269372184180079e-10
1.291880207072173050e+02 6.845530542537658766e-10
1.293666596524028876e+02 6.695808097468262439e-10
1.295455456164108341e+02 6.549044056553300775e-10
1.297246789408144423e+02 6.405181690387994736e-10
1.299040599676592649e+02 6.264165488079610107e-10
1.300836890394641614e+02 6.125941125670141603e-10
1.302635664992212412e+02 5.990455435459798729e-10
1.304436926903970573e+02 5.857656376205120362e-10
1.306240679569330609e+02 5.727493004164552425e-10
1.308046926432462271e+02 5.599915444967830232e-10
1.309855670942301344e+02 5.474874866284801946e-10
1.311666916552548798e+02 5.352323451270073010e-10
1.313480666721682439e+02 5.232214372760419056e-10
1.315296924912961742e+02 5.114501768203825581e-10
1.317115694594438651e+02 4.999140715298376813e-10
1.318936979238956724e+02 4.886087208321086615e-10
1.320760782324163074e+02 4.775298135125141990e-10
1.322587107332513483e+02 4.666731254788757076e-10
1.324415957751278086e+02 4.560345175894354282e-10
1.326247337072553023e+02 4.456099335421587367e-10
1.328081248793259590e+02 4.353953978236108782e-10
1.329917696415155319e+02 4.253870137157282794e-10
1.331756683444840235e+02 4.155809613587671600e-10
1.333598213393761966e+02 4.059734958688878373e-10
1.335442289778227689e+02 3.965609455088190038e-10
1.337288916119402700e+02 3.873397099100975432e-10
1.339138095943322639e+02 3.783062583453630099e-10
1.340989832780899178e+02 3.694571280493389771e-10
1.342844130167924845e+02 3.607889225871840713e-10
1.344700991645085253e+02 3.522983102687162729e-10
1.346560420757958809e+02 3.439820226073846375e-10
1.348422421057026952e+02 3.358368528226447861e-10
1.350286996097681254e+02 3.278596543844997211e-10
1.352154149440228252e+02 3.200473395990866358e-10
1.354023884649901959e+02 3.123968782340750488e-10
1.355896205296861297e+02 3.049052961828860750e-10
1.357771114956204315e+02 2.975696741664667303e-10
1.359648617207972165e+02 2.903871464717438033e-10
1.361528715637155074e+02 2.833548997256070468e-10
1.363411413833704842e+02 2.764701717034521301e-10
1.365296715392533144e+02 2.697302501713792449e-10
1.367184623913523751e+02 2.631324717610240369e-10
1.369075143001538777e+02 2.566742208761318013e-10
1.370968276266423231e+02 2.503529286300042812e-10
1.372864027323018377e+02 2.441660718129005369e-10
1.374762399791159453e+02 2.381111718886517155e-10
1.376663397295688753e+02 2.321857940195411244e-10
1.378567023466460739e+02 2.263875461187191570e-10
1.380473281938348293e+02 2.207140779294193875e-10
1.382382176351253804e+02 2.151630801300998497e-10
1.384293710350109734e+02 2.097322834649007740e-10
1.386207887584889420e+02 2.044194578986293398e-10
1.388124711710613042e+02 1.992224117955757867e-10
1.390044186387354443e+02 1.941389911215210072e-10
1.391966315280252218e+02 1.891670786682127688e-10
1.393891102059508285e+02 1.843045932997626362e-10
1.395818550400402103e+02 1.795494892202201898e-10
1.397748663983294648e+02 1.748997552617836959e-10
1.399681446493634667e+02 1.703534141930639597e-10
1.401616901621971465e+02 1.659085220467473743e-10
1.403555033063953204e+02 1.615631674661739015e-10
1.405495844520339688e+02 1.573154710702306670e-10
1.407439339697008336e+02 1.531635848360277408e-10
1.409385522304959295e+02 1.491056914988463030e-10
1.411334396060328515e+02 1.451400039688204913e-10
1.413285964684386329e+02 1.412647647639181970e-10
1.415240231903550523e+02 1.374782454586488648e-10
1.417197201449391173e+02 1.337787461480693514e-10
1.419156877058637178e+02 1.301645949266554615e-10
1.421119262473188769e+02 1.266341473815104870e-10
1.423084361440116083e+02 1.231857860995605446e-10
1.425052177711671959e+02 1.198179201882214273e-10
1.427022715045298185e+02 1.165289848092005677e-10
1.428995977203630048e+02 1.133174407249614047e-10
1.430971967954511399e+02 1.101817738574748200e-10
1.432950691070990388e+02 1.071204948589072429e-10
1.434932150331334810e+02 1.041321386937951279e-10
1.436916349519036658e+02 1.012152642324013886e-10
1.438903292422818367e+02 9.836845385484831515e-11
1.440892982836645615e+02 9.559031306571654896e-11
1.442885424559726175e+02 9.287947011874428216e-11
1.444880621396522429e+02 9.023457565127948495e-11
1.446878577156757615e+02 8.765430232820965823e-11
1.448879295655421799e+02 8.513734449499762987e-11
1.450882780712784097e+02 8.268241783954759449e-11
1.452889036154392386e+02 8.028825906259325906e-11
1.454898065811085814e+02 7.795362555632232920e-11
1.456909873518999063e+02 7.567729509093206793e-11
1.458924463119576274e+02 7.345806550884847588e-11
1.460941838459568203e+02 7.129475442636551429e-11
1.462962003391047290e+02 6.918619894239137339e-11
1.464984961771411918e+02 6.713125535408179482e-11
1.467010717463392950e+02 6.512879887909974408e-11
1.469039274335067091e+02 6.317772338425905613e-11
1.471070636259855462e+02 6.127694112032562645e-11
1.473104807116536676e+02 5.942538246272109147e-11
1.475141790789252809e+02 5.762199565794197811e-11
1.477181591167515364e+02 5.586574657545297304e-11
1.479224212146218633e+02 5.415561846484086029e-11
1.481269657625638558e+02 5.249061171805787501e-11
1.483317931511445522e+02 5.086974363651548278e-11
1.485369037714710032e+02 4.929204820286200448e-11
1.487422980151910679e+02 4.775657585724931808e-11
1.489479762744944935e+02 4.626239327791319099e-11
1.491539389421129158e+02 4.480858316588905015e-11
1.493601864113212230e+02 4.339424403369001195e-11
1.495667190759380958e+02 4.201848999779351654e-11
1.497735373303266044e+02 4.068045057477177684e-11
1.499806415693956581e+02 3.937927048090521367e-11
1.501880321885996921e+02 3.811410943515630564e-11
1.503957095839402029e+02 3.688414196533158051e-11
1.506036741519662314e+02 3.568855721731192324e-11
1.508119262897749877e+02 3.452655876721192404e-11
1.510204663950133011e+02 3.339736443634738189e-11
1.512292948658773355e+02 3.230020610888057907e-11
1.514384121011140962e+02 3.123432955202597696e-11
1.516478185000218843e+02 3.019899423870924553e-11
1.518575144624510358e+02 2.919347317256414436e-11
1.520675003888052856e+02 2.821705271515999955e-11
1.522777766800415407e+02 2.726903241537689697e-11
1.524883437376712720e+02 2.634872484080850839e-11
1.526992019637612259e+02 2.545545984584944334e-11
1.529103517609338780e+02 2.458863730567610143e-11
1.531217935323689971e+02 2.374770135538249479e-11
1.533335276818033321e+02 2.293209596872240445e-11
1.535455546135320901e+02 2.214126485270325419e-11
1.537578747324095332e+02 2.137465227329890075e-11
1.539704884438495753e+02 2.063170383411249104e-11
1.541833961538272320e+02 1.991186720898225820e-11
1.543965982688783924e+02 1.921459282961057067e-11
1.546100951961012413e+02 1.853933452933274066e-11
1.548238873431569687e+02 1.788555014419661467e-11
1.550379751182702250e+02 1.725270207256769335e-11
1.552523589302306561e+02 1.664025779450048683e-11
1.554670391883927323e+02 1.604769035216219040e-11
1.556820163026770274e+02 1.547447879258989618e-11
1.558972906835711001e+02 1.492010857410525302e-11
1.561128627421298347e+02 1.438407193771177119e-11
1.563287328899770614e+02 1.386586824479872624e-11
1.565449015393052719e+02 1.336500428249680468e-11
1.567613691028771257e+02 1.288099453800491401e-11
1.569781359940260757e+02 1.241336144322636736e-11
1.571952026266568510e+02 1.196163559102053985e-11
1.574125694152471056e+02 1.152535592437693403e-11
1.576302367748471340e+02 1.110406989980388015e-11
1.578482051210812642e+02 1.069733362619010176e-11
1.580664748701485962e+02 1.030471198039313475e-11
1.582850464388235139e+02 9.925778700779177679e-12
1.585039202444573050e+02 9.560116459905642762e-12
1.587230967049777348e+02 9.207316917525545328e-12
1.589425762388907799e+02 8.866980755047294011e-12
1.591623592652809975e+02 8.538717692569817913e-12
1.593824462038123499e+02 8.222146489566462415e-12
1.596028374747296255e+02 7.916894930268888692e-12
1.598235334988580973e+02 7.622599794768867941e-12
1.600445346976052861e+02 7.338906816813595893e-12
1.602658414929612718e+02 7.065470629246942912e-12
1.604874543074996041e+02 6.801954698007273435e-12
1.607093735643785806e+02 6.548031245562463016e-12
1.609315996873411621e+02 6.303381164625399397e-12
1.611541331007164786e+02 6.067693922958106083e-12
1.613769742294201421e+02 5.840667460044270944e-12
1.616001234989558952e+02 5.622008076366483684e-12
1.618235813354153549e+02 5.411430316000642361e-12
1.620473481654794625e+02 5.208656843200421824e-12
1.622714244164192507e+02 5.013418313613312497e-12
1.624958105160962987e+02 4.825453240740519281e-12
1.627205068929643801e+02 4.644507858217056239e-12
1.629455139760692646e+02 4.470335978464052482e-12
1.631708321950500817e+02 4.302698848227380599e-12
1.633964619801401454e+02 4.141365001493811541e-12
1.636224037621674370e+02 3.986110110247103657e-12
1.638486579725562251e+02 3.836716833493579809e-12
1.640752250433268671e+02 3.692974664967923277e-12
1.643021054070972582e+02 3.554679779897798836e-12
1.645292994970834570e+02 3.421634881183919682e-12
1.647568077471004528e+02 3.293649045328460800e-12
1.649846305915636435e+02 3.170537568419531196e-12
1.652127684654885513e+02 3.052121812461218195e-12
1.654412218044924145e+02 2.938229052311872421e-12
1.656699910447948980e+02 2.828692323477700770e-12
1.658990766232185763e+02 2.723350270988014348e-12
1.661284789771906958e+02 2.622046999557445857e-12
1.663581985447427769e+02 2.524631925226987789e-12
1.665882357645122340e+02 2.430959628654077383e-12
1.668185910757430293e+02 2.340889710210427850e-12
1.670492649182862976e+02 2.254286647027263295e-12
1.672802577326019673e+02 2.171019652115045061e-12
1.675115699597584751e+02 2.090962535672163954e-12
1.677432020414343015e+02 2.013993568680441930e-12
1.679751544199187094e+02 1.939995348877291297e-12
1.682074275381124266e+02 1.868854669179825874e-12
1.684400218395290381e+02 1.800462388627364325e-12
1.686729377682949291e+02 1.734713305897276411e-12
1.689061757691508490e+02 1.671506035439887043e-12
1.691397362874524219e+02 1.610742886270408653e-12
1.693736197691710004e+02 1.552329743445541962e-12
1.696078266608951139e+02 1.496175952246256085e-12
1.698423574098303561e+02 1.442194205080980680e-12
1.700772124638007767e+02 1.390300431115218522e-12
1.703123922712497347e+02 1.340413688629364118e-12
1.705478972812405800e+02 1.292456060099596863e-12
1.707837279434579898e+02 1.246352549991856121e-12
1.710198847082080533e+02 1.202030985254179235e-12
1.712563680264196933e+02 1.159421918487529107e-12
1.714931783496452908e+02 1.118458533772664208e-12
1.717303161300615670e+02 1.079076555125332557e-12
1.719677818204709752e+02 1.041214157549608118e-12
1.722055758743015019e+02 1.004811880656745613e-12
1.724436987456084580e+02 9.698125448125528149e-13
1.726821508890748476e+02 9.361611697757570615e-13
1.729209327600123345e+02 9.038048957865695023e-13
1.731600448143626636e+02 8.726929070631425253e-13
1.733994875086975469e+02 8.427763576623862445e-13
1.736392613002201699e+02 8.140082996593184249e-13
1.738793666467660159e+02 7.863436135988349500e-13
1.741198040068033492e+02 7.597389411726520763e-13
1.743605738394350340e+02 7.341526200727466724e-13
1.746016766043982216e+02 7.095446209729807124e-13
1.748431127620659140e+02 6.858764865893893506e-13
1.750848827734477595e+02 6.631112727695677777e-13
1.753269871001906495e+02 6.412134915615548990e-13
1.755694262045804237e+02 6.201490562121988946e-13
1.758122005495415863e+02 5.998852280457277372e-13
1.760553105986389824e+02 5.803905651724254118e-13
1.762987568160784235e+02 5.616348729785026450e-13
1.765425396667074835e+02 5.435891563482602384e-13
1.767866596160170332e+02 5.262255735698389921e-13
1.770311171301410411e+02 5.095173918768021903e-13
1.772759126758582795e+02 4.934389445781151912e-13
1.775210467205929774e+02 4.779655897296385925e-13
1.777665197324154462e+02 4.630736703012483577e-13
1.780123321800438703e+02 4.487404757940099186e-13
1.782584845328439656e+02 4.349442052631639036e-13
1.785049772608306853e+02 4.216639317027728786e-13
1.787518108346689303e+02 4.088795677492871782e-13
1.789989857256742312e+02 3.965718326620443015e-13
1.792465024058143399e+02 3.847222205392413634e-13
1.794943613477092015e+02 3.733129697293334270e-13
1.797425630246323465e+02 3.623270333983563594e-13
1.799911079105116869e+02 3.517480512147072330e-13
1.802399964799308805e+02 3.415603221138651582e-13
1.804892292081294158e+02 3.317487781065161953e-13
1.807388065710040621e+02 3.222989590943688848e-13
1.809887290451096078e+02 3.131969886589155772e-13
1.812389971076596851e+02 3.044295507894541176e-13
1.814896112365283329e+02 2.959838675173915108e-13
1.817405719102498836e+02 2.878476774250876202e-13
1.819918796080204970e+02 2.800092149980069780e-13
1.822435348096989571e+02 2.724571907902371288e-13
1.824955379958074957e+02 2.651807723741598064e-13
1.827478896475332419e+02 2.581695660458558048e-13
1.830005902467282226e+02 2.514135992589278534e-13
1.832536402759109251e+02 2.449033037600919824e-13
1.835070402182670364e+02 2.386294994007975417e-13
1.837607905576501821e+02 2.325833786000001725e-13
1.840148917785837170e+02 2.267564914339678754e-13
1.842693443662602704e+02 2.211407313298916146e-13
1.845241488065437352e+02 2.157283213407107655e-13
1.847793055859696949e+02 2.105118009794516515e-13
1.850348151917464463e+02 2.054840135921353302e-13
1.852906781117564492e+02 2.006380942488967668e-13
1.855468948345563263e+02 1.959674581338826837e-13
1.858034658493783979e+02 1.914657894150042334e-13
1.860603916461315350e+02 1.871270305754266213e-13
1.863176727154017556e+02 1.829453721892811972e-13
1.865753095484541291e+02 1.789152431247417933e-13
1.868333026372324355e+02 1.750313011583048948e-13
1.870916524743608704e+02 1.712884239845803580e-13
1.873503595531448411e+02 1.676817006066497076e-13
1.876094243675717053e+02 1.642064230925658556e-13
1.878688474123124763e+02 1.608580786840899669e-13
1.881286291827215678e+02 1.576323422444340174e-13
1.883887701748386121e+02 1.545250690321497769e-13
1.886492708853891145e+02 1.515322877889987199e-13
1.889101318117852486e+02 1.486501941300027178e-13
1.891713534521276756e+02 1.458751442244341297e-13
1.894329363052050894e+02 1.432036487570222118e-13
1.896948808704961777e+02 1.406323671589971866e-13
1.899571876481703327e+02 1.381581020991790664e-13
1.902198571390883046e+02 1.357777942256920537e-13
1.904828898448040206e+02 1.334885171493032257e-13
1.907462862675644431e+02 1.312874726598692626e-13
1.910100469103111038e+02 1.291719861676993605e-13
1.912741722766810994e+02 1.271395023621300218e-13
1.915386628710076877e+02 1.251875810799109228e-13
1.918035191983221068e+02 1.233138933764533160e-13
1.920687417643534047e+02 1.215162177933249890e-13
1.923343310755300593e+02 1.197922916321714303e-13
1.926002876389809160e+02 1.181393752971221069e-13
1.928666119625357851e+02 1.165547175265836332e-13
1.931333045547273457e+02 1.150357036021317280e-13
1.934003659247908615e+02 1.135798478498465834e-13
1.936677965826659431e+02 1.121847865920293599e-13
1.939355970389973720e+02 1.108482715197311793e-13
1.942037678051357545e+02 1.095681634584609952e-13
1.944723093931395113e+02 1.083424265014239735e-13
1.947412223157743938e+02 1.071691224864339048e-13
1.950105070865155312e+02 1.060464057942301800e-13
1.952801642195479417e+02 1.049725184475353137e-13
1.955501942297675555e+02 1.039457854915555971e-13
1.958205976327828637e+02 1.029646106379724764e-13
1.960913749449146906e+02 1.020274721556605165e-13
1.963625266831980696e+02 1.011329189925223357e-13
1.966340533653829539e+02 1.002795671138690033e-13
1.969059555099350405e+02 9.946609604374381429e-14
1.971782336360375609e+02 9.869124559649570006e-14
1.974508882635910538e+02 9.795381278674597238e-14
1.977239199132151555e+02 9.725264890667575919e-14
1.979973291062494525e+02 9.658665676027492523e-14
1.982711163647541639e+02 9.595478804487457991e-14
1.985452822115120171e+02 9.535604087092051695e-14
1.988198271700281339e+02 9.478945741150816390e-14
1.990947517645315656e+02 9.425412167376239969e-14
1.993700565199762025e+02 9.374915738463452778e-14
1.996457419620423366e+02 9.327372598417499691e-14
1.999218086171366338e+02 9.282702471977229033e-14
2.001982570123937819e+02 9.240828483524833772e-14
2.004750876756774858e+02 9.201676984911050702e-14
2.007523011355810922e+02 9.165177391657749422e-14
2.010298979214294945e+02 9.131262027036807723e-14
2.013078785632789049e+02 9.099865973552854261e-14
2.015862435919187874e+02 9.070926931386524785e-14
2.018649935388724543e+02 9.044385083383792194e-14
2.021441289363980331e+02 9.020182966200426080e-14
2.024236503174902850e+02 8.998265347235411465e-14
2.027035582158803777e+02 8.978579107008950466e-14
2.029838531660376759e+02 8.961073126662546638e-14
2.032645357031706510e+02 8.945698180276275386e-14
2.035456063632275630e+02 8.932406831718534851e-14
2.038270656828985068e+02 8.921153335760597213e-14
2.041089141996149863e+02 8.911893543202511378e-14
2.043911524515519034e+02 8.904584809775188162e-14
2.046737809776283257e+02 8.899185908594789232e-14
2.049568003175083390e+02 8.895656945961400357e-14
2.052402110116028666e+02 8.893959280305079173e-14
2.055240136010695267e+02 8.894055444095044998e-14
2.058082086278143947e+02 8.895909068538553445e-14
2.060927966344928848e+02 8.899484810908087692e-14
2.063777781645106302e+02 8.904748284343053700e-14
2.066631537620252459e+02 8.911665989984192651e-14
2.069489239719462148e+02 8.920205251306816322e-14
2.072350893399366782e+02 8.930334150527613194e-14
2.075216504124143455e+02 8.942021466967596112e-14
2.078086077365522613e+02 8.955236617263328323e-14
2.080959618602807950e+02 8.969949597323017693e-14
2.083837133322872148e+02 8.986130925933772537e-14
2.086718627020178758e+02 9.003751589932070527e-14
2.089604105196787884e+02 9.022782990855098746e-14
2.092493573362366135e+02 9.043196892998615064e-14
2.095387037034204809e+02 9.064965372811387285e-14
2.098284501737218193e+02 9.088060769562284536e-14
2.101185973003962886e+02 9.112455637222690309e-14
2.104091456374645190e+02 9.138122697510250006e-14
2.107000957397130492e+02 9.165034794047012634e-14
2.109914481626961731e+02 9.193164847588705507e-14
2.112832034627358269e+02 9.222485812286637961e-14
2.115753621969233791e+02 9.252970632949760802e-14
2.118679249231205404e+02 9.284592203277200104e-14
2.121608921999601876e+02 9.317323325036485033e-14
2.124542645868483532e+02 9.351136668167552538e-14
2.127480426439639132e+02 9.386004731796513138e-14
2.130422269322606610e+02 9.421899806146061262e-14
2.133368180134679335e+02 9.458793935334867448e-14
2.136318164500916907e+02 9.496658881061895784e-14
2.139272228054163634e+02 9.535466087173854280e-14
2.142230376435045685e+02 9.575186645119924436e-14
2.145192615291991842e+02 9.615791260298828806e-14
2.148158950281240891e+02 9.657250219310281526e-14
2.151129387066851564e+02 9.699533358121932737e-14
2.154103931320720164e+02 9.742610031170363461e-14
2.157082588722580851e+02 9.786449081414880554e-14
2.160065364960022407e+02 9.831018811368023697e-14
2.163052265728499037e+02 9.876286955128537895e-14
2.166043296731338614e+02 9.922220651445878162e-14
2.169038463679761151e+02 9.968786417848617468e-14
2.172037772292878230e+02 1.001595012587177705e-13
2.175041228297711768e+02 1.006367697741947775e-13
2.178048837429202820e+02 1.011193148230472208e-13
2.181060605430220107e+02 1.016067743700772647e-13
2.184076538051580769e+02 1.020987790469802016e-13
2.187096641052046664e+02 1.025949519656804860e-13
2.190120920198345686e+02 1.030949085452707605e-13
2.193149381265179443e+02 1.035982563530703807e-13
2.196182030035232344e+02 1.041045949603358769e-13
2.199218872299192640e+02 1.046135158131738887e-13
2.202259913855747868e+02 1.051246021192155780e-13
2.205305160511606744e+02 1.056374287506367455e-13
2.208354618081507681e+02 1.061515621641146768e-13
2.211408292388226471e+02 1.066665603383185262e-13
2.214466189262598448e+02 1.071819727295408139e-13
2.217528314543513943e+02 1.076973402460907986e-13
2.220594674077940169e+02 1.082121952420662251e-13
2.223665273720926905e+02 1.087260615311191744e-13
2.226740119335626673e+02 1.092384544208469786e-13
2.229819216793293037e+02 1.097488807684080255e-13
2.232902571973300212e+02 1.102568390579955357e-13
2.235990190763153009e+02 1.107618195007530058e-13
2.239082079058494514e+02 1.112633041577289599e-13
2.242178242763126548e+02 1.117607670864591197e-13
2.245278687789009098e+02 1.122536745117187552e-13
2.248383420056277942e+02 1.127414850209987818e-13
2.251492445493256298e+02 1.132236497852216961e-13
2.254605770036461934e+02 1.136996128051815204e-13
2.257723399630628478e+02 1.141688111841835475e-13
2.260845340228703719e+02 1.146306754272900289e-13
2.263971597791868362e+02 1.150846297675946478e-13
2.267102178289546544e+02 1.155300925198458788e-13
2.270237087699414644e+02 1.159664764617547836e-13
2.273376332007421752e+02 1.163931892432344907e-13
2.276519917207786818e+02 1.168096338237877213e-13
2.279667849303020830e+02 1.172152089381983166e-13
2.282820134303933628e+02 1.176093095906296086e-13
2.285976778229645561e+02 1.179913275771677006e-13
2.289137787107606243e+02 1.183606520367836841e-13
2.292303166973593420e+02 1.187166700306124775e-13
2.295472923871733428e+02 1.190587671494063434e-13
2.298647063854509724e+02 1.193863281488917670e-13
2.301825592982773401e+02 1.196987376127328057e-13
2.305008517325762796e+02 1.199953806427015568e-13
2.308195842961102073e+02 1.202756435755529937e-13
2.311387575974821971e+02 1.205389147260574196e-13
2.314583722461368041e+02 1.207845851555136332e-13
2.317784288523611451e+02 1.210120494649958501e-13
2.320989280272869166e+02 1.212207066124940222e-13
2.324198703828901955e+02 1.214099607529857749e-13
2.327412565319935140e+02 1.215792221004277227e-13
2.330630870882667693e+02 1.217279078104999599e-13
2.333853626662281897e+02 1.218554428828723476e-13
2.337080838812465799e+02 1.219612610816607213e-13
2.340312513495407813e+02 1.220448058726080601e-13
2.343548656881820591e+02 1.221055313754614905e-13
2.346789275150950118e+02 1.221429033298924785e-13
2.350034374490583104e+02 1.221564000732053059e-13
2.353283961097071142e+02 1.221455135279955680e-13
2.356538041175326157e+02 1.221097501977956550e-13
2.359796620938842580e+02 1.220486321686857891e-13
2.363059706609706723e+02 1.219616981147079508e-13
2.366327304418606445e+02 1.218485043048647228e-13
2.369599420604852753e+02 1.217086256093942741e-13
2.372876061416376388e+02 1.215416565028985341e-13
2.376157233109750280e+02 1.213472120618659861e-13
2.379442941950199497e+02 1.211249289540168892e-13
2.382733194211609202e+02 1.208744664168540297e-13
2.386027996176547674e+02 1.205955072227313990e-13
2.389327354136263182e+02 1.202877586276905362e-13
2.392631274390706153e+02 1.199509533012723488e-13
2.395939763248538270e+02 1.195848502344695590e-13
2.399252827027142132e+02 1.191892356229409777e-13
2.402570472052643424e+02 1.187639237225942139e-13
2.405892704659908361e+02 1.183087576746213941e-13
2.409219531192564716e+02 1.178236102970642572e-13
2.412550958003012909e+02 1.173083848399788597e-13
2.415886991452434245e+02 1.167630157013061981e-13
2.419227637910813939e+02 1.161874734046535619e-13
2.422572903756937706e+02 1.155819755239009573e-13
2.425922795378415060e+02 1.149470766670680276e-13
2.429277319171686997e+02 1.142833764787216331e-13
2.432636481542037643e+02 1.135914942091805749e-13
2.436000288903615854e+02 1.128720677859619895e-13
2.439368747679431806e+02 1.121257528688474936e-13
2.442741864301380303e+02 1.113532218904467215e-13
2.446119645210249871e+02 1.105551630841525554e-13
2.449502096855732418e+02 1.097322795013486110e-13
2.452889225696446545e+02 1.088852880197602272e-13
2.456281038199933846e+02 1.080149183448044215e-13
2.459677540842681367e+02 1.071219120057937717e-13
2.463078740110129843e+02 1.062070213488185996e-13
2.466484642496694732e+02 1.052710085281173193e-13
2.469895254505765081e+02 1.043146444977276823e-13
2.473310582649724552e+02 1.033387080051507415e-13
2.476730633449962795e+02 1.023439845887635328e-13
2.480155413436883691e+02 1.013312655806535160e-13
2.483584929149929508e+02 1.003013471165122973e-13
2.487019187137577205e+02 9.925502915419017520e-14
2.490458193957361743e+02 9.819311450246856685e-14
2.493901956175885175e+02 9.711640786153165893e-14
2.497350480368827732e+02 9.602571487661376452e-14
2.500803773120969709e+02 9.492184120619139453e-14
2.504261841026189188e+02 9.380559160608939243e-14
2.507724690687484781e+02 9.267776903075701163e-14
2.511192328716985571e+02 9.153917375294651473e-14
2.514664761735960781e+02 9.039060250296760234e-14
2.518141996374843927e+02 8.923284762858716478e-14
2.521624039273228561e+02 8.806669627664300448e-14
2.525110897079892140e+02 8.689292959731043766e-14
2.528602576452806261e+02 8.571232197194913492e-14
2.532099084059145753e+02 8.452564026535153749e-14
2.535600426575313406e+02 8.333364310316844445e-14
2.539106610686935426e+02 8.213708017522695871e-14
2.542617643088885586e+02 8.093669156535769346e-14
2.546133530485295751e+02 7.973320710831378446e-14
2.549654279589564680e+02 7.852734577428887650e-14
2.553179897124382762e+02 7.731981508145406067e-14
2.556710389821728029e+02 7.611131053690996016e-14
2.560245764422891170e+02 7.490251510633232517e-14
2.563786027678482355e+02 7.369409871258371665e-14
2.567331186348446863e+02 7.248671776344782686e-14
2.570881247202082136e+02 7.128101470861310891e-14
2.574436217018040907e+02 7.007761762597055314e-14
2.577996102584349956e+02 6.887713983721507141e-14
2.581560910698423754e+02 6.768017955269656886e-14
2.585130648167072991e+02 6.648731954540159162e-14
2.588705321806527877e+02 6.529912685390745002e-14
2.592284938442438147e+02 6.411615251408336720e-14
2.595869504909891816e+02 6.293893131925626618e-14
2.599459028053431098e+02 6.176798160854751185e-14
2.603053514727057518e+02 6.060380508299063310e-14
2.606652971794259770e+02 5.944688664903269137e-14
2.610257406128009166e+02 5.829769428896831992e-14
2.613866824610782373e+02 5.715667895781076376e-14
2.617481234134575061e+02 5.602427450607171200e-14
2.621100641600908148e+02 5.490089762788618961e-14
2.624725053920855657e+02 5.378694783388354258e-14
2.628354478015039035e+02 5.268280744818439591e-14
2.631988920813652157e+02 5.158884162885280025e-14
2.635628389256472133e+02 5.050539841112562653e-14
2.639272890292869533e+02 4.943280877272766773e-14
2.642922430881832838e+02 4.837138672051297050e-14
2.646577017991965022e+02 4.732142939771531563e-14
2.650236658601506861e+02 4.628321721102655340e-14
2.653901359698350575e+02 4.525701397672036347e-14
2.657571128280045514e+02 4.424306708504266340e-14
2.661245971353828281e+02 4.324160768204575753e-14
2.664925895936615348e+02 4.225285086808017378e-14
2.668610909055028060e+02 4.127699591209863028e-14
2.672301017745405147e+02 4.031422648096479915e-14
2.675996229053812385e+02 3.936471088294414849e-14
2.679696550036066469e+02 3.842860232453594318e-14
2.683401987757732172e+02 3.750603917983947558e-14
2.687112549294148494e+02 3.659714527161591643e-14
2.690828241730437185e+02 3.570203016324288966e-14
2.694549072161513550e+02 3.482078946073949404e-14
2.698275047692113162e+02 3.395350512405761954e-14
2.702006175436787885e+02 3.310024578686468236e-14
2.705742462519929177e+02 3.226106708400273385e-14
2.709483916075780598e+02 3.143601198587590129e-14
2.713230543248448043e+02 3.062511113900167224e-14
2.716982351191923044e+02 2.982838321197484382e-14
2.720739347070084477e+02 2.904583524612211473e-14
2.724501538056716186e+02 2.827746301013511416e-14
2.728268931335522325e+02 2.752325135797853195e-14
2.732041534100146123e+02 2.678317458940496387e-14
2.735819353554172721e+02 2.605719681241381937e-14
2.739602396911147935e+02 2.534527230701876027e-14
2.743390671394594165e+02 2.464734588970049239e-14
2.747184184238020066e+02 2.396335327795218195e-14
2.750982942684942714e+02 2.329322145433997508e-14
2.754786953988889877e+02 2.263686902952649960e-14
2.758596225413419916e+02 2.199420660372013818e-14
2.762410764232135989e+02 2.136513712604505969e-14
2.766230577728696289e+02 2.074955625134634512e-14
2.770055673196839621e+02 2.014735269395894243e-14
2.773886057940381420e+02 1.955840857800753308e-14
2.777721739273238768e+02 1.898259978381510853e-14
2.781562724519443464e+02 1.841979629002274043e-14
2.785409021013152255e+02 1.786986251105165096e-14
2.789260636098670716e+02 1.733265762955678948e-14
2.793117577130452673e+02 1.680803592354474965e-14
2.796979851473123517e+02 1.629584708784930845e-14
2.800847466501492704e+02 1.579593654968276815e-14
2.804720429600564557e+02 1.530814577800549383e-14
2.808598748165563848e+02 1.483231258646629456e-14
2.812482429601932381e+02 1.436827142970468520e-14
2.816371481325356285e+02 1.391585369280686574e-14
2.820265910761773966e+02 1.347488797374830760e-14
2.824165725347390890e+02 1.304520035865595593e-14
2.828070932528702883e+02 1.262661468975438759e-14
2.831981539762495572e+02 1.221895282588178455e-14
2.835897554515865977e+02 1.182203489546343768e-14
2.839818984266238999e+02 1.143567954186520931e-14
2.843745836501375379e+02 1.105970416106145995e-14
2.847678118719397844e+02 1.069392513155983823e-14
2.851615838428789402e+02 1.033815803655525456e-14
2.855559003148418924e+02 9.992217878290069909e-15
2.859507620407550803e+02 9.655919284615140261e-15
2.863461697745859738e+02 9.329076707763453436e-15
2.867421242713453466e+02 9.011504615354476774e-15
2.871386262870871633e+02 8.703017673672221261e-15
2.875356765789111364e+02 8.403430923254972616e-15
2.879332759049639208e+02 8.112559946862508722e-15
2.883314250244401364e+02 7.830221029887211303e-15
2.887301246975851541e+02 7.556231313290528044e-15
2.891293756856947539e+02 7.290408939154789444e-15
2.895291787511176267e+02 7.032573188945214896e-15
2.899295346572566814e+02 6.782544614595253536e-15
2.903304441685701818e+02 6.540145162524461065e-15
2.907319080505741908e+02 6.305198290713036674e-15
2.911339270698426276e+02 6.077529078962874451e-15
2.915365019940096545e+02 5.856964332477927700e-15
2.919396335917708143e+02 5.643332678904525869e-15
2.923433226328844512e+02 5.436464658976729806e-15
2.927475698881740414e+02 5.236192810917517689e-15
2.931523761295281361e+02 5.042351748748263187e-15
2.935577421299030334e+02 4.854778234662985896e-15
2.939636686633235740e+02 4.673311245629726339e-15
2.943701565048849602e+02 4.497792034379235584e-15
2.947772064307548590e+02 4.328064184946179571e-15
2.951848192181733452e+02 4.163973662931833727e-15
2.955929956454555168e+02 4.005368860651277302e-15
2.960017364919928582e+02 3.852100637337573443e-15
2.964110425382541507e+02 3.704022354569630776e-15
2.968209145657883141e+02 3.560989907094160966e-15
2.972313533572241226e+02 3.422861749210012058e-15
2.976423596962728197e+02 3.289498916883267859e-15
2.980539343677293687e+02 3.160765045760540787e-15
2.984660781574735324e+02 3.036526385248207906e-15
2.988787918524729434e+02 2.916651808820549056e-15
2.992920762407821940e+02 2.801012820722206119e-15
2.997059321115461330e+02 2.689483559225770316e-15
3.001203602550007759e+02 2.581940796603582405e-15
3.005353614624744978e+02 2.478263935971678478e-15
3.009509365263908194e+02 2.378335005160416857e-15
3.013670862402681223e+02 2.282038647764045696e-15
3.017838113987224915e+02 2.189262111517779441e-15
3.022011127974685110e+02 2.099895234149472787e-15
3.026189912333209691e+02 2.013830426849229344e-15
3.030374475041974165e+02 1.930962655495819628e-15
3.034564824091176547e+02 1.851189419778461547e-15
3.038760967482068054e+02 1.774410730345636290e-15
3.042962913226959927e+02 1.700529084111665521e-15
3.047170669349252989e+02 1.629449802815248063e-15
3.051384243883432532e+02 1.561083878792460447e-15
3.055603644875097871e+02 1.495345833513124685e-15
3.059828880380971441e+02 1.432151731214748265e-15
3.064059958468916420e+02 1.371419210380943349e-15
3.068296887217958329e+02 1.313067528878968214e-15
3.072539674718287870e+02 1.257017602621279574e-15
3.076788329071282533e+02 1.203192038092260163e-15
3.081042858389525350e+02 1.151515159077430235e-15
3.085303270796812853e+02 1.101913027924617437e-15
3.089569574428183500e+02 1.054313461661120714e-15
3.093841777429916533e+02 1.008646043283066578e-15
3.098119887959558696e+02 9.648421285246886314e-16
3.102403914185936742e+02 9.228348484070361777e-16
3.106693864289169369e+02 8.825591078566991867e-16
3.110989746460697916e+02 8.439515806756027141e-16
3.115291568903278971e+02 8.069507011334980628e-16
3.119599339831015641e+02 7.714966524443873026e-16
3.123913067469370617e+02 7.375313523788615616e-16
3.128232760055175277e+02 7.049984362537888033e-16
3.132558425836662650e+02 6.738432375302790739e-16
3.136890073073459462e+02 6.440127662413890719e-16
3.141227710036618532e+02 6.154556854602681269e-16
3.145571345008629009e+02 5.881222860093954144e-16
3.149920986283430011e+02 5.619644596018613589e-16
3.154276642166438478e+02 5.369356705953162435e-16
3.158638320974546900e+02 5.129909265301773713e-16
3.163006031036151171e+02 4.900867476131459607e-16
3.167379780691163660e+02 4.681811352987047848e-16
3.171759578291025718e+02 4.472335401118401883e-16
3.176145432198736671e+02 4.272048288460728927e-16
3.180537350788850404e+02 4.080572512628617067e-16
3.184935342447503785e+02 3.897544064097479503e-16
3.189339415572430312e+02 3.722612086665509780e-16
3.193749578572972609e+02 3.555438536214992929e-16
3.198165839870110858e+02 3.395697838712750414e-16
3.202588207896460517e+02 3.243076548323806817e-16
3.207016691096299610e+02 3.097273006436333372e-16
3.211451297925584640e+02 2.957997002336178036e-16
3.215892036851959688e+02 2.824969436205740203e-16
3.220338916354788239e+02 2.697921985058367921e-16
3.224791944925150347e+02 2.576596772167989733e-16
3.229251131065868208e+02 2.460746040496381478e-16
3.233716483291523218e+02 2.350131830569834420e-16
3.238188010128467340e+02 2.244525663210611427e-16
3.242665720114852093e+02 2.143708227479776568e-16
3.247149621800625141e+02 2.047469074150022231e-16
3.251639723747560993e+02 1.955606314980635746e-16
3.256136034529272365e+02 1.867926328034315690e-16
3.260638562731224397e+02 1.784243469237131021e-16
3.265147316950765344e+02 1.704379790351441859e-16
3.269662305797119188e+02 1.628164763499659522e-16
3.274183537891419746e+02 1.555435012348365106e-16
3.278711021866722035e+02 1.486034050037213942e-16
3.283244766368014780e+02 1.419812023909730599e-16
3.287784780052249971e+02 1.356625467082944913e-16
3.292331071588342866e+02 1.296337056871400985e-16
3.296883649657196429e+02 1.238815380060305040e-16
3.301442522951718956e+02 1.183934705007464234e-16
3.306007700176835442e+02 1.131574760536226766e-16
3.310579190049518843e+02 1.081620521567679800e-16
3.315157001298783825e+02 1.033962001427363765e-16
3.319741142665720304e+02 9.884940507493361642e-17
3.324331622903505377e+02 9.451161628912317332e-17
3.328928450777414696e+02 9.037322857631934196e-17
3.333531635064856573e+02 8.642506399659329185e-17
3.338141184555365157e+02 8.265835431266216181e-17
3.342757108050632269e+02 7.906472403131334236e-17
3.347379414364521608e+02 7.563617404039353491e-17
3.352008112323078990e+02 7.236506582848082209e-17
3.356643210764567016e+02 6.924410627402762318e-17
3.361284718539457685e+02 6.626633299050869142e-17
3.365932644510467071e+02 6.342510021371381768e-17
3.370586997552560433e+02 6.071406521733730512e-17
3.375247786552986327e+02 5.812717524269781354e-17
3.379915020411273758e+02 5.565865492851662635e-17
3.384588708039258336e+02 5.330299422648806764e-17
3.389268858361101593e+02 5.105493678854719004e-17
3.393955480313300654e+02 4.890946881165334341e-17
3.398648582844718931e+02 4.686180832607655850e-17
3.403348174916586686e+02 4.490739491329679064e-17
3.408054265502526050e+02 4.304187983968511021e-17
3.412766863588569777e+02 4.126111659241731569e-17
3.417485978173172043e+02 3.956115180418707928e-17
3.422211618267240283e+02 3.793821655353338844e-17
3.426943792894132912e+02 3.638871802781673163e-17
3.431682511089686614e+02 3.490923153611860504e-17
3.436427781902235665e+02 3.349649285962123049e-17
3.441179614392619897e+02 3.214739092726001591e-17
3.445938017634221069e+02 3.085896080473798811e-17
3.450703000712955486e+02 2.962837698529862088e-17
3.455474572727307532e+02 2.845294697088548666e-17
3.460252742788342744e+02 2.733010513267747849e-17
3.465037520019721455e+02 2.625740684024574570e-17
3.469828913557731198e+02 2.523252284890124163e-17
3.474626932551281584e+02 2.425323393508938013e-17
3.479431586161937275e+02 2.331742576999196306e-17
3.484242883563931059e+02 2.242308402181381347e-17
3.489060833944178626e+02 2.156828967750404281e-17
3.493885446502309833e+02 2.075121457497143687e-17
3.498716730450664159e+02 1.997011713716210284e-17
3.503554695014324238e+02 1.922333829961567801e-17
3.508399349431127803e+02 1.850929762344597213e-17
3.513250702951684730e+02 1.782648958594052652e-17
3.518108764839405467e+02 1.717348004126644109e-17
3.522973544370499894e+02 1.654890284403145687e-17
3.527845050834008021e+02 1.595145662871258589e-17
3.532723293531815898e+02 1.537990173822715967e-17
3.537608281778665855e+02 1.483305729517469418e-17
3.542500024902194014e+02 1.430979840951141635e-17
3.547398532242922329e+02 1.380905351667731642e-17
3.552303813154292129e+02 1.332980184041204327e-17
3.557215877002679463e+02 1.287107097473047209e-17
3.562134733167407603e+02 1.243193457974930021e-17
3.567060391040780587e+02 1.201151018626102454e-17
3.571992860028078667e+02 1.160895710417597872e-17
3.576932149547592417e+02 1.122347443012810108e-17
3.581878269030634101e+02 1.085429914975634487e-17
3.586831227921555296e+02 1.050070433035239781e-17
3.591791035677777586e+02 1.016199739974088882e-17
3.596757701769788582e+02 9.837518507445179535e-18
3.601731235681175463e+02 9.526638964351330290e-18
3.606711646908639182e+02 9.228759757247208670e-18
3.611698944962009250e+02 8.943310134775756816e-18
3.616693139364276135e+02 8.669746261484510092e-18
3.621694239651586713e+02 8.407549936810361394e-18
3.626702255373279513e+02 8.156227375962941958e-18
3.631717196091895516e+02 7.915308049821010170e-18
3.636739071383197484e+02 7.684343581075676769e-18
3.641767890836197807e+02 7.462906693981051904e-18
3.646803664053159650e+02 7.250590215194975670e-18
3.651846400649626503e+02 7.047006123304969638e-18
3.656896110254438099e+02 6.851784644744311780e-18
3.661952802509745197e+02 6.664573393912748048e-18
3.667016487071043116e+02 6.485036555411848387e-18
3.672087173607166619e+02 6.312854106410969619e-18
3.677164871800324590e+02 6.147721077242610329e-18
3.682249591346114244e+02 5.989346848424075954e-18
3.687341341953536471e+02 5.837454482385873643e-18
3.692440133345028244e+02 5.691780088264807519e-18
3.697545975256458632e+02 5.552072218207102053e-18
3.702658877437164620e+02 5.418091293693052379e-18
3.707778849649963604e+02 5.289609060474842929e-18
3.712905901671168749e+02 5.166408070782699117e-18
3.718040043290623089e+02 5.048281191523165362e-18
3.723181284311696686e+02 4.935031137259391458e-18
3.728329634551317326e+02 4.826470026816273085e-18
3.733485103839985868e+02 4.722418962421533385e-18
3.738647702021806367e+02 4.622707630341673396e-18
3.743817438954484373e+02 4.527173922029560951e-18
3.748994324509360467e+02 4.435663574849355535e-18
3.754178368571425040e+02 4.348029831495388185e-18
3.759369581039333070e+02 4.264133117267971853e-18
3.764567971825438804e+02 4.183840734413362461e-18
3.769773550855792337e+02 4.107026572781098241e-18
3.774986328070172021e+02 4.033570836090977384e-18
3.780206313422101516e+02 3.963359783144034113e-18
3.785433516878864566e+02 3.896285483349964286e-18
3.790667948421537972e+02 3.832245585979995827e-18
3.795909618044989315e+02 3.771143102592532948e-18
3.801158535757911068e+02 3.712886202110203360e-18
3.806414711582834229e+02 3.657388018064149721e-18
3.811678155556146521e+02 3.604566467551722996e-18
3.816948877728124785e+02 3.554344081486488572e-18
3.822226888162931004e+02 3.506647845750282379e-18
3.827512196938648117e+02 3.461409052886531012e-18
3.832804814147295360e+02 3.418563159569627591e-18
3.838104749894842485e+02 3.378042491514860059e-18
3.843412014301244994e+02 3.339762094626083291e-18
3.848726617500441307e+02 3.303638009806086692e-18
3.854048569640385722e+02 3.269591183810641880e-18
3.859377880883065473e+02 3.237547182411726490e-18
3.864714561404516644e+02 3.207435922714262238e-18
3.870058621394857141e+02 3.179191423234626735e-18
3.875410071058283279e+02 3.152751570456933869e-18
3.880768920613107298e+02 3.128057900680112888e-18
3.886135180291769871e+02 3.105055396061549027e-18
3.891508860340856586e+02 3.083692293843085226e-18
3.896889971021135466e+02 3.063919907823936091e-18
3.902278522607549007e+02 3.045692461213470072e-18
3.907674525389252835e+02 3.028966930061257064e-18
3.913077989669630483e+02 3.013702896521620341e-18
3.918488925766308171e+02 2.999862411262901390e-18
3.923907344011190617e+02 2.987409864383378187e-18
3.929333254750459332e+02 2.976311864240012254e-18
3.934766668344604454e+02 2.966537123639784000e-18
3.940207595168442936e+02 2.958056352881514645e-18
3.945656045611133891e+02 2.950842159172770103e-18
3.951112030076214410e+02 2.944868951978802427e-18
3.956575558981595577e+02 2.940112853891484957e-18
3.962046642759598853e+02 2.936551616634004685e-18
3.967525291856969147e+02 2.934164541843229052e-18
3.973011516734894712e+02 2.932932406295333339e-18
3.978505327869041821e+02 2.932837391262945685e-18
3.984006735749548511e+02 2.933863015711287169e-18
3.989515750881063809e+02 2.935994073061015121e-18
3.995032383782761940e+02 2.939216571261810118e-18
4.000556644988358244e+02 2.943517675937122511e-18
4.006088545046147829e+02 2.948885656375523142e-18
4.011628094518997045e+02 2.955309834157250462e-18
4.017175303984384414e+02 2.962780534218088251e-18
4.022730184034414265e+02 2.971289038163352741e-18
4.028292745275833227e+02 2.980827539656555029e-18
4.033862998330067171e+02 2.991389101716670850e-18
4.039440953833216668e+02 3.002967615767442307e-18
4.045026622436094499e+02 3.015557762291026619e-18
4.050620014804240441e+02 3.029154972945518792e-18
4.056221141617937747e+02 3.043755394014131216e-18
4.061830013572252369e+02 3.059355851059836295e-18
4.067446641377025003e+02 3.075953814666350673e-18
4.073071035756910874e+02 3.093547367151515318e-18
4.078703207451394519e+02 3.112135170145406992e-18
4.084343167214807409e+02 3.131716432929734374e-18
4.089990925816363756e+02 3.152290881440589571e-18
4.095646494040157108e+02 3.173858727840734846e-18
4.101309882685196158e+02 3.196420640571688193e-18
4.106981102565424635e+02 3.219977714800005943e-18
4.112660164509733249e+02 3.244531443175568708e-18
4.118347079361999477e+02 3.270083686823655971e-18
4.124041857981084718e+02 3.296636646494874897e-18
4.129744511240867837e+02 3.324192833801849207e-18
4.135455050030265056e+02 3.352755042471972232e-18
4.141173485253245303e+02 3.382326319551333795e-18
4.146899827828868297e+02 3.412909936495839983e-18
4.152634088691278293e+02 3.444509360087671479e-18
4.158376278789745584e+02 3.477128223120686556e-18
4.164126409088674450e+02 3.510770294797062054e-18
4.169884490567644661e+02 3.545439450783496984e-18
4.175650534221405223e+02 3.581139642875492073e-18
4.181424551059912460e+02 3.617874868221659094e-18
4.187206552108348205e+02 3.655649138062740911e-18
4.192996548407134014e+02 3.694466445941632498e-18
4.198794551011971521e+02 3.734330735344713364e-18
4.204600570993837323e+02 3.775245866735216279e-18
4.210414619439019930e+02 3.817215583945272884e-18
4.216236707449139658e+02 3.860243479892437832e-18
4.222066846141161705e+02 3.904332961592478899e-18
4.227905046647438212e+02 3.949487214441006277e-18
4.233751320115700310e+02 3.995709165740407738e-18
4.239605677709099609e+02 4.043001447452823416e-18
4.245468130606224122e+02 4.091366358160840779e-18
4.251338690001113605e+02 4.140805824223225613e-18
4.257217367103301626e+02 4.191321360115708842e-18
4.263104173137807038e+02 4.242914027950547575e-18
4.268999119345177178e+02 4.295584396172848171e-18
4.274902216981499805e+02 4.349332497435967829e-18
4.280813477318425839e+02 4.404157785661636131e-18
4.286732911643203465e+02 4.460059092296920665e-18
4.292660531258676997e+02 4.517034581781364148e-18
4.298596347483323257e+02 4.575081706247240130e-18
4.304540371651271471e+02 4.634197159477096162e-18
4.310492615112316912e+02 4.694376830148746779e-18
4.316453089231965237e+02 4.755615754405992267e-18
4.322421805391422254e+02 4.817908067794749661e-18
4.328398774987637694e+02 4.881246956614307330e-18
4.334384009433320557e+02 4.945624608736542182e-18
4.340377520156955029e+02 5.011032163953817132e-18
4.346379318602844251e+02 5.077459663922209104e-18
4.352389416231101222e+02 5.144896001772860783e-18
4.358407824517690869e+02 5.213328871472385234e-18
4.364434554954447094e+02 5.282744717019041859e-18
4.370469619049089260e+02 5.353128681568726070e-18
4.376513028325263690e+02 5.424464556592332357e-18
4.382564794322536841e+02 5.496734731173150193e-18
4.388624928596437940e+02 5.569920141561328430e-18
4.394693442718474330e+02 5.644000221107485212e-18
4.400770348276148525e+02 5.718952850708319422e-18
4.406855656873001976e+02 5.794754309902983073e-18
4.412949380128604844e+02 5.871379228765086176e-18
4.419051529678602037e+02 5.948800540746780452e-18
4.425162117174726291e+02 6.026989436634181661e-18
4.431281154284817489e+02 6.105915319785250189e-18
4.437408652692864734e+02 6.185545762823953551e-18
4.443544624098997815e+02 6.265846465975476049e-18
4.449689080219532116e+02 6.346781217233057142e-18
4.455842032786981690e+02 6.428311854550828768e-18
4.462003493550081998e+02 6.510398230268357117e-18
4.468173474273826287e+02 6.592998177974210584e-18
4.474351986739462745e+02 6.676067482023113298e-18
4.480539042744536573e+02 6.759559849926698593e-18
4.486734654102904756e+02 6.843426887842284118e-18
4.492938832644755962e+02 6.927618079386299691e-18
4.499151590216652039e+02 7.012080768006068707e-18
4.505372938681521191e+02 7.096760143141826619e-18
4.511602889918701180e+02 7.181599230417509059e-18
4.517841455823955812e+02 7.266538886095594313e-18
4.524088648309492555e+02 7.351517796035417120e-18
4.530344479304006313e+02 7.436472479391407143e-18
4.536608960752672033e+02 7.521337297286098469e-18
4.542882104617187338e+02 7.606044466692984540e-18
4.549163922875789581e+02 7.690524079756595312e-18
4.555454427523275172e+02 7.774704128775577305e-18
4.561753630571041640e+02 7.858510537068082914e-18
4.568061544047079678e+02 7.941867195927809951e-18
4.574378179996018048e+02 8.024696007878554710e-18
4.580703550479140631e+02 8.106916936416047428e-18
4.587037667574404054e+02 8.188448062421192125e-18
4.593380543376481455e+02 8.269205647414560894e-18
4.599732189996754528e+02 8.349104203804890463e-18
4.606092619563358426e+02 8.428056572274481940e-18
4.612461844221193132e+02 8.505974006422479879e-18
4.618839876131967799e+02 8.582766264771258861e-18
4.625226727474193353e+02 8.658341710219327301e-18
4.631622410443225704e+02 8.732607417005142329e-18
4.638026937251285062e+02 8.805469285221306533e-18
4.644440320127473001e+02 8.876832162894560160e-18
4.650862571317816219e+02 8.946599975621664880e-18
4.657293703085259722e+02 9.014675863724087227e-18
4.663733727709711161e+02 9.080962326855628803e-18
4.670182657488058453e+02 9.145361375967087293e-18
4.676640504734188539e+02 9.207774692501497898e-18
4.683107281779029449e+02 9.268103794661170744e-18
4.689583000970547459e+02 9.326250210554407349e-18
4.696067674673786883e+02 9.382115657996218777e-18
4.702561315270890532e+02 9.435602230701669029e-18
4.709063935161118479e+02 9.486612590575276674e-18
4.715575546760890120e+02 9.535050165764778723e-18
4.722096162503780192e+02 9.580819354108461320e-18
4.728625794840561412e+02 9.623825731572192806e-18
4.735164456239222091e+02 9.663976265231774715e-18
4.741712159184987740e+02 9.701179530322716606e-18
4.748268916180360861e+02 9.735345930841149919e-18
4.754834739745119236e+02 9.766387923144912357e-18
4.761409642416357428e+02 9.794220241968458810e-18
4.767993636748505537e+02 9.818760128231215205e-18
4.774586735313349095e+02 9.839927557986571283e-18
4.781188950700071700e+02 9.857645471825616264e-18
4.787800295515252174e+02 9.871840004023662705e-18
4.794420782382903781e+02 9.882440710684046500e-18
4.801050423944498675e+02 9.889380796113524124e-18
4.807689232858982677e+02 9.892597336637186091e-18
4.814337221802821887e+02 9.892031501040039389e-18
4.820994403469995859e+02 9.887628766805226250e-18
4.827660790572041947e+02 9.879340576638937563e-18
4.834336395838076328e+02 9.867163613178623903e-18
4.841021232014809357e+02 9.851144193074926825e-18
4.847715311866594448e+02 9.831335284883605987e-18
4.854418648175418980e+02 9.807793980542389243e-18
4.861131253740950910e+02 9.780581320610049543e-18
4.867853141380556394e+02 9.749762114360199751e-18
4.874584323929321386e+02 9.715404755354415276e-18
4.881324814240094270e+02 9.677581033118457783e-18
4.888074625183481317e+02 9.636365941539217990e-18
4.894833769647891017e+02 9.591837484592325731e-18
4.901602260539553413e+02 9.544076480002548462e-18
4.908380110782540555e+02 9.493166361426314340e-18
4.915167333318810279e+02 9.439192979731146721e-18
4.921963941108201652e+02 9.382244403937729647e-18
4.928769947128478748e+02 9.322410722364422481e-18
4.935585364375352810e+02 9.259783844505481425e-18
4.942410205862497605e+02 9.194457304148811093e-18
4.949244484621600009e+02 9.126526064219999516e-18
4.956088213702348639e+02 9.056086323820668350e-18
4.962941406172485017e+02 8.983235327901116233e-18
4.969804075117818343e+02 8.908071179989516196e-18
4.976676233642249372e+02 8.830692658372565952e-18
4.983557894867811910e+02 8.751199036098824104e-18
4.990449071934670542e+02 8.669689905151441229e-18
4.997349778001166101e+02 8.586265005111960848e-18
5.004260026243832158e+02 8.501024056608917691e-18
5.011179829857418895e+02 8.414066599824490373e-18
5.018109202054937441e+02 8.325491838301153032e-18
5.025048156067653053e+02 8.235398488270613698e-18
5.031996705145134001e+02 8.143884633696446001e-18
5.038954862555268051e+02 8.051047587202872774e-18
5.045922641584285202e+02 7.956983757033864347e-18
5.052900055536803166e+02 7.861788520163171743e-18
5.059887117735820539e+02 7.765556101656705015e-18
5.066883841522765124e+02 7.668379460359884300e-18
5.073890240257512119e+02 7.570350180964538289e-18
5.080906327318405715e+02 7.471558372489876648e-18
5.087932116102305145e+02 7.372092573187600518e-18
5.094967620024578991e+02 7.272039661865425698e-18
5.102012852519150670e+02 7.171484775602338992e-18
5.109067827038521159e+02 7.070511233813323553e-18
5.116132557053787195e+02 6.969200468602240893e-18
5.123207056054689019e+02 6.867631961326938577e-18
5.130291337549605259e+02 6.765883185287282883e-18
5.137385415065597272e+02 6.664029554429450705e-18
5.144489302148427896e+02 6.562144377950248523e-18
5.151603012362605796e+02 6.460298820671889577e-18
5.158726559291380909e+02 6.358561869047377459e-18
5.165859956536788786e+02 6.257000302646471560e-18
5.173003217719679014e+02 6.155678670961965437e-18
5.180156356479724309e+02 6.054659275372246626e-18
5.187319386475479632e+02 5.954002156083187327e-18
5.194492321384365141e+02 5.853765083872124151e-18
5.201675174902725303e+02 5.754003556446521634e-18
5.208867960745837991e+02 5.654770799229672308e-18
5.216070692647945179e+02 5.556117770379309601e-18
5.223283384362293873e+02 5.458093169843012272e-18
5.230506049661133829e+02 5.360743452255222017e-18
5.237738702335765311e+02 5.264112843473258711e-18
5.244981356196554998e+02 5.168243360556537089e-18
5.252234025072965551e+02 5.073174834986967907e-18
5.259496722813596534e+02 4.978944938934218134e-18
5.266769463286181008e+02 4.885589214367894661e-18
5.274052260377634411e+02 4.793141104820744382e-18
5.281345127994073891e+02 4.701631989612303733e-18
5.288648080060839902e+02 4.611091220340879250e-18
5.295961130522546227e+02 4.521546159459176321e-18
5.303284293343072022e+02 4.433022220750223761e-18
5.310617582505610699e+02 4.345542911525404850e-18
5.317961012012692663e+02 4.259129876370141021e-18
5.325314595886202369e+02 4.173802942268787142e-18
5.332678348167434024e+02 4.089580164942831075e-18
5.340052282917077946e+02 4.006477876246749245e-18
5.347436414215273999e+02 3.924510732463303860e-18
5.354830756161633190e+02 3.843691763354530345e-18
5.362235322875254724e+02 3.764032421824448672e-18
5.369650128494780574e+02 3.685542634056491763e-18
5.377075187178386386e+02 3.608230849997422557e-18
5.384510513103830363e+02 3.532104094061381023e-18
5.391956120468474865e+02 3.457168015936949926e-18
5.399412023489311423e+02 3.383426941384263163e-18
5.406878236403002802e+02 3.310883922916892246e-18
5.414354773465885273e+02 3.239540790267492846e-18
5.421841648954011816e+02 3.169398200543113530e-18
5.429338877163177131e+02 3.100455687981968738e-18
5.436846472408939235e+02 3.032711713229570509e-18
5.444364449026664943e+02 2.966163712056268509e-18
5.451892821371529863e+02 2.900808143446206569e-18
5.459431603818563872e+02 2.836640536991279682e-18
5.466980810762676128e+02 2.773655539529679253e-18
5.474540456618672124e+02 2.711846960974315949e-18
5.482110555821311664e+02 2.651207819280185465e-18
5.489691122825291814e+02 2.591730384506581111e-18
5.497282172105307154e+02 2.533406221932645585e-18
5.504883718156067971e+02 2.476226234190473898e-18
5.512495775492317307e+02 2.420180702385229164e-18
5.520118358648891217e+02 2.365259326173188914e-18
5.527751482180703988e+02 2.311451262776275186e-18
5.535395160662803846e+02 2.258745164912258312e-18
5.543049408690392283e+02 2.207129217625691908e-18
5.550714240878845658e+02 2.156591174006852490e-18
5.558389671863769763e+02 2.107118389789816765e-18
5.566075716300990734e+02 2.058697856824511999e-18
5.573772388866603933e+02 2.011316235418708509e-18
5.581479704257001231e+02 1.964959885550756228e-18
5.589197677188889202e+02 1.919614896955554023e-18
5.596926322399342553e+02 1.875267118088158690e-18
5.604665654645796167e+02 1.831902183973120225e-18
5.612415688706096262e+02 1.789505542947992400e-18
5.620176439378527675e+02 1.748062482313179769e-18
5.627947921481826370e+02 1.707558152900843583e-18
5.635730149855239688e+02 1.667977592577153550e-18
5.643523139358519529e+02 1.629305748695640404e-18
5.651326904871966690e+02 1.591527499517506231e-18
5.659141461296460420e+02 1.554627674619083994e-18
5.666966823553478889e+02 1.518591074305845195e-18
5.674803006585152616e+02 1.483402488054249529e-18
5.682650025354251966e+02 1.449046712003115555e-18
5.690507894844247403e+02 1.415508565517071388e-18
5.698376630059320860e+02 1.382772906845751816e-18
5.706256246024418033e+02 1.350824647901913481e-18
5.714146757785247246e+02 1.319648768183414096e-18
5.722048180408322651e+02 1.289230327863282967e-18
5.729960528980996060e+02 1.259554480072848420e-18
5.737883818611473998e+02 1.230606482403148578e-18
5.745818064428872276e+02 1.202371707649660618e-18
5.753763281583210301e+02 1.174835653826010199e-18
5.761719485245459964e+02 1.147983953471423699e-18
5.769686690607574064e+02 1.121802382277387132e-18
5.777664912882505632e+02 1.096276867058671522e-18
5.785654167304262501e+02 1.071393493093299397e-18
5.793654469127898210e+02 1.047138510856325425e-18
5.801665833629567715e+02 1.023498342171606593e-18
5.809688276106550120e+02 1.000459585805849272e-18
5.817721811877270284e+02 9.780090225282804417e-19
5.825766456281353385e+02 9.561336196594107223e-19
5.833822224679619239e+02 9.348205351320028763e-19
5.841889132454132323e+02 9.140571210861187624e-19
5.849967195008227918e+02 8.938309270207602073e-19
5.858056427766535990e+02 8.741297025231867596e-19
5.866156846175032342e+02 8.549413995972273854e-19
5.874268465701031801e+02 8.362541746107572347e-19
5.882391301833246189e+02 8.180563898823793601e-19
5.890525370081801384e+02 8.003366149267797443e-19
5.898670685978268011e+02 7.830836273774459220e-19
5.906827265075709192e+02 7.662864136050721071e-19
5.914995122948677135e+02 7.499341690495709301e-19
5.923174275193266567e+02 7.340162982825253756e-19
5.931364737427137470e+02 7.185224148169543778e-19
5.939566525289538959e+02 7.034423406803603449e-19
5.947779654441366119e+02 6.887661057665236360e-19
5.956004140565150919e+02 6.744839469811066897e-19
5.964239999365115636e+02 6.605863071952692255e-19
5.972487246567199008e+02 6.470638340214157270e-19
5.980745897919078971e+02 6.339073784241878029e-19
5.989015969190227224e+02 6.211079931795608603e-19
5.997297476171903554e+02 6.086569311946046589e-19
6.005590434677209259e+02 5.965456436991727964e-19
6.013894860541112166e+02 5.847657783213828345e-19
6.022210769620468227e+02 5.733091770573603657e-19
6.030538177794082912e+02 5.621678741456267270e-19
6.038877100962694158e+02 5.513340938562726904e-19
6.047227555049039438e+02 5.408002482039978319e-19
6.055589555997869411e+02 5.305589345943728056e-19
6.063963119775977475e+02 5.206029334116788220e-19
6.072348262372256613e+02 5.109252055566125692e-19
6.080744999797688024e+02 5.015186574372825402e-19
6.089153348085400239e+02 4.923748348113840325e-19
6.097573323290689586e+02 4.834849489786627472e-19
6.106004941491050886e+02 4.748405438213161498e-19
6.114448218786227471e+02 4.664334837851344373e-19
6.122903171298204370e+02 4.582559403056430681e-19
6.131369815171269693e+02 4.503003788612281259e-19
6.139848166572033961e+02 4.425595466219229269e-19
6.148338241689455117e+02 4.350264606644698375e-19
6.156840056734897644e+02 4.276943967253981340e-19
6.165353627942123467e+02 4.205568784658727735e-19
6.173878971567348799e+02 4.136076672230121732e-19
6.182416103889266878e+02 4.068407522238974179e-19
6.190965041209077526e+02 4.002503412397630115e-19
6.199525799850537169e+02 3.938308516589877881e-19
6.208098396159958838e+02 3.875769019585683355e-19
6.216682846506262194e+02 3.814833035548891549e-19
6.225279167281004220e+02 3.755450530155289958e-19
6.233887374898399685e+02 3.697573246149031753e-19
6.242507485795379125e+02 3.641154632171978543e-19
6.251139516431586571e+02 3.586149774711717864e-19
6.259783483289427295e+02 3.532515333019497053e-19
6.268439402874101916e+02 3.480209476858774841e-19
6.277107291713626864e+02 3.429191826950154796e-19
6.285787166358891227e+02 3.379423397987265754e-19
6.294479043383653334e+02 3.330866544103566265e-19
6.303182939384591918e+02 3.283484906674926011e-19
6.311898870981334539e+02 3.237243364350967028e-19
6.320626854816504192e+02 3.192107985211458215e-19
6.329366907555721582e+02 3.148045980950150738e-19
6.338119045887655147e+02 3.105025662993073322e-19
6.346883286524054029e+02 3.063016400462651803e-19
6.355659646199765120e+02 3.021988579904050724e-19
6.364448141672800148e+02 2.981913566693284631e-19
6.373248789724320886e+02 2.942763668051152900e-19
6.382061607158701690e+02 2.904512097591197507e-19
6.390886610803552230e+02 2.867132941331829296e-19
6.399723817509747050e+02 2.830601125107973134e-19
6.408573244151477866e+02 2.794892383319619480e-19
6.417434907626254699e+02 2.759983228957704216e-19
6.426308824854955901e+02 2.725850924850973171e-19
6.435195012781857713e+02 2.692473456080107045e-19
6.444093488374663821e+02 2.659829503507598697e-19
6.453004268624556516e+02 2.627898418374671697e-19
6.461927370546194425e+02 2.596660197918842083e-19
6.470862811177770482e+02 2.566095461967388778e-19
6.479810607581039221e+02 2.536185430465208671e-19
6.488770776841339512e+02 2.506911901895673403e-19
6.497743336067654809e+02 2.478257232557282275e-19
6.506728302392608612e+02 2.450204316658762683e-19
6.515725692972521301e+02 2.422736567197776550e-19
6.524735524987435156e+02 2.395837897590253149e-19
6.533757815641143907e+02 2.369492704018193452e-19
6.542792582161248447e+02 2.343685848465908256e-19
6.551839841799154556e+02 2.318402642415806903e-19
6.560899611830127469e+02 2.293628831175727324e-19
6.569971909553320302e+02 2.269350578812077931e-19
6.579056752291800194e+02 2.245554453663045538e-19
6.588154157392611978e+02 2.222227414408320003e-19
6.597264142226762260e+02 2.199356796672142088e-19
6.606386724189287634e+02 2.176930300137822461e-19
6.615521920699278553e+02 2.154935976152888465e-19
6.624669749199905482e+02 2.133362215804821034e-19
6.633830227158476873e+02 2.112197738448234404e-19
6.643003372066436896e+02 2.091431580665425690e-19
6.652189201439422277e+02 2.071053085642556272e-19
6.661387732817291862e+02 2.051051892945165132e-19
6.670598983764147079e+02 2.031417928676834634e-19
6.679822971868402419e+02 2.012141396005538959e-19
6.689059714742770666e+02 1.993212766043899265e-19
6.698309230024323142e+02 1.974622769068412621e-19
6.707571535374524956e+02 1.956362386065020870e-19
6.716846648479252053e+02 1.938422840587921641e-19
6.726134587048859430e+02 1.920795590919602270e-19
6.735435368818167490e+02 1.903472322520305841e-19
6.744749011546530255e+02 1.886444940755586586e-19
6.754075533017858106e+02 1.869705563891819436e-19
6.763414951040645064e+02 1.853246516348562425e-19
6.772767283448032458e+02 1.837060322198656276e-19
6.782132548097798690e+02 1.821139698906415151e-19
6.791510762872424039e+02 1.805477551294829005e-19
6.800901945679115670e+02 1.790066965733210054e-19
6.810306114449834922e+02 1.774901204537019183e-19
6.819723287141360970e+02 1.759973700571939388e-19
6.829153481735280593e+02 1.745278052054730396e-19
6.838596716238056388e+02 1.730808017543123890e-19
6.848053008681046094e+02 1.716557511108521998e-19
6.857522377120533292e+02 1.702520597684148714e-19
6.867004839637795612e+02 1.688691488582338658e-19
6.876500414339085410e+02 1.675064537175235688e-19
6.886009119355704797e+02 1.661634234732481537e-19
6.895530972844023836e+02 1.648395206410418070e-19
6.905065992985512366e+02 1.635342207387418276e-19
6.914614197986805948e+02 1.622470119139874669e-19
6.924175606079689942e+02 1.609773945854260644e-19
6.933750235521169998e+02 1.597248810969883293e-19
6.943338104593495927e+02 1.584889953848091800e-19
6.952939231604193537e+02 1.572692726563424656e-19
6.962553634886121472e+02 1.560652590812150965e-19
6.972181332797470077e+02 1.548765114934490736e-19
6.981822343721821653e+02 1.537025971046149745e-19
6.991476686068177742e+02 1.525430932275719884e-19
7.001144378270989819e+02 1.513975870103960719e-19
7.010825438790221824e+02 1.502656751801604648e-19
7.020519886111341066e+02 1.491469637962328748e-19
7.030227738745383022e+02 1.480410680127510193e-19
7.039949015228976350e+02 1.469476118499504872e-19
7.049683734124399734e+02 1.458662279740769757e-19
7.059431914019577334e+02 1.447965574855547243e-19
7.069193573528146999e+02 1.437382497151410825e-19
7.078968731289483003e+02 1.426909620277985426e-19
7.088757405968727880e+02 1.416543596340118647e-19
7.098559616256852678e+02 1.406281154083092149e-19
7.108375380870654681e+02 1.396119097147221158e-19
7.118204718552821078e+02 1.386054302389668687e-19
7.128047648071953972e+02 1.376083718271151795e-19
7.137904188222599942e+02 1.366204363305047747e-19
7.147774357825319385e+02 1.356413324567176101e-19
7.157658175726674017e+02 1.346707756263961041e-19
7.167555660799291672e+02 1.337084878356788006e-19
7.177466831941901546e+02 1.327541975241025669e-19
7.187391708079353521e+02 1.318076394477390853e-19
7.197330308162689789e+02 1.308685545574149078e-19
7.207282651169139172e+02 1.299366898818116734e-19
7.217248756102173957e+02 1.290117984152938094e-19
7.227228641991547420e+02 1.280936390102889621e-19
7.237222327893318834e+02 1.271819762740402410e-19
7.247229832889920544e+02 1.262765804696081470e-19
7.257251176090146600e+02 1.253772274209299302e-19
7.267286376629225515e+02 1.244836984218178351e-19
7.277335453668844139e+02 1.235957801487113205e-19
7.287398426397177218e+02 1.227132645770870774e-19
7.297475314028956745e+02 1.218359489013479029e-19
7.307566135805462864e+02 1.209636354580744882e-19
7.317670910994585256e+02 1.200961316525022481e-19
7.327789658890861801e+02 1.192332498880881617e-19
7.337922398815501310e+02 1.183748074990577238e-19
7.348069150116451738e+02 1.175206266857710732e-19
7.358229932168391088e+02 1.166705344528448617e-19
7.368404764372800173e+02 1.158243625498436988e-19
7.378593666157983080e+02 1.149819474144765333e-19
7.388796656979103545e+02 1.141431301181613749e-19
7.399013756318252035e+02 1.133077563138444850e-19
7.409244983684432100e+02 1.124756761859722285e-19
7.419490358613634271e+02 1.116467444025028695e-19
7.429749900668862210e+02 1.108208200688545047e-19
7.440023629440163404e+02 1.099977666836791403e-19
7.450311564544697376e+02 1.091774520963676249e-19
7.460613725626726591e+02 1.083597484661866405e-19
7.470930132357684670e+02 1.075445322229332776e-19
7.481260804436207081e+02 1.067316840290332879e-19
7.491605761588159567e+02 1.059210887429615716e-19
7.501965023566709760e+02 1.051126353839095603e-19
7.512338610152313549e+02 1.043062170976079770e-19
7.522726541152788968e+02 1.035017311231899358e-19
7.533128836403342348e+02 1.026990787610327143e-19
7.543545515766602421e+02 1.018981653414808801e-19
7.553976599132683987e+02 1.010989001943423652e-19
7.564422106419183365e+02 1.003011966191157678e-19
7.574882057571246605e+02 9.950497185581712350e-20
7.585356472561600185e+02 9.871014705635963585e-20
7.595845371390579430e+02 9.791664725637723673e-20
7.606348774086199001e+02 9.712440134743978495e-20
7.616866700704147206e+02 9.633334204955239958e-20
7.627399171327849672e+02 9.554340588388354563e-20
7.637946206068503443e+02 9.475453314563443490e-20
7.648507825065109955e+02 9.396666807016631237e-20
7.659084048484539835e+02 9.317980329320451708e-20
7.669674896521524943e+02 9.239403455219112784e-20
7.680280389398732268e+02 9.160947017386803740e-20
7.690900547366793489e+02 9.082621672721434130e-20
7.701535390704331121e+02 9.004437901532014126e-20
7.712184939718034684e+02 8.926406006813009861e-20
7.722849214742649337e+02 8.848536113604892555e-20
7.733528236141046364e+02 8.770838168438103279e-20
7.744222024304255001e+02 8.693321938860752344e-20
7.754930599651492003e+02 8.615997013049203484e-20
7.765653982630234395e+02 8.538872799497010897e-20
7.776392193716209249e+02 8.461958526786028485e-20
7.787145253413464161e+02 8.385263243433333333e-20
7.797913182254392268e+02 8.308795817815514996e-20
7.808696000799802732e+02 8.232564938168250591e-20
7.819493729638912782e+02 8.156579112659875318e-20
7.830306389389414790e+02 8.080846669536834712e-20
7.841134000697514921e+02 8.005375757340702036e-20
7.851976584237957013e+02 7.930174345194026012e-20
7.862834160714099880e+02 7.855250223154952296e-20
7.873706750857907082e+02 7.780611002638255842e-20
7.884594375430015134e+02 7.706264116901011082e-20
7.895497055219769891e+02 7.632216821592676034e-20
7.906414811045256101e+02 7.558476195366706266e-20
7.917347663753371307e+02 7.485049140552941574e-20
7.928295634219811063e+02 7.411942383889703718e-20
7.939258743349149654e+02 7.339162477312368431e-20
7.950237012074867380e+02 7.266715798799587745e-20
7.961230461359380115e+02 7.194608553272383905e-20
7.972239112194117752e+02 7.122846773547760335e-20
7.983262985599510557e+02 7.051436321343423183e-20
7.994302102625064208e+02 6.980382888332070280e-20
8.005356484349391621e+02 6.909691997245305291e-20
8.016426151880243651e+02 6.839369003023715212e-20
8.027511126354584121e+02 6.769419094012565920e-20
8.038611428938578456e+02 6.699847293202161239e-20
8.049727080827672125e+02 6.630658459510574879e-20
8.060858103246614519e+02 6.561857289106683657e-20
8.072004517449501009e+02 6.493448316774253123e-20
8.083166344719835479e+02 6.425435917313008261e-20
8.094343606370533735e+02 6.357824306976846951e-20
8.105536323743987168e+02 6.290617544947592861e-20
8.116744518212100274e+02 6.223819534841945348e-20
8.127968211176321347e+02 6.157434026251628786e-20
8.139207424067717511e+02 6.091464616313635746e-20
8.150462178346965629e+02 6.025914751310957653e-20
8.161732495504426197e+02 5.960787728301168000e-20
8.173018397060176312e+02 5.896086696771673669e-20
8.184319904564041508e+02 5.831814660321116774e-20
8.195637039595673059e+02 5.767974478363815440e-20
8.206969823764534340e+02 5.704568867858465280e-20
8.218318278709980405e+02 5.641600405057331563e-20
8.229682426101288684e+02 5.579071527276421982e-20
8.241062287637690815e+02 5.516984534683972608e-20
8.252457885048451089e+02 5.455341592107165176e-20
8.263869240092851669e+02 5.394144730855468764e-20
8.275296374560276718e+02 5.333395850558518022e-20
8.286739310270236274e+02 5.273096721019471068e-20
8.298198069072403769e+02 5.213248984079506483e-20
8.309672672846694468e+02 5.153854155495731390e-20
8.321163143503250694e+02 5.094913626828733639e-20
8.332669502982520271e+02 5.036428667340112707e-20
8.344191773255291764e+02 4.978400425898128397e-20
8.355729976322722905e+02 4.920829932890998491e-20
8.367284134216424718e+02 4.863718102146160757e-20
8.378854268998441057e+02 4.807065732855218870e-20
8.390440402761337282e+02 4.750873511502541572e-20
8.402042557628225268e+02 4.695142013797941795e-20
8.413660755752798650e+02 4.639871706610712972e-20
8.425295019319413541e+02 4.585062949905528067e-20
8.436945370543073750e+02 4.530715998679019920e-20
8.448611831669512640e+02 4.476831004895021854e-20
8.460294424975221546e+02 4.423408019419332824e-20
8.471993172767488431e+02 4.370446993951469088e-20
8.483708097384475195e+02 4.317947782953811055e-20
8.495439221195201753e+02 4.265910145576998786e-20
8.507186566599633579e+02 4.214333747579810902e-20
8.518950156028707852e+02 4.163218163244510346e-20
8.530730011944368698e+02 4.112562877285478869e-20
8.542526156839647911e+02 4.062367286750812253e-20
8.554338613238655853e+02 4.012630702916420045e-20
8.566167403696655356e+02 3.963352353171985238e-20
8.578012550800096960e+02 3.914531382897232301e-20
8.589874077166658708e+02 3.866166857329252283e-20
8.601752005445316627e+02 3.818257763418878395e-20
8.613646358316340184e+02 3.770803011676813851e-20
8.625557158491369592e+02 3.723801438007588415e-20
8.637484428713443094e+02 3.677251805531909437e-20
8.649428191757070863e+02 3.631152806396222888e-20
8.661388470428231585e+02 3.585503063569110680e-20
8.673365287564446362e+02 3.540301132624367158e-20
8.685358666034817361e+02 3.495545503509329601e-20
8.697368628740059648e+02 3.451234602299405814e-20
8.709395198612583044e+02 3.407366792936739885e-20
8.721438398616479617e+02 3.363940378954243287e-20
8.733498251747606673e+02 3.320953605183167694e-20
8.745574781033616318e+02 3.278404659444568608e-20
8.757668009533997520e+02 3.236291674224317925e-20
8.769777960340150003e+02 3.194612728331034708e-20
8.781904656575379704e+02 3.153365848536408754e-20
8.794048121394973805e+02 3.112549011198559112e-20
8.806208377986238247e+02 3.072160143866885033e-20
8.818385449568532977e+02 3.032197126868851077e-20
8.830579359393352661e+02 2.992657794878270070e-20
8.842790130744318731e+02 2.953539938465223508e-20
8.855017786937254414e+02 2.914841305626371789e-20
8.867262351320224525e+02 2.876559603296726765e-20
8.879523847273572983e+02 2.838692498841431337e-20
8.891802298209995570e+02 2.801237621528537343e-20
8.904097727574541068e+02 2.764192563981741131e-20
8.916410158844682883e+02 2.727554883613133410e-20
8.928739615530361107e+02 2.691322104036246213e-20
8.941086121174013215e+02 2.655491716458605584e-20
8.953449699350660467e+02 2.620061181054035498e-20
8.965830373667895401e+02 2.585027928314914664e-20
8.978228167765962553e+02 2.550389360383555651e-20
8.990643105317797108e+02 2.516142852363211577e-20
9.003075210029059008e+02 2.482285753608382068e-20
9.015524505638217079e+02 2.448815388994650787e-20
9.027991015916534252e+02 2.415729060167665154e-20
9.040474764668156240e+02 2.383024046771331656e-20
9.052975775730144505e+02 2.350697607655534320e-20
9.065494072972510367e+02 2.318746982062807885e-20
9.078029680298302537e+02 2.287169390794245829e-20
9.090582621643594621e+02 2.255962037355242724e-20
9.103152920977563554e+02 2.225122109079667960e-20
9.115740602302537354e+02 2.194646778234239423e-20
9.128345689654020134e+02 2.164533203101528968e-20
9.140968207100779637e+02 2.134778529042948458e-20
9.153608178744839279e+02 2.105379889541124438e-20
9.166265628721560006e+02 2.076334407221501956e-20
9.178940581199674398e+02 2.047639194854210616e-20
9.191633060381328733e+02 2.019291356335080621e-20
9.204343090502161431e+02 1.991287987646890066e-20
9.217070695831296234e+02 1.963626177800402891e-20
9.229815900671425197e+02 1.936303009755620316e-20
9.242578729358845067e+02 1.909315561323030297e-20
9.255359206263497072e+02 1.882660906045060518e-20
9.268157355789045369e+02 1.856336114058473406e-20
9.280973202372873629e+02 1.830338252936766392e-20
9.293806770486166897e+02 1.804664388513658318e-20
9.306658084633946828e+02 1.779311585687261194e-20
9.319527169355110345e+02 1.754276909205396783e-20
9.332414049222518315e+02 1.729557424431997255e-20
9.345318748842977357e+02 1.705150198094937764e-20
9.358241292857331928e+02 1.681052299015375287e-20
9.371181705940499569e+02 1.657260798818788114e-20
9.384140012801508419e+02 1.633772772627807179e-20
9.397116238183580208e+02 1.610585299737230733e-20
9.410110406864126844e+02 1.587695464271268699e-20
9.423122543654826586e+02 1.565100355823177113e-20
9.436152673401670654e+02 1.542797070077429186e-20
9.449200820984996199e+02 1.520782709415011314e-20
9.462267011319570429e+02 1.499054383501371576e-20
9.475351269354589476e+02 1.477609209857941246e-20
9.488453620073752290e+02 1.456444314416837827e-20
9.501574088495307251e+02 1.435556832059336409e-20
9.514712699672089684e+02 1.414943907138269735e-20
9.527869478691604854e+02 1.394602693984128591e-20
9.541044450676017732e+02 1.374530357396031600e-20
9.554237640782245080e+02 1.354724073116669177e-20
9.567449074201988424e+02 1.335181028292143981e-20
9.580678776161773840e+02 1.315898421916865994e-20
9.593926771923038359e+02 1.296873465263361108e-20
9.607193086782125420e+02 1.278103382297623041e-20
9.620477746070361036e+02 1.259585410080004385e-20
9.633780775154095863e+02 1.241316792744909910e-20
9.647102199434780232e+02 1.223294677093857018e-20
9.660442044348963009e+02 1.205516136823887199e-20
9.673800335368376864e+02 1.187978269283235040e-20
9.687177097999972375e+02 1.170678198564480655e-20
9.700572357785965778e+02 1.153613075414707005e-20
9.713986140303918546e+02 1.136780077142257054e-20
9.727418471166731706e+02 1.120176407520619784e-20
9.740869376022733377e+02 1.103799296688959979e-20
9.754338880555718561e+02 1.087646001049796570e-20
9.767827010484987795e+02 1.071713803163983335e-20
9.781333791565431284e+02 1.056000011642541150e-20
9.794859249587530030e+02 1.040501961036146771e-20
9.808403410377430873e+02 1.025217011721790357e-20
9.821966299796996509e+02 1.010142549786930630e-20
9.835547943743839596e+02 9.952759869112838539e-21
9.849148368151413706e+02 9.806147602460638135e-21
9.862767598989003091e+02 9.661563322911440479e-21
9.876405662261812495e+02 9.518981907698528428e-21
9.890062584011003537e+02 9.378378485016581271e-21
9.903738390313741320e+02 9.239728432728242751e-21
9.917433107283275149e+02 9.103007377050517973e-21
9.931146761068937394e+02 8.968191191221975717e-21
9.944879377856226483e+02 8.835255994151884628e-21
9.958630983866851238e+02 8.704178149051466833e-21
9.972401605358769530e+02 8.574934262047610567e-21
9.986191268626276951e+02 8.447501180780787149e-21
1.000000000000000000e+03 8.321855992987683907e-21
