1.000000000000000000e+00 2.556745587323533409e-01
1.001382782584698150e+00 2.548634502750927178e-01
1.002767477257072715e+00 2.540548083887818054e-01
1.004154086661125600e+00 2.532486259508238136e-01
1.005542613444514011e+00 2.524448958578859314e-01
1.006933060258556889e+00 2.516436110258493675e-01
1.008325429758239133e+00 2.508447643897636081e-01
1.009719724602217150e+00 2.500483489037980678e-01
1.011115947452823294e+00 2.492543575448997739e-01
1.012514100976071640e+00 2.484627833395252894e-01
1.013914187841662651e+00 2.476736193476880565e-01
1.015316210722988277e+00 2.468868586478159266e-01
1.016720172297137736e+00 2.461024943366017514e-01
1.018126075244901507e+00 2.453205195289621110e-01
1.019533922250777325e+00 2.445409273579943199e-01
1.020943716002974622e+00 2.437637109749350717e-01
1.022355459193420524e+00 2.429888635491178894e-01
1.023769154517764068e+00 2.422163782679316868e-01
1.025184804675382422e+00 2.414462483367788015e-01
1.026602412369384654e+00 2.406784669790335007e-01
1.028021980306618177e+00 2.399130274359998760e-01
1.029443511197672967e+00 2.391499229668707649e-01
1.030867007756887777e+00 2.383891468486857845e-01
1.032292472702353692e+00 2.376306923762906143e-01
1.033719908755921457e+00 2.368745528622947516e-01
1.035149318643205030e+00 2.361207216370306561e-01
1.036580705093586907e+00 2.353691920485132261e-01
1.038014070840224345e+00 2.346199574623971940e-01
1.039449418620053800e+00 2.338730112619374912e-01
1.040886751173796254e+00 2.331283468479473653e-01
1.042326071245962327e+00 2.323859576387579950e-01
1.043767381584858045e+00 2.316458370701774960e-01
1.045210684942589507e+00 2.309079785954500086e-01
1.046655984075068657e+00 2.301723756852151748e-01
1.048103281742017723e+00 2.294390218274677540e-01
1.049552580706975435e+00 2.287079105275167390e-01
1.051003883737302136e+00 2.279790353079447218e-01
1.052457193604183994e+00 2.272523897085684530e-01
1.053912513082640334e+00 2.265279672863972360e-01
1.055369844951526304e+00 2.258057616155939862e-01
1.056829191993540862e+00 2.250857662874338472e-01
1.058290556995230114e+00 2.243679749102651388e-01
1.059753942746993527e+00 2.236523811094688896e-01
1.061219352043089259e+00 2.229389785274184799e-01
1.062686787681639045e+00 2.222277608234408675e-01
1.064156252464633967e+00 2.215187216737755371e-01
1.065627749197939789e+00 2.208118547715358371e-01
1.067101280691301834e+00 2.201071538266686778e-01
1.068576849758350766e+00 2.194046125659153135e-01
1.070054459216608134e+00 2.187042247327714573e-01
1.071534111887491481e+00 2.180059840874483124e-01
1.073015810596319453e+00 2.173098844068329927e-01
1.074499558172317792e+00 2.166159194844491653e-01
1.075985357448624224e+00 2.159240831304181374e-01
1.077473211262294450e+00 2.152343691714192486e-01
1.078963122454306589e+00 2.145467714506513746e-01
1.080455093869568062e+00 2.138612838277934025e-01
1.081949128356919143e+00 2.131779001789658734e-01
1.083445228769140511e+00 2.124966143966915133e-01
1.084943397962956579e+00 2.118174203898571806e-01
1.086443638799043043e+00 2.111403120836743141e-01
1.087945954142030436e+00 2.104652834196411304e-01
1.089450346860510788e+00 2.097923283555035712e-01
1.090956819827042956e+00 2.091214408652170842e-01
1.092465375918157289e+00 2.084526149389081262e-01
1.093976018014362728e+00 2.077858445828354439e-01
1.095488749000150364e+00 2.071211238193527981e-01
1.097003571764000540e+00 2.064584466868695789e-01
1.098520489198387295e+00 2.057978072398136404e-01
1.100039504199785023e+00 2.051391995485925546e-01
1.101560619668672247e+00 2.044826176995564460e-01
1.103083838509539394e+00 2.038280557949590233e-01
1.104609163630892343e+00 2.031755079529208030e-01
1.106136597945259092e+00 2.025249683073904738e-01
1.107666144369195083e+00 2.018764310081080371e-01
1.109197805823288530e+00 2.012298902205664208e-01
1.110731585232166196e+00 2.005853401259746205e-01
1.112267485524499389e+00 1.999427749212194239e-01
1.113805509633008617e+00 1.993021888188289126e-01
1.115345660494470037e+00 1.986635760469343537e-01
1.116887941049720334e+00 1.980269308492337843e-01
1.118432354243663385e+00 1.973922474849535980e-01
1.119978903025274475e+00 1.967595202288127954e-01
1.121527590347606962e+00 1.961287433709850425e-01
1.123078419167798270e+00 1.954999112170617004e-01
1.124631392447073663e+00 1.948730180880158536e-01
1.126186513150754243e+00 1.942480583201640076e-01
1.127743784248261161e+00 1.936250262651306175e-01
1.129303208713121176e+00 1.930039162898107286e-01
1.130864789522973313e+00 1.923847227763335888e-01
1.132428529659573968e+00 1.917674401220260116e-01
1.133994432108802464e+00 1.911520627393758498e-01
1.135562499860667263e+00 1.905385850559955796e-01
1.137132735909310854e+00 1.899270015145863022e-01
1.138705143253016416e+00 1.893173065729010784e-01
1.140279724894212698e+00 1.887094947037088466e-01
1.141856483839480907e+00 1.881035603947581458e-01
1.143435423099558701e+00 1.874994981487414503e-01
1.145016545689347742e+00 1.868973024832589480e-01
1.146599854627918136e+00 1.862969679307824311e-01
1.148185352938515091e+00 1.856984890386198794e-01
1.149773043648563808e+00 1.851018603688791841e-01
1.151362929789676359e+00 1.845070764984329537e-01
1.152955014397656575e+00 1.839141320188823758e-01
1.154549300512506038e+00 1.833230215365220794e-01
1.156145791178430082e+00 1.827337396723043017e-01
1.157744489443843783e+00 1.821462810618037775e-01
1.159345398361376844e+00 1.815606403551819348e-01
1.160948520987880928e+00 1.809768122171520610e-01
1.162553860384434090e+00 1.803947913269438874e-01
1.164161419616347226e+00 1.798145723782683669e-01
1.165771201753170061e+00 1.792361500792825635e-01
1.167383209868696925e+00 1.786595191525548743e-01
1.168997447040972304e+00 1.780846743350298356e-01
1.170613916352297279e+00 1.775116103779932064e-01
1.172232620889234411e+00 1.769403220470378291e-01
1.173853563742615069e+00 1.763708041220276301e-01
1.175476748007544092e+00 1.758030513970641751e-01
1.177102176783406673e+00 1.752370586804511965e-01
1.178729853173873021e+00 1.746728207946606770e-01
1.180359780286905469e+00 1.741103325762982101e-01
1.181991961234764466e+00 1.735495888760679173e-01
1.183626399134013019e+00 1.729905845587395852e-01
1.185263097105524466e+00 1.724333145031126946e-01
1.186902058274487359e+00 1.718777736019835300e-01
1.188543285770411684e+00 1.713239567621104575e-01
1.190186782727134851e+00 1.707718589041800072e-01
1.191832552282827695e+00 1.702214749627727342e-01
1.193480597580000913e+00 1.696727998863294951e-01
1.195130921765509502e+00 1.691258286371176978e-01
1.196783527990561202e+00 1.685805561911968564e-01
1.198438419410720046e+00 1.680369775383858399e-01
1.200095599185914352e+00 1.674950876822284551e-01
1.201755070480441390e+00 1.669548816399601399e-01
1.203416836462974482e+00 1.664163544424744345e-01
1.205080900306567893e+00 1.658795011342896197e-01
1.206747265188664153e+00 1.653443167735149655e-01
1.208415934291099170e+00 1.648107964318179519e-01
1.210086910800108662e+00 1.642789351943906850e-01
1.211760197906334158e+00 1.637487281599167011e-01
1.213435798804829435e+00 1.632201704405378817e-01
1.215113716695065849e+00 1.626932571618215084e-01
1.216793954780939657e+00 1.621679834627271777e-01
1.218476516270776688e+00 1.616443444955739384e-01
1.220161404377339665e+00 1.611223354256609841e-01
1.221848622317833311e+00 1.606019514244302338e-01
1.223538173313911903e+00 1.600831876699576883e-01
1.225230060591683712e+00 1.595660393534695243e-01
1.226924287381718548e+00 1.590505016795727422e-01
1.228620856919053095e+00 1.585365698662211387e-01
1.230319772443197568e+00 1.580242391446814720e-01
1.232021037198141933e+00 1.575135047594994342e-01
1.233724654432361012e+00 1.570043619684666214e-01
1.235430627398822923e+00 1.564968060425855900e-01
1.237138959354992629e+00 1.559908322660377711e-01
1.238849653562840381e+00 1.554864359361486925e-01
1.240562713288846375e+00 1.549836123633552276e-01
1.242278141804007863e+00 1.544823568711721218e-01
1.243995942383845588e+00 1.539826647961583250e-01
1.245716118308409115e+00 1.534845314878842681e-01
1.247438672862283715e+00 1.529879523088984450e-01
1.249163609334596803e+00 1.524929226346943834e-01
1.250890931019023267e+00 1.519994378536776714e-01
1.252620641213793240e+00 1.515074933671328450e-01
1.254352743221696986e+00 1.510170845891908586e-01
1.256087240350092227e+00 1.505282069467958339e-01
1.257824135910909913e+00 1.500408558796729463e-01
1.259563433220660444e+00 1.495550268402952854e-01
1.261305135600440552e+00 1.490707152938513802e-01
1.263049246375939072e+00 1.485879167182129479e-01
1.264795768877443827e+00 1.481066266039021417e-01
1.266544706439847401e+00 1.476268404540594659e-01
1.268296062402654023e+00 1.471485537844113012e-01
1.270049840109985562e+00 1.466717621232377922e-01
1.271806042910588408e+00 1.461964610113407337e-01
1.273564674157839027e+00 1.457226460020113190e-01
1.275325737209751287e+00 1.452503126609985262e-01
1.277089235428982006e+00 1.447794565664767552e-01
1.278855172182838729e+00 1.443100733090141308e-01
1.280623550843284164e+00 1.438421584915409446e-01
1.282394374786944624e+00 1.433757077293175974e-01
1.284167647395114908e+00 1.429107166499032355e-01
1.285943372053765632e+00 1.424471808931239980e-01
1.287721552153549442e+00 1.419850961110416254e-01
1.289502191089807903e+00 1.415244579679218462e-01
1.291285292262576823e+00 1.410652621402033735e-01
1.293070859076594470e+00 1.406075043164662086e-01
1.294858894941306238e+00 1.401511801974007210e-01
1.296649403270872414e+00 1.396962854957765343e-01
1.298442387484174620e+00 1.392428159364108853e-01
1.300237851004821588e+00 1.387907672561385086e-01
1.302035797261156258e+00 1.383401352037799403e-01
1.303836229686262671e+00 1.378909155401109865e-01
1.305639151717971291e+00 1.374431040378319147e-01
1.307444566798866781e+00 1.369966964815367283e-01
1.309252478376294659e+00 1.365516886676821917e-01
1.311062889902366191e+00 1.361080764045578539e-01
1.312875804833967042e+00 1.356658555122549348e-01
1.314691226632763055e+00 1.352250218226360989e-01
1.316509158765206244e+00 1.347855711793052580e-01
1.318329604702542346e+00 1.343474994375767340e-01
1.320152567920817033e+00 1.339108024644456718e-01
1.321978051900882356e+00 1.334754761385573696e-01
1.323806060128404072e+00 1.330415163501773579e-01
1.325636596093867414e+00 1.326089190011612018e-01
1.327469663292584645e+00 1.321776800049247191e-01
1.329305265224700605e+00 1.317477952864140878e-01
1.331143405395200929e+00 1.313192607820757585e-01
1.332984087313917154e+00 1.308920724398267565e-01
1.334827314495534489e+00 1.304662262190252886e-01
1.336673090459598257e+00 1.300417180904406278e-01
1.338521418730520329e+00 1.296185440362238317e-01
1.340372302837586460e+00 1.291967000498781826e-01
1.342225746314961832e+00 1.287761821362297388e-01
1.344081752701699717e+00 1.283569863113978859e-01
1.345940325541746141e+00 1.279391086027662494e-01
1.347801468383948098e+00 1.275225450489531898e-01
1.349665184782059990e+00 1.271072916997827151e-01
1.351531478294750066e+00 1.266933446162555044e-01
1.353400352485607305e+00 1.262806998705197914e-01
1.355271810923148745e+00 1.258693535458422219e-01
1.357145857180825477e+00 1.254593017365792651e-01
1.359022494837030415e+00 1.250505405481480425e-01
1.360901727475104073e+00 1.246430660969977677e-01
1.362783558683342111e+00 1.242368745105811439e-01
1.364667992055002443e+00 1.238319619273252209e-01
1.366555031188311009e+00 1.234283244966034448e-01
1.368444679686469767e+00 1.230259583787066402e-01
1.370336941157663135e+00 1.226248597448149069e-01
1.372231819215064430e+00 1.222250247769690046e-01
1.374129317476843637e+00 1.218264496680422082e-01
1.376029439566173629e+00 1.214291306217118727e-01
1.377932189111237715e+00 1.210330638524313718e-01
1.379837569745235637e+00 1.206382455854020097e-01
1.381745585106391561e+00 1.202446720565447519e-01
1.383656238837960073e+00 1.198523395124725388e-01
1.385569534588234175e+00 1.194612442104620170e-01
1.387485476010551055e+00 1.190713824184259778e-01
1.389404066763300083e+00 1.186827504148852963e-01
1.391325310509929025e+00 1.182953444889413841e-01
1.393249210918952041e+00 1.179091609402484336e-01
1.395175771663955011e+00 1.175241960789858015e-01
1.397104996423604639e+00 1.171404462258304191e-01
1.399036888881654006e+00 1.167579077119294539e-01
1.400971452726949895e+00 1.163765768788726784e-01
1.402908691653439899e+00 1.159964500786653530e-01
1.404848609360179745e+00 1.156175236737006923e-01
1.406791209551340405e+00 1.152397940367327484e-01
1.408736495936214528e+00 1.148632575508492515e-01
1.410684472229223774e+00 1.144879106094445764e-01
1.412635142149926359e+00 1.141137496161924308e-01
1.414588509423023721e+00 1.137407709850192516e-01
1.416544577778368064e+00 1.133689711400768796e-01
1.418503350950968578e+00 1.129983465157160250e-01
1.420464832680999434e+00 1.126288935564593308e-01
1.422429026713806888e+00 1.122606087169746858e-01
1.424395936799915940e+00 1.118934884620484543e-01
1.426365566695037446e+00 1.115275292665591084e-01
1.428337920160076546e+00 1.111627276154502492e-01
1.430313000961137782e+00 1.107990800037046281e-01
1.432290812869534191e+00 1.104365829363173762e-01
1.434271359661793310e+00 1.100752329282697617e-01
1.436254645119664941e+00 1.097150265045028772e-01
1.438240673030128036e+00 1.093559601998914249e-01
1.440229447185398692e+00 1.089980305592173626e-01
1.442220971382936145e+00 1.086412341371441465e-01
1.444215249425450764e+00 1.082855674981904187e-01
1.446212285120911600e+00 1.079310272167038759e-01
1.448212082282553492e+00 1.075776098768355810e-01
1.450214644728883062e+00 1.072253120725142062e-01
1.452219976283688485e+00 1.068741304074196652e-01
1.454228080776044152e+00 1.065240614949581610e-01
1.456238962040320217e+00 1.061751019582356237e-01
1.458252623916188595e+00 1.058272484300327720e-01
1.460269070248630063e+00 1.054804975527791899e-01
1.462288304887943147e+00 1.051348459785277911e-01
1.464310331689750111e+00 1.047902903689295617e-01
1.466335154515004069e+00 1.044468273952081777e-01
1.468362777229998084e+00 1.041044537381342755e-01
1.470393203706370722e+00 1.037631660880006523e-01
1.472426437821114265e+00 1.034229611445968006e-01
1.474462483456582484e+00 1.030838356171837333e-01
1.476501344500497082e+00 1.027457862244691017e-01
1.478543024845955678e+00 1.024088096945818260e-01
1.480587528391439589e+00 1.020729027650474352e-01
1.482634859040820485e+00 1.017380621827628923e-01
1.484685020703368385e+00 1.014042847039718642e-01
1.486738017293759206e+00 1.010715670942399363e-01
1.488793852732081646e+00 1.007399061284296876e-01
1.490852530943845178e+00 1.004092985906763630e-01
1.492914055859987377e+00 1.000797412743627546e-01
1.494978431416881692e+00 9.975123098209498496e-02
1.497045661556344109e+00 9.942376452567794343e-02
1.499115750225642252e+00 9.909733872609069461e-02
1.501188701377500934e+00 9.877195041346216453e-02
1.503264518970111263e+00 9.844759642704685454e-02
1.505343206967137748e+00 9.812427361520038860e-02
1.507424769337725401e+00 9.780197883535550474e-02
1.509509210056508399e+00 9.748070895399761626e-02
1.511596533103615858e+00 9.716046084664115012e-02
1.513686742464681600e+00 9.684123139780480283e-02
1.515779842130850152e+00 9.652301750098821187e-02
1.517875836098785181e+00 9.620581605864758634e-02
1.519974728370676820e+00 9.588962398217205918e-02
1.522076522954248778e+00 9.557443819185981737e-02
1.524181223862767887e+00 9.526025561689407950e-02
1.526288835115049203e+00 9.494707319531978107e-02
1.528399360735465562e+00 9.463488787401901081e-02
1.530512804753954237e+00 9.432369660868682171e-02
1.532629171206025376e+00 9.401349636380874897e-02
1.534748464132769552e+00 9.370428411263753699e-02
1.536870687580864425e+00 9.339605683716989404e-02
1.538995845602584289e+00 9.308881152812269189e-02
1.541123942255806289e+00 9.278254518491022007e-02
1.543254981604018861e+00 9.247725481562033001e-02
1.545388967716329720e+00 9.217293743699157826e-02
1.547525904667472307e+00 9.186959007439010616e-02
1.549665796537815776e+00 9.156720976178622795e-02
1.551808647413370545e+00 9.126579354173176839e-02
1.553954461385797625e+00 9.096533846533658152e-02
1.556103242552415944e+00 9.066584159224626294e-02
1.558254995016209676e+00 9.036729999061854368e-02
1.560409722885836903e+00 9.006971073710118292e-02
1.562567430275637159e+00 8.977307091680850060e-02
1.564728121305638764e+00 8.947737762329922850e-02
1.566891800101567478e+00 8.918262795855351477e-02
1.569058470794854276e+00 8.888881903295038633e-02
1.571228137522642454e+00 8.859594796524521143e-02
1.573400804427796507e+00 8.830401188254734246e-02
1.575576475658909237e+00 8.801300792029731479e-02
1.577755155370310414e+00 8.772293322224475332e-02
1.579936847722074100e+00 8.743378494042602922e-02
1.582121556880027091e+00 8.714556023514169469e-02
1.584309287015756240e+00 8.685825627493459766e-02
1.586500042306617120e+00 8.657187023656742753e-02
1.588693826935741571e+00 8.628639930500074662e-02
1.590890645092045697e+00 8.600184067337091065e-02
1.593090500970238077e+00 8.571819154296789200e-02
1.595293398770827764e+00 8.543544912321354712e-02
1.597499342700132052e+00 8.515361063163955080e-02
1.599708336970284472e+00 8.487267329386551096e-02
1.601920385799243229e+00 8.459263434357719436e-02
1.604135493410799418e+00 8.431349102250482175e-02
1.606353664034583906e+00 8.403524058040141853e-02
1.608574901906077104e+00 8.375788027502088784e-02
1.610799211266615183e+00 8.348140737209676365e-02
1.613026596363400067e+00 8.320581914532036716e-02
1.615257061449506315e+00 8.293111287631950435e-02
1.617490610783889338e+00 8.265728585463687217e-02
1.619727248631394056e+00 8.238433537770890880e-02
1.621966979262762454e+00 8.211225875084411652e-02
1.624209806954642454e+00 8.184105328720199524e-02
1.626455735989595253e+00 8.157071630777190663e-02
1.628704770656104195e+00 8.130124514135146641e-02
1.630956915248582106e+00 8.103263712452590806e-02
1.633212174067380840e+00 8.076488960164668329e-02
1.635470551418798157e+00 8.049799992481057598e-02
1.637732051615086615e+00 8.023196545383858014e-02
1.639996678974461997e+00 7.996678355625511103e-02
1.642264437821110645e+00 7.970245160726702194e-02
1.644535332485198564e+00 7.943896698974292625e-02
1.646809367302879856e+00 7.917632709419218651e-02
1.649086546616304050e+00 7.891452931874447241e-02
1.651366874773624982e+00 7.865357106912872209e-02
1.653650356129009458e+00 7.839344975865292220e-02
1.655936995042644355e+00 7.813416280818322179e-02
1.658226795880746618e+00 7.787570764612347651e-02
1.660519763015570360e+00 7.761808170839494536e-02
1.662815900825415305e+00 7.736128243841565444e-02
1.665115213694635887e+00 7.710530728708003823e-02
1.667417706013648582e+00 7.685015371273880291e-02
1.669723382178941673e+00 7.659581918117829014e-02
1.672032246593081917e+00 7.634230116560075663e-02
1.674344303664724531e+00 7.608959714660365470e-02
1.676659557808620526e+00 7.583770461215995351e-02
1.678978013445626027e+00 7.558662105759775263e-02
1.681299675002709604e+00 7.533634398558045064e-02
1.683624546912962039e+00 7.508687090608649750e-02
1.685952633615603435e+00 7.483819933638985455e-02
1.688283939555992985e+00 7.459032680103976076e-02
1.690618469185636741e+00 7.434325083184106786e-02
1.692956226962195609e+00 7.409696896783447839e-02
1.695297217349495122e+00 7.385147875527661721e-02
1.697641444817533207e+00 7.360677774762057479e-02
1.699988913842488625e+00 7.336286350549606206e-02
1.702339628906729851e+00 7.311973359669007855e-02
1.704693594498823517e+00 7.287738559612694234e-02
1.707050815113542841e+00 7.263581708584937457e-02
1.709411295251876739e+00 7.239502565499841835e-02
1.711775039421037370e+00 7.215500889979460653e-02
1.714142052134469685e+00 7.191576442351811649e-02
1.716512337911859865e+00 7.167728983648986862e-02
1.718885901279143757e+00 7.143958275605201413e-02
1.721262746768515761e+00 7.120264080654879757e-02
1.723642878918437038e+00 7.096646161930741936e-02
1.726026302273644175e+00 7.073104283261888447e-02
1.728413021385159176e+00 7.049638209171893433e-02
1.730803040810295901e+00 7.026247704876907585e-02
1.733196365112671167e+00 7.002932536283748566e-02
1.735592998862210967e+00 6.979692469988030279e-02
1.737992946635161573e+00 6.956527273272238021e-02
1.740396213014096860e+00 6.933436714103884124e-02
1.742802802587927413e+00 6.910420561133610862e-02
1.745212719951908964e+00 6.887478583693308620e-02
1.747625969707651938e+00 6.864610551794263216e-02
1.750042556463129895e+00 6.841816236125271289e-02
1.752462484832687739e+00 6.819095408050804275e-02
1.754885759437051052e+00 6.796447839609133512e-02
1.757312384903335412e+00 6.773873303510484500e-02
1.759742365865054170e+00 6.751371573135189763e-02
1.762175706962127775e+00 6.728942422531850043e-02
1.764612412840893096e+00 6.706585626415491330e-02
1.767052488154111645e+00 6.684300960165742711e-02
1.769495937560978671e+00 6.662088199824989232e-02
1.771942765727132052e+00 6.639947122096570564e-02
1.774392977324661169e+00 6.617877504342942196e-02
1.776846577032116459e+00 6.595879124583868547e-02
1.779303569534516960e+00 6.573951761494617463e-02
1.781763959523360308e+00 6.552095194404156109e-02
1.784227751696632280e+00 6.530309203293321874e-02
1.786694950758813238e+00 6.508593568793075157e-02
1.789165561420890782e+00 6.486948072182655012e-02
1.791639588400365080e+00 6.465372495387831930e-02
1.794117036421260858e+00 6.443866620979102344e-02
1.796597910214134508e+00 6.422430232169908104e-02
1.799082214516083411e+00 6.401063112814883715e-02
1.801569954070756374e+00 6.379765047408059164e-02
1.804061133628360958e+00 6.358535821081109929e-02
1.806555757945673024e+00 6.337375219601598664e-02
1.809053831786046507e+00 6.316283029371200231e-02
1.811555359919421626e+00 6.295259037423979465e-02
1.814060347122334438e+00 6.274303031424607879e-02
1.816568798177926825e+00 6.253414799666637269e-02
1.819080717875953157e+00 6.232594131070774007e-02
1.821596111012792063e+00 6.211840815183117259e-02
1.824114982391454642e+00 6.191154642173439526e-02
1.826637336821592239e+00 6.170535402833479677e-02
1.829163179119508653e+00 6.149982888575181855e-02
1.831692514108166137e+00 6.129496891429010025e-02
1.834225346617196717e+00 6.109077204042221571e-02
1.836761681482911079e+00 6.088723619677157556e-02
1.839301523548306339e+00 6.068435932209548939e-02
1.841844877663077584e+00 6.048213936126794338e-02
1.844391748683625654e+00 6.028057426526287760e-02
1.846942141473066235e+00 6.007966199113708855e-02
1.849496060901240302e+00 5.987940050201349257e-02
1.852053511844722333e+00 5.967978776706417410e-02
1.854614499186830079e+00 5.948082176149366990e-02
1.857179027817634331e+00 5.928250046652211447e-02
1.859747102633967142e+00 5.908482186936867692e-02
1.862318728539432255e+00 5.888778396323481740e-02
1.864893910444413549e+00 5.869138474728766153e-02
1.867472653266085691e+00 5.849562222664338174e-02
1.870054961928422133e+00 5.830049441235078678e-02
1.872640841362204878e+00 5.810599932137465451e-02
1.875230296505034921e+00 5.791213497657936304e-02
1.877823332301340464e+00 5.771889940671254271e-02
1.880419953702386460e+00 5.752629064638853373e-02
1.883020165666285273e+00 5.733430673607216310e-02
1.885623973158003785e+00 5.714294572206255612e-02
1.888231381149375832e+00 5.695220565647660105e-02
1.890842394619109967e+00 5.676208459723295491e-02
1.893457018552797910e+00 5.657258060803591754e-02
1.896075257942927195e+00 5.638369175835909047e-02
1.898697117788887834e+00 5.619541612342945913e-02
1.901322603096982755e+00 5.600775178421130152e-02
1.903951718880438237e+00 5.582069682739018018e-02
1.906584470159412126e+00 5.563424934535697586e-02
1.909220861961004267e+00 5.544840743619199042e-02
1.911860899319266505e+00 5.526316920364892499e-02
1.914504587275210223e+00 5.507853275713933683e-02
1.917151930876819010e+00 5.489449621171648558e-02
1.919802935179055980e+00 5.471105768805976238e-02
1.922457605243873768e+00 5.452821531235247515e-02
1.925115946140225631e+00 5.434596721510237538e-02
1.927777962944072998e+00 5.416431153157937051e-02
1.930443660738396794e+00 5.398324640263148927e-02
1.933113044613206766e+00 5.380276997468408373e-02
1.935786119665550586e+00 5.362288039972396697e-02
1.938462890999524513e+00 5.344357583528381445e-02
1.941143363726282267e+00 5.326485444442630862e-02
1.943827542964045252e+00 5.308671439572867218e-02
1.946515433838112541e+00 5.290915386326697917e-02
1.949207041480869984e+00 5.273217102660057720e-02
1.951902371031800421e+00 5.255576407075660678e-02
1.954601427637494337e+00 5.237993118621450672e-02
1.957304216451657419e+00 5.220467056889062374e-02
1.960010742635123204e+00 5.202998042012273172e-02
1.962721011355860190e+00 5.185585894665472456e-02
1.965435027788984046e+00 5.168230436062130201e-02
1.968152797116766495e+00 5.150931487953261390e-02
1.970874324528644417e+00 5.133688872625918886e-02
1.973599615221231174e+00 5.116502412901655084e-02
1.976328674398326157e+00 5.099371932135016855e-02
1.979061507270923670e+00 5.082297254212029408e-02
1.981798119057224472e+00 5.065278203548693320e-02
1.984538514982643997e+00 5.048314605089474633e-02
1.987282700279824565e+00 5.031406284305809523e-02
1.990030680188643597e+00 5.014553067194599256e-02
1.992782459956223384e+00 4.997754780276734282e-02
1.995538044836942637e+00 4.981011250595586415e-02
1.998297440092445809e+00 4.964322305715542644e-02
2.001060650991652423e+00 4.947687773720508414e-02
2.003827682810768618e+00 4.931107483212443521e-02
2.006598540833294919e+00 4.914581263309888287e-02
2.009373230350040007e+00 4.898108943646477254e-02
2.012151756659126711e+00 4.881690354369503521e-02
2.014934125066004444e+00 4.865325326138433132e-02
2.017720340883459862e+00 4.849013690123452069e-02
2.020510409431624854e+00 4.832755278004025740e-02
2.023304336037988094e+00 4.816549921967442499e-02
2.026102126037405693e+00 4.800397454707350936e-02
2.028903784772109642e+00 4.784297709422347111e-02
2.031709317591720687e+00 4.768250519814511146e-02
2.034518729853255437e+00 4.752255720087993074e-02
2.037332026921138795e+00 4.736313144947559839e-02
2.040149214167213287e+00 4.720422629597190167e-02
2.042970296970748834e+00 4.704584009738638911e-02
2.045795280718455622e+00 4.688797121570017351e-02
2.048624170804490774e+00 4.673061801784381131e-02
2.051456972630470776e+00 4.657377887568318886e-02
2.054293691605481698e+00 4.641745216600545038e-02
2.057134333146088956e+00 4.626163627050480787e-02
2.059978902676347978e+00 4.610632957576880908e-02
2.062827405627814414e+00 4.595153047326408502e-02
2.065679847439554795e+00 4.579723735932256234e-02
2.068536233558155857e+00 4.564344863512759948e-02
2.071396569437737423e+00 4.549016270669992146e-02
2.074260860539959062e+00 4.533737798488413073e-02
2.077129112334034744e+00 4.518509288533448937e-02
2.080001330296739503e+00 4.503330582850163105e-02
2.082877519912422759e+00 4.488201523961846823e-02
2.085757686673017197e+00 4.473121954868662653e-02
2.088641836078048541e+00 4.458091719046301110e-02
2.091529973634649320e+00 4.443110660444584553e-02
2.094422104857565525e+00 4.428178623486134224e-02
2.097318235269169051e+00 4.413295453065013002e-02
2.100218370399469237e+00 4.398460994545366765e-02
2.103122515786120861e+00 4.383675093760087266e-02
2.106030676974436133e+00 4.368937597009465296e-02
2.108942859517396684e+00 4.354248351059850086e-02
2.111859068975660669e+00 4.339607203142317737e-02
2.114779310917576982e+00 4.325014000951334786e-02
2.117703590919193690e+00 4.310468592643431490e-02
2.120631914564269138e+00 4.295970826835881357e-02
2.123564287444283938e+00 4.281520552605363322e-02
2.126500715158448518e+00 4.267117619486671815e-02
2.129441203313717779e+00 4.252761877471369911e-02
2.132385757524798642e+00 4.238453177006502176e-02
2.135334383414162041e+00 4.224191368993279044e-02
2.138287086612054466e+00 4.209976304785765372e-02
2.141243872756506406e+00 4.195807836189598128e-02
2.144204747493345664e+00 4.181685815460667310e-02
2.147169716476206691e+00 4.167610095303840578e-02
2.150138785366541239e+00 4.153580528871654576e-02
2.153111959833629907e+00 4.139596969763053441e-02
2.156089245554593248e+00 4.125659272022075968e-02
2.159070648214400645e+00 4.111767290136602443e-02
2.162056173505884527e+00 4.097920879037054293e-02
2.165045827129747469e+00 4.084119894095138842e-02
2.168039614794575964e+00 4.070364191122572556e-02
2.171037542216849747e+00 4.056653626369811916e-02
2.174039615120952895e+00 4.042988056524797480e-02
2.177045839239185820e+00 4.029367338711686147e-02
2.180056220311775483e+00 4.015791330489598687e-02
2.183070764086885163e+00 4.002259889851372821e-02
2.186089476320628222e+00 3.988772875222298953e-02
2.189112362777076104e+00 3.975330145458886438e-02
2.192139429228271652e+00 3.961931559847613887e-02
2.195170681454238881e+00 3.948576978103698898e-02
2.198206125242993636e+00 3.935266260369847668e-02
2.201245766390556025e+00 3.921999267215037915e-02
2.204289610700961521e+00 3.908775859633269179e-02
2.207337663986269849e+00 3.895595899042351984e-02
2.210389932066577856e+00 3.882459247282692844e-02
2.213446420770031953e+00 3.869365766616034846e-02
2.216507135932835215e+00 3.856315319724296781e-02
2.219572083399262041e+00 3.843307769708315114e-02
2.222641269021668808e+00 3.830342980086649807e-02
2.225714698660503199e+00 3.817420814794388051e-02
2.228792378184317524e+00 3.804541138181918858e-02
2.231874313469778937e+00 3.791703815013747203e-02
2.234960510401680089e+00 3.778908710467299148e-02
2.238050974872951571e+00 3.766155690131714473e-02
2.241145712784672117e+00 3.753444620006671228e-02
2.244244730046081937e+00 3.740775366501177673e-02
2.247348032574590260e+00 3.728147796432419031e-02
2.250455626295789546e+00 3.715561777024547346e-02
2.253567517143467480e+00 3.703017175907509506e-02
2.256683711059614961e+00 3.690513861115889138e-02
2.259804213994440314e+00 3.678051701087714509e-02
2.262929031906379063e+00 3.665630564663302504e-02
2.266058170762106805e+00 3.653250321084087343e-02
2.269191636536549872e+00 3.640910839991456233e-02
2.272329435212895099e+00 3.628611991425603756e-02
2.275471572782604035e+00 3.616353645824359198e-02
2.278618055245423601e+00 3.604135674022036773e-02
2.281768888609395862e+00 3.591957947248299032e-02
2.284924078890870902e+00 3.579820337126993907e-02
2.288083632114518373e+00 3.567722715675020889e-02
2.291247554313339041e+00 3.555664955301188895e-02
2.294415851528675887e+00 3.543646928805069263e-02
2.297588529810225211e+00 3.531668509375879283e-02
2.300765595216048620e+00 3.519729570591340756e-02
2.303947053812586354e+00 3.507829986416542700e-02
2.307132911674664832e+00 3.495969631202834604e-02
2.310323174885512643e+00 3.484148379686689834e-02
2.313517849536768534e+00 3.472366106988595408e-02
2.316716941728496071e+00 3.460622688611931369e-02
2.319920457569193406e+00 3.448918000441855009e-02
2.323128403175804824e+00 3.437251918744197582e-02
2.326340784673734063e+00 3.425624320164354086e-02
2.329557608196854090e+00 3.414035081726177201e-02
2.332778879887519530e+00 3.402484080830880248e-02
2.336004605896579545e+00 3.390971195255936682e-02
2.339234792383388051e+00 3.379496303153976811e-02
2.342469445515815263e+00 3.368059283051719199e-02
2.345708571470262349e+00 3.356660013848850044e-02
2.348952176431668537e+00 3.345298374816957354e-02
2.352200266593527100e+00 3.333974245598453345e-02
2.355452848157894685e+00 3.322687506205472541e-02
2.358709927335405077e+00 3.311438037018808733e-02
2.361971510345278968e+00 3.300225718786833212e-02
2.365237603415337730e+00 3.289050432624430337e-02
2.368508212782013178e+00 3.277912060011933804e-02
2.371783344690363116e+00 3.266810482794032383e-02
2.375063005394077553e+00 3.255745583178749902e-02
2.378347201155497803e+00 3.244717243736342654e-02
2.381635938245620920e+00 3.233725347398276606e-02
2.384929222944117910e+00 3.222769777456147011e-02
2.388227061539343055e+00 3.211850417560647292e-02
2.391529460328344125e+00 3.200967151720504611e-02
2.394836425616878373e+00 3.190119864301447367e-02
2.398147963719422293e+00 3.179308440025149785e-02
2.401464080959182734e+00 3.168532763968199412e-02
2.404784783668111547e+00 3.157792721561061833e-02
2.408110078186914471e+00 3.147088198587044000e-02
2.411439970865067561e+00 3.136419081181254093e-02
2.414774468060824741e+00 3.125785255829584275e-02
2.418113576141232901e+00 3.115186609367681658e-02
2.421457301482142999e+00 3.104623028977276586e-02
2.424805650468222495e+00 3.094094402178074188e-02
2.428158629492967346e+00 3.083600616834387617e-02
2.431516244958714879e+00 3.073141561156404744e-02
2.434878503276654449e+00 3.062717123699181671e-02
2.438245410866841212e+00 3.052327193361623406e-02
2.441616974158208109e+00 3.041971659385468013e-02
2.444993199588577415e+00 3.031650411354303715e-02
2.448374093604674062e+00 3.021363339192543324e-02
2.451759662662136297e+00 3.011110333164443084e-02
2.455149913225530778e+00 3.000891283873087165e-02
2.458544851768362349e+00 2.990706082259412049e-02
2.461944484773086472e+00 2.980554619601197275e-02
2.465348818731124325e+00 2.970436787512091906e-02
2.468757860142872129e+00 2.960352477940615679e-02
2.472171615517714027e+00 2.950301583169186517e-02
2.475590091374037183e+00 2.940283995813126883e-02
2.479013294239240217e+00 2.930299608819698573e-02
2.482441230649749198e+00 2.920348315467119482e-02
2.485873907151028739e+00 2.910430009363591461e-02
2.489311330297592217e+00 2.900544584446334423e-02
2.492753506653019535e+00 2.890691934980609348e-02
2.496200442789964669e+00 2.880871955558770084e-02
2.499652145290170324e+00 2.871084541099283918e-02
2.503108620744480817e+00 2.861329586845778178e-02
2.506569875752854060e+00 2.851606988366090292e-02
2.510035916924374000e+00 2.841916641551303982e-02
2.513506750877263940e+00 2.832258442614797589e-02
2.516982384238898085e+00 2.822632288091308714e-02
2.520462823645815309e+00 2.813038074835967975e-02
2.523948075743732034e+00 2.803475700023367809e-02
2.527438147187552886e+00 2.793945061146621903e-02
2.530933044641385354e+00 2.784446056016420465e-02
2.534432774778552666e+00 2.774978582760097637e-02
2.537937344281604446e+00 2.765542539820696824e-02
2.541446759842332259e+00 2.756137825956040538e-02
2.544961028161779382e+00 2.746764340237804747e-02
2.548480155950257231e+00 2.737421982050579697e-02
2.552004149927353804e+00 2.728110651090974101e-02
2.555533016821950554e+00 2.718830247366666245e-02
2.559066763372233044e+00 2.709580671195496379e-02
2.562605396325703833e+00 2.700361823204560155e-02
2.566148922439196234e+00 2.691173604329284014e-02
2.569697348478887200e+00 2.682015915812513418e-02
2.573250681220308866e+00 2.672888659203616693e-02
2.576808927448363207e+00 2.663791736357567705e-02
2.580372093957333135e+00 2.654725049434053172e-02
2.583940187550898049e+00 2.645688500896559853e-02
2.587513215042145376e+00 2.636681993511488450e-02
2.591091183253581676e+00 2.627705430347249127e-02
2.594674099017149516e+00 2.618758714773378876e-02
2.598261969174238128e+00 2.609841750459636345e-02
2.601854800575695403e+00 2.600954441375130308e-02
2.605452600081844761e+00 2.592096691787416571e-02
2.609055374562494478e+00 2.583268406261629221e-02
2.612663130896952346e+00 2.574469489659594532e-02
2.616275875974039877e+00 2.565699847138950065e-02
2.619893616692102079e+00 2.556959384152278011e-02
2.623516359959025657e+00 2.548248006446214228e-02
2.627144112692247901e+00 2.539565620060594761e-02
2.630776881818770896e+00 2.530912131327580500e-02
2.634414674275176615e+00 2.522287446870790859e-02
2.638057497007637142e+00 2.513691473604437801e-02
2.641705356971931540e+00 2.505124118732469582e-02
2.645358261133456068e+00 2.496585289747706854e-02
2.649016216467238838e+00 2.488074894430989878e-02
2.652679229957952689e+00 2.479592840850319141e-02
2.656347308599928958e+00 2.471139037360013321e-02
2.660020459397170356e+00 2.462713392599849560e-02
2.663698689363365624e+00 2.454315815494217609e-02
2.667382005521900634e+00 2.445946215251282307e-02
2.671070414905873047e+00 2.437604501362134607e-02
2.674763924558107853e+00 2.429290583599953701e-02
2.678462541531165364e+00 2.421004372019166032e-02
2.682166272887361202e+00 2.412745776954618865e-02
2.685875125698774291e+00 2.404514709020737218e-02
2.689589107047264172e+00 2.396311079110695352e-02
2.693308224024483000e+00 2.388134798395594866e-02
2.697032483731888419e+00 2.379985778323630632e-02
2.700761893280757775e+00 2.371863930619268895e-02
2.704496459792202767e+00 2.363769167282428474e-02
2.708236190397180998e+00 2.355701400587662669e-02
2.711981092236511959e+00 2.347660543083332496e-02
2.715731172460886800e+00 2.339646507590806626e-02
2.719486438230887426e+00 2.331659207203637396e-02
2.723246896716996268e+00 2.323698555286753467e-02
2.727012555099609603e+00 2.315764465475656647e-02
2.730783420569053987e+00 2.307856851675611429e-02
2.734559500325599579e+00 2.299975628060839730e-02
2.738340801579470352e+00 2.292120709073727433e-02
2.742127331550863190e+00 2.284292009424017042e-02
2.745919097469956327e+00 2.276489444088021508e-02
2.749716106576927555e+00 2.268712928307815846e-02
2.753518366121966210e+00 2.260962377590452696e-02
2.757325883365286057e+00 2.253237707707179613e-02
2.761138665577140827e+00 2.245538834692635197e-02
2.764956720037837545e+00 2.237865674844076447e-02
2.768780054037749849e+00 2.230218144720589810e-02
2.772608674877333090e+00 2.222596161142309165e-02
2.776442589867136324e+00 2.214999641189641794e-02
2.780281806327818295e+00 2.207428502202489484e-02
2.784126331590161652e+00 2.199882661779464441e-02
2.787976172995084045e+00 2.192362037777136410e-02
2.791831337893655007e+00 2.184866548309243733e-02
2.795691833647108826e+00 2.177396111745936308e-02
2.799557667626858759e+00 2.169950646713002598e-02
2.803428847214511244e+00 2.162530072091113295e-02
2.807305379801879663e+00 2.155134307015051792e-02
2.811187272790999003e+00 2.147763270872960276e-02
2.815074533594139616e+00 2.140416883305580262e-02
2.818967169633820546e+00 2.133095064205495911e-02
2.822865188342826404e+00 2.125797733716382892e-02
2.826768597164217134e+00 2.118524812232257942e-02
2.830677403551347115e+00 2.111276220396728423e-02
2.834591614967876705e+00 2.104051879102244310e-02
2.838511238887785559e+00 2.096851709489355037e-02
2.842436282795389069e+00 2.089675632945968767e-02
2.846366754185353010e+00 2.082523571106605076e-02
2.850302660562704204e+00 2.075395445851666021e-02
2.854244009442849173e+00 2.068291179306694025e-02
2.858190808351585677e+00 2.061210693841633579e-02
2.862143064825118266e+00 2.054153912070112026e-02
2.866100786410072931e+00 2.047120756848693282e-02
2.870063980663510428e+00 2.040111151276159315e-02
2.874032655152940929e+00 2.033125018692787458e-02
2.878006817456340460e+00 2.026162282679613846e-02
2.881986475162161554e+00 2.019222867057720444e-02
2.885971635869351459e+00 2.012306695887518954e-02
2.889962307187364132e+00 2.005413693468020842e-02
2.893958496736176667e+00 1.998543784336127838e-02
2.897960212146303061e+00 1.991696893265921045e-02
2.901967461058806652e+00 1.984872945267946234e-02
2.905980251125319658e+00 1.978071865588501219e-02
2.909998590008052499e+00 1.971293579708930169e-02
2.914022485379811567e+00 1.964538013344922091e-02
2.918051944924013430e+00 1.957805092445797507e-02
2.922086976334698605e+00 1.951094743193818731e-02
2.926127587316547540e+00 1.944406892003475162e-02
2.930173785584893942e+00 1.937741465520798068e-02
2.934225578865739426e+00 1.931098390622659755e-02
2.938282974895770838e+00 1.924477594416080031e-02
2.942345981422371803e+00 1.917879004237533005e-02
2.946414606203638709e+00 1.911302547652258405e-02
2.950488857008397581e+00 1.904748152453572194e-02
2.954568741616214744e+00 1.898215746662180667e-02
2.958654267817414585e+00 1.891705258525500435e-02
2.962745443413095536e+00 1.885216616516969049e-02
2.966842276215140739e+00 1.878749749335368799e-02
2.970944774046237580e+00 1.872304585904144975e-02
2.975052944739888350e+00 1.865881055370741115e-02
2.979166796140429341e+00 1.859479087105905468e-02
2.983286336103043723e+00 1.853098610703032140e-02
2.987411572493774425e+00 1.846739555977485250e-02
2.991542513189544561e+00 1.840401852965932450e-02
2.995679166078167199e+00 1.834085431925676704e-02
2.999821539058362685e+00 1.827790223333990854e-02
3.003969640039775513e+00 1.821516157887452525e-02
3.008123476942984098e+00 1.815263166501289438e-02
3.012283057699522093e+00 1.809031180308712239e-02
3.016448390251890377e+00 1.802820130660260159e-02
3.020619482553571267e+00 1.796629949123148759e-02
3.024796342569046725e+00 1.790460567480608306e-02
3.028978978273809464e+00 1.784311917731242966e-02
3.033167397654382924e+00 1.778183932088366753e-02
3.037361608708333716e+00 1.772076542979365496e-02
3.041561619444286269e+00 1.765989683045050135e-02
3.045767437881940154e+00 1.759923285138378923e-02
3.049979072052083851e+00 1.753877282298991341e-02
3.054196529996611176e+00 1.747851607744789135e-02
3.058419819768535941e+00 1.741846194903031234e-02
3.062648949432007495e+00 1.735860977412041761e-02
3.066883927062325821e+00 1.729895889120564717e-02
3.071124760745958415e+00 1.723950864087116230e-02
3.075371458580553163e+00 1.718025836579351734e-02
3.079624028674955660e+00 1.712120741073428973e-02
3.083882479149225642e+00 1.706235512253372055e-02
3.088146818134648530e+00 1.700370085010432727e-02
3.092417053773756308e+00 1.694524394442469342e-02
3.096693194220338174e+00 1.688698375853310216e-02
3.100975247639458754e+00 1.682891964752125311e-02
3.105263222207474971e+00 1.677105096852800001e-02
3.109557126112046710e+00 1.671337708073319592e-02
3.113856967552158572e+00 1.665589734535137187e-02
3.118162754738130538e+00 1.659861112562554045e-02
3.122474495891636614e+00 1.654151778682104446e-02
3.126792199245719939e+00 1.648461669621938130e-02
3.131115873044806541e+00 1.642790722311203086e-02
3.135445525544724887e+00 1.637138873879433881e-02
3.139781165012717867e+00 1.631506061655937229e-02
3.144122799727460560e+00 1.625892223169189341e-02
3.148470437979075776e+00 1.620297296146216287e-02
3.152824088069150488e+00 1.614721218511997250e-02
3.157183758310749155e+00 1.609163928388856329e-02
3.161549457028433263e+00 1.603625364095861636e-02
3.165921192558273756e+00 1.598105464148220217e-02
3.170298973247869689e+00 1.592604167256682357e-02
3.174682807456362887e+00 1.587121412326944481e-02
3.179072703554454815e+00 1.581657138459044085e-02
3.183468669924419014e+00 1.576211284946784849e-02
3.187870714960122420e+00 1.570783791277125321e-02
3.192278847067038239e+00 1.565374597129593620e-02
3.196693074662262823e+00 1.559983642375705956e-02
3.201113406174531217e+00 1.554610867078370755e-02
3.205539850044233141e+00 1.549256211491307003e-02
3.209972414723429868e+00 1.543919616058457740e-02
3.214411108675870654e+00 1.538601021413411353e-02
3.218855940377007840e+00 1.533300368378818015e-02
3.223306918314012837e+00 1.528017597965813761e-02
3.227764050985795219e+00 1.522752651373440562e-02
3.232227346903012943e+00 1.517505469988074396e-02
3.236696814588094995e+00 1.512275995382847925e-02
3.241172462575255153e+00 1.507064169317077866e-02
3.245654299410507093e+00 1.501869933735703461e-02
3.250142333651683479e+00 1.496693230768701352e-02
3.254636573868447069e+00 1.491534002730536372e-02
3.259137028642313805e+00 1.486392192119585960e-02
3.263643706566664804e+00 1.481267741617574990e-02
3.268156616246764568e+00 1.476160594089021699e-02
3.272675766299777411e+00 1.471070692580665057e-02
3.277201165354779899e+00 1.465997980320924397e-02
3.281732822052784826e+00 1.460942400719322624e-02
3.286270745046751429e+00 1.455903897365941509e-02
3.290814943001604931e+00 1.450882414030865188e-02
3.295365424594251635e+00 1.445877894663629738e-02
3.299922198513597582e+00 1.440890283392667025e-02
3.304485273460560979e+00 1.435919524524763638e-02
3.309054658148093075e+00 1.430965562544506131e-02
3.313630361301194593e+00 1.426028342113736143e-02
3.318212391656928606e+00 1.421107808071012460e-02
3.322800757964441853e+00 1.416203905431061109e-02
3.327395468984976734e+00 1.411316579384236033e-02
3.331996533491892620e+00 1.406445775295982019e-02
3.336603960270679181e+00 1.401591438706292075e-02
3.341217758118976366e+00 1.396753515329175743e-02
3.345837935846588174e+00 1.391931951052121329e-02
3.350464502275498635e+00 1.387126691935565946e-02
3.355097466239894466e+00 1.382337684212357753e-02
3.359736836586175723e+00 1.377564874287232240e-02
3.364382622172975346e+00 1.372808208736277583e-02
3.369034831871177804e+00 1.368067634306414058e-02
3.373693474563930650e+00 1.363343097914862002e-02
3.378358559146667162e+00 1.358634546648626248e-02
3.383030094527121001e+00 1.353941927763960967e-02
3.387708089625342645e+00 1.349265188685860872e-02
3.392392553373717146e+00 1.344604277007537506e-02
3.397083494716982788e+00 1.339959140489896221e-02
3.401780922612242630e+00 1.335329727061030855e-02
3.406484846028988933e+00 1.330715984815698111e-02
3.411195273949115592e+00 1.326117862014810148e-02
3.415912215366936788e+00 1.321535307084920237e-02
3.420635679289204312e+00 1.316968268617713794e-02
3.425365674735122656e+00 1.312416695369499585e-02
3.430102210736368562e+00 1.307880536260703185e-02
3.434845296337109222e+00 1.303359740375355930e-02
3.439594940594016492e+00 1.298854256960598440e-02
3.444351152576286434e+00 1.294364035426170956e-02
3.449113941365653524e+00 1.289889025343917209e-02
3.453883316056413300e+00 1.285429176447279963e-02
3.458659285755435242e+00 1.280984438630804537e-02
3.463441859582182314e+00 1.276554761949643541e-02
3.468231046668727391e+00 1.272140096619058316e-02
3.473026856159770137e+00 1.267740393013924889e-02
3.477829297212656545e+00 1.263355601668245641e-02
3.482638378997394923e+00 1.258985673274652661e-02
3.487454110696673659e+00 1.254630558683921850e-02
3.492276501505878983e+00 1.250290208904479040e-02
3.497105560633112287e+00 1.245964575101924168e-02
3.501941297299206557e+00 1.241653608598534270e-02
3.506783720737746801e+00 1.237357260872783311e-02
3.511632840195085592e+00 1.233075483558863233e-02
3.516488664930361274e+00 1.228808228446198574e-02
3.521351204215516173e+00 1.224555447478965255e-02
3.526220467335310804e+00 1.220317092755622730e-02
3.531096463587348300e+00 1.216093116528420802e-02
3.535979202282085510e+00 1.211883471202937143e-02
3.540868692742856094e+00 1.207688109337597647e-02
3.545764944305884292e+00 1.203506983643205276e-02
3.550667966320303126e+00 1.199340046982467871e-02
3.555577768148176165e+00 1.195187252369527865e-02
3.560494359164511291e+00 1.191048552969495820e-02
3.565417748757279792e+00 1.186923902097979794e-02
3.570347946327434574e+00 1.182813253220625117e-02
3.575284961288929697e+00 1.178716559952639950e-02
3.580228803068732812e+00 1.174633776058347026e-02
3.585179481106850918e+00 1.170564855450707646e-02
3.590137004856342351e+00 1.166509752190869088e-02
3.595101383783337656e+00 1.162468420487704907e-02
3.600072627367058242e+00 1.158440814697353841e-02
3.605050745099829701e+00 1.154426889322769309e-02
3.610035746487106234e+00 1.150426599013259360e-02
3.615027641047486195e+00 1.146439898564036337e-02
3.620026438312728967e+00 1.142466742915760128e-02
3.625032147827775386e+00 1.138507087154092511e-02
3.630044779150761958e+00 1.134560886509248558e-02
3.635064341853045722e+00 1.130628096355539014e-02
3.640090845519217133e+00 1.126708672210936617e-02
3.645124299747120045e+00 1.122802569736618475e-02
3.650164714147871248e+00 1.118909744736528399e-02
3.655212098345874239e+00 1.115030153156935065e-02
3.660266461978844532e+00 1.111163751085985849e-02
3.665327814697823428e+00 1.107310494753266719e-02
3.670396166167197105e+00 1.103470340529369258e-02
3.675471526064715277e+00 1.099643244925446565e-02
3.680553904081512506e+00 1.095829164592777502e-02
3.685643309922118860e+00 1.092028056322335954e-02
3.690739753304487891e+00 1.088239877044352467e-02
3.695843243960010405e+00 1.084464583827882828e-02
3.700953791633532219e+00 1.080702133880379751e-02
3.706071406083376374e+00 1.076952484547256256e-02
3.711196097081356005e+00 1.073215593311466730e-02
3.716327874412799659e+00 1.069491417793068909e-02
3.721466747876565506e+00 1.065779915748804423e-02
3.726612727285062210e+00 1.062081045071673439e-02
3.731765822464267135e+00 1.058394763790505844e-02
3.736926043253742336e+00 1.054721030069548024e-02
3.742093399506658091e+00 1.051059802208032315e-02
3.747267901089809339e+00 1.047411038639762051e-02
3.752449557883634768e+00 1.043774697932691765e-02
3.757638379782234139e+00 1.040150738788512066e-02
3.762834376693390936e+00 1.036539120042228104e-02
3.768037558538585685e+00 1.032939800661751562e-02
3.773247935253021268e+00 1.029352739747481024e-02
3.778465516785637135e+00 1.025777896531891199e-02
3.783690313099130176e+00 1.022215230379124561e-02
3.788922334169975592e+00 1.018664700784576750e-02
3.794161589988439331e+00 1.015126267374493255e-02
3.799408090558605622e+00 1.011599889905555848e-02
3.804661845898391181e+00 1.008085528264479093e-02
3.809922866039564759e+00 1.004583142467606327e-02
3.815191161027768008e+00 1.001092692660503734e-02
3.820466740922531468e+00 9.976141391175610135e-03
3.825749615797297221e+00 9.941474422415833706e-03
3.831039795739437093e+00 9.906925625633949614e-03
3.836337290850270865e+00 9.872494607413755466e-03
3.841642111245087143e+00 9.838180975605534048e-03
3.846954267053159793e+00 9.803984339325068006e-03
3.852273768417770583e+00 9.769904308952548702e-03
3.857600625496228286e+00 9.735940496128610636e-03
3.862934848459884662e+00 9.702092513750475156e-03
3.868276447494158443e+00 9.668359975967946718e-03
3.873625432798551760e+00 9.634742498179554859e-03
3.878981814586669241e+00 9.601239697028644132e-03
3.884345603086240217e+00 9.567851190399483119e-03
3.889716808539136483e+00 9.534576597413383856e-03
3.895095441201391839e+00 9.501415538424845542e-03
3.900481511343222962e+00 9.468367635017694781e-03
3.905875029249044950e+00 9.435432510001272657e-03
3.911276005217497520e+00 9.402609787406564570e-03
3.916684449561459669e+00 9.369899092482380371e-03
3.922100372608070984e+00 9.337300051691626440e-03
3.927523784698752518e+00 9.304812292707390423e-03
3.932954696189221444e+00 9.272435444409256669e-03
3.938393117449518144e+00 9.240169136879501990e-03
3.943839058864022196e+00 9.208013001399293143e-03
3.949292530831471471e+00 9.175966670445016155e-03
3.954753543764984336e+00 9.144029777684451257e-03
3.960222108092075644e+00 9.112201957973136909e-03
3.965698234254681598e+00 9.080482847350551667e-03
3.971181932709176632e+00 9.048872083036525044e-03
3.976673213926394723e+00 9.017369303427400298e-03
3.982172088391647602e+00 8.985974148092514685e-03
3.987678566604746955e+00 8.954686257770388264e-03
3.993192659080022189e+00 8.923505274365136491e-03
3.998714376346342192e+00 8.892430840942806489e-03
4.004243728947135317e+00 8.861462601727741056e-03
4.009780727440410253e+00 8.830600202098902798e-03
4.015325382398773790e+00 8.799843288586345694e-03
4.020877704409451248e+00 8.769191508867540952e-03
4.026437704074308677e+00 8.738644511763796544e-03
4.032005392009874178e+00 8.708201947236666324e-03
4.037580778847354779e+00 8.677863466384395583e-03
4.043163875232657745e+00 8.647628721438357924e-03
4.048754691826409235e+00 8.617497365759474795e-03
4.054353239303981837e+00 8.587469053834692265e-03
4.059959528355505221e+00 8.557543441273456064e-03
4.065573569685894562e+00 8.527720184804155404e-03
4.071195374014864754e+00 8.497998942270677813e-03
4.076824952076957054e+00 8.468379372628832141e-03
4.082462314621551513e+00 8.438861135942922476e-03
4.088107472412896293e+00 8.409443893382237065e-03
4.093760436230122757e+00 8.380127307217571930e-03
4.099421216867267681e+00 8.350911040817809994e-03
4.105089825133294568e+00 8.321794758646430812e-03
4.110766271852110521e+00 8.292778126258096641e-03
4.116450567862592003e+00 8.263860810295235032e-03
4.122142724018602600e+00 8.235042478484602343e-03
4.127842751189015225e+00 8.206322799633869805e-03
4.133550660257732545e+00 8.177701443628251216e-03
4.139266462123704748e+00 8.149178081427120232e-03
4.144990167700953521e+00 8.120752385060613782e-03
4.150721787918595140e+00 8.092424027626251085e-03
4.156461333720856466e+00 8.064192683285627272e-03
4.162208816067097139e+00 8.036058027261023737e-03
4.167964245931831790e+00 8.008019735832119096e-03
4.173727634304750467e+00 7.980077486332608216e-03
4.179498992190739948e+00 7.952230957146916648e-03
4.185278330609904174e+00 7.924479827706904650e-03
4.191065660597586451e+00 7.896823778488550397e-03
4.196860993204388102e+00 7.869262491008690436e-03
4.202664339496189783e+00 7.841795647821694221e-03
4.208475710554176352e+00 7.814422932516272222e-03
4.214295117474855523e+00 7.787144029712145255e-03
4.220122571370078290e+00 7.759958625056857795e-03
4.225958083367061136e+00 7.732866405222496749e-03
4.231801664608404678e+00 7.705867057902517775e-03
4.237653326252121211e+00 7.678960271808448444e-03
4.243513079471650684e+00 7.652145736666768339e-03
4.249380935455882913e+00 7.625423143215652108e-03
4.255256905409179780e+00 7.598792183201805335e-03
4.261141000551396552e+00 7.572252549377293460e-03
4.267033232117901420e+00 7.545803935496345552e-03
4.272933611359602146e+00 7.519446036312227473e-03
4.278842149542961160e+00 7.493178547574053452e-03
4.284758857950021316e+00 7.467001166023700016e-03
4.290683747878426324e+00 7.440913589392623637e-03
4.296616830641439400e+00 7.414915516398781596e-03
4.302558117567971685e+00 7.389006646743466120e-03
4.308507620002595573e+00 7.363186681108283352e-03
4.314465349305574016e+00 7.337455321151967538e-03
4.320431316852878290e+00 7.311812269507366076e-03
4.326405534036206646e+00 7.286257229778361245e-03
4.332388012263013621e+00 7.260789906536739037e-03
4.338378762956525136e+00 7.235410005319240119e-03
4.344377797555765142e+00 7.210117232624400907e-03
4.350385127515576045e+00 7.184911295909588921e-03
4.356400764306633810e+00 7.159791903587995644e-03
4.362424719415482599e+00 7.134758765025518354e-03
4.368457004344546313e+00 7.109811590537837983e-03
4.374497630612156129e+00 7.084950091387404170e-03
4.380546609752570930e+00 7.060173979780408164e-03
4.386603953315995064e+00 7.035482968863830330e-03
4.392669672868607655e+00 7.010876772722477238e-03
4.398743779992582148e+00 6.986355106375978855e-03
4.404826286286104953e+00 6.961917685775849927e-03
4.410917203363401207e+00 6.937564227802576512e-03
4.417016542854758754e+00 6.913294450262608831e-03
4.423124316406541467e+00 6.889108071885527602e-03
4.429240535681223001e+00 6.865004812321017814e-03
4.435365212357401887e+00 6.840984392136044596e-03
4.441498358129825519e+00 6.817046532811898117e-03
4.447639984709413241e+00 6.793190956741331291e-03
4.453790103823276780e+00 6.769417387225660186e-03
4.459948727214744224e+00 6.745725548471893061e-03
4.466115866643383114e+00 6.722115165589859394e-03
4.472291533885020876e+00 6.698585964589357129e-03
4.478475740731770571e+00 6.675137672377284316e-03
4.484668498992047780e+00 6.651770016754842731e-03
4.490869820490598130e+00 6.628482726414662574e-03
4.497079717068518612e+00 6.605275530937980942e-03
4.503298200583279787e+00 6.582148160791864537e-03
4.509525282908749766e+00 6.559100347326351707e-03
4.515760975935211086e+00 6.536131822771704646e-03
4.522005291569393570e+00 6.513242320235573986e-03
4.528258241734488543e+00 6.490431573700250999e-03
4.534519838370174583e+00 6.467699318019873821e-03
4.540790093432640617e+00 6.445045288917686591e-03
4.547069018894609904e+00 6.422469222983257821e-03
4.553356626745357794e+00 6.399970857669748207e-03
4.559652928990740151e+00 6.377549931291171502e-03
4.565957937653216447e+00 6.355206183019655383e-03
4.572271664771867528e+00 6.332939352882721411e-03
4.578594122402423139e+00 6.310749181760581458e-03
4.584925322617282362e+00 6.288635411383426341e-03
4.591265277505538478e+00 6.266597784328716177e-03
4.597613999173002064e+00 6.244636044018496771e-03
4.603971499742223195e+00 6.222749934716734210e-03
4.610337791352513648e+00 6.200939201526632985e-03
4.616712886159971774e+00 6.179203590387948898e-03
4.623096796337504699e+00 6.157542848074374839e-03
4.629489534074853196e+00 6.135956722190845890e-03
4.635891111578613888e+00 6.114444961170937241e-03
4.642301541072261450e+00 6.093007314274209198e-03
4.648720834796174373e+00 6.071643531583581672e-03
4.655149005007653606e+00 6.050353364002741645e-03
4.661586063980952765e+00 6.029136563253516788e-03
4.668032024007296776e+00 6.007992881873249966e-03
4.674486897394907636e+00 5.986922073212263933e-03
4.680950696469025729e+00 5.965923891431228025e-03
4.687423433571932918e+00 5.944998091498616792e-03
4.693905121062981856e+00 5.924144429188088826e-03
4.700395771318612859e+00 5.903362661075997435e-03
4.706895396732380554e+00 5.882652544538768610e-03
4.713404009714978748e+00 5.862013837750396084e-03
4.719921622694259078e+00 5.841446299679916437e-03
4.726448248115260320e+00 5.820949690088815694e-03
4.732983898440231485e+00 5.800523769528573813e-03
4.739528586148650469e+00 5.780168299338131130e-03
4.746082323737256914e+00 5.759883041641337444e-03
4.752645123720063758e+00 5.739667759344527741e-03
4.759216998628394535e+00 5.719522216133974754e-03
4.765797961010896699e+00 5.699446176473428258e-03
4.772388023433571824e+00 5.679439405601618800e-03
4.778987198479797804e+00 5.659501669529822150e-03
4.785595498750351950e+00 5.639632735039360432e-03
4.792212936863433193e+00 5.619832369679184786e-03
4.798839525454693167e+00 5.600100341763400782e-03
4.805475277177252202e+00 5.580436420368835478e-03
4.812120204701730408e+00 5.560840375332618338e-03
4.818774320716266324e+00 5.541311977249750026e-03
4.825437637926543566e+00 5.521850997470628686e-03
4.832110169055814808e+00 5.502457208065660715e-03
4.838791926844927538e+00 5.483130381765634852e-03
4.845482924052346263e+00 5.463870292035877263e-03
4.852183173454179155e+00 5.444676713089517846e-03
4.858892687844196701e+00 5.425549419885099776e-03
4.865611480033864567e+00 5.406488188124176052e-03
4.872339562852362249e+00 5.387492794248930315e-03
4.879076949146609721e+00 5.368563015439795950e-03
4.885823651781291410e+00 5.349698629613112467e-03
4.892579683638881960e+00 5.330899415418741995e-03
4.899345057619665766e+00 5.312165152237731738e-03
4.906119786641768066e+00 5.293495620179961697e-03
4.912903883641178915e+00 5.274890600081816663e-03
4.919697361571773619e+00 5.256349873503823530e-03
4.926500233405342044e+00 5.237873222728366661e-03
4.933312512131605487e+00 5.219460430757372899e-03
4.940134210758253985e+00 5.201111281309968824e-03
4.946965342310961411e+00 5.182825558820192656e-03
4.953805919833414784e+00 5.164603048434715689e-03
4.960655956387335586e+00 5.146443536010528175e-03
4.967515465052506407e+00 5.128346808112701528e-03
4.974384458926799368e+00 5.110312652012055992e-03
4.981262951126196548e+00 5.092340855682935853e-03
4.988150954784815738e+00 5.074431207800946496e-03
4.995048483054937982e+00 5.056583497740693191e-03
5.001955549107028887e+00 5.038797515573522484e-03
5.008872166129767933e+00 5.021073052065313028e-03
5.015798347330071572e+00 5.003409898674223907e-03
5.022734105933116311e+00 4.985807847548476800e-03
5.029679455182369807e+00 4.968266691524142464e-03
5.036634408339611291e+00 4.950786224122912492e-03
5.043598978684953771e+00 4.933366239549914420e-03
5.050573179516880451e+00 4.916006532691503429e-03
5.057557024152259828e+00 4.898706899113085267e-03
5.064550525926375002e+00 4.881467135056914014e-03
5.071553698192950321e+00 4.864287037439931488e-03
5.078566554324172699e+00 4.847166403851587563e-03
5.085589107710722701e+00 4.830105032551666559e-03
5.092621371761794968e+00 4.813102722468178690e-03
5.099663359905128424e+00 4.796159273195142216e-03
5.106715085587029357e+00 4.779274484990480958e-03
5.113776562272394521e+00 4.762448158773895796e-03
5.120847803444741331e+00 4.745680096124707537e-03
5.127928822606234505e+00 4.728970099279728410e-03
5.135019633277705609e+00 4.712317971131215096e-03
5.142120248998685916e+00 4.695723515224636130e-03
5.149230683327425062e+00 4.679186535756695194e-03
5.156350949840923015e+00 4.662706837573157501e-03
5.163481062134954058e+00 4.646284226166764661e-03
5.170621033824092549e+00 4.629918507675190309e-03
5.177770878541737787e+00 4.613609488878920271e-03
5.184930609940144208e+00 4.597356977199199522e-03
5.192100241690437379e+00 4.581160780695978270e-03
5.199279787482653070e+00 4.565020708065833759e-03
5.206469261025756801e+00 4.548936568639928499e-03
5.213668676047668704e+00 4.532908172381957222e-03
5.220878046295294617e+00 4.516935329886120724e-03
5.228097385534544728e+00 4.501017852375099708e-03
5.235326707550367331e+00 4.485155551697981788e-03
5.242566026146772806e+00 4.469348240328307326e-03
5.249815355146858487e+00 4.453595731361999904e-03
5.257074708392837081e+00 4.437897838515400886e-03
5.264344099746059769e+00 4.422254376123234583e-03
5.271623543087046393e+00 4.406665159136644548e-03
5.278913052315511223e+00 4.391130003121165686e-03
5.286212641350388708e+00 4.375648724254783094e-03
5.293522324129858347e+00 4.360221139325931930e-03
5.300842114611377554e+00 4.344847065731525029e-03
5.308172026771695862e+00 4.329526321475004810e-03
5.315512074606897563e+00 4.314258725164376966e-03
5.322862272132415917e+00 4.299044096010253696e-03
5.330222633383066899e+00 4.283882253823903877e-03
5.337593172413074072e+00 4.268773019015330988e-03
5.344973903296089901e+00 4.253716212591345837e-03
5.352364840125233947e+00 4.238711656153595041e-03
5.359765997013108851e+00 4.223759171896682325e-03
5.367177388091835866e+00 4.208858582606226501e-03
5.374599027513076166e+00 4.194009711656988826e-03
5.382030929448056611e+00 4.179212383010911906e-03
5.389473108087603492e+00 4.164466421215280018e-03
5.396925577642165628e+00 4.149771651400783155e-03
5.404388352341841006e+00 4.135127899279665217e-03
5.411861446436405210e+00 4.120534991143801930e-03
5.419344874195336281e+00 4.105992753862895868e-03
5.426838649907846701e+00 4.091501014882512749e-03
5.434342787882905590e+00 4.077059602222315483e-03
5.441857302449269795e+00 4.062668344474135163e-03
5.449382207955508761e+00 4.048327070800159140e-03
5.456917518770034725e+00 4.034035610931074878e-03
5.464463249281123147e+00 4.019793795164238077e-03
5.472019413896951789e+00 4.005601454361807853e-03
5.479586027045618479e+00 3.991458419948966038e-03
5.487163103175172196e+00 3.977364523912067969e-03
5.494750656753641493e+00 3.963319598796818423e-03
5.502348702269059366e+00 3.949323477706492662e-03
5.509957254229492563e+00 3.935375994300088082e-03
5.517576327163071781e+00 3.921476982790560867e-03
5.525205935618015651e+00 3.907626277943021878e-03
5.532846094162660044e+00 3.893823715072933407e-03
5.540496817385482942e+00 3.880069130044356239e-03
5.548158119895138185e+00 3.866362359268141636e-03
5.555830016320480347e+00 3.852703239700176231e-03
5.563512521310591374e+00 3.839091608839619117e-03
5.571205649534809012e+00 3.825527304727128087e-03
5.578909415682758777e+00 3.812010165943124484e-03
5.586623834464373495e+00 3.798540031606019874e-03
5.594348920609929721e+00 3.785116741370489566e-03
5.602084688870073492e+00 3.771740135425733983e-03
5.609831154015846977e+00 3.758410054493726161e-03
5.617588330838717781e+00 3.745126339827509112e-03
5.625356234150604706e+00 3.731888833209474551e-03
5.633134878783911503e+00 3.718697376949610389e-03
5.640924279591549073e+00 3.705551813883837566e-03
5.648724451446968331e+00 3.692451987372261015e-03
5.656535409244188628e+00 3.679397741297490889e-03
5.664357167897819956e+00 3.666388920062966378e-03
5.672189742343098473e+00 3.653425368591226626e-03
5.680033147535914040e+00 3.640506932322234990e-03
5.687887398452834198e+00 3.627633457211732783e-03
5.695752510091139698e+00 3.614804789729517132e-03
5.703628497468844039e+00 3.602020776857813803e-03
5.711515375624731661e+00 3.589281266089588886e-03
5.719413159618381037e+00 3.576586105426891263e-03
5.727321864530193984e+00 3.563935143379214597e-03
5.735241505461426748e+00 3.551328228961838068e-03
5.743172097534217535e+00 3.538765211694170146e-03
5.751113655891612275e+00 3.526245941598153948e-03
5.759066195697598367e+00 3.513770269196587158e-03
5.767029732137132214e+00 3.501338045511517404e-03
5.775004280416167646e+00 3.488949122062622900e-03
5.782989855761685227e+00 3.476603350865588304e-03
5.790986473421718017e+00 3.464300584430484928e-03
5.798994148665387982e+00 3.452040675760179988e-03
5.807012896782928202e+00 3.439823478348731124e-03
5.815042733085716620e+00 3.427648846179771804e-03
5.823083672906304464e+00 3.415516633724951373e-03
5.831135731598438454e+00 3.403426695942314822e-03
5.839198924537103430e+00 3.391378888274743271e-03
5.847273267118541007e+00 3.379373066648361061e-03
5.855358774760283325e+00 3.367409087470987512e-03
5.863455462901181470e+00 3.355486807630541843e-03
5.871563347001434785e+00 3.343606084493494068e-03
5.879682442542620180e+00 3.331766775903318486e-03
5.887812765027723216e+00 3.319968740178924193e-03
5.895954329981166531e+00 3.308211836113102502e-03
5.904107152948840032e+00 3.296495922971019905e-03
5.912271249498130210e+00 3.284820860488634701e-03
5.920446635217947673e+00 3.273186508871196460e-03
5.928633325718760894e+00 3.261592728791707762e-03
5.936831336632625522e+00 3.250039381389394598e-03
5.945040683613211030e+00 3.238526328268200635e-03
5.953261382335834462e+00 3.227053431495262390e-03
5.961493448497483527e+00 3.215620553599404796e-03
5.969736897816857457e+00 3.204227557569645866e-03
5.977991746034388321e+00 3.192874306853673606e-03
5.986258008912273887e+00 3.181560665356378877e-03
5.994535702234507824e+00 3.170286497438345313e-03
6.002824841806909006e+00 3.159051667914381748e-03
6.011125443457152606e+00 3.147856042052024281e-03
6.019437523034800286e+00 3.136699485570073036e-03
6.027761096411331287e+00 3.125581864637102473e-03
6.036096179480169077e+00 3.114503045870025896e-03
6.044442788156718649e+00 3.103462896332605334e-03
6.052800938378385176e+00 3.092461283534013016e-03
6.061170646104619308e+00 3.081498075427362496e-03
6.069551927316935824e+00 3.070573140408267964e-03
6.077944798018950046e+00 3.059686347313054014e-03
6.086349274236408924e+00 3.048837565409104940e-03
6.094765372017212357e+00 3.038026664393464818e-03
6.103193107431458486e+00 3.027253514399775962e-03
6.111632496571464124e+00 3.016517985997258042e-03
6.120083555551798504e+00 3.005819950189302526e-03
6.128546300509313483e+00 2.995159278412028083e-03
6.137020747603173731e+00 2.984535842532882403e-03
6.145506913014890493e+00 2.973949514849218417e-03
6.154004812948349112e+00 2.963400168086916496e-03
6.162514463629841899e+00 2.952887675398955039e-03
6.171035881308100990e+00 2.942411910364015320e-03
6.179569082254320556e+00 2.931972746985125368e-03
6.188114082762200319e+00 2.921570059688219714e-03
6.196670899147968647e+00 2.911203723320793246e-03
6.205239547750416307e+00 2.900873613150520801e-03
6.213820044930924880e+00 2.890579604863861146e-03
6.222412407073504959e+00 2.880321574564705632e-03
6.231016650584815686e+00 2.870099398773011661e-03
6.239632791894207386e+00 2.859912954423427054e-03
6.248260847453749989e+00 2.849762118863949541e-03
6.256900833738259671e+00 2.839646769854569774e-03
6.265552767245337940e+00 2.829566785565910438e-03
6.274216664495391171e+00 2.819522044577906124e-03
6.282892542031677685e+00 2.809512425878439839e-03
6.291580416420329058e+00 2.799537808862015940e-03
6.300280304250382102e+00 2.789598073328437410e-03
6.308992222133817940e+00 2.779693099481463179e-03
6.317716186705579773e+00 2.769822767927506216e-03
6.326452214623621728e+00 2.759986959674285648e-03
6.335200322568927511e+00 2.750185556129546103e-03
6.343960527245549486e+00 2.740418439099710259e-03
6.352732845380636206e+00 2.730685490788605993e-03
6.361517293724469724e+00 2.720986593796144958e-03
6.370313889050487788e+00 2.711321631117038881e-03
6.379122648155327369e+00 2.701690486139481182e-03
6.387943587858849526e+00 2.692093042643887990e-03
6.396776725004174047e+00 2.682529184801590600e-03
6.405622076457713199e+00 2.672998797173560450e-03
6.414479659109196596e+00 2.663501764709135834e-03
6.423349489871712947e+00 2.654037972744743411e-03
6.432231585681736696e+00 2.644607307002629689e-03
6.441125963499162665e+00 2.635209653589599878e-03
6.450032640307337140e+00 2.625844898995747211e-03
6.458951633113088064e+00 2.616512930093207838e-03
6.467882958946764127e+00 2.607213634134896655e-03
6.476826634862261400e+00 2.597946898753266103e-03
6.485782677937057095e+00 2.588712611959058472e-03
6.494751105272246861e+00 2.579510662140059932e-03
6.503731933992566105e+00 2.570340938059867148e-03
6.512725181246435291e+00 2.561203328856655193e-03
6.521730864205987466e+00 2.552097724041950660e-03
6.530749000067099352e+00 2.543024013499387004e-03
6.539779606049426874e+00 2.533982087483519722e-03
6.548822699396437130e+00 2.524971836618570848e-03
6.557878297375437704e+00 2.515993151897227657e-03
6.566946417277618409e+00 2.507045924679450043e-03
6.576027076418075268e+00 2.498130046691235395e-03
6.585120292135848707e+00 2.489245410023441588e-03
6.594226081793958194e+00 2.480391907130565735e-03
6.603344462779424440e+00 2.471569430829576291e-03
6.612475452503318252e+00 2.462777874298688763e-03
6.621619068400783625e+00 2.454017131076214296e-03
6.630775327931072383e+00 2.445287095059347528e-03
6.639944248577583252e+00 2.436587660502994353e-03
6.649125847847882298e+00 2.427918722018614864e-03
6.658320143273751768e+00 2.419280174573025088e-03
6.667527152411214963e+00 2.410671913487240359e-03
6.676746892840570879e+00 2.402093834435317828e-03
6.685979382166427953e+00 2.393545833443175980e-03
6.695224638017739593e+00 2.385027806887462295e-03
6.704482678047831712e+00 2.376539651494372334e-03
6.713753519934446246e+00 2.368081264338524772e-03
6.723037181379766913e+00 2.359652542841806071e-03
6.732333680110456520e+00 2.351253384772219058e-03
6.741643033877691593e+00 2.342883688242756220e-03
6.750965260457189032e+00 2.334543351710261731e-03
6.760300377649250514e+00 2.326232273974294766e-03
6.769648403278791804e+00 2.317950354176000205e-03
6.779009355195374731e+00 2.309697491797005342e-03
6.788383251273246266e+00 2.301473586658258057e-03
6.797770109411362505e+00 2.293278538918963431e-03
6.807169947533437515e+00 2.285112249075414541e-03
6.816582783587967320e+00 2.276974617959921267e-03
6.826008635548265424e+00 2.268865546739688797e-03
6.835447521412501892e+00 2.260784936915717375e-03
6.844899459203728220e+00 2.252732690321705093e-03
6.854364466969924408e+00 2.244708709122943298e-03
6.863842562784023826e+00 2.236712895815235868e-03
6.873333764743951413e+00 2.228745153223799826e-03
6.882838090972656531e+00 2.220805384502188510e-03
6.892355559618151162e+00 2.212893493131196099e-03
6.901886188853538329e+00 2.205009382917803330e-03
6.911429996877052950e+00 2.197152957994075520e-03
6.920987001912094705e+00 2.189324122816110885e-03
6.930557222207260004e+00 2.181522782162957641e-03
6.940140676036383738e+00 2.173748841135557993e-03
6.949737381698561478e+00 2.166002205155682578e-03
6.959347357518199217e+00 2.158282779964882259e-03
6.968970621845040014e+00 2.150590471623415201e-03
6.978607193054200408e+00 2.142925186509212539e-03
6.988257089546205947e+00 2.135286831316821066e-03
6.997920329747023160e+00 2.127675313056361095e-03
7.007596932108102195e+00 2.120090539052489099e-03
7.017286915106404344e+00 2.112532416943352538e-03
7.026990297244443795e+00 2.105000854679562466e-03
7.036707097050316939e+00 2.097495760523156606e-03
7.046437333077739673e+00 2.090017043046572386e-03
7.056181023906085592e+00 2.082564611131628666e-03
7.065938188140420628e+00 2.075138373968493134e-03
7.075708844411534137e+00 2.067738241054675307e-03
7.085493011375980643e+00 2.060364122194008243e-03
7.095290707716112699e+00 2.053015927495624622e-03
7.105101952140112864e+00 2.045693567372977063e-03
7.114926763382036334e+00 2.038396952542804660e-03
7.124765160201842917e+00 2.031125994024138987e-03
7.134617161385433448e+00 2.023880603137314434e-03
7.144482785744687092e+00 2.016660691502962510e-03
7.154362052117490656e+00 2.009466171041030848e-03
7.164254979367782994e+00 2.002296953969778803e-03
7.174161586385589651e+00 1.995152952804803842e-03
7.184081892087053056e+00 1.988034080358052312e-03
7.194015915414477824e+00 1.980940249736844964e-03
7.203963675336353845e+00 1.973871374342898131e-03
7.213925190847406022e+00 1.966827367871346651e-03
7.223900480968624471e+00 1.959808144309778052e-03
7.233889564747300049e+00 1.952813617937267186e-03
7.243892461257061655e+00 1.945843703323405643e-03
7.253909189597915308e+00 1.938898315327348314e-03
7.263939768896272575e+00 1.931977369096850392e-03
7.273984218304998528e+00 1.925080780067315884e-03
7.284042557003439278e+00 1.918208463960841123e-03
7.294114804197462831e+00 1.911360336785271298e-03
7.304200979119497283e+00 1.904536314833251559e-03
7.314301101028558350e+00 1.897736314681292436e-03
7.324415189210299104e+00 1.890960253188819209e-03
7.334543262977036626e+00 1.884208047497236676e-03
7.344685341667796408e+00 1.877479615029006062e-03
7.354841444648343440e+00 1.870774873486699599e-03
7.365011591311218631e+00 1.864093740852093908e-03
7.375195801075783208e+00 1.857436135385219164e-03
7.385394093388248926e+00 1.850801975623463103e-03
7.395606487721718025e+00 1.844191180380628419e-03
7.405833003576222318e+00 1.837603668746035914e-03
7.416073660478749829e+00 1.831039360083613335e-03
7.426328477983297205e+00 1.824498174030963170e-03
7.436597475670899904e+00 1.817980030498481852e-03
7.446880673149667729e+00 1.811484849668434493e-03
7.457178090054823905e+00 1.805012551994074300e-03
7.467489746048745047e+00 1.798563058198726855e-03
7.477815660820993138e+00 1.792136289274903239e-03
7.488155854088359042e+00 1.785732166483408817e-03
7.498510345594897153e+00 1.779350611352453109e-03
7.508879155111963577e+00 1.772991545676759441e-03
7.519262302438256995e+00 1.766654891516682624e-03
7.529659807399845306e+00 1.760340571197332050e-03
7.540071689850218917e+00 1.754048507307686550e-03
7.550497969670318277e+00 1.747778622699734620e-03
7.560938666768576510e+00 1.741530840487578004e-03
7.571393801080956720e+00 1.735305084046577344e-03
7.581863392570982185e+00 1.729101277012492837e-03
7.592347461229789651e+00 1.722919343280598665e-03
7.602846027076154201e+00 1.716759207004847935e-03
7.613359110156536325e+00 1.710620792596983207e-03
7.623886730545113011e+00 1.704504024725711627e-03
7.634428908343823927e+00 1.698408828315826945e-03
7.644985663682397181e+00 1.692335128547387685e-03
7.655557016718403496e+00 1.686282850852398622e-03
7.666142987637284634e+00 1.680251920901584166e-03
7.676743596652395141e+00 1.674242264613018177e-03
7.687358864005040537e+00 1.668253808156954518e-03
7.697988809964511070e+00 1.662286477955018027e-03
7.708633454828130560e+00 1.656340200679351678e-03
7.719292818921287491e+00 1.650414903251790858e-03
7.729966922597476753e+00 1.644510512843030264e-03
7.740655786238338720e+00 1.638626956871798608e-03
7.751359430253691229e+00 1.632764163004026383e-03
7.762077875081581091e+00 1.626922059152023387e-03
7.772811141188314288e+00 1.621100573473670779e-03
7.783559249068496833e+00 1.615299634371580384e-03
7.794322219245076511e+00 1.609519170492298241e-03
7.805100072269373079e+00 1.603759110725492968e-03
7.815892828721133334e+00 1.598019384203124829e-03
7.826700509208555090e+00 1.592299920298666412e-03
7.837523134368336031e+00 1.586600648626275596e-03
7.848360724865709237e+00 1.580921499040007774e-03
7.859213301394484041e+00 1.575262401633001396e-03
7.870080884677079780e+00 1.569623286736705151e-03
7.880963495464576418e+00 1.564004084920057446e-03
7.891861154536745637e+00 1.558404726988704908e-03
7.902773882702094355e+00 1.552825143984225883e-03
7.913701700797903804e+00 1.547265267183322917e-03
7.924644629690262398e+00 1.541725028097054064e-03
7.935602690274119020e+00 1.536204358470039891e-03
7.946575903473313218e+00 1.530703190279697609e-03
7.957564290240617844e+00 1.525221455735450678e-03
7.968567871557779903e+00 1.519759087277965971e-03
7.979586668435554309e+00 1.514316017578376831e-03
7.990620701913756285e+00 1.508892179537519142e-03
8.001669993061289787e+00 1.503487506285155258e-03
8.012734562976197239e+00 1.498101931179219182e-03
8.023814432785689732e+00 1.492735387805052853e-03
8.034909623646194987e+00 1.487387809974645902e-03
8.046020156743395546e+00 1.482059131725882353e-03
8.057146053292271404e+00 1.476749287321780591e-03
8.068287334537131983e+00 1.471458211249746136e-03
8.079444021751669425e+00 1.466185838220823321e-03
8.090616136238994116e+00 1.460932103168946549e-03
8.101803699331661335e+00 1.455696941250200858e-03
8.113006732391740528e+00 1.450480287842063638e-03
8.124225256810829521e+00 1.445282078542697076e-03
8.135459294010111364e+00 1.440102249170169919e-03
8.146708865440391634e+00 1.434940735761758377e-03
8.157973992582126854e+00 1.429797474573200845e-03
8.169254696945490224e+00 1.424672402077961295e-03
8.180551000070389378e+00 1.419565454966507413e-03
8.191862923526521456e+00 1.414476570145593295e-03
8.203190488913408629e+00 1.409405684737520667e-03
8.214533717860438955e+00 1.404352736079434805e-03
8.225892632026912565e+00 1.399317661722593569e-03
8.237267253102075415e+00 1.394300399431660500e-03
8.248657602805167244e+00 1.389300887183987730e-03
8.260063702885464210e+00 1.384319063168902575e-03
8.271485575122312639e+00 1.379354865787003892e-03
8.282923241325173436e+00 1.374408233649456260e-03
8.294376723333668266e+00 1.369479105577275707e-03
8.305846043017620417e+00 1.364567420600641678e-03
8.317331222277088543e+00 1.359673117958189051e-03
8.328832283042419959e+00 1.354796137096307956e-03
8.340349247274282618e+00 1.349936417668461813e-03
8.351882136963713066e+00 1.345093899534484340e-03
8.363430974132157303e+00 1.340268522759886088e-03
8.374995780831511638e+00 1.335460227615175525e-03
8.386576579144167098e+00 1.330668954575168605e-03
8.398173391183044956e+00 1.325894644318307896e-03
8.409786239091648241e+00 1.321137237725972810e-03
8.421415145044097272e+00 1.316396675881810864e-03
8.433060131245175839e+00 1.311672900071051166e-03
8.444721219930375611e+00 1.306965851779838712e-03
8.456398433365926337e+00 1.302275472694558065e-03
8.468091793848852689e+00 1.297601704701157460e-03
8.479801323707011562e+00 1.292944489884487224e-03
8.491527045299132936e+00 1.288303770527632775e-03
8.503268981014866057e+00 1.283679489111250443e-03
8.515027153274818517e+00 1.279071588312900029e-03
8.526801584530597111e+00 1.274480011006395592e-03
8.538592297264862907e+00 1.269904700261139524e-03
8.550399313991357886e+00 1.265345599341473554e-03
8.562222657254958236e+00 1.260802651706014127e-03
8.574062349631720537e+00 1.256275801007019884e-03
8.585918413728906629e+00 1.251764991089727693e-03
8.597790872185049338e+00 1.247270165991707118e-03
8.609679747669982675e+00 1.242791269942226809e-03
8.621585062884889794e+00 1.238328247361597913e-03
8.633506840562342077e+00 1.233881042860543280e-03
8.645445103466341763e+00 1.229449601239557786e-03
8.657399874392378791e+00 1.225033867488266055e-03
8.669371176167455673e+00 1.220633786784792963e-03
8.681359031650144331e+00 1.216249304495133727e-03
8.693363463730621632e+00 1.211880366172520289e-03
8.705384495330720895e+00 1.207526917556792697e-03
8.717422149403963871e+00 1.203188904573776778e-03
8.729476448935621136e+00 1.198866273334656162e-03
8.741547416942742288e+00 1.194558970135354073e-03
8.753635076474202137e+00 1.190266941455909262e-03
8.765739450610755767e+00 1.185990133959862131e-03
8.777860562465059857e+00 1.181728494493641942e-03
8.789998435181745506e+00 1.177481970085938415e-03
8.802153091937437779e+00 1.173250507947110185e-03
8.814324555940816097e+00 1.169034055468562037e-03
8.826512850432649770e+00 1.164832560222137971e-03
8.838717998685840627e+00 1.160645969959520985e-03
8.850940024005481632e+00 1.156474232611620504e-03
8.863178949728883538e+00 1.152317296287986041e-03
8.875434799225631721e+00 1.148175109276186167e-03
8.887707595897625268e+00 1.144047620041228246e-03
8.899997363179121379e+00 1.139934777224958003e-03
8.912304124536785110e+00 1.135836529645457144e-03
8.924627903469726675e+00 1.131752826296462001e-03
8.936968723509554735e+00 1.127683616346770697e-03
8.949326608220415480e+00 1.123628849139649217e-03
8.961701581199040589e+00 1.119588474192252875e-03
8.974093666074782760e+00 1.115562441195040201e-03
8.986502886509681431e+00 1.111550700011183345e-03
8.998929266198485877e+00 1.107553200675998875e-03
9.011372828868713825e+00 1.103569893396362089e-03
9.023833598280697643e+00 1.099600728550130654e-03
9.036311598227612762e+00 1.095645656685574100e-03
9.048806852535546952e+00 1.091704628520793119e-03
9.061319385063530518e+00 1.087777594943158165e-03
9.073849219703582492e+00 1.083864507008730927e-03
9.086396380380767468e+00 1.079965315941706612e-03
9.098960891053222255e+00 1.076079973133838236e-03
9.111542775712219822e+00 1.072208430143883895e-03
9.124142058382204823e+00 1.068350638697035176e-03
9.136758763120848670e+00 1.064506550684362479e-03
9.149392914019081502e+00 1.060676118162254917e-03
9.162044535201147255e+00 1.056859293351871277e-03
9.174713650824651623e+00 1.053056028638570596e-03
9.187400285080602913e+00 1.049266276571374831e-03
9.200104462193461785e+00 1.045489989862408110e-03
9.212826206421187436e+00 1.041727121386355282e-03
9.225565542055278456e+00 1.037977624179907453e-03
9.238322493420822568e+00 1.034241451441224010e-03
9.251097084876549914e+00 1.030518556529380104e-03
9.263889340814868589e+00 1.026808892963833016e-03
9.276699285661916150e+00 1.023112414423881346e-03
9.289526943877612908e+00 1.019429074748119668e-03
9.302372339955690350e+00 1.015758827933908350e-03
9.315235498423758642e+00 1.012101628136841429e-03
9.328116443843340377e+00 1.008457429670204727e-03
9.341015200809922092e+00 1.004826187004452184e-03
9.353931793953005780e+00 1.001207854766670039e-03
9.366866247936137313e+00 9.976023877400633580e-04
9.379818587456979273e+00 9.940097408634056882e-04
9.392788837247341149e+00 9.904298692305405459e-04
9.405777022073234406e+00 9.868627280898380118e-04
9.418783166734909784e+00 9.833082728436897107e-04
9.431807296066921253e+00 9.797664590479790696e-04
9.444849434938150878e+00 9.762372424115705509e-04
9.457909608251878097e+00 9.727205787957910778e-04
9.470987840945817027e+00 9.692164242139135206e-04
9.484084157992164421e+00 9.657247348306512418e-04
9.497198584397649412e+00 9.622454669616389801e-04
9.510331145203574366e+00 9.587785770729336833e-04
9.523481865485873499e+00 9.553240217804962603e-04
9.536650770355153739e+00 9.518817578496979433e-04
9.549837884956749789e+00 9.484517421948036658e-04
9.563043234470759657e+00 9.450339318784800515e-04
9.576266844112099719e+00 9.416282841112925614e-04
9.589508739130559789e+00 9.382347562511990629e-04
9.602768944810840424e+00 9.348533058030657336e-04
9.616047486472604433e+00 9.314838904181572694e-04
9.629344389470530174e+00 9.281264678936379346e-04
9.642659679194350630e+00 9.247809961696483363e-04
9.655993381068910253e+00 9.214474333262368064e-04
9.669345520554212925e+00 9.181257375873723599e-04
9.682716123145462817e+00 9.148158673210960486e-04
9.696105214373123005e+00 9.115177810390224459e-04
9.709512819802961658e+00 9.082314373958649822e-04
9.722938965036087566e+00 9.049567951889492473e-04
9.736383675709021190e+00 9.016938133577284600e-04
9.749846977493730193e+00 8.984424509833007812e-04
9.763328896097680953e+00 8.952026672879403969e-04
9.776829457263886525e+00 8.919744216346049649e-04
9.790348686770954600e+00 8.887576735264792740e-04
9.803886610433142579e+00 8.855523826064787881e-04
9.817443254100403749e+00 8.823585086567946063e-04
9.831018643658435252e+00 8.791760115984132698e-04
9.844612805028731373e+00 8.760048514906494709e-04
9.858225764168620842e+00 8.728449885306798460e-04
9.871857547071334338e+00 8.696963830530717813e-04
9.885508179766045345e+00 8.665589955293263131e-04
9.899177688317916335e+00 8.634327865674040065e-04
9.912866098828153838e+00 8.603177169112727340e-04
9.926573437434059954e+00 8.572137474404402770e-04
9.940299730309069659e+00 8.541208391695054650e-04
9.954045003662820079e+00 8.510389532476835125e-04
9.967809283741186022e+00 8.479680509583706035e-04
9.981592596826335040e+00 8.449080937186744314e-04
9.995394969236780724e+00 8.418590430789675083e-04
1.000921642732741645e+01 8.388208607224355946e-04
1.002305699748960244e+01 8.357935084646263453e-04
1.003691670615116927e+01 8.327769482530043539e-04
1.005079557977649785e+01 8.297711421665012084e-04
1.006469364486657447e+01 8.267760524150694502e-04
1.007861092795901570e+01 8.237916413392391357e-04
1.009254745562814826e+01 8.208178714096801441e-04
1.010650325448503217e+01 8.178547052267545097e-04
1.012047835117752470e+01 8.149021055200846931e-04
1.013447277239034960e+01 8.119600351481021192e-04
1.014848654484510604e+01 8.090284570976279165e-04
1.016251969530036270e+01 8.061073344834247074e-04
1.017657225055167736e+01 8.031966305477665057e-04
1.019064423743165904e+01 8.002963086600126249e-04
1.020473568281003551e+01 7.974063323161642396e-04
1.021884661359367108e+01 7.945266651384494611e-04
1.023297705672665181e+01 7.916572708748820675e-04
1.024712703919031043e+01 7.887981133988454952e-04
1.026129658800328848e+01 7.859491567086621935e-04
1.027548573022160383e+01 7.831103649271697019e-04
1.028969449293866489e+01 7.802817023012994374e-04
1.030392290328536653e+01 7.774631332016576505e-04
1.031817098843009894e+01 7.746546221221046460e-04
1.033243877557884005e+01 7.718561336793327036e-04
1.034672629197517146e+01 7.690676326124548396e-04
1.036103356490034955e+01 7.662890837825903165e-04
1.037536062167336937e+01 7.635204521724426718e-04
1.038970748965097890e+01 7.607617028858944426e-04
1.040407419622777851e+01 7.580128011475945190e-04
1.041846076883623162e+01 7.552737123025453879e-04
1.043286723494673573e+01 7.525444018156982919e-04
1.044729362206768997e+01 7.498248352715424251e-04
1.046173995774550924e+01 7.471149783737037788e-04
1.047620626956472201e+01 7.444147969445343363e-04
1.049069258514798442e+01 7.417242569247161233e-04
1.050519893215614431e+01 7.390433243728534388e-04
1.051972533828832113e+01 7.363719654650744111e-04
1.053427183128191125e+01 7.337101464946335291e-04
1.054883843891268569e+01 7.310578338715114635e-04
1.056342518899481142e+01 7.284149941220213927e-04
1.057803210938090999e+01 7.257815938884103419e-04
1.059265922796214277e+01 7.231575999284671355e-04
1.060730657266820742e+01 7.205429791151308919e-04
1.062197417146744804e+01 7.179376984360961566e-04
1.063666205236686935e+01 7.153417249934263845e-04
1.065137024341219885e+01 7.127550260031686145e-04
1.066609877268796325e+01 7.101775687949537239e-04
1.068084766831750265e+01 7.076093208116264986e-04
1.069561695846306826e+01 7.050502496088477313e-04
1.071040667132583479e+01 7.025003228547157261e-04
1.072521683514597512e+01 6.999595083293885626e-04
1.074004747820272776e+01 6.974277739246912897e-04
1.075489862881441461e+01 6.949050876437527172e-04
1.076977031533853513e+01 6.923914176006091409e-04
1.078466256617178587e+01 6.898867320198403749e-04
1.079957540975013153e+01 6.873909992361915827e-04
1.081450887454887066e+01 6.849041876941905534e-04
1.082946298908265526e+01 6.824262659477836265e-04
1.084443778190559371e+01 6.799572026599589323e-04
1.085943328161125265e+01 6.774969666023783043e-04
1.087444951683275818e+01 6.750455266550011704e-04
1.088948651624281538e+01 6.726028518057256813e-04
1.090454430855377765e+01 6.701689111500156370e-04
1.091962292251771771e+01 6.677436738905296893e-04
1.093472238692644183e+01 6.653271093367704942e-04
1.094984273061159463e+01 6.629191869047044820e-04
1.096498398244466976e+01 6.605198761164123109e-04
1.098014617133708448e+01 6.581291465997242494e-04
1.099532932624025250e+01 6.557469680878530655e-04
1.101053347614559463e+01 6.533733104190472991e-04
1.102575865008464540e+01 6.510081435362233921e-04
1.104100487712907075e+01 6.486514374866139731e-04
1.105627218639072851e+01 6.463031624214139736e-04
1.107156060702175360e+01 6.439632885954232758e-04
1.108687016821456872e+01 6.416317863666944543e-04
1.110220089920198738e+01 6.393086261961825794e-04
1.111755282925722632e+01 6.369937786473925260e-04
1.113292598769398190e+01 6.346872143860353898e-04
1.114832040386649936e+01 6.323889041796714600e-04
1.116373610716959774e+01 6.300988188973689116e-04
1.117917312703876043e+01 6.278169295093568615e-04
1.119463149295015647e+01 6.255432070866815677e-04
1.121011123442071700e+01 6.232776228008617614e-04
1.122561238100820624e+01 6.210201479235427863e-04
1.124113496231123221e+01 6.187707538261657007e-04
1.125667900796935861e+01 6.165294119796133933e-04
1.127224454766311901e+01 6.142960939538804439e-04
1.128783161111408262e+01 6.120707714177383218e-04
1.130344022808493776e+01 6.098534161383852969e-04
1.131907042837950605e+01 6.076439999811261662e-04
1.133472224184284372e+01 6.054424949090243336e-04
1.135039569836125750e+01 6.032488729825827289e-04
1.136609082786237934e+01 6.010631063593968636e-04
1.138180766031524627e+01 5.988851672938313043e-04
1.139754622573031106e+01 5.967150281366933283e-04
1.141330655415954531e+01 5.945526613348937851e-04
1.142908867569646070e+01 5.923980394311274735e-04
1.144489262047618006e+01 5.902511350635448453e-04
1.146071841867551733e+01 5.881119209654213234e-04
1.147656610051298642e+01 5.859803699648408236e-04
1.149243569624891492e+01 5.838564549843644220e-04
1.150832723618544762e+01 5.817401490407150691e-04
1.152424075066665488e+01 5.796314252444487516e-04
1.154017627007854685e+01 5.775302567996407239e-04
1.155613382484915519e+01 5.754366170035637171e-04
1.157211344544860054e+01 5.733504792463676655e-04
1.158811516238911388e+01 5.712718170107685409e-04
1.160413900622514305e+01 5.692006038717228747e-04
1.162018500755337058e+01 5.671368134961229891e-04
1.163625319701278116e+01 5.650804196424790002e-04
1.165234360528475221e+01 5.630313961605995206e-04
1.166845626309305395e+01 5.609897169912943715e-04
1.168459120120397365e+01 5.589553561660475867e-04
1.170074845042631750e+01 5.569282878067195828e-04
1.171692804161149759e+01 5.549084861252338245e-04
1.173313000565360120e+01 5.528959254232671764e-04
1.174935437348941392e+01 5.508905800919478447e-04
1.176560117609852441e+01 5.488924246115462705e-04
1.178187044450333865e+01 5.469014335511732886e-04
1.179816220976916519e+01 5.449175815684750325e-04
1.181447650300427910e+01 5.429408434093259970e-04
1.183081335535995571e+01 5.409711939075389055e-04
1.184717279803056300e+01 5.390086079845497497e-04
1.186355486225359179e+01 5.370530606491317766e-04
1.187995957930972324e+01 5.351045269970873585e-04
1.189638698052291232e+01 5.331629822109547161e-04
1.191283709726040563e+01 5.312284015597119316e-04
1.192930996093284612e+01 5.293007603984759739e-04
1.194580560299429095e+01 5.273800341682170116e-04
1.196232405494229845e+01 5.254661983954571130e-04
1.197886534831799032e+01 5.235592286919807641e-04
1.199542951470608365e+01 5.216591007545449531e-04
1.201201658573499564e+01 5.197657903645826411e-04
1.202862659307685789e+01 5.178792733879214114e-04
1.204525956844759804e+01 5.159995257744873741e-04
1.206191554360701801e+01 5.141265235580229484e-04
1.207859455035881346e+01 5.122602428557947781e-04
1.209529662055068222e+01 5.104006598683132490e-04
1.211202178607433311e+01 5.085477508790437655e-04
1.212877007886560321e+01 5.067014922539230882e-04
1.214554153090446853e+01 5.048618604382014863e-04
1.216233617421512747e+01 5.030288319568750098e-04
1.217915404086607900e+01 5.012023834167838535e-04
1.219599516297014041e+01 4.993824915063964929e-04
1.221285957268456102e+01 4.975691329955288754e-04
1.222974730221103457e+01 4.957622847350719609e-04
1.224665838379578808e+01 4.939619236567035403e-04
1.226359284972964936e+01 4.921680267726171853e-04
1.228055073234808070e+01 4.903805711752463187e-04
1.229753206403127663e+01 4.885995340369868756e-04
1.231453687720418877e+01 4.868248926099242473e-04
1.233156520433660575e+01 4.850566242255600078e-04
1.234861707794323316e+01 4.832947062945368516e-04
1.236569253058371487e+01 4.815391163063716096e-04
1.238279159486274139e+01 4.797898318291794273e-04
1.239991430343006584e+01 4.780468305094084610e-04
1.241706068898059456e+01 4.763100900715705618e-04
1.243423078425445816e+01 4.745795883179686528e-04
1.245142462203703992e+01 4.728553031284351660e-04
1.246864223515907533e+01 4.711372124600642975e-04
1.248588365649668752e+01 4.694252943469439938e-04
1.250314891897145486e+01 4.677195268998987241e-04
1.252043805555049794e+01 4.660198883062156654e-04
1.253775109924650089e+01 4.643263568293898064e-04
1.255508808311782154e+01 4.626389108088624922e-04
1.257244904026851096e+01 4.609575286597549816e-04
1.258983400384839513e+01 4.592821888726157740e-04
1.260724300705315848e+01 4.576128700131523773e-04
1.262467608312436518e+01 4.559495507219828094e-04
1.264213326534956749e+01 4.542922097143737084e-04
1.265961458706232712e+01 4.526408257799808296e-04
1.267712008164230397e+01 4.509953777826030937e-04
1.269464978251532905e+01 4.493558446599114280e-04
1.271220372315342928e+01 4.477222054232164760e-04
1.272978193707494299e+01 4.460944391571957041e-04
1.274738445784453056e+01 4.444725250196550933e-04
1.276501131907329167e+01 4.428564422412686061e-04
1.278266255441878307e+01 4.412461701253331020e-04
1.280033819758510205e+01 4.396416880475181583e-04
1.281803828232297171e+01 4.380429754556151314e-04
1.283576284242975873e+01 4.364500118692920183e-04
1.285351191174958707e+01 4.348627768798426271e-04
1.287128552417336813e+01 4.332812501499435525e-04
1.288908371363886829e+01 4.317054114134097971e-04
1.290690651413080658e+01 4.301352404749433445e-04
1.292475395968086893e+01 4.285707172099000018e-04
1.294262608436782713e+01 4.270118215640347206e-04
1.296052292231755310e+01 4.254585335532701197e-04
1.297844450770311120e+01 4.239108332634474439e-04
1.299639087474483645e+01 4.223687008500898827e-04
1.301436205771035937e+01 4.208321165381631243e-04
1.303235809091471964e+01 4.193010606218330904e-04
1.305037900872038925e+01 4.177755134642310440e-04
1.306842484553735240e+01 4.162554554972175045e-04
1.308649563582320141e+01 4.147408672211381933e-04
1.310459141408314032e+01 4.132317292046013392e-04
1.312271221487012163e+01 4.117280220842287996e-04
1.314085807278485341e+01 4.102297265644312511e-04
1.315902902247588635e+01 4.087368234171722130e-04
1.317722509863970437e+01 4.072492934817329379e-04
1.319544633602074768e+01 4.057671176644881447e-04
1.321369276941151760e+01 4.042902769386632115e-04
1.323196443365261388e+01 4.028187523441179312e-04
1.325026136363280926e+01 4.013525249871050058e-04
1.326858359428914191e+01 3.998915760400463754e-04
1.328693116060693313e+01 3.984358867413110650e-04
1.330530409761990462e+01 3.969854383949754676e-04
1.332370244041020868e+01 3.955402123706081301e-04
1.334212622410850457e+01 3.941001901030398479e-04
1.336057548389404914e+01 3.926653530921375549e-04
1.337905025499471812e+01 3.912356829025842846e-04
1.339755057268712868e+01 3.898111611636512707e-04
1.341607647229664835e+01 3.883917695689788297e-04
1.343462798919752110e+01 3.869774898763541000e-04
1.345320515881288337e+01 3.855683039074875871e-04
1.347180801661485816e+01 3.841641935477976247e-04
1.349043659812463147e+01 3.827651407461836138e-04
1.350909093891248780e+01 3.813711275148169342e-04
1.352777107459792205e+01 3.799821359289131534e-04
1.354647704084966264e+01 3.785981481265214207e-04
1.356520887338575854e+01 3.772191463083052958e-04
1.358396660797367161e+01 3.758451127373256366e-04
1.360275028043029444e+01 3.744760297388301023e-04
1.362155992662207282e+01 3.731118797000337645e-04
1.364039558246503070e+01 3.717526450699077962e-04
1.365925728392485183e+01 3.703983083589661553e-04
1.367814506701697752e+01 3.690488521390536229e-04
1.369705896780661902e+01 3.677042590431338419e-04
1.371599902240888724e+01 3.663645117650789814e-04
1.373496526698881404e+01 3.650295930594603237e-04
1.375395773776143571e+01 3.636994857413364647e-04
1.377297647099188893e+01 3.623741726860474788e-04
1.379202150299542851e+01 3.610536368290064263e-04
1.381109287013755527e+01 3.597378611654884761e-04
1.383019060883403384e+01 3.584268287504308167e-04
1.384931475555097968e+01 3.571205226982228083e-04
1.386846534680496212e+01 3.558189261824993340e-04
1.388764241916300968e+01 3.545220224359398433e-04
1.390684600924274505e+01 3.532297947500636541e-04
1.392607615371240826e+01 3.519422264750257439e-04
1.394533288929093651e+01 3.506593010194153045e-04
1.396461625274806906e+01 3.493810018500539179e-04
1.398392628090435785e+01 3.481073124917936782e-04
1.400326301063129719e+01 3.468382165273189446e-04
1.402262647885134861e+01 3.455736975969441382e-04
1.404201672253802613e+01 3.443137393984166883e-04
1.406143377871599398e+01 3.430583256867179181e-04
1.408087768446108434e+01 3.418074402738653953e-04
1.410034847690042525e+01 3.405610670287162033e-04
1.411984619321245304e+01 3.393191898767718932e-04
1.413937087062704556e+01 3.380817927999780147e-04
1.415892254642553993e+01 3.368488598365368208e-04
1.417850125794082317e+01 3.356203750807065268e-04
1.419810704255742628e+01 3.343963226826101123e-04
1.421773993771154920e+01 3.331766868480427117e-04
1.423739998089118686e+01 3.319614518382779764e-04
1.425708720963614873e+01 3.307506019698787185e-04
1.427680166153815122e+01 3.295441216145027848e-04
1.429654337424091715e+01 3.283419951987153265e-04
1.431631238544019524e+01 3.271442072037961373e-04
1.433610873288388277e+01 3.259507421655547963e-04
1.435593245437205567e+01 3.247615846741387104e-04
1.437578358775706100e+01 3.235767193738454928e-04
1.439566217094360212e+01 3.223961309629384863e-04
1.441556824188877606e+01 3.212198041934564313e-04
1.443550183860219072e+01 3.200477238710316454e-04
1.445546299914598976e+01 3.188798748547006130e-04
1.447545176163495384e+01 3.177162420567229782e-04
1.449546816423658235e+01 3.165568104423942481e-04
1.451551224517113070e+01 3.154015650298652197e-04
1.453558404271172932e+01 3.142504908899582615e-04
1.455568359518440857e+01 3.131035731459841918e-04
1.457581094096820173e+01 3.119607969735607830e-04
1.459596611849522851e+01 3.108221476004342483e-04
1.461614916625072347e+01 3.096876103062966615e-04
1.463636012277316745e+01 3.085571704226053292e-04
1.465659902665431069e+01 3.074308133324066619e-04
1.467686591653926698e+01 3.063085244701565764e-04
1.469716083112660954e+01 3.051902893215400299e-04
1.471748380916839594e+01 3.040760934232981439e-04
1.473783488947029241e+01 3.029659223630486609e-04
1.475821411089161117e+01 3.018597617791096525e-04
1.477862151234539390e+01 3.007575973603271858e-04
1.479905713279851298e+01 2.996594148458950747e-04
1.481952101127169463e+01 2.985652000251870454e-04
1.484001318683965209e+01 2.974749387375765961e-04
1.486053369863110873e+01 2.963886168722695423e-04
1.488108258582889043e+01 2.953062203681279421e-04
1.490165988767003213e+01 2.942277352134990633e-04
1.492226564344579209e+01 2.931531474460450553e-04
1.494289989250179040e+01 2.920824431525698020e-04
1.496356267423802500e+01 2.910156084688522260e-04
1.498425402810900309e+01 2.899526295794728156e-04
1.500497399362376783e+01 2.888934927176484472e-04
1.502572261034599421e+01 2.878381841650609727e-04
1.504649991789408858e+01 2.867866902516894934e-04
1.506730595594120992e+01 2.857389973556464288e-04
1.508814076421540662e+01 2.846950919030059955e-04
1.510900438249964139e+01 2.836549603676404387e-04
1.512989685063188539e+01 2.826185892710572937e-04
1.515081820850522121e+01 2.815859651822265634e-04
1.517176849606786426e+01 2.805570747174259490e-04
1.519274775332330130e+01 2.795319045400684074e-04
1.521375602033031171e+01 2.785104413605440205e-04
1.523479333720306528e+01 2.774926719360559552e-04
1.525585974411122869e+01 2.764785830704557189e-04
1.527695528127997804e+01 2.754681616137978238e-04
1.529807998899014621e+01 2.744613944611645653e-04
1.531923390757824421e+01 2.734582685534635077e-04
1.534041707743655536e+01 2.724587708776379270e-04
1.536162953901324357e+01 2.714628884665042357e-04
1.538287133281237118e+01 2.704706083985988383e-04
1.540414249939403923e+01 2.694819177980124119e-04
1.542544307937441239e+01 2.684968038342376833e-04
1.544677311342581838e+01 2.675152537220073959e-04
1.546813264227685103e+01 2.665372547211395933e-04
1.548952170671238626e+01 2.655627941363814947e-04
1.551094034757373485e+01 2.645918593172508215e-04
1.553238860575865488e+01 2.636244376578841721e-04
1.555386652222145649e+01 2.626605165968786738e-04
1.557537413797310677e+01 2.617000836171388392e-04
1.559691149408124922e+01 2.607431262457246698e-04
1.561847863167034589e+01 2.597896320536928201e-04
1.564007559192170227e+01 2.588395886559514232e-04
1.566170241607356850e+01 2.578929837111006585e-04
1.568335914542124243e+01 2.569498049212863848e-04
1.570504582131709270e+01 2.560100400320445570e-04
1.572676248517069908e+01 2.550736768321529074e-04
1.574850917844887199e+01 2.541407031534817051e-04
1.577028594267579287e+01 2.532111068708402333e-04
1.579209281943303722e+01 2.522848759018313431e-04
1.581392985035968124e+01 2.513619982067015089e-04
1.583579707715239948e+01 2.504424617881914248e-04
1.585769454156549507e+01 2.495262546913899087e-04
1.587962228541103649e+01 2.486133650035867761e-04
1.590158035055889130e+01 2.477037808541232198e-04
1.592356877893681677e+01 2.467974904142511893e-04
1.594558761253057710e+01 2.458944818969810604e-04
1.596763689338395764e+01 2.449947435569419896e-04
1.598971666359891408e+01 2.440982636902350861e-04
1.601182696533560090e+01 2.432050306342879394e-04
1.603396784081246196e+01 2.423150327677124529e-04
1.605613933230635126e+01 2.414282585101618105e-04
1.607834148215254544e+01 2.405446963221871183e-04
1.610057433274489824e+01 2.396643347050954006e-04
1.612283792653585834e+01 2.387871622008070553e-04
1.614513230603657590e+01 2.379131673917164790e-04
1.616745751381701623e+01 2.370423389005483833e-04
1.618981359250596341e+01 2.361746653902209415e-04
1.621220058479119075e+01 2.353101355637040020e-04
1.623461853341947858e+01 2.344487381638780065e-04
1.625706748119670308e+01 2.335904619734004161e-04
1.627954747098796773e+01 2.327352958145605913e-04
1.630205854571761037e+01 2.318832285491477627e-04
1.632460074836935959e+01 2.310342490783092991e-04
1.634717412198635955e+01 2.301883463424172691e-04
1.636977870967126591e+01 2.293455093209284166e-04
1.639241455458636310e+01 2.285057270322510476e-04
1.641508169995359268e+01 2.276689885336082584e-04
1.643778018905468841e+01 2.268352829209017323e-04
1.646051006523121174e+01 2.260045993285794675e-04
1.648327137188465841e+01 2.251769269295000344e-04
1.650606415247655789e+01 2.243522549347986769e-04
1.652888845052850542e+01 2.235305725937548503e-04
1.655174430962231824e+01 2.227118691936587011e-04
1.657463177340003568e+01 2.218961340596796352e-04
1.659755088556407898e+01 2.210833565547327170e-04
1.662050168987728327e+01 2.202735260793499742e-04
1.664348423016298639e+01 2.194666320715457674e-04
1.666649855030515681e+01 2.186626640066898571e-04
1.668954469424840781e+01 2.178616113973750766e-04
1.671262270599816091e+01 2.170634637932872279e-04
1.673573262962064945e+01 2.162682107810777422e-04
1.675887450924304645e+01 2.154758419842351476e-04
1.678204838905357121e+01 2.146863470629525796e-04
1.680525431330151065e+01 2.138997157140053477e-04
1.682849232629737202e+01 2.131159376706203703e-04
1.685176247241290426e+01 2.123350027023491603e-04
1.687506479608122234e+01 2.115569006149423017e-04
1.689839934179689962e+01 2.107816212502229233e-04
1.692176615411600338e+01 2.100091544859602804e-04
1.694516527765625469e+01 2.092394902357456955e-04
1.696859675709703197e+01 2.084726184488666005e-04
1.699206063717950599e+01 2.077085291101835344e-04
1.701555696270673579e+01 2.069472122400033728e-04
1.703908577854370066e+01 2.061886578939587376e-04
1.706264712961744934e+01 2.054328561628828798e-04
1.708624106091713912e+01 2.046797971726883035e-04
1.710986761749412466e+01 2.039294710842442506e-04
1.713352684446208940e+01 2.031818680932521266e-04
1.715721878699706338e+01 2.024369784301292732e-04
1.718094349033758306e+01 2.016947923598821175e-04
1.720470099978470557e+01 2.009553001819899451e-04
1.722849136070214016e+01 2.002184922302825481e-04
1.725231461851634762e+01 1.994843588728199596e-04
1.727617081871655813e+01 1.987528905117758482e-04
1.730006000685495238e+01 1.980240775833140272e-04
1.732398222854666869e+01 1.972979105574743694e-04
1.734793752946991674e+01 1.965743799380520809e-04
1.737192595536610185e+01 1.958534762624800118e-04
1.739594755203984278e+01 1.951351901017124016e-04
1.742000236535912805e+01 1.944195120601064036e-04
1.744409044125534081e+01 1.937064327753072680e-04
1.746821182572341158e+01 1.929959429181304887e-04
1.749236656482184316e+01 1.922880331924467967e-04
1.751655470467283138e+01 1.915826943350673974e-04
1.754077629146236816e+01 1.908799171156275274e-04
1.756503137144028059e+01 1.901796923364732362e-04
1.758931999092039078e+01 1.894820108325456483e-04
1.761364219628051941e+01 1.887868634712699131e-04
1.763799803396263499e+01 1.880942411524384370e-04
1.766238755047294262e+01 1.874041348080993997e-04
1.768681079238191955e+01 1.867165354024451901e-04
1.771126780632447861e+01 1.860314339316981858e-04
1.773575863899999305e+01 1.853488214239995947e-04
1.776028333717240670e+01 1.846686889392995989e-04
1.778484194767035476e+01 1.839910275692430250e-04
1.780943451738719929e+01 1.833158284370621169e-04
1.783406109328116784e+01 1.826430826974624773e-04
1.785872172237539957e+01 1.819727815365171689e-04
1.788341645175806605e+01 1.813049161715540110e-04
1.790814532858246366e+01 1.806394778510470240e-04
1.793290840006706688e+01 1.799764578545093102e-04
1.795770571349567035e+01 1.793158474923821940e-04
1.798253731621742801e+01 1.786576381059290248e-04
1.800740325564697386e+01 1.780018210671259157e-04
1.803230357926452143e+01 1.773483877785561429e-04
1.805723833461591354e+01 1.766973296733014541e-04
1.808220756931276796e+01 1.760486382148362234e-04
1.810721133103251290e+01 1.754023048969216331e-04
1.813224966751850786e+01 1.747583212434995032e-04
1.815732262658015372e+01 1.741166788085855518e-04
1.818243025609292829e+01 1.734773691761668294e-04
1.820757260399854616e+01 1.728403839600942474e-04
1.823274971830498359e+01 1.722057148039801754e-04
1.825796164708660996e+01 1.715733533810929752e-04
1.828320843848429433e+01 1.709432913942539474e-04
1.830849014070543035e+01 1.703155205757344681e-04
1.833380680202411739e+01 1.696900326871514982e-04
1.835915847078117125e+01 1.690668195193669972e-04
1.838454519538428400e+01 1.684458728923827824e-04
1.840996702430805954e+01 1.678271846552424086e-04
1.843542400609413434e+01 1.672107466859260006e-04
1.846091618935129119e+01 1.665965508912510215e-04
1.848644362275549113e+01 1.659845892067706558e-04
1.851200635505004399e+01 1.653748535966735481e-04
1.853760443504563327e+01 1.647673360536833242e-04
1.856323791162043335e+01 1.641620285989596852e-04
1.858890683372023389e+01 1.635589232819968718e-04
1.861461125035847175e+01 1.629580121805272242e-04
1.864035121061639444e+01 1.623592874004196201e-04
1.866612676364309564e+01 1.617627410755830887e-04
1.869193795865562535e+01 1.611683653678673350e-04
1.871778484493911421e+01 1.605761524669661107e-04
1.874366747184681614e+01 1.599860945903183620e-04
1.876958588880026468e+01 1.593981839830117082e-04
1.879554014528929429e+01 1.588124129176869237e-04
1.882153029087218954e+01 1.582287736944389231e-04
1.884755637517578108e+01 1.576472586407228697e-04
1.887361844789548471e+01 1.570678601112571659e-04
1.889971655879547541e+01 1.564905704879280711e-04
1.892585075770871228e+01 1.559153821796951857e-04
1.895202109453706285e+01 1.553422876224963133e-04
1.897822761925142387e+01 1.547712792791520228e-04
1.900447038189175331e+01 1.542023496392738442e-04
1.903074943256724794e+01 1.536354912191669885e-04
1.905706482145636116e+01 1.530706965617407924e-04
1.908341659880692731e+01 1.525079582364119262e-04
1.910980481493630023e+01 1.519472688390141341e-04
1.913622952023137103e+01 1.513886209917037189e-04
1.916269076514873504e+01 1.508320073428690651e-04
1.918918860021474160e+01 1.502774205670375602e-04
1.921572307602560059e+01 1.497248533647720266e-04
1.924229424324751747e+01 1.491742984618214655e-04
1.926890215261671102e+01 1.486257486086008843e-04
1.929554685493960520e+01 1.480791965812208277e-04
1.932222840109283624e+01 1.475346351815080045e-04
1.934894684202343029e+01 1.469920572369131577e-04
1.937570222874883186e+01 1.464514556004222411e-04
1.940249461235703876e+01 1.459128231504656177e-04
1.942932404400670876e+01 1.453761527908300219e-04
1.945619057492721282e+01 1.448414374505676769e-04
1.948309425641879145e+01 1.443086700839095850e-04
1.951003513985260440e+01 1.437778436701752955e-04
1.953701327667083376e+01 1.432489512136865203e-04
1.956402871838683666e+01 1.427219857436770915e-04
1.959108151658514885e+01 1.421969403142076883e-04
1.961817172292168721e+01 1.416738080040767160e-04
1.964529938912376394e+01 1.411525819167344913e-04
1.967246456699022161e+01 1.406332551801971296e-04
1.969966730839155034e+01 1.401158209469576942e-04
1.972690766526993400e+01 1.396002723939038519e-04
1.975418568963942079e+01 1.390866027222284257e-04
1.978150143358595159e+01 1.385748051573464535e-04
1.980885494926748791e+01 1.380648729488098616e-04
1.983624628891415043e+01 1.375567993702208095e-04
1.986367550482823674e+01 1.370505777191493180e-04
1.989114264938441323e+01 1.365462013170477254e-04
1.991864777502973283e+01 1.360436635091665533e-04
1.994619093428377354e+01 1.355429576644725414e-04
1.997377217973876995e+01 1.350440771755623715e-04
2.000139156405963448e+01 1.345470154585828978e-04
2.002904913998414571e+01 1.340517659531455491e-04
2.005674496032298393e+01 1.335583221222447420e-04
2.008447907795984477e+01 1.330666774521771631e-04
2.011225154585158492e+01 1.325768254524572272e-04
2.014006241702825051e+01 1.320887596557371725e-04
2.016791174459325475e+01 1.316024736177243896e-04
2.019579958172340994e+01 1.311179609171024649e-04
2.022372598166906599e+01 1.306352151554476153e-04
2.025169099775422765e+01 1.301542299571505990e-04
2.027969468337660430e+01 1.296749989693343427e-04
2.030773709200777688e+01 1.291975158617752291e-04
2.033581827719323698e+01 1.287217743268237327e-04
2.036393829255251831e+01 1.282477680793236475e-04
2.039209719177933167e+01 1.277754908565336713e-04
2.042029502864158985e+01 1.273049364180491266e-04
2.044853185698159592e+01 1.268360985457217299e-04
2.047680773071607163e+01 1.263689710435835075e-04
2.050512270383632085e+01 1.259035477377662394e-04
2.053347683040828642e+01 1.254398224764252938e-04
2.056187016457267092e+01 1.249777891296624868e-04
2.059030276054507169e+01 1.245174415894463387e-04
2.061877467261600927e+01 1.240587737695388092e-04
2.064728595515111920e+01 1.236017796054146058e-04
2.067583666259119113e+01 1.231464530541879457e-04
2.070442684945227896e+01 1.226927880945348189e-04
2.073305657032586069e+01 1.222407787266171207e-04
2.076172587987886331e+01 1.217904189720074083e-04
2.079043483285384042e+01 1.213417028736128305e-04
2.081918348406901487e+01 1.208946244956011172e-04
2.084797188841841376e+01 1.204491779233245771e-04
2.087680010087199989e+01 1.200053572632459785e-04
2.090566817647570375e+01 1.195631566428643225e-04
2.093457617035161533e+01 1.191225702106404530e-04
2.096352413769801615e+01 1.186835921359233580e-04
2.099251213378951775e+01 1.182462166088765255e-04
2.102154021397719319e+01 1.178104378404045425e-04
2.105060843368860546e+01 1.173762500620806299e-04
2.107971684842801352e+01 1.169436475260719413e-04
2.110886551377639009e+01 1.165126245050703224e-04
2.113805448539156728e+01 1.160831752922165532e-04
2.116728381900837164e+01 1.156552942010300909e-04
2.119655357043865251e+01 1.152289755653371065e-04
2.122586379557148106e+01 1.148042137391983990e-04
2.125521455037317509e+01 1.143810030968390030e-04
2.128460589088744825e+01 1.139593380325757918e-04
2.131403787323553445e+01 1.135392129607478031e-04
2.134351055361623395e+01 1.131206223156450889e-04
2.137302398830609818e+01 1.127035605514385675e-04
2.140257823365946876e+01 1.122880221421095092e-04
2.143217334610860547e+01 1.118740015813813406e-04
2.146180938216383893e+01 1.114614933826467181e-04
2.149148639841359909e+01 1.110504920789019473e-04
2.152120445152460704e+01 1.106409922226753850e-04
2.155096359824189634e+01 1.102329883859595549e-04
2.158076389538901196e+01 1.098264751601417172e-04
2.161060539986804230e+01 1.094214471559368387e-04
2.164048816865975766e+01 1.090178990033180406e-04
2.167041225882374889e+01 1.086158253514493785e-04
2.170037772749847349e+01 1.082152208686181199e-04
2.173038463190143332e+01 1.078160802421663855e-04
2.176043302932922430e+01 1.074183981784259886e-04
2.179052297715766429e+01 1.070221694026493039e-04
2.182065453284194589e+01 1.066273886589436050e-04
2.185082775391666843e+01 1.062340507102042103e-04
2.188104269799602619e+01 1.058421503380483193e-04
2.191129942277385467e+01 1.054516823427488221e-04
2.194159798602376554e+01 1.050626415431691929e-04
2.197193844559929232e+01 1.046750227766961614e-04
2.200232085943391880e+01 1.042888208991766120e-04
2.203274528554128864e+01 1.039040307848503362e-04
2.206321178201523026e+01 1.035206473262861594e-04
2.209372040702989892e+01 1.031386654343177293e-04
2.212427121883993308e+01 1.027580800379781519e-04
2.215486427578047923e+01 1.023788860844354951e-04
2.218549963626738375e+01 1.020010785389301080e-04
2.221617735879724265e+01 1.016246523847094338e-04
2.224689750194754723e+01 1.012496026229653965e-04
2.227766012437680843e+01 1.008759242727705417e-04
2.230846528482461366e+01 1.005036123710147870e-04
2.233931304211181512e+01 1.001326619723432566e-04
2.237020345514057240e+01 9.976306814909234003e-05
2.240113658289448750e+01 9.939482599122865223e-05
2.243211248443876116e+01 9.902793060628594605e-05
2.246313121892022835e+01 9.866237711930267592e-05
2.249419284556754306e+01 9.829816067276102504e-05
2.252529742369123866e+01 9.793527642652530914e-05
2.255644501268385937e+01 9.757371955777966192e-05
2.258763567202010236e+01 9.721348526096745531e-05
2.261886946125687103e+01 9.685456874773073317e-05
2.265014644003346334e+01 9.649696524684819496e-05
2.268146666807159662e+01 9.614067000417674371e-05
2.271283020517562079e+01 9.578567828258804657e-05
2.274423711123254677e+01 9.543198536191169559e-05
2.277568744621219921e+01 9.507958653887367919e-05
2.280718127016735153e+01 9.472847712703573464e-05
2.283871864323378631e+01 9.437865245673814280e-05
2.287029962563047647e+01 9.403010787503814549e-05
2.290192427765962790e+01 9.368283874565295707e-05
2.293359265970684646e+01 9.333684044889900848e-05
2.296530483224125163e+01 9.299210838163491819e-05
2.299706085581555470e+01 9.264863795720087178e-05
2.302886079106622219e+01 9.230642460536339535e-05
2.306070469871355044e+01 9.196546377225420655e-05
2.309259263956178998e+01 9.162575092031443236e-05
2.312452467449930893e+01 9.128728152823588598e-05
2.315650086449862144e+01 9.095005109090444442e-05
2.318852127061660440e+01 9.061405511934169125e-05
2.322058595399451875e+01 9.027928914064878210e-05
2.325269497585818002e+01 8.994574869794979503e-05
2.328484839751810043e+01 8.961342935033350893e-05
2.331704628036951732e+01 8.928232667279867839e-05
2.334928868589261697e+01 8.895243625619673360e-05
2.338157567565256301e+01 8.862375370717635056e-05
2.341390731129964919e+01 8.829627464812723515e-05
2.344628365456945573e+01 8.796999471712371754e-05
2.347870476728287770e+01 8.764490956787157204e-05
2.351117071134634884e+01 8.732101486964942959e-05
2.354368154875187003e+01 8.699830630725649203e-05
2.357623734157715489e+01 8.667677958095642470e-05
2.360883815198580393e+01 8.635643040642208921e-05
2.364148404222731870e+01 8.603725451468263437e-05
2.367417507463733273e+01 8.571924765206742939e-05
2.370691131163763998e+01 8.540240558015314127e-05
2.373969281573634760e+01 8.508672407570919941e-05
2.377251964952803576e+01 8.477219893064410052e-05
2.380539187569378967e+01 8.445882595195210651e-05
2.383830955700141985e+01 8.414660096165877692e-05
2.387127275630547629e+01 8.383551979677002490e-05
2.390428153654747945e+01 8.352557830921629445e-05
2.393733596075594150e+01 8.321677236580215847e-05
2.397043609204653691e+01 8.290909784815186478e-05
2.400358199362224454e+01 8.260255065265813463e-05
2.403677372877339025e+01 8.229712669042881998e-05
2.407001136087787074e+01 8.199282188723574269e-05
2.410329495340118555e+01 8.168963218346209716e-05
2.413662456989658267e+01 8.138755353405130314e-05
2.417000027400523621e+01 8.108658190845463869e-05
2.420342212945627480e+01 8.078671329054684864e-05
2.423689020006698769e+01 8.048794367825143077e-05
2.427040454974288508e+01 8.019026908363848503e-05
2.430396524247784029e+01 7.989368553308764205e-05
2.433757234235425315e+01 7.959818906724064282e-05
2.437122591354308199e+01 7.930377574095096396e-05
2.440492602030407809e+01 7.901044162323283312e-05
2.443867272698580706e+01 7.871818279721196554e-05
2.447246609802581219e+01 7.842699536007417284e-05
2.450630619795078147e+01 7.813687542301638424e-05
2.454019309137657956e+01 7.784781911119754570e-05
2.457412684300847161e+01 7.755982256368717457e-05
2.460810751764115167e+01 7.727288193341810189e-05
2.464213518015891680e+01 7.698699338713635518e-05
2.467620989553581978e+01 7.670215310535166459e-05
2.471033172883571538e+01 7.641835728228955470e-05
2.474450074521246989e+01 7.613560212584218956e-05
2.477871700991000381e+01 7.585388385751982748e-05
2.481298058826246233e+01 7.557319871240312972e-05
2.484729154569436815e+01 7.529354293909422229e-05
2.488164994772066407e+01 7.501491279966892331e-05
2.491605585994693328e+01 7.473730456962945825e-05
2.495050934806943843e+01 7.446071453785587410e-05
2.498501047787528861e+01 7.418513900655959487e-05
2.501955931524259924e+01 7.391057429123551340e-05
2.505415592614053111e+01 7.363701672061453041e-05
2.508880037662951423e+01 7.336446263661708291e-05
2.512349273286127982e+01 7.309290839430678097e-05
2.515823306107907342e+01 7.282235036184277058e-05
2.519302142761771535e+01 7.255278492043372288e-05
2.522785789890374275e+01 7.228420846429126762e-05
2.526274254145559084e+01 7.201661740058442956e-05
2.529767542188362128e+01 7.175000814939285875e-05
2.533265660689035315e+01 7.148437714366126690e-05
2.536768616327050552e+01 7.121972082915428389e-05
2.540276415791115383e+01 7.095603566441028437e-05
2.543789065779191461e+01 7.069331812069601384e-05
2.547306572998495611e+01 7.043156468196179758e-05
2.550828944165525414e+01 7.017077184479581441e-05
2.554356186006062046e+01 6.991093611838053890e-05
2.557888305255186268e+01 6.965205402444656785e-05
2.561425308657296540e+01 6.939412209722872369e-05
2.564967202966112225e+01 6.913713688342157512e-05
2.568513994944695966e+01 6.888109494213514737e-05
2.572065691365459372e+01 6.862599284485094433e-05
2.575622299010178295e+01 6.837182717537775370e-05
2.579183824670010239e+01 6.811859452980787235e-05
2.582750275145498264e+01 6.786629151647414484e-05
2.586321657246594441e+01 6.761491475590481989e-05
2.589897977792663042e+01 6.736446088078225586e-05
2.593479243612498664e+01 6.711492653589838718e-05
2.597065461544342924e+01 6.686630837811212869e-05
2.600656638435886592e+01 6.661860307630657681e-05
2.604252781144295881e+01 6.637180731134550591e-05
2.607853896536214222e+01 6.612591777603230416e-05
2.611459991487780741e+01 6.588093117506611752e-05
2.615071072884646597e+01 6.563684422499993184e-05
2.618687147621978539e+01 6.539365365419956284e-05
2.622308222604483419e+01 6.515135620279928518e-05
2.625934304746412096e+01 6.490994862266248947e-05
2.629565400971576139e+01 6.466942767733854455e-05
2.633201518213364878e+01 6.442979014202176048e-05
2.636842663414750021e+01 6.419103280350955184e-05
2.640488843528309815e+01 6.395315246016153624e-05
2.644140065516230820e+01 6.371614592185867345e-05
2.647796336350328517e+01 6.348001000996187596e-05
2.651457663012061516e+01 6.324474155727103969e-05
2.655124052492538311e+01 6.301033740798486077e-05
2.658795511792538591e+01 6.277679441765973071e-05
2.662472047922518215e+01 6.254410945317017659e-05
2.666153667902631241e+01 6.231227939266756647e-05
2.669840378762736677e+01 6.208130112554072579e-05
2.673532187542413041e+01 6.185117155237610648e-05
2.677229101290976843e+01 6.162188758491717001e-05
2.680931127067488262e+01 6.139344614602511220e-05
2.684638271940772825e+01 6.116584416963957444e-05
2.688350542989427083e+01 6.093907860073888056e-05
2.692067947301836028e+01 6.071314639530096488e-05
2.695790491976189429e+01 6.048804452026383953e-05
2.699518184120487874e+01 6.026376995348751861e-05
2.703251030852566217e+01 6.004031968371367908e-05
2.706989039300097133e+01 5.981769071052856071e-05
2.710732216600609235e+01 5.959588004432324365e-05
2.714480569901505191e+01 5.937488470625548449e-05
2.718234106360065638e+01 5.915470172821165403e-05
2.721992833143473334e+01 5.893532815276806506e-05
2.725756757428817778e+01 5.871676103315383853e-05
2.729525886403112622e+01 5.849899743321183832e-05
2.733300227263314142e+01 5.828203442736134085e-05
2.737079787216324434e+01 5.806586910056094178e-05
2.740864573479016997e+01 5.785049854827007364e-05
2.744654593278240284e+01 5.763591987641247496e-05
2.748449853850836178e+01 5.742213020133820256e-05
2.752250362443658105e+01 5.720912664978731077e-05
2.756056126313573174e+01 5.699690635885204667e-05
2.759867152727490947e+01 5.678546647594045474e-05
2.763683448962363443e+01 5.657480415873929040e-05
2.767505022305206097e+01 5.636491657517842430e-05
2.771331880053114816e+01 5.615580090339275293e-05
2.775164029513270236e+01 5.594745433168713146e-05
2.779001478002962244e+01 5.573987405849949053e-05
2.782844232849595656e+01 5.553305729236529477e-05
2.786692301390706916e+01 5.532700125188093739e-05
2.790545690973982929e+01 5.512170316566833422e-05
2.794404408957265318e+01 5.491716027233937546e-05
2.798268462708575655e+01 5.471336982045938124e-05
2.802137859606118298e+01 5.451032906851286796e-05
2.806012607038305262e+01 5.430803528486767475e-05
2.809892712403761905e+01 5.410648574773932711e-05
2.813778183111342912e+01 5.390567774515673546e-05
2.817669026580153613e+01 5.370560857492636222e-05
2.821565250239551048e+01 5.350627554459851673e-05
2.825466861529172391e+01 5.330767597143120387e-05
2.829373867898937078e+01 5.310980718235714396e-05
2.833286276809066706e+01 5.291266651394770272e-05
2.837204095730103148e+01 5.271625131237972148e-05
2.841127332142912110e+01 5.252055893340047032e-05
2.845055993538709771e+01 5.232558674229426820e-05
2.848990087419066697e+01 5.213133211384793082e-05
2.852929621295926310e+01 5.193779243231688247e-05
2.856874602691624432e+01 5.174496509139218280e-05
2.860825039138891768e+01 5.155284749416571709e-05
2.864780938180881975e+01 5.136143705309755502e-05
2.868742307371174149e+01 5.117073118998197449e-05
2.872709154273793075e+01 5.098072733591503720e-05
2.876681486463226278e+01 5.079142293126016520e-05
2.880659311524430066e+01 5.060281542561626537e-05
2.884642637052855108e+01 5.041490227778393620e-05
2.888631470654449984e+01 5.022768095573335506e-05
2.892625819945681087e+01 5.004114893657118294e-05
2.896625692553550735e+01 4.985530370650763859e-05
2.900631096115602148e+01 4.967014276082516505e-05
2.904642038279945027e+01 4.948566360384461612e-05
2.908658526705261238e+01 4.930186374889388226e-05
2.912680569060822222e+01 4.911874071827597438e-05
2.916708173026508533e+01 4.893629204323638257e-05
2.920741346292815521e+01 4.875451526393130222e-05
2.924780096560877496e+01 4.857340792939599563e-05
2.928824431542474116e+01 4.839296759751334339e-05
2.932874358960048511e+01 4.821319183498190103e-05
2.936929886546726820e+01 4.803407821728441655e-05
2.940991022046322101e+01 4.785562432865669348e-05
2.945057773213362040e+01 4.767782776205628449e-05
2.949130147813090375e+01 4.750068611913160527e-05
2.953208153621494958e+01 4.732419701019012666e-05
2.957291798425312024e+01 4.714835805416848461e-05
2.961381090022044305e+01 4.697316687860125513e-05
2.965476036219981637e+01 4.679862111958969540e-05
2.969576644838205226e+01 4.662471842177244320e-05
2.973682923706614289e+01 4.645145643829366169e-05
2.977794880665930677e+01 4.627883283077362367e-05
2.981912523567718054e+01 4.610684526927810993e-05
2.986035860274401088e+01 4.593549143228823462e-05
2.990164898659271842e+01 4.576476900667034501e-05
2.994299646606513932e+01 4.559467568764627373e-05
2.998440112011209990e+01 4.542520917876357743e-05
3.002586302779358363e+01 4.525636719186555180e-05
3.006738226827895488e+01 4.508814744706130082e-05
3.010895892084698389e+01 4.492054767269733741e-05
3.015059306488612734e+01 4.475356560532672438e-05
3.019228477989457815e+01 4.458719898968104776e-05
3.023403414548045376e+01 4.442144557864037763e-05
3.027584124136199861e+01 4.425630313320445548e-05
3.031770614736763036e+01 4.409176942246347490e-05
3.035962894343620988e+01 4.392784222356987207e-05
3.040160970961709808e+01 4.376451932170837461e-05
3.044364852607033711e+01 4.360179851006863906e-05
3.048574547306686355e+01 4.343967758962269127e-05
3.052790063098855100e+01 4.327815436865102165e-05
3.057011408032848010e+01 4.311722666323098433e-05
3.061238590169100249e+01 4.295689229734483115e-05
3.065471617579190777e+01 4.279714910285097355e-05
3.069710498345866156e+01 4.263799491945645056e-05
3.073955240563043034e+01 4.247942759468789257e-05
3.078205852335835857e+01 4.232144498386402996e-05
3.082462341780562198e+01 4.216404495006814766e-05
3.086724717024763365e+01 4.200722536411907591e-05
3.090992986207222870e+01 4.185098410454468154e-05
3.095267157477973541e+01 4.169531905755363130e-05
3.099547238998322740e+01 4.154022811700775142e-05
3.103833238940857697e+01 4.138570918439509204e-05
3.108125165489472863e+01 4.123176016880215124e-05
3.112423026839374529e+01 4.107837898688687168e-05
3.116726831197100367e+01 4.092556356285139319e-05
3.121036586780541811e+01 4.077331182841481224e-05
3.125352301818946543e+01 4.062162172278670029e-05
3.129673984552948696e+01 4.047049119263981576e-05
3.134001643234571688e+01 4.031991819208360884e-05
3.138335286127250967e+01 4.016990068263755014e-05
3.142674921505851771e+01 4.002043663320410693e-05
3.147020557656676942e+01 3.987152402004318986e-05
3.151372202877492157e+01 3.972316082674449901e-05
3.155729865477533380e+01 3.957534504420250597e-05
3.160093553777526409e+01 3.942807467058959944e-05
3.164463276109707479e+01 3.928134771132969853e-05
3.168839040817827879e+01 3.913516217907320085e-05
3.173220856257182731e+01 3.898951609366993850e-05
3.177608730794616676e+01 3.884440748214423460e-05
3.182002672808543409e+01 3.869983437866863173e-05
3.186402690688966644e+01 3.855579482453863003e-05
3.190808792837485441e+01 3.841228686814682219e-05
3.195220987667323342e+01 3.826930856495747569e-05
3.199639283603332274e+01 3.812685797748147418e-05
3.204063689082013866e+01 3.798493317525062865e-05
3.208494212551541125e+01 3.784353223479256461e-05
3.212930862471760918e+01 3.770265323960608360e-05
3.217373647314227014e+01 3.756229428013534562e-05
3.221822575562200086e+01 3.742245345374581338e-05
3.226277655710673997e+01 3.728312886469857030e-05
3.230738896266392146e+01 3.714431862412619019e-05
3.235206305747854572e+01 3.700602085000800391e-05
3.239679892685349216e+01 3.686823366714509496e-05
3.244159665620951927e+01 3.673095520713637926e-05
3.248645633108551323e+01 3.659418360835390568e-05
3.253137803713870113e+01 3.645791701591836662e-05
3.257636186014467938e+01 3.632215358167542851e-05
3.262140788599771923e+01 3.618689146417086971e-05
3.266651620071080231e+01 3.605212882862735148e-05
3.271168689041591193e+01 3.591786384691964397e-05
3.275692004136408286e+01 3.578409469755122096e-05
3.280221573992562156e+01 3.565081956563056332e-05
3.284757407259030515e+01 3.551803664284690674e-05
3.289299512596745245e+01 3.538574412744720243e-05
3.293847898678620822e+01 3.525394022421198686e-05
3.298402574189558578e+01 3.512262314443270159e-05
3.302963547826470858e+01 3.499179110588752234e-05
3.307530828298298786e+01 3.486144233281842812e-05
3.312104424326020791e+01 3.473157505590818904e-05
3.316684344642681026e+01 3.460218751225671715e-05
3.321270597993394347e+01 3.447327794535854213e-05
3.325863193135368334e+01 3.434484460507950096e-05
3.330462138837925323e+01 3.421688574763397643e-05
3.335067443882505955e+01 3.408939963556200693e-05
3.339679117062701152e+01 3.396238453770689770e-05
3.344297167184255670e+01 3.383583872919210017e-05
3.348921603065092256e+01 3.370976049139884356e-05
3.353552433535330835e+01 3.358414811194403068e-05
3.358189667437294190e+01 3.345899988465692081e-05
3.362833313625540654e+01 3.333431410955802165e-05
3.367483380966865525e+01 3.321008909283575187e-05
3.372139878340325936e+01 3.308632314682500778e-05
3.376802814637261463e+01 3.296301458998457124e-05
3.381472198761300518e+01 3.284016174687569674e-05
3.386148039628388773e+01 3.271776294813941085e-05
3.390830346166797682e+01 3.259581653047527542e-05
3.395519127317141539e+01 3.247432083661959515e-05
3.400214392032405897e+01 3.235327421532327273e-05
3.404916149277947568e+01 3.223267502133070757e-05
3.409624408031527310e+01 3.211252161535790167e-05
3.414339177283315507e+01 3.199281236407113476e-05
3.419060466035914203e+01 3.187354564006559870e-05
3.423788283304379121e+01 3.175471982184390997e-05
3.428522638116224641e+01 3.163633329379527943e-05
3.433263539511455775e+01 3.151838444617393670e-05
3.438010996542570297e+01 3.140087167507806275e-05
3.442765018274590716e+01 3.128379338242929169e-05
3.447525613785069254e+01 3.116714797595099290e-05
3.452292792164111290e+01 3.105093386914814545e-05
3.457066562514395258e+01 3.093514948128603360e-05
3.461846933951181171e+01 3.081979323736971465e-05
3.466633915602340466e+01 3.070486356812357503e-05
3.471427516608359554e+01 3.059035890997047967e-05
3.476227746122366824e+01 3.047627770501148728e-05
3.481034613310149695e+01 3.036261840100507774e-05
3.485848127350165271e+01 3.024937945134743313e-05
3.490668297433568057e+01 3.013655931505142795e-05
3.495495132764217772e+01 3.002415645672700504e-05
3.500328642558700665e+01 2.991216934656095865e-05
3.505168836046351544e+01 2.980059646029641245e-05
3.510015722469261590e+01 2.968943627921352078e-05
3.514869311082309622e+01 2.957868729010893318e-05
3.519729611153164939e+01 2.946834798527644137e-05
3.524596631962312898e+01 2.935841686248683680e-05
3.529470382803076234e+01 2.924889242496851364e-05
3.534350872981623581e+01 2.913977318138764473e-05
3.539238111816995769e+01 2.903105764582834079e-05
3.544132108641116474e+01 2.892274433777404611e-05
3.549032872798814253e+01 2.881483178208718606e-05
3.553940413647841723e+01 2.870731850899022408e-05
3.558854740558888352e+01 2.860020305404626457e-05
3.563775862915603909e+01 2.849348395814005230e-05
3.568703790114611962e+01 2.838715976745856854e-05
3.573638531565527643e+01 2.828122903347209141e-05
3.578580096690983225e+01 2.817569031291499197e-05
3.583528494926633812e+01 2.807054216776718757e-05
3.588483735721188594e+01 2.796578316523476513e-05
3.593445828536416542e+01 2.786141187773161747e-05
3.598414782847171978e+01 2.775742688286035454e-05
3.603390608141414475e+01 2.765382676339392964e-05
3.608373313920215963e+01 2.755061010725676749e-05
3.613362909697794834e+01 2.744777550750629214e-05
3.618359405001519491e+01 2.734532156231457345e-05
3.623362809371933224e+01 2.724324687494992278e-05
3.628373132362776232e+01 2.714155005375803125e-05
3.633390383540993440e+01 2.704022971214468010e-05
3.638414572486764342e+01 2.693928446855661470e-05
3.643445708793509397e+01 2.683871294646379411e-05
3.648483802067923421e+01 2.673851377434119004e-05
3.653528861929976301e+01 2.663868558565101610e-05
3.658580898012944260e+01 2.653922701882433026e-05
3.663639919963426195e+01 2.644013671724354189e-05
3.668705937441355758e+01 2.634141332922436662e-05
3.673778960120029069e+01 2.624305550799822494e-05
3.678858997686113952e+01 2.614506191169429532e-05
3.683946059839673381e+01 2.604743120332210255e-05
3.689040156294187511e+01 2.595016205075376058e-05
3.694141296776562200e+01 2.585325312670665236e-05
3.699249491027159564e+01 2.575670310872587597e-05
3.704364748799805795e+01 2.566051067916683975e-05
3.709487079861814607e+01 2.556467452517784391e-05
3.714616493994011392e+01 2.546919333868303488e-05
3.719753000990737490e+01 2.537406581636519355e-05
3.724896610659886420e+01 2.527929065964821531e-05
3.730047332822908857e+01 2.518486657468047761e-05
3.735205177314835367e+01 2.509079227231765207e-05
3.740370153984301282e+01 2.499706646810576714e-05
3.745542272693553798e+01 2.490368788226407097e-05
3.750721543318486084e+01 2.481065523966860572e-05
3.755907975748639416e+01 2.471796726983514154e-05
3.761101579887232305e+01 2.462562270690262558e-05
3.766302365651181816e+01 2.453362028961625485e-05
3.771510342971110674e+01 2.444195876131117931e-05
3.776725521791380658e+01 2.435063686989585261e-05
3.781947912070099704e+01 2.425965336783543700e-05
3.787177523779143939e+01 2.416900701213560467e-05
3.792414366904186807e+01 2.407869656432596304e-05
3.797658451444699779e+01 2.398872079044391366e-05
3.802909787413990017e+01 2.389907846101798264e-05
3.808168384839204634e+01 2.380976835105251641e-05
3.813434253761357695e+01 2.372078924001062592e-05
3.818707404235350822e+01 2.363213991179857409e-05
3.823987846329983853e+01 2.354381915474966188e-05
3.829275590127986817e+01 2.345582576160841246e-05
3.834570645726024196e+01 2.336815852950892446e-05
3.839873023234729743e+01 2.328081625978784371e-05
3.845182732778711454e+01 2.319379775793379536e-05
3.850499784496578570e+01 2.310710183377599441e-05
3.855824188540965736e+01 2.302072730148234495e-05
3.861155955078536550e+01 2.293467297954284850e-05
3.866495094290023360e+01 2.284893769075453697e-05
3.871841616370228678e+01 2.276352026220570773e-05
3.877195531528054318e+01 2.267841952526061255e-05
3.882556849986521286e+01 2.259363431554362495e-05
3.887925581982781864e+01 2.250916347292414264e-05
3.893301737768150872e+01 2.242500584150137143e-05
3.898685327608112061e+01 2.234116026958851960e-05
3.904076361782345828e+01 2.225762560969811034e-05
3.909474850584750527e+01 2.217440071852642007e-05
3.914880804323453134e+01 2.209148445693861129e-05
3.920294233320841215e+01 2.200887568995361479e-05
3.925715147913570746e+01 2.192657328672872376e-05
3.931143558452590270e+01 2.184457612054543482e-05
3.936579475303167186e+01 2.176288306879367286e-05
3.942022908844895568e+01 2.168149301295756431e-05
3.947473869471728136e+01 2.160040483860026841e-05
3.952932367591985496e+01 2.151961743534937780e-05
3.958398413628379586e+01 2.143912969688229196e-05
3.963872018018042809e+01 2.135894052091126874e-05
3.969353191212528742e+01 2.127904880916937718e-05
3.974841943677854061e+01 2.119945346739529496e-05
3.980338285894500672e+01 2.112015340531937303e-05
3.985842228357441286e+01 2.104114753664886671e-05
3.991353781576169268e+01 2.096243477905367170e-05
3.996872956074700767e+01 2.088401405415201597e-05
4.002399762391612370e+01 2.080588428749619232e-05
4.007934211080048215e+01 2.072804440855825374e-05
4.013476312707744142e+01 2.065049335071582047e-05
4.019026077857055412e+01 2.057323005123800914e-05
4.024583517124963095e+01 2.049625345127148378e-05
4.030148641123107467e+01 2.041956249582605631e-05
4.035721460477795830e+01 2.034315613376118140e-05
4.041301985830038035e+01 2.026703331777155356e-05
4.046890227835550036e+01 2.019119300437376127e-05
4.052486197164785153e+01 2.011563415389195858e-05
4.058089904502954681e+01 2.004035573044437354e-05
4.063701360550039254e+01 1.996535670192955243e-05
4.069320576020822955e+01 1.989063604001245483e-05
4.074947561644898997e+01 1.981619272011129755e-05
4.080582328166698858e+01 1.974202572138355818e-05
4.086224886345515017e+01 1.966813402671237861e-05
4.091875246955513035e+01 1.959451662269364600e-05
4.097533420785760683e+01 1.952117249962189482e-05
4.103199418640242868e+01 1.944810065147740822e-05
4.108873251337880816e+01 1.937530007591252996e-05
4.114554929712563336e+01 1.930276977423857945e-05
4.120244464613152502e+01 1.923050875141273292e-05
4.125941866903519184e+01 1.915851601602434215e-05
4.131647147462551573e+01 1.908679058028234750e-05
4.137360317184178626e+01 1.901533146000196264e-05
4.143081386977403469e+01 1.894413767459125747e-05
4.148810367766301255e+01 1.887320824703888638e-05
4.154547270490063937e+01 1.880254220390051531e-05
4.160292106103003817e+01 1.873213857528613328e-05
4.166044885574579126e+01 1.866199639484719436e-05
4.171805619889423156e+01 1.859211469976371572e-05
4.177574320047350653e+01 1.852249253073178894e-05
4.183350997063394772e+01 1.845312893195028838e-05
4.189135661967814883e+01 1.838402295110876539e-05
4.194928325806120029e+01 1.831517363937445144e-05
4.200728999639103023e+01 1.824658005137982364e-05
4.206537694542839034e+01 1.817824124521005177e-05
4.212354421608729638e+01 1.811015628239035711e-05
4.218179191943507078e+01 1.804232422787375084e-05
4.224012016669261271e+01 1.797474415002850467e-05
4.229852906923468225e+01 1.790741512062579775e-05
4.235701873858995015e+01 1.784033621482731611e-05
4.241558928644141702e+01 1.777350651117326542e-05
4.247424082462639916e+01 1.770692509156975703e-05
4.253297346513697619e+01 1.764059104127677324e-05
4.259178732012000523e+01 1.757450344889626489e-05
4.265068250187741938e+01 1.750866140635943562e-05
4.270965912286651189e+01 1.744306400891550349e-05
4.276871729569999303e+01 1.737771035511883285e-05
4.282785713314637377e+01 1.731259954681765858e-05
4.288707874813003684e+01 1.724773068914170257e-05
4.294638225373151386e+01 1.718310289049052183e-05
4.300576776318776950e+01 1.711871526252165009e-05
4.306523538989226552e+01 1.705456692013866143e-05
4.312478524739534436e+01 1.699065698147937949e-05
4.318441744940430027e+01 1.692698456790443925e-05
4.324413210978365640e+01 1.686354880398542849e-05
4.330392934255545612e+01 1.680034881749312422e-05
4.336380926189932694e+01 1.673738373938611195e-05
4.342377198215286427e+01 1.667465270379919491e-05
4.348381761781169530e+01 1.661215484803178964e-05
4.354394628352977747e+01 1.654988931253656903e-05
4.360415809411968269e+01 1.648785524090796636e-05
4.366445316455263992e+01 1.642605177987079460e-05
4.372483160995896156e+01 1.636447807926880461e-05
4.378529354562807896e+01 1.630313329205366026e-05
4.384583908700885502e+01 1.624201657427353391e-05
4.390646834970985424e+01 1.618112708506164776e-05
4.396718144949942086e+01 1.612046398662548267e-05
4.402797850230606258e+01 1.606002644423534659e-05
4.408885962421852156e+01 1.599981362621339024e-05
4.414982493148608000e+01 1.593982470392260245e-05
4.421087454051881593e+01 1.588005885175561239e-05
4.427200856788770977e+01 1.582051524712389161e-05
4.433322713032499962e+01 1.576119307044666126e-05
4.439453034472428783e+01 1.570209150514009414e-05
4.445591832814081101e+01 1.564320973760643203e-05
4.451739119779173137e+01 1.558454695722302167e-05
4.457894907105622195e+01 1.552610235633183867e-05
4.464059206547582903e+01 1.546787513022835410e-05
4.470232029875457158e+01 1.540986447715105842e-05
4.476413388875929655e+01 1.535206959827086333e-05
4.482603295351977124e+01 1.529448969768015820e-05
4.488801761122898881e+01 1.523712398238259308e-05
4.495008798024343122e+01 1.517997166228225535e-05
4.501224417908314734e+01 1.512303195017315635e-05
4.507448632643217223e+01 1.506630406172898056e-05
4.513681454113858393e+01 1.500978721549235881e-05
4.519922894221480192e+01 1.495348063286461915e-05
4.526172964883789263e+01 1.489738353809543613e-05
4.532431678034960498e+01 1.484149515827249190e-05
4.538699045625682515e+01 1.478581472331100350e-05
4.544975079623160497e+01 1.473034146594366859e-05
4.551259792011148875e+01 1.467507462171050781e-05
4.557553194789979756e+01 1.462001342894833110e-05
4.563855299976569313e+01 1.456515712878104593e-05
4.570166119604459709e+01 1.451050496510916766e-05
4.576485665723827623e+01 1.445605618459989737e-05
4.582813950401509118e+01 1.440181003667723704e-05
4.589150985721037301e+01 1.434776577351163703e-05
4.595496783782640904e+01 1.429392265001034678e-05
4.601851356703292595e+01 1.424027992380740109e-05
4.608214716616712536e+01 1.418683685525356929e-05
4.614586875673398225e+01 1.413359270740671261e-05
4.620967846040657179e+01 1.408054674602185013e-05
4.627357639902610487e+01 1.402769823954138919e-05
4.633756269460238286e+01 1.397504645908535392e-05
4.640163746931384736e+01 1.392259067844170881e-05
4.646580084550787859e+01 1.387033017405668046e-05
4.653005294570110806e+01 1.381826422502501843e-05
4.659439389257948960e+01 1.376639211308056438e-05
4.665882380899872572e+01 1.371471312258637562e-05
4.672334281798431022e+01 1.366322654052560261e-05
4.678795104273189054e+01 1.361193165649152276e-05
4.685264860660749520e+01 1.356082776267843649e-05
4.691743563314767584e+01 1.350991415387199756e-05
4.698231224605989809e+01 1.345919012743991090e-05
4.704727856922261253e+01 1.340865498332253396e-05
4.711233472668556033e+01 1.335830802402351190e-05
4.717748084267010000e+01 1.330814855460056357e-05
4.724271704156925722e+01 1.325817588265602356e-05
4.730804344794817240e+01 1.320838931832784499e-05
4.737346018654412205e+01 1.315878817428019235e-05
4.743896738226697352e+01 1.310937176569434782e-05
4.750456516019924180e+01 1.306013941025962251e-05
4.757025364559640934e+01 1.301109042816421538e-05
4.763603296388722441e+01 1.296222414208593983e-05
4.770190324067377929e+01 1.291353987718366197e-05
4.776786460173194371e+01 1.286503696108767489e-05
4.783391717301145007e+01 1.281671472389129612e-05
4.790006108063616352e+01 1.276857249814157224e-05
4.796629645090445138e+01 1.272060961883040206e-05
4.803262341028921867e+01 1.267282542338587986e-05
4.809904208543834159e+01 1.262521925166307635e-05
4.816555260317475273e+01 1.257779044593559877e-05
4.823215509049676797e+01 1.253053835088668862e-05
4.829884967457837774e+01 1.248346231355972104e-05
4.836563648276932526e+01 1.243656168308644785e-05
4.843251564259554698e+01 1.238983581084812184e-05
4.849948728175925794e+01 1.234328405060739674e-05
4.856655152813925014e+01 1.229690575850009236e-05
4.863370850979121229e+01 1.225070029302682763e-05
4.870095835494782222e+01 1.220466701504409791e-05
4.876830119201915892e+01 1.215880528775591483e-05
4.883573714959280920e+01 1.211311447670495641e-05
4.890326635643414477e+01 1.206759394976450679e-05
4.897088894148668459e+01 1.202224307712927771e-05
4.903860503387214465e+01 1.197706123130762769e-05
4.910641476289088558e+01 1.193204778711256823e-05
4.917431825802198375e+01 1.188720212165368312e-05
4.924231564892356516e+01 1.184252361432856494e-05
4.931040706543311103e+01 1.179801164681462086e-05
4.937859263756755013e+01 1.175366560306056504e-05
4.944687249552369224e+01 1.170948486927820070e-05
4.951524676967829919e+01 1.166546883393428695e-05
4.958371559058842593e+01 1.162161688774218191e-05
4.965227908899172604e+01 1.157792842365353845e-05
4.972093739580654415e+01 1.153440283685029971e-05
4.978969064213234219e+01 1.149103952473657263e-05
4.985853895924977053e+01 1.144783788693037115e-05
4.992748247862112265e+01 1.140479732525558794e-05
4.999652133189039205e+01 1.136191724373399681e-05
5.006565565088360614e+01 1.131919704857720411e-05
5.013488556760914605e+01 1.127663614817861045e-05
5.020421121425786026e+01 1.123423395310539438e-05
5.027363272320344834e+01 1.119198987609073657e-05
5.034315022700261721e+01 1.114990333202580357e-05
5.041276385839533702e+01 1.110797373795190252e-05
5.048247375030523898e+01 1.106620051305251063e-05
5.055228003583962249e+01 1.102458307864570433e-05
5.062218284828997383e+01 1.098312085817603461e-05
5.069218232113200884e+01 1.094181327720707138e-05
5.076227858802599258e+01 1.090065976341344984e-05
5.083247178281712308e+01 1.085965974657331326e-05
5.090276203953554557e+01 1.081881265856046268e-05
5.097314949239685689e+01 1.077811793333686408e-05
5.104363427580216950e+01 1.073757500694491489e-05
5.111421652433843121e+01 1.069718331749990888e-05
5.118489637277878757e+01 1.065694230518238570e-05
5.125567395608262444e+01 1.061685141223070243e-05
5.132654940939607258e+01 1.057691008293341194e-05
5.139752286805204307e+01 1.053711776362179550e-05
5.146859446757059686e+01 1.049747390266251218e-05
5.153976434365925030e+01 1.045797795044995526e-05
5.161103263221309589e+01 1.041862935939902024e-05
5.168239946931521445e+01 1.037942758393763741e-05
5.175386499123680295e+01 1.034037208049948397e-05
5.182542933443748723e+01 1.030146230751653861e-05
5.189709263556566299e+01 1.026269772541195121e-05
5.196885503145857399e+01 1.022407779659261602e-05
5.204071665914278810e+01 1.018560198544196341e-05
5.211267765583426836e+01 1.014726975831281098e-05
5.218473815893872825e+01 1.010908058352007896e-05
5.225689830605195141e+01 1.007103393133363290e-05
5.232915823495988406e+01 1.003312927397127522e-05
5.240151808363911101e+01 9.995366085591328683e-06
5.247397799025689125e+01 9.957743842285919335e-06
5.254653809317166235e+01 9.920262022073571802e-06
5.261919853093309030e+01 9.882920104892400817e-06
5.269195944228241757e+01 9.845717572593074075e-06
5.276482096615283979e+01 9.808653908931583653e-06
5.283778324166953411e+01 9.771728599562654399e-06
5.291084640815017792e+01 9.734941132032503495e-06
5.298401060510501281e+01 9.698290995772032005e-06
5.305727597223719982e+01 9.661777682090116377e-06
5.313064264944313919e+01 9.625400684166290075e-06
5.320411077681259826e+01 9.589159497044402692e-06
5.327768049462913069e+01 9.553053617625576025e-06
5.335135194337022568e+01 9.517082544661278730e-06
5.342512526370760639e+01 9.481245778746936310e-06
5.349900059650758521e+01 9.445542822314824505e-06
5.357297808283117035e+01 9.409973179627569164e-06
5.364705786393453479e+01 9.374536356771337792e-06
5.372124008126908734e+01 9.339231861649195424e-06
5.379552487648184211e+01 9.304059203974646846e-06
5.386991239141574539e+01 9.269017895264745137e-06
5.394440276810978929e+01 9.234107448833652520e-06
5.401899614879948786e+01 9.199327379785992851e-06
5.409369267591693387e+01 9.164677205010415863e-06
5.416849249209118256e+01 9.130156443173024187e-06
5.424339574014860688e+01 9.095764614710730923e-06
5.431840256311296145e+01 9.061501241825084768e-06
5.439351310420586572e+01 9.027365848475532717e-06
5.446872750684691766e+01 8.993357960373190980e-06
5.454404591465404195e+01 8.959477104974282176e-06
5.461946847144380968e+01 8.925722811473913023e-06
5.469499532123157337e+01 8.892094610799574213e-06
5.477062660823192886e+01 8.858592035604863891e-06
5.484636247685880761e+01 8.825214620263250112e-06
5.492220307172583205e+01 8.791961900861646937e-06
5.499814853764667788e+01 8.758833415194261588e-06
5.507419901963515940e+01 8.725828702756278972e-06
5.515035466290571975e+01 8.692947304737647844e-06
5.522661561287349485e+01 8.660188764016965232e-06
5.530298201515480372e+01 8.627552625155150793e-06
5.537945401556724789e+01 8.595038434389471843e-06
5.545603176013004543e+01 8.562645739627295643e-06
5.553271539506442878e+01 8.530374090439997537e-06
5.560950506679370875e+01 8.498223038056870786e-06
5.568640092194375768e+01 8.466192135359124491e-06
5.576340310734315153e+01 8.434280936873771406e-06
5.584051177002346833e+01 8.402488998767666516e-06
5.591772705721970027e+01 8.370815878841399933e-06
5.599504911637031057e+01 8.339261136523506578e-06
5.607247809511775216e+01 8.307824332864331967e-06
5.615001414130856006e+01 8.276505030530185991e-06
5.622765740299369952e+01 8.245302793797449262e-06
5.630540802842894266e+01 8.214217188546613384e-06
5.638326616607496078e+01 8.183247782256477089e-06
5.646123196459782179e+01 8.152394143998283074e-06
5.653930557286907543e+01 8.121655844429866692e-06
5.661748713996615123e+01 8.091032455789887667e-06
5.669577681517267820e+01 8.060523551892017743e-06
5.677417474797861274e+01 8.030128708119202893e-06
5.685268108808073606e+01 7.999847501417884854e-06
5.693129598538273939e+01 7.969679510292364971e-06
5.701001958999560770e+01 7.939624314798976611e-06
5.708885205223796078e+01 7.909681496540533710e-06
5.716779352263618819e+01 7.879850638660604827e-06
5.724684415192491826e+01 7.850131325837853273e-06
5.732600409104713890e+01 7.820523144280465329e-06
5.740527349115455280e+01 7.791025681720644528e-06
5.748465250360796830e+01 7.761638527408750189e-06
5.756414127997736330e+01 7.732361272108083082e-06
5.764373997204242528e+01 7.703193508089118831e-06
5.772344873179264368e+01 7.674134829124075038e-06
5.780326771142766518e+01 7.645184830481422514e-06
5.788319706335768444e+01 7.616343108920426153e-06
5.796323694020352946e+01 7.587609262685559592e-06
5.804338749479718018e+01 7.558982891501254457e-06
5.812364888018185383e+01 7.530463596566420907e-06
5.820402124961248802e+01 7.502050980548928365e-06
5.828450475655586871e+01 7.473744647580378481e-06
5.836509955469097122e+01 7.445544203250787456e-06
5.844580579790937946e+01 7.417449254603022730e-06
5.852662364031535702e+01 7.389459410127721636e-06
5.860755323622638002e+01 7.361574279757811936e-06
5.868859474017321531e+01 7.333793474863412688e-06
5.876974830690031126e+01 7.306116608246408153e-06
5.885101409136620276e+01 7.278543294135292751e-06
5.893239224874354676e+01 7.251073148179970278e-06
5.901388293441971911e+01 7.223705787446436233e-06
5.909548630399686431e+01 7.196440830411736282e-06
5.917720251329227921e+01 7.169277896958734977e-06
5.925903171833882510e+01 7.142216608370936153e-06
5.934097407538499880e+01 7.115256587327410894e-06
5.942302974089547263e+01 7.088397457897660277e-06
5.950519887155119392e+01 7.061638845536515388e-06
5.958748162424975447e+01 7.034980377079162698e-06
5.966987815610580270e+01 7.008421680735896691e-06
5.975238862445110755e+01 6.981962386087288392e-06
5.983501318683511982e+01 6.955602124079026932e-06
5.991775200102507171e+01 6.929340527017004221e-06
6.000060522500633198e+01 6.903177228562314060e-06
6.008357301698283237e+01 6.877111863726231780e-06
6.016665553537713151e+01 6.851144068865384462e-06
6.024985293883099757e+01 6.825273481676684826e-06
6.033316538620544378e+01 6.799499741192594632e-06
6.041659303658118318e+01 6.773822487776057719e-06
6.050013604925897681e+01 6.748241363115732066e-06
6.058379458375974025e+01 6.722756010221121888e-06
6.066756879982510497e+01 6.697366073417733454e-06
6.075145885741748941e+01 6.672071198341921743e-06
6.083546491672051104e+01 6.646871031812777554e-06
6.091958713813937720e+01 6.621765221644480063e-06
6.100382568230097746e+01 6.596753416907293932e-06
6.108818071005443784e+01 6.571835267970702769e-06
6.117265238247120607e+01 6.547010426498673365e-06
6.125724086084545661e+01 6.522278545444802198e-06
6.134194630669450987e+01 6.497639279047599148e-06
6.142676888175887484e+01 6.473092282825740732e-06
6.151170874800286015e+01 6.448637213573292830e-06
6.159676606761460249e+01 6.424273729355094364e-06
6.168194100300663507e+01 6.400001489501948684e-06
6.176723371681597996e+01 6.375820154606011478e-06
6.185264437190455311e+01 6.351729386516182913e-06
6.193817313135956226e+01 6.327728848333301569e-06
6.202382015849360641e+01 6.303818204405746642e-06
6.210958561684523005e+01 6.279997120324585296e-06
6.219546967017903683e+01 6.256265262919190112e-06
6.228147248248605905e+01 6.232622300252546526e-06
6.236759421798421243e+01 6.209067901616693251e-06
6.245383504111833872e+01 6.185601737528293988e-06
6.254019511656081676e+01 6.162223479723960112e-06
6.262667460921163354e+01 6.138932801155881674e-06
6.271327368419878923e+01 6.115729375987238176e-06
6.279999250687871637e+01 6.092612879587756732e-06
6.288683124283638648e+01 6.069582988529286323e-06
6.297379005788584294e+01 6.046639380581297503e-06
6.306086911807033601e+01 6.023781734706569317e-06
6.314806858966270653e+01 6.001009731056597528e-06
6.323538863916583352e+01 5.978323050967384020e-06
6.332282943331266978e+01 5.955721376954999193e-06
6.341039113906687419e+01 5.933204392711115553e-06
6.349807392362288283e+01 5.910771783098890293e-06
6.358587795440632817e+01 5.888423234148399776e-06
6.367380339907442988e+01 5.866158433052513648e-06
6.376185042551614401e+01 5.843977068162469927e-06
6.385001920185268887e+01 5.821878828983671188e-06
6.393830989643766571e+01 5.799863406171419745e-06
6.402672267785746385e+01 5.777930491526631669e-06
6.411525771493171533e+01 5.756079777991576210e-06
6.420391517671333759e+01 5.734310959645815968e-06
6.429269523248915164e+01 5.712623731701776913e-06
6.438159805177994599e+01 5.691017790500781726e-06
6.447062380434095985e+01 5.669492833508711299e-06
6.455977266016225258e+01 5.648048559311938129e-06
6.464904478946877475e+01 5.626684667613216515e-06
6.473844036272103608e+01 5.605400859227428756e-06
6.482795955061509119e+01 5.584196836077642216e-06
6.491760252408322174e+01 5.563072301190852133e-06
6.500736945429387958e+01 5.542026958694054779e-06
6.509726051265229785e+01 5.521060513810073275e-06
6.518727587080076091e+01 5.500172672853549438e-06
6.527741570061880338e+01 5.479363143226933074e-06
6.536768017422373589e+01 5.458631633416449259e-06
6.545806946397077297e+01 5.437977852988047823e-06
6.554858374245350205e+01 5.417401512583485829e-06
6.563922318250419607e+01 5.396902323916310086e-06
6.572998795719405507e+01 5.376479999767899823e-06
6.582087823983370356e+01 5.356134253983533903e-06
6.591189420397329002e+01 5.335864801468503798e-06
6.600303602340298426e+01 5.315671358184096955e-06
6.609430387215336111e+01 5.295553641143762277e-06
6.618569792449549993e+01 5.275511368409238338e-06
6.627721835494159563e+01 5.255544259086628230e-06
6.636886533824505818e+01 5.235652033322579446e-06
6.646063904940093892e+01 5.215834412300445971e-06
6.655253966364637108e+01 5.196091118236397018e-06
6.664456735646068353e+01 5.176421874375688382e-06
6.673672230356594071e+01 5.156826404988807601e-06
6.682900468092717006e+01 5.137304435367683475e-06
6.692141466475264622e+01 5.117855691821965056e-06
6.701395243149443104e+01 5.098479901675160873e-06
6.710661815784847306e+01 5.079176793261011082e-06
6.719941202075514752e+01 5.059946095919693616e-06
6.729233419739941269e+01 5.040787539994085373e-06
6.738538486521125037e+01 5.021700856826124213e-06
6.747856420186604964e+01 5.002685778753078626e-06
6.757187238528480577e+01 4.983742039103812314e-06
6.766530959363463182e+01 4.964869372195253760e-06
6.775887600532892918e+01 4.946067513328645564e-06
6.785257179902779967e+01 4.927336198785919144e-06
6.794639715363848609e+01 4.908675165826143973e-06
6.804035224831550011e+01 4.890084152681809951e-06
6.813443726246121912e+01 4.871562898555302054e-06
6.822865237572592889e+01 4.853111143615291127e-06
6.832299776800851987e+01 4.834728628993208534e-06
6.841747361945650141e+01 4.816415096779601373e-06
6.851208011046651336e+01 4.798170290020685898e-06
6.860681742168472397e+01 4.779993952714747635e-06
6.870168573400697198e+01 4.761885829808665151e-06
6.879668522857937774e+01 4.743845667194383860e-06
6.889181608679842839e+01 4.725873211705412698e-06
6.898707849031144690e+01 4.707968211113433440e-06
6.908247262101707520e+01 4.690130414124651695e-06
6.917799866106527418e+01 4.672359570376548523e-06
6.927365679285807687e+01 4.654655430434327139e-06
6.936944719904961687e+01 4.637017745787495133e-06
6.946537006254658309e+01 4.619446268846478879e-06
6.956142556650868869e+01 4.601940752939170182e-06
6.965761389434881323e+01 4.584500952307641483e-06
6.975393522973355687e+01 4.567126622104629827e-06
6.985038975658341087e+01 4.549817518390278328e-06
6.994697765907316978e+01 4.532573398128742105e-06
7.004369912163241452e+01 4.515394019184825563e-06
7.014055432894562614e+01 4.498279140320723011e-06
7.023754346595278264e+01 4.481228521192646620e-06
7.033466671784948687e+01 4.464241922347555189e-06
7.043192427008744971e+01 4.447319105219810898e-06
7.052931630837491639e+01 4.430459832127968211e-06
7.062684301867679437e+01 4.413663866271481457e-06
7.072450458721523603e+01 4.396930971727425967e-06
7.082230120046985178e+01 4.380260913447295441e-06
7.092023304517809379e+01 4.363653457253742565e-06
7.101830030833571072e+01 4.347108369837370452e-06
7.111650317719691827e+01 4.330625418753519844e-06
7.121484183927498179e+01 4.314204372419091894e-06
7.131331648234237264e+01 4.297845000109366706e-06
7.141192729443120868e+01 4.281547071954766827e-06
7.151067446383369486e+01 4.265310358937814700e-06
7.160955817910226529e+01 4.249134632889865663e-06
7.170857862905027957e+01 4.233019666488055238e-06
7.180773600275196600e+01 4.216965233252169345e-06
7.190703048954317467e+01 4.200971107541421344e-06
7.200646227902149121e+01 4.185037064551528923e-06
7.210603156104662048e+01 4.169162880311475889e-06
7.220573852574094076e+01 4.153348331680511132e-06
7.230558336348958903e+01 4.137593196345067121e-06
7.240556626494107206e+01 4.121897252815655526e-06
7.250568742100745112e+01 4.106260280423878038e-06
7.260594702286476831e+01 4.090682059319420251e-06
7.270634526195351555e+01 4.075162370466919333e-06
7.280688232997876241e+01 4.059700995643062092e-06
7.290755841891083833e+01 4.044297717433521257e-06
7.300837372098538935e+01 4.028952319229999333e-06
7.310932842870387560e+01 4.013664585227240270e-06
7.321042273483408280e+01 3.998434300420029270e-06
7.331165683241017916e+01 3.983261250600317961e-06
7.341303091473341169e+01 3.968145222354166603e-06
7.351454517537221989e+01 3.953086003058941260e-06
7.361619980816270470e+01 3.938083380880277186e-06
7.371799500720911169e+01 3.923137144769199757e-06
7.381993096688391631e+01 3.908247084459278446e-06
7.392200788182856286e+01 3.893412990463649498e-06
7.402422594695347868e+01 3.878634654072190227e-06
7.412658535743867105e+01 3.863911867348639109e-06
7.422908630873408242e+01 3.849244423127734501e-06
7.433172899655983201e+01 3.834632115012342351e-06
7.443451361690679846e+01 3.820074737370644053e-06
7.453744036603674772e+01 3.805572085333339542e-06
7.464050944048284464e+01 3.791123954790752133e-06
7.474372103705016457e+01 3.776730142390077786e-06
7.484707535281570756e+01 3.762390445532578883e-06
7.495057258512917997e+01 3.748104662370774620e-06
7.505421293161306551e+01 3.733872591805711019e-06
7.515799659016310841e+01 3.719694033484151323e-06
7.526192375894879660e+01 3.705568787795833301e-06
7.536599463641351804e+01 3.691496655870732483e-06
7.547020942127522858e+01 3.677477439576335564e-06
7.557456831252646623e+01 3.663510941514887121e-06
7.567907150943511851e+01 3.649596965020665558e-06
7.578371921154450774e+01 3.635735314157362805e-06
7.588851161867385997e+01 3.621925793715266245e-06
7.599344893091883080e+01 3.608168209208665942e-06
7.609853134865163327e+01 3.594462366873148370e-06
7.620375907252166314e+01 3.580808073662919370e-06
7.630913230345569787e+01 3.567205137248160980e-06
7.641465124265832287e+01 3.553653366012415374e-06
7.652031609161245740e+01 3.540152569041789007e-06
7.662612705207951080e+01 3.526702555966017887e-06
7.673208432610000784e+01 3.513303136969692888e-06
7.683818811599374499e+01 3.499954122939338542e-06
7.694443862436027359e+01 3.486655325466702075e-06
7.705083605407942571e+01 3.473406556846081861e-06
7.715738060831141354e+01 3.460207630071758373e-06
7.726407249049754000e+01 3.447058358835336193e-06
7.737091190436025556e+01 3.433958557523195714e-06
7.747789905390379772e+01 3.420908041213802537e-06
7.758503414341456050e+01 3.407906625675237103e-06
7.769231737746125077e+01 3.394954127362527810e-06
7.779974896089565561e+01 3.382050363415115839e-06
7.790732909885268498e+01 3.369195151654310247e-06
7.801505799675089747e+01 3.356388310580753222e-06
7.812293586029304038e+01 3.343629659371812065e-06
7.823096289546612070e+01 3.330919017879168112e-06
7.833913930854214414e+01 3.318256206626153241e-06
7.844746530607825719e+01 3.305641046805393001e-06
7.855594109491718768e+01 3.293073360276191820e-06
7.866456688218782745e+01 3.280552969562095670e-06
7.877334287530531753e+01 3.268079697848403061e-06
7.888226928197175880e+01 3.255653368979685349e-06
7.899134631017635400e+01 3.243273807457348978e-06
7.910057416819589093e+01 3.230940838437146472e-06
7.920995306459531093e+01 3.218654287726747571e-06
7.931948320822776566e+01 3.206413981783330688e-06
7.942916480823538450e+01 3.194219747711118894e-06
7.953899807404930300e+01 3.182071413258975191e-06
7.964898321539044446e+01 3.169968806818040557e-06
7.975912044226961939e+01 3.157911757419240711e-06
7.986940996498800871e+01 3.145900094730996577e-06
7.997985199413771795e+01 3.133933649056773820e-06
8.009044674060191937e+01 3.122012251332754354e-06
8.020119441555553408e+01 3.110135733125443047e-06
8.031209523046537413e+01 3.098303926629350242e-06
8.042314939709065413e+01 3.086516664664610745e-06
8.053435712748354547e+01 3.074773780674659570e-06
8.064571863398926155e+01 3.063075108723946214e-06
8.075723412924682520e+01 3.051420483495526975e-06
8.086890382618915396e+01 3.039809740288840211e-06
8.098072793804360003e+01 3.028242715017374041e-06
8.109270667833251878e+01 3.016719244206362836e-06
8.120484026087332552e+01 3.005239164990530725e-06
8.131712889977927716e+01 2.993802315111767758e-06
8.142957280945955745e+01 2.982408532916930163e-06
8.154217220461985960e+01 2.971057657355541075e-06
8.165492730026288370e+01 2.959749527977533614e-06
8.176783831168845040e+01 2.948483984931024465e-06
8.188090545449428248e+01 2.937260868960129373e-06
8.199412894457609013e+01 2.926080021402610513e-06
8.210750899812811099e+01 2.914941284187805072e-06
8.222104583164369274e+01 2.903844499834333173e-06
8.233473966191532156e+01 2.892789511447901948e-06
8.244859070603548901e+01 2.881776162719163810e-06
8.256259918139672038e+01 2.870804297921474359e-06
8.267676530569214322e+01 2.859873761908766756e-06
8.279108929691604146e+01 2.848984400113330373e-06
8.290557137336398341e+01 2.838136058543727941e-06
8.302021175363353223e+01 2.827328583782570399e-06
8.313501065662443068e+01 2.816561822984412859e-06
8.324996830153907013e+01 2.805835623873628976e-06
8.336508490788312997e+01 2.795149834742244667e-06
8.348036069546560611e+01 2.784504304447887016e-06
8.359579588439963516e+01 2.773898882411570554e-06
8.371139069510257968e+01 2.763333418615712240e-06
8.382714534829659669e+01 2.752807763601966440e-06
8.394306006500919182e+01 2.742321768469134031e-06
8.405913506657333301e+01 2.731875284871127402e-06
8.417537057462818950e+01 2.721468165014854990e-06
8.429176681111927394e+01 2.711100261658183316e-06
8.440832399829913868e+01 2.700771428107901147e-06
8.452504235872756055e+01 2.690481518217606989e-06
8.464192211527205245e+01 2.680230386385742282e-06
8.475896349110844596e+01 2.670017887553503461e-06
8.487616670972099087e+01 2.659843877202841265e-06
8.499353199490315092e+01 2.649708211354454115e-06
8.511105957075770334e+01 2.639610746565753121e-06
8.522874966169732147e+01 2.629551339928888912e-06
8.534660249244512897e+01 2.619529849068724693e-06
8.546461828803481353e+01 2.609546132140870700e-06
8.558279727381139423e+01 2.599600047829688594e-06
8.570113967543139211e+01 2.589691455346344554e-06
8.581964571886332749e+01 2.579820214426833148e-06
8.593831563038835952e+01 2.569986185329982150e-06
8.605714963660031458e+01 2.560189228835584407e-06
8.617614796440658154e+01 2.550429206242366652e-06
8.629531084102815441e+01 2.540705979366111214e-06
8.641463849400021502e+01 2.531019410537715460e-06
8.653413115117271559e+01 2.521369362601240655e-06
8.665378904071052091e+01 2.511755698912062471e-06
8.677361239109413305e+01 2.502178283334882994e-06
8.689360143111990453e+01 2.492636980241892667e-06
8.701375638990052153e+01 2.483131654510873780e-06
8.713407749686565751e+01 2.473662171523245521e-06
8.725456498176204434e+01 2.464228397162310616e-06
8.737521907465425386e+01 2.454830197811249980e-06
8.749604000592488262e+01 2.445467440351361732e-06
8.761702800627509191e+01 2.436139992160157068e-06
8.773818330672520460e+01 2.426847721109476885e-06
8.785950613861476199e+01 2.417590495563743923e-06
8.798099673360343331e+01 2.408368184378039158e-06
8.810265532367105834e+01 2.399180656896286184e-06
8.822448214111827269e+01 2.390027782949489810e-06
8.834647741856703362e+01 2.380909432853842941e-06
8.846864138896083318e+01 2.371825477408953312e-06
8.859097428556540876e+01 2.362775787896036347e-06
8.871347634196889942e+01 2.353760236076138082e-06
8.883614779208262746e+01 2.344778694188295408e-06
8.895898887014119794e+01 2.335831034947823798e-06
8.908199981070315232e+01 2.326917131544488981e-06
8.920518084865149433e+01 2.318036857640741730e-06
8.932853221919383202e+01 2.309190087369991183e-06
8.945205415786320202e+01 2.300376695334803627e-06
8.957574690051818322e+01 2.291596556605194036e-06
8.969961068334352206e+01 2.282849546716846026e-06
8.982364574285065828e+01 2.274135541669427534e-06
8.994785231587793817e+01 2.265454417924787060e-06
9.007223063959135345e+01 2.256806052405297294e-06
9.019678095148471186e+01 2.248190322492113192e-06
9.032150348938023399e+01 2.239607106023462666e-06
9.044639849142912169e+01 2.231056281292920752e-06
9.057146619611170024e+01 2.222537727047766790e-06
9.069670684223828516e+01 2.214051322487232338e-06
9.082212066894921065e+01 2.205596947260859195e-06
9.094770791571556856e+01 2.197174481466804068e-06
9.107346882233964891e+01 2.188783805650169918e-06
9.119940362895519570e+01 2.180424800801325018e-06
9.132551257602818851e+01 2.172097348354271573e-06
9.145179590435697037e+01 2.163801330184974519e-06
9.157825385507284466e+01 2.155536628609724214e-06
9.170488666964072877e+01 2.147303126383466084e-06
9.183169458985919675e+01 2.139100706698215827e-06
9.195867785786138882e+01 2.130929253181381439e-06
9.208583671611512500e+01 2.122788649894180113e-06
9.221317140742348784e+01 2.114678781329982284e-06
9.234068217492547603e+01 2.106599532412746741e-06
9.246836926209607554e+01 2.098550788495363404e-06
9.259623291274715484e+01 2.090532435358114265e-06
9.272427337102757861e+01 2.082544359207018712e-06
9.285249088142379037e+01 2.074586446672308019e-06
9.298088568876049465e+01 2.066658584806787186e-06
9.310945803820068534e+01 2.058760661084307316e-06
9.323820817524661209e+01 2.050892563398152439e-06
9.336713634573976606e+01 2.043054180059532642e-06
9.349624279586181785e+01 2.035245399795970045e-06
9.362552777213466015e+01 2.027466111749781770e-06
9.375499152142110404e+01 2.019716205476520547e-06
9.388463429092546164e+01 2.011995570943453025e-06
9.401445632819367404e+01 2.004304098527988522e-06
9.414445788111419233e+01 1.996641679016194178e-06
9.427463919791806291e+01 1.989008203601242343e-06
9.440500052717960955e+01 1.981403563881911754e-06
9.453554211781703032e+01 1.973827651861059908e-06
9.466626421909251121e+01 1.966280359944134826e-06
9.479716708061312147e+01 1.958761580937650397e-06
9.492825095233092725e+01 1.951271208047730746e-06
9.505951608454364532e+01 1.943809134878584311e-06
9.519096272789519730e+01 1.936375255431034657e-06
9.532259113337595124e+01 1.928969464101051304e-06
9.545440155232350321e+01 1.921591655678265720e-06
9.558639423642286204e+01 1.914241725344501724e-06
9.571856943770704618e+01 1.906919568672336584e-06
9.585092740855773741e+01 1.899625081623614899e-06
9.598346840170542293e+01 1.892358160548028340e-06
9.611619267023024804e+01 1.885118702181636089e-06
9.624910046756214399e+01 1.877906603645475923e-06
9.638219204748152436e+01 1.870721762375737143e-06
9.651546766411983924e+01 1.863564075815162120e-06
9.664892757195974582e+01 1.856433441664969988e-06
9.678257202583601781e+01 1.849329758014228220e-06
9.691640128093565920e+01 1.842252923338439993e-06
9.705041559279851526e+01 1.835202836498089399e-06
9.718461521731798314e+01 1.828179396737159363e-06
9.731900041074104024e+01 1.821182503681637463e-06
9.745357142966926745e+01 1.814212057338040620e-06
9.758832853105886329e+01 1.807267958091978739e-06
9.772327197222138295e+01 1.800350106706662235e-06
9.785840201082430667e+01 1.793458404321460387e-06
9.799371890489123871e+01 1.786592752450463493e-06
9.812922291280274578e+01 1.779753052981009041e-06
9.826491429329649918e+01 1.772939208172291509e-06
9.840079330546814163e+01 1.766151120653878580e-06
9.853686020877144358e+01 1.759388693424326664e-06
9.867311526301892854e+01 1.752651829849754707e-06
9.880955872838256937e+01 1.745940433662382211e-06
9.894619086539384512e+01 1.739254408959207230e-06
9.908301193494475001e+01 1.732593660200510083e-06
9.922002219828785030e+01 1.725958092208520763e-06
9.935722191703696637e+01 1.719347610166006506e-06
9.949461135316785487e+01 1.712762119614867837e-06
9.963219076901829396e+01 1.706201526454792843e-06
9.976996042728903547e+01 1.699665736941835432e-06
9.990792059104393275e+01 1.693154657687081677e-06
1.000460715237106513e+02 1.686668195655274447e-06
1.001844134890810238e+02 1.680206258163448626e-06
1.003229467513119317e+02 1.673768752879581364e-06
1.004616715749252620e+02 1.667355587821225603e-06
1.006005882248087602e+02 1.660966671354198656e-06
1.007396969662164281e+02 1.654601912191220395e-06
1.008789980647689930e+02 1.648261219390590389e-06
1.010184917864547742e+02 1.641944502354840495e-06
1.011581783976295839e+02 1.635651670829428726e-06
1.012980581650176219e+02 1.629382634901433766e-06
1.014381313557119739e+02 1.623137304998215598e-06
1.015783982371748806e+02 1.616915591886128861e-06
1.017188590772388039e+02 1.610717406669200630e-06
1.018595141441061855e+02 1.604542660787841022e-06
1.020003637063504982e+02 1.598391266017575610e-06
1.021414080329165301e+02 1.592263134467713467e-06
1.022826473931209108e+02 1.586158178580118961e-06
1.024240820566529635e+02 1.580076311127862227e-06
1.025657122935746060e+02 1.574017445214038613e-06
1.027075383743213450e+02 1.567981494270419353e-06
1.028495605697025894e+02 1.561968372056235656e-06
1.029917791509021470e+02 1.555977992656913235e-06
1.031341943894791058e+02 1.550010270482810865e-06
1.032768065573677774e+02 1.544065120267980116e-06
1.034196159268785635e+02 1.538142457068925506e-06
1.035626227706984395e+02 1.532242196263367200e-06
1.037058273618913375e+02 1.526364253549011115e-06
1.038492299738990852e+02 1.520508544942283669e-06
1.039928308805413337e+02 1.514674986777184894e-06
1.041366303560164113e+02 1.508863495704001586e-06
1.042806286749018909e+02 1.503073988688126747e-06
1.044248261121548182e+02 1.497306383008839014e-06
1.045692229431128624e+02 1.491560596258111097e-06
1.047138194434940317e+02 1.485836546339397036e-06
1.048586158893977398e+02 1.480134151466441909e-06
1.050036125573051748e+02 1.474453330162108481e-06
1.051488097240797259e+02 1.468794001257172511e-06
1.052942076669679352e+02 1.463156083889130339e-06
1.054398066635994269e+02 1.457539497501070641e-06
1.055856069919878166e+02 1.451944161840452159e-06
1.057316089305311380e+02 1.446369996957973338e-06
1.058778127580122970e+02 1.440816923206392828e-06
1.060242187536000245e+02 1.435284861239360582e-06
1.061708271968487480e+02 1.429773732010297653e-06
1.063176383676995727e+02 1.424283456771227716e-06
1.064646525464805649e+02 1.418813957071633779e-06
1.066118700139078044e+02 1.413365154757319777e-06
1.067592910510851567e+02 1.407936971969266012e-06
1.069069159395053390e+02 1.402529331142530772e-06
1.070547449610502895e+02 1.397142155005098567e-06
1.072027783979916506e+02 1.391775366576750621e-06
1.073510165329916646e+02 1.386428889167967323e-06
1.074994596491031444e+02 1.381102646378804425e-06
1.076481080297703983e+02 1.375796562097802283e-06
1.077969619588296979e+02 1.370510560500845316e-06
1.079460217205096484e+02 1.365244566050108518e-06
1.080952875994322255e+02 1.359998503492923913e-06
1.082447598806126763e+02 1.354772297860702704e-06
1.083944388494604425e+02 1.349565874467855732e-06
1.085443247917796299e+02 1.344379158910699955e-06
1.086944179937694344e+02 1.339212077066393516e-06
1.088447187420251367e+02 1.334064555091832906e-06
1.089952273235379892e+02 1.328936519422621913e-06
1.091459440256962097e+02 1.323827896771978742e-06
1.092968691362854088e+02 1.318738614129674461e-06
1.094480029434890014e+02 1.313668598760997091e-06
1.095993457358892726e+02 1.308617778205673749e-06
1.097508978024671933e+02 1.303586080276829647e-06
1.099026594326034427e+02 1.298573433059953653e-06
1.100546309160788780e+02 1.293579764911836326e-06
1.102068125430749319e+02 1.288605004459565751e-06
1.103592046041746073e+02 1.283649080599443133e-06
1.105118073903624207e+02 1.278711922496004684e-06
1.106646211930253401e+02 1.273793459580974473e-06
1.108176463039532962e+02 1.268893621552241641e-06
1.109708830153395525e+02 1.264012338372843110e-06
1.111243316197817563e+02 1.259149540269963239e-06
1.112779924102818256e+02 1.254305157733906583e-06
1.114318656802469576e+02 1.249479121517104327e-06
1.115859517234900551e+02 1.244671362633118170e-06
1.117402508342301672e+02 1.239881812355634688e-06
1.118947633070935552e+02 1.235110402217455886e-06
1.120494894371135501e+02 1.230357064009546066e-06
1.122044295197315336e+02 1.225621729780021111e-06
1.123595838507974207e+02 1.220904331833171433e-06
1.125149527265701437e+02 1.216204802728483222e-06
1.126705364437186034e+02 1.211523075279668173e-06
1.128263352993215989e+02 1.206859082553693421e-06
1.129823495908688358e+02 1.202212757869802793e-06
1.131385796162613815e+02 1.197584034798575757e-06
1.132950256738121340e+02 1.192972847160953120e-06
1.134516880622468307e+02 1.188379129027276494e-06
1.136085670807039349e+02 1.183802814716351688e-06
1.137656630287356734e+02 1.179243838794498127e-06
1.139229762063084621e+02 1.174702136074594032e-06
1.140805069138034327e+02 1.170177641615147652e-06
1.142382554520173983e+02 1.165670290719343499e-06
1.143962221221627686e+02 1.161180018934136454e-06
1.145544072258685731e+02 1.156706762049297787e-06
1.147128110651809436e+02 1.152250456096500158e-06
1.148714339425635416e+02 1.147811037348396889e-06
1.150302761608986515e+02 1.143388442317685778e-06
1.151893380234869824e+02 1.138982607756220989e-06
1.153486198340487761e+02 1.134593470654084703e-06
1.155081218967242904e+02 1.130220968238683121e-06
1.156678445160741830e+02 1.125865037973842043e-06
1.158277879970805913e+02 1.121525617558892291e-06
1.159879526451470895e+02 1.117202644927800855e-06
1.161483387660996129e+02 1.112896058248255047e-06
1.163089466661870119e+02 1.108605795920774807e-06
1.164697766520815065e+02 1.104331796577831152e-06
1.166308290308797098e+02 1.100073999082959549e-06
1.167921041101025423e+02 1.095832342529876030e-06
1.169536021976962701e+02 1.091606766241613859e-06
1.171153236020329729e+02 1.087397209769630967e-06
1.172772686319110562e+02 1.083203612892959535e-06
1.174394375965562460e+02 1.079025915617311735e-06
1.176018308056215318e+02 1.074864058174249640e-06
1.177644485691881897e+02 1.070717981020308121e-06
1.179272911977661380e+02 1.066587624836143790e-06
1.180903590022950596e+02 1.062472930525659169e-06
1.182536522941442030e+02 1.058373839215190596e-06
1.184171713851135195e+02 1.054290292252642770e-06
1.185809165874340891e+02 1.050222231206627953e-06
1.187448882137686326e+02 1.046169597865661079e-06
1.189090865772125909e+02 1.042132334237299163e-06
1.190735119912939410e+02 1.038110382547312065e-06
1.192381647699743752e+02 1.034103685238855988e-06
1.194030452276496845e+02 1.030112184971644238e-06
1.195681536791502992e+02 1.026135824621127508e-06
1.197334904397423685e+02 1.022174547277655948e-06
1.198990558251275758e+02 1.018228296245690369e-06
1.200648501514443467e+02 1.014297015042968335e-06
1.202308737352681760e+02 1.010380647399686780e-06
1.203971268936122385e+02 1.006479137257722099e-06
1.205636099439284408e+02 1.002592428769797306e-06
1.207303232041072647e+02 9.987204662986849750e-07
1.208972669924789045e+02 9.948631944164252148e-07
1.210644416278137356e+02 9.910205579035173906e-07
1.212318474293227695e+02 9.871925017471352123e-07
1.213994847166588471e+02 9.833789710318084509e-07
1.215673538099163977e+02 9.795799108433154043e-07
1.217354550296326039e+02 9.757952664547161075e-07
1.219037886967879132e+02 9.720249833487885419e-07
1.220723551328064502e+02 9.682690072172034132e-07
1.222411546595571963e+02 9.645272839597071882e-07
1.224101875993538471e+02 9.607997596832875555e-07
1.225794542749558929e+02 9.570863807013806028e-07
1.227489550095691300e+02 9.533870935330376541e-07
1.229186901268461583e+02 9.497018449021246115e-07
1.230886599508874895e+02 9.460305817365022397e-07
1.232588648062414336e+02 9.423732511672490125e-07
1.234293050179051789e+02 9.387298005278351503e-07
1.235999809113253605e+02 9.351001773533404912e-07
1.237708928123984577e+02 9.314843293796585971e-07
1.239420410474720029e+02 9.278822045427016018e-07
1.241134259433444100e+02 9.242937509776174469e-07
1.242850478272661121e+02 9.207189170180048937e-07
1.244569070269400584e+02 9.171576511951394412e-07
1.246290038705222116e+02 9.136099022371882321e-07
1.248013386866226568e+02 9.100756190684281360e-07
1.249739118043055583e+02 9.065547508084978187e-07
1.251467235530901831e+02 9.030472467716103200e-07
1.253197742629514551e+02 8.995530564657995110e-07
1.254930642643204521e+02 8.960721295921458011e-07
1.256665938880855862e+02 8.926044160440287366e-07
1.258403634655923895e+02 8.891498659063750476e-07
1.260143733286447230e+02 8.857084294548902830e-07
1.261886238095052448e+02 8.822800571553268684e-07
1.263631152408959508e+02 8.788646996627290818e-07
1.265378479559992826e+02 8.754623078206795121e-07
1.267128222884580424e+02 8.720728326605852220e-07
1.268880385723765016e+02 8.686962254009221950e-07
1.270634971423209123e+02 8.653324374465037099e-07
1.272391983333200471e+02 8.619814203877493520e-07
1.274151424808663364e+02 8.586431259999558237e-07
1.275913299209157401e+02 8.553175062425822597e-07
1.277677609898888704e+02 8.520045132585089683e-07
1.279444360246715888e+02 8.487040993733384164e-07
1.281213553626154180e+02 8.454162170946676292e-07
1.282985193415387926e+02 8.421408191113722350e-07
1.284759282997268599e+02 8.388778582929020513e-07
1.286535825759326599e+02 8.356272876885746600e-07
1.288314825093777074e+02 8.323890605268664402e-07
1.290096284397524187e+02 8.291631302147147191e-07
1.291880207072173050e+02 8.259494503368044644e-07
1.293666596524028876e+02 8.227479746549015638e-07
1.295455456164108341e+02 8.195586571071235289e-07
1.297246789408144423e+02 8.163814518072808221e-07
1.299040599676592649e+02 8.132163130441718068e-07
1.300836890394641614e+02 8.100631952808972862e-07
1.302635664992212412e+02 8.069220531541840421e-07
1.304436926903970573e+02 8.037928414737078431e-07
1.306240679569330609e+02 8.006755152214072424e-07
1.308046926432462271e+02 7.975700295508178099e-07
1.309855670942301344e+02 7.944763397864002232e-07
1.311666916552548798e+02 7.913944014228629591e-07
1.313480666721682439e+02 7.883241701245173836e-07
1.315296924912961742e+02 7.852656017245886907e-07
1.317115694594438651e+02 7.822186522245663341e-07
1.318936979238956724e+02 7.791832777935622939e-07
1.320760782324163074e+02 7.761594347676258266e-07
1.322587107332513483e+02 7.731470796491172967e-07
1.324415957751278086e+02 7.701461691060454783e-07
1.326247337072553023e+02 7.671566599714230698e-07
1.328081248793259590e+02 7.641785092426171250e-07
1.329917696415155319e+02 7.612116740807250019e-07
1.331756683444840235e+02 7.582561118099133589e-07
1.333598213393761966e+02 7.553117799167918806e-07
1.335442289778227689e+02 7.523786360497787432e-07
1.337288916119402700e+02 7.494566380184697876e-07
1.339138095943322639e+02 7.465457437930138322e-07
1.340989832780899178e+02 7.436459115034661752e-07
1.342844130167924845e+02 7.407570994391956710e-07
1.344700991645085253e+02 7.378792660482392921e-07
1.346560420757958809e+02 7.350123699366898290e-07
1.348422421057026952e+02 7.321563698680809452e-07
1.350286996097681254e+02 7.293112247627841951e-07
1.352154149440228252e+02 7.264768936973736437e-07
1.354023884649901959e+02 7.236533359040330492e-07
1.355896205296861297e+02 7.208405107699529873e-07
1.357771114956204315e+02 7.180383778367130468e-07
1.359648617207972165e+02 7.152468967996954709e-07
1.361528715637155074e+02 7.124660275074721169e-07
1.363411413833704842e+02 7.096957299612166156e-07
1.365296715392533144e+02 7.069359643141052013e-07
1.367184623913523751e+02 7.041866908707324708e-07
1.369075143001538777e+02 7.014478700865115782e-07
1.370968276266423231e+02 6.987194625671010054e-07
1.372864027323018377e+02 6.960014290677960746e-07
1.374762399791159453e+02 6.932937304929745657e-07
1.376663397295688753e+02 6.905963278954995575e-07
1.378567023466460739e+02 6.879091824761436573e-07
1.380473281938348293e+02 6.852322555830211715e-07
1.382382176351253804e+02 6.825655087110057699e-07
1.384293710350109734e+02 6.799089035011619152e-07
1.386207887584889420e+02 6.772624017401853976e-07
1.388124711710613042e+02 6.746259653598266112e-07
1.390044186387354443e+02 6.719995564363305597e-07
1.391966315280252218e+02 6.693831371898710378e-07
1.393891102059508285e+02 6.667766699840016483e-07
1.395818550400402103e+02 6.641801173250900903e-07
1.397748663983294648e+02 6.615934418617618695e-07
1.399681446493634667e+02 6.590166063843586213e-07
1.401616901621971465e+02 6.564495738243761044e-07
1.403555033063953204e+02 6.538923072539204052e-07
1.405495844520339688e+02 6.513447698851611785e-07
1.407439339697008336e+02 6.488069250697936753e-07
1.409385522304959295e+02 6.462787362984953717e-07
1.411334396060328515e+02 6.437601672003655501e-07
1.413285964684386329e+02 6.412511815424269266e-07
1.415240231903550523e+02 6.387517432290595154e-07
1.417197201449391173e+02 6.362618163014799148e-07
1.419156877058637178e+02 6.337813649372091595e-07
1.421119262473188769e+02 6.313103534495412067e-07
1.423084361440116083e+02 6.288487462870243406e-07
1.425052177711671959e+02 6.263965080329234123e-07
1.427022715045298185e+02 6.239536034047123612e-07
1.428995977203630048e+02 6.215199972535479954e-07
1.430971967954511399e+02 6.190956545637387969e-07
1.432950691070990388e+02 6.166805404522555477e-07
1.434932150331334810e+02 6.142746201681961109e-07
1.436916349519036658e+02 6.118778590922826113e-07
1.438903292422818367e+02 6.094902227363472857e-07
1.440892982836645615e+02 6.071116767428255341e-07
1.442885424559726175e+02 6.047421868842543703e-07
1.444880621396522429e+02 6.023817190627640960e-07
1.446878577156757615e+02 6.000302393095788694e-07
1.448879295655421799e+02 5.976877137845186494e-07
1.450882780712784097e+02 5.953541087754947878e-07
1.452889036154392386e+02 5.930293906980195970e-07
1.454898065811085814e+02 5.907135260947145418e-07
1.456909873518999063e+02 5.884064816348149363e-07
1.458924463119576274e+02 5.861082241136783480e-07
1.460941838459568203e+02 5.838187204522992470e-07
1.462962003391047290e+02 5.815379376968274687e-07
1.464984961771411918e+02 5.792658430180804278e-07
1.467010717463392950e+02 5.770024037110552279e-07
1.469039274335067091e+02 5.747475871944554878e-07
1.471070636259855462e+02 5.725013610102183788e-07
1.473104807116536676e+02 5.702636928230247228e-07
1.475141790789252809e+02 5.680345504198349238e-07
1.477181591167515364e+02 5.658139017094160056e-07
1.479224212146218633e+02 5.636017147218631445e-07
1.481269657625638558e+02 5.613979576081401539e-07
1.483317931511445522e+02 5.592025986396090630e-07
1.485369037714710032e+02 5.570156062075690135e-07
1.487422980151910679e+02 5.548369488227798037e-07
1.489479762744944935e+02 5.526665951150175135e-07
1.491539389421129158e+02 5.505045138326106484e-07
1.493601864113212230e+02 5.483506738419696121e-07
1.495667190759380958e+02 5.462050441271529205e-07
1.497735373303266044e+02 5.440675937893980506e-07
1.499806415693956581e+02 5.419382920466662668e-07
1.501880321885996921e+02 5.398171082332073514e-07
1.503957095839402029e+02 5.377040117991016775e-07
1.506036741519662314e+02 5.355989723098143524e-07
1.508119262897749877e+02 5.335019594457505246e-07
1.510204663950133011e+02 5.314129430018101627e-07
1.512292948658773355e+02 5.293318928869547980e-07
1.514384121011140962e+02 5.272587791237564790e-07
1.516478185000218843e+02 5.251935718479706557e-07
1.518575144624510358e+02 5.231362413080954041e-07
1.520675003888052856e+02 5.210867578649281111e-07
1.522777766800415407e+02 5.190450919911512747e-07
1.524883437376712720e+02 5.170112142708891885e-07
1.526992019637612259e+02 5.149850953614518046e-07
1.529103517609338780e+02 5.129667055216335198e-07
1.531217935323689971e+02 5.109560147640352169e-07
1.533335276818033321e+02 5.089529932172400942e-07
1.535455546135320901e+02 5.069576111333595646e-07
1.537578747324095332e+02 5.049698388874665904e-07
1.539704884438495753e+02 5.029896469770529472e-07
1.541833961538272320e+02 5.010170060214690171e-07
1.543965982688783924e+02 4.990518867613809468e-07
1.546100951961012413e+02 4.970942600582247348e-07
1.548238873431569687e+02 4.951440968936614831e-07
1.550379751182702250e+02 4.932013683690341318e-07
1.552523589302306561e+02 4.912660457048311810e-07
1.554670391883927323e+02 4.893381002401568721e-07
1.556820163026770274e+02 4.874175034321909921e-07
1.558972906835711001e+02 4.855042268556592667e-07
1.561128627421298347e+02 4.835982422023168814e-07
1.563287328899770614e+02 4.816995212804053222e-07
1.565449015393052719e+02 4.798080360141436261e-07
1.567613691028771257e+02 4.779237584432044914e-07
1.569781359940260757e+02 4.760466607221939345e-07
1.571952026266568510e+02 4.741767151201460881e-07
1.574125694152471056e+02 4.723138940199937521e-07
1.576302367748471340e+02 4.704581699180763210e-07
1.578482051210812642e+02 4.686095154236220347e-07
1.580664748701485962e+02 4.667679032582466938e-07
1.582850464388235139e+02 4.649333062554508927e-07
1.585039202444573050e+02 4.631056973601150291e-07
1.587230967049777348e+02 4.612850496280109364e-07
1.589425762388907799e+02 4.594713362252971585e-07
1.591623592652809975e+02 4.576645304280329638e-07
1.593824462038123499e+02 4.558646056216887082e-07
1.596028374747296255e+02 4.540715353006451846e-07
1.598235334988580973e+02 4.522852930677238382e-07
1.600445346976052861e+02 4.505058526336953811e-07
1.602658414929612718e+02 4.487331878168020127e-07
1.604874543074996041e+02 4.469672725422712758e-07
1.607093735643785806e+02 4.452080808418492886e-07
1.609315996873411621e+02 4.434555868533196830e-07
1.611541331007164786e+02 4.417097648200366244e-07
1.613769742294201421e+02 4.399705890904507913e-07
1.616001234989558952e+02 4.382380341176464184e-07
1.618235813354153549e+02 4.365120744588684940e-07
1.620473481654794625e+02 4.347926847750756318e-07
1.622714244164192507e+02 4.330798398304593274e-07
1.624958105160962987e+02 4.313735144920046652e-07
1.627205068929643801e+02 4.296736837290142865e-07
1.629455139760692646e+02 4.279803226126714261e-07
1.631708321950500817e+02 4.262934063155855318e-07
1.633964619801401454e+02 4.246129101113298909e-07
1.636224037621674370e+02 4.229388093740130838e-07
1.638486579725562251e+02 4.212710795778153928e-07
1.640752250433268671e+02 4.196096962965565505e-07
1.643021054070972582e+02 4.179546352032542234e-07
1.645292994970834570e+02 4.163058720696824967e-07
1.647568077471004528e+02 4.146633827659375577e-07
1.649846305915636435e+02 4.130271432599931624e-07
1.652127684654885513e+02 4.113971296172844248e-07
1.654412218044924145e+02 4.097733180002649772e-07
1.656699910447948980e+02 4.081556846679816013e-07
1.658990766232185763e+02 4.065442059756510289e-07
1.661284789771906958e+02 4.049388583742269497e-07
1.663581985447427769e+02 4.033396184099921115e-07
1.665882357645122340e+02 4.017464627241201399e-07
1.668185910757430293e+02 4.001593680522738855e-07
1.670492649182862976e+02 3.985783112241802667e-07
1.672802577326019673e+02 3.970032691632093469e-07
1.675115699597584751e+02 3.954342188859795643e-07
1.677432020414343015e+02 3.938711375019311452e-07
1.679751544199187094e+02 3.923140022129303275e-07
1.682074275381124266e+02 3.907627903128501855e-07
1.684400218395290381e+02 3.892174791871738476e-07
1.686729377682949291e+02 3.876780463125916797e-07
1.689061757691508490e+02 3.861444692566000028e-07
1.691397362874524219e+02 3.846167256770995469e-07
1.693736197691710004e+02 3.830947933220031686e-07
1.696078266608951139e+02 3.815786500288335105e-07
1.698423574098303561e+02 3.800682737243387128e-07
1.700772124638007767e+02 3.785636424240966905e-07
1.703123922712497347e+02 3.770647342321251802e-07
1.705478972812405800e+02 3.755715273404937992e-07
1.707837279434579898e+02 3.740840000289413984e-07
1.710198847082080533e+02 3.726021306644907680e-07
1.712563680264196933e+02 3.711258977010628142e-07
1.714931783496452908e+02 3.696552796791032292e-07
1.717303161300615670e+02 3.681902552252009561e-07
1.719677818204709752e+02 3.667308030517067062e-07
1.722055758743015019e+02 3.652769019563662468e-07
1.724436987456084580e+02 3.638285308219437891e-07
1.726821508890748476e+02 3.623856686158478642e-07
1.729209327600123345e+02 3.609482943897695345e-07
1.731600448143626636e+02 3.595163872793005404e-07
1.733994875086975469e+02 3.580899265035833171e-07
1.736392613002201699e+02 3.566688913649401524e-07
1.738793666467660159e+02 3.552532612485057342e-07
1.741198040068033492e+02 3.538430156218748367e-07
1.743605738394350340e+02 3.524381340347346031e-07
1.746016766043982216e+02 3.510385961185127087e-07
1.748431127620659140e+02 3.496443815860219247e-07
1.750848827734477595e+02 3.482554702311053709e-07
1.753269871001906495e+02 3.468718419282809197e-07
1.755694262045804237e+02 3.454934766323910016e-07
1.758122005495415863e+02 3.441203543782574922e-07
1.760553105986389824e+02 3.427524552803331577e-07
1.762987568160784235e+02 3.413897595323516189e-07
1.765425396667074835e+02 3.400322474069892790e-07
1.767866596160170332e+02 3.386798992555157638e-07
1.770311171301410411e+02 3.373326955074604555e-07
1.772759126758582795e+02 3.359906166702677500e-07
1.775210467205929774e+02 3.346536433289622143e-07
1.777665197324154462e+02 3.333217561458119442e-07
1.780123321800438703e+02 3.319949358599904388e-07
1.782584845328439656e+02 3.306731632872490107e-07
1.785049772608306853e+02 3.293564193195849081e-07
1.787518108346689303e+02 3.280446849249048308e-07
1.789989857256742312e+02 3.267379411467054397e-07
1.792465024058143399e+02 3.254361691037409500e-07
1.794943613477092015e+02 3.241393499896974992e-07
1.797425630246323465e+02 3.228474650728764103e-07
1.799911079105116869e+02 3.215604956958626309e-07
1.802399964799308805e+02 3.202784232752117548e-07
1.804892292081294158e+02 3.190012293011233320e-07
1.807388065710040621e+02 3.177288953371311191e-07
1.809887290451096078e+02 3.164614030197831130e-07
1.812389971076596851e+02 3.151987340583270893e-07
1.814896112365283329e+02 3.139408702343940245e-07
1.817405719102498836e+02 3.126877934016923693e-07
1.819918796080204970e+02 3.114394854856962883e-07
1.822435348096989571e+02 3.101959284833332627e-07
1.824955379958074957e+02 3.089571044626807477e-07
1.827478896475332419e+02 3.077229955626558400e-07
1.830005902467282226e+02 3.064935839927156402e-07
1.832536402759109251e+02 3.052688520325523740e-07
1.835070402182670364e+02 3.040487820317904188e-07
1.837607905576501821e+02 3.028333564096889952e-07
1.840148917785837170e+02 3.016225576548349062e-07
1.842693443662602704e+02 3.004163683248593101e-07
1.845241488065437352e+02 2.992147710461296651e-07
1.847793055859696949e+02 2.980177485134578743e-07
1.850348151917464463e+02 2.968252834898137757e-07
1.852906781117564492e+02 2.956373588060211113e-07
1.855468948345563263e+02 2.944539573604766821e-07
1.858034658493783979e+02 2.932750621188584397e-07
1.860603916461315350e+02 2.921006561138355362e-07
1.863176727154017556e+02 2.909307224447858915e-07
1.865753095484541291e+02 2.897652442775038086e-07
1.868333026372324355e+02 2.886042048439237344e-07
1.870916524743608704e+02 2.874475874418371394e-07
1.873503595531448411e+02 2.862953754346037850e-07
1.876094243675717053e+02 2.851475522508783968e-07
1.878688474123124763e+02 2.840041013843323612e-07
1.881286291827215678e+02 2.828650063933738870e-07
1.883887701748386121e+02 2.817302509008696491e-07
1.886492708853891145e+02 2.805998185938758026e-07
1.889101318117852486e+02 2.794736932233625913e-07
1.891713534521276756e+02 2.783518586039366795e-07
1.894329363052050894e+02 2.772342986135779898e-07
1.896948808704961777e+02 2.761209971933673288e-07
1.899571876481703327e+02 2.750119383472135897e-07
1.902198571390883046e+02 2.739071061415947718e-07
1.904828898448040206e+02 2.728064847052829066e-07
1.907462862675644431e+02 2.717100582290888893e-07
1.910100469103111038e+02 2.706178109655874048e-07
1.912741722766810994e+02 2.695297272288676880e-07
1.915386628710076877e+02 2.684457913942628971e-07
1.918035191983221068e+02 2.673659878980922977e-07
1.920687417643534047e+02 2.662903012374050884e-07
1.923343310755300593e+02 2.652187159307110005e-07
1.926002876389809160e+02 2.641512163984836954e-07
1.928666119625357851e+02 2.630877870838935061e-07
1.931333045547273457e+02 2.620284124936176428e-07
1.934003659247908615e+02 2.609730771975534199e-07
1.936677965826659431e+02 2.599217658285281999e-07
1.939355970389973720e+02 2.588744630820125138e-07
1.942037678051357545e+02 2.578311537158387936e-07
1.944723093931395113e+02 2.567918225499130630e-07
1.947412223157743938e+02 2.557564544659380109e-07
1.950105070865155312e+02 2.547250344071294471e-07
1.952801642195479417e+02 2.536975473779381577e-07
1.955501942297675555e+02 2.526739784437712312e-07
1.958205976327828637e+02 2.516543127307164026e-07
1.960913749449146906e+02 2.506385354252683554e-07
1.963625266831980696e+02 2.496266317740525892e-07
1.966340533653829539e+02 2.486185870835551631e-07
1.969059555099350405e+02 2.476143867198507453e-07
1.971782336360375609e+02 2.466140161083336800e-07
1.974508882635910538e+02 2.456174607334477839e-07
1.977239199132151555e+02 2.446247061384235543e-07
1.979973291062494525e+02 2.436357379250094480e-07
1.982711163647541639e+02 2.426505417532072361e-07
1.985452822115120171e+02 2.416691033410104301e-07
1.988198271700281339e+02 2.406914084641417012e-07
1.990947517645315656e+02 2.397174429557975533e-07
1.993700565199762025e+02 2.387471927063781190e-07
1.996457419620423366e+02 2.377806436632416527e-07
1.999218086171366338e+02 2.368177818304391977e-07
2.001982570123937819e+02 2.358585932684647903e-07
2.004750876756774858e+02 2.349030640939986505e-07
2.007523011355810922e+02 2.339511804796555338e-07
2.010298979214294945e+02 2.330029286537321826e-07
2.013078785632789049e+02 2.320582948999575579e-07
2.015862435919187874e+02 2.311172655572461405e-07
2.018649935388724543e+02 2.301798270194470244e-07
2.021441289363980331e+02 2.292459657350994414e-07
2.024236503174902850e+02 2.283156682071836281e-07
2.027035582158803777e+02 2.273889209928837885e-07
2.029838531660376759e+02 2.264657107033374255e-07
2.032645357031706510e+02 2.255460240034000774e-07
2.035456063632275630e+02 2.246298476114015579e-07
2.038270656828985068e+02 2.237171682989042866e-07
2.041089141996149863e+02 2.228079728904710699e-07
2.043911524515519034e+02 2.219022482634234585e-07
2.046737809776283257e+02 2.209999813476088394e-07
2.049568003175083390e+02 2.201011591251621289e-07
2.052402110116028666e+02 2.192057686302759618e-07
2.055240136010695267e+02 2.183137969489669632e-07
2.058082086278143947e+02 2.174252312188439790e-07
2.060927966344928848e+02 2.165400586288780540e-07
2.063777781645106302e+02 2.156582664191751617e-07
2.066631537620252459e+02 2.147798418807461296e-07
2.069489239719462148e+02 2.139047723552802691e-07
2.072350893399366782e+02 2.130330452349207534e-07
2.075216504124143455e+02 2.121646479620420594e-07
2.078086077365522613e+02 2.112995680290223538e-07
2.080959618602807950e+02 2.104377929780213065e-07
2.083837133322872148e+02 2.095793104007636993e-07
2.086718627020178758e+02 2.087241079383147774e-07
2.089604105196787884e+02 2.078721732808638854e-07
2.092493573362366135e+02 2.070234941675057472e-07
2.095387037034204809e+02 2.061780583860186231e-07
2.098284501737218193e+02 2.053358537726600425e-07
2.101185973003962886e+02 2.044968682119390840e-07
2.104091456374645190e+02 2.036610896364110762e-07
2.107000957397130492e+02 2.028285060264637749e-07
2.109914481626961731e+02 2.019991054101001780e-07
2.112832034627358269e+02 2.011728758627349999e-07
2.115753621969233791e+02 2.003498055069811925e-07
2.118679249231205404e+02 1.995298825124426869e-07
2.121608921999601876e+02 1.987130950955066056e-07
2.124542645868483532e+02 1.978994315191347599e-07
2.127480426439639132e+02 1.970888800926616063e-07
2.130422269322606610e+02 1.962814291715857441e-07
2.133368180134679335e+02 1.954770671573720799e-07
2.136318164500916907e+02 1.946757824972433255e-07
2.139272228054163634e+02 1.938775636839804155e-07
2.142230376435045685e+02 1.930823992557223962e-07
2.145192615291991842e+02 1.922902777957692252e-07
2.148158950281240891e+02 1.915011879323785101e-07
2.151129387066851564e+02 1.907151183385704530e-07
2.154103931320720164e+02 1.899320577319304917e-07
2.157082588722580851e+02 1.891519948744132641e-07
2.160065364960022407e+02 1.883749185721488237e-07
2.163052265728499037e+02 1.876008176752499388e-07
2.166043296731338614e+02 1.868296810776143638e-07
2.169038463679761151e+02 1.860614977167383330e-07
2.172037772292878230e+02 1.852962565735207635e-07
2.175041228297711768e+02 1.845339466720784170e-07
2.178048837429202820e+02 1.837745570795505788e-07
2.181060605430220107e+02 1.830180769059173435e-07
2.184076538051580769e+02 1.822644953038050879e-07
2.187096641052046664e+02 1.815138014683072180e-07
2.190120920198345686e+02 1.807659846367925806e-07
2.193149381265179443e+02 1.800210340887252309e-07
2.196182030035232344e+02 1.792789391454777934e-07
2.199218872299192640e+02 1.785396891701486361e-07
2.202259913855747868e+02 1.778032735673816101e-07
2.205305160511606744e+02 1.770696817831854740e-07
2.208354618081507681e+02 1.763389033047502987e-07
2.211408292388226471e+02 1.756109276602709140e-07
2.214466189262598448e+02 1.748857444187667293e-07
2.217528314543513943e+02 1.741633431899065563e-07
2.220594674077940169e+02 1.734437136238277937e-07
2.223665273720926905e+02 1.727268454109652476e-07
2.226740119335626673e+02 1.720127282818707396e-07
2.229819216793293037e+02 1.713013520070448916e-07
2.232902571973300212e+02 1.705927063967590369e-07
2.235990190763153009e+02 1.698867813008828227e-07
2.239082079058494514e+02 1.691835666087168944e-07
2.242178242763126548e+02 1.684830522488152308e-07
2.245278687789009098e+02 1.677852281888211105e-07
2.248383420056277942e+02 1.670900844352957469e-07
2.251492445493256298e+02 1.663976110335478489e-07
2.254605770036461934e+02 1.657077980674690321e-07
2.257723399630628478e+02 1.650206356593635915e-07
2.260845340228703719e+02 1.643361139697867450e-07
2.263971597791868362e+02 1.636542231973757820e-07
2.267102178289546544e+02 1.629749535786869573e-07
2.270237087699414644e+02 1.622982953880326752e-07
2.273376332007421752e+02 1.616242389373148357e-07
2.276519917207786818e+02 1.609527745758692453e-07
2.279667849303020830e+02 1.602838926902986190e-07
2.282820134303933628e+02 1.596175837043140794e-07
2.285976778229645561e+02 1.589538380785763644e-07
2.289137787107606243e+02 1.582926463105338322e-07
2.292303166973593420e+02 1.576339989342684866e-07
2.295472923871733428e+02 1.569778865203337701e-07
2.298647063854509724e+02 1.563242996756021510e-07
2.301825592982773401e+02 1.556732290431069664e-07
2.305008517325762796e+02 1.550246653018859331e-07
2.308195842961102073e+02 1.543785991668288929e-07
2.311387575974821971e+02 1.537350213885238385e-07
2.314583722461368041e+02 1.530939227531021708e-07
2.317784288523611451e+02 1.524552940820891182e-07
2.320989280272869166e+02 1.518191262322480944e-07
2.324198703828901955e+02 1.511854100954344794e-07
2.327412565319935140e+02 1.505541365984430475e-07
2.330630870882667693e+02 1.499252967028571954e-07
2.333853626662281897e+02 1.492988814049039677e-07
2.337080838812465799e+02 1.486748817353021461e-07
2.340312513495407813e+02 1.480532887591180161e-07
2.343548656881820591e+02 1.474340935756170832e-07
2.346789275150950118e+02 1.468172873181182508e-07
2.350034374490583104e+02 1.462028611538499569e-07
2.353283961097071142e+02 1.455908062838035051e-07
2.356538041175326157e+02 1.449811139425910281e-07
2.359796620938842580e+02 1.443737753983028942e-07
2.363059706609706723e+02 1.437687819523619920e-07
2.366327304418606445e+02 1.431661249393859548e-07
2.369599420604852753e+02 1.425657957270429002e-07
2.372876061416376388e+02 1.419677857159130465e-07
2.376157233109750280e+02 1.413720863393481046e-07
2.379442941950199497e+02 1.407786890633321005e-07
2.382733194211609202e+02 1.401875853863439441e-07
2.386027996176547674e+02 1.395987668392166097e-07
2.389327354136263182e+02 1.390122249850048664e-07
2.392631274390706153e+02 1.384279514188449626e-07
2.395939763248538270e+02 1.378459377678192056e-07
2.399252827027142132e+02 1.372661756908232694e-07
2.402570472052643424e+02 1.366886568784283659e-07
2.405892704659908361e+02 1.361133730527494523e-07
2.409219531192564716e+02 1.355403159673113735e-07
2.412550958003012909e+02 1.349694774069165657e-07
2.415886991452434245e+02 1.344008491875123109e-07
2.419227637910813939e+02 1.338344231404417470e-07
2.422572903756937706e+02 1.332701903484085295e-07
2.425922795378415060e+02 1.327081408151362585e-07
2.429277319171686997e+02 1.321482645197901901e-07
2.432636481542037643e+02 1.315905515054329135e-07
2.436000288903615854e+02 1.310349918785706330e-07
2.439368747679431806e+02 1.304815758087073635e-07
2.442741864301380303e+02 1.299302935278962943e-07
2.446119645210249871e+02 1.293811353302991733e-07
2.449502096855732418e+02 1.288340915717482320e-07
2.452889225696446545e+02 1.282891526693045903e-07
2.456281038199933846e+02 1.277463091008325693e-07
2.459677540842681367e+02 1.272055514045658255e-07
2.463078740110129843e+02 1.266668701786826427e-07
2.466484642496694732e+02 1.261302560808778101e-07
2.469895254505765081e+02 1.255956998279491644e-07
2.473310582649724552e+02 1.250631921953752643e-07
2.476730633449962795e+02 1.245327240169007149e-07
2.480155413436883691e+02 1.240042861841276863e-07
2.483584929149929508e+02 1.234778696461042023e-07
2.487019187137577205e+02 1.229534654089191795e-07
2.490458193957361743e+02 1.224310645353011985e-07
2.493901956175885175e+02 1.219106581442163746e-07
2.497350480368827732e+02 1.213922374104735084e-07
2.500803773120969709e+02 1.208757935643260066e-07
2.504261841026189188e+02 1.203613178910848148e-07
2.507724690687484781e+02 1.198488017307275376e-07
2.511192328716985571e+02 1.193382364775110541e-07
2.514664761735960781e+02 1.188296135795921525e-07
2.518141996374843927e+02 1.183229245386427259e-07
2.521624039273228561e+02 1.178181609094744439e-07
2.525110897079892140e+02 1.173153142996625380e-07
2.528602576452806261e+02 1.168143763691749198e-07
2.532099084059145753e+02 1.163153388300000956e-07
2.535600426575313406e+02 1.158181934457799245e-07
2.539106610686935426e+02 1.153229320314465328e-07
2.542617643088885586e+02 1.148295464528600217e-07
2.546133530485295751e+02 1.143380286264467976e-07
2.549654279589564680e+02 1.138483705188445595e-07
2.553179897124382762e+02 1.133605641465454730e-07
2.556710389821728029e+02 1.128746015755467696e-07
2.560245764422891170e+02 1.123904749209984994e-07
2.563786027678482355e+02 1.119081763468581805e-07
2.567331186348446863e+02 1.114276980655446005e-07
2.570881247202082136e+02 1.109490323375954830e-07
2.574436217018040907e+02 1.104721714713279330e-07
2.577996102584349956e+02 1.099971078225013047e-07
2.581560910698423754e+02 1.095238337939808104e-07
2.585130648167072991e+02 1.090523418354035378e-07
2.588705321806527877e+02 1.085826244428494311e-07
2.592284938442438147e+02 1.081146741585131313e-07
2.595869504909891816e+02 1.076484835703757646e-07
2.599459028053431098e+02 1.071840453118821964e-07
2.603053514727057518e+02 1.067213520616195554e-07
2.606652971794259770e+02 1.062603965429973732e-07
2.610257406128009166e+02 1.058011715239296294e-07
2.613866824610782373e+02 1.053436698165207796e-07
2.617481234134575061e+02 1.048878842767523408e-07
2.621100641600908148e+02 1.044338078041710108e-07
2.624725053920855657e+02 1.039814333415814072e-07
2.628354478015039035e+02 1.035307538747388984e-07
2.631988920813652157e+02 1.030817624320460356e-07
2.635628389256472133e+02 1.026344520842466410e-07
2.639272890292869533e+02 1.021888159441310802e-07
2.642922430881832838e+02 1.017448471662330777e-07
2.646577017991965022e+02 1.013025389465348031e-07
2.650236658601506861e+02 1.008618845221746324e-07
2.653901359698350575e+02 1.004228771711516518e-07
2.657571128280045514e+02 9.998551021203867297e-08
2.661245971353828281e+02 9.954977700368966205e-08
2.664925895936615348e+02 9.911567094495841929e-08
2.668610909055028060e+02 9.868318547440995232e-08
2.672301017745405147e+02 9.825231407004008183e-08
2.675996229053812385e+02 9.782305024899508690e-08
2.679696550036066469e+02 9.739538756729029155e-08
2.683401987757732172e+02 9.696931961953774362e-08
2.687112549294148494e+02 9.654484003866591309e-08
2.690828241730437185e+02 9.612194249565171195e-08
2.694549072161513550e+02 9.570062069924577769e-08
2.698275047692113162e+02 9.528086839570294469e-08
2.702006175436787885e+02 9.486267936851754646e-08
2.705742462519929177e+02 9.444604743815498559e-08
2.709483916075780598e+02 9.403096646178728745e-08
2.713230543248448043e+02 9.361743033303361689e-08
2.716982351191923044e+02 9.320543298169608341e-08
2.720739347070084477e+02 9.279496837350367250e-08
2.724501538056716186e+02 9.238603050985439026e-08
2.728268931335522325e+02 9.197861342755914186e-08
2.732041534100146123e+02 9.157271119858874657e-08
2.735819353554172721e+02 9.116831792982158816e-08
2.739602396911147935e+02 9.076542776279399162e-08
2.743390671394594165e+02 9.036403487345033519e-08
2.747184184238020066e+02 8.996413347189727850e-08
2.750982942684942714e+02 8.956571780215750094e-08
2.754786953988889877e+02 8.916878214192686791e-08
2.758596225413419916e+02 8.877332080233117356e-08
2.762410764232135989e+02 8.837932812768629809e-08
2.766230577728696289e+02 8.798679849525930479e-08
2.770055673196839621e+02 8.759572631503168105e-08
2.773886057940381420e+02 8.720610602946075306e-08
2.777721739273238768e+02 8.681793211324975601e-08
2.781562724519443464e+02 8.643119907311208104e-08
2.785409021013152255e+02 8.604590144754076313e-08
2.789260636098670716e+02 8.566203380657890876e-08
2.793117577130452673e+02 8.527959075159254541e-08
2.796979851473123517e+02 8.489856691504249185e-08
2.800847466501492704e+02 8.451895696026015905e-08
2.804720429600564557e+02 8.414075558122348352e-08
2.808598748165563848e+02 8.376395750233524290e-08
2.812482429601932381e+02 8.338855747820190094e-08
2.816371481325356285e+02 8.301455029341426570e-08
2.820265910761773966e+02 8.264193076233005352e-08
2.824165725347390890e+02 8.227069372885782946e-08
2.828070932528702883e+02 8.190083406623998155e-08
2.831981539762495572e+02 8.153234667684196846e-08
2.835897554515865977e+02 8.116522649193844360e-08
2.839818984266238999e+02 8.079946847150223812e-08
2.843745836501375379e+02 8.043506760399629514e-08
2.847678118719397844e+02 8.007201890616439974e-08
2.851615838428789402e+02 7.971031742282414550e-08
2.855559003148418924e+02 7.934995822666387164e-08
2.859507620407550803e+02 7.899093641803580170e-08
2.863461697745859738e+02 7.863324712475562755e-08
2.867421242713453466e+02 7.827688550189865245e-08
2.871386262870871633e+02 7.792184673160271023e-08
2.875356765789111364e+02 7.756812602286747151e-08
2.879332759049639208e+02 7.721571861135740256e-08
2.883314250244401364e+02 7.686461975920578316e-08
2.887301246975851541e+02 7.651482475481916100e-08
2.891293756856947539e+02 7.616632891268491646e-08
2.895291787511176267e+02 7.581912757317763613e-08
2.899295346572566814e+02 7.547321610236935098e-08
2.903304441685701818e+02 7.512858989183810690e-08
2.907319080505741908e+02 7.478524435848014838e-08
2.911339270698426276e+02 7.444317494432243309e-08
2.915365019940096545e+02 7.410237711633688015e-08
2.919396335917708143e+02 7.376284636625443320e-08
2.923433226328844512e+02 7.342457821038174394e-08
2.927475698881740414e+02 7.308756818941845123e-08
2.931523761295281361e+02 7.275181186827594251e-08
2.935577421299030334e+02 7.241730483589706813e-08
2.939636686633235740e+02 7.208404270507675568e-08
2.943701565048849602e+02 7.175202111228490065e-08
2.947772064307548590e+02 7.142123571748761603e-08
2.951848192181733452e+02 7.109168220397450378e-08
2.955929956454555168e+02 7.076335627818159845e-08
2.960017364919928582e+02 7.043625366951972389e-08
2.964110425382541507e+02 7.011037013020143386e-08
2.968209145657883141e+02 6.978570143506967314e-08
2.972313533572241226e+02 6.946224338142838413e-08
2.976423596962728197e+02 6.913999178887348415e-08
2.980539343677293687e+02 6.881894249912474255e-08
2.984660781574735324e+02 6.849909137585927264e-08
2.988787918524729434e+02 6.818043430454568522e-08
2.992920762407821940e+02 6.786296719227963191e-08
2.997059321115461330e+02 6.754668596762083063e-08
3.001203602550007759e+02 6.723158658042946920e-08
3.005353614624744978e+02 6.691766500170593080e-08
3.009509365263908194e+02 6.660491722342935476e-08
3.013670862402681223e+02 6.629333925839947968e-08
3.017838113987224915e+02 6.598292714007749383e-08
3.022011127974685110e+02 6.567367692242928112e-08
3.026189912333209691e+02 6.536558467976913035e-08
3.030374475041974165e+02 6.505864650660344428e-08
3.034564824091176547e+02 6.475285851747861794e-08
3.038760967482068054e+02 6.444821684682612413e-08
3.042962913226959927e+02 6.414471764881141076e-08
3.047170669349252989e+02 6.384235712549282292e-08
3.051384243883432532e+02 6.354113176377306127e-08
3.055603644875097871e+02 6.324103820982081687e-08
3.059828880380971441e+02 6.294207312218762162e-08
3.064059958468916420e+02 6.264423317020647953e-08
3.068296887217958329e+02 6.234751503392635400e-08
3.072539674718287870e+02 6.205191540404144057e-08
3.076788329071282533e+02 6.175743098182370871e-08
3.081042858389525350e+02 6.146405847905589356e-08
3.085303270796812853e+02 6.117179461796491118e-08
3.089569574428183500e+02 6.088063613115371214e-08
3.093841777429916533e+02 6.059057976153619229e-08
3.098119887959558696e+02 6.030162226227222274e-08
3.102403914185936742e+02 6.001376039670170034e-08
3.106693864289169369e+02 5.972699093827972323e-08
3.110989746460697916e+02 5.944131067051227589e-08
3.115291568903278971e+02 5.915671638689307886e-08
3.119599339831015641e+02 5.887320489084022670e-08
3.123913067469370617e+02 5.859077299563174732e-08
3.128232760055175277e+02 5.830941752434570084e-08
3.132558425836662650e+02 5.802913530979490517e-08
3.136890073073459462e+02 5.774992319446796129e-08
3.141227710036618532e+02 5.747177803046736030e-08
3.145571345008629009e+02 5.719469667944819266e-08
3.149920986283430011e+02 5.691867601255855148e-08
3.154276642166438478e+02 5.664371291037815570e-08
3.158638320974546900e+02 5.636980426286092392e-08
3.163006031036151171e+02 5.609694696927529826e-08
3.167379780691163660e+02 5.582513793814367492e-08
3.171759578291025718e+02 5.555437408718783009e-08
3.176145432198736671e+02 5.528465234326762919e-08
3.180537350788850404e+02 5.501596964232562559e-08
3.184935342447503785e+02 5.474832292932987931e-08
3.189339415572430312e+02 5.448170915821694769e-08
3.193749578572972609e+02 5.421612529183637830e-08
3.198165839870110858e+02 5.395156830189364671e-08
3.202588207896460517e+02 5.368803516889652867e-08
3.207016691096299610e+02 5.342552288209977172e-08
3.211451297925584640e+02 5.316402843944921080e-08
3.215892036851959688e+02 5.290354884752975520e-08
3.220338916354788239e+02 5.264408112151010638e-08
3.224791944925150347e+02 5.238562228508998384e-08
3.229251131065868208e+02 5.212816937044723195e-08
3.233716483291523218e+02 5.187171941818575380e-08
3.238188010128467340e+02 5.161626947728292904e-08
3.242665720114852093e+02 5.136181660503648905e-08
3.247149621800625141e+02 5.110835786701622276e-08
3.251639723747560993e+02 5.085589033701068642e-08
3.256136034529272365e+02 5.060441109697757276e-08
3.260638562731224397e+02 5.035391723699276325e-08
3.265147316950765344e+02 5.010440585520074361e-08
3.269662305797119188e+02 4.985587405776690528e-08
3.274183537891419746e+02 4.960831895882479772e-08
3.278711021866722035e+02 4.936173768043175187e-08
3.283244766368014780e+02 4.911612735251723099e-08
3.287784780052249971e+02 4.887148511283616438e-08
3.292331071588342866e+02 4.862780810692185112e-08
3.296883649657196429e+02 4.838509348803795043e-08
3.301442522951718956e+02 4.814333841713248383e-08
3.306007700176835442e+02 4.790254006279015647e-08
3.310579190049518843e+02 4.766269560118700777e-08
3.315157001298783825e+02 4.742380221604554513e-08
3.319741142665720304e+02 4.718585709858705201e-08
3.324331622903505377e+02 4.694885744748929586e-08
3.328928450777414696e+02 4.671280046884015304e-08
3.333531635064856573e+02 4.647768337609311314e-08
3.338141184555365157e+02 4.624350339002417292e-08
3.342757108050632269e+02 4.601025773868891558e-08
3.347379414364521608e+02 4.577794365737704893e-08
3.352008112323078990e+02 4.554655838857180732e-08
3.356643210764567016e+02 4.531609918190539643e-08
3.361284718539457685e+02 4.508656329411856065e-08
3.365932644510467071e+02 4.485794798901739102e-08
3.370586997552560433e+02 4.463025053743303165e-08
3.375247786552986327e+02 4.440346821717879199e-08
3.379915020411273758e+02 4.417759831301149439e-08
3.384588708039258336e+02 4.395263811658868567e-08
3.389268858361101593e+02 4.372858492643019641e-08
3.393955480313300654e+02 4.350543604787808552e-08
3.398648582844718931e+02 4.328318879305547315e-08
3.403348174916586686e+02 4.306184048082948961e-08
3.408054265502526050e+02 4.284138843677171625e-08
3.412766863588569777e+02 4.262182999311912934e-08
3.417485978173172043e+02 4.240316248873647990e-08
3.422211618267240283e+02 4.218538326907799187e-08
3.426943792894132912e+02 4.196848968615037729e-08
3.431682511089686614e+02 4.175247909847520283e-08
3.436427781902235665e+02 4.153734887105206374e-08
3.441179614392619897e+02 4.132309637532232685e-08
3.445938017634221069e+02 4.110971898913179498e-08
3.450703000712955486e+02 4.089721409669638221e-08
3.455474572727307532e+02 4.068557908856519517e-08
3.460252742788342744e+02 4.047481136158593706e-08
3.465037520019721455e+02 4.026490831886927930e-08
3.469828913557731198e+02 4.005586736975441112e-08
3.474626932551281584e+02 3.984768592977499282e-08
3.479431586161937275e+02 3.964036142062458621e-08
3.484242883563931059e+02 3.943389127012308433e-08
3.489060833944178626e+02 3.922827291218350511e-08
3.493885446502309833e+02 3.902350378677772625e-08
3.498716730450664159e+02 3.881958133990491335e-08
3.503554695014324238e+02 3.861650302355817468e-08
3.508399349431127803e+02 3.841426629569302234e-08
3.513250702951684730e+02 3.821286862019388147e-08
3.518108764839405467e+02 3.801230746684406683e-08
3.522973544370499894e+02 3.781258031129327131e-08
3.527845050834008021e+02 3.761368463502712573e-08
3.532723293531815898e+02 3.741561792533583869e-08
3.537608281778665855e+02 3.721837767528404755e-08
3.542500024902194014e+02 3.702196138368010025e-08
3.547398532242922329e+02 3.682636655504666057e-08
3.552303813154292129e+02 3.663159069959085690e-08
3.557215877002679463e+02 3.643763133317441103e-08
3.562134733167407603e+02 3.624448597728545451e-08
3.567060391040780587e+02 3.605215215900828690e-08
3.571992860028078667e+02 3.586062741099633688e-08
3.576932149547592417e+02 3.566990927144297272e-08
3.581878269030634101e+02 3.547999528405345753e-08
3.586831227921555296e+02 3.529088299801800966e-08
3.591791035677777586e+02 3.510256996798324843e-08
3.596757701769788582e+02 3.491505375402545963e-08
3.601731235681175463e+02 3.472833192162392721e-08
3.606711646908639182e+02 3.454240204163442384e-08
3.611698944962009250e+02 3.435726169026221170e-08
3.616693139364276135e+02 3.417290844903537417e-08
3.621694239651586713e+02 3.398933990478097322e-08
3.626702255373279513e+02 3.380655364959770607e-08
3.631717196091895516e+02 3.362454728083063983e-08
3.636739071383197484e+02 3.344331840104730265e-08
3.641767890836197807e+02 3.326286461801167055e-08
3.646803664053159650e+02 3.308318354465998066e-08
3.651846400649626503e+02 3.290427279907683564e-08
3.656896110254438099e+02 3.272613000447031541e-08
3.661952802509745197e+02 3.254875278914931251e-08
3.667016487071043116e+02 3.237213878649826657e-08
3.672087173607166619e+02 3.219628563495592903e-08
3.677164871800324590e+02 3.202119097799055429e-08
3.682249591346114244e+02 3.184685246407815478e-08
3.687341341953536471e+02 3.167326774667966421e-08
3.692440133345028244e+02 3.150043448421783599e-08
3.697545975256458632e+02 3.132835034005675570e-08
3.702658877437164620e+02 3.115701298247852776e-08
3.707778849649963604e+02 3.098642008466211953e-08
3.712905901671168749e+02 3.081656932466289350e-08
3.718040043290623089e+02 3.064745838538959184e-08
3.723181284311696686e+02 3.047908495458545018e-08
3.728329634551317326e+02 3.031144672480631379e-08
3.733485103839985868e+02 3.014454139340056017e-08
3.738647702021806367e+02 2.997836666248877032e-08
3.743817438954484373e+02 2.981292023894415430e-08
3.748994324509360467e+02 2.964819983437253018e-08
3.754178368571425040e+02 2.948420316509266028e-08
3.759369581039333070e+02 2.932092795211737160e-08
3.764567971825438804e+02 2.915837192113419982e-08
3.769773550855792337e+02 2.899653280248656595e-08
3.774986328070172021e+02 2.883540833115545593e-08
3.780206313422101516e+02 2.867499624674085873e-08
3.785433516878864566e+02 2.851529429344347240e-08
3.790667948421537972e+02 2.835630022004667153e-08
3.795909618044989315e+02 2.819801177989948057e-08
3.801158535757911068e+02 2.804042673089794905e-08
3.806414711582834229e+02 2.788354283546915386e-08
3.811678155556146521e+02 2.772735786055279949e-08
3.816948877728124785e+02 2.757186957758517072e-08
3.822226888162931004e+02 2.741707576248242354e-08
3.827512196938648117e+02 2.726297419562347578e-08
3.832804814147295360e+02 2.710956266121599962e-08
3.838104749894842485e+02 2.695683794106940894e-08
3.843412014301244994e+02 2.680479380451621880e-08
3.848726617500441307e+02 2.665342354495109041e-08
3.854048569640385722e+02 2.650272056319333414e-08
3.859377880883065473e+02 2.635267836632656370e-08
3.864714561404516644e+02 2.620329056655213114e-08
3.870058621394857141e+02 2.605455088005844707e-08
3.875410071058283279e+02 2.590645312590365488e-08
3.880768920613107298e+02 2.575899122491174496e-08
3.886135180291769871e+02 2.561215919858300564e-08
3.891508860340856586e+02 2.546595116801786781e-08
3.896889971021135466e+02 2.532036135285205551e-08
3.902278522607549007e+02 2.517538407020667202e-08
3.907674525389252835e+02 2.503101373364926760e-08
3.913077989669630483e+02 2.488724485216718929e-08
3.918488925766308171e+02 2.474407202915262035e-08
3.923907344011190617e+02 2.460148996139960059e-08
3.929333254750459332e+02 2.445949343811211772e-08
3.934766668344604454e+02 2.431807733992242596e-08
3.940207595168442936e+02 2.417723663792187484e-08
3.945656045611133891e+02 2.403696639270017872e-08
3.951112030076214410e+02 2.389726175339645528e-08
3.956575558981595577e+02 2.375811795675892961e-08
3.962046642759598853e+02 2.361953032621584498e-08
3.967525291856969147e+02 2.348149427095477440e-08
3.973011516734894712e+02 2.334400528501134220e-08
3.978505327869041821e+02 2.320705894636749462e-08
3.984006735749548511e+02 2.307065091605791974e-08
3.989515750881063809e+02 2.293477693728560609e-08
3.995032383782761940e+02 2.279943283454549118e-08
4.000556644988358244e+02 2.266461451275653390e-08
4.006088545046147829e+02 2.253031795640056991e-08
4.011628094518997045e+02 2.239653922867153984e-08
4.017175303984384414e+02 2.226327447062871108e-08
4.022730184034414265e+02 2.213051990036074895e-08
4.028292745275833227e+02 2.199827181215422148e-08
4.033862998330067171e+02 2.186652657567014442e-08
4.039440953833216668e+02 2.173528063512816612e-08
4.045026622436094499e+02 2.160453050849581139e-08
4.050620014804240441e+02 2.147427278668435606e-08
4.056221141617937747e+02 2.134450413275256969e-08
4.061830013572252369e+02 2.121522128111425342e-08
4.067446641377025003e+02 2.108642103675296759e-08
4.073071035756910874e+02 2.095810027444300296e-08
4.078703207451394519e+02 2.083025593797396181e-08
4.084343167214807409e+02 2.070288503938286957e-08
4.089990925816363756e+02 2.057598465819021070e-08
4.095646494040157108e+02 2.044955194064146029e-08
4.101309882685196158e+02 2.032358409895412473e-08
4.106981102565424635e+02 2.019807841056807451e-08
4.112660164509733249e+02 2.007303221740256403e-08
4.118347079361999477e+02 1.994844292511592143e-08
4.124041857981084718e+02 1.982430800237092292e-08
4.129744511240867837e+02 1.970062498010395552e-08
4.135455050030265056e+02 1.957739145079789552e-08
4.141173485253245303e+02 1.945460506776004272e-08
4.146899827828868297e+02 1.933226354440246330e-08
4.152634088691278293e+02 1.921036465352783852e-08
4.158376278789745584e+02 1.908890622661753353e-08
4.164126409088674450e+02 1.896788615312391123e-08
4.169884490567644661e+02 1.884730237976556450e-08
4.175650534221405223e+02 1.872715290982681003e-08
4.181424551059912460e+02 1.860743580245935924e-08
4.187206552108348205e+02 1.848814917198746347e-08
4.192996548407134014e+02 1.836929118721639753e-08
4.198794551011971521e+02 1.825086007074319664e-08
4.204600570993837323e+02 1.813285409827120489e-08
4.210414619439019930e+02 1.801527159792632445e-08
4.216236707449139658e+02 1.789811094957653712e-08
4.222066846141161705e+02 1.778137058415376508e-08
4.227905046647438212e+02 1.766504898297788239e-08
4.233751320115700310e+02 1.754914467708439577e-08
4.239605677709099609e+02 1.743365624655300893e-08
4.245468130606224122e+02 1.731858231983876096e-08
4.251338690001113605e+02 1.720392157310616251e-08
4.257217367103301626e+02 1.708967272956463225e-08
4.263104173137807038e+02 1.697583455880612706e-08
4.268999119345177178e+02 1.686240587614502209e-08
4.274902216981499805e+02 1.674938554195993641e-08
4.280813477318425839e+02 1.663677246103706738e-08
4.286732911643203465e+02 1.652456558191531841e-08
4.292660531258676997e+02 1.641276389623411002e-08
4.298596347483323257e+02 1.630136643808187920e-08
4.304540371651271471e+02 1.619037228334629591e-08
4.310492615112316912e+02 1.607978054906729207e-08
4.316453089231965237e+02 1.596959039278982248e-08
4.322421805391422254e+02 1.585980101191996760e-08
4.328398774987637694e+02 1.575041164308145981e-08
4.334384009433320557e+02 1.564142156147410561e-08
4.340377520156955029e+02 1.553283008023352462e-08
4.346379318602844251e+02 1.542463654979206989e-08
4.352389416231101222e+02 1.531684035724210060e-08
4.358407824517690869e+02 1.520944092569934423e-08
4.364434554954447094e+02 1.510243771366857471e-08
4.370469619049089260e+02 1.499583021441010456e-08
4.376513028325263690e+02 1.488961795530781232e-08
4.382564794322536841e+02 1.478380049723834619e-08
4.388624928596437940e+02 1.467837743394200020e-08
4.394693442718474330e+02 1.457334839139420920e-08
4.400770348276148525e+02 1.446871302717904882e-08
4.406855656873001976e+02 1.436447102986297046e-08
4.412949380128604844e+02 1.426062211837148099e-08
4.419051529678602037e+02 1.415716604136517720e-08
4.425162117174726291e+02 1.405410257661847863e-08
4.431281154284817489e+02 1.395143153039876564e-08
4.437408652692864734e+02 1.384915273684721815e-08
4.443544624098997815e+02 1.374726605736113343e-08
4.449689080219532116e+02 1.364577137997673023e-08
4.455842032786981690e+02 1.354466861875428728e-08
4.462003493550081998e+02 1.344395771316391363e-08
4.468173474273826287e+02 1.334363862747230515e-08
4.474351986739462745e+02 1.324371135013237948e-08
4.480539042744536573e+02 1.314417589317258847e-08
4.486734654102904756e+02 1.304503229158854003e-08
4.492938832644755962e+02 1.294628060273566731e-08
4.499151590216652039e+02 1.284792090572376549e-08
4.505372938681521191e+02 1.274995330081255443e-08
4.511602889918701180e+02 1.265237790880894356e-08
4.517841455823955812e+02 1.255519487046589824e-08
4.524088648309492555e+02 1.245840434588296374e-08
4.530344479304006313e+02 1.236200651390739645e-08
4.536608960752672033e+02 1.226600157153906693e-08
4.542882104617187338e+02 1.217038973333459214e-08
4.549163922875789581e+02 1.207517123081494339e-08
4.555454427523275172e+02 1.198034631187404860e-08
4.561753630571041640e+02 1.188591524018905723e-08
4.568061544047079678e+02 1.179187829463327028e-08
4.574378179996018048e+02 1.169823576868998031e-08
4.580703550479140631e+02 1.160498796986886242e-08
4.587037667574404054e+02 1.151213521912426773e-08
4.593380543376481455e+02 1.141967785027540786e-08
4.599732189996754528e+02 1.132761620942857752e-08
4.606092619563358426e+02 1.123595065440194302e-08
4.612461844221193132e+02 1.114468155415198356e-08
4.618839876131967799e+02 1.105380928820246358e-08
4.625226727474193353e+02 1.096333424607584704e-08
4.631622410443225704e+02 1.087325682672690038e-08
4.638026937251285062e+02 1.078357743797880844e-08
4.644440320127473001e+02 1.069429649596135011e-08
4.650862571317816219e+02 1.060541442455259770e-08
4.657293703085259722e+02 1.051693165482235348e-08
4.663733727709711161e+02 1.042884862447853418e-08
4.670182657488058453e+02 1.034116577731645072e-08
4.676640504734188539e+02 1.025388356267083085e-08
4.683107281779029449e+02 1.016700243487035964e-08
4.689583000970547459e+02 1.008052285269606816e-08
4.696067674673786883e+02 9.994445278841735406e-09
4.702561315270890532e+02 9.908770179377691628e-09
4.709063935161118479e+02 9.823498023218620263e-09
4.715575546760890120e+02 9.738629281592683332e-09
4.722096162503780192e+02 9.654164427516362677e-09
4.728625794840561412e+02 9.570103935270560150e-09
4.735164456239222091e+02 9.486448279881505387e-09
4.741712159184987740e+02 9.403197936604461099e-09
4.748268916180360861e+02 9.320353380411321080e-09
4.754834739745119236e+02 9.237915085481717117e-09
4.761409642416357428e+02 9.155883524698258484e-09
4.767993636748505537e+02 9.074259169145030540e-09
4.774586735313349095e+02 8.993042487610255694e-09
4.781188950700071700e+02 8.912233946092944686e-09
4.787800295515252174e+02 8.831834007313670545e-09
4.794420782382903781e+02 8.751843130229420536e-09
4.801050423944498675e+02 8.672261769552210139e-09
4.807689232858982677e+02 8.593090375272847038e-09
4.814337221802821887e+02 8.514329392188061749e-09
4.820994403469995859e+02 8.435979259432945430e-09
4.827660790572041947e+02 8.358040413898411841e-09
4.834336395838076328e+02 8.280513393684524234e-09
4.841021232014809357e+02 8.203398844601686630e-09
4.847715311866594448e+02 8.126697402573349029e-09
4.854418648175418980e+02 8.050409686921037905e-09
4.861131253740950910e+02 7.974536300043520979e-09
4.867853141380556394e+02 7.899077827101113732e-09
4.874584323929321386e+02 7.824034835706116991e-09
4.881324814240094270e+02 7.749407875617820545e-09
4.888074625183481317e+02 7.675197478443531950e-09
4.894833769647891017e+02 7.601404157344298754e-09
4.901602260539553413e+02 7.528028406747115816e-09
4.908380110782540555e+02 7.455070702062100675e-09
4.915167333318810279e+02 7.382531499405115077e-09
4.921963941108201652e+02 7.310411235326979128e-09
4.928769947128478748e+02 7.238710326547643571e-09
4.935585364375352810e+02 7.167429169696153147e-09
4.942410205862497605e+02 7.096568141057145525e-09
4.949244484621600009e+02 7.026127596322490317e-09
4.956088213702348639e+02 6.956107870349490121e-09
4.962941406172485017e+02 6.886509276924421023e-09
4.969804075117818343e+02 6.817332108532916355e-09
4.976676233642249372e+02 6.748576636135832179e-09
4.983557894867811910e+02 6.680243108951098257e-09
4.990449071934670542e+02 6.612331754242719165e-09
4.997349778001166101e+02 6.544842777114842714e-09
5.004260026243832158e+02 6.477776360312663371e-09
5.011179829857418895e+02 6.411132664029617207e-09
5.018109202054937441e+02 6.344911825720636777e-09
5.025048156067653053e+02 6.279113959921984567e-09
5.031996705145134001e+02 6.213739158077393688e-09
5.038954862555268051e+02 6.148787488370735856e-09
5.045922641584285202e+02 6.084258995564842771e-09
5.052900055536803166e+02 6.020153700846900267e-09
5.059887117735820539e+02 5.956471601680756870e-09
5.066883841522765124e+02 5.893212671665178126e-09
5.073890240257512119e+02 5.830376860398943371e-09
5.080906327318405715e+02 5.767964093352330818e-09
5.087932116102305145e+02 5.705974271745384687e-09
5.094967620024578991e+02 5.644407272432822958e-09
5.102012852519150670e+02 5.583262947795086923e-09
5.109067827038521159e+02 5.522541125636713782e-09
5.116132557053787195e+02 5.462241609090825405e-09
5.123207056054689019e+02 5.402364176530239499e-09
5.130291337549605259e+02 5.342908581485829370e-09
5.137385415065597272e+02 5.283874552570855917e-09
5.144489302148427896e+02 5.225261793412413385e-09
5.151603012362605796e+02 5.167069982589059123e-09
5.158726559291380909e+02 5.109298773575873899e-09
5.165859956536788786e+02 5.051947794695530856e-09
5.173003217719679014e+02 4.995016649076197817e-09
5.180156356479724309e+02 4.938504914616312616e-09
5.187319386475479632e+02 4.882412143955618548e-09
5.194492321384365141e+02 4.826737864453433507e-09
5.201675174902725303e+02 4.771481578172731718e-09
5.208867960745837991e+02 4.716642761871749512e-09
5.216070692647945179e+02 4.662220867001556723e-09
5.223283384362293873e+02 4.608215319710225679e-09
5.230506049661133829e+02 4.554625520854175979e-09
5.237738702335765311e+02 4.501450846015323610e-09
5.244981356196554998e+02 4.448690645525304924e-09
5.252234025072965551e+02 4.396344244495782057e-09
5.259496722813596534e+02 4.344410942855570105e-09
5.266769463286181008e+02 4.292890015394181562e-09
5.274052260377634411e+02 4.241780711811386023e-09
5.281345127994073891e+02 4.191082256773790991e-09
5.288648080060839902e+02 4.140793849977305591e-09
5.295961130522546227e+02 4.090914666215989300e-09
5.303284293343072022e+02 4.041443855457383278e-09
5.310617582505610699e+02 3.992380542923967812e-09
5.317961012012692663e+02 3.943723829180774803e-09
5.325314595886202369e+02 3.895472790229338938e-09
5.332678348167434024e+02 3.847626477607214139e-09
5.340052282917077946e+02 3.800183918494593004e-09
5.347436414215273999e+02 3.753144115825949722e-09
5.354830756161633190e+02 3.706506048407970387e-09
5.362235322875254724e+02 3.660268671043819925e-09
5.369650128494780574e+02 3.614430914662556570e-09
5.377075187178386386e+02 3.568991686454920594e-09
5.384510513103830363e+02 3.523949870014703607e-09
5.391956120468474865e+02 3.479304325485644669e-09
5.399412023489311423e+02 3.435053889714222956e-09
5.406878236403002802e+02 3.391197376407822137e-09
5.414354773465885273e+02 3.347733576298564664e-09
5.421841648954011816e+02 3.304661257312502876e-09
5.429338877163177131e+02 3.261979164744040791e-09
5.436846472408939235e+02 3.219686021436049368e-09
5.444364449026664943e+02 3.177780527964836920e-09
5.451892821371529863e+02 3.136261362830421332e-09
5.459431603818563872e+02 3.095127182651980017e-09
5.466980810762676128e+02 3.054376622368279089e-09
5.474540456618672124e+02 3.014008295442947330e-09
5.482110555821311664e+02 2.974020794074588752e-09
5.489691122825291814e+02 2.934412689411970322e-09
5.497282172105307154e+02 2.895182531773688465e-09
5.504883718156067971e+02 2.856328850872310186e-09
5.512495775492317307e+02 2.817850156043509965e-09
5.520118358648891217e+02 2.779744936479183314e-09
5.527751482180703988e+02 2.742011661465235557e-09
5.535395160662803846e+02 2.704648780623597511e-09
5.543049408690392283e+02 2.667654724158387818e-09
5.550714240878845658e+02 2.631027903106260808e-09
5.558389671863769763e+02 2.594766709590514733e-09
5.566075716300990734e+02 2.558869517079713508e-09
5.573772388866603933e+02 2.523334680649487301e-09
5.581479704257001231e+02 2.488160537248439677e-09
5.589197677188889202e+02 2.453345405967749737e-09
5.596926322399342553e+02 2.418887588314058596e-09
5.604665654645796167e+02 2.384785368486138137e-09
5.612415688706096262e+02 2.351037013654607918e-09
5.620176439378527675e+02 2.317640774245226343e-09
5.627947921481826370e+02 2.284594884225182829e-09
5.635730149855239688e+02 2.251897561392298348e-09
5.643523139358519529e+02 2.219547007667683582e-09
5.651326904871966690e+02 2.187541409390777292e-09
5.659141461296460420e+02 2.155878937617423330e-09
5.666966823553478889e+02 2.124557748420484205e-09
5.674803006585152616e+02 2.093575983193109487e-09
5.682650025354251966e+02 2.062931768954537854e-09
5.690507894844247403e+02 2.032623218658018395e-09
5.698376630059320860e+02 2.002648431501288291e-09
5.706256246024418033e+02 1.973005493238934838e-09
5.714146757785247246e+02 1.943692476497027232e-09
5.722048180408322651e+02 1.914707441089612419e-09
5.729960528980996060e+02 1.886048434337031979e-09
5.737883818611473998e+02 1.857713491386017863e-09
5.745818064428872276e+02 1.829700635531291526e-09
5.753763281583210301e+02 1.802007878539056899e-09
5.761719485245459964e+02 1.774633220971469216e-09
5.769686690607574064e+02 1.747574652512693075e-09
5.777664912882505632e+02 1.720830152296145214e-09
5.785654167304262501e+02 1.694397689232777066e-09
5.793654469127898210e+02 1.668275222340441946e-09
5.801665833629567715e+02 1.642460701074089629e-09
5.809688276106550120e+02 1.616952065656828640e-09
5.817721811877270284e+02 1.591747247411703640e-09
5.825766456281353385e+02 1.566844169093835535e-09
5.833822224679619239e+02 1.542240745223437976e-09
5.841889132454132323e+02 1.517934882418898803e-09
5.849967195008227918e+02 1.493924479730259347e-09
5.858056427766535990e+02 1.470207428972849261e-09
5.866156846175032342e+02 1.446781615060986889e-09
5.874268465701031801e+02 1.423644916341768775e-09
5.882391301833246189e+02 1.400795204928527669e-09
5.890525370081801384e+02 1.378230347034242156e-09
5.898670685978268011e+02 1.355948203304555219e-09
5.906827265075709192e+02 1.333946629150254946e-09
5.914995122948677135e+02 1.312223475079505410e-09
5.923174275193266567e+02 1.290776587029177596e-09
5.931364737427137470e+02 1.269603806695618236e-09
5.939566525289538959e+02 1.248702971864501533e-09
5.947779654441366119e+02 1.228071916739885528e-09
5.956004140565150919e+02 1.207708472272212997e-09
5.964239999365115636e+02 1.187610466485137546e-09
5.972487246567199008e+02 1.167775724801309310e-09
5.980745897919078971e+02 1.148202070366757556e-09
5.989015969190227224e+02 1.128887324373879482e-09
5.997297476171903554e+02 1.109829306383161984e-09
6.005590434677209259e+02 1.091025834643107404e-09
6.013894860541112166e+02 1.072474726408690213e-09
6.022210769620468227e+02 1.054173798258002775e-09
6.030538177794082912e+02 1.036120866407067891e-09
6.038877100962694158e+02 1.018313747022951259e-09
6.047227555049039438e+02 1.000750256534600859e-09
6.055589555997869411e+02 9.834282119419012753e-10
6.063963119775977475e+02 9.663454311224189391e-10
6.072348262372256613e+02 9.494997331359710687e-10
6.080744999797688024e+02 9.328889974837665829e-10
6.089153348085400239e+02 9.165114954023452129e-10
6.097573323290689586e+02 9.003656297104251986e-10
6.106004941491050886e+02 8.844497640855857149e-10
6.114448218786227471e+02 8.687622243140561266e-10
6.122903171298204370e+02 8.533013000728048610e-10
6.131369815171269693e+02 8.380652466821966759e-10
6.139848166572033961e+02 8.230522868290627121e-10
6.148338241689455117e+02 8.082606122596907428e-10
6.156840056734897644e+02 7.936883854424310113e-10
6.165353627942123467e+02 7.793337411996725010e-10
6.173878971567348799e+02 7.651947883090430206e-10
6.182416103889266878e+02 7.512696110734174451e-10
6.190965041209077526e+02 7.375562708597191214e-10
6.199525799850537169e+02 7.240528076063919108e-10
6.208098396159958838e+02 7.107572412993491029e-10
6.216682846506262194e+02 6.976675734163539112e-10
6.225279167281004220e+02 6.847817883397505919e-10
6.233887374898399685e+02 6.720978547376787394e-10
6.242507485795379125e+02 6.596137269135310852e-10
6.251139516431586571e+02 6.473273461239143264e-10
6.259783483289427295e+02 6.352366418650589074e-10
6.268439402874101916e+02 6.233395331277627484e-10
6.277107291713626864e+02 6.116339296210475902e-10
6.285787166358891227e+02 6.001177329645102758e-10
6.294479043383653334e+02 5.887888378498041678e-10
6.303182939384591918e+02 5.776451331710704811e-10
6.311898870981334539e+02 5.666845031247583492e-10
6.320626854816504192e+02 5.559048282789793111e-10
6.329366907555721582e+02 5.453039866126264863e-10
6.338119045887655147e+02 5.348798545244911851e-10
6.346883286524054029e+02 5.246303078126064962e-10
6.355659646199765120e+02 5.145532226242612223e-10
6.364448141672800148e+02 5.046464763767305872e-10
6.373248789724320886e+02 4.949079486492567299e-10
6.382061607158701690e+02 4.853355220464723391e-10
6.390886610803552230e+02 4.759270830336411069e-10
6.399723817509747050e+02 4.666805227440428754e-10
6.408573244151477866e+02 4.575937377589021251e-10
6.417434907626254699e+02 4.486646308601998811e-10
6.426308824854955901e+02 4.398911117567159855e-10
6.435195012781857713e+02 4.312710977837155355e-10
6.444093488374663821e+02 4.228025145767267312e-10
6.453004268624556516e+02 4.144832967196759704e-10
6.461927370546194425e+02 4.063113883679421539e-10
6.470862811177770482e+02 3.982847438466017774e-10
6.479810607581039221e+02 3.904013282244057328e-10
6.488770776841339512e+02 3.826591178638239649e-10
6.497743336067654809e+02 3.750561009475936490e-10
6.506728302392608612e+02 3.675902779823042152e-10
6.515725692972521301e+02 3.602596622793015442e-10
6.524735524987435156e+02 3.530622804134182959e-10
6.533757815641143907e+02 3.459961726600515949e-10
6.542792582161248447e+02 3.390593934108516358e-10
6.551839841799154556e+02 3.322500115686462455e-10
6.560899611830127469e+02 3.255661109218903467e-10
6.569971909553320302e+02 3.190057904992226589e-10
6.579056752291800194e+02 3.125671649044545626e-10
6.588154157392611978e+02 3.062483646324709960e-10
6.597264142226762260e+02 3.000475363665754150e-10
6.606386724189287634e+02 2.939628432575647123e-10
6.615521920699278553e+02 2.879924651850637486e-10
6.624669749199905482e+02 2.821345990015832864e-10
6.633830227158476873e+02 2.763874587596402632e-10
6.643003372066436896e+02 2.707492759224730053e-10
6.652189201439422277e+02 2.652182995586975055e-10
6.661387732817291862e+02 2.597927965214067596e-10
6.670598983764147079e+02 2.544710516120658517e-10
6.679822971868402419e+02 2.492513677296391252e-10
6.689059714742770666e+02 2.441320660054491604e-10
6.698309230024323142e+02 2.391114859240174188e-10
6.707571535374524956e+02 2.341879854304538964e-10
6.716846648479252053e+02 2.293599410246730997e-10
6.726134587048859430e+02 2.246257478429224910e-10
6.735435368818167490e+02 2.199838197269793009e-10
6.744749011546530255e+02 2.154325892813664042e-10
6.754075533017858106e+02 2.109705079190599687e-10
6.763414951040645064e+02 2.065960458959722359e-10
6.772767283448032458e+02 2.023076923346195115e-10
6.782132548097798690e+02 1.981039552373844294e-10
6.791510762872424039e+02 1.939833614896379896e-10
6.800901945679115670e+02 1.899444568531620768e-10
6.810306114449834922e+02 1.859858059501569830e-10
6.819723287141360970e+02 1.821059922382328163e-10
6.829153481735280593e+02 1.783036179766862525e-10
6.838596716238056388e+02 1.745773041843758452e-10
6.848053008681046094e+02 1.709256905895810511e-10
6.857522377120533292e+02 1.673474355721000012e-10
6.867004839637795612e+02 1.638412160979156218e-10
6.876500414339085410e+02 1.604057276467803408e-10
6.886009119355704797e+02 1.570396841329462838e-10
6.895530972844023836e+02 1.537418178193796136e-10
6.905065992985512366e+02 1.505108792257443900e-10
6.914614197986805948e+02 1.473456370303992450e-10
6.924175606079689942e+02 1.442448779667552970e-10
6.933750235521169998e+02 1.412074067141758612e-10
6.943338104593495927e+02 1.382320457837284353e-10
6.952939231604193537e+02 1.353176353990605065e-10
6.962553634886121472e+02 1.324630333725907504e-10
6.972181332797470077e+02 1.296671149773172585e-10
6.981822343721821653e+02 1.269287728144502352e-10
6.991476686068177742e+02 1.242469166771000520e-10
7.001144378270989819e+02 1.216204734102573088e-10
7.010825438790221824e+02 1.190483867672653656e-10
7.020519886111341066e+02 1.165296172630379441e-10
7.030227738745383022e+02 1.140631420241779038e-10
7.039949015228976350e+02 1.116479546362289071e-10
7.049683734124399734e+02 1.092830649882600339e-10
7.059431914019577334e+02 1.069674991149605702e-10
7.069193573528146999e+02 1.047002990364204222e-10
7.078968731289483003e+02 1.024805225958133311e-10
7.088757405968727880e+02 1.003072432951101433e-10
7.098559616256852678e+02 9.817955012901976991e-11
7.108375380870654681e+02 9.609654741731659984e-11
7.118204718552821078e+02 9.405735463570909049e-11
7.128047648071953972e+02 9.206110624539988741e-11
7.137904188222599942e+02 9.010695152148425939e-11
7.147774357825319385e+02 8.819405438034144117e-11
7.157658175726674017e+02 8.632159320615293872e-11
7.167555660799291672e+02 8.448876067666144390e-11
7.177466831941901546e+02 8.269476358832758752e-11
7.187391708079353521e+02 8.093882268099605795e-11
7.197330308162689789e+02 7.922017246218110036e-11
7.207282651169139172e+02 7.753806103110604602e-11
7.217248756102173957e+02 7.589174990259484090e-11
7.227228641991547420e+02 7.428051383091784669e-11
7.237222327893318834e+02 7.270364063370810729e-11
7.247229832889920544e+02 7.116043101603664072e-11
7.257251176090146600e+02 6.965019839474658694e-11
7.267286376629225515e+02 6.817226872313161786e-11
7.277335453668844139e+02 6.672598031603975077e-11
7.287398426397177218e+02 6.531068367551106822e-11
7.297475314028956745e+02 6.392574131699158199e-11
7.307566135805462864e+02 6.257052759622824158e-11
7.317670910994585256e+02 6.124442853690888347e-11
7.327789658890861801e+02 5.994684165910563124e-11
7.337922398815501310e+02 5.867717580860483941e-11
7.348069150116451738e+02 5.743485098716623256e-11
7.358229932168391088e+02 5.621929818379740219e-11
7.368404764372800173e+02 5.502995920707176603e-11
7.378593666157983080e+02 5.386628651855556984e-11
7.388796656979103545e+02 5.272774306740434154e-11
7.399013756318252035e+02 5.161380212615625639e-11
7.409244983684432100e+02 5.052394712778265513e-11
7.419490358613634271e+02 4.945767150403790770e-11
7.429749900668862210e+02 4.841447852513316019e-11
7.440023629440163404e+02 4.739388114079266255e-11
7.450311564544697376e+02 4.639540182270686817e-11
7.460613725626726591e+02 4.541857240843905794e-11
7.470930132357684670e+02 4.446293394678930785e-11
7.481260804436207081e+02 4.352803654465973773e-11
7.491605761588159567e+02 4.261343921545121379e-11
7.501965023566709760e+02 4.171870972899781873e-11
7.512338610152313549e+02 4.084342446308263263e-11
7.522726541152788968e+02 3.998716825653389415e-11
7.533128836403342348e+02 3.914953426394075549e-11
7.543545515766602421e+02 3.833012381198622071e-11
7.553976599132683987e+02 3.752854625742254157e-11
7.564422106419183365e+02 3.674441884670660987e-11
7.574882057571246605e+02 3.597736657729264481e-11
7.585356472561600185e+02 3.522702206060562741e-11
7.595845371390579430e+02 3.449302538669406664e-11
7.606348774086199001e+02 3.377502399057975244e-11
7.616866700704147206e+02 3.307267252030163282e-11
7.627399171327849672e+02 3.238563270665919162e-11
7.637946206068503443e+02 3.171357323466608042e-11
7.648507825065109955e+02 3.105616960689314111e-11
7.659084048484539835e+02 3.041310178729830117e-11
7.669674896521524943e+02 2.978405150472965290e-11
7.680280389398732268e+02 2.916870685604230499e-11
7.690900547366793489e+02 2.856676288821959442e-11
7.701535390704331121e+02 2.797792144620806880e-11
7.712184939718034684e+02 2.740189102394537286e-11
7.722849214742649337e+02 2.683838661853203849e-11
7.733528236141046364e+02 2.628712958746995640e-11
7.744222024304255001e+02 2.574784750891873544e-11
7.754930599651492003e+02 2.522027404490788852e-11
7.765653982630234395e+02 2.470414880744288716e-11
7.776392193716209249e+02 2.419921722745647193e-11
7.787145253413464161e+02 2.370523042653941886e-11
7.797913182254392268e+02 2.322194509140201978e-11
7.808696000799802732e+02 2.274912335100749167e-11
7.819493729638912782e+02 2.228653265633247620e-11
7.830306389389414790e+02 2.183394566269055830e-11
7.841134000697514921e+02 2.139114011457532521e-11
7.851976584237957013e+02 2.095789873297176157e-11
7.862834160714099880e+02 2.053400910508256922e-11
7.873706750857907082e+02 2.011926357642598474e-11
7.884594375430015134e+02 1.971345914525082714e-11
7.895497055219769891e+02 1.931639735922938769e-11
7.906414811045256101e+02 1.892788421437497685e-11
7.917347663753371307e+02 1.854773005614134409e-11
7.928295634219811063e+02 1.817574948266408856e-11
7.939258743349149654e+02 1.781176125009165382e-11
7.950237012074867380e+02 1.745558817996971778e-11
7.961230461359380115e+02 1.710705706863437782e-11
7.972239112194117752e+02 1.676599859857333099e-11
7.983262985599510557e+02 1.643224725171514447e-11
7.994302102625064208e+02 1.610564122460401952e-11
8.005356484349391621e+02 1.578602234542589878e-11
8.016426151880243651e+02 1.547323599284256421e-11
8.027511126354584121e+02 1.516713101659867710e-11
8.038611428938578456e+02 1.486755965986589738e-11
8.049727080827672125e+02 1.457437748328570553e-11
8.060858103246614519e+02 1.428744329067620173e-11
8.072004517449501009e+02 1.400661905636789829e-11
8.083166344719835479e+02 1.373176985413578964e-11
8.094343606370533735e+02 1.346276378769255622e-11
8.105536323743987168e+02 1.319947192271029944e-11
8.116744518212100274e+02 1.294176822033861418e-11
8.127968211176321347e+02 1.268952947218925083e-11
8.139207424067717511e+02 1.244263523675285321e-11
8.150462178346965629e+02 1.220096777722078384e-11
8.161732495504426197e+02 1.196441200068085754e-11
8.173018397060176312e+02 1.173285539865720629e-11
8.184319904564041508e+02 1.150618798896662467e-11
8.195637039595673059e+02 1.128430225886253019e-11
8.206969823764534340e+02 1.106709310944138864e-11
8.218318278709980405e+02 1.085445780128008756e-11
8.229682426101288684e+02 1.064629590128325363e-11
8.241062287637690815e+02 1.044250923071027986e-11
8.252457885048451089e+02 1.024300181435835224e-11
8.263869240092851669e+02 1.004767983087868311e-11
8.275296374560276718e+02 9.856451564196673619e-12
8.286739310270236274e+02 9.669227356017825060e-12
8.298198069072403769e+02 9.485919559391588326e-12
8.309672672846694468e+02 9.306442493311753109e-12
8.321163143503250694e+02 9.130712398333070464e-12
8.332669502982520271e+02 8.958647393178199598e-12
8.344191773255291764e+02 8.790167432315730764e-12
8.355729976322722905e+02 8.625194264489338235e-12
8.367284134216424718e+02 8.463651392173703527e-12
8.378854268998441057e+02 8.305464031941529594e-12
8.390440402761337282e+02 8.150559075717530137e-12
8.402042557628225268e+02 7.998865052903577418e-12
8.413660755752798650e+02 7.850312093353480892e-12
8.425295019319413541e+02 7.704831891179248753e-12
8.436945370543073750e+02 7.562357669372968952e-12
8.448611831669512640e+02 7.422824145222612357e-12
8.460294424975221546e+02 7.286167496506946341e-12
8.471993172767488431e+02 7.152325328451871352e-12
8.483708097384475195e+02 7.021236641431042329e-12
8.495439221195201753e+02 6.892841799394991467e-12
8.507186566599633579e+02 6.767082499011594806e-12
8.518950156028707852e+02 6.643901739503767270e-12
8.530730011944368698e+02 6.523243793167605829e-12
8.542526156839647911e+02 6.405054176556066524e-12
8.554338613238655853e+02 6.289279622314933181e-12
8.566167403696655356e+02 6.175868051654528542e-12
8.578012550800096960e+02 6.064768547444361871e-12
8.589874077166658708e+02 5.955931327916274530e-12
8.601752005445316627e+02 5.849307720963495676e-12
8.613646358316340184e+02 5.744850139021292362e-12
8.625557158491369592e+02 5.642512054516215836e-12
8.637484428713443094e+02 5.542247975872879695e-12
8.649428191757070863e+02 5.444013424063444443e-12
8.661388470428231585e+02 5.347764909689731249e-12
8.673365287564446362e+02 5.253459910585187209e-12
8.685358666034817361e+02 5.161056849924762129e-12
8.697368628740059648e+02 5.070515074832388561e-12
8.709395198612583044e+02 4.981794835473217956e-12
8.721438398616479617e+02 4.894857264622298308e-12
8.733498251747606673e+02 4.809664357696200715e-12
8.745574781033616318e+02 4.726178953239184108e-12
8.757668009533997520e+02 4.644364713852758681e-12
8.769777960340150003e+02 4.564186107559151590e-12
8.781904656575379704e+02 4.485608389588634062e-12
8.794048121394973805e+02 4.408597584581152892e-12
8.806208377986238247e+02 4.333120469193308715e-12
8.818385449568532977e+02 4.259144555100968146e-12
8.830579359393352661e+02 4.186638072388750871e-12
8.842790130744318731e+02 4.115569953318644147e-12
8.855017786937254414e+02 4.045909816467358113e-12
8.867262351320224525e+02 3.977627951225701847e-12
8.879523847273572983e+02 3.910695302650748741e-12
8.891802298209995570e+02 3.845083456663643001e-12
8.904097727574541068e+02 3.780764625584720547e-12
8.916410158844682883e+02 3.717711633998027131e-12
8.928739615530361107e+02 3.655897904938732538e-12
8.941086121174013215e+02 3.595297446395198165e-12
8.953449699350660467e+02 3.535884838118707713e-12
8.965830373667895401e+02 3.477635218734712890e-12
8.978228167765962553e+02 3.420524273147524670e-12
8.990643105317797108e+02 3.364528220232577849e-12
9.003075210029059008e+02 3.309623800809566230e-12
9.015524505638217079e+02 3.255788265889908945e-12
9.027991015916534252e+02 3.202999365192700711e-12
9.040474764668156240e+02 3.151235335922320139e-12
9.052975775730144505e+02 3.100474891802642570e-12
9.065494072972510367e+02 3.050697212361277533e-12
9.078029680298302537e+02 3.001881932458279677e-12
9.090582621643594621e+02 2.954009132054460161e-12
9.103152920977563554e+02 2.907059326212611587e-12
9.115740602302537354e+02 2.861013455327446755e-12
9.128345689654020134e+02 2.815852875578251761e-12
9.140968207100779637e+02 2.771559349599765333e-12
9.153608178744839279e+02 2.728115037366022847e-12
9.166265628721560006e+02 2.685502487281960804e-12
9.178940581199674398e+02 2.643704627478911639e-12
9.191633060381328733e+02 2.602704757308444162e-12
9.204343090502161431e+02 2.562486539030418974e-12
9.217070695831296234e+02 2.523033989690876996e-12
9.229815900671425197e+02 2.484331473185365888e-12
9.242578729358845067e+02 2.446363692503282913e-12
9.255359206263497072e+02 2.409115682149213856e-12
9.268157355789045369e+02 2.372572800737344131e-12
9.280973202372873629e+02 2.336720723754954821e-12
9.293806770486166897e+02 2.301545436490702948e-12
9.306658084633946828e+02 2.267033227124598588e-12
9.319527169355110345e+02 2.233170679975524354e-12
9.332414049222518315e+02 2.199944668902675088e-12
9.345318748842977357e+02 2.167342350857649047e-12
9.358241292857331928e+02 2.135351159583682307e-12
9.371181705940499569e+02 2.103958799458311373e-12
9.384140012801508419e+02 2.073153239476654054e-12
9.397116238183580208e+02 2.042922707371787460e-12
9.410110406864126844e+02 2.013255683869277080e-12
9.423122543654826586e+02 1.984140897072483997e-12
9.436152673401670654e+02 1.955567316975937686e-12
9.449200820984996199e+02 1.927524150103796447e-12
9.462267011319570429e+02 1.900000834270364641e-12
9.475351269354589476e+02 1.872987033459975153e-12
9.488453620073752290e+02 1.846472632823661044e-12
9.501574088495307251e+02 1.820447733789522923e-12
9.514712699672089684e+02 1.794902649284640101e-12
9.527869478691604854e+02 1.769827899065568577e-12
9.541044450676017732e+02 1.745214205155419519e-12
9.554237640782245080e+02 1.721052487384509193e-12
9.567449074201988424e+02 1.697333859032557430e-12
9.580678776161773840e+02 1.674049622570137873e-12
9.593926771923038359e+02 1.651191265496868571e-12
9.607193086782125420e+02 1.628750456274301624e-12
9.620477746070361036e+02 1.606719040351346394e-12
9.633780775154095863e+02 1.585089006477630064e-12
9.647102199434780232e+02 1.563851994792917824e-12
9.660442044348963009e+02 1.542999401231226480e-12
9.673800335368376864e+02 1.522522820909075766e-12
9.687177097999972375e+02 1.502414057004155040e-12
9.700572357785965778e+02 1.482665115035341887e-12
9.713986140303918546e+02 1.463268197314280720e-12
9.727418471166731706e+02 1.444215697563086961e-12
9.740869376022733377e+02 1.425500195692466501e-12
9.754338880555718561e+02 1.407114452735510513e-12
9.767827010484987795e+02 1.389051405931990078e-12
9.781333791565431284e+02 1.371304163958206736e-12
9.794859249587530030e+02 1.353866002297981936e-12
9.808403410377430873e+02 1.336730358750241960e-12
9.821966299796996509e+02 1.319890829068639319e-12
9.835547943743839596e+02 1.303341162729319510e-12
9.849148368151413706e+02 1.287075258822491813e-12
9.862767598989003091e+02 1.271087162064286416e-12
9.876405662261812495e+02 1.255371058924652297e-12
9.890062584011003537e+02 1.239921273867905347e-12
9.903738390313741320e+02 1.224732265702413652e-12
9.917433107283275149e+02 1.209798624035895721e-12
9.931146761068937394e+02 1.195115065833084331e-12
9.944879377856226483e+02 1.180676432072577939e-12
9.958630983866851238e+02 1.166477684499777721e-12
9.972401605358769530e+02 1.152513902472912313e-12
9.986191268626276951e+02 1.138780279899266244e-12
1.000000000000000000e+03 1.125272122259003073e-12
