1.000000000000000021e-03 3.775772197200476967e+03
1.001844134890810109e-03 3.782238790687494657e+03
1.003691670615116955e-03 3.788715820934114163e+03
1.005542613444513830e-03 3.795203302129127678e+03
1.007396969662164394e-03 3.801701248472694260e+03
1.009254745562814838e-03 3.808209674176217959e+03
1.011115947452822942e-03 3.814728593462412391e+03
1.012980581650176288e-03 3.821258020565245715e+03
1.014848654484510476e-03 3.827797969729904707e+03
1.016720172297138182e-03 3.834348455212847966e+03
1.018595141441061948e-03 3.840909491281714963e+03
1.020473568281003024e-03 3.847481092215370154e+03
1.022355459193420666e-03 3.854063272303836584e+03
1.024240820566529485e-03 3.860656045848317717e+03
1.026129658800329367e-03 3.867259427161189251e+03
1.028021980306618273e-03 3.873873430565920899e+03
1.029917791509021505e-03 3.880498070397131869e+03
1.031817098843010360e-03 3.887133361000542209e+03
1.033719908755921426e-03 3.893779316731703148e+03
1.035626227706984339e-03 3.900435951904042668e+03
1.037536062167336961e-03 3.907103280769040794e+03
1.039449418620053568e-03 3.913781317583179316e+03
1.041366303560164151e-03 3.920470076613051788e+03
1.043286723494673499e-03 3.927169572135288035e+03
1.045210684942590035e-03 3.933879818436673759e+03
1.047138194434940345e-03 3.940600829813973178e+03
1.049069258514797806e-03 3.947332620574024531e+03
1.051003883737302311e-03 3.954075205033660950e+03
1.052942076669679356e-03 3.960828597519694540e+03
1.054883843891269097e-03 3.967592812368921386e+03
1.056829191993540872e-03 3.974367863928060615e+03
1.058778127580122918e-03 3.981153766553793048e+03
1.060730657266821227e-03 3.987950534612672072e+03
1.062686787681639067e-03 3.994758182481128642e+03
1.064646525464805820e-03 4.001576724545481284e+03
1.066609877268796282e-03 4.008406175201872884e+03
1.068576849758350392e-03 4.015246548856249774e+03
1.070547449610502943e-03 4.022097859924389013e+03
1.072521683514597460e-03 4.028960122831803801e+03
1.074499558172317204e-03 4.035833352013767126e+03
1.076481080297704042e-03 4.042717561915315400e+03
1.078466256617178175e-03 4.049612766991127501e+03
1.080455093869568282e-03 4.056518981705639362e+03
1.082447598806126916e-03 4.063436220532873449e+03
1.084443778190558906e-03 4.070364497956552441e+03
1.086443638799043264e-03 4.077303828469989639e+03
1.088447187420251393e-03 4.084254226576088513e+03
1.090454430855378317e-03 4.091215706787334057e+03
1.092465375918157209e-03 4.098188283625739132e+03
1.094480029434889961e-03 4.105171971622866295e+03
1.096498398244466922e-03 4.112166785319775045e+03
1.098520489198387060e-03 4.119172739266957251e+03
1.100546309160788756e-03 4.126189848024438106e+03
1.102575865008464549e-03 4.133218126161601504e+03
1.104609163630891925e-03 4.140257588251160087e+03
1.106646211930253487e-03 4.147308248793100574e+03
1.108687016821456898e-03 4.154370122237356554e+03
1.110731585232166765e-03 4.161443223040968405e+03
1.112779924102818294e-03 4.168527565669260184e+03
1.114832040386649382e-03 4.175623164595809612e+03
1.116887941049720789e-03 4.182730034302430795e+03
1.118947633070935645e-03 4.189848189279160579e+03
1.121011123442072419e-03 4.196977644024224901e+03
1.123078419167798138e-03 4.204118413043962391e+03
1.125149527265701570e-03 4.211270510852865300e+03
1.127224454766311869e-03 4.218433951973509465e+03
1.129303208713120909e-03 4.225608750936544311e+03
1.131385796162613861e-03 4.232794922280645551e+03
1.133472224184284369e-03 4.239992480552485176e+03
1.135562499860666864e-03 4.247201440306706900e+03
1.137656630287356722e-03 4.254421816105956168e+03
1.139754622573031090e-03 4.261653622520708268e+03
1.141856483839481405e-03 4.268896874129388380e+03
1.143962221221627709e-03 4.276151585518265165e+03
1.146071841867551174e-03 4.283417771281395289e+03
1.148185352938515353e-03 4.290695446020698000e+03
1.150302761608986563e-03 4.297984624345796874e+03
1.152424075066665974e-03 4.305285320874072568e+03
1.154549300512506095e-03 4.312597550230618253e+03
1.156678445160741779e-03 4.319921327048183230e+03
1.158811516238911904e-03 4.327256665967182016e+03
1.160948520987880846e-03 4.334603581635624323e+03
1.163089466661869050e-03 4.341962088709059572e+03
1.165234360528475148e-03 4.349332201850674210e+03
1.167383209868696559e-03 4.356713935731111633e+03
1.169536021976962667e-03 4.364107305028496739e+03
1.171692804161149782e-03 4.371512324428428656e+03
1.173853563742614532e-03 4.378929008623912523e+03
1.176018308056215331e-03 4.386357372315374960e+03
1.178187044450333416e-03 4.393797430209800950e+03
1.180359780286906017e-03 4.401249196965013653e+03
1.182536522941441976e-03 4.408712687150926286e+03
1.184717279803055787e-03 4.416187915334521676e+03
1.186902058274487545e-03 4.423674896089010872e+03
1.189090865772125935e-03 4.431173643993601218e+03
1.191283709726041187e-03 4.438684173633634600e+03
1.193480597580000692e-03 4.446206499600396455e+03
1.195681536791503045e-03 4.453740636491209443e+03
1.197886534831798860e-03 4.461286598909309760e+03
1.200095599185913974e-03 4.468844401463848953e+03
1.202308737352681756e-03 4.476414058769827534e+03
1.204525956844759802e-03 4.483995585448094062e+03
1.206747265188663765e-03 4.491588996125276026e+03
1.208972669924789035e-03 4.499194305433729824e+03
1.211202178607433295e-03 4.506811528011577138e+03
1.213435798804829912e-03 4.514440678502569426e+03
1.215673538099163982e-03 4.522081771556096101e+03
1.217915404086607244e-03 4.529734821827169981e+03
1.220161404377339762e-03 4.537399843976332704e+03
1.222411546595572043e-03 4.545076852669658365e+03
1.224665838379579300e-03 4.552765862578688939e+03
1.226924287381718579e-03 4.560466888380415185e+03
1.229186901268461505e-03 4.568179944757201156e+03
1.231453687720418782e-03 4.575905046396816033e+03
1.233724654432360795e-03 4.583642207992303156e+03
1.235999809113253606e-03 4.591391444242022772e+03
1.238279159486274129e-03 4.599152769849525612e+03
1.240562713288845915e-03 4.606926199523599280e+03
1.242850478272661263e-03 4.614711747978181847e+03
1.245142462203703993e-03 4.622509429932303647e+03
1.247438672862284355e-03 4.630319260110135474e+03
1.249739118043055727e-03 4.638141253240783044e+03
1.252043805555049091e-03 4.645975424058429780e+03
1.254352743221697321e-03 4.653821787302176745e+03
1.256665938880855782e-03 4.661680357712501063e+03
1.258983400384840060e-03 4.669551149953002096e+03
1.261305135600440707e-03 4.677434178609550145e+03
1.263631152408959454e-03 4.685329458268039161e+03
1.265961458706232846e-03 4.693237003517987432e+03
1.268296062402653928e-03 4.701156828952423893e+03
1.270634971423209103e-03 4.709088949167884493e+03
1.272978193707494186e-03 4.717033378764312147e+03
1.275325737209750824e-03 4.724990132345086749e+03
1.277677609898888837e-03 4.732959224516912400e+03
1.280033819758510287e-03 4.740940669889798301e+03
1.282394374786945254e-03 4.748934483077016921e+03
1.284759282997268532e-03 4.756940678695017596e+03
1.287128552417336064e-03 4.764959271363425614e+03
1.289502191089808136e-03 4.772990275704979467e+03
1.291880207072173235e-03 4.781033706345454448e+03
1.294262608436783394e-03 4.789089577913685389e+03
1.296649403270872620e-03 4.797157905041387494e+03
1.299040599676592675e-03 4.805238702363272751e+03
1.301436205771036494e-03 4.813331984516866214e+03
1.303836229686262472e-03 4.821437766142536930e+03
1.306240679569330675e-03 4.829556061883397888e+03
1.308649563582320189e-03 4.837686886385292382e+03
1.311062889902365764e-03 4.845830254296727617e+03
1.313480666721682536e-03 4.853986180268827411e+03
1.315902902247588577e-03 4.862154678955276722e+03
1.318329604702541758e-03 4.870335765012281627e+03
1.320760782324162949e-03 4.878529453098527483e+03
1.323196443365260745e-03 4.886735757875087984e+03
1.325636596093867888e-03 4.894954694005426973e+03
1.328081248793259485e-03 4.903186276155316591e+03
1.330530409761989871e-03 4.911430518992780890e+03
1.332984087313917329e-03 4.919687437188074909e+03
1.335442289778227725e-03 4.927957045413590095e+03
1.337905025499472452e-03 4.936239358343086678e+03
1.340372302837586436e-03 4.944534390590378280e+03
1.342844130167924772e-03 4.952842156664867616e+03
1.345320515881288318e-03 4.961162671066238545e+03
1.347801468383947763e-03 4.969495948294939808e+03
1.350286996097681356e-03 4.977842002852034966e+03
1.352777107459792252e-03 4.986200849239131458e+03
1.355271810923148199e-03 4.994572501958416069e+03
1.357771114956204299e-03 5.002956975512484860e+03
1.360275028043029470e-03 5.011354284404374994e+03
1.362783558683342651e-03 5.019764443137451963e+03
1.365296715392533191e-03 5.028187466215386848e+03
1.367814506701697059e-03 5.036623368142037179e+03
1.370336941157663298e-03 5.045072163421493315e+03
1.372864027323018312e-03 5.053533866557898364e+03
1.375395773776144246e-03 5.062008492055518218e+03
1.377932189111237635e-03 5.070496054418536005e+03
1.380473281938348219e-03 5.078996568151143038e+03
1.383019060883403442e-03 5.087510047757350549e+03
1.385569534588234047e-03 5.096036507741017886e+03
1.388124711710613099e-03 5.104575962605758832e+03
1.390684600924274638e-03 5.113128426854878853e+03
1.393249210918951408e-03 5.121693914991325983e+03
1.395818550400402180e-03 5.130272441517619882e+03
1.398392628090435602e-03 5.138864020935797271e+03
1.400971452726950534e-03 5.147468667747375548e+03
1.403555033063953175e-03 5.156086396453214547e+03
1.406143377871598701e-03 5.164717221553556556e+03
1.408736495936214897e-03 5.173361157547902621e+03
1.411334396060328613e-03 5.182018218934961624e+03
1.413937087062705229e-03 5.190688420212590245e+03
1.416544577778368168e-03 5.199371775877762047e+03
1.419156877058637281e-03 5.208068300426411042e+03
1.421773993771155735e-03 5.216778008353513542e+03
1.424395936799915593e-03 5.225500914138350709e+03
1.427022715045296640e-03 5.234237032140498741e+03
1.429654337424091743e-03 5.242986376659531743e+03
1.432290812869533745e-03 5.251748961992116165e+03
1.434932150331334711e-03 5.260524802432270917e+03
1.437578358775706095e-03 5.269313912271295521e+03
1.440229447185397988e-03 5.278116305797751920e+03
1.442885424559726222e-03 5.286931997297331691e+03
1.445546299914598392e-03 5.295761001052831489e+03
1.448212082282553754e-03 5.304603331344053004e+03
1.450882780712784044e-03 5.313459002447774765e+03
1.453558404271172071e-03 5.322328028637620264e+03
1.456238962040320344e-03 5.331210424184079784e+03
1.458924463119576223e-03 5.340106203354343961e+03
1.461614916625072905e-03 5.349015380412312879e+03
1.464310331689750019e-03 5.357937969618436000e+03
1.467010717463392878e-03 5.366873985229763093e+03
1.469716083112661102e-03 5.375823441499768705e+03
1.472426437821113985e-03 5.384786352678307594e+03
1.475141790789252783e-03 5.393762733011591081e+03
1.477862151234539357e-03 5.402752596742086098e+03
1.480587528391438899e-03 5.411755958108372397e+03
1.483317931511445292e-03 5.420772831345236227e+03
1.486053369863109958e-03 5.429803230683402035e+03
1.488793852732082186e-03 5.438847170349647058e+03
1.491539389421129083e-03 5.447904664566561223e+03
1.494289989250178292e-03 5.456975727552615353e+03
1.497045661556344444e-03 5.466060373522016562e+03
1.499806415693956483e-03 5.475158616684600020e+03
1.502572261034600164e-03 5.484270471245868976e+03
1.505343206967137788e-03 5.493395951406809218e+03
1.508119262897749833e-03 5.502535071363880888e+03
1.510900438249964013e-03 5.511687845308934811e+03
1.513686742464681297e-03 5.520854287396611653e+03
1.516478185000218843e-03 5.530034411639567224e+03
1.519274775332330168e-03 5.539228232008364103e+03
1.522076522954248293e-03 5.548435762467262975e+03
1.524883437376712853e-03 5.557657016974204453e+03
1.527695528127997852e-03 5.566892009480626257e+03
1.530512804753954813e-03 5.576140753931480504e+03
1.533335276818033376e-03 5.585403264265091821e+03
1.536162953901323586e-03 5.594679554413120968e+03
1.538995845602584732e-03 5.603969638300440238e+03
1.541833961538272230e-03 5.613273529845092526e+03
1.544677311342582734e-03 5.622591242958173098e+03
1.547525904667472344e-03 5.631922791543768653e+03
1.550379751182702362e-03 5.641268189498890933e+03
1.553238860575865531e-03 5.650627450713370308e+03
1.556103242552415739e-03 5.660000589069759371e+03
1.558972906835710956e-03 5.669387618443305655e+03
1.561847863167034481e-03 5.678788552701844310e+03
1.564728121305638099e-03 5.688203405705648947e+03
1.567613691028771350e-03 5.697632191307467110e+03
1.570504582131709284e-03 5.707074923352345650e+03
1.573400804427797133e-03 5.716531615677604350e+03
1.576302367748471343e-03 5.726002282112704052e+03
1.579209281943302944e-03 5.735486936479185715e+03
1.582121556880027469e-03 5.744985592590620399e+03
1.585039202444572934e-03 5.754498264252438275e+03
1.587962228541104498e-03 5.764024965261942270e+03
1.590890645092045939e-03 5.773565709408185285e+03
1.593824462038123668e-03 5.783120510471833768e+03
1.596763689338396436e-03 5.792689382225174086e+03
1.599708336970284174e-03 5.802272338431932440e+03
1.602658414929612665e-03 5.811869392847300333e+03
1.605613933230635006e-03 5.821480559181419267e+03
1.608574901906076500e-03 5.831105850983591154e+03
1.611541331007164792e-03 5.840745281753292147e+03
1.614513230603657626e-03 5.850398864979524660e+03
1.617490610783890335e-03 5.860066614140800993e+03
1.620473481654794703e-03 5.869748542704939609e+03
1.623461853341946889e-03 5.879444664129043304e+03
1.626455735989595832e-03 5.889154991859423717e+03
1.629455139760692525e-03 5.898879539331433079e+03
1.632460074836935334e-03 5.908618319969449658e+03
1.635470551418798405e-03 5.918371347186724051e+03
1.638486579725562239e-03 5.928138634385339174e+03
1.641508169995360093e-03 5.937920194956069281e+03
1.644535332485198582e-03 5.947716042278301757e+03
1.647568077471004734e-03 5.957526189719942522e+03
1.650606415247655697e-03 5.967350650637358740e+03
1.653650356129008877e-03 5.977189438375191457e+03
1.656699910447948778e-03 5.987042566266392896e+03
1.659755088556408038e-03 5.996910047632004535e+03
1.662815900825414693e-03 6.006791895781110725e+03
1.665882357645122325e-03 6.016688124010788670e+03
1.668954469424840849e-03 6.026598745605935619e+03
1.672032246593082487e-03 6.036523773839231580e+03
1.675115699597584532e-03 6.046463221970976520e+03
1.678204838905356404e-03 6.056417103249096726e+03
1.681299675002710008e-03 6.066385430908940180e+03
1.684400218395290310e-03 6.076368218173262903e+03
1.687506479608123040e-03 6.086365478252046159e+03
1.690618469185636592e-03 6.096377224342489171e+03
1.693736197691709947e-03 6.106403469628860876e+03
1.696859675709703249e-03 6.116444227282430802e+03
1.699988913842488377e-03 6.126499510439512960e+03
1.703123922712497518e-03 6.136569332070261225e+03
1.706264712961745068e-03 6.146653705064652058e+03
1.709411295251875990e-03 6.156752642297574312e+03
1.712563680264196815e-03 6.166866156628704630e+03
1.715721878699706226e-03 6.176994260902544738e+03
1.718885901279144490e-03 6.187136967948313213e+03
1.722055758743015145e-03 6.197294290579720837e+03
1.725231461851633790e-03 6.207466241595062456e+03
1.728413021385159527e-03 6.217652833776901389e+03
1.731600448143626615e-03 6.227854079892165828e+03
1.734793752946992614e-03 6.238069992691822335e+03
1.737992946635161587e-03 6.248300584910990437e+03
1.741198040068033534e-03 6.258545869268650677e+03
1.744409044125535191e-03 6.268805858467697362e+03
1.747625969707651897e-03 6.279080565194657538e+03
1.750848827734475741e-03 6.289370002119748278e+03
1.754077629146236781e-03 6.299674181896695700e+03
1.757312384903334922e-03 6.309993117162572162e+03
1.760553105986389791e-03 6.320326820537798085e+03
1.763799803396263501e-03 6.330675304625947319e+03
1.767052488154110743e-03 6.341038582013689847e+03
1.770311171301410446e-03 6.351416665270655358e+03
1.773575863899998521e-03 6.361809566949312284e+03
1.776846577032117078e-03 6.372217299584927787e+03
1.780123321800438502e-03 6.382639875695312185e+03
1.783406109328115755e-03 6.393077307780941737e+03
1.786694950758813604e-03 6.403529608324572109e+03
1.789989857256742232e-03 6.413996789791332048e+03
1.793290840006707540e-03 6.424478864628546944e+03
1.796597910214134137e-03 6.434975845260068127e+03
1.799911079105116730e-03 6.445487743964883521e+03
1.803230357926452216e-03 6.456014572876320926e+03
1.806555757945672424e-03 6.466556344102248659e+03
1.809887290451095941e-03 6.477113069730489769e+03
1.813224966751850664e-03 6.487684761828583760e+03
1.816568798177925839e-03 6.498271432443811136e+03
1.819918796080204808e-03 6.508873093602960580e+03
1.823274971830497531e-03 6.519489757312176152e+03
1.826637336821593065e-03 6.530121435557046425e+03
1.830005902467282328e-03 6.540768140302194297e+03
1.833380680202410795e-03 6.551429883491456167e+03
1.836761681482911241e-03 6.562106677047487210e+03
1.840148917785837130e-03 6.572798532871812313e+03
1.843542400609414445e-03 6.583505462844707836e+03
1.846942141473066189e-03 6.594227478824948776e+03
1.850348151917464426e-03 6.604964592649828774e+03
1.853760443504563456e-03 6.615716816134959117e+03
1.857179027817633865e-03 6.626484161074169606e+03
1.860603916461315210e-03 6.637266639239406686e+03
1.864035121061639660e-03 6.648064262380543369e+03
1.867472653266084902e-03 6.658877042225352852e+03
1.870916524743608620e-03 6.669704990479333901e+03
1.874366747184681671e-03 6.680548118825518941e+03
1.877823332301341210e-03 6.691406438924543181e+03
1.881286291827215630e-03 6.702279962414267175e+03
1.884755637517577034e-03 6.713168700909879590e+03
1.888231381149376364e-03 6.724072666003647100e+03
1.891713534521276578e-03 6.734991869264819798e+03
1.895202109453707076e-03 6.745926322239522960e+03
1.898697117788887773e-03 6.756876036400925841e+03
1.902198571390882869e-03 6.767841023029637654e+03
1.905706482145636200e-03 6.778821293345401500e+03
1.909220861961003976e-03 6.789816858542664704e+03
1.912741722766810948e-03 6.800827729790495141e+03
1.916269076514873606e-03 6.811853918232351134e+03
1.919802935179055255e-03 6.822895434986048713e+03
1.923343310755300717e-03 6.833952291143517868e+03
1.926890215261671015e-03 6.845024497770782546e+03
1.930443660738397809e-03 6.856112065907750548e+03
1.934003659247908761e-03 6.867215006568121680e+03
1.937570222874882399e-03 6.878333330739235862e+03
1.941143363726282808e-03 6.889467049381934885e+03
1.944723093931394978e-03 6.900616173430436902e+03
1.948309425641880314e-03 6.911780713792250936e+03
1.951902371031800703e-03 6.922960681347894933e+03
1.955501942297675766e-03 6.934156086950947611e+03
1.959108151658515810e-03 6.945366941427803795e+03
1.962721011355859999e-03 6.956593255577545278e+03
1.966340533653829475e-03 6.967835040171838045e+03
1.969966730839154898e-03 6.979092305954780386e+03
1.973599615221230657e-03 6.990365063642730092e+03
1.977239199132151733e-03 7.001653323924278993e+03
1.980885494926748827e-03 7.012957097459969191e+03
1.984538514982645170e-03 7.024276394882305794e+03
1.988198271700281246e-03 7.035611226795458606e+03
1.991864777502972035e-03 7.046961603775283947e+03
1.995538044836943446e-03 7.058327536369053632e+03
1.999218086171366138e-03 7.069709035090454563e+03
2.002904913998415810e-03 7.081106110298645035e+03
2.006598540833295311e-03 7.092518772190944219e+03
2.010298979214294925e-03 7.103947030927686683e+03
2.014006241702826199e-03 7.115390896638266895e+03
2.017720340883459671e-03 7.126850379420900936e+03
2.021441289363982551e-03 7.138325489342622859e+03
2.025169099775423007e-03 7.149816236439070963e+03
2.028903784772109146e-03 7.161322630714314073e+03
2.032645357031706308e-03 7.172844682140785153e+03
2.036393829255251763e-03 7.184382400659035738e+03
2.040149214167214127e-03 7.195935796177658631e+03
2.043911524515518944e-03 7.207504878573146925e+03
2.047680773071606803e-03 7.219089657689700289e+03
2.051456972630471502e-03 7.230690143339114002e+03
2.055240136010695173e-03 7.242306345300636167e+03
2.059030276054505965e-03 7.253938273320745793e+03
2.062827405627814907e-03 7.265585937113160071e+03
2.066631537620252333e-03 7.277249346358468756e+03
2.070442684945229036e-03 7.288928510704184191e+03
2.074260860539959249e-03 7.300623439764543036e+03
2.078086077365522664e-03 7.312334143120221597e+03
2.081918348406901296e-03 7.324060630318401309e+03
2.085757686673016340e-03 7.335802910872444045e+03
2.089604105196788027e-03 7.347560994261839369e+03
2.093457617035161637e-03 7.359334889932023543e+03
2.097318235269168222e-03 7.371124607294245834e+03
2.101185973003962763e-03 7.382930155725365694e+03
2.105060843368860169e-03 7.394751544546865262e+03
2.108942859517397295e-03 7.406588782879403880e+03
2.112832034627358524e-03 7.418441879728283311e+03
2.116728381900836054e-03 7.430310844061729767e+03
2.120631914564269794e-03 7.442195684811065803e+03
2.124542645868483359e-03 7.454096410870672116e+03
2.128460589088743485e-03 7.466013031097789280e+03
2.132385757524798628e-03 7.477945554312332206e+03
2.136318164500917126e-03 7.489893989296785549e+03
2.140257823365947047e-03 7.501858344796019992e+03
2.144204747493345248e-03 7.513838629517104891e+03
2.148158950281238953e-03 7.525834852129215506e+03
2.152120445152460888e-03 7.537847021263395618e+03
2.156089245554592207e-03 7.549875145512476593e+03
2.160065364960022348e-03 7.561919233430862732e+03
2.164048816865975916e-03 7.573979293534335739e+03
2.168039614794574702e-03 7.586055334300023787e+03
2.172037772292878446e-03 7.598147364166132320e+03
2.176043302932921270e-03 7.610255391531777605e+03
2.180056220311775862e-03 7.622379424756924891e+03
2.184076538051580793e-03 7.634519472162095553e+03
2.188104269799601674e-03 7.646675542028328891e+03
2.192139429228271916e-03 7.658847642596935657e+03
2.196182030035232630e-03 7.671035782069378001e+03
2.200232085943392910e-03 7.683239968607069386e+03
2.204289610700961490e-03 7.695460210331273629e+03
2.208354618081505294e-03 7.707696515322866617e+03
2.212427121883993666e-03 7.719948891585252568e+03
2.216507135932834372e-03 7.732217346899127733e+03
2.220594674077940381e-03 7.744501888947378575e+03
2.224689750194754588e-03 7.756802525369999785e+03
2.228792378184316601e-03 7.769119263764148855e+03
2.232902571973300471e-03 7.781452111683904150e+03
2.237020345514055888e-03 7.793801076640012980e+03
2.241145712784673241e-03 7.806166166099830662e+03
2.245278687789008763e-03 7.818547387487081323e+03
2.249419284556753058e-03 7.830944748181742398e+03
2.253567517143467962e-03 7.843358255519873637e+03
2.257723399630628611e-03 7.855787916793361546e+03
2.261886946125688490e-03 7.868233739249818427e+03
2.266058170762106760e-03 7.880695730092367739e+03
2.270237087699414607e-03 7.893173896479612267e+03
2.274423711123254709e-03 7.905668245525208476e+03
2.278618055245423303e-03 7.918178784297934726e+03
2.282820134303933501e-03 7.930705519821361122e+03
2.287029962563047383e-03 7.943248459073734921e+03
2.291247554313338448e-03 7.955807608987875938e+03
2.295472923871733247e-03 7.968382976450864589e+03
2.299706085581555183e-03 7.980974568303934575e+03
2.303947053812586965e-03 7.993582391342359188e+03
2.308195842961102261e-03 8.006206452315149363e+03
2.312452467449929890e-03 8.018846757925001839e+03
2.316716941728496747e-03 8.031503314828046314e+03
2.320989280272869448e-03 8.044176129595841303e+03
2.325269497585819370e-03 8.056865208564644490e+03
2.329557608196853886e-03 8.069570557963802457e+03
2.333853626662281845e-03 8.082292183973597275e+03
2.338157567565256074e-03 8.095030092725107352e+03
2.342469445515815013e-03 8.107784290299968234e+03
2.346789275150949934e-03 8.120554782730279840e+03
2.351117071134634865e-03 8.133341575998319968e+03
2.355452848157893811e-03 8.146144676036492456e+03
2.359796620938842387e-03 8.158964088726943373e+03
2.364148404222731620e-03 8.171799819901595583e+03
2.368508212782014302e-03 8.184651875341842242e+03
2.372876061416376216e-03 8.197520260778377633e+03
2.377251964952802488e-03 8.210404981891057105e+03
2.381635938245621389e-03 8.223306044308665150e+03
2.386027996176547702e-03 8.236223453608736236e+03
2.390428153654749078e-03 8.249157215317416558e+03
2.394836425616878994e-03 8.262107334909225756e+03
2.399252827027142237e-03 8.275073817806851366e+03
2.403677372877340013e-03 8.288056669381110623e+03
2.408110078186914173e-03 8.301055894950552101e+03
2.412550958003012707e-03 8.314071499781472085e+03
2.417000027400523568e-03 8.327103489087512571e+03
2.421457301482142326e-03 8.340151868029748584e+03
2.425922795378415101e-03 8.353216641716233426e+03
2.430396524247784105e-03 8.366297815180882026e+03
2.434878503276655722e-03 8.379395393216642333e+03
2.439368747679431740e-03 8.392509380463385241e+03
2.443867272698579604e-03 8.405639781504560233e+03
2.448374093604674482e-03 8.418786600867835659e+03
2.452889225696446539e-03 8.431949843024900474e+03
2.457412684300848155e-03 8.445129512391356911e+03
2.461944484773086889e-03 8.458325613326318489e+03
2.466484642496694860e-03 8.471538150132470037e+03
2.471033172883572993e-03 8.484767127055705714e+03
2.475590091374036978e-03 8.498012548284952572e+03
2.480155413436886235e-03 8.511274417952085059e+03
2.484729154569436868e-03 8.524552740131555765e+03
2.489311330297591923e-03 8.537847518840371777e+03
2.493901956175885188e-03 8.551158758037779990e+03
2.498501047787528902e-03 8.564486461625127049e+03
2.503108620744482274e-03 8.577830633445671992e+03
2.507724690687484874e-03 8.591191277284331591e+03
2.512349273286127761e-03 8.604568396867562114e+03
2.516982384238899018e-03 8.617961995863101038e+03
2.521624039273228420e-03 8.631372077879785138e+03
2.526274254145558125e-03 8.644798646467388608e+03
2.530933044641385608e-03 8.658241705116368394e+03
2.535600426575313534e-03 8.671701257257720499e+03
2.540276415791116547e-03 8.685177306260486148e+03
2.544961028161779430e-03 8.698669855315260065e+03
2.549654279589564764e-03 8.712178907378718577e+03
2.554356186006061930e-03 8.725704465331607935e+03
2.559066763372232645e-03 8.739246531992324890e+03
2.563786027678482526e-03 8.752805110116658398e+03
2.568513994944696208e-03 8.766380202397620451e+03
2.573250681220307610e-03 8.779971811465231440e+03
2.577996102584349802e-03 8.793579939886260036e+03
2.582750275145498375e-03 8.807204590164054025e+03
2.587513215042146469e-03 8.820845764738449361e+03
2.592284938442438163e-03 8.834503465985342700e+03
2.597065461544341338e-03 8.848177696216693221e+03
2.601854800575696246e-03 8.861868457680167921e+03
2.606652971794259747e-03 8.875575752559017928e+03
2.611459991487782070e-03 8.889299582971896598e+03
2.616275875974039770e-03 8.903039950972513907e+03
2.621100641600908158e-03 8.916796858549605531e+03
2.625934304746412040e-03 8.930570307626665453e+03
2.630776881818770382e-03 8.944360300061591261e+03
2.635628389256469174e-03 8.958166837646769636e+03
2.640488843528309565e-03 8.971989922108610699e+03
2.645358261133455135e-03 8.985829555107469787e+03
2.650236658601506923e-03 8.999685738237396436e+03
2.655124052492538120e-03 9.013558473005165069e+03
2.660020459397169097e-03 9.027447760661565553e+03
2.664925895936615108e-03 9.041353602287808826e+03
2.669840378762735299e-03 9.055275998895100201e+03
2.674763924558108165e-03 9.069214951425497929e+03
2.679696550036066247e-03 9.083170460751411156e+03
2.684638271940771592e-03 9.097142527675710880e+03
2.689589107047264758e-03 9.111131152931278848e+03
2.694549072161513386e-03 9.125136337180925693e+03
2.699518184120489397e-03 9.139158081017030781e+03
2.704496459792202386e-03 9.153196384961536751e+03
2.709483916075778112e-03 9.167251249465594810e+03
2.714480569901504912e-03 9.181322674909326452e+03
2.719486438230886600e-03 9.195410661601708853e+03
2.724501538056716202e-03 9.209515209780316582e+03
2.729525886403112809e-03 9.223636319611077852e+03
2.734559500325598348e-03 9.237773991188090804e+03
2.739602396911147882e-03 9.251928224533394314e+03
2.744654593278239053e-03 9.266099019596776998e+03
2.749716106576928411e-03 9.280286376255513460e+03
2.754786953988890008e-03 9.294490294314204220e+03
2.759867152727489559e-03 9.308710773504524695e+03
2.764956720037837785e-03 9.322947813485028746e+03
2.770055673196839853e-03 9.337201413805199991e+03
2.775164029513271704e-03 9.351471573720713423e+03
2.780281806327818215e-03 9.365758292328073367e+03
2.785409021013152131e-03 9.380061568647570311e+03
2.790545690973983070e-03 9.394381401623191778e+03
2.795691833647107830e-03 9.408717790122369479e+03
2.800847466501492789e-03 9.423070732935859269e+03
2.806012607038305129e-03 9.437440228777388256e+03
2.811187272790997838e-03 9.451826276283498373e+03
2.816371481325356113e-03 9.466228874013331733e+03
2.821565250239551140e-03 9.480648020448354146e+03
2.826768597164218150e-03 9.495083713992224148e+03
2.831981539762495458e-03 9.509535952970492872e+03
2.837204095730101652e-03 9.524004735630371215e+03
2.842436282795389804e-03 9.538490060140582500e+03
2.847678118719397782e-03 9.552991924591067800e+03
2.852929621295927608e-03 9.567510326992778573e+03
2.858190808351585357e-03 9.582045265277498402e+03
2.863461697745859659e-03 9.596596737297533764e+03
2.868742307371174166e-03 9.611164740825564877e+03
2.874032655152940902e-03 9.625749273554403771e+03
2.879332759049639187e-03 9.640350333096770555e+03
2.884642637052855108e-03 9.654967916967052588e+03
2.889962307187363046e-03 9.669602022408147604e+03
2.895291787511176419e-03 9.684252646465407452e+03
2.900631096115601892e-03 9.698919786099620978e+03
2.905980251125320907e-03 9.713603438188394648e+03
2.911339270698426115e-03 9.728303599525832396e+03
2.916708173026507245e-03 9.743020266822450139e+03
2.922086976334699673e-03 9.757753436704815613e+03
2.927475698881740369e-03 9.772503105715362835e+03
2.932874358960050297e-03 9.787269270312202934e+03
2.938282974895770842e-03 9.802051926868778537e+03
2.943701565048849680e-03 9.816851071673803744e+03
2.949130147813091955e-03 9.831666700930902152e+03
2.954568741616214050e-03 9.846498810758357649e+03
2.960017364919928593e-03 9.861347397189045296e+03
2.965476036219981751e-03 9.876212456169974757e+03
2.970944774046236497e-03 9.891093983562279391e+03
2.976423596962728124e-03 9.905991975140852446e+03
2.981912523567718017e-03 9.920906426594123332e+03
2.987411572493776056e-03 9.935837333523844791e+03
2.992920762407821813e-03 9.950784691444912823e+03
2.998440112011208254e-03 9.965748495784489933e+03
3.003969640039775950e-03 9.980728741769082262e+03
3.009509365263908151e-03 9.995725424289274088e+03
3.015059306488614057e-03 1.001073853811299705e+04
3.020619482553571749e-03 1.002576807791773354e+04
3.026189912333209723e-03 1.004081403829024384e+04
3.031770614736764569e-03 1.005587641372646249e+04
3.037361608708333445e-03 1.007095519863107256e+04
3.042962913226962985e-03 1.008605038731745663e+04
3.048574547306686158e-03 1.010116197400732744e+04
3.054196529996610308e-03 1.011628995283056793e+04
3.059828880380971797e-03 1.013143431782496373e+04
3.065471617579190646e-03 1.014659506293590675e+04
3.071124760745959879e-03 1.016177218201630967e+04
3.076788329071282815e-03 1.017696566882614206e+04
3.082462341780560673e-03 1.019217551703245226e+04
3.088146818134649817e-03 1.020740172020899627e+04
3.093841777429916402e-03 1.022264427183583030e+04
3.099547238998324409e-03 1.023790316529947268e+04
3.105263222207475544e-03 1.025317839389228538e+04
3.110989746460697709e-03 1.026846995081247769e+04
3.116726831197101817e-03 1.028377782916045544e+04
3.122474495891636864e-03 1.029910202179462431e+04
3.128232760055175369e-03 1.031444252127482650e+04
3.134001643234571918e-03 1.032979932004887269e+04
3.139781165012716941e-03 1.034517241046685922e+04
3.145571345008629088e-03 1.036056178478101538e+04
3.151372202877492090e-03 1.037596743514548689e+04
3.157183758310747566e-03 1.039138935361607037e+04
3.163006031036150970e-03 1.040682753214994773e+04
3.168839040817827968e-03 1.042228196260542973e+04
3.174682807456361607e-03 1.043775263674178859e+04
3.180537350788850432e-03 1.045323954621893063e+04
3.186402690688968330e-03 1.046874268259720156e+04
3.192278847067039124e-03 1.048426203733707735e+04
3.198165839870110733e-03 1.049979760179904770e+04
3.204063689082012421e-03 1.051534936724327417e+04
3.209972414723429816e-03 1.053091732482934458e+04
3.215892036851959561e-03 1.054650146561612200e+04
3.221822575562200384e-03 1.056210178056135010e+04
3.227764050985794300e-03 1.057771826052155302e+04
3.233716483291519846e-03 1.059335089625137698e+04
3.239679892685349335e-03 1.060899967829648085e+04
3.245654299410506531e-03 1.062466459684234178e+04
3.251639723747560759e-03 1.064034564193207734e+04
3.257636186014468103e-03 1.065604280350395493e+04
3.263643706566662916e-03 1.067175607139111889e+04
3.269662305797118966e-03 1.068748543532140320e+04
3.275692004136406248e-03 1.070323088491692397e+04
3.281732822052785530e-03 1.071899240969397761e+04
3.287784780052249983e-03 1.073476999906277888e+04
3.293847898678619289e-03 1.075056364232714259e+04
3.299922198513597759e-03 1.076637332868428530e+04
3.306007700176835477e-03 1.078219904722455613e+04
3.312104424326021979e-03 1.079804078693120573e+04
3.318212391656928748e-03 1.081389853668019532e+04
3.324331622903501596e-03 1.082977228523977101e+04
3.330462138837925277e-03 1.084566202127044744e+04
3.336603960270678564e-03 1.086156773332457487e+04
3.342757108050632697e-03 1.087748940984620640e+04
3.348921603065092584e-03 1.089342703917076869e+04
3.355097466239892641e-03 1.090938060951222542e+04
3.361284718539457941e-03 1.092535010875942680e+04
3.367483380966863633e-03 1.094133552450951902e+04
3.373693474563931646e-03 1.095733684424214516e+04
3.379915020411273629e-03 1.097335405532460754e+04
3.386148039628387226e-03 1.098938714501175673e+04
3.392392553373718093e-03 1.100543610044568959e+04
3.398648582844719310e-03 1.102150090865549828e+04
3.404916149277948962e-03 1.103758155655699193e+04
3.411195273949115675e-03 1.105367803095253839e+04
3.417485978173171856e-03 1.106979031853062043e+04
3.423788283304379180e-03 1.108591840586583749e+04
3.430102210736368003e-03 1.110206227941846373e+04
3.436427781902235377e-03 1.111822192553430432e+04
3.442765018274591016e-03 1.113439733044433342e+04
3.449113941365651841e-03 1.115058848026460328e+04
3.455474572727307465e-03 1.116679536099583675e+04
3.461846933951181343e-03 1.118301795852333089e+04
3.468231046668728348e-03 1.119925625861651861e+04
3.474626932551281178e-03 1.121551024691919520e+04
3.481034613310147931e-03 1.123177990876544573e+04
3.487454110696674558e-03 1.124806522919449890e+04
3.493885446502309911e-03 1.126436619311977120e+04
3.500328642558702026e-03 1.128068278533571538e+04
3.506783720737747124e-03 1.129701499051708561e+04
3.513250702951684588e-03 1.131336279321895381e+04
3.519729611153164621e-03 1.132972617787637137e+04
3.526220467335310256e-03 1.134610512880417082e+04
3.532723293531815807e-03 1.136249963019656388e+04
3.539238111816995439e-03 1.137890966612717602e+04
3.545764944305882481e-03 1.139533522054842615e+04
3.552303813154292309e-03 1.141177627729159030e+04
3.558854740558887834e-03 1.142823282006639784e+04
3.565417748757281416e-03 1.144470483246086405e+04
3.571992860028078663e-03 1.146119229794087005e+04
3.578580096690981219e-03 1.147769519985011357e+04
3.585179481106851810e-03 1.149421352140980161e+04
3.591791035677777567e-03 1.151074724571826118e+04
3.598414782847173671e-03 1.152729635566113575e+04
3.605050745099829326e-03 1.154386083368470827e+04
3.611698944962009241e-03 1.156044066204012961e+04
3.618359405001519979e-03 1.157703582285210905e+04
3.625032147827774148e-03 1.159364629811863961e+04
3.631717196091895777e-03 1.161027206971062515e+04
3.638414572486764129e-03 1.162691311937184946e+04
3.645124299747119073e-03 1.164356942871846331e+04
3.651846400649626581e-03 1.166024097923894988e+04
3.658580898012944206e-03 1.167692775229371000e+04
3.665327814697825169e-03 1.169362972911493489e+04
3.672087173607166497e-03 1.171034689080631688e+04
3.678858997686111805e-03 1.172707921834270746e+04
3.685643309922119817e-03 1.174382669257004454e+04
3.692440133345028120e-03 1.176058929420493769e+04
3.699249491027161146e-03 1.177736700383444986e+04
3.706071406083376145e-03 1.179415980191597009e+04
3.712905901671168570e-03 1.181096766877682239e+04
3.719753000990739297e-03 1.182779058454712685e+04
3.726612727285062276e-03 1.184462852901217593e+04
3.733485103839989487e-03 1.186148148178200427e+04
3.740370153984300811e-03 1.187834942233391666e+04
3.747267901089808544e-03 1.189523233001199696e+04
3.754178368571425058e-03 1.191213018402707166e+04
3.761101579887232618e-03 1.192904296345634611e+04
3.768037558538587899e-03 1.194597064724314623e+04
3.774986328070171863e-03 1.196291321419670203e+04
3.781947912070097312e-03 1.197987064299188205e+04
3.788922334169976536e-03 1.199684291216898237e+04
3.795909618044989407e-03 1.201383000013340097e+04
3.802909787413991799e-03 1.203083188515552683e+04
3.809922866039565457e-03 1.204784854537027240e+04
3.816948877728124686e-03 1.206487995877705544e+04
3.823987846329985740e-03 1.208192610323948975e+04
3.831039795739437075e-03 1.209898695648497960e+04
3.838104749894846474e-03 1.211606249608448525e+04
3.845182732778711782e-03 1.213315269917281330e+04
3.852273768417769761e-03 1.215025754251768012e+04
3.859377880883062013e-03 1.216737700274082999e+04
3.866495094290023447e-03 1.218451105632361396e+04
3.873625432798553838e-03 1.220165967960661146e+04
3.880768920613107166e-03 1.221882284878957034e+04
3.887925581982781820e-03 1.223600053993094662e+04
3.895095441201389553e-03 1.225319272894783535e+04
3.902278522607548726e-03 1.227039939161564871e+04
3.909474850584752394e-03 1.228762050356782856e+04
3.916684449561461112e-03 1.230485604029573915e+04
3.923907344011190977e-03 1.232210597714818687e+04
3.931143558452587783e-03 1.233937028933145848e+04
3.938393117449518095e-03 1.235664895190886091e+04
3.945656045611137773e-03 1.237394193980055206e+04
3.952932367591985643e-03 1.239124922778328073e+04
3.960222108092074575e-03 1.240857079047965999e+04
3.967525291856965203e-03 1.242590660221412691e+04
3.974841943677854400e-03 1.244325663704924045e+04
3.982172088391646401e-03 1.246062086889878265e+04
3.989515750881063826e-03 1.247799927153033241e+04
3.996872956074700584e-03 1.249539181856502182e+04
4.004243728947133769e-03 1.251279848347731240e+04
4.011628094518996518e-03 1.253021923959473861e+04
4.019026077857053465e-03 1.254765406009765684e+04
4.026437704074310037e-03 1.256510291801908534e+04
4.033862998330067090e-03 1.258256578624429676e+04
4.041301985830035408e-03 1.260004263751078724e+04
4.048754691826409423e-03 1.261753344440791807e+04
4.056221141617938342e-03 1.263503817937665008e+04
4.063701360550041504e-03 1.265255681470939635e+04
4.071195374014864761e-03 1.267008932254962383e+04
4.078703207451390630e-03 1.268763567489190245e+04
4.086224886345515492e-03 1.270519584347580712e+04
4.093760436230121577e-03 1.272276979954055605e+04
4.101309882685196667e-03 1.274035751410067132e+04
4.108873251337880929e-03 1.275795895801757433e+04
4.116450567862589213e-03 1.277557410199969490e+04
4.124041857981084781e-03 1.279320291660198200e+04
4.131647147462549560e-03 1.281084537222575273e+04
4.139266462123705574e-03 1.282850143911843043e+04
4.146899827828867853e-03 1.284617108737334456e+04
4.154547270490062394e-03 1.286385428692953428e+04
4.162208816067097285e-03 1.288155100757142100e+04
4.169884490567644236e-03 1.289926121892854462e+04
4.177574320047353074e-03 1.291698489047559451e+04
4.185278330609904646e-03 1.293472199153177826e+04
4.192996548407133990e-03 1.295247249126092174e+04
4.200728999639102325e-03 1.297023635867116900e+04
4.208475710554175110e-03 1.298801356256715553e+04
4.216236707449140010e-03 1.300580407137851944e+04
4.224012016669261536e-03 1.302360785331358966e+04
4.231801664608402479e-03 1.304142487642256128e+04
4.239605677709100233e-03 1.305925510859680981e+04
4.247424082462640527e-03 1.307709851756878743e+04
4.255256905409181452e-03 1.309495507091189575e+04
4.263104173137807242e-03 1.311282473604013285e+04
4.270965912286648833e-03 1.313070748020794417e+04
4.278842149542961930e-03 1.314860327050997330e+04
4.286732911643203331e-03 1.316651207388078910e+04
4.294638225373153227e-03 1.318443385709478571e+04
4.302558117567971581e-03 1.320236858676584416e+04
4.310492615112316954e-03 1.322031622934717234e+04
4.318441744940429775e-03 1.323827675113105397e+04
4.326405534036205196e-03 1.325625011824691865e+04
4.334384009433320598e-03 1.327423629645965775e+04
4.342377198215285894e-03 1.329223525098302707e+04
4.350385127515573637e-03 1.331024694682204245e+04
4.358407824517691008e-03 1.332827134881612619e+04
4.366445316455263952e-03 1.334630842163911439e+04
4.374497630612158607e-03 1.336435812979894581e+04
4.382564794322536816e-03 1.338242043763741094e+04
4.390646834970983632e-03 1.340049530932997732e+04
4.398743779992583640e-03 1.341858270888558036e+04
4.406855656873001625e-03 1.343668260014640327e+04
4.414982493148610077e-03 1.345479494678761512e+04
4.423124316406541225e-03 1.347291971231721800e+04
4.431281154284818016e-03 1.349105686007585609e+04
4.439453034472428707e-03 1.350920635323647002e+04
4.447639984709411860e-03 1.352736815480419864e+04
4.455842032786982120e-03 1.354554222762182690e+04
4.464059206547583113e-03 1.356372853438922903e+04
4.472291533885020161e-03 1.358192703764536054e+04
4.480539042744536606e-03 1.360013769976082040e+04
4.488801761122898810e-03 1.361836048293742169e+04
4.497079717068521061e-03 1.363659534920825536e+04
4.505372938681521076e-03 1.365484226043719354e+04
4.513681454113856184e-03 1.367310117831899879e+04
4.522005291569394445e-03 1.369137206437891655e+04
4.530344479304006591e-03 1.370965487997249875e+04
4.538699045625684859e-03 1.372794958628555651e+04
4.547069018894609772e-03 1.374625614433367991e+04
4.555454427523275042e-03 1.376457451496237991e+04
4.563855299976571703e-03 1.378290465884660807e+04
4.572271664771867042e-03 1.380124653649070387e+04
4.580703550479140775e-03 1.381960010780952143e+04
4.589150985721037086e-03 1.383796533102244211e+04
4.597613999173000808e-03 1.385634216382168961e+04
4.606092619563358082e-03 1.387473056371580424e+04
4.614586875673397891e-03 1.389313048802960293e+04
4.623096796337507371e-03 1.391154189390389729e+04
4.631622410443225583e-03 1.392996473829535535e+04
4.640163746931382296e-03 1.394839897797625053e+04
4.648720834796176045e-03 1.396684456953425070e+04
4.657293703085260000e-03 1.398530146937231984e+04
4.665882380899874678e-03 1.400376963370830526e+04
4.674486897394908649e-03 1.402224901857495388e+04
4.683107281779029518e-03 1.404073957981963758e+04
4.691743563314770653e-03 1.405924127310418407e+04
4.700395771318612720e-03 1.407775405395853886e+04
4.709063935161123329e-03 1.409627787914998407e+04
4.717748084267009943e-03 1.411481270680120906e+04
4.726448248115259522e-03 1.413335849494025570e+04
4.735164456239222656e-03 1.415191520142497575e+04
4.743896738226696837e-03 1.417048278394280351e+04
4.752645123720066096e-03 1.418906120001056843e+04
4.761409642416357391e-03 1.420765040697434961e+04
4.770190324067377641e-03 1.422625036200927570e+04
4.778987198479795265e-03 1.424486102211951766e+04
4.787800295515252068e-03 1.426348234413798491e+04
4.796629645090448243e-03 1.428211428472623084e+04
4.805475277177253396e-03 1.430075680037419079e+04
4.814337221802821899e-03 1.431940984740029671e+04
4.823215509049674429e-03 1.433807338194017939e+04
4.832110169055815058e-03 1.435674735874666112e+04
4.841021232014814518e-03 1.437543173009006023e+04
4.849948728175925566e-03 1.439412644779188849e+04
4.858892687844195736e-03 1.441283146348162154e+04
4.867853141380551474e-03 1.443154672859640050e+04
4.876830119201916100e-03 1.445027219438083011e+04
4.885823651781290473e-03 1.446900781188691144e+04
4.894833769647890902e-03 1.448775353197383629e+04
4.903860503387214194e-03 1.450650930530776532e+04
4.912903883641176438e-03 1.452527508236170070e+04
4.921963941108201471e-03 1.454405081341550067e+04
4.931040706543308484e-03 1.456283644855529565e+04
4.940134210758255137e-03 1.458163193767385019e+04
4.949244484621600007e-03 1.460043723047029380e+04
4.958371559058840500e-03 1.461925227646590065e+04
4.967515465052506525e-03 1.463807702501018866e+04
4.976676233642248967e-03 1.465691142526006479e+04
4.985853895924979330e-03 1.467575542617845531e+04
4.995048483054936525e-03 1.469460897653376560e+04
5.004260026243826515e-03 1.471347202490004383e+04
5.013488556760915121e-03 1.473234451965672270e+04
5.022734105933115631e-03 1.475122640898828649e+04
5.031996705145133642e-03 1.477011764088453128e+04
5.041276385839533851e-03 1.478901816314000644e+04
5.050573179516877967e-03 1.480792792335417471e+04
5.059887117735820117e-03 1.482684686893122671e+04
5.069218232113197921e-03 1.484577494707972619e+04
5.078566554324174739e-03 1.486471210485201482e+04
5.087932116102304725e-03 1.488365828938345840e+04
5.097314949239682876e-03 1.490261344773595556e+04
5.106715085587029170e-03 1.492157752677818462e+04
5.116132557053787444e-03 1.494055047318485231e+04
5.125567395608265041e-03 1.495953223343676837e+04
5.135019633277705664e-03 1.497852275382050902e+04
5.144489302148428159e-03 1.499752198042859891e+04
5.153976434365925390e-03 1.501652985915903992e+04
5.163481062134952712e-03 1.503554633571546765e+04
5.173003217719678894e-03 1.505457135560698043e+04
5.182542933443748563e-03 1.507360486414782827e+04
5.192100241690434000e-03 1.509264680645765475e+04
5.201675174902725338e-03 1.511169712733235610e+04
5.211267765583424243e-03 1.513075576904572154e+04
5.220878046295296566e-03 1.514982267164300720e+04
5.230506049661134797e-03 1.516889777488429354e+04
5.240151808363908113e-03 1.518798101831165877e+04
5.249815355146859527e-03 1.520707234124866045e+04
5.259496722813596960e-03 1.522617168280039186e+04
5.269195944228245027e-03 1.524527898185343474e+04
5.278913052315511827e-03 1.526439417707556095e+04
5.288648080060839862e-03 1.528351720691571791e+04
5.298401060510501449e-03 1.530264800960401772e+04
5.308172026771694994e-03 1.532178652315130967e+04
5.317961012012692446e-03 1.534093268534954950e+04
5.327768049462913019e-03 1.536008643401608060e+04
5.337593172413071518e-03 1.537924771058503393e+04
5.347436414215273742e-03 1.539841645933451400e+04
5.357297808283117101e-03 1.541759262444219348e+04
5.367177388091838933e-03 1.543677614990209440e+04
5.377075187178385896e-03 1.545596697952451905e+04
5.386991239141571824e-03 1.547516505693589897e+04
5.396925577642167071e-03 1.549437032557891325e+04
5.406878236403002587e-03 1.551358272871217741e+04
5.416849249209120844e-03 1.553280220941050356e+04
5.426838649907846958e-03 1.555202871056465119e+04
5.436846472408938744e-03 1.557126217488123984e+04
5.446872750684691664e-03 1.559050254488294740e+04
5.456917518770032505e-03 1.560974976204986888e+04
5.466980810762675502e-03 1.562900376309077183e+04
5.477062660823192597e-03 1.564826448297998832e+04
5.487163103175170427e-03 1.566753185647217106e+04
5.497282172105307473e-03 1.568680581810327567e+04
5.507419901963515538e-03 1.570608630219047336e+04
5.517576327163075008e-03 1.572537324283225644e+04
5.527751482180704237e-03 1.574466657390799446e+04
5.537945401556721749e-03 1.576396622907836718e+04
5.548158119895139906e-03 1.578327214178493523e+04
5.558389671863770733e-03 1.580258424525030205e+04
5.568640092194378569e-03 1.582190247247790103e+04
5.578909415682758999e-03 1.584122675623720534e+04
5.589197677188888908e-03 1.586055702872240363e+04
5.599504911637034031e-03 1.587989322154091133e+04
5.609831154015846970e-03 1.589923526606056839e+04
5.620176439378526782e-03 1.591858309342639768e+04
5.630540802842894446e-03 1.593793663456024660e+04
5.640924279591547248e-03 1.595729582016106360e+04
5.651326904871966338e-03 1.597666058070473082e+04
5.661748713996614737e-03 1.599603084644391856e+04
5.672189742343101276e-03 1.601540654740831997e+04
5.682650025354251712e-03 1.603478761340434176e+04
5.693129598538270927e-03 1.605417397401533708e+04
5.703628497468845281e-03 1.607356555862040295e+04
5.714146757785246687e-03 1.609296229749505619e+04
5.724684415192494817e-03 1.611236412242289771e+04
5.735241505461428219e-03 1.613177096512529533e+04
5.745818064428872586e-03 1.615118275711497336e+04
5.756414127997738772e-03 1.617059942969601616e+04
5.767029732137132075e-03 1.619002091396364995e+04
5.777664912882511834e-03 1.620944714080463018e+04
5.788319706335768623e-03 1.622887804089683959e+04
5.798994148665386449e-03 1.624831354470974111e+04
5.809688276106550302e-03 1.626775358250393401e+04
5.820402124961249375e-03 1.628719808433158505e+04
5.831135731598441861e-03 1.630664697999330383e+04
5.841889132454132147e-03 1.632610019768060010e+04
5.852662364031535613e-03 1.634555766369057710e+04
5.863455462901178382e-03 1.636501930399764569e+04
5.874268465701031755e-03 1.638448504435244831e+04
5.885101409136623239e-03 1.640395481028184076e+04
5.895954329981168383e-03 1.642342852708887949e+04
5.906827265075709557e-03 1.644290611985287615e+04
5.917720251329224371e-03 1.646238751342942851e+04
5.928633325718760984e-03 1.648187263245053691e+04
5.939566525289544791e-03 1.650136140132445144e+04
5.950519887155119800e-03 1.652085374423592657e+04
5.961493448497482209e-03 1.654034958513711535e+04
5.972487246567192293e-03 1.655984884768171105e+04
5.983501318683512316e-03 1.657935145526280758e+04
5.994535702234511480e-03 1.659885733104909013e+04
6.005590434677209044e-03 1.661836639798546821e+04
6.016665553537713096e-03 1.663787857879309740e+04
6.027761096411328109e-03 1.665739379596932122e+04
6.038877100962694588e-03 1.667691197178773655e+04
6.050013604925894885e-03 1.669643302829841559e+04
6.061170646104620599e-03 1.671595688732783674e+04
6.072348262372256715e-03 1.673548347047907009e+04
6.083546491672048133e-03 1.675501269911484633e+04
6.094765372017212426e-03 1.677454449335356185e+04
6.106004941491050865e-03 1.679407877149885098e+04
6.117265238247120152e-03 1.681361545148219375e+04
6.128546300509312220e-03 1.683315445099902718e+04
6.139848166572026839e-03 1.685269568750918188e+04
6.151170874800286105e-03 1.687223907823675472e+04
6.162514463629840261e-03 1.689178454017004697e+04
6.173878971567348974e-03 1.691133199006218274e+04
6.185264437190455926e-03 1.693088134443054878e+04
6.196670899147965761e-03 1.695043251955754386e+04
6.208098396159959440e-03 1.696998543149161924e+04
6.219546967017900059e-03 1.698953999703600857e+04
6.231016650584816734e-03 1.700909613552467272e+04
6.242507485795380055e-03 1.702865376655142245e+04
6.254019511656079035e-03 1.704821280949498032e+04
6.265552767245337329e-03 1.706777318351885697e+04
6.277107291713626865e-03 1.708733480757164943e+04
6.288683124283641311e-03 1.710689760038727036e+04
6.300280304250381949e-03 1.712646148048478426e+04
6.311898870981334612e-03 1.714602636616883683e+04
6.323538863916583312e-03 1.716559217552973496e+04
6.335200322568925596e-03 1.718515882644221347e+04
6.346883286524053827e-03 1.720472623567774281e+04
6.358587795440632379e-03 1.722429431733894307e+04
6.370313889050484117e-03 1.724386298488110333e+04
6.382061607158701425e-03 1.726343215152871562e+04
6.393830989643763292e-03 1.728300173027577694e+04
6.405622076457714864e-03 1.730257163388608751e+04
6.417434907626255042e-03 1.732214177489307258e+04
6.429269523248911690e-03 1.734171206560040082e+04
6.441125963499163935e-03 1.736128241808180610e+04
6.453004268624555791e-03 1.738085274418156041e+04
6.464904478946880036e-03 1.740042295549248956e+04
6.476826634862261484e-03 1.741999296210551620e+04
6.488770776841339127e-03 1.743956267192284577e+04
6.500736945429388437e-03 1.745913199243760027e+04
6.512725181246434118e-03 1.747870083089885884e+04
6.524735524987434858e-03 1.749826909431198510e+04
6.536768017422372665e-03 1.751783668943884186e+04
6.548822699396434147e-03 1.753740352279797662e+04
6.560899611830126738e-03 1.755696950066481804e+04
6.572998795719406200e-03 1.757653452907189421e+04
6.585120292135851830e-03 1.759609851380921828e+04
6.597264142226761871e-03 1.761566136068683772e+04
6.609430387215333054e-03 1.763522297757419801e+04
6.621619068400784631e-03 1.765478327330134925e+04
6.633830227158477207e-03 1.767434215648326062e+04
6.646063904940097480e-03 1.769389953551028157e+04
6.658320143273751927e-03 1.771345531854811270e+04
6.670598983764147206e-03 1.773300941353827875e+04
6.682900468092716796e-03 1.775256172819835774e+04
6.695224638017738088e-03 1.777211217002217018e+04
6.707571535374524940e-03 1.779166064628008462e+04
6.719941202075514416e-03 1.781120706399419578e+04
6.732333680110455000e-03 1.783075132864501938e+04
6.744749011546529761e-03 1.785029334353822196e+04
6.757187238528480390e-03 1.786983301158649192e+04
6.769648403278795412e-03 1.788937023546532509e+04
6.782132548097798662e-03 1.790890491761324665e+04
6.794639715363845305e-03 1.792843696023241137e+04
6.807169947533439798e-03 1.794796626528844354e+04
6.819723287141360793e-03 1.796749273451125555e+04
6.832299776800855422e-03 1.798701626939492780e+04
6.844899459203728637e-03 1.800653677119825079e+04
6.857522377120534030e-03 1.802605414093146464e+04
6.870168573400700467e-03 1.804556827933394379e+04
6.882838090972656121e-03 1.806507908690497425e+04
6.895530972844023630e-03 1.808458646390942158e+04
6.908247262101706830e-03 1.810409031037809473e+04
6.920987001912092852e-03 1.812359052610838626e+04
6.933750235521170084e-03 1.814308701066447247e+04
6.946537006254657406e-03 1.816257966337736434e+04
6.959347357518202819e-03 1.818206838334576969e+04
6.972181332797470175e-03 1.820155306943582036e+04
6.985038975658336945e-03 1.822103362000808556e+04
6.997920329747025180e-03 1.824050993240546813e+04
7.010825438790221215e-03 1.825998190359500222e+04
7.023754346595281230e-03 1.827944943030817376e+04
7.036707097050317120e-03 1.829891240904081133e+04
7.049683734124399456e-03 1.831837073605379555e+04
7.062684301867682389e-03 1.833782430737331015e+04
7.075708844411533749e-03 1.835727301879111110e+04
7.088757405968734542e-03 1.837671676586537069e+04
7.101830030833570888e-03 1.839615544391529693e+04
7.114926763382034385e-03 1.841558894743652490e+04
7.128047648071953943e-03 1.843501716956086602e+04
7.141192729443120689e-03 1.845444000305363443e+04
7.154362052117493528e-03 1.847385734044052879e+04
7.167555660799291954e-03 1.849326907400807249e+04
7.180773600275196407e-03 1.851267509580406841e+04
7.194015915414479247e-03 1.853207529763810817e+04
7.207282651169139194e-03 1.855146957108185597e+04
7.220573852574098221e-03 1.857085780746967066e+04
7.233889564747302166e-03 1.859023989792316206e+04
7.247229832889920224e-03 1.860961573373926512e+04
7.260594702286472454e-03 1.862898520632515647e+04
7.273984218304998042e-03 1.864834820686612511e+04
7.287398426397184541e-03 1.866770462631595728e+04
7.300837372098538738e-03 1.868705435539707469e+04
7.314301101028556663e-03 1.870639728460112747e+04
7.327789658890854554e-03 1.872573330418952173e+04
7.341303091473340599e-03 1.874506230419380518e+04
7.354841444648346771e-03 1.876438417441622005e+04
7.368404764372799703e-03 1.878369880386895966e+04
7.381993096688391556e-03 1.880300607936256711e+04
7.395606487721714459e-03 1.882230588703745889e+04
7.409244983684432247e-03 1.884159811279454880e+04
7.422908630873412301e-03 1.886088264229598281e+04
7.436597475670901625e-03 1.888015936096555379e+04
7.450311564544697708e-03 1.889942815398924722e+04
7.464050944048281240e-03 1.891868890631599061e+04
7.477815660820993048e-03 1.893794150265795543e+04
7.491605761588159863e-03 1.895718582748735207e+04
7.505421293161306830e-03 1.897642176499852576e+04
7.519262302438254643e-03 1.899564919912365440e+04
7.533128836403335526e-03 1.901486801355998250e+04
7.547020942127522468e-03 1.903407809177070521e+04
7.560938666768574935e-03 1.905327931698544853e+04
7.574882057571246177e-03 1.907247157220105510e+04
7.588851161867385571e-03 1.909165474018205350e+04
7.602846027076150259e-03 1.911082870346140044e+04
7.616866700704147397e-03 1.912999334432409887e+04
7.630913230345565991e-03 1.914914854435893722e+04
7.644985663682398944e-03 1.916829418440911468e+04
7.659084048484539331e-03 1.918743014505780957e+04
7.673208432609997243e-03 1.920655630665583885e+04
7.687358864005040295e-03 1.922567254932205469e+04
7.701535390704330672e-03 1.924477875294381738e+04
7.715738060831146307e-03 1.926387479717795213e+04
7.729966922597476288e-03 1.928296056145132025e+04
7.744222024304247241e-03 1.930203592494686745e+04
7.758503414341455170e-03 1.932110076603976995e+04
7.772811141188312040e-03 1.934015496211372374e+04
7.787145253413463482e-03 1.935919839026804402e+04
7.801505799675090280e-03 1.937823092737005572e+04
7.815892828721129545e-03 1.939725245005554825e+04
7.830306389389415228e-03 1.941626283472965224e+04
7.844746530607821233e-03 1.943526195756755988e+04
7.859213301394486068e-03 1.945424969451524885e+04
7.873706750857906514e-03 1.947322592127464668e+04
7.888226928197171819e-03 1.949219051291724827e+04
7.902773882702097269e-03 1.951114334385276379e+04
7.917347663753371637e-03 1.953008428824020302e+04
7.931948320822780965e-03 1.954901322000952496e+04
7.946575903473314384e-03 1.956793001286260187e+04
7.961230461359380950e-03 1.958683454027397238e+04
7.975912044226962302e-03 1.960572667549144899e+04
7.990620701913753177e-03 1.962460629153704213e+04
8.005356484349392121e-03 1.964347326114481621e+04
8.020119441555553438e-03 1.966232745614624946e+04
8.034909623646191781e-03 1.968116874773429299e+04
8.049727080827672257e-03 1.969999700686902725e+04
8.064571863398926552e-03 1.971881210428429767e+04
8.079444021751674976e-03 1.973761391048851510e+04
8.094343606370534017e-03 1.975640229576547790e+04
8.109270667833248791e-03 1.977517713017545611e+04
8.124225256810831824e-03 1.979393828355558435e+04
8.139207424067717439e-03 1.981268562540628045e+04
8.154217220461990739e-03 1.983141902459789708e+04
8.169254696945489960e-03 1.985013834968790616e+04
8.184319904564042389e-03 1.986884346901211757e+04
8.199412894457608347e-03 1.988753425068551951e+04
8.214533717860437317e-03 1.990621056260301702e+04
8.229682426101288251e-03 1.992487227244054520e+04
8.244859070603549264e-03 1.994351924765586955e+04
8.260063702885463155e-03 1.996215135544782606e+04
8.275296374560276585e-03 1.998076846193044912e+04
8.290557137336397944e-03 1.999937043217807513e+04
8.305846043017624594e-03 2.001795713101216461e+04
8.321163143503250426e-03 2.003652842303382567e+04
8.336508490788308717e-03 2.005508417262528747e+04
8.351882136963714384e-03 2.007362424395048947e+04
8.367284134216423572e-03 2.009214850095626025e+04
8.382714534829664374e-03 2.011065680737289949e+04
8.398173391183044387e-03 2.012914902650133445e+04
8.413660755752798773e-03 2.014762502084654989e+04
8.429176681111932509e-03 2.016608465259912191e+04
8.444721219930373043e-03 2.018452778373440378e+04
8.460294424975221828e-03 2.020295427601319534e+04
8.475896349110844524e-03 2.022136399098285256e+04
8.491527045299131216e-03 2.023975678997815703e+04
8.507186566599633445e-03 2.025813253412286213e+04
8.522874966169732489e-03 2.027649108414526563e+04
8.538592297264866599e-03 2.029483229944512277e+04
8.554338613238655908e-03 2.031315603879043192e+04
8.570113967543134884e-03 2.033146216073488176e+04
8.585918413728908447e-03 2.034975052362018687e+04
8.601752005445316776e-03 2.036802098557657155e+04
8.617614796440662556e-03 2.038627340452452700e+04
8.633506840562341078e-03 2.040450763817536426e+04
8.649428191757070963e-03 2.042272354406264276e+04
8.665378904071055488e-03 2.044092097980678591e+04
8.681359031650143915e-03 2.045909980298969094e+04
8.697368628740069149e-03 2.047725987099234408e+04
8.713407749686565701e-03 2.049540104099415476e+04
8.729476448935619484e-03 2.051352316997424350e+04
8.745574781033615269e-03 2.053162611471249329e+04
8.761702800627510154e-03 2.054970973179059729e+04
8.777860562465066019e-03 2.056777387740568884e+04
8.794048121394974424e-03 2.058581840551636924e+04
8.810265532367101207e-03 2.060384316862485502e+04
8.826512850432651283e-03 2.062184801900995080e+04
8.842790130744317828e-03 2.063983280874587581e+04
8.859097428556545958e-03 2.065779738970382095e+04
8.875434799225633345e-03 2.067574161355315300e+04
8.891802298209995625e-03 2.069366533176261873e+04
8.908199981070320794e-03 2.071156839548295466e+04
8.924627903469727064e-03 2.072945065469209658e+04
8.941086121174023071e-03 2.074731195868981376e+04
8.957574690051818903e-03 2.076515215657194130e+04
8.974093666074781095e-03 2.078297109723442918e+04
8.990643105317788764e-03 2.080076862937525584e+04
9.007223063959134829e-03 2.081854460149542501e+04
9.023833598280702958e-03 2.083629886190026809e+04
9.040474764668156651e-03 2.085403125899723454e+04
9.057146619611169958e-03 2.087174164233546981e+04
9.073849219703578398e-03 2.088942986165271941e+04
9.090582621643594069e-03 2.090709576650344388e+04
9.107346882233968710e-03 2.092473920626003019e+04
9.124142058382208806e-03 2.094236003011429420e+04
9.140968207100778550e-03 2.095995808707876859e+04
9.157825385507280258e-03 2.097753322596893486e+04
9.174713650824650388e-03 2.099508529336833453e+04
9.191633060381329545e-03 2.101261413180697491e+04
9.208583671611512284e-03 2.103011958319293626e+04
9.225565542055275473e-03 2.104760148924094392e+04
9.242578729358836773e-03 2.106505969147360884e+04
9.259623291274715964e-03 2.108249403122326112e+04
9.276699285661913624e-03 2.109990434963291409e+04
9.293806770486166130e-03 2.111729048776749187e+04
9.310945803820068825e-03 2.113465228777505035e+04
9.328116443843336228e-03 2.115198959244388243e+04
9.345318748842977238e-03 2.116930224440040547e+04
9.362552777213459937e-03 2.118659008609688317e+04
9.379818587456982201e-03 2.120385295981297531e+04
9.397116238183580994e-03 2.122109070765740034e+04
9.414445788111413388e-03 2.123830317156731689e+04
9.431807296066921364e-03 2.125549019270493591e+04
9.449200820984996613e-03 2.127265161060097671e+04
9.466626421909256350e-03 2.128978726439875754e+04
9.484084157992164754e-03 2.130689699307098635e+04
9.501574088495298373e-03 2.132398063542164527e+04
9.519096272789519600e-03 2.134103803008720206e+04
9.536650770355151879e-03 2.135806901553862917e+04
9.554237640782245120e-03 2.137507342983417402e+04
9.571856943770704063e-03 2.139205110889802745e+04
9.589508739130555431e-03 2.140900188754824921e+04
9.607193086782124872e-03 2.142592560042824334e+04
9.624910046756210424e-03 2.144282208201397589e+04
9.642659679194353142e-03 2.145969116661604494e+04
9.660442044348963725e-03 2.147653268838112490e+04
9.678257202583596605e-03 2.149334648128449044e+04
9.696105214373126890e-03 2.151013237890853634e+04
9.713986140303918632e-03 2.152689021443132879e+04
9.731900041074109317e-03 2.154361982086100033e+04
9.749846977493731304e-03 2.156032103104917041e+04
9.767827010484987638e-03 2.157699367769276068e+04
9.785840201082430731e-03 2.159363759333580674e+04
9.803886610433139304e-03 2.161025261037821838e+04
9.821966299796995939e-03 2.162683856174545144e+04
9.840079330546813718e-03 2.164339528143421194e+04
9.858225764168615513e-03 2.165992260342942973e+04
9.876405662261812657e-03 2.167642036157847178e+04
9.894619086539385364e-03 2.169288838959269924e+04
9.912866098828158543e-03 2.170932652104977024e+04
9.931146761068937109e-03 2.172573458938870317e+04
9.949461135316780072e-03 2.174211242559924358e+04
9.967809283741187881e-03 2.175845985482254764e+04
9.986191268626277637e-03 2.177477670118541573e+04
1.000460715237106064e-02 2.179106278866330831e+04
1.002305699748960201e-02 2.180731794108277245e+04
1.004154086661125655e-02 2.182354198212321717e+04
1.006005882248087527e-02 2.183973473532254866e+04
1.007861092795901518e-02 2.185589602589794231e+04
1.009719724602217011e-02 2.187202568371814050e+04
1.011581783976295799e-02 2.188812353930973404e+04
1.013447277239034987e-02 2.190418942308408077e+04
1.015316210722988499e-02 2.192022316533941921e+04
1.017188590772388074e-02 2.193622459626304408e+04
1.019064423743165984e-02 2.195219354592014497e+04
1.020943716002974642e-02 2.196812984177435646e+04
1.022826473931209672e-02 2.198403330572074992e+04
1.024712703919031069e-02 2.199990375880666761e+04
1.026602412369384543e-02 2.201574102195366504e+04
1.028495605697025451e-02 2.203154491595950094e+04
1.030392290328536672e-02 2.204731526150046921e+04
1.032292472702353928e-02 2.206305187915969509e+04
1.034196159268785040e-02 2.207875459073861930e+04
1.036103356490035085e-02 2.209442321987180549e+04
1.038014070840224436e-02 2.211005759024378494e+04
1.039928308805413218e-02 2.212565752543823692e+04
1.041846076883623171e-02 2.214122284894041150e+04
1.043767381584857941e-02 2.215675338413938880e+04
1.045692229431128585e-02 2.217224895413480408e+04
1.047620626956472130e-02 2.218770937889374909e+04
1.049552580706975685e-02 2.220313447588052804e+04
1.051488097240797781e-02 2.221852406239105403e+04
1.053427183128191093e-02 2.223387795562046449e+04
1.055369844951526206e-02 2.224919597266536948e+04
1.057316089305310874e-02 2.226447793052632915e+04
1.059265922796214301e-02 2.227972364667834700e+04
1.061219352043089523e-02 2.229493294154413525e+04
1.063176383676995088e-02 2.231010563647772869e+04
1.065137024341219867e-02 2.232524155275996600e+04
1.067101280691301786e-02 2.234034051159999945e+04
1.069069159395053328e-02 2.235540233413776878e+04
1.071040667132583390e-02 2.237042684140455822e+04
1.073015810596319314e-02 2.238541385108244867e+04
1.074994596491031518e-02 2.240036317517021598e+04
1.076977031533853449e-02 2.241527462503413699e+04
1.078963122454306735e-02 2.243014801195774271e+04
1.080952875994322868e-02 2.244498314714492517e+04
1.082946298908265582e-02 2.245977984172201832e+04
1.084943397962956704e-02 2.247453790703159393e+04
1.086944179937694883e-02 2.248925715673212471e+04
1.088948651624281616e-02 2.250393740559044454e+04
1.090956819827042582e-02 2.251857846832456926e+04
1.092968691362853489e-02 2.253318015959819604e+04
1.094984273061159509e-02 2.254774229402330093e+04
1.097003571764000596e-02 2.256226468614750047e+04
1.099026594326034389e-02 2.257674714941504135e+04
1.101053347614559461e-02 2.259118949549702302e+04
1.103083838509539248e-02 2.260559153585692547e+04
1.105118073903624092e-02 2.261995308191208824e+04
1.107156060702175343e-02 2.263427394503640244e+04
1.109197805823288786e-02 2.264855393656299566e+04
1.111243316197817535e-02 2.266279286752186817e+04
1.113292598769398054e-02 2.267699054761283332e+04
1.115345660494470106e-02 2.269114678610477131e+04
1.117402508342302259e-02 2.270526139223189966e+04
1.119463149295015642e-02 2.271933417519657814e+04
1.121527590347606851e-02 2.273336494417204449e+04
1.123595838507973621e-02 2.274735350805867347e+04
1.125667900796935988e-02 2.276129967239526741e+04
1.127743784248261272e-02 2.277520324029201220e+04
1.129823495908688358e-02 2.278906401477407780e+04
1.131907042837950600e-02 2.280288179883754856e+04
1.133994432108802533e-02 2.281665639545166414e+04
1.136085670807039302e-02 2.283038760762915990e+04
1.138180766031524765e-02 2.284407524113075851e+04
1.140279724894213004e-02 2.285771910541205943e+04
1.142382554520173996e-02 2.287131901018857025e+04
1.144489262047618076e-02 2.288487476518045514e+04
1.146599854627918143e-02 2.289838618011549624e+04
1.148714339425636020e-02 2.291185306471085642e+04
1.150832723618544842e-02 2.292527522519692502e+04
1.152955014397656457e-02 2.293865246043591469e+04
1.155081218967242418e-02 2.295198456835011530e+04
1.157211344544860007e-02 2.296527134685677447e+04
1.159345398361377039e-02 2.297851259387156824e+04
1.161483387660995625e-02 2.299170810731373058e+04
1.163625319701278200e-02 2.300485768681728950e+04
1.165771201753170068e-02 2.301796113682584109e+04
1.167921041101025424e-02 2.303101826264365081e+04
1.170074845042631817e-02 2.304402886960629985e+04
1.172232620889234259e-02 2.305699276308343542e+04
1.174394375965562461e-02 2.306990974848132464e+04
1.176560117609852345e-02 2.308277962931965158e+04
1.178729853173873104e-02 2.309560220317419953e+04
1.180903590022951144e-02 2.310837726649251272e+04
1.183081335535995579e-02 2.312110461575221416e+04
1.185263097105524431e-02 2.313378404746468368e+04
1.187448882137687005e-02 2.314641535817900512e+04
1.189638698052291298e-02 2.315899834541791643e+04
1.191832552282828112e-02 2.317153280940417244e+04
1.194030452276496207e-02 2.318401855088418961e+04
1.196232405494229711e-02 2.319645537066365068e+04
1.198438419410720150e-02 2.320884306961111724e+04
1.200648501514443335e-02 2.322118144865611248e+04
1.202862659307685732e-02 2.323347030782209549e+04
1.205080900306567705e-02 2.324570944507639797e+04
1.207303232041072663e-02 2.325789865817544705e+04
1.209529662055068219e-02 2.327003774494860409e+04
1.211760197906334297e-02 2.328212650330133329e+04
1.213994847166588453e-02 2.329416473119382499e+04
1.216233617421512772e-02 2.330615222544530116e+04
1.218476516270776758e-02 2.331808878120682857e+04
1.220723551328065093e-02 2.332997419357896433e+04
1.222974730221103486e-02 2.334180825774966797e+04
1.225230060591683476e-02 2.335359076899821957e+04
1.227489550095690711e-02 2.336532152277846762e+04
1.229753206403127672e-02 2.337700031594086249e+04
1.232021037198141947e-02 2.338862694649680998e+04
1.234293050179051908e-02 2.340020121259889856e+04
1.236569253058371516e-02 2.341172291251429124e+04
1.238849653562840158e-02 2.342319184462823978e+04
1.241134259433444159e-02 2.343460780767877441e+04
1.243423078425445923e-02 2.344597060196951134e+04
1.245716118308409434e-02 2.345728002849007316e+04
1.248013386866226627e-02 2.346853588836810741e+04
1.250314891897145488e-02 2.347973798287207683e+04
1.252620641213793122e-02 2.349088611339665658e+04
1.254930642643205252e-02 2.350198007692229294e+04
1.257244904026851018e-02 2.351301966002516201e+04
1.259563433220660215e-02 2.352400464792278945e+04
1.261886238095051745e-02 2.353493482596109607e+04
1.264213326534956681e-02 2.354580997961882167e+04
1.266544706439847595e-02 2.355662989517337337e+04
1.268880385723764916e-02 2.356739436988428497e+04
1.271220372315342781e-02 2.357810321002684213e+04
1.273564674157838875e-02 2.358875622232138267e+04
1.275913299209157324e-02 2.359935321367793949e+04
1.278266255441878364e-02 2.360989399120012968e+04
1.280623550843284011e-02 2.362037835970773449e+04
1.282985193415387901e-02 2.363080611497356585e+04
1.285351191174958704e-02 2.364117705080235828e+04
1.287721552153549623e-02 2.365149096118335001e+04
1.290096284397524926e-02 2.366174764029423750e+04
1.292475395968086839e-02 2.367194688229816165e+04
1.294858894941306078e-02 2.368208847729876288e+04
1.297246789408143877e-02 2.369217221160059853e+04
1.299639087474483562e-02 2.370219787154500955e+04
1.302035797261156570e-02 2.371216524366773956e+04
1.304436926903969861e-02 2.372207411470481384e+04
1.306842484553735230e-02 2.373192427477085948e+04
1.309252478376294639e-02 2.374171552422767854e+04
1.311666916552548662e-02 2.375144766564789097e+04
1.314085807278485285e-02 2.376112050184525651e+04
1.316509158765205925e-02 2.377073383587831631e+04
1.318936979238956829e-02 2.378028746933140428e+04
1.321369276941151798e-02 2.378978118535668909e+04
1.323806060128404280e-02 2.379921475588961039e+04
1.326247337072553739e-02 2.380858795291220304e+04
1.328693116060693236e-02 2.381790054862209945e+04
1.331143405395200825e-02 2.382715231552721889e+04
1.333598213393762631e-02 2.383634303130435001e+04
1.336057548389404936e-02 2.384547248130038497e+04
1.338521418730520031e-02 2.385454045172952101e+04
1.340989832780898477e-02 2.386354672906571795e+04
1.343462798919752184e-02 2.387249110004755130e+04
1.345940325541746148e-02 2.388137335108831030e+04
1.348422421057026907e-02 2.389019326685256965e+04
1.350909093891248906e-02 2.389895063184932951e+04
1.353400352485607111e-02 2.390764523086650297e+04
1.355896205296861293e-02 2.391627684897537983e+04
1.358396660797367081e-02 2.392484527342284855e+04
1.360901727475104239e-02 2.393335030513683887e+04
1.363411413833704941e-02 2.394179175114944519e+04
1.365925728392485168e-02 2.395016941884753396e+04
1.368444679686469864e-02 2.395848311595380801e+04
1.370968276266423813e-02 2.396673264865174860e+04
1.373496526698881476e-02 2.397491779751317517e+04
1.376029439566173358e-02 2.398303832449203765e+04
1.378567023466460012e-02 2.399109399140322421e+04
1.381109287013755627e-02 2.399908456035712152e+04
1.383656238837960295e-02 2.400700979478404770e+04
1.386207887584889331e-02 2.401486948473682060e+04
1.388764241916300851e-02 2.402266344864234634e+04
1.391325310509929081e-02 2.403039150667758076e+04
1.393891102059508467e-02 2.403805347941343280e+04
1.396461625274806814e-02 2.404564918742435839e+04
1.399036888881654422e-02 2.405317843414054005e+04
1.401616901621971500e-02 2.406064099922681635e+04
1.404201672253802685e-02 2.406803666094965592e+04
1.406791209551340634e-02 2.407536519793793559e+04
1.409385522304960024e-02 2.408262638924340717e+04
1.411984619321245311e-02 2.408982001778325139e+04
1.414588509423023686e-02 2.409694587237238375e+04
1.417197201449390577e-02 2.410400374270623070e+04
1.419810704255742607e-02 2.411099341888026902e+04
1.422429026713807089e-02 2.411791469141524431e+04
1.425052177711671163e-02 2.412476735260209534e+04
1.427680166153815107e-02 2.413155119733421088e+04
1.430313000961137664e-02 2.413826602112685578e+04
1.432950691070990386e-02 2.414491161992440175e+04
1.435593245437205567e-02 2.415148779009822829e+04
1.438240673030127814e-02 2.415799432808256097e+04
1.440892982836645790e-02 2.416443103020792478e+04
1.443550183860219105e-02 2.417079769321060667e+04
1.446212285120911968e-02 2.417709411428029125e+04
1.448879295655422506e-02 2.418332009084356832e+04
1.451551224517113117e-02 2.418947541387038655e+04
1.454228080776044131e-02 2.419555986667610341e+04
1.456909873518999823e-02 2.420157323257247117e+04
1.459596611849522767e-02 2.420751529533525172e+04
1.462288304887943667e-02 2.421338583977729650e+04
1.464984961771411201e-02 2.421918466105754487e+04
1.467686591653926710e-02 2.422491156319506263e+04
1.470393203706370742e-02 2.423056635097797334e+04
1.473104807116536533e-02 2.423614882970306280e+04
1.475821411089161227e-02 2.424165880335433030e+04
1.478543024845955373e-02 2.424709605938579261e+04
1.481269657625638655e-02 2.425246037647032063e+04
1.484001318683965225e-02 2.425775153369229156e+04
1.486738017293759428e-02 2.426296931064719683e+04
1.489479762744944785e-02 2.426811349171295296e+04
1.492226564344579197e-02 2.427318388242786386e+04
1.494978431416881665e-02 2.427818029510997440e+04
1.497735373303266983e-02 2.428310254263805473e+04
1.500497399362376791e-02 2.428795043841939332e+04
1.503264518970110972e-02 2.429272378708188990e+04
1.506036741519661479e-02 2.429742237205436322e+04
1.508814076421540785e-02 2.430204597423043742e+04
1.511596533103616059e-02 2.430659437506314862e+04
1.514384121011140907e-02 2.431106735715674222e+04
1.517176849606786428e-02 2.431546471904655118e+04
1.519974728370676598e-02 2.431978627634822988e+04
1.522777766800415336e-02 2.432403184609592790e+04
1.525585974411122758e-02 2.432820124593589935e+04
1.528399360735465881e-02 2.433229429018314477e+04
1.531217935323690021e-02 2.433631076457746167e+04
1.534041707743655572e-02 2.434025044237268958e+04
1.536870687580864543e-02 2.434411309736458497e+04
1.539704884438496645e-02 2.434789850400753858e+04
1.542544307937441204e-02 2.435160645415792169e+04
1.545388967716329262e-02 2.435523678159751944e+04
1.548238873431568956e-02 2.435878932700717633e+04
1.551094034757373452e-02 2.436226393173951874e+04
1.553954461385797896e-02 2.436566043498511863e+04
1.556820163026770461e-02 2.436897862843206531e+04
1.559691149408124790e-02 2.437221826417750344e+04
1.562567430275637118e-02 2.437537909372659487e+04
1.565449015393052812e-02 2.437846086923516123e+04
1.568335914542124190e-02 2.438146336160234205e+04
1.571228137522642093e-02 2.438438641270396329e+04
1.574125694152471097e-02 2.438722988220943444e+04
1.577028594267579353e-02 2.438999363051473119e+04
1.579936847722074322e-02 2.439267751676905755e+04
1.582850464388236081e-02 2.439528135243413999e+04
1.585769454156549588e-02 2.439780489957109967e+04
1.588693826935741460e-02 2.440024791862797792e+04
1.591623592652809116e-02 2.440261017076292046e+04
1.594558761253057552e-02 2.440489143048752885e+04
1.597499342700132302e-02 2.440709152358006031e+04
1.600445346976052050e-02 2.440921028920561730e+04
1.603396784081246099e-02 2.441124756729299042e+04
1.606353664034583864e-02 2.441320319737768295e+04
1.609315996873411647e-02 2.441507699828298792e+04
1.612283792653585943e-02 2.441686877068336980e+04
1.615257061449506051e-02 2.441857831537912352e+04
1.618235813354153285e-02 2.442020543395402638e+04
1.621220058479119416e-02 2.442174993179842568e+04
1.624209806954642760e-02 2.442321162327109050e+04
1.627205068929644602e-02 2.442459032490100071e+04
1.630205854571761120e-02 2.442588585402363606e+04
1.633212174067380854e-02 2.442709802875703099e+04
1.636224037621675231e-02 2.442822666777215636e+04
1.639241455458636393e-02 2.442927159042799758e+04
1.642264437821110840e-02 2.443023261691283187e+04
1.645292994970833783e-02 2.443110956802019427e+04
1.648327137188465921e-02 2.443190225645236933e+04
1.651366874773625010e-02 2.443261048419171493e+04
1.654412218044924027e-02 2.443323405330386595e+04
1.657463177340003438e-02 2.443377276671899745e+04
1.660519763015570055e-02 2.443422643901210540e+04
1.663581985447427913e-02 2.443459491902302761e+04
1.666649855030515742e-02 2.443487806291951347e+04
1.669723382178942006e-02 2.443507572775604785e+04
1.672802577326019599e-02 2.443518776514721321e+04
1.675887450924304703e-02 2.443521398125123960e+04
1.678978013445625930e-02 2.443515416252444993e+04
1.682074275381124917e-02 2.443500809623887471e+04
1.685176247241290670e-02 2.443477557255606735e+04
1.688283939555992874e-02 2.443445641848119340e+04
1.691397362874523178e-02 2.443405049329085887e+04
1.694516527765625377e-02 2.443355765824632545e+04
1.697641444817533235e-02 2.443297777515741473e+04
1.700772124638007601e-02 2.443231068338051773e+04
1.703908577854370068e-02 2.443155618693311408e+04
1.707050815113542869e-02 2.443071408766978129e+04
1.710198847082080448e-02 2.442978418844875705e+04
1.713352684446208668e-02 2.442876630983016003e+04
1.716512337911860198e-02 2.442766031696833306e+04
1.719677818204709552e-02 2.442646608301603919e+04
1.722849136070214032e-02 2.442518348210814656e+04
1.726026302273644258e-02 2.442381237471685745e+04
1.729209327600124066e-02 2.442235256148980625e+04
1.732398222854666936e-02 2.442080382831043971e+04
1.735592998862210690e-02 2.441916596208988267e+04
1.738793666467659121e-02 2.441743876268922759e+04
1.742000236535912877e-02 2.441562210380936449e+04
1.745212719951909353e-02 2.441371588766764035e+04
1.748431127620658429e-02 2.441172001755362362e+04
1.751655470467283066e-02 2.440963439029784786e+04
1.754885759437051218e-02 2.440745884131035928e+04
1.758122005495415738e-02 2.440519317601056900e+04
1.761364219628051841e-02 2.440283720067011745e+04
1.764612412840892847e-02 2.440039072475536523e+04
1.767866596160170417e-02 2.439785358103703402e+04
1.771126780632447870e-02 2.439522561668246635e+04
1.774392977324661461e-02 2.439250668012975075e+04
1.777665197324155427e-02 2.438969662221184990e+04
1.780943451738719804e-02 2.438679531062448223e+04
1.784227751696632058e-02 2.438380262466228305e+04
1.787518108346688311e-02 2.438071844491134834e+04
1.790814532858246363e-02 2.437754265188272620e+04
1.794117036421261427e-02 2.437427511223830516e+04
1.797425630246322556e-02 2.437091568349652152e+04
1.800740325564697403e-02 2.436746422411122694e+04
1.804061133628361013e-02 2.436392059182427693e+04
1.807388065710040584e-02 2.436028462343035426e+04
1.810721133103251196e-02 2.435655614238342605e+04
1.814060347122334327e-02 2.435273497306948411e+04
1.817405719102498790e-02 2.434882094651624720e+04
1.820757260399854735e-02 2.434481395038793198e+04
1.824114982391454934e-02 2.434071390585809422e+04
1.827478896475333292e-02 2.433652073565473256e+04
1.830849014070543013e-02 2.433223435406819408e+04
1.834225346617196842e-02 2.432785459976781567e+04
1.837607905576502804e-02 2.432338127578163767e+04
1.840996702430806181e-02 2.431881418616403971e+04
1.844391748683625251e-02 2.431415315658714462e+04
1.847793055859696040e-02 2.430939813348476673e+04
1.851200635505004591e-02 2.430454910794566604e+04
1.854614499186830329e-02 2.429960607226272987e+04
1.858034658493784227e-02 2.429456897485109948e+04
1.861461125035846972e-02 2.428943758377583436e+04
1.864893910444413369e-02 2.428421162269434717e+04
1.868333026372324263e-02 2.427889081682440883e+04
1.871778484493911640e-02 2.427347497191309594e+04
1.875230296505035407e-02 2.426796410001323238e+04
1.878688474123124674e-02 2.426235824709147710e+04
1.882153029087219043e-02 2.425665745869547754e+04
1.885623973158003994e-02 2.425086168095337416e+04
1.889101318117853562e-02 2.424497070095748131e+04
1.892585075770871275e-02 2.423898429287695399e+04
1.896075257942926931e-02 2.423290223623642305e+04
1.899571876481702393e-02 2.422672439329365443e+04
1.903074943256724896e-02 2.422045070411189590e+04
1.906584470159412154e-02 2.421408111299803204e+04
1.910100469103111209e-02 2.420761556415566884e+04
1.913622952023136953e-02 2.420105399103006857e+04
1.917151930876818955e-02 2.419439632214851008e+04
1.920687417643534081e-02 2.418764248729531391e+04
1.924229424324751594e-02 2.418079240022545855e+04
1.927777962944073400e-02 2.417384590642912735e+04
1.931333045547273600e-02 2.416680283536246498e+04
1.934894684202342896e-02 2.415966301849430238e+04
1.938462890999524679e-02 2.415242634348126376e+04
1.942037678051358740e-02 2.414509279923601207e+04
1.945619057492721168e-02 2.413766238657997383e+04
1.949207041480869804e-02 2.413013510383038738e+04
1.952801642195478582e-02 2.412251088686689764e+04
1.956402871838683680e-02 2.411478961993076518e+04
1.960010742635123412e-02 2.410697118708743074e+04
1.963625266831979521e-02 2.409905547938030577e+04
1.967246456699021928e-02 2.409104242001007515e+04
1.970874324528644472e-02 2.408293194418335770e+04
1.974508882635910706e-02 2.407472398843787232e+04
1.978150143358595181e-02 2.406641847957515711e+04
1.981798119057223695e-02 2.405801532330701957e+04
1.985452822115120128e-02 2.404951442409319861e+04
1.989114264938441484e-02 2.404091568958128119e+04
1.992782459956223690e-02 2.403221905434202927e+04
1.996457419620424265e-02 2.402342447385912237e+04
2.000139156405963264e-02 2.401453190552971864e+04
2.003827682810768035e-02 2.400554131338023944e+04
2.007523011355811723e-02 2.399645268421998480e+04
2.011225154585158381e-02 2.398726601172672235e+04
2.014934125066004944e-02 2.397798128883314348e+04
2.018649935388723560e-02 2.396859842839072007e+04
2.022372598166906343e-02 2.395911723970594176e+04
2.026102126037405624e-02 2.394953752683397761e+04
2.029838531660376963e-02 2.393985913175842143e+04
2.033581827719323568e-02 2.393008213704403533e+04
2.037332026921138614e-02 2.392020672332849790e+04
2.041089141996149658e-02 2.391023307086462955e+04
2.044853185698159576e-02 2.390016121164866490e+04
2.048624170804490968e-02 2.388999091907942056e+04
2.052402110116028841e-02 2.387972194231634421e+04
2.056187016457267092e-02 2.386935405814141996e+04
2.059978902676348061e-02 2.385888725783664995e+04
2.063777781645107293e-02 2.384832163897212376e+04
2.067583666259118977e-02 2.383765730066384276e+04
2.071396569437736548e-02 2.382689429157103223e+04
2.075216504124142297e-02 2.381603256458472242e+04
2.079043483285383798e-02 2.380507206344701990e+04
2.082877519912423175e-02 2.379401273469294392e+04
2.086718627020178740e-02 2.378285453598067761e+04
2.090566817647570089e-02 2.377159743107012400e+04
2.094422104857565289e-02 2.376024138558523191e+04
2.098284501737218352e-02 2.374878638473255705e+04
2.102154021397719189e-02 2.373723244443976000e+04
2.106030676974436633e-02 2.372557958478921137e+04
2.109914481626961810e-02 2.371382782992901411e+04
2.113805448539156709e-02 2.370197722058733780e+04
2.117703590919193732e-02 2.369002780442684161e+04
2.121608921999602881e-02 2.367797962744964389e+04
2.125521455037317556e-02 2.366583264590619001e+04
2.129441203313717570e-02 2.365358671409858289e+04
2.133368180134678077e-02 2.364124168259256112e+04
2.137302398830609809e-02 2.362879747516549105e+04
2.141243872756506961e-02 2.361625426466571662e+04
2.145192615291991595e-02 2.360361227873542157e+04
2.149148639841360134e-02 2.359087172120680407e+04
2.153111959833629852e-02 2.357803250402226695e+04
2.157082588722580851e-02 2.356509435023437254e+04
2.161060539986804294e-02 2.355205698466409376e+04
2.165045827129747150e-02 2.353892035516989563e+04
2.169038463679761122e-02 2.352568478755470642e+04
2.173038463190143585e-02 2.351235064521150707e+04
2.177045839239186154e-02 2.349891824064674074e+04
2.181060605430221178e-02 2.348538764798773627e+04
2.185082775391666843e-02 2.347175887363452057e+04
2.189112362777076090e-02 2.345803191072098343e+04
2.193149381265178249e-02 2.344420655047766195e+04
2.197193844559929346e-02 2.343028243885021948e+04
2.201245766390556510e-02 2.341625922630036075e+04
2.205305160511605508e-02 2.340213693613482610e+04
2.209372040702990009e-02 2.338791619945899220e+04
2.213446420770031828e-02 2.337359770364360156e+04
2.217528314543514012e-02 2.335918191136861424e+04
2.221617735879724206e-02 2.334466844120647875e+04
2.225714698660502880e-02 2.333005671593348961e+04
2.229819216793292938e-02 2.331534623873340388e+04
2.233931304211181704e-02 2.330053719693411040e+04
2.238050974872951571e-02 2.328563013357760428e+04
2.242178242763127882e-02 2.327062557988359913e+04
2.246313121892022646e-02 2.325552369834953424e+04
2.250455626295789699e-02 2.324032427294918307e+04
2.254605770036462870e-02 2.322502707383412780e+04
2.258763567202010450e-02 2.320963202751342760e+04
2.262929031906378563e-02 2.319413936237025337e+04
2.267102178289545286e-02 2.317854934253427928e+04
2.271283020517561937e-02 2.316286220010462421e+04
2.275471572782604424e-02 2.314707804583098914e+04
2.279667849303020771e-02 2.313119696361188835e+04
2.283871864323378659e-02 2.311521901475003324e+04
2.288083632114518151e-02 2.309914409444144985e+04
2.292303166973593334e-02 2.308297202883408318e+04
2.296530483224125396e-02 2.306670267960643105e+04
2.300765595216049120e-02 2.305033635721831888e+04
2.305008517325762840e-02 2.303387369091835717e+04
2.309259263956179101e-02 2.301731530293429751e+04
2.313517849536768367e-02 2.300066141932761457e+04
2.317784288523612457e-02 2.298391182303048845e+04
2.322058595399451725e-02 2.296706627679746816e+04
2.326340784673733633e-02 2.295012461729563074e+04
2.330630870882666530e-02 2.293308680500245464e+04
2.334928868589261630e-02 2.291595281467881068e+04
2.339234792383388176e-02 2.289872280601227249e+04
2.343548656881820624e-02 2.288139740153283128e+04
2.347870476728287914e-02 2.286397729539214197e+04
2.352200266593526892e-02 2.284646294878202752e+04
2.356538041175326031e-02 2.282885397371328145e+04
2.360883815198580246e-02 2.281114979144153767e+04
2.365237603415338077e-02 2.279335001662831928e+04
2.369599420604852694e-02 2.277545523357492857e+04
2.373969281573634973e-02 2.275746633371010103e+04
2.378347201155497567e-02 2.273938408933653409e+04
2.382733194211610409e-02 2.272120846172036181e+04
2.387127275630547552e-02 2.270293907465075972e+04
2.391529460328343723e-02 2.268457560862131140e+04
2.395939763248536997e-02 2.266611823429043579e+04
2.400358199362224304e-02 2.264756737923659239e+04
2.404784783668111742e-02 2.262892345394542644e+04
2.409219531192563490e-02 2.261018664659880960e+04
2.413662456989658367e-02 2.259135700693999752e+04
2.418113576141232846e-02 2.257243459234449983e+04
2.422572903756937956e-02 2.255341957002670097e+04
2.427040454974288552e-02 2.253431218631965021e+04
2.431516244958714310e-02 2.251511268881322030e+04
2.436000288903615932e-02 2.249582130101272560e+04
2.440492602030407826e-02 2.247643822764724973e+04
2.444993199588577429e-02 2.245696367452536651e+04
2.449502096855733779e-02 2.243739785440096239e+04
2.454019309137658172e-02 2.241774098605884501e+04
2.458544851768362099e-02 2.239799328871300531e+04
2.463078740110130962e-02 2.237815496542266192e+04
2.467620989553582014e-02 2.235822620554489549e+04
2.472171615517714666e-02 2.233820719613043548e+04
2.476730633449961486e-02 2.231809806994902465e+04
2.481298058826246142e-02 2.229789891392788559e+04
2.485873907151028503e-02 2.227760983495715482e+04
2.490458193957361538e-02 2.225723126240086276e+04
2.495050934806943704e-02 2.223676388669185326e+04
2.499652145290169949e-02 2.221620836676644103e+04
2.504261841026189303e-02 2.219556480851264860e+04
2.508880037662951368e-02 2.217483290629958356e+04
2.513506750877264259e-02 2.215401239114349301e+04
2.518141996374843872e-02 2.213310352222155780e+04
2.522785789890374247e-02 2.211210690854640416e+04
2.527438147187552678e-02 2.209102311006909440e+04
2.532099084059147298e-02 2.206985214332889154e+04
2.536768616327050516e-02 2.204859371778549394e+04
2.541446759842331399e-02 2.202724767535239516e+04
2.546133530485294311e-02 2.200581489484489430e+04
2.550828944165525400e-02 2.198429673867655583e+04
2.555533016821950887e-02 2.196269435215766134e+04
2.560245764422890841e-02 2.194100758058109932e+04
2.564967202966112261e-02 2.191923579106589750e+04
2.569697348478887020e-02 2.189737852155545261e+04
2.574436217018040776e-02 2.187543606214235479e+04
2.579183824670010228e-02 2.185340891330720842e+04
2.583940187550898965e-02 2.183129746980106938e+04
2.588705321806528126e-02 2.180910178317237660e+04
2.593479243612498847e-02 2.178682183849557623e+04
2.598261969174238059e-02 2.176445792322101624e+04
2.603053514727058509e-02 2.174201101542763718e+04
2.607853896536214272e-02 2.171948218060988438e+04
2.612663130896952096e-02 2.169687200757539540e+04
2.617481234134573856e-02 2.167418032493259307e+04
2.622308222604483388e-02 2.165140690857340451e+04
2.627144112692248248e-02 2.162855188763122351e+04
2.631988920813651753e-02 2.160561577725061215e+04
2.636842663414750224e-02 2.158259911220098729e+04
2.641705356971931623e-02 2.155950242670797161e+04
2.646577017991964820e-02 2.153632625455483139e+04
2.651457663012061691e-02 2.151307106742421820e+04
2.656347308599928125e-02 2.148973685622364428e+04
2.661245971353828552e-02 2.146632338920382244e+04
2.666153667902631391e-02 2.144283056055341876e+04
2.671070414905873588e-02 2.141925882333361005e+04
2.675996229053813694e-02 2.139560878666081044e+04
2.680931127067488415e-02 2.137188105948926386e+04
2.685875125698774027e-02 2.134807625109298897e+04
2.690828241730435638e-02 2.132419496366498061e+04
2.695790491976189293e-02 2.130023743901724083e+04
2.700761893280758524e-02 2.127620338493481904e+04
2.705742462519928129e-02 2.125209251172849690e+04
2.710732216600609049e-02 2.122790528803490815e+04
2.715731172460886939e-02 2.120364283067549695e+04
2.720739347070084274e-02 2.117930623610022667e+04
2.725756757428817595e-02 2.115489629215391687e+04
2.730783420569053710e-02 2.113041363959171576e+04
2.735819353554172495e-02 2.110585870936311403e+04
2.740864573479016852e-02 2.108123112082460284e+04
2.745919097469956549e-02 2.105653030339737961e+04
2.750982942684944421e-02 2.103175618740002028e+04
2.756056126313573273e-02 2.100690967262811682e+04
2.761138665577140758e-02 2.098199173875656197e+04
2.766230577728697945e-02 2.095700267551554134e+04
2.771331880053114899e-02 2.093194208388940024e+04
2.776442589867136879e-02 2.090680973763916700e+04
2.781562724519442281e-02 2.088160709527783547e+04
2.786692301390706825e-02 2.085633645565729603e+04
2.791831337893655243e-02 2.083099944339517970e+04
2.796979851473123391e-02 2.080559520845892985e+04
2.802137859606118261e-02 2.078012235021332162e+04
2.807305379801879400e-02 2.075458022762426117e+04
2.812482429601932676e-02 2.072896945296884223e+04
2.817669026580153432e-02 2.070329077746713301e+04
2.822865188342826501e-02 2.067754528361212579e+04
2.828070932528703105e-02 2.065173431005001112e+04
2.833286276809066778e-02 2.062585901024977284e+04
2.838511238887785407e-02 2.059991949616293641e+04
2.843745836501376800e-02 2.057391552545659579e+04
2.848990087419066633e-02 2.054784711708678515e+04
2.854244009442848465e-02 2.052171487050244832e+04
2.859507620407549314e-02 2.049551945534954211e+04
2.864780938180882044e-02 2.046926137701275729e+04
2.870063980663510594e-02 2.044294098308003959e+04
2.875356765789111382e-02 2.041655869690343752e+04
2.880659311524430208e-02 2.039011547989203609e+04
2.885971635869350946e-02 2.036361250585023299e+04
2.891293756856947589e-02 2.033705026261304738e+04
2.896625692553550860e-02 2.031042757383317439e+04
2.901967461058807540e-02 2.028374313037268439e+04
2.907319080505741879e-02 2.025699801218660286e+04
2.912680569060822205e-02 2.023019562217146449e+04
2.918051944924013666e-02 2.020333875717201590e+04
2.923433226328845877e-02 2.017642595396184697e+04
2.928824431542474335e-02 2.014945414918571259e+04
2.934225578865739051e-02 2.012242220218021612e+04
2.939636686633234630e-02 2.009533308764521644e+04
2.945057773213361971e-02 2.006819017944557709e+04
2.950488857008397997e-02 2.004099485134236602e+04
2.955929956454553947e-02 2.001374684683381201e+04
2.961381090022044069e-02 1.998644583731264356e+04
2.966842276215140781e-02 1.995909136889073852e+04
2.972313533572241290e-02 1.993168296752031893e+04
2.977794880665930732e-02 1.990422099199583681e+04
2.983286336103042891e-02 1.987670710961221994e+04
2.988787918524729234e-02 1.984914293367228311e+04
2.994299646606514084e-02 1.982152846195469465e+04
2.999821539058363309e-02 1.979386277610149773e+04
3.005353614624746081e-02 1.976614568696964488e+04
3.010895892084698364e-02 1.973837915615159727e+04
3.016448390251890224e-02 1.971056546206220446e+04
3.022011127974683423e-02 1.968270539354195716e+04
3.027584124136199761e-02 1.965479827527956149e+04
3.033167397654383882e-02 1.962684369741094270e+04
3.038760967482066061e-02 1.959884293999808142e+04
3.044364852607033683e-02 1.957079780935197414e+04
3.049979072052083975e-02 1.954270893344314027e+04
3.055603644875097558e-02 1.951457507694428932e+04
3.061238590169100202e-02 1.948639511813749414e+04
3.066883927062325627e-02 1.945817035665235380e+04
3.072539674718287664e-02 1.942990335116998176e+04
3.078205852335835768e-02 1.940159578630324540e+04
3.083882479149225794e-02 1.937324720880346649e+04
3.089569574428184875e-02 1.934485692648802069e+04
3.095267157477973527e-02 1.931642538758271621e+04
3.100975247639458851e-02 1.928795391419396401e+04
3.106693864289171089e-02 1.925944363901851466e+04
3.112423026839374399e-02 1.923089495080898632e+04
3.118162754738129996e-02 1.920230807512852334e+04
3.123913067469369018e-02 1.917368331248259710e+04
3.129673984552948374e-02 1.914502104201651673e+04
3.135445525544724998e-02 1.911632179862904741e+04
3.141227710036618298e-02 1.908758687476562045e+04
3.147020557656676765e-02 1.905881776930256456e+04
3.152824088069149794e-02 1.903001495470799273e+04
3.158638320974546665e-02 1.900117750944525687e+04
3.164463276109707318e-02 1.897230474779213910e+04
3.170298973247870356e-02 1.894339813742409024e+04
3.176145432198736879e-02 1.891445999216310156e+04
3.182002672808543348e-02 1.888549198434492064e+04
3.187870714960122642e-02 1.885649471467877447e+04
3.193749578572974146e-02 1.882746858945920394e+04
3.199639283603332440e-02 1.879841328017863998e+04
3.205539850044232530e-02 1.876932810935011003e+04
3.211451297925582704e-02 1.874021298956939791e+04
3.217373647314226981e-02 1.871106899713624807e+04
3.223306918314013808e-02 1.868189733818845707e+04
3.229251131065868224e-02 1.865269919611328442e+04
3.235206305747855005e-02 1.862347573798799567e+04
3.241172462575254987e-02 1.859422789841353006e+04
3.247149621800625441e-02 1.856495610304367437e+04
3.253137803713870152e-02 1.853566073236784723e+04
3.259137028642314360e-02 1.850634242855089906e+04
3.265147316950765127e-02 1.847700199091250397e+04
3.271168689041591138e-02 1.844763981305025663e+04
3.277201165354780288e-02 1.841825531652310383e+04
3.283244766368016015e-02 1.838884797507849726e+04
3.289299512596745301e-02 1.835941947975753646e+04
3.295365424594251524e-02 1.832997293887970955e+04
3.301442522951716918e-02 1.830051032021342689e+04
3.307530828298298198e-02 1.827103072786394478e+04
3.313630361301195260e-02 1.824153295601608988e+04
3.319741142665718486e-02 1.821201723227356342e+04
3.325863193135368545e-02 1.818248472015583320e+04
3.331996533491892593e-02 1.815293659266281975e+04
3.338141184555364765e-02 1.812337401460131150e+04
3.344297167184255570e-02 1.809379805113970360e+04
3.350464502275497802e-02 1.806420867251828531e+04
3.356643210764567037e-02 1.803460514753960524e+04
3.362833313625540610e-02 1.800498774898500778e+04
3.369034831871178109e-02 1.797535919295132044e+04
3.375247786552987989e-02 1.794572230450942516e+04
3.381472198761300424e-02 1.791607726363963229e+04
3.387708089625342256e-02 1.788642261621579746e+04
3.393955480313302214e-02 1.785675756192217523e+04
3.400214392032405858e-02 1.782708283840168224e+04
3.406484846028989821e-02 1.779739949849491677e+04
3.412766863588567734e-02 1.776770966518138084e+04
3.419060466035914181e-02 1.773801606971486399e+04
3.425365674735122296e-02 1.770831985175287627e+04
3.431682511089687027e-02 1.767861877119029668e+04
3.438010996542570363e-02 1.764891056449013558e+04
3.444351152576285297e-02 1.761919663371838760e+04
3.450703000712955493e-02 1.758948033957962616e+04
3.457066562514395092e-02 1.755976376080872433e+04
3.463441859582182952e-02 1.753004645966915632e+04
3.469828913557731348e-02 1.750032792665365196e+04
3.476227746122366458e-02 1.747060943856644008e+04
3.482638378997394979e-02 1.744089313403654887e+04
3.489060833944180456e-02 1.741118000429957465e+04
3.495495132764218221e-02 1.738146900359865685e+04
3.501941297299205474e-02 1.735175910551182096e+04
3.508399349431125941e-02 1.732205093095181292e+04
3.514869311082309544e-02 1.729234583733534237e+04
3.521351204215516367e-02 1.726264540700722500e+04
3.527845050834008123e-02 1.723295158470928072e+04
3.534350872981623093e-02 1.720326605649658450e+04
3.540868692742855928e-02 1.717358863910475338e+04
3.547398532242922176e-02 1.714391840593712186e+04
3.553940413647842245e-02 1.711425504681426173e+04
3.560494359164512179e-02 1.708459915947333866e+04
3.567060391040779987e-02 1.705495155494688152e+04
3.573638531565527521e-02 1.702531390073336661e+04
3.580228803068732923e-02 1.699568815334875762e+04
3.586831227921557369e-02 1.696607539973161329e+04
3.593445828536417225e-02 1.693647554968877375e+04
3.600072627367056910e-02 1.690688854875713878e+04
3.606711646908637020e-02 1.687731499762591193e+04
3.613362909697794695e-02 1.684775571641439092e+04
3.620026438312729661e-02 1.681821149022643658e+04
3.626702255373277783e-02 1.678868306078674141e+04
3.633390383540992946e-02 1.675917116977233309e+04
3.640090845519217133e-02 1.672967659145030120e+04
3.646803664053159533e-02 1.670020009860055507e+04
3.653528861929976335e-02 1.667074216760720446e+04
3.660266461978843588e-02 1.664130291443009992e+04
3.667016487071043246e-02 1.661188269861396111e+04
3.673778960120029080e-02 1.658248320792369486e+04
3.680553904081512034e-02 1.655310649019903576e+04
3.687341341953538632e-02 1.652375312716844201e+04
3.694141296776561750e-02 1.649442193816382132e+04
3.700953791633532219e-02 1.646511212106156381e+04
3.707778849649961961e-02 1.643582527078307612e+04
3.714616493994011420e-02 1.640656367773310558e+04
3.721466747876566589e-02 1.637732809509932122e+04
3.728329634551315330e-02 1.634811738402742412e+04
3.735205177314834812e-02 1.631893089176541253e+04
3.742093399506658119e-02 1.628977112472630688e+04
3.748994324509360987e-02 1.626064155379244585e+04
3.755907975748639521e-02 1.623154323699907945e+04
3.762834376693389993e-02 1.620247405177637484e+04
3.769773550855792105e-02 1.617343223240395128e+04
3.776725521791380463e-02 1.614441934318203857e+04
3.783690313099131314e-02 1.611543813302000490e+04
3.790667948421539563e-02 1.608649028991967316e+04
3.797658451444699962e-02 1.605757592314226167e+04
3.804661845898391070e-02 1.602869500881313252e+04
3.811678155556148806e-02 1.599984750104554223e+04
3.818707404235350406e-02 1.597103335219508881e+04
3.825749615797296305e-02 1.594225323879999087e+04
3.832804814147293404e-02 1.591350914558151453e+04
3.839873023234730010e-02 1.588480296745509077e+04
3.846954267053159793e-02 1.585613459042666545e+04
3.854048569640385752e-02 1.582750281905631527e+04
3.861155955078536539e-02 1.579890741964891276e+04
3.868276447494158055e-02 1.577035045286419154e+04
3.875410071058283529e-02 1.574183419869756108e+04
3.882556849986520953e-02 1.571335953230168889e+04
3.889716808539137038e-02 1.568492630068120343e+04
3.896889971021134935e-02 1.565653443362913458e+04
3.904076361782345822e-02 1.562818422719804221e+04
3.911276005217497603e-02 1.559987606814581159e+04
3.918488925766309972e-02 1.557161071125267517e+04
3.925715147913570735e-02 1.554338930616771177e+04
3.932954696189220473e-02 1.551521286366771892e+04
3.940207595168440657e-02 1.548708153224043599e+04
3.947473869471727903e-02 1.545899516451095587e+04
3.954753543764984169e-02 1.543095426602516454e+04
3.962046642759598641e-02 1.540296048681584580e+04
3.969353191212528914e-02 1.537501546371060431e+04
3.976673213926394668e-02 1.534711950765260917e+04
3.984006735749548445e-02 1.531927210484794705e+04
3.991353781576169324e-02 1.529147307394232121e+04
3.998714376346342719e-02 1.526372338234092604e+04
4.006088545046147809e-02 1.523602422191925143e+04
4.013476312707744270e-02 1.520837648322181485e+04
4.020877704409450693e-02 1.518078069626875185e+04
4.028292745275834780e-02 1.515323733588675350e+04
4.035721460477795924e-02 1.512574664132150792e+04
4.043163875232656107e-02 1.509830874086937547e+04
4.050620014804238306e-02 1.507092396516142071e+04
4.058089904502954620e-02 1.504359320705497885e+04
4.065573569685895089e-02 1.501631744676772541e+04
4.073071035756908875e-02 1.498909758518964009e+04
4.080582328166698636e-02 1.496193443502592527e+04
4.088107472412896154e-02 1.493482870297201771e+04
4.095646494040156710e-02 1.490778030268107796e+04
4.103199418640243040e-02 1.488078875930544018e+04
4.110766271852109299e-02 1.485385401127602199e+04
4.118347079361999591e-02 1.482697737004361807e+04
4.125941866903519439e-02 1.480016041151158606e+04
4.133550660257732934e-02 1.477340411520728412e+04
4.141173485253247383e-02 1.474670856776486835e+04
4.148810367766301438e-02 1.472007380818436104e+04
4.156461333720855994e-02 1.469350028013594238e+04
4.164126409088676067e-02 1.466698873242893751e+04
4.171805619889423083e-02 1.464053982219311183e+04
4.179498992190740919e-02 1.461415360644571774e+04
4.187206552108346108e-02 1.458782990789994619e+04
4.194928325806120128e-02 1.456156886630520421e+04
4.202664339496189200e-02 1.453537164765212037e+04
4.210414619439020040e-02 1.450923961191799390e+04
4.218179191943507295e-02 1.448317362716301432e+04
4.225958083367059581e-02 1.445717367568720510e+04
4.233751320115700101e-02 1.443123965713757570e+04
4.241558928644141580e-02 1.440537180702584919e+04
4.249380935455884106e-02 1.437957073835026677e+04
4.257217367103301869e-02 1.435383707106861038e+04
4.265068250187741689e-02 1.432817129950268463e+04
4.272933611359602118e-02 1.430257382325881554e+04
4.280813477318427818e-02 1.427704502686584237e+04
4.288707874813003917e-02 1.425158520836033858e+04
4.296616830641438595e-02 1.422619461915232932e+04
4.304540371651269237e-02 1.420087356377738615e+04
4.312478524739534608e-02 1.417562270067858117e+04
4.320431316852878234e-02 1.415044282272563942e+04
4.328398774987637920e-02 1.412533455428960588e+04
4.336380926189932483e-02 1.410029770170143638e+04
4.344377797555765836e-02 1.407533181816692922e+04
4.352389416231101232e-02 1.405043680158057578e+04
4.360415809411968130e-02 1.402561402735953016e+04
4.368457004344547534e-02 1.400086525894496481e+04
4.376513028325263593e-02 1.397619177288228093e+04
4.384583908700885602e-02 1.395159290080902065e+04
4.392669672868607794e-02 1.392706748419942232e+04
4.400770348276151350e-02 1.390261474626079507e+04
4.408885962421852517e-02 1.387823551152737855e+04
4.417016542854757671e-02 1.385393102357391763e+04
4.425162117174723936e-02 1.382970237535633714e+04
4.433322713032499668e-02 1.380554995387479539e+04
4.441498358129826463e-02 1.378147392760060575e+04
4.449689080219532133e-02 1.375747444248867941e+04
4.457894907105621612e-02 1.373355151087885861e+04
4.466115866643382420e-02 1.370970509215388302e+04
4.474351986739463077e-02 1.368593520525082204e+04
4.482603295351977185e-02 1.366224244750425169e+04
4.490869820490596409e-02 1.363862773495338661e+04
4.499151590216651786e-02 1.361509193609473914e+04
4.507448632643216990e-02 1.359163511925201965e+04
4.515760975935211030e-02 1.356825666409768201e+04
4.524088648309494698e-02 1.354495594071784944e+04
4.532431678034960776e-02 1.352173285376302374e+04
4.540790093432640201e-02 1.349858810343334153e+04
4.549163922875787414e-02 1.347552244977501323e+04
4.557553194789979584e-02 1.345253656086812771e+04
4.565957937653217918e-02 1.342963083673217443e+04
4.574378179996015786e-02 1.340680562400353847e+04
4.582813950401509739e-02 1.338406121694804642e+04
4.591265277505538617e-02 1.336139752595570644e+04
4.599732189996754567e-02 1.333881428385269101e+04
4.608214716616712558e-02 1.331631123071735783e+04
4.616712886159970303e-02 1.329388834139971186e+04
4.625226727474193028e-02 1.327154587116871335e+04
4.633756269460238830e-02 1.324928408961878631e+04
4.642301541072262755e-02 1.322710327577375756e+04
4.650862571317818800e-02 1.320500375128515043e+04
4.659439389257948733e-02 1.318298584577222755e+04
4.668032024007297276e-02 1.316104987020043336e+04
4.676640504734190518e-02 1.313919583432511354e+04
4.685264860660749708e-02 1.311742348158069763e+04
4.693905121062983549e-02 1.309573254723652826e+04
4.702561315270888109e-02 1.307412292994604468e+04
4.711233472668555772e-02 1.305259516025467747e+04
4.719921622694259189e-02 1.303114991846474186e+04
4.728625794840561614e-02 1.300978786485690944e+04
4.737346018654411961e-02 1.298850908764704764e+04
4.746082323737255831e-02 1.296731294719431753e+04
4.754834739745119471e-02 1.294619875990129367e+04
4.763603296388722180e-02 1.292516590013809582e+04
4.772388023433573462e-02 1.290421425125085625e+04
4.781188950700072243e-02 1.288334397268081557e+04
4.790006108063616513e-02 1.286255522514894801e+04
4.798839525454692834e-02 1.284184822392636124e+04
4.807689232858985279e-02 1.282122342479919098e+04
4.816555260317475357e-02 1.280068134564936190e+04
4.825437637926541928e-02 1.278022250000599161e+04
4.834336395838073619e-02 1.275984704916917144e+04
4.843251564259554859e-02 1.273955421967804432e+04
4.852183173454178988e-02 1.271934308796449477e+04
4.861131253740950953e-02 1.269921273811852916e+04
4.870095835494782366e-02 1.267916269189955528e+04
4.879076949146610165e-02 1.265919341882071421e+04
4.888074625183481264e-02 1.263930551001203821e+04
4.897088894148668436e-02 1.261949955158240300e+04
4.906119786641769537e-02 1.259977587162120835e+04
4.915167333318810200e-02 1.258013419874216379e+04
4.924231564892356250e-02 1.256057417716362215e+04
4.933312512131605293e-02 1.254109545297234945e+04
4.942410205862500516e-02 1.252169768141742315e+04
4.951524676967829913e-02 1.250238054466960421e+04
4.960655956387334531e-02 1.248314373192985295e+04
4.969804075117816022e-02 1.246398693399169679e+04
4.978969064213233792e-02 1.244490985963081403e+04
4.988150954784816710e-02 1.242591233799741894e+04
4.997349778001163728e-02 1.240699425138292463e+04
5.006565565088360453e-02 1.238815548273419517e+04
5.015798347330071433e-02 1.236939591159748852e+04
5.025048156067653260e-02 1.235071529770233792e+04
5.034315022700261433e-02 1.233211326059737439e+04
5.043598978684953049e-02 1.231358941376342227e+04
5.052900055536802687e-02 1.229514337274364152e+04
5.062218284828997467e-02 1.227677480810622001e+04
5.071553698192950849e-02 1.225848364907898213e+04
5.080906327318408106e-02 1.224026990285774446e+04
5.090276203953554568e-02 1.222213357638223715e+04
5.099663359905128729e-02 1.220407467348554928e+04
5.109067827038518694e-02 1.218609295295559059e+04
5.118489637277878757e-02 1.216818774555698838e+04
5.127928822606235559e-02 1.215035834233687456e+04
5.137385415065594957e-02 1.213260403828956078e+04
5.146859446757059281e-02 1.211492414127390475e+04
5.156350949840923098e-02 1.209731819096724030e+04
5.165859956536789088e-02 1.207978597035443090e+04
5.175386499123680456e-02 1.206232727502875423e+04
5.184930609940142238e-02 1.204494190157550838e+04
5.194492321384365507e-02 1.202762964112880218e+04
5.204071665914278277e-02 1.201039013395955772e+04
5.213668676047670397e-02 1.199322286831737983e+04
5.223283384362296944e-02 1.197612732834440067e+04
5.232915823495988550e-02 1.195910300095274943e+04
5.242566026146772834e-02 1.194214937547657428e+04
5.252234025072968771e-02 1.192526592198024809e+04
5.261919853093308813e-02 1.190845207780359306e+04
5.271623543087045061e-02 1.189170728005725505e+04
5.281345127994070687e-02 1.187503096885360719e+04
5.291084640815017781e-02 1.185842258728235720e+04
5.300842114611377387e-02 1.184188160102256006e+04
5.310617582505611223e-02 1.182540757637227762e+04
5.320411077681259232e-02 1.180900011227170035e+04
5.330222633383067260e-02 1.179265880974044012e+04
5.340052282917077953e-02 1.177638327185280650e+04
5.349900059650758433e-02 1.176017310182825531e+04
5.359765997013110628e-02 1.174402775840817230e+04
5.369650128494780211e-02 1.172794645507991117e+04
5.379552487648183584e-02 1.171192838548092186e+04
5.389473108087603631e-02 1.169597274749970893e+04
5.399412023489313928e-02 1.168007874323913529e+04
5.409369267591693231e-02 1.166424558154473743e+04
5.419344874195335116e-02 1.164847256912242847e+04
5.429338877163174953e-02 1.163275913461030723e+04
5.439351310420586366e-02 1.161710471714880805e+04
5.449382207955509594e-02 1.160150875873703262e+04
5.459431603818563905e-02 1.158597070420991258e+04
5.469499532123157232e-02 1.157049000075584263e+04
5.479586027045618007e-02 1.155506602779392233e+04
5.489691122825291619e-02 1.153969802217575852e+04
5.499814853764668082e-02 1.152438520662597875e+04
5.509957254229493756e-02 1.150912680782953430e+04
5.520118358648891388e-02 1.149392205639978602e+04
5.530298201515480155e-02 1.147877018684735049e+04
5.540496817385482525e-02 1.146367043240937346e+04
5.550714240878849154e-02 1.144862197992980327e+04
5.560950506679370603e-02 1.143362399193626152e+04
5.571205649534809179e-02 1.141867563484646234e+04
5.581479704256998159e-02 1.140377607926052224e+04
5.591772705721970160e-02 1.138892449992889851e+04
5.602084688870075102e-02 1.137412007572141010e+04
5.612415688706094002e-02 1.135936198710274402e+04
5.622765740299370124e-02 1.134464940202881735e+04
5.633134878783910976e-02 1.132998148581907844e+04
5.643523139358519458e-02 1.131535740790579621e+04
5.653930557286907660e-02 1.130077634182486872e+04
5.664357167897818290e-02 1.128623746518725420e+04
5.674803006585152354e-02 1.127173995965066024e+04
5.685268108808073234e-02 1.125728300618247886e+04
5.695752510091139920e-02 1.124286569617166242e+04
5.706256246024421497e-02 1.122848703944225053e+04
5.716779352263618580e-02 1.121414604749564933e+04
5.727321864530193762e-02 1.119984173669751362e+04
5.737883818611477088e-02 1.118557312824736618e+04
5.748465250360796502e-02 1.117133924814892998e+04
5.759066195697599977e-02 1.115713912718148094e+04
5.769686690607571389e-02 1.114297180001004563e+04
5.780326771142766523e-02 1.112883629867055242e+04
5.790986473421717851e-02 1.111473165621015323e+04
5.801665833629567753e-02 1.110065691037616489e+04
5.812364888018185793e-02 1.108661110362005820e+04
5.823083672906302632e-02 1.107259328307366195e+04
5.833822224679619667e-02 1.105860250052563788e+04
5.844580579790938091e-02 1.104463781239923264e+04
5.855358774760285184e-02 1.103069827739910761e+04
5.866156846175032274e-02 1.101678288579786567e+04
5.876974830690031432e-02 1.100289054708108051e+04
5.887812765027723022e-02 1.098902017119869924e+04
5.898670685978271711e-02 1.097517067346732620e+04
5.909548630399685809e-02 1.096134097454974471e+04
5.920446635217945647e-02 1.094753000043539396e+04
5.931364737427134021e-02 1.093373668242190433e+04
5.942302974089547218e-02 1.091995995709777708e+04
5.953261382335834490e-02 1.090619876470076633e+04
5.964239999365115313e-02 1.089245201386003646e+04
5.975238862445110544e-02 1.087871858206596880e+04
5.986258008912273554e-02 1.086499735084995154e+04
5.997297476171903341e-02 1.085128720734818853e+04
6.008357301698283304e-02 1.083758704428970123e+04
6.019437523034801979e-02 1.082389575998554756e+04
6.030538177794082799e-02 1.081021225831931042e+04
6.041659303658118707e-02 1.079653544873846113e+04
6.052800938378385259e-02 1.078286424624706706e+04
6.063963119775980792e-02 1.076919755970426559e+04
6.075145885741749241e-02 1.075553423220210971e+04
6.086349274236407120e-02 1.074187308587898951e+04
6.097573323290687158e-02 1.072821294891981233e+04
6.108818071005443773e-02 1.071455265560433327e+04
6.120083555551799476e-02 1.070089104630636757e+04
6.131369815171266308e-02 1.068722696749438182e+04
6.142676888175887390e-02 1.067355927173340024e+04
6.154004812948348641e-02 1.065988681768791866e+04
6.165353627942123799e-02 1.064620847012642662e+04
6.176723371681597935e-02 1.063252309901833360e+04
6.188114082762199292e-02 1.061882954727113975e+04
6.199525799850538060e-02 1.060512662220642051e+04
6.210958561684522955e-02 1.059141313499005628e+04
6.222412407073504848e-02 1.057768790333879042e+04
6.233887374898402362e-02 1.056394975153283667e+04
6.245383504111833711e-02 1.055019751042939606e+04
6.256900833738260337e-02 1.053643001747791823e+04
6.268439402874098620e-02 1.052264611673626132e+04
6.279999250687871848e-02 1.050884465888833984e+04
6.291580416420330946e-02 1.049502450126288932e+04
6.303182939384589789e-02 1.048118450785256573e+04
6.314806858966270919e-02 1.046732353220093137e+04
6.326452214623620729e-02 1.045344037424409544e+04
6.338119045887655179e-02 1.043953382775874161e+04
6.349807392362288860e-02 1.042560269376442375e+04
6.361517293724468225e-02 1.041164578055185666e+04
6.373248789724321461e-02 1.039766190371278935e+04
6.385001920185268132e-02 1.038364988617098061e+04
6.396776725004175990e-02 1.036960855821458063e+04
6.408573244151481718e-02 1.035553675752972049e+04
6.420391517671333870e-02 1.034143332923561320e+04
6.432231585681737196e-02 1.032729712592063152e+04
6.444093488374666445e-02 1.031312700767973365e+04
6.455977266016224569e-02 1.029892184032143996e+04
6.467882958946762073e-02 1.028468047360089076e+04
6.479810607581036608e-02 1.027040174859386934e+04
6.491760252408321219e-02 1.025608451394538133e+04
6.503731933992565328e-02 1.024172762625018731e+04
6.515725692972521021e-02 1.022732995009912520e+04
6.527741570061880438e-02 1.021289035812677866e+04
6.539779606049427041e-02 1.019840773105994049e+04
6.551839841799154962e-02 1.018388095776780392e+04
6.563922318250420274e-02 1.016930893531294896e+04
6.576027076418076989e-02 1.015469056900337091e+04
6.588154157392611676e-02 1.014002477244606780e+04
6.600303602340298892e-02 1.012531046760128447e+04
6.612475452503317752e-02 1.011054658483655476e+04
6.624669749199908753e-02 1.009573206020164253e+04
6.636886533824506995e-02 1.008086582973959048e+04
6.649125847847880966e-02 1.006594683650724073e+04
6.661387732817287965e-02 1.005097403227996620e+04
6.673672230356594848e-02 1.003594637761297963e+04
6.685979382166429286e-02 1.002086284190363403e+04
6.698309230024324101e-02 1.000572240345461796e+04
6.710661815784847717e-02 9.990524049538038525e+03
6.723037181379767913e-02 9.975266776460464826e+03
6.735435368818167012e-02 9.959949589629031834e+03
6.747856420186605642e-02 9.944571503618035422e+03
6.760300377649251791e-02 9.929131542236698806e+03
6.772767283448032083e-02 9.913628738597553820e+03
6.785257179902780267e-02 9.898062135185833540e+03
6.797770109411362116e-02 9.882430784170814150e+03
6.810306114449837800e-02 9.866733764874516055e+03
6.822865237572592334e-02 9.850970195386133128e+03
6.835447521412499339e-02 9.835139205912628313e+03
6.848053008681041776e-02 9.819239936065956499e+03
6.860681742168471542e-02 9.803271534932953728e+03
6.873333764743952412e-02 9.787233161145943086e+03
6.886009119355700203e-02 9.771123982953615268e+03
6.898707849031145145e-02 9.754943178292620360e+03
6.911429996877052617e-02 9.738689934859525238e+03
6.924175606079689682e-02 9.722363450183160239e+03
6.936944719904961087e-02 9.705962931697520617e+03
6.949737381698560534e-02 9.689487596814955396e+03
6.962553634886121945e-02 9.672936672999756411e+03
6.975393522973355465e-02 9.656309397842140243e+03
6.988257089546205669e-02 9.639605019132515736e+03
7.001144378270993118e-02 9.622822795311041773e+03
7.014055432894562847e-02 9.605962036056520446e+03
7.026990297244443961e-02 9.589022138190992337e+03
7.039949015228980089e-02 9.572002516719428968e+03
7.052931630837491750e-02 9.554902596310133958e+03
7.065938188140422072e-02 9.537721811359479034e+03
7.078968731289479732e-02 9.520459606056789198e+03
7.092023304517808269e-02 9.503115434449087843e+03
7.105101952140112365e-02 9.485688760505880055e+03
7.118204718552821608e-02 9.468179058183675807e+03
7.131331648234237597e-02 9.450585811490669585e+03
7.144482785744685205e-02 9.432908514550998007e+03
7.157658175726673566e-02 9.415146671669066563e+03
7.170857862905027913e-02 9.397299797393645349e+03
7.184081892087054722e-02 9.379367416581795624e+03
7.197330308162690204e-02 9.361349064462447132e+03
7.210603156104662681e-02 9.343244286699935401e+03
7.223900480968624416e-02 9.325052639457200712e+03
7.237222327893323703e-02 9.306773727986081212e+03
7.250568742100745034e-02 9.288407321880224117e+03
7.263939768896271465e-02 9.269953238370557301e+03
7.277335453668840048e-02 9.251411303578313891e+03
7.290755841891084776e-02 9.232781352554444311e+03
7.304200979119497561e-02 9.214063229318569938e+03
7.317670910994585054e-02 9.195256786897389247e+03
7.331165683241017139e-02 9.176361887362516427e+03
7.344685341667796241e-02 9.157378401867776120e+03
7.358229932168391940e-02 9.138306210686023405e+03
7.371799500720910281e-02 9.119145203244988807e+03
7.385394093388250591e-02 9.099895278163090552e+03
7.399013756318251200e-02 9.080556343284109971e+03
7.412658535743867072e-02 9.061128315711466712e+03
7.426328477983297482e-02 9.041611121841777276e+03
7.440023629440167818e-02 9.022004697397911514e+03
7.453744036603673906e-02 9.002308987460999560e+03
7.467489746048742993e-02 8.982523946502191393e+03
7.481260804436203060e-02 8.962649556534584917e+03
7.495057258512918819e-02 8.942686009066916085e+03
7.508879155111965187e-02 8.922633627426475869e+03
7.522726541152788271e-02 8.902492743217440875e+03
7.536599463641352470e-02 8.882263694426539587e+03
7.550497969670318110e-02 8.861946825416171123e+03
7.564422106419183001e-02 8.841542486916780035e+03
7.578371921154450352e-02 8.821051036018538070e+03
7.592347461229786987e-02 8.800472836162545718e+03
7.606348774086199582e-02 8.779808257131124265e+03
7.620375907252166514e-02 8.759057675037733134e+03
7.634428908343823816e-02 8.738221472316030486e+03
7.648507825065113674e-02 8.717300037708431773e+03
7.662612705207950958e-02 8.696293766253851572e+03
7.676743596652395307e-02 8.675203059274814223e+03
7.690900547366788520e-02 8.654028324364138825e+03
7.705083605407943292e-02 8.632769975370583779e+03
7.719292818921288934e-02 8.611428432384025655e+03
7.733528236141042067e-02 8.590004121720066905e+03
7.747789905390380094e-02 8.568497489562232658e+03
7.762077875081581368e-02 8.546909228633503517e+03
7.776392193716208379e-02 8.525240240584058483e+03
7.790732909885268731e-02 8.503491435135121719e+03
7.805100072269371969e-02 8.481663723338291675e+03
7.819493729638912760e-02 8.459758017513218874e+03
7.833913930854215224e-02 8.437775231185794837e+03
7.848360724865710569e-02 8.415716279026009943e+03
7.862834160714105014e-02 8.393582076786180551e+03
7.877334287530531054e-02 8.371373541239088809e+03
7.891861154536745915e-02 8.349091590116368025e+03
7.906414811045260616e-02 8.326737142046913505e+03
7.920995306459531482e-02 8.304311116495382521e+03
7.935602690274121129e-02 8.281814433700927111e+03
7.950237012074863607e-02 8.259248014615937791e+03
7.964898321539044812e-02 8.236612780844967347e+03
7.979586668435555141e-02 8.213909654583718293e+03
7.994302102625064355e-02 8.191139558558389581e+03
8.009044674060192270e-02 8.168303415964858686e+03
8.023814432785687789e-02 8.145402150408210218e+03
8.038611428938578773e-02 8.122436767107916239e+03
8.053435712748353847e-02 8.099408641470780822e+03
8.068287334537134481e-02 8.076319249681793735e+03
8.083166344719835972e-02 8.053170061700985570e+03
8.098072793804360348e-02 8.029962541155060535e+03
8.113006732391740694e-02 8.006698145239475707e+03
8.127968211176325730e-02 7.983378324622338368e+03
8.142957280945956056e-02 7.960004523349879491e+03
8.157973992582125133e-02 7.936578178754006331e+03
8.173018397060172191e-02 7.913100721361514843e+03
8.188090545449427937e-02 7.889573574805201133e+03
8.203190488913408851e-02 7.865998155736586341e+03
8.218318278709980940e-02 7.842375873740785210e+03
8.233473966191533211e-02 7.818708131252652493e+03
8.248657602805167799e-02 7.794996323475242207e+03
8.263869240092852619e-02 7.771241838299668416e+03
8.279108929691604557e-02 7.747446056226913242e+03
8.294376723333671264e-02 7.723610350291404757e+03
8.309672672846694919e-02 7.699736085986186481e+03
8.324996830153907901e-02 7.675824621850078074e+03
8.340349247274282674e-02 7.651877478102608620e+03
8.355729976322727459e-02 7.627896557589535405e+03
8.371139069510256936e-02 7.603883803724938844e+03
8.386576579144165711e-02 7.579841144228623307e+03
8.402042557628221220e-02 7.555770491039540502e+03
8.417537057462819161e-02 7.531673740233605713e+03
8.433060131245179170e-02 7.507552771945804125e+03
8.448611831669508576e-02 7.483409450296411705e+03
8.464192211527206411e-02 7.459245623321497078e+03
8.479801323707011895e-02 7.435063122907372417e+03
8.495439221195201507e-02 7.410863764729176182e+03
8.511105957075769390e-02 7.386649348193575861e+03
8.526801584530595279e-02 7.362421656385336064e+03
8.542526156839648499e-02 7.338182456017720142e+03
8.558279727381139235e-02 7.313933497387050011e+03
8.574062349631721147e-02 7.289676514330835744e+03
8.589874077166663457e-02 7.265413224189907851e+03
8.605714963660031358e-02 7.241145327774084762e+03
8.621585062884888628e-02 7.216874509331619265e+03
8.637484428713447515e-02 7.192602450173639227e+03
8.653413115117271348e-02 7.168331102753188134e+03
8.669371176167457727e-02 7.144062672586467670e+03
8.685358666034813380e-02 7.119799351623862094e+03
8.701375638990052619e-02 7.095543307211587489e+03
8.717422149403963871e-02 7.071296682091327057e+03
8.733498251747606744e-02 7.047061594406074619e+03
8.749604000592488273e-02 7.022840137712387332e+03
8.765739450610753047e-02 6.998634380998520101e+03
8.781904656575380275e-02 6.974446368708837326e+03
8.798099673360343376e-02 6.950278120773877163e+03
8.814324555940818151e-02 6.926131632646444814e+03
8.830579359393353478e-02 6.902008875343250111e+03
8.846864138896083640e-02 6.877911795492035708e+03
8.863178949728883760e-02 6.853842315384467838e+03
8.879523847273576576e-02 6.829802333034138428e+03
8.895898887014119794e-02 6.805793722239939598e+03
8.912304124536782335e-02 6.781818332654489495e+03
8.928739615530356666e-02 6.757877989857754983e+03
8.945205415786319780e-02 6.733974495691313678e+03
8.961701581199039979e-02 6.710109747353491912e+03
8.978228167765962831e-02 6.686285924357186559e+03
8.994785231587794361e-02 6.662505225425850767e+03
9.011372828868714768e-02 6.638769818910822323e+03
9.027991015916533857e-02 6.615081842927634170e+03
9.044639849142911692e-02 6.591443405499189794e+03
9.061319385063532073e-02 6.567856584705850764e+03
9.078029680298303761e-02 6.544323428842084468e+03
9.094770791571556157e-02 6.520845956579583799e+03
9.111542775712219711e-02 6.497426157136704205e+03
9.128345689654024375e-02 6.474065990454110761e+03
9.145179590435696670e-02 6.450767387376318766e+03
9.162044535201144257e-02 6.427532249839048745e+03
9.178940581199669657e-02 6.404362451062322179e+03
9.195867785786138171e-02 6.381259835749035119e+03
9.212826206421188824e-02 6.358226220288918739e+03
9.229815900671425877e-02 6.335263392967560321e+03
9.246836926209607566e-02 6.312373114180725679e+03
9.263889340814868145e-02 6.289557117004875181e+03
9.280973202372873321e-02 6.266817184927907874e+03
9.298088568876049231e-02 6.244155247977864747e+03
9.315235498423755922e-02 6.221573229403664300e+03
9.332414049222517716e-02 6.199073021742520723e+03
9.349624279586181419e-02 6.176656487099136029e+03
9.366866247936136980e-02 6.154325457430475581e+03
9.384140012801513164e-02 6.132081734835753196e+03
9.401445632819367682e-02 6.109927091851817750e+03
9.418783166734910617e-02 6.087863271753333720e+03
9.436152673401666802e-02 6.065891988858030345e+03
9.453554211781703409e-02 6.044014928836361833e+03
9.470987840945820080e-02 6.022233749025906945e+03
9.488453620073747374e-02 6.000550078749982276e+03
9.505951608454364654e-02 5.978965519640526509e+03
9.523481865485872166e-02 5.957481645964944619e+03
9.541044450676018640e-02 5.936100004956916564e+03
9.558639423642285859e-02 5.914822117150871236e+03
9.576266844112098220e-02 5.893649476720100211e+03
9.593926771923039221e-02 5.872583550951219877e+03
9.611619267023024937e-02 5.851625773472757828e+03
9.629344389470530230e-02 5.830777548400213163e+03
9.647102199434784420e-02 5.810040255016934680e+03
9.664892757195973905e-02 5.789415248168351354e+03
9.682716123145462817e-02 5.768903858616194157e+03
9.700572357785970656e-02 5.748507393395130748e+03
9.718461521731797115e-02 5.728227136172000428e+03
9.736383675709024688e-02 5.708064347607320087e+03
9.754338880555714353e-02 5.688020265719131203e+03
9.772327197222138717e-02 5.668096106248864999e+03
9.790348686770954101e-02 5.648293063029444966e+03
9.808403410377430909e-02 5.628612308355075584e+03
9.826491429329649308e-02 5.609054993353038299e+03
9.844612805028728209e-02 5.589622248357142780e+03
9.862767598989002904e-02 5.570315183282814360e+03
9.880955872838256826e-02 5.551134888003813103e+03
9.899177688317918611e-02 5.532082432730366236e+03
9.917433107283274429e-02 5.513158844691273771e+03
9.935722191703696970e-02 5.494364947550570832e+03
9.954045003662820301e-02 5.475701462396677016e+03
9.972401605358774401e-02 5.457169095629024014e+03
9.990792059104393330e-02 5.438768539785551184e+03
1.000921642732741645e-01 5.420500473855357086e+03
1.002767477257073131e-01 5.402365563591420141e+03
1.004616715749252626e-01 5.384364461823435704e+03
1.006469364486656942e-01 5.366497808770575830e+03
1.008325429758239467e-01 5.348766232354284512e+03
1.010184917864547782e-01 5.331170348511143857e+03
1.012047835117753092e-01 5.313710761505481059e+03
1.013914187841662568e-01 5.296388064242032669e+03
1.015783982371748911e-01 5.279202838578499723e+03
1.017657225055167702e-01 5.262155655637874588e+03
1.019533922250777103e-01 5.245247076120696875e+03
1.021414080329165336e-01 5.228477650617141080e+03
1.023297705672665120e-01 5.211847915635086792e+03
1.025184804675382116e-01 5.195358172427686441e+03
1.027075383743213388e-01 5.179008383433038944e+03
1.028969449293866550e-01 5.162798482533292372e+03
1.030867007756888221e-01 5.146728402233212364e+03
1.032768065573677757e-01 5.130798073810531605e+03
1.034672629197516680e-01 5.115007427465347973e+03
1.036580705093587129e-01 5.099356392469048842e+03
1.038492299738990876e-01 5.083844897312446847e+03
1.040407419622778329e-01 5.068472869853303564e+03
1.042326071245962410e-01 5.053240237463203812e+03
1.044248261121548255e-01 5.038146927173830591e+03
1.046173995774551391e-01 5.023192865822605199e+03
1.048103281742017584e-01 5.008377980197795296e+03
1.050036125573051704e-01 4.993702197183014505e+03
1.051972533828832157e-01 4.979165443901149956e+03
1.053912513082639890e-01 4.964767647857810516e+03
1.055856069919878099e-01 4.950508726863419724e+03
1.057803210938091099e-01 4.936388265560643049e+03
1.059753942746994165e-01 4.922405453543598014e+03
1.061708271968487549e-01 4.908559466070632880e+03
1.063666205236686452e-01 4.894849487847774071e+03
1.065627749197940177e-01 4.881274712957263546e+03
1.067592910510851562e-01 4.867834344786902875e+03
1.069561695846306254e-01 4.854527595960446888e+03
1.071534111887491592e-01 4.841353688268759470e+03
1.073510165329916582e-01 4.828311852602122599e+03
1.075489862881442021e-01 4.815401328883116548e+03
1.077473211262294367e-01 4.802621366000782473e+03
1.079460217205096412e-01 4.789971221745291587e+03
1.081450887454886989e-01 4.777450162743833971e+03
1.083445228769140123e-01 4.765057464397144940e+03
1.085443247917796256e-01 4.752792410817013661e+03
1.087444951683275846e-01 4.740654294764678525e+03
1.089450346860510316e-01 4.728642271381287173e+03
1.091459440256962177e-01 4.716754923715858240e+03
1.093472238692644177e-01 4.704990705682468615e+03
1.095488749000150669e-01 4.693348088088863733e+03
1.097508978024671900e-01 4.681825558355620160e+03
1.099532932624024545e-01 4.670421620240016637e+03
1.101560619668672525e-01 4.659134793564592655e+03
1.103592046041746016e-01 4.647963613950303625e+03
1.105627218639073372e-01 4.636906632554308999e+03
1.107666144369194999e-01 4.625962415812074141e+03
1.109708830153395415e-01 4.615129545183896880e+03
1.111755282925722677e-01 4.604406616905775991e+03
1.113805509633008506e-01 4.593792241744508829e+03
1.115859517234900483e-01 4.583285044756791649e+03
1.117917312703875926e-01 4.572883665052643664e+03
1.119978903025273947e-01 4.562586755552155410e+03
1.122044295197315300e-01 4.552392828257027759e+03
1.124113496231123194e-01 4.542299866876225678e+03
1.126186513150754798e-01 4.532305755142401722e+03
1.128263352993215951e-01 4.522408396723257283e+03
1.130344022808493221e-01 4.512605714837744017e+03
1.132428529659574301e-01 4.502895651882179664e+03
1.134516880622468415e-01 4.493276169065429713e+03
1.136609082786238512e-01 4.483745246053525989e+03
1.138705143253016389e-01 4.474300880623434750e+03
1.140805069138034339e-01 4.464941088325597775e+03
1.142908867569645964e-01 4.455663902155471987e+03
1.145016545689347548e-01 4.446467372233663809e+03
1.147128110651809418e-01 4.437349565494596391e+03
1.149243569624891631e-01 4.428308565383720634e+03
1.151362929789676026e-01 4.419342471562773426e+03
1.153486198340487878e-01 4.410449382115394656e+03
1.155613382484915463e-01 4.401627065289973871e+03
1.157744489443844338e-01 4.392872991239469229e+03
1.159879526451470938e-01 4.384184638883085427e+03
1.162018500755336442e-01 4.375559507332028261e+03
1.164161419616347448e-01 4.366995115549372713e+03
1.166308290308797069e-01 4.358489002024133697e+03
1.168459120120397959e-01 4.350038724459192053e+03
1.170613916352297307e-01 4.341641859472910255e+03
1.172772686319110552e-01 4.333296002314410543e+03
1.174935437348941930e-01 4.324998766592038010e+03
1.177102176783406534e-01 4.316747784015182333e+03
1.179272911977661403e-01 4.308540704149013436e+03
1.181447650300427865e-01 4.300375194182011910e+03
1.183626399134012630e-01 4.292248938706291483e+03
1.185809165874340959e-01 4.284159632543919543e+03
1.187995957930972346e-01 4.276104783389750992e+03
1.190186782727134240e-01 4.268081685486618881e+03
1.192381647699743696e-01 4.260087640474564068e+03
1.194580560299428607e-01 4.252119969856448733e+03
1.196783527990561563e-01 4.244176014828282860e+03
1.198990558251275818e-01 4.236253136126391837e+03
1.201201658573499004e-01 4.228348713890858562e+03
1.203416836462974648e-01 4.220460147545472864e+03
1.205636099439284376e-01 4.212584855693642567e+03
1.207859455035881907e-01 4.204720276030175228e+03
1.210086910800108606e-01 4.196863865268824156e+03
1.212318474293227755e-01 4.189013099085157592e+03
1.214554153090446897e-01 4.181165472074826539e+03
1.216793954780939352e-01 4.173318497726871101e+03
1.219037886967879042e-01 4.165469695208108533e+03
1.221285957268456041e-01 4.157616496503247618e+03
1.223538173313911404e-01 4.149756302253475951e+03
1.225794542749558957e-01 4.141886532996446476e+03
1.228055073234808059e-01 4.134004629550204299e+03
1.230319772443198151e-01 4.126108053080291938e+03
1.232588648062414305e-01 4.118194285182763451e+03
1.234861707794322749e-01 4.110260827982244336e+03
1.237138959354992934e-01 4.102305204245481946e+03
1.239420410474720013e-01 4.094324957509776596e+03
1.241706068898060095e-01 4.086317652226058726e+03
1.243995942383845643e-01 4.078280873916532983e+03
1.246290038705222120e-01 4.070212229346529966e+03
1.248588365649668797e-01 4.062109346710359659e+03
1.250890931019023045e-01 4.053969877733507474e+03
1.253197742629514611e-01 4.045791543741261194e+03
1.255508808311782132e-01 4.037572137791594287e+03
1.257824135910909358e-01 4.029309476799724052e+03
1.260143733286447076e-01 4.021001399390281222e+03
1.262467608312436429e-01 4.012645766149069004e+03
1.264795768877444437e-01 4.004240459885761538e+03
1.267128222884580380e-01 3.995783385907577212e+03
1.269464978251532150e-01 3.987272472303493032e+03
1.271806042910588741e-01 3.978705670238858147e+03
1.274151424808663280e-01 3.970080954260012732e+03
1.276501131907329945e-01 3.961396322608759874e+03
1.278855172182838951e-01 3.952649797546384889e+03
1.281213553626154300e-01 3.943839425686813684e+03
1.283576284242976540e-01 3.934963289411032747e+03
1.285943372053765521e-01 3.926019694920893471e+03
1.288314825093777316e-01 3.917007143820831971e+03
1.290690651413080592e-01 3.907924165601637924e+03
1.293070859076594081e-01 3.898769312215109494e+03
1.295455456164108510e-01 3.889541158380850902e+03
1.297844450770311020e-01 3.880238301897149995e+03
1.300237851004822365e-01 3.870859363955653862e+03
1.302635664992212172e-01 3.861402989459665150e+03
1.305037900872038081e-01 3.851867847345726204e+03
1.307444566798867391e-01 3.842252630908353694e+03
1.309855670942301209e-01 3.832556058127718188e+03
1.312271221487011641e-01 3.822776871999743889e+03
1.314691226632763166e-01 3.812913840868690841e+03
1.317115694594438724e-01 3.802965850721761853e+03
1.319544633602075245e-01 3.792932206373655845e+03
1.321978051900882245e-01 3.782812339178385173e+03
1.324415957751277906e-01 3.772605700743797115e+03
1.326858359428914336e-01 3.762311763131544012e+03
1.329305265224700328e-01 3.751930019056746005e+03
1.331756683444840217e-01 3.741459982085743377e+03
1.334212622410850535e-01 3.730901186832073563e+03
1.336673090459597757e-01 3.720253189150157141e+03
1.339138095943322726e-01 3.709515566326960652e+03
1.341607647229664801e-01 3.698687917271101924e+03
1.344081752701700161e-01 3.687769862699516580e+03
1.346560420757958731e-01 3.676761045321408801e+03
1.349043659812462492e-01 3.665661179974613333e+03
1.351531478294750177e-01 3.654470468419383906e+03
1.354023884649901976e-01 3.643189381453368696e+03
1.356520887338576453e-01 3.631818405461389375e+03
1.359022494837030248e-01 3.620358039819542228e+03
1.361528715637155273e-01 3.608808796869117032e+03
1.364039558246503137e-01 3.597171201887723328e+03
1.366555031188310676e-01 3.585445793057393530e+03
1.369075143001538819e-01 3.573633121429718358e+03
1.371599902240888680e-01 3.561733750888089162e+03
1.374129317476842915e-01 3.549748258106816593e+03
1.376663397295688762e-01 3.537677232507403005e+03
1.379202150299543017e-01 3.525521276211686200e+03
1.381745585106392005e-01 3.513281075000937562e+03
1.384293710350109896e-01 3.500957854141468488e+03
1.386846534680495624e-01 3.488553080640534517e+03
1.389404066763300361e-01 3.476068223110054078e+03
1.391966315280252220e-01 3.463504750339061047e+03
1.394533288929094283e-01 3.450864131043860652e+03
1.397104996423604861e-01 3.438147833620440906e+03
1.399681446493634684e-01 3.425357325898906765e+03
1.402262647885134939e-01 3.412494074900267151e+03
1.404848609360179745e-01 3.399559546595539814e+03
1.407439339697008351e-01 3.386555205667028076e+03
1.410034847690042337e-01 3.373482515272111868e+03
1.412635142149925860e-01 3.360342937476856605e+03
1.415240231903550638e-01 3.347138160223385057e+03
1.417850125794082317e-01 3.333870423105732243e+03
1.420464832681000156e-01 3.320542034397911266e+03
1.423084361440115908e-01 3.307155285632703908e+03
1.425708720963614062e-01 3.293712451235218850e+03
1.428337920160076824e-01 3.280215788168613017e+03
1.430971967954511315e-01 3.266667535591991509e+03
1.433610873288388987e-01 3.253069914530341975e+03
1.436254645119665052e-01 3.239425127556572079e+03
1.438903292422818447e-01 3.225735358485314919e+03
1.441556824188878483e-01 3.212002772078703856e+03
1.444215249425450653e-01 3.198229513763846626e+03
1.446878577156757717e-01 3.184417783359645910e+03
1.449546816423658291e-01 3.170570267101579702e+03
1.452219976283687930e-01 3.156689833793546313e+03
1.454898065811085772e-01 3.142779318637360120e+03
1.457581094096820074e-01 3.128841522186140992e+03
1.460269070248629286e-01 3.114879210074816910e+03
1.462962003391047316e-01 3.100895112773324854e+03
1.465659902665430447e-01 3.086891925362106122e+03
1.468362777229998695e-01 3.072872307329521846e+03
1.471070636259855513e-01 3.058838882390831259e+03
1.473783488947028597e-01 3.044794238328296615e+03
1.476501344500497082e-01 3.030740926852115990e+03
1.479224212146218742e-01 3.016681509881557758e+03
1.481952101127170240e-01 3.002618910744198274e+03
1.484685020703368219e-01 2.988556210895269487e+03
1.487422980151910656e-01 2.974496444841415268e+03
1.490165988767003236e-01 2.960442598456892483e+03
1.492914055859987099e-01 2.946397608986639170e+03
1.495667190759381038e-01 2.932364365078156425e+03
1.498425402810900364e-01 2.918345706841767878e+03
1.501188701377500212e-01 2.904344425938179029e+03
1.503957095839401903e-01 2.890363265692898949e+03
1.506730595594120981e-01 2.876404921236628525e+03
1.509509210056508843e-01 2.862472039670924914e+03
1.512292948658773284e-01 2.848567280888388723e+03
1.515081820850521233e-01 2.834693540188766747e+03
1.517875836098785403e-01 2.820853741961674132e+03
1.520675003888052879e-01 2.807050755171338551e+03
1.523479333720307305e-01 2.793287393688625798e+03
1.526288835115049147e-01 2.779566416663463770e+03
1.529103517609338991e-01 2.765890528924817772e+03
1.531923390757824466e-01 2.752262381407558678e+03
1.534748464132769108e-01 2.738684571605022484e+03
1.537578747324095385e-01 2.725159644046524591e+03
1.540414249939403846e-01 2.711690090798898382e+03
1.543254981604018361e-01 2.698278353483513456e+03
1.546100951961012493e-01 2.684926883609419292e+03
1.548952170671238637e-01 2.671638161988978482e+03
1.551808647413371323e-01 2.658414621990259093e+03
1.554670391883927194e-01 2.645258644441889373e+03
1.557537413797309978e-01 2.632172558300818764e+03
1.560409722885837402e-01 2.619158641340600752e+03
1.563287328899770623e-01 2.606219120859233954e+03
1.566170241607357794e-01 2.593356174405608726e+03
1.569058470794854332e-01 2.580571930523948595e+03
1.571952026266568436e-01 2.567868469515178276e+03
1.574850917844888010e-01 2.555247824201589538e+03
1.577755155370310081e-01 2.542711943016774512e+03
1.580664748701485767e-01 2.530262609320844149e+03
1.583579707715239981e-01 2.517901540706273863e+03
1.586500042306616676e-01 2.505630414034564183e+03
1.589425762388907704e-01 2.493450866216595841e+03
1.592356877893681688e-01 2.481364495002439980e+03
1.595293398770828708e-01 2.469372859780123235e+03
1.598235334988581113e-01 2.457477482382891139e+03
1.601182696533559324e-01 2.445679847904318194e+03
1.604135493410799862e-01 2.433981405520891258e+03
1.607093735643785881e-01 2.422383569321578761e+03
1.610057433274490468e-01 2.410887642302985114e+03
1.613026596363400234e-01 2.399494581719648977e+03
1.616001234989558888e-01 2.388205239501939104e+03
1.618981359250597218e-01 2.377020444524414415e+03
1.621966979262762509e-01 2.365941003253333747e+03
1.624958105160962951e-01 2.354967700394797248e+03
1.627954747098796784e-01 2.344101299543396635e+03
1.630956915248581718e-01 2.333342543831265630e+03
1.633964619801401286e-01 2.322692156577264086e+03
1.636977870967126492e-01 2.312150841936316283e+03
1.639996678974461053e-01 2.301719285278640200e+03
1.643021054070972486e-01 2.291397977314901709e+03
1.646051006523120419e-01 2.281186914888898627e+03
1.649086546616304605e-01 2.271086009203262165e+03
1.652127684654885464e-01 2.261095168206482867e+03
1.655174430962230991e-01 2.251214296879421909e+03
1.658226795880747007e-01 2.241443297519752377e+03
1.661284789771907133e-01 2.231782070024404220e+03
1.664348423016299428e-01 2.222230512169897793e+03
1.667417706013648582e-01 2.212788519890796124e+03
1.670492649182863110e-01 2.203455987556216769e+03
1.673573262962064767e-01 2.194232791822414583e+03
1.676659557808620193e-01 2.185118396301845678e+03
1.679751544199187263e-01 2.176111839259309818e+03
1.682849232629737291e-01 2.167212151973437358e+03
1.685952633615602769e-01 2.158418379331367305e+03
1.689061757691508459e-01 2.149729579666162408e+03
1.692176615411600527e-01 2.141144824596878607e+03
1.695297217349495955e-01 2.132663198871042368e+03
1.698423574098303357e-01 2.124283800209789206e+03
1.701555696270672657e-01 2.116005739155386436e+03
1.704693594498823961e-01 2.107828138913408111e+03
1.707837279434579747e-01 2.099749961795535455e+03
1.710986761749413165e-01 2.091769566441982988e+03
1.714142052134469685e-01 2.083885197689645338e+03
1.717303161300615666e-01 2.076095126053277454e+03
1.720470099978470557e-01 2.068397647173272162e+03
1.723642878918436594e-01 2.060791081276616296e+03
1.726821508890748480e-01 2.053273772650627961e+03
1.730006000685495315e-01 2.045844089129358736e+03
1.733196365112670279e-01 2.038500421592206067e+03
1.736392613002201712e-01 2.031241183474547370e+03
1.739594755203984211e-01 2.024064746386778779e+03
1.742802802587928024e-01 2.016969018681909574e+03
1.746016766043982371e-01 2.009951714490331824e+03
1.749236656482183461e-01 2.003010577971575003e+03
1.752462484832688350e-01 1.996143383797934575e+03
1.755694262045804088e-01 1.989347936461751942e+03
1.758931999092039900e-01 1.982622069606521109e+03
1.762175706962127997e-01 1.975963645381319111e+03
1.765425396667074931e-01 1.969370553817990867e+03
1.768681079238192955e-01 1.962840712230670306e+03
1.771942765727131941e-01 1.956372003317522058e+03
1.775210467205929621e-01 1.949961774033373786e+03
1.778484194767035731e-01 1.943607102758243855e+03
1.781763959523360030e-01 1.937305101911050315e+03
1.785049772608306995e-01 1.931052920176575753e+03
1.788341645175806627e-01 1.924847741814167875e+03
1.791639588400364136e-01 1.918686786007477167e+03
1.794943613477091859e-01 1.912567306254654568e+03
1.798253731621742013e-01 1.906486589797901843e+03
1.801569954070757207e-01 1.900441957091701624e+03
1.804892292081294314e-01 1.894430822392883101e+03
1.808220756931275819e-01 1.888451004663320191e+03
1.811555359919421737e-01 1.882500490125579745e+03
1.814896112365283476e-01 1.876577289543289226e+03
1.818243025609293795e-01 1.870679437670335801e+03
1.821596111012792063e-01 1.864804992989438915e+03
1.824955379958075052e-01 1.858952037470978667e+03
1.828320843848429411e-01 1.853118676351756903e+03
1.831692514108165803e-01 1.847303037933133965e+03
1.835070402182670257e-01 1.841503272450352597e+03
1.838454519538428311e-01 1.835717206920235412e+03
1.841844877663076918e-01 1.829941838183321352e+03
1.845241488065437196e-01 1.824174070179886940e+03
1.848644362275549125e-01 1.818410845941780508e+03
1.852053511844722888e-01 1.812649147488218432e+03
1.855468948345563307e-01 1.806885995772173146e+03
1.858890683372022290e-01 1.801118450676166958e+03
1.862318728539432422e-01 1.795343611056309101e+03
1.865753095484541380e-01 1.789558614833487127e+03
1.869193795865563279e-01 1.783760643160545897e+03
1.872640841362205044e-01 1.777946969119632058e+03
1.876094243675717199e-01 1.772114941502205738e+03
1.879554014528929673e-01 1.766261948503130952e+03
1.883020165666284829e-01 1.760385417243801385e+03
1.886492708853891032e-01 1.754482814105278976e+03
1.889971655879547630e-01 1.748551645097716573e+03
1.893457018552797133e-01 1.742589456264828868e+03
1.896948808704961853e-01 1.736593834122232920e+03
1.900447038189175542e-01 1.730562408187724259e+03
1.903951718880438904e-01 1.724493051864959170e+03
1.907462862675644300e-01 1.718384047041164195e+03
1.910980481493629313e-01 1.712233749235581627e+03
1.914504587275210890e-01 1.706040548141668069e+03
1.918035191983221144e-01 1.699802868071743887e+03
1.921572307602561203e-01 1.693519168413953821e+03
1.925115946140225631e-01 1.687187944100937329e+03
1.928666119625357944e-01 1.680807726089168227e+03
1.932222840109284467e-01 1.674377081871786004e+03
1.935786119665550420e-01 1.667894709255877842e+03
1.939355970389973760e-01 1.661359646113522103e+03
1.942932404400670721e-01 1.654771023849401672e+03
1.946515433838111875e-01 1.648128004978658510e+03
1.950105070865155166e-01 1.641429783494371577e+03
1.953701327667083376e-01 1.634675585234252594e+03
1.957304216451658530e-01 1.627864668245943903e+03
1.960913749449146870e-01 1.620996323150375474e+03
1.964529938912375484e-01 1.614069873503122835e+03
1.968152797116766994e-01 1.607084808566428137e+03
1.971782336360375643e-01 1.600041150579073701e+03
1.975418568963943078e-01 1.592939063268125892e+03
1.979061507270923892e-01 1.585778731050105762e+03
1.982711163647541408e-01 1.578560359089113490e+03
1.986367550482824873e-01 1.571284173347811475e+03
1.990030680188643319e-01 1.563950420631074621e+03
1.993700565199761909e-01 1.556559368622074771e+03
1.997377217973876906e-01 1.549111306112921966e+03
2.001060650991651757e-01 1.541606727994684434e+03
2.004750876756774824e-01 1.534046671480790792e+03
2.008447907795984366e-01 1.526432273028251529e+03
2.012151756659125712e-01 1.518764673798222930e+03
2.015862435919187901e-01 1.511045019368020576e+03
2.019579958172340040e-01 1.503274459443020532e+03
2.023304336037988760e-01 1.495454147568412736e+03
2.027035582158803750e-01 1.487585240841077621e+03
2.030773709200776600e-01 1.479668905538314448e+03
2.034518729853255770e-01 1.471706612925220497e+03
2.038270656828985172e-01 1.463700269003135872e+03
2.042029502864159962e-01 1.455651800289140283e+03
2.045795280718455678e-01 1.447563117992197022e+03
2.049568003175083197e-01 1.439436117525471900e+03
2.053347683040828708e-01 1.431272678035641093e+03
2.057134333146088678e-01 1.423074661949054871e+03
2.060927966344928974e-01 1.414843914534662190e+03
2.064728595515112064e-01 1.406582306443780453e+03
2.068536233558155024e-01 1.398292078597783075e+03
2.072350893399366734e-01 1.389975650152442540e+03
2.076172587987886176e-01 1.381635408139766241e+03
2.080001330296740447e-01 1.373273705030108431e+03
2.083837133322872237e-01 1.364892858315619378e+03
2.087680010087198945e-01 1.356495150127726902e+03
2.091529973634649597e-01 1.348082826888174850e+03
2.095387037034204814e-01 1.339658100214895285e+03
2.099251213378952874e-01 1.331223290196178596e+03
2.103122515786120805e-01 1.322780954989178326e+03
2.107000957397130447e-01 1.314333636766072686e+03
2.110886551377638976e-01 1.305883829082912143e+03
2.114779310917576649e-01 1.297433976724511240e+03
2.118679249231205375e-01 1.288986475593108935e+03
2.122586379557148129e-01 1.280543672639626266e+03
2.126500715158447796e-01 1.272107865836181645e+03
2.130422269322606588e-01 1.263681335244506272e+03
2.134351055361623228e-01 1.255266479428677712e+03
2.138287086612055410e-01 1.246865699490936095e+03
2.142230376435045602e-01 1.238481341052690823e+03
2.146180938216382950e-01 1.230115694409620573e+03
2.150138785366541572e-01 1.221770994776249609e+03
2.154103931320720255e-01 1.213449422571425430e+03
2.158076389538902407e-01 1.205153103743099791e+03
2.162056173505884915e-01 1.196884114982403844e+03
2.166043296731338663e-01 1.188644534527753649e+03
2.170037772749848493e-01 1.180436420878506851e+03
2.174039615120952618e-01 1.172261777674377754e+03
2.178048837429202855e-01 1.164122553637678720e+03
2.182065453284194601e-01 1.156020643134625288e+03
2.186089476320627611e-01 1.147957886768157778e+03
2.190120920198345422e-01 1.139936072000853073e+03
2.194159798602376699e-01 1.131956931519585851e+03
2.198206125242994635e-01 1.124022107097349362e+03
2.202259913855747764e-01 1.116133157746872257e+03
2.206321178201521849e-01 1.108291593148091351e+03
2.210389932066579022e-01 1.100498875415633393e+03
2.214466189262598583e-01 1.092756419835189490e+03
2.218549963626736954e-01 1.085065595617848885e+03
2.222641269021669030e-01 1.077427726671405026e+03
2.226740119335626489e-01 1.069844087178708378e+03
2.230846528482462454e-01 1.062315823745371290e+03
2.234960510401679812e-01 1.054843974830806474e+03
2.239082079058494490e-01 1.047429539239091355e+03
2.243211248443876260e-01 1.040073478870675899e+03
2.247348032574589538e-01 1.032776719479398480e+03
2.251492445493256112e-01 1.025540151436016231e+03
2.255644501268385949e-01 1.018364630497616872e+03
2.259804213994439093e-01 1.011250958740295687e+03
2.263971597791868406e-01 1.004199709217296004e+03
2.268146666807159539e-01 9.972113166297401676e+02
2.272329435212895876e-01 9.902861918477036625e+02
2.276519917207786847e-01 9.834247238490875134e+02
2.280718127016733987e-01 9.766272802936439348e+02
2.284924078890871180e-01 9.698942080953084997e+02
2.289137787107606292e-01 9.632258339925887185e+02
2.293359265970685568e-01 9.566224032924372978e+02
2.297588529810224989e-01 9.500838608507797289e+02
2.301825592982773283e-01 9.436100614276526812e+02
2.306070469871354944e-01 9.372008531839666148e+02
2.310323174885511865e-01 9.308560779535056326e+02
2.314583722461368009e-01 9.245755715038571907e+02
2.318852127061660218e-01 9.183591637939817929e+02
2.323128403175803991e-01 9.122066764978162610e+02
2.327412565319935123e-01 9.061177241408098553e+02
2.331704628036951610e-01 9.000915860213062842e+02
2.336004605896580544e-01 8.941275190647268118e+02
2.340312513495407809e-01 8.882247902850515402e+02
2.344628365456944141e-01 8.823826766339692540e+02
2.348952176431668981e-01 8.766004648524885852e+02
2.353283961097071275e-01 8.708774513249900338e+02
2.357623734157716644e-01 8.652128958220898767e+02
2.361971510345279024e-01 8.596056869593729743e+02
2.366327304418606448e-01 8.540545452795465735e+02
2.370691131163764065e-01 8.485582146502242722e+02
2.375063005394077442e-01 8.431154631281543743e+02
2.379442941950199453e-01 8.377250824517159344e+02
2.383830955700141918e-01 8.323858875484220334e+02
2.388227061539341944e-01 8.270967126548001715e+02
2.392631274390706053e-01 8.218561986042733452e+02
2.397043609204653758e-01 8.166626736951587873e+02
2.401464080959183900e-01 8.115144716170210586e+02
2.405892704659908232e-01 8.064099614305893056e+02
2.410329495340117201e-01 8.013475468574075649e+02
2.414774468060825185e-01 7.963256656000573912e+02
2.419227637910813800e-01 7.913427886919414505e+02
2.423689020006699890e-01 7.863973436540271678e+02
2.428158629492967735e-01 7.814874771457989482e+02
2.432636481542037599e-01 7.766112958029568745e+02
2.437122591354309586e-01 7.717669488625693930e+02
2.441616974158207776e-01 7.669526274692627794e+02
2.446119645210249882e-01 7.621665640238037440e+02
2.450630619795078347e-01 7.574070315727539082e+02
2.455149913225530001e-01 7.526723229136399596e+02
2.459677540842681309e-01 7.479605935245382398e+02
2.464213518015891669e-01 7.432699514556524036e+02
2.468757860142870852e-01 7.385985497696674429e+02
2.473310582649724532e-01 7.339445868400680411e+02
2.477871700990998960e-01 7.293063059036632012e+02
2.482441230649750363e-01 7.246819946559681966e+02
2.487019187137577136e-01 7.200699817502803626e+02
2.491605585994692007e-01 7.154685935529864764e+02
2.496200442789965057e-01 7.108761661453623901e+02
2.500803773120969797e-01 7.062910801232525273e+02
2.505415592614054221e-01 7.017117612771229460e+02
2.510035916924374111e-01 6.971366804039100771e+02
2.514664761735960763e-01 6.925643531524253831e+02
2.519302142761771779e-01 6.879933422623711294e+02
2.523948075743731589e-01 6.834222979852972912e+02
2.528602576452806394e-01 6.788499512621368694e+02
2.533265660689035248e-01 6.742750765967687130e+02
2.537937344281603336e-01 6.696964907491320673e+02
2.542617643088885826e-01 6.651130527336764544e+02
2.547306572998495611e-01 6.605236638354622301e+02
2.552004149927354915e-01 6.559272748479127131e+02
2.556710389821728047e-01 6.513229902415524748e+02
2.561425308657295230e-01 6.467100411079122750e+02
2.566148922439197011e-01 6.420876975059983351e+02
2.570881247202081998e-01 6.374552660639698161e+02
2.575622299010179583e-01 6.328120900262089208e+02
2.580372093957333246e-01 6.281575493021418879e+02
2.585130648167072720e-01 6.234910765238303156e+02
2.589897977792662842e-01 6.188122954419577582e+02
2.594674099017149071e-01 6.141209481043720189e+02
2.599459028053430765e-01 6.094168065081750001e+02
2.604252781144295592e-01 6.046996715846072448e+02
2.609055374562493368e-01 5.999693731735648043e+02
2.613866824610782680e-01 5.952257699898310648e+02
2.618687147621978628e-01 5.904687895606980419e+02
2.623516359959027211e-01 5.856985830519172396e+02
2.628354478015038631e-01 5.809153826790578705e+02
2.633201518213363346e-01 5.761194395731482700e+02
2.638057497007637586e-01 5.713110236127580492e+02
2.642922430881832763e-01 5.664904232634079335e+02
2.647796336350329849e-01 5.616579460407273245e+02
2.652679229957952689e-01 5.568140154611419348e+02
2.657571128280045714e-01 5.519592707660403903e+02
2.662472047922519458e-01 5.470943832800264772e+02
2.667382005521899968e-01 5.422200304726241029e+02
2.672301017745404850e-01 5.373368956813392288e+02
2.677229101290977131e-01 5.324456678301376087e+02
2.682166272887360203e-01 5.275470533258038586e+02
2.687112549294148889e-01 5.226419405528274638e+02
2.692067947301836073e-01 5.177313491960882175e+02
2.697032483731889863e-01 5.128162944561770473e+02
2.702006175436788005e-01 5.078977832810607538e+02
2.706989039300095601e-01 5.029768140489281336e+02
2.711981092236512292e-01 4.980543762726110231e+02
2.716982351191923328e-01 4.931315192241009981e+02
2.721992833143474511e-01 4.882095063122457645e+02
2.727012555099609936e-01 4.832896256991019186e+02
2.732041534100146385e-01 4.783731417560289856e+02
2.737079787216326054e-01 4.734612948274437372e+02
2.742127331550862634e-01 4.685553010172040445e+02
2.747184184238020133e-01 4.636563647724748876e+02
2.752250362443657838e-01 4.587658554128004766e+02
2.757325883365285280e-01 4.538852540447991828e+02
2.762410764232136051e-01 4.490160058138527575e+02
2.767505022305206119e-01 4.441595160161322156e+02
2.772608674877331536e-01 4.393171501305909032e+02
2.777721739273238399e-01 4.344902342842105440e+02
2.782844232849594479e-01 4.296801273340059879e+02
2.787976172995085267e-01 4.248883002425698692e+02
2.793117577130452833e-01 4.201161944668263573e+02
2.798268462708574100e-01 4.153652013794160780e+02
2.803428847214511910e-01 4.106366626422333184e+02
2.808598748165563874e-01 4.059318706229174722e+02
2.813778183111344533e-01 4.012520861558824663e+02
2.818967169633820880e-01 3.965986141344271800e+02
2.824165725347390632e-01 3.919727377280274254e+02
2.829373867898937189e-01 3.873756863645653539e+02
2.834591614967876261e-01 3.828086364132543054e+02
2.839818984266239132e-01 3.782727119311615525e+02
2.845055993538709860e-01 3.737689871331251084e+02
2.850302660562702983e-01 3.692985055514565147e+02
2.855559003148418484e-01 3.648622729687546666e+02
2.860825039138891746e-01 3.604612447386687109e+02
2.866100786410074042e-01 3.560963264731294657e+02
2.871386262870871398e-01 3.517683749982377890e+02
2.876681486463224524e-01 3.474781964034731345e+02
2.881986475162162109e-01 3.432264792273895750e+02
2.887301246975851887e-01 3.390137973450321169e+02
2.892625819945682797e-01 3.348406836577784134e+02
2.897960212146302728e-01 3.307076344365658542e+02
2.903304441685701787e-01 3.266151101932746315e+02
2.908658526705261149e-01 3.225635343912630901e+02
2.914022485379810790e-01 3.185532061735988805e+02
2.919396335917708307e-01 3.145842758402258710e+02
2.924780096560877785e-01 3.106568635673762628e+02
2.930173785584892499e-01 3.067710688157256413e+02
2.935577421299029877e-01 3.029269709172529588e+02
2.940991022046322012e-01 2.991246276745309274e+02
2.946414606203640041e-01 2.953639757525406822e+02
2.951848192181732999e-01 2.916447902494168716e+02
2.957291798425310536e-01 2.879668293121098372e+02
2.962745443413096202e-01 2.843298466518749024e+02
2.968209145657883519e-01 2.807335917321900070e+02
2.973682923706615910e-01 2.771778074965145606e+02
2.979166796140430007e-01 2.736621310342965785e+02
2.984660781574735577e-01 2.701860654638415440e+02
2.990164898659273263e-01 2.667491130103367709e+02
2.995679166078166755e-01 2.633507847357101355e+02
3.001203602550007732e-01 2.599906003573826183e+02
3.006738226827895266e-01 2.566680831615400962e+02
3.012283057699521316e-01 2.533826453736246265e+02
3.017838113987224569e-01 2.501335909988183630e+02
3.023403414548045398e-01 2.469202388755113020e+02
3.028978978273808020e-01 2.437419280980454346e+02
3.034564824091176560e-01 2.405980175134760657e+02
3.040160970961708342e-01 2.374878779105074500e+02
3.045767437881941042e-01 2.344108089669406354e+02
3.051384243883432656e-01 2.313660731736210607e+02
3.057011408032846433e-01 2.283529578299453817e+02
3.062648949432008050e-01 2.253707755959690076e+02
3.068296887217958346e-01 2.224188638599464412e+02
3.073955240563044367e-01 2.194965620889448417e+02
3.079624028674955993e-01 2.166031058976807628e+02
3.085303270796812547e-01 2.137377153377761658e+02
3.090992986207222737e-01 2.108996429720160393e+02
3.096693194220337397e-01 2.080881731557316527e+02
3.102403914185936640e-01 2.053026211972868680e+02
3.108125165489473152e-01 2.025423035267504019e+02
3.113856967552157129e-01 1.998064949854974941e+02
3.119599339831015672e-01 1.970944936067131152e+02
3.125352301818946632e-01 1.944056315878628425e+02
3.131115873044807985e-01 1.917392745020233065e+02
3.136890073073459462e-01 1.890948176767504947e+02
3.142674921505850261e-01 1.864716237859761065e+02
3.148470437979076775e-01 1.838690266762536680e+02
3.154276642166438105e-01 1.812863951675302019e+02
3.160093553777528208e-01 1.787231351063196598e+02
3.165921192558273645e-01 1.761786885543669428e+02
3.171759578291025727e-01 1.736525244692303431e+02
3.177608730794616587e-01 1.711441019005126805e+02
3.183468669924418015e-01 1.686529020815493993e+02
3.189339415572430281e-01 1.661784433012340401e+02
3.195220987667323209e-01 1.637202801151890981e+02
3.201113406174529996e-01 1.612780024902922378e+02
3.207016691096299943e-01 1.588512318051132297e+02
3.212930862471761184e-01 1.564396189254768501e+02
3.218855940377009506e-01 1.540428480210461828e+02
3.224791944925149978e-01 1.516606361749397820e+02
3.230738896266390214e-01 1.492927326206740020e+02
3.236696814588095883e-01 1.469389204864491205e+02
3.242665720114852324e-01 1.445990276109015440e+02
3.248645633108553366e-01 1.422729156408981623e+02
3.254636573868446847e-01 1.399604739392116812e+02
3.260638562731224543e-01 1.376616188257182785e+02
3.266651620071081563e-01 1.353762948372442736e+02
3.272675766299776301e-01 1.331045304795236746e+02
3.278711021866722031e-01 1.308464406492066416e+02
3.284757407259030204e-01 1.286021590832196466e+02
3.290814943001604265e-01 1.263718339233336820e+02
3.296883649657196269e-01 1.241556270593183200e+02
3.302963547826470725e-01 1.219537302514823409e+02
3.309054658148095074e-01 1.197663994122127349e+02
3.315157001298784101e-01 1.175939075517201218e+02
3.321270597993392637e-01 1.154365329957687294e+02
3.327395468984977733e-01 1.132945587923751276e+02
3.333531635064856391e-01 1.111682834111311138e+02
3.339679117062702707e-01 1.090581041625932102e+02
3.345837935846587841e-01 1.069644615142659063e+02
3.352008112323078826e-01 1.048877868292373421e+02
3.358189667437296300e-01 1.028285015970373735e+02
3.364382622172975568e-01 1.007870182598697113e+02
3.370586997552560415e-01 9.876376753984524726e+01
3.376802814637261396e-01 9.675919673347108585e+01
3.383030094527120224e-01 9.477373854843868628e+01
3.389268858361101922e-01 9.280780942254909860e+01
3.395519127317142005e-01 9.086180957999697227e+01
3.401780922612240854e-01 8.893614480800796684e+01
3.408054265502525881e-01 8.703124332394030205e+01
3.414339177283313709e-01 8.514751564859936650e+01
3.420635679289205644e-01 8.328534982621785332e+01
3.426943792894132645e-01 8.144511154369469352e+01
3.433263539511454132e-01 7.962715456802256142e+01
3.439594940594017380e-01 7.783184062821183602e+01
3.445938017634220807e-01 7.605951163534028581e+01
3.452292792164112778e-01 7.431048367938711863e+01
3.458659285755435464e-01 7.258504739230906466e+01
3.465037520019721429e-01 7.088346653324344970e+01
3.471427516608359687e-01 6.920597259452770800e+01
3.477829297212655657e-01 6.755277163750106695e+01
3.484242883563931081e-01 6.592404699992438566e+01
3.490668297433568434e-01 6.431995971492816011e+01
3.497105560633110843e-01 6.274065477770934507e+01
3.503554695014323705e-01 6.118628665489995910e+01
3.510015722469261856e-01 5.965699570618468073e+01
3.516488664930363384e-01 5.815289720332942380e+01
3.522973544370499588e-01 5.667408200395163931e+01
3.529470382803074346e-01 5.522061526357963857e+01
3.535979202282086287e-01 5.379252771255338672e+01
3.542500024902194289e-01 5.238982497794974336e+01
3.549032872798815741e-01 5.101249288234385659e+01
3.555577768148176498e-01 4.966049809065479081e+01
3.562134733167407474e-01 4.833378897188080714e+01
3.568703790114611807e-01 4.703229720907690847e+01
3.575284961288928698e-01 4.575593752361312028e+01
3.581878269030634443e-01 4.450460787274396068e+01
3.588483735721188506e-01 4.327819010626247831e+01
3.595101383783336768e-01 4.207654511709755241e+01
3.601731235681175369e-01 4.089949466652157639e+01
3.608373313920215653e-01 3.974684270199635705e+01
3.615027641047487972e-01 3.861838368456414372e+01
3.621694239651587210e-01 3.751390300851000603e+01
3.628373132362774922e-01 3.643316549725121689e+01
3.635064341853047054e-01 3.537589016874060377e+01
3.641767890836197785e-01 3.434178614194618007e+01
3.648483802067924997e-01 3.333056160170823290e+01
3.655212098345874128e-01 3.234192370465000721e+01
3.661952802509745308e-01 3.137555550597170040e+01
3.668705937441357201e-01 3.043109317501156497e+01
3.675471526064715277e-01 2.950817449555458083e+01
3.682249591346114515e-01 2.860644538203150944e+01
3.689040156294187134e-01 2.772555841124027864e+01
3.695843243960009183e-01 2.686513712391988662e+01
3.702658877437164930e-01 2.602477143881425192e+01
3.709487079861814585e-01 2.520406487688383734e+01
3.716327874412801435e-01 2.440263678304770067e+01
3.723181284311696260e-01 2.362011714142330732e+01
3.730047332822907236e-01 2.285609879367807196e+01
3.736926043253743224e-01 2.211016059030310643e+01
3.743817438954484267e-01 2.138190422206611174e+01
3.750721543318484286e-01 2.067095344409553093e+01
3.757638379782234916e-01 1.997694620425589562e+01
3.764567971825438786e-01 1.929950922218362308e+01
3.771510342971112761e-01 1.863828266622850194e+01
3.778465516785636802e-01 1.799292939334568686e+01
3.785433516878864424e-01 1.736313316093809433e+01
3.792414366904187095e-01 1.674857533912065577e+01
3.799408090558604734e-01 1.614891652854440807e+01
3.806414711582834509e-01 1.556383819098553367e+01
3.813434253761357473e-01 1.499304616970079707e+01
3.820466740922529580e-01 1.443626750080742482e+01
3.827512196938648303e-01 1.389323186058207149e+01
3.834570645726024241e-01 1.336367732839293510e+01
3.841642111245088254e-01 1.284736360922347487e+01
3.848726617500440872e-01 1.234407044730865977e+01
3.855824188540963315e-01 1.185358899796618992e+01
3.862934848459885773e-01 1.137570206064943790e+01
3.870058621394856790e-01 1.091020605127172516e+01
3.877195531528055961e-01 1.045691613042751023e+01
3.884345603086239995e-01 1.001566338153710056e+01
3.891508860340856524e-01 9.586270499949000268e+00
3.898685327608112372e-01 9.168551096869562045e+00
3.905875029249044061e-01 8.762336869728855504e+00
3.913077989669630496e-01 8.367476916281392008e+00
3.920294233320841260e-01 7.983828290089521218e+00
3.927523784698750409e-01 7.611227020302814061e+00
3.934766668344604201e-01 7.249517013524806153e+00
3.942022908844895479e-01 6.898560335040124336e+00
3.949292530831473580e-01 6.558233734236977419e+00
3.956575558981595964e-01 6.228402175867448598e+00
3.963872018018040344e-01 5.908917825221048581e+00
3.971181932709177964e-01 5.599650043120956155e+00
3.978505327869041874e-01 5.300484179963199871e+00
3.985842228357443506e-01 5.011307096005928052e+00
3.993192659080022078e-01 4.731972088873895643e+00
4.000556644988358390e-01 4.462340910162057028e+00
4.007934211080048104e-01 4.202294311576060259e+00
4.015325382398772791e-01 3.951726136791477106e+00
4.022730184034414291e-01 3.710508834930056121e+00
4.030148641123107445e-01 3.478505177840301332e+00
4.037580778847353336e-01 3.255596588095367672e+00
4.045026622436094788e-01 3.041679390174591102e+00
4.052486197164785198e-01 2.836628369142535799e+00
4.059959528355507330e-01 2.640264129245890157e+00
4.067446641377024941e-01 2.452428653268378334e+00
4.074947561644897132e-01 2.272990427886563580e+00
4.082462314621552735e-01 2.101838265308201947e+00
4.089990925816363587e-01 1.938877253451230187e+00
4.097533420785762770e-01 1.784020297779804975e+00
4.105089825133295123e-01 1.637181553837265158e+00
4.112660164509733263e-01 1.498260727803402359e+00
4.120244464613154745e-01 1.366955422313574475e+00
4.127842751189015336e-01 1.242861998518921318e+00
4.135455050030265034e-01 1.125683078165852891e+00
4.143081386977403024e-01 1.015214548448940546e+00
4.150721787918594252e-01 9.114907532730395223e-01
4.158376278789745473e-01 8.148097017620642424e-01
4.166044885574579082e-01 7.253428804424841836e-01
4.173727634304748579e-01 6.431133086274510857e-01
4.181424551059912398e-01 5.676906934576771979e-01
4.189135661967812729e-01 4.976094504409608876e-01
4.196860993204388768e-01 4.317825090671986721e-01
4.204600570993837216e-01 3.697328731006381264e-01
4.212354421608727195e-01 3.117295852564178626e-01
4.220122571370079068e-01 2.597973357241251668e-01
4.227905046647438270e-01 2.154409708415613856e-01
4.235701873858997435e-01 1.789509265751331180e-01
4.243513079471650795e-01 1.495863488225259719e-01
4.251338690001114085e-01 1.232681536164400987e-01
4.259178732012000590e-01 9.636173691485636073e-02
4.267033232117900532e-01 6.873602786576429868e-02
4.274902216981499858e-01 4.313418532471768874e-02
4.282785713314637421e-01 2.427732105351915193e-02
4.290683747878424326e-01 1.323358486297951386e-02
4.298596347483323310e-01 7.563990440282576493e-03
4.306523538989226463e-01 4.904998683223972013e-03
4.314465349305576236e-01 3.792218655429635890e-03
4.322421805391422622e-01 3.528080837906575565e-03
4.330392934255543613e-01 3.974773109089084142e-03
4.338378762956526247e-01 5.454756199059092835e-03
4.346379318602844322e-01 8.873225425943659025e-03
4.354394628352979968e-01 1.572437647305890626e-02
4.362424719415482488e-01 2.774217248895742560e-02
4.370469619049089371e-01 4.454616664930327596e-02
4.378529354562807896e-01 6.203419607981866535e-02
4.386603953315993953e-01 7.751037458223004883e-02
4.394693442718474174e-01 9.077304739170515002e-02
4.402797850230605881e-01 1.040740748722066983e-01
4.410917203363400318e-01 1.201737420114861732e-01
4.419051529678602042e-01 1.392250068430219145e-01
4.427200856788770511e-01 1.605702110686726414e-01
4.435365212357403886e-01 1.829204438693657619e-01
4.443544624098997864e-01 2.049382198009306044e-01
4.451739119779171139e-01 2.264399810429988114e-01
4.459948727214744779e-01 2.476503382608347958e-01
4.468173474273826051e-01 2.690675293179946026e-01
4.476413388875931654e-01 2.911055051263410909e-01
4.484668498992047669e-01 3.136281624336322293e-01
4.492938832644756131e-01 3.363976987170844146e-01
4.501224417908316622e-01 3.591402441275751700e-01
4.509525282908748434e-01 3.816499742137242079e-01
4.517841455823955465e-01 4.038829303274451554e-01
4.526172964883789507e-01 4.258430183179113260e-01
4.534519838370172917e-01 4.475689569338582863e-01
4.542882104617187444e-01 4.690628350527756840e-01
4.551259792011149163e-01 4.902575414399686360e-01
4.559652928990742815e-01 5.110887595132078687e-01
4.568061544047079536e-01 5.315006628873075734e-01
4.576485665723825091e-01 5.514476599689712710e-01
4.584925322617283694e-01 5.708949195905133056e-01
4.593380543376481273e-01 5.898177853902563106e-01
4.601851356703295370e-01 6.081998183101854361e-01
4.610337791352513981e-01 6.260125168166821297e-01
4.618839876131967670e-01 6.432214948107987107e-01
4.627357639902612840e-01 6.597983985754958258e-01
4.635891111578614443e-01 6.757193250845325849e-01
4.644440320127473099e-01 6.909556132714751442e-01
4.653005294570110584e-01 7.054797770692731174e-01
4.661586063980951988e-01 7.192692231674149284e-01
4.670182657488058386e-01 7.323054260894458212e-01
4.678795104273189009e-01 7.445719729648818674e-01
4.687423433571930587e-01 7.560565072715644819e-01
4.696067674673786718e-01 7.667509449077999362e-01
4.704727856922258367e-01 7.766354203772275477e-01
4.713404009714980414e-01 7.856665579182233738e-01
4.722096162503780503e-01 7.938008042968499600e-01
4.730804344794814487e-01 8.010015540837109871e-01
4.739528586148651912e-01 8.073110584331244510e-01
4.748268916180360955e-01 8.128411693030801466e-01
4.757025364559643310e-01 8.177119278928760560e-01
4.765797961010896922e-01 8.220290390449991325e-01
4.774586735313349206e-01 8.257777492837196087e-01
4.783391717301144763e-01 8.288954909398050797e-01
4.792212936863431971e-01 8.313201268782662856e-01
4.801050423944498990e-01 8.329905308202956160e-01
4.809904208543833715e-01 8.338470924371794712e-01
4.818774320716264215e-01 8.338322565366248496e-01
4.827660790572042004e-01 8.328910915722466113e-01
4.836563648276932526e-01 8.309718817331323004e-01
4.845482924052348928e-01 8.280267358935219368e-01
4.854418648175418682e-01 8.240122057468493022e-01
4.863370850979118476e-01 8.188899045400932497e-01
4.872339562852363581e-01 8.126271169925153304e-01
4.881324814240094456e-01 8.051973902576105013e-01
4.890326635643417186e-01 7.965810951995675460e-01
4.899345057619665655e-01 7.867659468371261955e-01
4.908380110782540329e-01 7.757474725877742117e-01
4.917431825802198175e-01 7.635294169523543228e-01
4.926500233405340379e-01 7.501240715378527657e-01
4.935585364375352779e-01 7.355525198445537205e-01
4.944687249552369157e-01 7.198447870569031348e-01
4.953805919833413340e-01 7.030626278218191638e-01
4.962941406172485248e-01 6.853785544047482636e-01
4.972093739580654148e-01 6.669896522113851756e-01
4.981262951126199101e-01 6.480828199956433222e-01
4.990449071934670577e-01 6.288332390745651201e-01
4.999652133189037007e-01 6.094032685768531188e-01
5.008872166129769710e-01 5.899417309415061483e-01
5.018109202054936713e-01 5.705835501692214651e-01
5.027363272320347631e-01 5.514497016333214097e-01
5.036634408339610847e-01 5.326474305345307858e-01
5.045922641584285051e-01 5.142706960473647504e-01
5.055228003583964735e-01 4.964007995582843114e-01
5.064550525926374558e-01 4.791071578377951168e-01
5.073890240257512563e-01 4.624481852407477112e-01
5.083247178281712353e-01 4.464722528368557652e-01
5.092621371761794080e-01 4.312186965115870074e-01
5.102012852519151043e-01 4.167188503615967266e-01
5.111421652433842944e-01 4.029970859849262843e-01
5.120847803444739110e-01 3.900718424210358193e-01
5.130291337549605091e-01 3.779566354476296408e-01
5.139752286805201464e-01 3.666610386392575305e-01
5.149230683327425950e-01 3.561886203166321208e-01
5.158726559291380021e-01 3.464166295654113048e-01
5.168239946931518780e-01 3.370705708005781176e-01
5.177770878541739785e-01 3.278924437530579827e-01
5.187319386475479632e-01 3.186511591529330722e-01
5.196885503145860508e-01 3.091421147504366806e-01
5.206469261025756801e-01 2.991882101210484035e-01
5.216070692647944984e-01 2.886419591756547720e-01
5.225689830605194652e-01 2.773883340317772062e-01
5.235326707550366221e-01 2.653479372741862075e-01
5.244981356196555256e-01 2.524800626650128277e-01
5.254653809317166857e-01 2.387851788292770783e-01
5.264344099746056660e-01 2.243063682224086808e-01
5.274052260377634083e-01 2.091292856001793210e-01
5.283778324166953366e-01 1.933802744222307968e-01
5.293522324129861234e-01 1.772223998527202582e-01
5.303284293343072386e-01 1.608493208912193662e-01
5.313064264944311610e-01 1.444771220393853139e-01
5.322862272132417027e-01 1.283344397070226295e-01
5.332678348167434468e-01 1.126514268517796596e-01
5.342512526370762904e-01 9.764827387710860174e-02
5.352364840125233281e-01 8.352411734241375896e-02
5.362235322875253951e-01 7.044719801259888281e-02
5.372124008126909489e-01 5.857263676559752719e-02
5.382030929448055057e-01 4.807521896794306887e-02
5.391956120468475167e-01 3.902479423810716053e-02
5.401899614879948075e-01 3.138703111888231645e-02
5.411861446436402323e-01 2.505806488661565731e-02
5.421841648954012216e-01 1.989435698214356632e-02
5.431840256311295523e-01 1.573601567581708188e-02
5.441857302449272238e-01 1.242337396691405547e-02
5.451892821371528974e-01 9.807575355563060565e-03
5.461946847144377726e-01 7.756369238108906661e-03
5.472019413896953566e-01 6.156408561913477052e-03
5.482110555821311237e-01 4.913216917232764332e-03
5.492220307172586136e-01 3.949766305450313868e-03
5.502348702269058700e-01 3.204359469745132923e-03
5.512495775492317618e-01 2.628287300936533490e-03
5.522661561287351972e-01 2.183552463665578217e-03
5.532846094162658934e-01 1.840818724651006877e-03
5.543049408690392532e-01 1.577656399948873913e-03
5.553271539506442478e-01 1.377099250945932989e-03
5.563512521310589598e-01 1.226498126121623690e-03
5.573772388866603533e-01 1.116644097499595390e-03
5.584051177002347099e-01 1.041133232238167792e-03
5.594348920609932829e-01 9.959531340521302328e-04
5.604665654645795136e-01 9.791559020079928198e-04
5.615001414130853519e-01 9.891045581006839213e-04
5.625356234150606927e-01 1.024878609098075696e-03
5.635730149855240345e-01 1.087400246654093936e-03
5.646123196459784666e-01 1.179342916498155036e-03
5.656535409244188850e-01 1.305182855467472034e-03
5.666966823553479804e-01 1.471397806047215892e-03
5.677417474797863406e-01 1.686798626302533259e-03
5.687887398452834420e-01 1.962988107107069020e-03
5.698376630059320824e-01 2.314942977860904184e-03
5.708885205223795944e-01 2.761709739229128643e-03
5.719413159618379483e-01 3.327191315583576808e-03
5.729960528980996282e-01 4.040977471310329590e-03
5.740527349115455147e-01 4.939135062761374970e-03
5.751113655891608722e-01 6.064822536581766961e-03
5.761719485245460071e-01 7.468526377556184738e-03
5.772344873179261482e-01 9.207638750319773954e-03
5.782989855761686560e-01 1.134501463098502166e-02
5.793654469127897944e-01 1.394608117174045425e-02
5.804338749479714954e-01 1.707405049486806353e-02
5.815042733085717952e-01 2.078284905078370617e-02
5.825766456281353811e-01 2.510756863189934560e-02
5.836509955469100230e-01 3.005260973954664017e-02
5.847273267118541229e-01 3.557825039236916370e-02
5.858056427766535901e-01 4.158711082383618335e-02
5.868859474017321665e-01 4.792515350924028000e-02
5.879682442542618626e-01 5.444404960186870202e-02
5.890525370081801659e-01 6.099110101256073613e-02
5.901388293441971467e-01 6.739982813484254875e-02
5.912271249498126657e-01 7.349782508398973457e-02
5.923174275193267002e-01 7.911533819269464529e-02
5.934097407538500013e-01 8.409390342452899292e-02
5.945040683613214139e-01 8.829438298144301478e-02
5.956004140565150928e-01 9.160380232243663101e-02
5.966987815610577117e-01 9.394050835114553522e-02
5.977991746034390097e-01 9.525733140551989608e-02
5.989015969190226718e-01 9.554261739729683067e-02
6.000060522500636484e-01 9.481918040971261397e-02
6.011125443457152606e-01 9.314139057511473807e-02
6.022210769620468529e-01 9.059074171642186868e-02
6.033316538620544511e-01 8.727032842570374427e-02
6.044442788156717539e-01 8.329869961164718117e-02
6.055589555997868967e-01 7.880354753128167300e-02
6.066756879982510009e-01 7.391564503106472228e-02
6.077944798018948269e-01 6.876336930708616679e-02
6.089153348085399875e-01 6.346805943297745278e-02
6.100382568230098279e-01 5.814035843012633348e-02
6.111632496571467454e-01 5.287759851508715830e-02
6.122903171298204050e-01 4.776220780738802546e-02
6.134194630669447257e-01 4.286105302066867823e-02
6.145506913014892048e-01 3.822558768532243606e-02
6.156840056734897981e-01 3.389286587712359716e-02
6.168194100300666838e-01 2.989067163723204551e-02
6.179569082254320334e-01 2.623648114205090823e-02
6.190965041209077757e-01 2.293452384023085891e-02
6.202382015849363661e-01 1.997835808445565589e-02
6.213820044930925546e-01 1.735351589141469197e-02
6.225279167281004833e-01 1.503988370718687892e-02
6.236759421798421243e-01 1.301375090841619744e-02
6.248260847453748212e-01 1.124949970078754739e-02
6.259783483289427242e-01 9.720941509910156070e-03
6.271327368419878923e-01 8.402326436490527642e-03
6.282892542031681682e-01 7.269065207860420617e-03
6.294479043383652828e-01 6.298209019309561688e-03
6.306086911807030626e-01 5.468733502645510211e-03
6.317716186705580883e-01 4.761670424412549341e-03
6.329366907555721289e-01 4.160125982832853925e-03
6.341039113906684621e-01 3.649218820922329326e-03
6.352732845380638649e-01 3.215964888359397304e-03
6.364448141672800485e-01 2.849130591452610477e-03
6.376185042551617554e-01 2.539070582425042698e-03
6.387943587858848637e-01 2.277562209717119875e-03
6.399723817509747059e-01 2.057645121346202057e-03
6.411525771493171710e-01 1.873471753019228386e-03
6.423349489871711393e-01 1.720172371174130991e-03
6.435195012781858015e-01 1.593736892123777957e-03
6.447062380434096518e-01 1.490914777035977964e-03
6.458951633113084734e-01 1.409133837388959519e-03
6.470862811177771068e-01 1.346438728611363666e-03
6.482795955061509963e-01 1.301450243973439978e-03
6.494751105272248415e-01 1.273173890581811045e-03
6.506728302392609242e-01 1.260098697527822038e-03
6.518727587080073160e-01 1.260866243613772411e-03
6.530749000067100907e-01 1.274593453736529332e-03
6.542792582161248705e-01 1.300777914805176195e-03
6.554858374245352559e-01 1.339226472247311353e-03
6.566946417277618187e-01 1.390000287760605234e-03
6.579056752291800869e-01 1.453370509243297757e-03
6.591189420397328691e-01 1.529780004349933289e-03
6.603344462779422441e-01 1.619807456885949013e-03
6.615521920699278802e-01 1.724130679575939075e-03
6.627721835494160274e-01 1.843486375355847182e-03
6.639944248577579478e-01 1.978623876383509266e-03
6.652189201439422384e-01 2.130250687323095773e-03
6.664456735646068219e-01 2.298968033443545000e-03
6.676746892840574876e-01 2.485195138077053636e-03
6.689059714742769946e-01 2.689081697548329278e-03
6.701395243149440573e-01 2.910409045774779453e-03
6.713753519934447800e-01 3.148481849127670370e-03
6.726134587048858693e-01 3.402013859184403483e-03
6.738538486521127302e-01 3.669013246232233436e-03
6.750965260457189032e-01 3.946675247814262349e-03
6.763414951040644940e-01 4.231292125266334844e-03
6.775887600532893851e-01 4.518192470922951544e-03
6.788383251273244490e-01 4.801723406548693077e-03
6.800901945679115324e-01 5.075289746292143724e-03
6.813443726246121157e-01 5.331463319286098256e-03
6.826008635548262982e-01 5.562172941884766138e-03
6.838596716238056761e-01 5.758980696445022661e-03
6.851208011046651114e-01 5.913443128061235225e-03
6.863842562784027157e-01 6.017546947174184924e-03
6.876500414339085099e-01 6.064198545871824983e-03
6.889181608679838531e-01 6.049094149025621356e-03
6.901886188853539883e-01 5.974518642585181089e-03
6.914614197986805877e-01 5.845474770200895058e-03
6.927365679285811817e-01 5.668257897907615778e-03
6.940140676036383738e-01 5.450056486324626401e-03
6.952939231604193804e-01 5.198555009472849257e-03
6.965761389434884654e-01 4.921564391826343740e-03
6.978607193054200408e-01 4.626698879998259427e-03
6.991476686068177626e-01 4.321111602797978943e-03
7.004369912163241896e-01 4.011294647275100156e-03
7.017286915106403233e-01 3.702943847539144108e-03
7.030227738745383759e-01 3.400883998105000069e-03
7.043192427008745371e-01 3.109047015708652460e-03
7.056181023906081817e-01 2.830493667425987639e-03
7.069193573528147478e-01 2.567468720107738463e-03
7.082230120046981714e-01 2.321479532508772311e-03
7.095290707716114254e-01 2.093388960387512418e-03
7.108375380870655125e-01 1.883514731751386676e-03
7.121484183927494493e-01 1.691728956363902983e-03
7.134617161385435891e-01 1.517552983539059578e-03
7.147774357825319447e-01 1.360244284349909974e-03
7.160955817910230614e-01 1.218873323120284527e-03
7.174161586385588985e-01 1.092389452502407756e-03
7.187391708079352570e-01 9.796757023326255979e-04
7.200646227902148810e-01 8.795929437419935200e-04
7.213925190847404467e-01 7.910143206361050549e-04
7.227228641991547686e-01 7.128510828031130219e-04
7.240556626494106807e-01 6.440710634931349782e-04
7.253909189597911311e-01 5.837110532371709605e-04
7.267286376629225053e-01 5.308842614077294688e-04
7.280688232997877263e-01 4.847839532992854550e-04
7.294114804197466828e-01 4.446842239555585117e-04
7.307566135805462215e-01 4.099387363030524822e-04
7.321042273483404639e-01 3.799781217378034315e-04
7.334543262977039069e-01 3.543066239681102862e-04
7.348069150116451898e-01 3.324984667208026037e-04
7.361619980816274111e-01 3.141826811287432865e-04
7.375195801075783431e-01 2.989283308134074919e-04
7.388796656979104149e-01 2.863114627509677837e-04
7.402422594695348135e-01 2.759878584731344296e-04
7.416073660478748053e-01 2.676785422826694874e-04
7.429749900668862761e-01 2.611573425444223316e-04
7.443451361690679446e-01 2.562410953131074383e-04
7.457178090054821240e-01 2.527818812693551705e-04
7.470930132357684883e-01 2.506608329451037211e-04
7.484707535281570623e-01 2.497831577309295040e-04
7.498510345594900928e-01 2.500741031876071454e-04
7.512338610152313745e-01 2.514756519632315303e-04
7.526192375894875664e-01 2.539437794010911565e-04
7.540071689850220693e-01 2.574461415585481828e-04
7.553976599132683489e-01 2.619600876801860207e-04
7.567907150943515848e-01 2.674709112910291409e-04
7.581863392570982185e-01 2.739702695860730367e-04
7.595845371390579359e-01 2.814547129024693090e-04
7.609853134865166568e-01 2.899242757084866378e-04
7.623886730545113011e-01 2.993810884708211491e-04
7.637946206068504384e-01 3.098279765667871668e-04
7.652031609161246140e-01 3.212670185833994938e-04
7.666142987637283301e-01 3.336980423058809688e-04
7.680280389398732588e-01 3.471170427938599580e-04
7.694443862436027848e-01 3.615145134722540904e-04
7.708633454828134335e-01 3.768736883686216611e-04
7.722849214742649737e-01 3.931687016971820224e-04
7.737091190436021781e-01 4.103626800434746562e-04
7.751359430253693672e-01 4.284057924842464408e-04
7.765653982630235097e-01 4.472332950323726700e-04
7.779974896089562053e-01 4.667636176595439299e-04
7.794322219245075622e-01 4.868965545205017906e-04
7.808696000799802972e-01 5.075116304370920570e-04
7.823096289546616067e-01 5.284667285908518268e-04
7.837523134368336031e-01 5.495970749518895061e-04
7.851976584237957413e-01 5.707146833185623757e-04
7.866456688218782523e-01 5.916083699030420936e-04
7.880963495464574642e-01 6.120444470341305891e-04
7.895497055219770077e-01 6.317682005930345870e-04
7.910057416819589182e-01 6.505062441433161549e-04
7.924644629690258402e-01 6.679698234207223683e-04
7.939258743349150160e-01 6.838591172537572538e-04
7.953899807404929412e-01 6.978685448577710230e-04
7.968567871557782345e-01 7.096941511457480157e-04
7.983262985599510753e-01 7.191225877946093087e-04
7.997985199413768509e-01 7.260988765487361553e-04
8.012734562976198127e-01 7.306084515778879258e-04
8.027511126354583970e-01 7.326636972264275686e-04
8.042314939709069854e-01 7.323027603499084656e-04
8.057146053292271182e-01 7.295879420000922619e-04
8.072004517449500316e-01 7.246037294115047081e-04
8.086890382618915352e-01 7.174545346098448566e-04
8.101803699331660003e-01 7.082622088748499007e-04
8.116744518212100079e-01 6.971634028621936843e-04
8.131712889977927849e-01 6.843068406159175630e-04
8.146708865440387415e-01 6.698505722418072626e-04
8.161732495504426810e-01 6.539592649669577354e-04
8.176783831168845662e-01 6.368015860104376483e-04
8.191862923526525009e-01 6.185477234754111972e-04
8.206969823764533878e-01 5.993670836796714373e-04
8.222104583164364655e-01 5.794261952850552353e-04
8.237267253102077413e-01 5.588868425566345709e-04
8.252457885048450903e-01 5.379044423298026331e-04
8.267676530569219029e-01 5.166266719980258659e-04
8.282923241325174102e-01 4.951923492222300030e-04
8.298198069072404426e-01 4.737305582231451776e-04
8.313501065662443068e-01 4.523600125312569149e-04
8.328832283042417739e-01 4.311886399703488424e-04
8.344191773255291711e-01 4.103133724443392989e-04
8.359579588439962627e-01 3.898201207556442854e-04
8.374995780831510084e-01 3.697839131525875551e-04
8.390440402761337735e-01 3.502691755154867508e-04
8.405913506657333167e-01 3.313301309583806015e-04
8.421415145044101047e-01 3.130112970556860681e-04
8.436945370543074141e-01 2.953480598039109201e-04
8.452504235872752014e-01 2.783673047009314915e-04
8.468091793848854243e-01 2.620880868798013694e-04
8.483708097384474733e-01 2.465223239824741990e-04
8.499353199490319311e-01 2.316754973253291731e-04
8.515027153274817850e-01 2.175473488243331974e-04
8.530730011944368529e-01 2.041325630541267503e-04
8.546461828803485483e-01 1.914214256657134747e-04
8.562222657254958680e-01 1.794004511419382026e-04
8.578012550800097058e-01 1.680529745010894119e-04
8.593831563038835109e-01 1.573597030461664316e-04
8.609679747669980454e-01 1.472992255874626237e-04
8.625557158491369281e-01 1.378484777345523695e-04
8.641463849400021768e-01 1.289831628587641754e-04
8.657399874392375239e-01 1.206781291738996301e-04
8.673365287564446247e-01 1.129077040788439281e-04
8.689360143111986012e-01 1.056459874608501579e-04
8.705384495330722450e-01 9.886710608510173616e-05
8.721438398616480070e-01 9.254543150804487445e-05
8.737521907465420901e-01 8.665576416214633751e-05
8.753635076474204357e-01 8.117348638261748066e-05
8.769777960340150447e-01 7.607468719500852928e-05
8.785950613861480685e-01 7.133626166939113420e-05
8.802153091937438001e-01 6.693598758390890654e-05
8.818385449568532097e-01 6.285247548253621150e-05
8.834647741856703762e-01 5.906296711909698273e-05
8.850940024005479190e-01 5.554402352212827810e-05
8.867262351320225333e-01 5.227413563958885649e-05
8.883614779208262036e-01 4.923365521156126387e-05
8.899997363179117382e-01 4.640462218970978594e-05
8.916410158844683131e-01 4.377060914459215816e-05
8.932853221919383468e-01 4.131658089919117827e-05
8.949326608220420365e-01 3.902876781838531499e-05
8.965830373667895703e-01 3.689455135381051055e-05
8.982364574285062186e-01 3.490236059404292569e-05
8.998929266198487653e-01 3.304157870377628968e-05
9.015524505638217168e-01 3.130245825437947003e-05
9.032150348938027262e-01 2.967604455379072587e-05
9.048806852535548062e-01 2.815410617765115256e-05
9.065494072972510864e-01 2.672907198710092625e-05
9.082212066894921332e-01 2.539397399316249595e-05
9.098960891053219369e-01 2.414239549393219019e-05
9.115740602302537798e-01 2.296842396996254897e-05
9.132551257602818939e-01 2.186660827601900482e-05
9.149392914019076617e-01 2.083191971447249924e-05
9.166265628721559366e-01 1.985971661772296742e-05
9.183169458985919187e-01 1.894571210464192181e-05
9.200104462193466892e-01 1.808594470967616968e-05
9.217070695831296456e-01 1.727675161338175440e-05
9.234068217492542585e-01 1.651474423008858543e-05
9.251097084876551691e-01 1.579678593258342729e-05
9.268157355789045093e-01 1.511997171532763665e-05
9.285249088142384366e-01 1.448160961715662319e-05
9.302372339955691238e-01 1.387920374184685671e-05
9.319527169355110718e-01 1.331043873056872858e-05
9.336713634573982068e-01 1.277316555432665586e-05
9.353931793953002005e-01 1.226538850711706021e-05
9.371181705940500040e-01 1.178525329190542795e-05
9.388463429092546164e-01 1.133103610176954383e-05
9.405777022073231741e-01 1.090113360775268719e-05
9.423122543654827155e-01 1.049405377329017904e-05
9.440500052717960555e-01 1.010840742254532711e-05
9.457909608251883204e-01 9.742900496742561205e-06
9.475351269354589379e-01 9.396326938683549900e-06
9.492825095233088373e-01 9.067562151120446220e-06
9.510331145203575476e-01 8.755556979639996475e-06
9.527869478691605165e-01 8.459332175195456222e-06
9.545440155232355339e-01 8.177973295484317870e-06
9.563043234470759435e-01 7.910626008050732636e-06
9.580678776161772880e-01 7.656491761307347130e-06
9.598346840170547400e-01 7.414823792693447712e-06
9.616047486472604211e-01 7.184923445910290898e-06
9.633780775154094922e-01 6.966136771649801088e-06
9.651546766411983613e-01 6.757851388481740220e-06
9.669345520554210038e-01 6.559493582598254559e-06
9.687177097999972730e-01 6.370525626964404428e-06
9.705041559279852237e-01 6.190443302108959576e-06
9.722938965036083125e-01 6.018773602309912877e-06
9.740869376022733839e-01 5.855072612325490440e-06
9.758832853105881000e-01 5.698923541080350743e-06
9.776829457263889189e-01 5.549934899868043252e-06
9.794859249587529737e-01 5.407738813681098337e-06
9.812922291280269382e-01 5.271989455229612907e-06
9.831018643658437917e-01 5.142361592084101586e-06
9.849148368151413591e-01 5.018549238168970782e-06
9.867311526301898450e-01 4.900264401556282374e-06
9.885508179766044901e-01 4.787235921173799148e-06
9.903738390313741036e-01 4.679208385639743922e-06
9.922002219828784941e-01 4.575941127992821185e-06
9.940299730309066772e-01 4.477207290586657630e-06
9.958630983866851860e-01 4.382792954879576219e-06
9.976996042728903946e-01 4.292496331273858790e-06
9.995394969236774951e-01 4.206127004541343385e-06
1.001382782584698372e+00 4.123505230728918555e-06
1.003229467513119255e+00 4.044461281759172372e-06
1.005079557977650140e+00 3.968834834238032308e-06
1.006933060258556889e+00 3.896474399255494650e-06
1.008789980647689877e+00 3.827236790211716110e-06
1.010650325448503084e+00 3.760986460768723567e-06
1.012514100976071418e+00 3.697585854517349202e-06
1.014381313557119801e+00 3.636890884382517784e-06
1.016251969530036270e+00 3.578764254957372195e-06
1.018126075244901063e+00 3.523076165834031022e-06
1.020003637063505053e+00 3.469703807025137760e-06
1.021884661359367064e+00 3.418530890769458704e-06
1.023769154517764735e+00 3.369447216886486947e-06
1.025657122935746068e+00 3.322348269089064683e-06
1.027548573022159850e+00 3.277134839882046955e-06
1.029443511197673411e+00 3.233712681878036683e-06
1.031341943894791058e+00 3.191992183543047025e-06
1.033243877557884494e+00 3.151888067552471593e-06
1.035149318643205030e+00 3.113319110090330541e-06
1.037058273618913340e+00 3.076207879563062793e-06
1.038970748965098334e+00 3.040480493326573779e-06
1.040886751173796032e+00 3.006066391141103892e-06
1.042806286749018874e+00 2.972898124173707316e-06
1.044729362206768819e+00 2.940911158466305303e-06
1.046655984075068213e+00 2.910043691874109916e-06
1.048586158893977549e+00 2.880236483561994782e-06
1.050519893215614564e+00 2.851432695219262147e-06
1.052457193604184660e+00 2.823577743221501022e-06
1.054398066635994224e+00 2.796619161030912029e-06
1.056342518899480609e+00 2.770506471182456675e-06
1.058290556995230336e+00 2.745191066256113523e-06
1.060242187536000191e+00 2.720626098282823306e-06
1.062197417146745426e+00 2.696766376075217118e-06
1.064156252464634189e+00 2.673568270014845102e-06
1.066118700139077946e+00 2.650989623863162419e-06
1.068084766831750798e+00 2.628989673197912494e-06
1.070054459216608134e+00 2.607528970106492237e-06
1.072027783979916382e+00 2.586569313795389668e-06
1.074004747820272776e+00 2.566073686801032208e-06
1.075985357448624002e+00 2.546006196509455891e-06
1.077969619588296846e+00 2.526332021713367618e-06
1.079957540975013064e+00 2.507017363954526803e-06
1.081949128356918699e+00 2.488029403415460532e-06
1.083944388494604505e+00 2.469336259140766437e-06
1.085943328161125265e+00 2.450906953381274338e-06
1.087945954142030880e+00 2.432711379866825463e-06
1.089952273235379909e+00 2.414720275824217590e-06
1.091962292251771105e+00 2.396905197565970456e-06
1.093976018014362728e+00 2.379238499484440612e-06
1.095993457358892753e+00 2.361693316292024011e-06
1.098014617133709070e+00 2.344243548354859727e-06
1.100039504199784801e+00 2.326863849972120819e-06
1.102068125430749168e+00 2.309529620456766705e-06
1.104100487712907031e+00 2.292216997877313932e-06
1.106136597945258870e+00 2.274902855321889357e-06
1.108176463039532988e+00 2.257564799547649673e-06
1.110220089920198827e+00 2.240181171879565946e-06
1.112267485524498944e+00 2.222731051222443134e-06
1.114318656802469665e+00 2.205194259049928469e-06
1.116373610716959730e+00 2.187551366233241960e-06
1.118432354243663829e+00 2.169783701570629602e-06
1.120494894371135475e+00 2.151873361877351143e-06
1.122561238100820091e+00 2.133803223493109284e-06
1.124631392447073885e+00 2.115556955061809627e-06
1.126705364437186052e+00 2.097119031435703061e-06
1.128783161111408750e+00 2.078474748552816444e-06
1.130864789522973313e+00 2.059610239134059188e-06
1.132950256738121331e+00 2.040512489042711294e-06
1.135039569836125750e+00 2.021169354146478068e-06
1.137132735909310632e+00 2.001569577519166925e-06
1.139229762063084683e+00 1.981702806815892024e-06
1.141330655415954576e+00 1.961559611653852805e-06
1.143435423099558257e+00 1.941131500827583648e-06
1.145544072258685597e+00 1.920410939186287368e-06
1.147656610051298820e+00 1.899391363999002818e-06
1.149773043648564474e+00 1.878067200632200076e-06
1.151893380234869868e+00 1.856433877364412728e-06
1.154017627007854152e+00 1.834487839161850851e-06
1.156145791178430526e+00 1.812226560240519437e-06
1.158277879970806001e+00 1.789648555241404854e-06
1.160413900622514927e+00 1.766753388847541454e-06
1.162553860384434090e+00 1.743541683675490800e-06
1.164697766520815136e+00 1.720015126276961848e-06
1.166845626309306105e+00 1.696176471092106623e-06
1.168997447040972304e+00 1.672029542201347200e-06
1.171153236020329835e+00 1.647579232729602371e-06
1.173313000565360031e+00 1.622831501765219702e-06
1.175476748007543870e+00 1.597793368663929257e-06
1.177644485691881737e+00 1.572472904619179123e-06
1.179816220976916519e+00 1.546879221390405610e-06
1.181991961234763799e+00 1.521022457093230762e-06
1.184171713851135177e+00 1.494913758968584727e-06
1.186355486225358469e+00 1.468565263061822919e-06
1.188543285770412128e+00 1.441990070757454660e-06
1.190735119912939455e+00 1.415202222131661776e-06
1.192930996093283902e+00 1.388216666100537942e-06
1.195130921765509724e+00 1.361049227360180356e-06
1.197334904397423516e+00 1.333716570132286647e-06
1.199542951470609076e+00 1.306236158747531102e-06
1.201755070480441390e+00 1.278626215118597573e-06
1.203971268936122385e+00 1.250905673173316596e-06
1.206191554360701801e+00 1.223094130338906010e-06
1.208415934291098948e+00 1.195211796187494790e-06
1.210644416278137347e+00 1.167279438372895436e-06
1.212877007886560277e+00 1.139318326008608002e-06
1.215113716695065404e+00 1.111350170655537370e-06
1.217354550296326110e+00 1.083397065107414280e-06
1.219599516297014130e+00 1.055481434216564182e-06
1.221848622317833755e+00 1.027631180881152642e-06
1.224101875993538480e+00 9.998865642789115568e-07
1.226359284972964314e+00 9.722879019923624555e-07
1.228620856919053317e+00 9.448734077406389789e-07
1.230886599508874912e+00 9.176791654379554581e-07
1.233156520433661196e+00 8.907391136792368909e-07
1.235430627398822923e+00 8.640850401314489892e-07
1.237708928123984586e+00 8.377465852797758765e-07
1.239991430343006629e+00 8.117512549564219540e-07
1.242278141804007641e+00 7.861244410622079166e-07
1.244569070269400557e+00 7.608894498796936302e-07
1.246864223515907533e+00 7.360675373703868732e-07
1.249163609334596137e+00 7.116779508459730501e-07
1.251467235530901778e+00 6.877379764067152636e-07
1.253775109924650133e+00 6.642629915462411095e-07
1.256087240350092893e+00 6.412665223319967944e-07
1.258403634655923975e+00 6.187603045847481438e-07
1.260724300705315271e+00 5.967543484959553033e-07
1.263049246375939516e+00 5.752570061419068403e-07
1.265378479559992719e+00 5.542750413739761850e-07
1.267712008164231019e+00 5.338137015878027675e-07
1.270049840109985784e+00 5.138767908992405068e-07
1.272391983333200471e+00 4.944667442803088789e-07
1.274738445784453722e+00 4.755847022360033746e-07
1.277089235428982006e+00 4.572305856301142448e-07
1.279444360246715817e+00 4.394031702962428798e-07
1.281803828232297215e+00 4.221001610988929523e-07
1.284167647395114464e+00 4.053182651371188965e-07
1.286535825759326679e+00 3.890532638117431567e-07
1.288908371363886696e+00 3.733000835042989828e-07
1.291285292262577489e+00 3.580528646428366167e-07
1.293666596524029044e+00 3.433050289561403580e-07
1.296052292231754555e+00 3.290493447427409579e-07
1.298442387484175065e+00 3.152779900058780540e-07
1.300836890394641454e+00 3.019826133284997693e-07
1.303235809091472630e+00 2.891543923844752053e-07
1.305639151717971291e+00 2.767840900033283442e-07
1.308046926432462342e+00 2.648621077250320099e-07
1.310459141408314876e+00 2.533785368001739129e-07
1.312875804833967042e+00 2.423232066075602142e-07
1.315296924912961796e+00 2.316857304771789233e-07
1.317722509863970437e+00 2.214555489210694463e-07
1.320152567920816589e+00 2.116219702876623789e-07
1.322587107332513501e+00 2.021742088671656841e-07
1.325026136363280926e+00 1.931014204864858737e-07
1.327469663292583979e+00 1.843927356414565095e-07
1.329917696415155115e+00 1.760372902229021958e-07
1.332370244041020335e+00 1.680242539002005577e-07
1.334827314495534933e+00 1.603428562323808444e-07
1.337288916119402593e+00 1.529824105822755327e-07
1.339755057268712246e+00 1.459323359134421405e-07
1.342225746314962054e+00 1.391821765533610774e-07
1.344700991645085386e+00 1.327216200090320316e-07
1.347180801661486349e+00 1.265405129231213061e-07
1.349665184782059990e+00 1.206288752602344991e-07
1.352154149440228270e+00 1.149769128134400668e-07
1.354647704084966264e+00 1.095750281214208850e-07
1.357145857180825255e+00 1.044138298861807450e-07
1.359648617207972254e+00 9.948414098032202299e-08
1.362155992662207327e+00 9.477700513177922256e-08
1.364667992055001777e+00 9.028369237207397642e-08
1.367184623913523689e+00 8.599570333236463025e-08
1.369705896780661902e+00 8.190477246922386500e-08
1.372231819215064874e+00 7.800287029962855331e-08
1.374762399791159329e+00 7.428220472205719499e-08
1.377297647099188227e+00 7.073522149765050323e-08
1.379837569745235859e+00 6.735460396256830656e-08
1.382382176351253822e+00 6.413327203955240527e-08
1.384931475555098768e+00 6.106438061361374741e-08
1.387485476010551055e+00 5.814131733367392173e-08
1.390044186387354497e+00 5.535769989872487834e-08
1.392607615371240781e+00 5.270737288401126530e-08
1.395175771663954789e+00 5.018440415953637689e-08
1.397748663983294781e+00 4.778308095009395146e-08
1.400326301063129719e+00 4.549790558303381544e-08
1.402908691653439455e+00 4.332359096690208503e-08
1.405495844520339821e+00 4.125505584127062396e-08
1.408087768446108390e+00 3.928741983519409769e-08
1.410684472229224440e+00 3.741599836901357121e-08
1.413285964684386498e+00 3.563629743162504160e-08
1.415892254642553194e+00 3.394400826274992330e-08
1.418503350950969022e+00 3.233500196737702764e-08
1.421119262473188760e+00 3.080532408720280386e-08
1.423739998089119441e+00 2.935118915169374411e-08
1.426365566695037668e+00 2.796897522933969188e-08
1.428995977203630252e+00 2.665521849764437950e-08
1.431631238544020190e+00 2.540660784857452166e-08
1.434271359661793088e+00 2.421997954440922232e-08
1.436916349519036684e+00 2.309231193728087577e-08
1.439566217094360168e+00 2.202072026417928202e-08
1.442220971382935701e+00 2.100245152771079708e-08
1.444880621396522402e+00 2.003487947160186722e-08
1.447545176163495206e+00 1.911549965865821931e-08
1.450214644728883950e+00 1.824192465774909958e-08
1.452889036154392244e+00 1.741187934532608983e-08
1.455568359518440102e+00 1.662319632598408634e-08
1.458252623916189039e+00 1.587381147569471866e-08
1.460941838459568265e+00 1.516175961050061766e-08
1.463636012277315990e+00 1.448517028270789024e-08
1.466335154515004291e+00 1.384226370594471428e-08
1.469039274335067091e+00 1.323134680981997145e-08
1.471748380916840349e+00 1.265080942436074603e-08
1.474462483456582484e+00 1.209912059392015805e-08
1.477181591167515240e+00 1.157482501977823906e-08
1.479905713279851431e+00 1.107653963028210715e-08
1.482634859040820041e+00 1.060295027700841372e-08
1.485369037714710183e+00 1.015280855512393822e-08
1.488108258582889087e+00 9.724928745863417672e-09
1.490852530943844512e+00 9.318184878796577111e-09
1.493601864113212274e+00 8.931507911374905182e-09
1.496356267423802455e+00 8.563883023074822464e-09
1.499115750225642696e+00 8.214347021316177771e-09
1.501880321885997072e+00 7.881985856233893155e-09
1.504649991789408059e+00 7.565932241279912073e-09
1.507424769337725845e+00 7.265363376581018081e-09
1.510204663950132975e+00 6.979498771924043447e-09
1.512989685063189205e+00 6.707598166212999439e-09
1.515779842130850152e+00 6.448959540236328032e-09
1.518575144624510376e+00 6.202917219576270882e-09
1.521375602033031127e+00 5.968840064514619120e-09
1.524181223862767665e+00 5.746129743810836765e-09
1.526992019637612330e+00 5.534218295173227644e-09
1.529807998899014754e+00 5.332536976128613231e-09
1.532629171206024932e+00 5.140511034259041617e-09
1.535455546135320981e+00 4.957599313318177900e-09
1.538287133281237118e+00 4.783294650219100463e-09
1.541123942255806956e+00 4.617121530272654723e-09
1.543965982688783933e+00 4.458633917236599705e-09
1.546813264227684170e+00 4.307413244235683044e-09
1.549665796537815998e+00 4.163066552797600429e-09
1.552523589302306606e+00 4.025224768319780937e-09
1.555386652222146449e+00 3.893541101260472001e-09
1.558254995016209676e+00 3.767689564241692378e-09
1.561128627421298320e+00 3.647363596062330788e-09
1.564007559192170271e+00 3.532274784364412573e-09
1.566891800101567256e+00 3.422151679372446042e-09
1.569781359940260579e+00 3.316738691743190105e-09
1.572676248517069997e+00 3.215795068133079166e-09
1.575576475658908793e+00 3.119093938602346838e-09
1.578482051210812642e+00 3.026421430452412311e-09
1.581392985035968035e+00 2.937575843523475268e-09
1.584309287015757128e+00 2.852366882375124951e-09
1.587230967049777508e+00 2.770614941137991549e-09
1.590158035055888375e+00 2.692150437153595359e-09
1.593090500970238521e+00 2.616813189827159915e-09
1.596028374747296086e+00 2.544451841395689196e-09
1.598971666359892296e+00 2.474923316570181073e-09
1.601920385799243451e+00 2.408092318247270973e-09
1.604874543074995996e+00 2.343830856699379232e-09
1.607834148215255166e+00 2.282017809853215052e-09
1.610799211266614961e+00 2.222538512446967590e-09
1.613769742294203002e+00 2.165284372024597775e-09
1.616745751381701401e+00 2.110152509880344614e-09
1.619727248631393612e+00 2.057045425207313211e-09
1.622714244164192410e+00 2.005870680835478838e-09
1.625706748119670308e+00 1.956540609063805229e-09
1.628704770656103307e+00 1.908972036202166754e-09
1.631708321950500862e+00 1.863086024541133135e-09
1.634717412198635200e+00 1.818807630560924241e-09
1.637732051615087281e+00 1.776065678277965927e-09
1.640752250433268777e+00 1.734792546707924714e-09
1.643778018905468041e+00 1.694923970496567564e-09
1.646809367302880078e+00 1.656398852839745819e-09
1.649846305915636524e+00 1.619159089875302006e-09
1.652888845052851385e+00 1.583149405788347372e-09
1.655936995042644355e+00 1.548317197925651903e-09
1.658990766232185887e+00 1.514612391263545374e-09
1.662050168987728282e+00 1.481987301620761495e-09
1.665115213694635443e+00 1.450396507049562809e-09
1.668185910757430390e+00 1.419796726877900777e-09
1.671262270599816135e+00 1.390146707912412057e-09
1.674344303664723865e+00 1.361407117344916237e-09
1.677432020414342917e+00 1.333540441937343046e-09
1.680525431330151198e+00 1.306510893088343651e-09
1.683624546912962705e+00 1.280284317411970508e-09
1.686729377682949282e+00 1.254828112484120320e-09
1.689839934179689029e+00 1.230111147434823750e-09
1.692956226962195831e+00 1.206103688086799588e-09
1.696078266608951335e+00 1.182777326360271530e-09
1.699206063717951354e+00 1.160104913682250651e-09
1.702339628906729851e+00 1.138060498156603243e-09
1.705478972812405569e+00 1.116619265266217482e-09
1.708624106091713779e+00 1.095757481894338823e-09
1.711775039421036926e+00 1.075452443465457827e-09
1.714931783496453033e+00 1.055682424019134778e-09
1.718094349033758128e+00 1.036426629042365962e-09
1.721262746768515095e+00 1.017665150896848418e-09
1.724436987456084536e+00 9.993789266883016708e-10
1.727617081871655857e+00 9.815496984345024721e-10
1.730803040810296789e+00 9.641599753974936820e-10
1.733994875086975362e+00 9.471929984543917653e-10
1.737192595536609430e+00 9.306327063883657635e-10
1.740396213014097304e+00 9.144637039893219067e-10
1.743605738394350402e+00 8.986712318601420055e-10
1.746821182572342090e+00 8.832411378309077030e-10
1.750042556463130117e+00 8.681598498896026994e-10
1.753269871001906344e+00 8.534143505429423226e-10
1.756503137144029170e+00 8.389921525265932762e-10
1.759742365865053948e+00 8.248812757886017796e-10
1.762987568160784280e+00 8.110702256743726859e-10
1.766238755047294218e+00 7.975479722459697488e-10
1.769495937560978005e+00 7.843039306721924039e-10
1.772759126758582937e+00 7.713279426297397104e-10
1.776028333717240670e+00 7.586102586592304410e-10
1.779303569534517848e+00 7.461415214228824014e-10
1.782584845328439638e+00 7.339127498140086975e-10
1.785872172237539246e+00 7.219153238709467336e-10
1.789165561420891226e+00 7.101409704509737718e-10
1.792465024058143452e+00 6.985817496221397814e-10
1.795770571349567968e+00 6.872300417331411685e-10
1.799082214516083855e+00 6.760785351238908671e-10
1.802399964799308973e+00 6.651202144409977537e-10
1.805723833461592154e+00 6.543483495247519724e-10
1.809053831786046285e+00 6.437564848357652687e-10
1.812389971076596717e+00 6.333384293910075502e-10
1.815732262658015461e+00 6.230882471809257966e-10
1.819080717875952713e+00 6.130002480404662351e-10
1.822435348096989705e+00 6.030689789483553177e-10
1.825796164708661129e+00 5.932892157304413679e-10
1.829163179119507765e+00 5.836559551438536379e-10
1.832536402759109118e+00 5.741644073202379874e-10
1.835915847078117169e+00 5.648099885471771886e-10
1.839301523548307005e+00 5.555883143680209653e-10
1.842693443662602792e+00 5.464951929814499938e-10
1.846091618935128187e+00 5.375266189227932337e-10
1.849496060901240524e+00 5.286787670102763193e-10
1.852906781117564572e+00 5.199479865399546679e-10
1.856323791162044046e+00 5.113307957140402508e-10
1.859747102633967142e+00 5.028238762880541357e-10
1.863176727154017609e+00 4.944240684228557434e-10
1.866612676364309609e+00 4.861283657284208426e-10
1.870054961928421688e+00 4.779339104868155066e-10
1.873503595531448518e+00 4.698379890423443050e-10
1.876958588880026424e+00 4.618380273476813402e-10
1.880419953702385794e+00 4.539315866550447675e-10
1.883887701748385934e+00 4.461163593423249531e-10
1.887361844789548382e+00 4.383901648643959227e-10
1.890842394619110634e+00 4.307509458203577247e-10
1.894329363052050796e+00 4.231967641281051150e-10
1.897822761925141322e+00 4.157257972978399172e-10
1.901322603096983199e+00 4.083363347968296747e-10
1.904828898448040375e+00 4.010267744980166724e-10
1.908341659880693930e+00 3.937956192054858918e-10
1.911860899319266505e+00 3.866414732503928828e-10
1.915386628710076700e+00 3.795630391511048392e-10
1.918918860021474382e+00 3.725591143319311361e-10
1.922457605243873546e+00 3.656286190324506761e-10
1.926002876389809160e+00 3.587712246141263142e-10
1.929554685493960475e+00 3.519872676605398533e-10
1.933113044613206100e+00 3.452770930820680179e-10
1.936677965826659520e+00 3.386410262870688350e-10
1.940249461235703743e+00 3.320793728751798659e-10
1.943827542964046140e+00 3.255924183486522825e-10
1.947412223157743982e+00 3.191804278420985540e-10
1.951003513985259508e+00 3.128436458706995988e-10
1.954601427637495004e+00 3.065822960972520609e-10
1.958205976327828557e+00 3.003965811181418918e-10
1.961817172292169786e+00 2.942866822684010931e-10
1.965435027788984268e+00 2.882527594461092669e-10
1.969059555099350378e+00 2.822949509561018709e-10
1.972690766526994377e+00 2.764133733732322487e-10
1.976328674398325935e+00 2.706081214252211935e-10
1.979973291062494534e+00 2.648792678950919768e-10
1.983624628891414998e+00 2.592268635433648612e-10
1.987282700279824121e+00 2.536509370498931716e-10
1.990947517645315745e+00 2.481514949754303650e-10
1.994619093428377399e+00 2.427285217428652308e-10
1.998297440092444699e+00 2.373819796380627199e-10
2.001982570123937766e+00 2.321118088302620901e-10
2.005674496032297416e+00 2.269179274119524391e-10
2.009373230350040895e+00 2.218002314580453028e-10
2.013078785632789192e+00 2.167585951042870086e-10
2.016791174459324321e+00 2.117928706446802084e-10
2.020510409431624854e+00 2.069028886477706088e-10
2.024236503174902779e+00 2.020884580916021348e-10
2.027969468337661230e+00 1.973493665170481941e-10
2.031709317591720687e+00 1.926853801993681353e-10
2.035456063632275825e+00 1.880962443376262573e-10
2.039209719177933255e+00 1.835816832617426382e-10
2.042970296970748389e+00 1.791414006568587688e-10
2.046737809776283168e+00 1.747750798046318750e-10
2.050512270383631819e+00 1.704823838412095195e-10
2.054293691605480809e+00 1.662629560313957209e-10
2.058082086278143930e+00 1.621164200587240910e-10
2.061877467261600927e+00 1.580423803309823458e-10
2.065679847439555239e+00 1.540404223007409149e-10
2.069489239719461970e+00 1.501101128005237084e-10
2.073305657032585181e+00 1.462510003920778923e-10
2.077129112334035188e+00 1.424626157293373299e-10
2.080959618602807648e+00 1.387444719345618196e-10
2.084797188841842619e+00 1.350960649871472683e-10
2.088641836078048541e+00 1.315168741246305988e-10
2.092493573362366188e+00 1.280063622553071629e-10
2.096352413769801970e+00 1.245639763819812812e-10
2.100218370399468792e+00 1.211891480362732105e-10
2.104091456374645119e+00 1.178812937229060963e-10
2.107971684842801174e+00 1.146398153734628257e-10
2.111859068975659781e+00 1.114641008089686259e-10
2.115753621969233667e+00 1.083535242107776510e-10
2.119655357043865429e+00 1.053074465991397342e-10
2.123564287444284826e+00 1.023252163188578228e-10
2.127480426439639416e+00 9.940616953145138237e-11
2.131403787323552290e+00 9.654963071320877105e-11
2.135334383414162929e+00 9.375491315852776704e-11
2.139272228054163616e+00 9.102131948795097888e-11
2.143217334610861613e+00 8.834814216025444097e-11
2.147169716476206691e+00 8.573466398802917305e-11
2.151129387066851528e+00 8.318015865609972363e-11
2.155096359824190788e+00 8.068389124221634852e-11
2.159070648214400645e+00 7.824511873939559241e-11
2.163052265728499179e+00 7.586309057930929590e-11
2.167041225882375244e+00 7.353704915615201028e-11
2.171037542216848859e+00 7.126623035036370739e-11
2.175041228297712070e+00 6.904986405165763187e-11
2.179052297715766251e+00 6.688717468076824656e-11
2.183070764086886495e+00 6.477738170933230878e-11
2.187096641052046486e+00 6.271970017738928204e-11
2.191129942277384224e+00 6.071334120790126088e-11
2.195170681454239325e+00 5.875751251779740596e-11
2.199218872299192551e+00 5.685141892499790649e-11
2.203274528554130196e+00 5.499426285089067238e-11
2.207337663986269849e+00 5.318524481779224867e-11
2.211408292388226560e+00 5.142356394086252928e-11
2.215486427578048811e+00 4.970841841403270574e-11
2.219572083399262041e+00 4.803900598947127460e-11
2.223665273720926816e+00 4.641452445013195849e-11
2.227766012437681020e+00 4.483417207497418350e-11
2.231874313469778048e+00 4.329714809643032151e-11
2.235990190763152974e+00 4.180265314971442438e-11
2.240113658289448750e+00 4.034988971361255517e-11
2.244244730046080605e+00 3.893806254236557980e-11
2.248383420056277782e+00 3.756637908831978284e-11
2.252529742369122623e+00 3.623404991500763703e-11
2.256683711059615849e+00 3.494028910034455287e-11
2.260845340228703648e+00 3.368431462966356566e-11
2.265014644003345179e+00 3.246534877829856333e-11
2.269191636536549872e+00 3.128261848348003044e-11
2.273376332007421841e+00 3.013535570529631759e-11
2.277568744621221164e+00 2.902279777650679735e-11
2.281768888609395862e+00 2.794418774101750175e-11
2.285976778229645401e+00 2.689877468083258295e-11
2.290192427765962879e+00 2.588581403133080444e-11
2.294415851528675443e+00 2.490456788472912747e-11
2.298647063854509565e+00 2.395430528160298544e-11
2.302886079106622130e+00 2.303430249037897418e-11
2.307132911674663944e+00 2.214384327470262873e-11
2.311387575974821917e+00 2.128221914862887996e-11
2.315650086449862144e+00 2.044872961958584807e-11
2.319920457569194294e+00 1.964268241908216194e-11
2.324198703828902257e+00 1.886339372115804028e-11
2.328484839751808533e+00 1.811018834857726536e-11
2.332778879887519974e+00 1.738239996679503628e-11
2.337080838812465533e+00 1.667937126574166202e-11
2.341390731129965985e+00 1.600045412947583805e-11
2.345708571470262349e+00 1.534500979379373712e-11
2.350034374490583389e+00 1.471240899187120054e-11
2.354368154875186914e+00 1.410203208805696623e-11
2.358709927335404632e+00 1.351326919992956260e-11
2.363059706609706545e+00 1.294552030875360180e-11
2.367417507463733362e+00 1.239819535848791429e-11
2.371783344690362227e+00 1.187071434349909598e-11
2.376157233109750244e+00 1.136250738516147188e-11
2.380539187569378878e+00 1.087301479752561590e-11
2.384929222944119243e+00 1.040168714224919553e-11
2.389327354136263182e+00 9.947985273005799619e-12
2.393733596075592995e+00 9.511380369580277915e-12
2.398147963719423181e+00 9.091353961884807336e-12
2.402570472052643513e+00 8.687397944129449057e-12
2.407001136087788318e+00 8.299014579389505422e-12
2.411439970865067561e+00 7.925716494827133423e-12
2.415886991452434351e+00 7.567026667820390168e-12
2.420342212945628457e+00 7.222480169668564718e-12
2.424805650468222495e+00 6.891654759436865318e-12
2.429277319171686766e+00 6.574160434300172343e-12
2.433757234235425226e+00 6.269607451743120898e-12
2.438245410866840324e+00 5.977606252020406688e-12
2.442741864301380517e+00 5.697768477478155358e-12
2.447246609802581130e+00 5.429707911228029570e-12
2.451759662662137629e+00 5.173041337721894332e-12
2.456281038199933597e+00 4.927389327952310685e-12
2.460810751764113569e+00 4.692376952131495099e-12
2.465348818731125213e+00 4.467634422822912880e-12
2.469895254505765081e+00 4.252797671576298722e-12
2.474450074521245657e+00 4.047508862176498201e-12
2.479013294239240661e+00 3.851416843656070326e-12
2.483584929149929454e+00 3.664177546232340583e-12
2.488164994772067651e+00 3.485454323326231867e-12
2.492753506653019535e+00 3.314918242802632398e-12
2.497350480368827785e+00 3.152248330529167903e-12
2.501955931524260102e+00 2.997131769306572781e-12
2.506569875752853171e+00 2.849264056156898194e-12
2.511192328716985500e+00 2.708349120884244688e-12
2.515823306107907165e+00 2.574099408743807343e-12
2.520462823645814421e+00 2.446235929960390043e-12
2.525110897079892336e+00 2.324488278747896122e-12
2.529767542188362306e+00 2.208594624376327858e-12
2.534432774778553554e+00 2.098301676729770181e-12
2.539106610686935550e+00 1.993364628692708076e-12
2.543789065779189951e+00 1.893547077589405374e-12
2.548480155950257231e+00 1.798620927793802714e-12
2.553179897124382869e+00 1.708366276514367763e-12
2.557888305255187511e+00 1.622571284647599285e-12
2.562605396325703833e+00 1.541032034486313359e-12
2.567331186348446703e+00 1.463552375957793882e-12
2.572065691365459372e+00 1.389943762963281105e-12
2.576808927448362319e+00 1.320025081285277121e-12
2.581560910698423861e+00 1.253622469427908919e-12
2.586321657246594352e+00 1.190569133659217806e-12
2.591091183253580787e+00 1.130705158427561612e-12
2.595869504909892100e+00 1.073877313235431548e-12
2.600656638435886681e+00 1.019938856965027705e-12
2.605452600081846093e+00 9.687493405667164925e-13
2.610257406128008828e+00 9.201744089427287877e-13
2.615071072884645353e+00 8.740856027808222345e-13
2.619893616692102967e+00 8.303601610227526650e-13
2.624725053920855533e+00 7.888808245828728086e-13
2.629565400971577649e+00 7.495356418686297636e-13
2.634414674275176615e+00 7.122177765949853651e-13
2.639272890292869711e+00 6.768253183270376511e-13
2.644140065516230820e+00 6.432610961336169139e-13
2.649016216467238394e+00 6.114324956843967758e-13
2.653901359698350504e+00 5.812512800772730721e-13
2.658795511792538591e+00 5.526334146410555263e-13
2.663698689363364736e+00 5.254988959179354733e-13
2.668610909055027847e+00 4.997715849951215187e-13
2.673532187542412952e+00 4.753790453209966193e-13
2.678462541531166696e+00 4.522523851107085729e-13
2.683401987757732421e+00 4.303261044187089303e-13
2.688350542989425662e+00 4.095379469296415459e-13
2.693308224024483888e+00 3.898287564967431753e-13
2.698275047692113571e+00 3.711423384357510549e-13
2.703251030852567904e+00 3.534253255635541193e-13
2.708236190397181442e+00 3.366270489547845582e-13
2.713230543248447812e+00 3.206994133739005660e-13
2.718234106360066793e+00 3.055967773278877243e-13
2.723246896716995824e+00 2.912758376728267441e-13
2.728268931335525060e+00 2.776955186975412862e-13
2.733300227263314230e+00 2.648168655992060251e-13
2.738340801579469908e+00 2.526029422579229747e-13
2.743390671394594360e+00 2.410187332114887736e-13
2.748449853850836178e+00 2.300310497261263563e-13
2.753518366121964878e+00 2.196084398548200215e-13
2.758596225413419756e+00 2.097211023717257786e-13
2.763683448962361844e+00 2.003408044684683572e-13
2.768780054037750737e+00 1.914408030964180414e-13
2.773886057940381011e+00 1.829957698380664648e-13
2.779001478002960823e+00 1.749817191898822806e-13
2.784126331590162096e+00 1.673759401392720560e-13
2.789260636098670698e+00 1.601569309186557175e-13
2.794404408957266828e+00 1.533043368205144375e-13
2.799557667626858759e+00 1.467988909587682166e-13
2.804720429600564557e+00 1.406223578631506090e-13
2.809892712403761816e+00 1.347574797954054509e-13
2.815074533594138728e+00 1.291879256780670865e-13
2.820265910761774020e+00 1.238982425289607296e-13
2.825466861529172036e+00 1.188738092971384241e-13
2.830677403551346227e+00 1.141007929984470329e-13
2.835897554515866226e+00 1.095661070518459274e-13
2.841127332142912021e+00 1.052573717203212092e-13
2.846366754185353898e+00 1.011628765631772866e-13
2.851615838428789296e+00 9.727154480950500205e-14
2.856874602691622744e+00 9.357289956551816497e-14
2.862143064825118710e+00 9.005703177153961000e-14
2.867421242713453111e+00 8.671456982737563933e-14
2.872709154273794585e+00 8.353665080778483297e-14
2.878006817456340460e+00 8.051489319280523996e-14
2.883314250244401133e+00 7.764137104049961114e-14
2.888631470654450251e+00 7.490858953270507303e-14
2.893958496736176222e+00 7.230946182712943046e-14
2.899295346572567045e+00 6.983728715192880258e-14
2.904642038279944938e+00 6.748573008169594699e-14
2.909998590008051167e+00 6.524880093635435601e-14
2.915365019940096225e+00 6.312083724713802454e-14
2.920741346292815344e+00 6.109648623631432945e-14
2.926127587316548873e+00 5.917068825976465537e-14
2.931523761295281805e+00 5.733866116396153931e-14
2.936929886546725488e+00 5.559588551112587674e-14
2.942345981422372247e+00 5.393809062865565469e-14
2.947772064307548678e+00 5.236124144102348802e-14
2.953208153621496468e+00 5.086152604445384584e-14
2.958654267817415029e+00 4.943534398672566165e-14
2.964110425382541436e+00 4.807929521635231919e-14
2.969576644838206825e+00 4.679016966732041430e-14
2.975052944739887906e+00 4.556493744733653705e-14
2.980539343677293562e+00 4.440073959930726477e-14
2.986035860274401266e+00 4.329487940745526219e-14
2.991542513189543673e+00 4.224481422108668377e-14
2.997059321115461472e+00 4.124814777061368166e-14
3.002586302779358451e+00 4.030262295193178032e-14
3.008123476942985430e+00 3.940611505670971950e-14
3.013670862402681561e+00 3.855662542757916768e-14
3.019228477989456039e+00 3.775227551855503145e-14
3.024796342569047169e+00 3.699130134235709543e-14
3.030374475041973881e+00 3.627204828757789578e-14
3.035962894343622764e+00 3.559296628989479483e-14
3.041561619444286713e+00 3.495260534274360127e-14
3.047170669349252847e+00 3.434959149972086416e-14
3.052790063098856699e+00 3.378230401545703917e-14
3.058419819768535941e+00 3.324894879431459451e-14
3.064059958468916101e+00 3.274784422942888136e-14
3.069710498345866512e+00 3.227742169183718555e-14
3.075371458580552275e+00 3.183621724372994829e-14
3.081042858389525740e+00 3.142286401377821503e-14
3.086724717024763365e+00 3.103608517599029011e-14
3.092417053773754976e+00 3.067468747901955195e-14
3.098119887959558394e+00 3.033755527778870133e-14
3.103833238940857608e+00 3.002364502373270479e-14
3.109557126112048042e+00 2.973198017397129458e-14
3.115291568903278741e+00 2.946164648333066072e-14
3.121036586780539857e+00 2.921178764639090550e-14
3.126792199245720383e+00 2.898160125968098977e-14
3.132558425836662330e+00 2.877033507680306517e-14
3.138335286127252655e+00 2.857728353166404661e-14
3.144122799727460560e+00 2.840178450718254204e-14
3.149920986283429869e+00 2.824321632879728503e-14
3.155729865477533647e+00 2.810099496389949623e-14
3.161549457028432375e+00 2.797457140992423015e-14
3.167379780691163660e+00 2.786342925531514300e-14
3.173220856257183087e+00 2.776708239890588732e-14
3.179072703554453483e+00 2.768507291448300058e-14
3.184935342447503537e+00 2.761696904839951930e-14
3.190808792837485530e+00 2.756236333911636086e-14
3.196693074662264156e+00 2.752087084846875323e-14
3.202588207896460037e+00 2.749212749529620875e-14
3.208494212551539437e+00 2.747578848283864121e-14
3.214411108675871542e+00 2.747152681200974928e-14
3.220338916354788417e+00 2.747903187329767761e-14
3.226277655710675596e+00 2.749800811063784774e-14
3.232227346903012943e+00 2.752817375114620179e-14
3.238188010128467464e+00 2.756925959510312099e-14
3.244159665620951927e+00 2.762100786104071099e-14
3.250142333651682591e+00 2.768317108121131993e-14
3.256136034529272028e+00 2.775551104312317000e-14
3.262140788599771746e+00 2.783779777317975795e-14
3.268156616246763679e+00 2.792980855882592294e-14
3.274183537891420137e+00 2.803132700590509326e-14
3.280221573992561979e+00 2.814214212824897629e-14
3.286270745046753206e+00 2.826204746679634106e-14
3.292331071588342706e+00 2.839084023580869328e-14
3.298402574189557068e+00 2.852832049400448238e-14
3.304485273460561423e+00 2.867429033867346403e-14
3.310579190049518505e+00 2.882855312106477650e-14
3.316684344642682358e+00 2.899091268156130510e-14
3.322800757964441853e+00 2.916117260336352859e-14
3.328928450777414838e+00 2.933913548361403266e-14
3.335067443882507199e+00 2.952460222108611451e-14
3.341217758118976366e+00 2.971737131975559679e-14
3.347379414364521466e+00 2.991723820775773279e-14
3.353552433535330835e+00 3.012399457141520443e-14
3.359736836586174835e+00 3.033742770419848106e-14
3.365932644510467142e+00 3.055731987065610127e-14
3.372139878340325581e+00 3.078344768551829673e-14
3.378358559146665385e+00 3.101558150834934831e-14
3.384588708039258709e+00 3.125348485428319433e-14
3.390830346166795906e+00 3.149691382154203549e-14
3.397083494716983676e+00 3.174561653659089101e-14
3.403348174916586366e+00 3.199933261793783513e-14
3.409624408031525444e+00 3.225779265974057464e-14
3.415912215366937676e+00 3.252071773652611852e-14
3.422211618267240407e+00 3.278781893047236179e-14
3.428522638116226595e+00 3.305879688284254555e-14
3.434845296337109222e+00 3.333334137128890204e-14
3.441179614392619879e+00 3.361113091488028618e-14
3.447525613785069609e+00 3.389183240881687696e-14
3.453883316056412411e+00 3.417510079091661788e-14
3.460252742788342495e+00 3.446057874206456790e-14
3.466633915602340466e+00 3.474789642290336185e-14
3.473026856159768361e+00 3.503667124914099949e-14
3.479431586161937151e+00 3.532650770792168464e-14
3.485848127350165360e+00 3.561699721776432247e-14
3.492276501505880759e+00 3.590771803463846821e-14
3.498716730450664336e+00 3.619823520676552549e-14
3.505168836046349323e+00 3.648810058076897107e-14
3.511632840195086480e+00 3.677685286179044674e-14
3.518108764839405378e+00 3.706401773018332766e-14
3.524596631962314319e+00 3.734910801735839468e-14
3.531096463587348300e+00 3.763162394330197689e-14
3.537608281778665820e+00 3.791105341822062244e-14
3.544132108641116830e+00 3.818687241066034518e-14
3.550667966320302238e+00 3.845854538433311924e-14
3.557215877002679161e+00 3.872552580574647969e-14
3.563775862915603998e+00 3.898725672454642133e-14
3.570347946327433686e+00 3.924317142830497495e-14
3.576932149547592310e+00 3.949269417325411122e-14
3.583528494926633723e+00 3.973524099221516854e-14
3.590137004856344127e+00 3.997022058071036647e-14
3.596757701769788262e+00 4.019703526191972985e-14
3.603390608141412432e+00 4.041508203083367137e-14
3.610035746487107122e+00 4.062375367758078528e-14
3.616693139364276277e+00 4.082243998952898768e-14
3.623362809371935445e+00 4.101052903135094758e-14
3.630044779150761958e+00 4.118740850179804941e-14
3.636739071383197519e+00 4.135246716547761597e-14
3.643445708793511262e+00 4.150509635744279433e-14
3.650164714147870360e+00 4.164469155789660729e-14
3.656896110254438170e+00 4.177065403380184148e-14
3.663639919963426195e+00 4.188239254364387680e-14
3.670396166167195773e+00 4.197932510105109070e-14
3.677164871800324697e+00 4.206088079241697543e-14
3.683946059839672937e+00 4.212650164310754221e-14
3.690739753304490112e+00 4.217564452626971335e-14
3.697545975256459005e+00 4.220778310769359863e-14
3.704364748799803930e+00 4.222240981962763925e-14
3.711196097081356893e+00 4.221903785589654299e-14
3.718040043290623320e+00 4.219720318014053208e-14
3.724896610659888641e+00 4.215646653849505130e-14
3.731765822464267135e+00 4.209641546753430030e-14
3.738647702021806296e+00 4.201666628786262824e-14
3.745542272693556107e+00 4.191686607331834398e-14
3.752449557883634768e+00 4.179669458538995320e-14
3.759369581039333053e+00 4.165586616211175745e-14
3.766302365651181816e+00 4.149413155045334037e-14
3.773247935253020380e+00 4.131127967099419301e-14
3.780206313422101783e+00 4.110713930354006869e-14
3.787177523779144295e+00 4.088158068225706146e-14
3.794161589988437555e+00 4.063451698890041192e-14
3.801158535757910961e+00 4.036590573279538186e-14
3.808168384839202947e+00 4.007575000638007315e-14
3.815191161027768896e+00 3.976409960537023636e-14
3.822226888162930880e+00 3.943105200293790939e-14
3.829275590127985129e+00 3.907675316771707284e-14
3.836337290850271753e+00 3.870142182319381513e-14
3.843412014301244906e+00 3.830569296849361695e-14
3.850499784496580702e+00 3.789052377974154427e-14
3.857600625496228286e+00 3.745689705324332336e-14
3.864714561404516857e+00 3.700580956702268766e-14
3.871841616370228945e+00 3.653826876221556065e-14
3.878981814586668353e+00 3.605528950053110444e-14
3.886135180291769853e+00 3.555789090943548312e-14
3.893301737768150694e+00 3.504709332575649384e-14
3.900481511343220742e+00 3.452391534739563998e-14
3.907674525389252640e+00 3.398937100184930627e-14
3.914880804323453312e+00 3.344446703921309965e-14
3.922100372608073204e+00 3.289020035634730363e-14
3.929333254750459137e+00 3.232755555788248066e-14
3.936579475303165321e+00 3.175750265875625679e-14
3.943839058864023084e+00 3.118099493202458484e-14
3.951112030076214143e+00 3.059896690474831479e-14
3.958398413628381629e+00 3.001233250385765866e-14
3.965698234254681598e+00 2.942198335304463734e-14
3.973011516734894943e+00 2.882878722089085995e-14
3.980338285894500672e+00 2.823358661967809223e-14
3.987678566604746067e+00 2.763719755358732993e-14
3.995032383782762153e+00 2.704040841429829621e-14
4.002399762391612548e+00 2.644397902139133172e-14
4.009780727440409365e+00 2.584863980433871321e-14
4.017175303984384271e+00 2.525509112237140555e-14
4.024583517124963095e+00 2.466400271800712075e-14
4.032005392009876843e+00 2.407601329960780510e-14
4.039440953833216774e+00 2.349173024796349125e-14
4.046890227835548082e+00 2.291172944156533488e-14
4.054353239303982726e+00 2.233655519496829282e-14
4.061830013572252263e+00 2.176672030441219249e-14
4.069320576020825087e+00 2.120270619468792982e-14
4.076824952076957054e+00 2.064496316111451564e-14
4.084343167214807835e+00 2.009391070038318665e-14
4.091875246955514633e+00 1.954993792399070640e-14
4.099421216867267681e+00 1.901340404796259645e-14
4.106981102565424813e+00 1.848463895258517285e-14
4.114554929712563869e+00 1.796394380593735518e-14
4.122142724018601712e+00 1.745159174507565544e-14
4.129744511240867944e+00 1.694782860886240358e-14
4.137360317184178626e+00 1.645287371654943285e-14
4.144990167700956185e+00 1.596692068639616251e-14
4.152634088691278258e+00 1.549013828878578609e-14
4.160292106103002041e+00 1.502267132849105007e-14
4.167964245931832679e+00 1.456464155096615469e-14
4.175650534221404975e+00 1.411614856775793413e-14
4.183350997063392640e+00 1.367727079636642358e-14
4.191065660597587339e+00 1.324806641013248267e-14
4.198794551011971521e+00 1.282857429397795746e-14
4.206537694542840988e+00 1.241881500207110957e-14
4.214295117474855523e+00 1.201879171375997957e-14
4.222066846141161456e+00 1.162849118435540867e-14
4.229852906923468048e+00 1.124788468761709260e-14
4.237653326252120323e+00 1.087692894703759144e-14
4.245468130606224300e+00 1.051556705327182618e-14
4.253297346513697619e+00 1.016372936530933219e-14
4.261141000551393887e+00 9.821334393213464917e-15
4.268999119345177284e+00 9.488289660496453305e-15
4.276871729569998948e+00 9.164492544414177970e-15
4.284758857950023092e+00 8.849831092680891995e-15
4.292660531258676748e+00 8.544184815317685972e-15
4.300576776318774996e+00 8.247425450537161443e-15
4.308507620002596461e+00 7.959417703760445395e-15
4.316453089231965023e+00 7.680019959039364350e-15
4.324413210978367950e+00 7.409084962320681246e-15
4.332388012263013621e+00 7.146460476153412938e-15
4.340377520156954994e+00 6.891989905579517155e-15
4.348381761781169530e+00 6.645512895091458616e-15
4.356400764306632922e+00 6.406865896663948907e-15
4.364434554954446988e+00 6.175882708981492996e-15
4.372483160995896512e+00 5.952394988096404052e-15
4.380546609752568266e+00 5.736232729841696945e-15
4.388624928596438046e+00 5.527224724417321941e-15
4.396718144949942619e+00 5.325198983643470861e-15
4.404826286286106729e+00 5.129983141445063820e-15
4.412949380128605270e+00 4.941404828196698786e-15
4.421087454051879639e+00 4.759292019605876912e-15
4.429240535681223889e+00 4.583473360865118999e-15
4.437408652692864663e+00 4.413778466837660142e-15
4.445591832814082878e+00 4.250038199076259125e-15
4.453790103823276780e+00 4.092084920503003673e-15
4.462003493550081856e+00 3.939752728593480406e-15
4.470232029875458757e+00 3.792877667929406415e-15
4.478475740731769683e+00 3.651297922989412430e-15
4.486734654102904507e+00 3.514853992054704172e-15
4.495008798024342944e+00 3.383388843107907801e-15
4.503298200583278899e+00 3.256748052598151526e-15
4.511602889918701287e+00 3.134779927942054028e-15
4.519922894221480192e+00 3.017335614617491838e-15
4.528258241734490319e+00 2.904269188696029396e-15
4.536608960752672282e+00 2.795437735645092124e-15
4.544975079623157832e+00 2.690701416211784877e-15
4.553356626745358682e+00 2.589923520182644812e-15
4.561753630571041107e+00 2.492970508791971410e-15
4.570166119604461841e+00 2.399712046527434418e-15
4.578594122402423139e+00 2.310021023061175757e-15
4.587037667574404232e+00 2.223773566005790152e-15
4.595496783782643035e+00 2.140849045173075139e-15
4.603971499742223195e+00 2.061130068984394847e-15
4.612461844221197538e+00 1.984502473656726615e-15
4.620967846040656468e+00 1.910855305761445336e-15
4.629489534074852308e+00 1.840080798725503274e-15
4.638026937251285453e+00 1.772074343819219415e-15
4.646580084550787859e+00 1.706734456147054257e-15
4.655149005007651830e+00 1.643962736131829124e-15
4.663733727709710841e+00 1.583663826957991897e-15
4.672334281798429245e+00 1.525745368412484322e-15
4.680950696469026617e+00 1.470117947537667407e-15
4.689583000970547921e+00 1.416695046486754739e-15
4.698231224605987855e+00 1.365392987947693888e-15
4.706895396732382331e+00 1.316130878479153276e-15
4.715575546760890191e+00 1.268830550079799641e-15
4.724271704156928209e+00 1.223416500290007266e-15
4.732983898440231485e+00 1.179815831105840867e-15
4.741712159184987563e+00 1.137958186963329236e-15
4.750456516019924358e+00 1.097775692033810271e-15
4.759216998628392759e+00 1.059202887051649137e-15
4.767993636748505182e+00 1.022176665878488506e-15
4.776786460173194193e+00 9.866362119920726641e-16
4.785595498750349286e+00 9.525229350709416779e-16
4.794420782382903923e+00 9.197804078322173855e-16
4.803262341028921689e+00 8.883543032650684101e-16
4.812120204701733073e+00 8.581923323886073399e-16
4.820994403469995859e+00 8.292441826514185742e-16
4.829884967457835465e+00 8.014611457391498512e-16
4.838791926844929314e+00 7.747921214755882124e-16
4.847715311866593879e+00 7.491853206838641165e-16
4.856655152813926790e+00 7.245915703254458678e-16
4.865611480033864567e+00 7.009642415753421926e-16
4.874584323929321172e+00 6.782591057115724201e-16
4.883573714959281276e+00 6.564341988265666744e-16
4.892579683638881072e+00 6.354496947827700484e-16
4.901602260539553058e+00 6.152677858748874110e-16
4.910641476289088203e+00 5.958525706987011440e-16
4.919697361571772731e+00 5.771699487605259470e-16
4.928769947128478712e+00 5.591875213935231575e-16
4.937859263756755546e+00 5.418744985767919271e-16
4.946965342310964076e+00 5.252016112803477162e-16
4.956088213702348533e+00 5.091410289852645892e-16
4.965227908899170650e+00 4.936662820511101126e-16
4.974384458926801145e+00 4.787521886257341333e-16
4.983557894867812088e+00 4.643747858121429679e-16
4.992748247862115463e+00 4.505112648266691813e-16
5.001955549107028887e+00 4.371399099002355282e-16
5.011179829857418611e+00 4.242400406907070445e-16
5.020421121425788336e+00 4.117919579899094675e-16
5.029679455182369807e+00 3.997768925229703253e-16
5.038954862555268477e+00 3.881769566507130242e-16
5.048247375030523898e+00 3.769750987985179128e-16
5.057557024152258940e+00 3.661550604460645739e-16
5.066883841522765053e+00 3.557013355235132394e-16
5.076227858802599080e+00 3.455991320692603442e-16
5.085589107710725365e+00 3.358343360138257285e-16
5.094967620024578814e+00 3.263934769631817116e-16
5.104363427580214108e+00 3.172636958626029594e-16
5.113776562272395410e+00 3.084327144299612399e-16
5.123207056054689623e+00 2.998888062541626669e-16
5.132654940939604948e+00 2.916207694610485561e-16
5.142120248998685916e+00 2.836179008552146536e-16
5.151603012362605760e+00 2.758699714519122908e-16
5.161103263221312076e+00 2.683672033184107682e-16
5.170621033824092549e+00 2.611002476493645483e-16
5.180156356479725055e+00 2.540601640051717530e-16
5.189709263556566476e+00 2.472384006468551372e-16
5.199279787482652182e+00 2.406267759049305621e-16
5.208867960745838133e+00 2.342174605235040232e-16
5.218473815893872825e+00 2.280029609246116068e-16
5.228097385534542063e+00 2.219761033408079102e-16
5.237738702335764884e+00 2.161300187674506585e-16
5.247397799025689480e+00 2.104581286888328976e-16
5.257074708392838858e+00 2.049541315350979333e-16
5.266769463286181008e+00 1.996119898295113959e-16
5.276482096615280781e+00 1.944259179879023410e-16
5.286212641350389596e+00 1.893903707345027331e-16
5.295961130522545801e+00 1.845000321004122059e-16
5.305727597223723002e+00 1.797498049728771355e-16
5.315512074606897563e+00 1.751348011655357718e-16
5.325314595886203151e+00 1.706503319813742559e-16
5.335135194337023101e+00 1.662918992418986692e-16
5.344973903296089013e+00 1.620551867574644024e-16
5.354830756161632621e+00 1.579360522151703853e-16
5.364705786393454190e+00 1.539305194621088056e-16
5.374599027513073501e+00 1.500347711629760186e-16
5.384510513103830220e+00 1.462451418122420199e-16
5.394440276810978929e+00 1.425581110822894910e-16
5.404388352341843671e+00 1.389702974897842895e-16
5.414354773465885451e+00 1.354784523637891300e-16
5.424339574014858556e+00 1.320794540998225804e-16
5.434342787882907366e+00 1.287703026850805387e-16
5.444364449026664943e+00 1.255481144808501286e-16
5.454404591465406682e+00 1.224101172488120492e-16
5.464463249281123147e+00 1.193536454088320366e-16
5.474540456618672835e+00 1.163761355163510852e-16
5.484636247685880761e+00 1.134751219482608099e-16
5.494750656753640605e+00 1.106482327866930254e-16
5.504883718156067474e+00 1.078931858907272607e-16
5.515035466290571620e+00 1.052077851466060691e-16
5.525205935618013875e+00 1.025899168875070413e-16
5.535395160662804237e+00 1.000375464744166591e-16
5.545603176013004898e+00 9.754871503013754305e-17
5.555830016320483900e+00 9.512153631881300233e-17
5.566075716300990628e+00 9.275419376385381518e-17
5.576340310734312133e+00 9.044493759743749315e-17
5.586623834464374383e+00 8.819208213518159016e-17
5.596926322399341736e+00 8.599400316989833851e-17
5.607247809511778591e+00 8.384913547864779301e-17
5.617588330838717781e+00 8.175597043765307307e-17
5.627947921481825766e+00 7.971305373987120836e-17
5.638326616607498565e+00 7.771898321033239747e-17
5.648724451446968331e+00 7.577240671459428782e-17
5.659141461296460562e+00 7.387202015587748405e-17
5.669577681517267820e+00 7.201656555673827520e-17
5.680033147535912263e+00 7.020482922127347243e-17
5.690507894844247794e+00 6.843563997412223632e-17
5.701001958999560415e+00 6.670786747269240156e-17
5.711515375624728996e+00 6.502042058920668643e-17
5.722048180408322970e+00 6.337224585938435264e-17
5.732600409104710693e+00 6.176232599469444157e-17
5.743172097534219311e+00 6.018967845528195434e-17
5.753763281583209377e+00 5.865335408084292813e-17
5.764373997204240041e+00 5.715243577681647306e-17
5.775004280416169422e+00 5.568603725344118850e-17
5.785654167304262963e+00 5.425330181531549621e-17
5.796323694020355966e+00 5.285340119922528451e-17
5.807012896782928202e+00 5.148553445814352583e-17
5.817721811877270000e+00 5.014892688936119537e-17
5.828450475655587049e+00 4.884282900485950944e-17
5.839198924537102542e+00 4.756651554210493126e-17
5.849967195008228593e+00 4.631928451352853503e-17
5.860755323622638180e+00 4.510045629307545380e-17
5.871563347001432120e+00 4.390937273824349091e-17
5.882391301833245656e+00 4.274539634614797077e-17
5.893239224874355031e+00 4.160790944220574772e-17
5.904107152948842696e+00 4.049631340008860733e-17
5.914995122948677242e+00 3.941002789169432274e-17
5.925903171833879490e+00 3.834849016591104159e-17
5.936831336632627298e+00 3.731115435504457819e-17
5.947779654441366581e+00 3.629749080779679779e-17
5.958748162424978290e+00 3.530698544776836577e-17
5.969736897816857457e+00 3.433913915650167158e-17
5.980745897919078402e+00 3.339346718010777248e-17
5.991775200102507526e+00 3.246949855859815307e-17
6.002824841806907230e+00 3.156677557706488135e-17
6.013894860541111775e+00 3.068485323788774111e-17
6.024985293883099224e+00 2.982329875321633466e-17
6.036096179480167301e+00 2.898169105696875833e-17
6.047227555049039083e+00 2.815962033566263731e-17
6.058379458375974025e+00 2.735668757740095292e-17
6.069551927316939377e+00 2.657250413837379916e-17
6.080744999797688344e+00 2.580669996356116507e-17
6.091958713813935056e+00 2.505902216157319382e-17
6.103193107431460263e+00 2.432928694395889665e-17
6.114448218786226796e+00 2.361729938112188881e-17
6.125724086084549214e+00 2.292285273481327000e-17
6.137020747603173731e+00 2.224572939832722971e-17
6.148338241689454975e+00 2.158570180728032833e-17
6.159676606761463447e+00 2.094253332038799438e-17
6.171035881308099214e+00 2.031597906976270290e-17
6.182416103889267767e+00 1.970578678038863717e-17
6.193817313135956404e+00 1.911169755855413460e-17
6.205239547750414530e+00 1.853344664911016778e-17
6.216682846506262905e+00 1.797076416155350778e-17
6.228147248248605550e+00 1.742337576500435624e-17
6.239632791894210939e+00 1.689100335224879716e-17
6.251139516431586607e+00 1.637336567310097809e-17
6.262667460921160334e+00 1.587017893740327392e-17
6.274216664495392948e+00 1.538115738806456125e-17
6.285787166358892009e+00 1.490601384459233397e-17
6.297379005788587669e+00 1.444446021762808840e-17
6.308992222133817940e+00 1.399620799506009009e-17
6.320626854816504547e+00 1.356096870031205663e-17
6.332282943331270175e+00 1.313845432346765402e-17
6.343960527245549486e+00 1.272837772591260111e-17
6.355659646199764978e+00 1.233045301920674834e-17
6.367380339907443343e+00 1.194439591893349466e-17
6.379122648155325592e+00 1.156992407428375986e-17
6.390886610803552692e+00 1.120675737415642435e-17
6.402672267785747273e+00 1.085461823056786910e-17
6.414479659109193044e+00 1.051323184017325558e-17
6.426308824854955581e+00 1.018232642470756407e-17
6.438159805177991579e+00 9.861633451162015584e-18
6.450032640307338916e+00 9.550887832502293595e-18
6.461927370546193927e+00 9.249828109746788358e-18
6.473844036272099700e+00 8.958196616202674933e-18
6.485782677937058871e+00 8.675739624663763543e-18
6.497743336067655306e+00 8.402207478356990986e-18
6.509726051265233515e+00 8.137354706415594907e-18
6.521730864205987466e+00 7.880940124645507987e-18
6.533757815641143551e+00 7.632726922336021559e-18
6.545806946397077830e+00 7.392482735851091045e-18
6.557878297375435928e+00 7.159979709719536423e-18
6.569971909553319556e+00 6.934994545927106796e-18
6.582087823983370001e+00 6.717308542092484074e-18
6.594226081793954641e+00 6.506707619191395816e-18
6.606386724189287740e+00 6.302982339473213321e-18
6.618569792449550349e+00 6.105927915192730503e-18
6.630775327931075935e+00 5.915344208760409531e-18
6.643003372066436540e+00 5.731035724893324224e-18
6.655253966364634621e+00 5.552811595326216794e-18
6.667527152411216740e+00 5.380485556623224887e-18
6.679822971868402348e+00 5.213875921607895691e-18
6.692141466475267642e+00 5.052805544907511140e-18
6.704482678047831712e+00 4.897101783089356380e-18
6.716846648479252835e+00 4.746596449840770849e-18
6.729233419739941269e+00 4.601125766631065534e-18
6.741643033877689817e+00 4.460530309265981716e-18
6.754075533017857680e+00 4.324654950729876595e-18
6.766530959363463715e+00 4.193348800690637478e-18
6.779009355195372954e+00 4.066465142021231116e-18
6.791510762872424500e+00 3.943861364675397375e-18
6.804035224831550543e+00 3.825398897235774145e-18
6.816582783587970873e+00 3.710943136434071945e-18
6.829153481735280806e+00 3.600363374928323521e-18
6.841747361945646588e+00 3.493532727602163261e-18
6.854364466969926184e+00 3.390328056638303419e-18
6.867004839637795399e+00 3.290629895600729579e-18
6.879668522857940616e+00 3.194322372745058511e-18
6.892355559618151162e+00 3.101293133764191406e-18
6.905065992985512935e+00 3.011433264159413801e-18
6.917799866106530970e+00 2.924637211416864489e-18
6.930557222207260004e+00 2.840802707154405582e-18
6.943338104593496318e+00 2.759830689392231259e-18
6.956142556650869224e+00 2.681625225089930854e-18
6.968970621845038238e+00 2.606093433080011934e-18
6.981822343721820978e+00 2.533145407518655369e-18
6.994697765907316622e+00 2.462694141963761181e-18
7.007596932108105747e+00 2.394655454180467449e-18
7.020519886111340924e+00 2.328947911766546825e-18
7.033466671784944779e+00 2.265492758679781918e-18
7.046437333077741449e+00 2.204213842742843718e-18
7.059431914019577370e+00 2.145037544192821006e-18
7.072450458721520228e+00 2.087892705334826851e-18
7.085493011375982420e+00 2.032710561353933325e-18
7.098559616256852500e+00 1.979424672331529276e-18
7.111650317719695025e+00 1.927970856507232453e-18
7.124765160201842917e+00 1.878287124821862054e-18
7.137904188222599977e+00 1.830313616771318992e-18
7.151067446383368775e+00 1.783992537596675968e-18
7.164254979367781218e+00 1.739268096831461128e-18
7.177466831941901049e+00 1.696086448221968573e-18
7.190703048954318000e+00 1.654395631034068374e-18
7.203963675336350292e+00 1.614145512754691458e-18
7.217248756102174312e+00 1.575287733194268107e-18
7.230558336348958726e+00 1.537775649992618179e-18
7.243892461257065207e+00 1.501564285527848364e-18
7.257251176090146139e+00 1.466610275226084022e-18
7.270634526195347114e+00 1.432871817266598119e-18
7.284042557003441054e+00 1.400308623675480394e-18
7.297475314028956994e+00 1.368881872799044256e-18
7.310932842870391468e+00 1.338554163145667017e-18
7.324415189210299104e+00 1.309289468584938103e-18
7.337922398815501346e+00 1.281053094889641691e-18
7.351454517537222344e+00 1.253811637606674548e-18
7.365011591311216854e+00 1.227532941241190387e-18
7.378593666157982511e+00 1.202186059737140838e-18
7.392200788182855753e+00 1.177741218237742072e-18
7.405833003576217877e+00 1.154169776107612358e-18
7.419490358613634484e+00 1.131444191198989683e-18
7.433172899655983379e+00 1.109537985343330196e-18
7.446880673149671281e+00 1.088425711049635224e-18
7.460613725626726200e+00 1.068082919391271397e-18
7.474372103705012371e+00 1.048486129062069827e-18
7.488155854088360819e+00 1.029612796583629123e-18
7.501965023566709689e+00 1.011441287645387985e-18
7.515799659016313861e+00 9.939508495592579280e-19
7.529659807399845306e+00 9.771215848116137084e-19
7.543545515766602705e+00 9.609344256950746786e-19
7.557456831252649998e+00 9.453711100038339547e-19
7.571393801080954944e+00 9.304141577764904832e-19
7.585356472561599617e+00 9.160468490709964018e-19
7.599344893091883435e+00 9.022532027576128351e-19
7.613359110156534548e+00 8.890179563159300078e-19
7.627399171327849281e+00 8.763265466235394416e-19
7.641465124265831577e+00 8.641650917246738117e-19
7.655557016718407048e+00 8.525199927286423950e-19
7.669674896521524232e+00 8.413738812126542712e-19
7.683818811599370413e+00 8.307074051600346169e-19
7.697988809964512846e+00 8.205021377731160893e-19
7.712184939718034649e+00 8.107405738131663160e-19
7.726407249049756842e+00 8.014060781987647263e-19
7.740655786238338720e+00 7.924828377160819651e-19
7.754930599651492784e+00 7.839558156324152085e-19
7.769231737746129518e+00 7.758107090195765341e-19
7.783559249068496833e+00 7.680339086074297692e-19
7.797913182254392339e+00 7.606124610002472708e-19
7.812293586029303682e+00 7.535340331007498955e-19
7.826700509208553314e+00 7.467868785971124159e-19
7.841134000697514317e+00 7.403598063784788556e-19
7.855594109491718768e+00 7.342421507538210774e-19
7.870080884677075339e+00 7.284237433573676378e-19
7.884594375430014956e+00 7.228948866321343413e-19
7.899134631017631136e+00 7.176463287902467066e-19
7.913701700797905580e+00 7.126692401555411608e-19
7.928295634219811205e+00 7.079551908005337711e-19
7.942916480823534187e+00 7.034961293955498323e-19
7.957564290240619620e+00 6.992843631933570972e-19
7.972239112194118071e+00 6.953125390776364859e-19
7.986940996498804957e+00 6.915736256085673940e-19
8.001669993061289787e+00 6.880608960030003590e-19
8.016426151880242656e+00 6.847679119907192721e-19
8.031209523046536347e+00 6.816885084924854756e-19
8.046020156743393770e+00 6.788167790685634238e-19
8.060858103246614448e+00 6.761470620901568587e-19
8.075723412924682876e+00 6.736739275890488908e-19
8.090616136238988787e+00 6.713921647436437697e-19
8.105536323743987026e+00 6.692967699622869089e-19
8.120484026087332552e+00 6.673829355272577844e-19
8.135459294010116693e+00 6.656460387651470269e-19
8.150462178346966624e+00 6.640816317114563167e-19
8.165492730026285173e+00 6.626854312394065205e-19
8.180551000070391154e+00 6.614533096247417977e-19
8.195637039595672135e+00 6.603812855201232493e-19
8.210750899812815362e+00 6.594655153144604973e-19
8.225892632026912565e+00 6.587022848540221733e-19
8.241062287637690886e+00 6.580880015035625020e-19
8.256259918139672749e+00 6.576191865273064266e-19
8.271485575122310863e+00 6.572924677707599838e-19
8.286739310270235137e+00 6.571045726254947728e-19
8.302021175363353933e+00 6.570523212604632178e-19
8.317331222277084990e+00 6.571326201041564791e-19
8.332669502982520626e+00 6.573424555632389255e-19
8.348036069546560967e+00 6.576788879640491965e-19
8.363430974132160856e+00 6.581390457044495038e-19
8.378854268998441768e+00 6.587201196041365246e-19
8.394306006500915629e+00 6.594193574427111095e-19
8.409786239091650017e+00 6.602340586752271521e-19
8.425295019319413825e+00 6.611615693158463140e-19
8.440832399829918842e+00 6.621992769810625938e-19
8.456398433365926337e+00 6.633446060843219372e-19
8.471993172767488645e+00 6.645950131748573119e-19
8.487616670972103705e+00 6.659479824138946833e-19
8.503268981014866057e+00 6.674010211821416422e-19
8.518950156028706644e+00 6.689516558130485020e-19
8.534660249244513608e+00 6.705974274466739221e-19
8.550399313991356109e+00 6.723358879998862329e-19
8.566167403696654858e+00 6.741645962486448320e-19
8.581964571886333104e+00 6.760811140191035551e-19
8.597790872185054667e+00 6.780830024843523644e-19
8.613646358316339402e+00 6.801678185642783328e-19
8.629531084102811889e+00 6.823331114264071802e-19
8.645445103466345316e+00 6.845764190859616905e-19
8.661388470428232011e+00 6.868952651039603626e-19
8.677361239109409041e+00 6.892871553822854797e-19
8.693363463730623408e+00 6.917495750553564970e-19
8.709395198612583044e+00 6.942799854781549129e-19
8.725456498176209053e+00 6.968758213109380460e-19
8.741547416942742288e+00 6.995344877010621469e-19
8.757668009533997378e+00 7.022533575630112792e-19
8.773818330672520815e+00 7.050297689577284952e-19
8.789998435181743730e+00 7.078610225728893346e-19
8.806208377986237679e+00 7.107443793060142035e-19
8.822448214111826559e+00 7.136770579524939580e-19
8.838717998685837074e+00 7.166562330010873863e-19
8.855017786937255053e+00 7.196790325395736974e-19
8.871347634196890652e+00 7.227425362735566695e-19
8.887707595897627044e+00 7.258437736616902030e-19
8.904097727574541210e+00 7.289797221707827099e-19
8.920518084865145525e+00 7.321473056544597306e-19
8.936968723509556511e+00 7.353433928594068912e-19
8.953449699350660040e+00 7.385647960631524319e-19
8.969961068334356469e+00 7.418082698478430183e-19
8.986502886509681431e+00 7.450705100143348171e-19
9.003075210029059861e+00 7.483481526412893768e-19
9.019678095148471186e+00 7.516377732939719473e-19
9.036311598227610986e+00 7.549358863876414036e-19
9.052975775730145003e+00 7.582389447103871393e-19
9.069670684223828161e+00 7.615433391105327248e-19
9.086396380380763915e+00 7.648453983536188542e-19
9.103152920977564122e+00 7.681413891540151733e-19
9.119940362895519570e+00 7.714275163863552254e-19
9.136758763120852223e+00 7.746999234818382330e-19
9.153608178744839563e+00 7.779546930143481285e-19
9.170488666964068614e+00 7.811878474815841618e-19
9.187400285080604689e+00 7.843953502858097169e-19
9.204343090502161928e+00 7.875731069191696518e-19
9.221317140742353757e+00 7.907169663581450450e-19
9.238322493420822568e+00 7.938227226714752248e-19
9.255359206263497285e+00 7.968861168458608743e-19
9.272427337102758571e+00 7.999028388334178449e-19
9.289526943877611131e+00 8.028685298244724759e-19
9.306658084633946615e+00 8.057787847492278808e-19
9.323820817524660853e+00 8.086291550112654955e-19
9.341015200809920316e+00 8.114151514555689448e-19
9.358241292857330862e+00 8.141322475734344041e-19
9.375499152142110049e+00 8.167758829459287614e-19
9.392788837247346478e+00 8.193414669275030589e-19
9.410110406864125920e+00 8.218243825703583480e-19
9.427463919791801317e+00 8.242199907900843440e-19
9.444849434938152655e+00 8.265236347722512719e-19
9.462267011319571708e+00 8.287306446190090803e-19
9.479716708061317831e+00 8.308363422343313309e-19
9.497198584397649412e+00 8.328360464456059366e-19
9.514712699672090324e+00 8.347250783588029716e-19
9.532259113337600454e+00 8.364987669434871992e-19
9.549837884956749789e+00 8.381524548434606106e-19
9.567449074201988424e+00 8.396815044077334671e-19
9.585092740855774451e+00 8.410813039359400357e-19
9.602768944810836871e+00 8.423472741314269641e-19
9.620477746070362102e+00 8.434748747542092735e-19
9.638219204748152080e+00 8.444598875414619102e-19
9.655993381068904924e+00 8.453011301602443165e-19
9.673800335368376579e+00 8.459993119301164761e-19
9.691640128093560236e+00 8.465552449669962352e-19
9.709512819802963435e+00 8.469698165975095605e-19
9.727418471166730640e+00 8.472439876381706886e-19
9.745357142966922126e+00 8.473787906248458398e-19
9.763328896097682730e+00 8.473753279956672044e-19
9.781333791565431923e+00 8.472347702308625277e-19
9.799371890489128489e+00 8.469583539524082566e-19
9.817443254100403749e+00 8.465473799871066756e-19
9.835547943743838673e+00 8.460032113960250400e-19
9.853686020877143292e+00 8.453272714736885562e-19
9.871857547071332561e+00 8.445210417201490474e-19
9.890062584011003466e+00 8.435860597889797826e-19
9.908301193494475356e+00 8.425239174145734930e-19
9.926573437434054625e+00 8.413362583214867728e-19
9.944879377856226554e+00 8.400247761191374935e-19
9.963219076901829396e+00 8.385912121846711351e-19
9.981592596826340369e+00 8.370373535370279280e-19
1.000000000000000000e+01 8.353650307050082192e-19
