1.000000000000000000e+00 2.556514312832688374e-01
1.001382782584698150e+00 2.548403389577614253e-01
1.002767477257072715e+00 2.540317131841692277e-01
1.004154086661125600e+00 2.532255468397689446e-01
1.005542613444514011e+00 2.524218328211044748e-01
1.006933060258556889e+00 2.516205640439372337e-01
1.008325429758239133e+00 2.508217334432001344e-01
1.009719724602217150e+00 2.500253339729494040e-01
1.011115947452823294e+00 2.492313586100309009e-01
1.012514100976071640e+00 2.484398003808741540e-01
1.013914187841662651e+00 2.476506523455026532e-01
1.015316210722988277e+00 2.468639075823560458e-01
1.016720172297137736e+00 2.460795591881408118e-01
1.018126075244901507e+00 2.452976002777886300e-01
1.019533922250777325e+00 2.445180239844135517e-01
1.020943716002974622e+00 2.437408234592707834e-01
1.022355459193420524e+00 2.429659918717137213e-01
1.023769154517764068e+00 2.421935224091529004e-01
1.025184804675382422e+00 2.414234082770136125e-01
1.026602412369384654e+00 2.406556426986947439e-01
1.028021980306618177e+00 2.398902189155264486e-01
1.029443511197672967e+00 2.391271301867291532e-01
1.030867007756887777e+00 2.383663697893714239e-01
1.032292472702353692e+00 2.376079310183295268e-01
1.033719908755921457e+00 2.368518071862447394e-01
1.035149318643205030e+00 2.360979916234828002e-01
1.036580705093586907e+00 2.353464776780933299e-01
1.038014070840224345e+00 2.345972587157670597e-01
1.039449418620053800e+00 2.338503281197963080e-01
1.040886751173796254e+00 2.331056792910330133e-01
1.042326071245962327e+00 2.323633056478485170e-01
1.043767381584858045e+00 2.316232006260920961e-01
1.045210684942589507e+00 2.308853576790506068e-01
1.046655984075068657e+00 2.301497702774074616e-01
1.048103281742017723e+00 2.294164319092025783e-01
1.049552580706975435e+00 2.286853360797912460e-01
1.051003883737302136e+00 2.279564763118036574e-01
1.052457193604183994e+00 2.272298461451051910e-01
1.053912513082640334e+00 2.265054391367551379e-01
1.055369844951526304e+00 2.257832488609673727e-01
1.056829191993540862e+00 2.250632689090693583e-01
1.058290556995230114e+00 2.243454928894626221e-01
1.059753942746993527e+00 2.236299144275826767e-01
1.061219352043089259e+00 2.229165271658584413e-01
1.062686787681639045e+00 2.222053247636733286e-01
1.064156252464633967e+00 2.214963008973246383e-01
1.065627749197939789e+00 2.207894492599843106e-01
1.067101280691301834e+00 2.200847635616590692e-01
1.068576849758350766e+00 2.193822375291507587e-01
1.070054459216608134e+00 2.186818649060169040e-01
1.071534111887491481e+00 2.179836394525314358e-01
1.073015810596319453e+00 2.172875549456451116e-01
1.074499558172317792e+00 2.165936051789461581e-01
1.075985357448624224e+00 2.159017839626215796e-01
1.077473211262294450e+00 2.152120851234170795e-01
1.078963122454306589e+00 2.145245025045989518e-01
1.080455093869568062e+00 2.138390299659143068e-01
1.081949128356919143e+00 2.131556613835529357e-01
1.083445228769140511e+00 2.124743906501074808e-01
1.084943397962956579e+00 2.117952116745356883e-01
1.086443638799043043e+00 2.111181183821206619e-01
1.087945954142030436e+00 2.104431047144331712e-01
1.089450346860510788e+00 2.097701646292924327e-01
1.090956819827042956e+00 2.090992921007280014e-01
1.092465375918157289e+00 2.084304811189411910e-01
1.093976018014362728e+00 2.077637256902665208e-01
1.095488749000150364e+00 2.070990198371339130e-01
1.097003571764000540e+00 2.064363575980301124e-01
1.098520489198387295e+00 2.057757330274606611e-01
1.100039504199785023e+00 2.051171401959118179e-01
1.101560619668672247e+00 2.044605731898128664e-01
1.103083838509539394e+00 2.038060261114975624e-01
1.104609163630892343e+00 2.031534930791669136e-01
1.106136597945259092e+00 2.025029682268509601e-01
1.107666144369195083e+00 2.018544457043715823e-01
1.109197805823288530e+00 2.012079196773043088e-01
1.110731585232166196e+00 2.005633843269412908e-01
1.112267485524499389e+00 1.999208338502530824e-01
1.113805509633008617e+00 1.992802624598521144e-01
1.115345660494470037e+00 1.986416643839546414e-01
1.116887941049720334e+00 1.980050338663442155e-01
1.118432354243663385e+00 1.973703651663333003e-01
1.119978903025274475e+00 1.967376525587276326e-01
1.121527590347606962e+00 1.961068903337879754e-01
1.123078419167798270e+00 1.954780727971934251e-01
1.124631392447073663e+00 1.948511942700051902e-01
1.126186513150754243e+00 1.942262490886285387e-01
1.127743784248261161e+00 1.936032316047771873e-01
1.129303208713121176e+00 1.929821361854358042e-01
1.130864789522973313e+00 1.923629572128238707e-01
1.132428529659573968e+00 1.917456890843586559e-01
1.133994432108802464e+00 1.911303262126191616e-01
1.135562499860667263e+00 1.905168630253093742e-01
1.137132735909310854e+00 1.899052939652223215e-01
1.138705143253016416e+00 1.892956134902032683e-01
1.140279724894212698e+00 1.886878160731139675e-01
1.141856483839480907e+00 1.880818962017960783e-01
1.143435423099558701e+00 1.874778483790355832e-01
1.145016545689347742e+00 1.868756671225265675e-01
1.146599854627918136e+00 1.862753469648350257e-01
1.148185352938515091e+00 1.856768824533634732e-01
1.149773043648563808e+00 1.850802681503148639e-01
1.151362929789676359e+00 1.844854986326569246e-01
1.152955014397656575e+00 1.838925684920865722e-01
1.154549300512506038e+00 1.833014723349942476e-01
1.156145791178430082e+00 1.827122047824284168e-01
1.157744489443843783e+00 1.821247604700602096e-01
1.159345398361376844e+00 1.815391340481480320e-01
1.160948520987880928e+00 1.809553201815020662e-01
1.162553860384434090e+00 1.803733135494493822e-01
1.164161419616347226e+00 1.797931088457984938e-01
1.165771201753170061e+00 1.792147007788043311e-01
1.167383209868696925e+00 1.786380840711333240e-01
1.168997447040972304e+00 1.780632534598282635e-01
1.170613916352297279e+00 1.774902036962735241e-01
1.172232620889234411e+00 1.769189295461604805e-01
1.173853563742615069e+00 1.763494257894520911e-01
1.175476748007544092e+00 1.757816872203489811e-01
1.177102176783406673e+00 1.752157086472542202e-01
1.178729853173873021e+00 1.746514848927392394e-01
1.180359780286905469e+00 1.740890107935092468e-01
1.181991961234764466e+00 1.735282812003682007e-01
1.183626399134013019e+00 1.729692909781857801e-01
1.185263097105524466e+00 1.724120350058616358e-01
1.186902058274487359e+00 1.718565081762922220e-01
1.188543285770411684e+00 1.713027053963362967e-01
1.190186782727134851e+00 1.707506215867808097e-01
1.191832552282827695e+00 1.702002516823069578e-01
1.193480597580000913e+00 1.696515906314561839e-01
1.195130921765509502e+00 1.691046333965967874e-01
1.196783527990561202e+00 1.685593749538891462e-01
1.198438419410720046e+00 1.680158102932530761e-01
1.200095599185914352e+00 1.674739344183333034e-01
1.201755070480441390e+00 1.669337423464664905e-01
1.203416836462974482e+00 1.663952291086473190e-01
1.205080900306567893e+00 1.658583897494951276e-01
1.206747265188664153e+00 1.653232193272206330e-01
1.208415934291099170e+00 1.647897129135924843e-01
1.210086910800108662e+00 1.642578655939041232e-01
1.211760197906334158e+00 1.637276724669404215e-01
1.213435798804829435e+00 1.631991286449445688e-01
1.215113716695065849e+00 1.626722292535853209e-01
1.216793954780939657e+00 1.621469694319234989e-01
1.218476516270776688e+00 1.616233443323796259e-01
1.220161404377339665e+00 1.611013491203456827e-01
1.221848622317833311e+00 1.605809789671804599e-01
1.223538173313911903e+00 1.600622290507139889e-01
1.225230060591683712e+00 1.595450945619244776e-01
1.226924287381718548e+00 1.590295707051755936e-01
1.228620856919053095e+00 1.585156526981821301e-01
1.230319772443197568e+00 1.580033357719765053e-01
1.232021037198141933e+00 1.574926151708743449e-01
1.233724654432361012e+00 1.569834861524414815e-01
1.235430627398822923e+00 1.564759439874592040e-01
1.237138959354992629e+00 1.559699839598917559e-01
1.238849653562840381e+00 1.554656013668520020e-01
1.240562713288846375e+00 1.549627915185680382e-01
1.242278141804007863e+00 1.544615497383502178e-01
1.243995942383845588e+00 1.539618713625571234e-01
1.245716118308409115e+00 1.534637517405630092e-01
1.247438672862283715e+00 1.529671862347241340e-01
1.249163609334596803e+00 1.524721702203456764e-01
1.250890931019023267e+00 1.519786990856492326e-01
1.252620641213793240e+00 1.514867682317388997e-01
1.254352743221696986e+00 1.509963730725692177e-01
1.256087240350092227e+00 1.505075090349118905e-01
1.257824135910909913e+00 1.500201715583232009e-01
1.259563433220660444e+00 1.495343560951113704e-01
1.261305135600440552e+00 1.490500581103037792e-01
1.263049246375939072e+00 1.485672730816145204e-01
1.264795768877443827e+00 1.480859964994119538e-01
1.266544706439847401e+00 1.476062238666864534e-01
1.268296062402654023e+00 1.471279506990177399e-01
1.270049840109985562e+00 1.466511725245429609e-01
1.271806042910588408e+00 1.461758848839243563e-01
1.273564674157839027e+00 1.457020833303172558e-01
1.275325737209751287e+00 1.452297634293379103e-01
1.277089235428982006e+00 1.447589207590316562e-01
1.278855172182838729e+00 1.442895509098409135e-01
1.280623550843284164e+00 1.438216494845735438e-01
1.282394374786944624e+00 1.433552120983708766e-01
1.284167647395114908e+00 1.428902343786762619e-01
1.285943372053765632e+00 1.424267119652033453e-01
1.287721552153549442e+00 1.419646405099045383e-01
1.289502191089807903e+00 1.415040156769394875e-01
1.291285292262576823e+00 1.410448331426439050e-01
1.293070859076594470e+00 1.405870885954979277e-01
1.294858894941306238e+00 1.401307777360952245e-01
1.296649403270872414e+00 1.396758962771116330e-01
1.298442387484174620e+00 1.392224399432737403e-01
1.300237851004821588e+00 1.387704044713286844e-01
1.302035797261156258e+00 1.383197856100121803e-01
1.303836229686262671e+00 1.378705791200182662e-01
1.305639151717971291e+00 1.374227807739683560e-01
1.307444566798866781e+00 1.369763863563803752e-01
1.309252478376294659e+00 1.365313916636379243e-01
1.311062889902366191e+00 1.360877925039601921e-01
1.312875804833967042e+00 1.356455846973707857e-01
1.314691226632763055e+00 1.352047640756675329e-01
1.316509158765206244e+00 1.347653264823921171e-01
1.318329604702542346e+00 1.343272677727996300e-01
1.320152567920817033e+00 1.338905838138282345e-01
1.321978051900882356e+00 1.334552704840691328e-01
1.323806060128404072e+00 1.330213236737362581e-01
1.325636596093867414e+00 1.325887392846363255e-01
1.327469663292584645e+00 1.321575132301386069e-01
1.329305265224700605e+00 1.317276414351453429e-01
1.331143405395200929e+00 1.312991198360616008e-01
1.332984087313917154e+00 1.308719443807654093e-01
1.334827314495534489e+00 1.304461110285784486e-01
1.336673090459598257e+00 1.300216157502358527e-01
1.338521418730520329e+00 1.295984545278569267e-01
1.340372302837586460e+00 1.291766233549155041e-01
1.342225746314961832e+00 1.287561182362106094e-01
1.344081752701699717e+00 1.283369351878368148e-01
1.345940325541746141e+00 1.279190702371551802e-01
1.347801468383948098e+00 1.275025194227639158e-01
1.349665184782059990e+00 1.270872787944688498e-01
1.351531478294750066e+00 1.266733444132549236e-01
1.353400352485607305e+00 1.262607123512565210e-01
1.355271810923148745e+00 1.258493786917288804e-01
1.357145857180825477e+00 1.254393395290189506e-01
1.359022494837030415e+00 1.250305909685364980e-01
1.360901727475104073e+00 1.246231291267255598e-01
1.362783558683342111e+00 1.242169501310354390e-01
1.364667992055002443e+00 1.238120501198920753e-01
1.366555031188311009e+00 1.234084252426696643e-01
1.368444679686469767e+00 1.230060716596617504e-01
1.370336941157663135e+00 1.226049855420531104e-01
1.372231819215064430e+00 1.222051630718911652e-01
1.374129317476843637e+00 1.218066004420575721e-01
1.376029439566173629e+00 1.214092938562401636e-01
1.377932189111237715e+00 1.210132395289044843e-01
1.379837569745235637e+00 1.206184336852659106e-01
1.381745585106391561e+00 1.202248725612612423e-01
1.383656238837960073e+00 1.198325524035210587e-01
1.385569534588234175e+00 1.194414694693413242e-01
1.387485476010551055e+00 1.190516200266560770e-01
1.389404066763300083e+00 1.186630003540089934e-01
1.391325310509929025e+00 1.182756067405260070e-01
1.393249210918952041e+00 1.178894354858874838e-01
1.395175771663955011e+00 1.175044829003006885e-01
1.397104996423604639e+00 1.171207453044719876e-01
1.399036888881654006e+00 1.167382190295795791e-01
1.400971452726949895e+00 1.163569004172459731e-01
1.402908691653439899e+00 1.159767858195106388e-01
1.404848609360179745e+00 1.155978715988025818e-01
1.406791209551340405e+00 1.152201541279131158e-01
1.408736495936214528e+00 1.148436297899687597e-01
1.410684472229223774e+00 1.144682949784041615e-01
1.412635142149926359e+00 1.140941460969347593e-01
1.414588509423023721e+00 1.137211795595301639e-01
1.416544577778368064e+00 1.133493917903867360e-01
1.418503350950968578e+00 1.129787792239013017e-01
1.420464832680999434e+00 1.126093383046437996e-01
1.422429026713806888e+00 1.122410654873308017e-01
1.424395936799915940e+00 1.118739572367988405e-01
1.426365566695037446e+00 1.115080100279776942e-01
1.428337920160076546e+00 1.111432203458637136e-01
1.430313000961137782e+00 1.107795846854936206e-01
1.432290812869534191e+00 1.104170995519177106e-01
1.434271359661793310e+00 1.100557614601738732e-01
1.436254645119664941e+00 1.096955669352608215e-01
1.438240673030128036e+00 1.093365125121121967e-01
1.440229447185398692e+00 1.089785947355702000e-01
1.442220971382936145e+00 1.086218101603593639e-01
1.444215249425450764e+00 1.082661553510609193e-01
1.446212285120911600e+00 1.079116268820861646e-01
1.448212082282553492e+00 1.075582213376508056e-01
1.450214644728883062e+00 1.072059353117493646e-01
1.452219976283688485e+00 1.068547654081286880e-01
1.454228080776044152e+00 1.065047082402628548e-01
1.456238962040320217e+00 1.061557604313269065e-01
1.458252623916188595e+00 1.058079186141715478e-01
1.460269070248630063e+00 1.054611794312974443e-01
1.462288304887943147e+00 1.051155395348296745e-01
1.464310331689750111e+00 1.047709955864921660e-01
1.466335154515004069e+00 1.044275442575827162e-01
1.468362777229998084e+00 1.040851822289468320e-01
1.470393203706370722e+00 1.037439061909533888e-01
1.472426437821114265e+00 1.034037128434685676e-01
1.474462483456582484e+00 1.030645988958312220e-01
1.476501344500497082e+00 1.027265610668275375e-01
1.478543024845955678e+00 1.023895960846660513e-01
1.480587528391439589e+00 1.020537006869526309e-01
1.482634859040820485e+00 1.017188716206654242e-01
1.484685020703368385e+00 1.013851056421301716e-01
1.486738017293759206e+00 1.010523995169952671e-01
1.488793852732081646e+00 1.007207500202069866e-01
1.490852530943845178e+00 1.003901539359849659e-01
1.492914055859987377e+00 1.000606080577972068e-01
1.494978431416881692e+00 9.973210918833584626e-02
1.497045661556344109e+00 9.940465413949239881e-02
1.499115750225642252e+00 9.907823973233334525e-02
1.501188701377500934e+00 9.875286279707580495e-02
1.503264518970111263e+00 9.842852017306311097e-02
1.505343206967137748e+00 9.810520870874035737e-02
1.507424769337725401e+00 9.778292526163047393e-02
1.509509210056508399e+00 9.746166669830977347e-02
1.511596533103615858e+00 9.714142989438406817e-02
1.513686742464681600e+00 9.682221173446431406e-02
1.515779842130850152e+00 9.650400911214279676e-02
1.517875836098785181e+00 9.618681892996902572e-02
1.519974728370676820e+00 9.587063809942612813e-02
1.522076522954248778e+00 9.555546354090674321e-02
1.524181223862767887e+00 9.524129218368915240e-02
1.526288835115049203e+00 9.492812096591354831e-02
1.528399360735465562e+00 9.461594683442277331e-02
1.530512804753954237e+00 9.430476674454887909e-02
1.532629171206025376e+00 9.399457766037265516e-02
1.534748464132769552e+00 9.368537655474928894e-02
1.536870687580864425e+00 9.337716040928502326e-02
1.538995845602584289e+00 9.306992621431325885e-02
1.541123942255806289e+00 9.276367096887166985e-02
1.543254981604018861e+00 9.245839168067852831e-02
1.545388967716329720e+00 9.215408536610961154e-02
1.547525904667472307e+00 9.185074905017491520e-02
1.549665796537815776e+00 9.154837976649549125e-02
1.551808647413370545e+00 9.124697455728036921e-02
1.553954461385797625e+00 9.094653047330335249e-02
1.556103242552415944e+00 9.064704457388027270e-02
1.558254995016209676e+00 9.034851392684584148e-02
1.560409722885836903e+00 9.005093560853090484e-02
1.562567430275637159e+00 8.975430670373937825e-02
1.564728121305638764e+00 8.945862430572588953e-02
1.566891800101567478e+00 8.916388551617249192e-02
1.569058470794854276e+00 8.887008744516643188e-02
1.571228137522642454e+00 8.857722721117747278e-02
1.573400804427796507e+00 8.828530194103512141e-02
1.575576475658909237e+00 8.799430876990629868e-02
1.577755155370310414e+00 8.770424484127288534e-02
1.579936847722074100e+00 8.741510730690928155e-02
1.582121556880027091e+00 8.712689332685991106e-02
1.584309287015756240e+00 8.683960006941736365e-02
1.586500042306617120e+00 8.655322471109963556e-02
1.588693826935741571e+00 8.626776443662823035e-02
1.590890645092045697e+00 8.598321643890609323e-02
1.593090500970238077e+00 8.569957791899539268e-02
1.595293398770827764e+00 8.541684608609545482e-02
1.597499342700132052e+00 8.513501815752101687e-02
1.599708336970284472e+00 8.485409135868003661e-02
1.601920385799243229e+00 8.457406292305202911e-02
1.604135493410799418e+00 8.429493009216611210e-02
1.606353664034583906e+00 8.401669011557950928e-02
1.608574901906077104e+00 8.373934025085549848e-02
1.610799211266615183e+00 8.346287776354199828e-02
1.613026596363400067e+00 8.318729992714983534e-02
1.615257061449506315e+00 8.291260402313133104e-02
1.617490610783889338e+00 8.263878734085863820e-02
1.619727248631394056e+00 8.236584717760254970e-02
1.621966979262762454e+00 8.209378083851080754e-02
1.624209806954642454e+00 8.182258563658693917e-02
1.626455735989595253e+00 8.155225889266901063e-02
1.628704770656104195e+00 8.128279793540819920e-02
1.630956915248582106e+00 8.101420010124790738e-02
1.633212174067380840e+00 8.074646273440230781e-02
1.635470551418798157e+00 8.047958318683548495e-02
1.637732051615086615e+00 8.021355881824027145e-02
1.639996678974461997e+00 7.994838699601744536e-02
1.642264437821110645e+00 7.968406509525458037e-02
1.644535332485198564e+00 7.942059049870532628e-02
1.646809367302879856e+00 7.915796059676853680e-02
1.649086546616304050e+00 7.889617278746753615e-02
1.651366874773624982e+00 7.863522447642931623e-02
1.653650356129009458e+00 7.837511307686390039e-02
1.655936995042644355e+00 7.811583600954380424e-02
1.658226795880746618e+00 7.785739070278328844e-02
1.660519763015570360e+00 7.759977459241797215e-02
1.662815900825415305e+00 7.734298512178444662e-02
1.665115213694635887e+00 7.708701974169954174e-02
1.667417706013648582e+00 7.683187591044032816e-02
1.669723382178941673e+00 7.657755109372345326e-02
1.672032246593081917e+00 7.632404276468521265e-02
1.674344303664724531e+00 7.607134840386098329e-02
1.676659557808620526e+00 7.581946549916546152e-02
1.678978013445626027e+00 7.556839154587199903e-02
1.681299675002709604e+00 7.531812404659306293e-02
1.683624546912962039e+00 7.506866051125983541e-02
1.685952633615603435e+00 7.481999845710257668e-02
1.688283939555992985e+00 7.457213540863026624e-02
1.690618469185636741e+00 7.432506889761116009e-02
1.692956226962195609e+00 7.407879646305276511e-02
1.695297217349495122e+00 7.383331565118195217e-02
1.697641444817533207e+00 7.358862401542540232e-02
1.699988913842488625e+00 7.334471911638992814e-02
1.702339628906729851e+00 7.310159852184273943e-02
1.704693594498823517e+00 7.285925980669183399e-02
1.707050815113542841e+00 7.261770055296663806e-02
1.709411295251876739e+00 7.237691834979836925e-02
1.711775039421037370e+00 7.213691079340062151e-02
1.714142052134469685e+00 7.189767548704999178e-02
1.716512337911859865e+00 7.165921004106677594e-02
1.718885901279143757e+00 7.142151207279553993e-02
1.721262746768515761e+00 7.118457920658607940e-02
1.723642878918437038e+00 7.094840907377399086e-02
1.726026302273644175e+00 7.071299931266172845e-02
1.728413021385159176e+00 7.047834756849936932e-02
1.730803040810295901e+00 7.024445149346551787e-02
1.733196365112671167e+00 7.001130874664845960e-02
1.735592998862210967e+00 6.977891699402706538e-02
1.737992946635161573e+00 6.954727390845184820e-02
1.740396213014096860e+00 6.931637716962626983e-02
1.742802802587927413e+00 6.908622446408771434e-02
1.745212719951908964e+00 6.885681348518886413e-02
1.747625969707651938e+00 6.862814193307877064e-02
1.750042556463129895e+00 6.840020751468446625e-02
1.752462484832687739e+00 6.817300794369206274e-02
1.754885759437051052e+00 6.794654094052834936e-02
1.757312384903335412e+00 6.772080423234207169e-02
1.759742365865054170e+00 6.749579555298552969e-02
1.762175706962127775e+00 6.727151264299624511e-02
1.764612412840893096e+00 6.704795324957824043e-02
1.767052488154111645e+00 6.682511512658399766e-02
1.769495937560978671e+00 6.660299603449594541e-02
1.771942765727132052e+00 6.638159374040834837e-02
1.774392977324661169e+00 6.616090601800887760e-02
1.776846577032116459e+00 6.594093064756058331e-02
1.779303569534516960e+00 6.572166541588375654e-02
1.781763959523360308e+00 6.550310811633780483e-02
1.784227751696632280e+00 6.528525654880312779e-02
1.786694950758813238e+00 6.506810851966338127e-02
1.789165561420890782e+00 6.485166184178713100e-02
1.791639588400365080e+00 6.463591433451039425e-02
1.794117036421260858e+00 6.442086382361830732e-02
1.796597910214134508e+00 6.420650814132769502e-02
1.799082214516083411e+00 6.399284512626918220e-02
1.801569954070756374e+00 6.377987262346931918e-02
1.804061133628360958e+00 6.356758848433299858e-02
1.806555757945673024e+00 6.335599056662595541e-02
1.809053831786046507e+00 6.314507673445689251e-02
1.811555359919421626e+00 6.293484485826023045e-02
1.814060347122334438e+00 6.272529281477831620e-02
1.816568798177926825e+00 6.251641848704410365e-02
1.819080717875953157e+00 6.230821976436374393e-02
1.821596111012792063e+00 6.210069454229921737e-02
1.824114982391454642e+00 6.189384072265084052e-02
1.826637336821592239e+00 6.168765621344029365e-02
1.829163179119508653e+00 6.148213892889300980e-02
1.831692514108166137e+00 6.127728678942122309e-02
1.834225346617196717e+00 6.107309772160668393e-02
1.836761681482911079e+00 6.086956965818365178e-02
1.839301523548306339e+00 6.066670053802172835e-02
1.841844877663077584e+00 6.046448830610883646e-02
1.844391748683625654e+00 6.026293091353428222e-02
1.846942141473066235e+00 6.006202631747176168e-02
1.849496060901240302e+00 5.986177248116252014e-02
1.852053511844722333e+00 5.966216737389840735e-02
1.854614499186830079e+00 5.946320897100515479e-02
1.857179027817634331e+00 5.926489525382551415e-02
1.859747102633967142e+00 5.906722420970256238e-02
1.862318728539432255e+00 5.887019383196303440e-02
1.864893910444413549e+00 5.867380211990072536e-02
1.867472653266085691e+00 5.847804707875963598e-02
1.870054961928422133e+00 5.828292671971780498e-02
1.872640841362204878e+00 5.808843905987039896e-02
1.875230296505034921e+00 5.789458212221350319e-02
1.877823332301340464e+00 5.770135393562759313e-02
1.880419953702386460e+00 5.750875253486106148e-02
1.883020165666285273e+00 5.731677596051394652e-02
1.885623973158003785e+00 5.712542225902174364e-02
1.888231381149375832e+00 5.693468948263877977e-02
1.890842394619109967e+00 5.674457568942236491e-02
1.893457018552797910e+00 5.655507894321639556e-02
1.896075257942927195e+00 5.636619731363521485e-02
1.898697117788887834e+00 5.617792887604754898e-02
1.901322603096982755e+00 5.599027171156047838e-02
1.903951718880438237e+00 5.580322390700331175e-02
1.906584470159412126e+00 5.561678355491168901e-02
1.909220861961004267e+00 5.543094875351156636e-02
1.911860899319266505e+00 5.524571760670336090e-02
1.914504587275210223e+00 5.506108822404610220e-02
1.917151930876819010e+00 5.487705872074158386e-02
1.919802935179055980e+00 5.469362721761849427e-02
1.922457605243873768e+00 5.451079184098975294e-02
1.925115946140225631e+00 5.432855072124852247e-02
1.927777962944072998e+00 5.414690199339326770e-02
1.930443660738396794e+00 5.396584379800427322e-02
1.933113044613206766e+00 5.378537428124558623e-02
1.935786119665550586e+00 5.360549159484911258e-02
1.938462890999524513e+00 5.342619389609899738e-02
1.941143363726282267e+00 5.324747934781563774e-02
1.943827542964045252e+00 5.306934611834015353e-02
1.946515433838112541e+00 5.289179238151872631e-02
1.949207041480869984e+00 5.271481631668686885e-02
1.951902371031800421e+00 5.253841610865393058e-02
1.954601427637494337e+00 5.236258994768745734e-02
1.957304216451657419e+00 5.218733602949790495e-02
1.960010742635123204e+00 5.201265255522288800e-02
1.962721011355860190e+00 5.183853773141203908e-02
1.965435027788984046e+00 5.166498977001142412e-02
1.968152797116766495e+00 5.149200688834829065e-02
1.970874324528644417e+00 5.131958730911580918e-02
1.973599615221231174e+00 5.114772926035770356e-02
1.976328674398326157e+00 5.097643097545319357e-02
1.979061507270923670e+00 5.080569069310165303e-02
1.981798119057224472e+00 5.063550665730755240e-02
1.984538514982643997e+00 5.046587711736543608e-02
1.987282700279824565e+00 5.029680032784464988e-02
1.990030680188643597e+00 5.012827454857461673e-02
1.992782459956223384e+00 4.996029804462959190e-02
1.995538044836942637e+00 4.979286908631386926e-02
1.998297440092445809e+00 4.962598594914684191e-02
2.001060650991652423e+00 4.945964691384814593e-02
2.003827682810768618e+00 4.929385026632284589e-02
2.006598540833294919e+00 4.912859429764674518e-02
2.009373230350040007e+00 4.896387730405130784e-02
2.012151756659126711e+00 4.879969758690948928e-02
2.014934125066004444e+00 4.863605345272054015e-02
2.017720340883459862e+00 4.847294321309573301e-02
2.020510409431624854e+00 4.831036518474364494e-02
2.023304336037988094e+00 4.814831768945568302e-02
2.026102126037405693e+00 4.798679905409137386e-02
2.028903784772109642e+00 4.782580761056418744e-02
2.031709317591720687e+00 4.766534169582679198e-02
2.034518729853255437e+00 4.750539965185696795e-02
2.037332026921138795e+00 4.734597982564301560e-02
2.040149214167213287e+00 4.718708056916951638e-02
2.042970296970748834e+00 4.702870023940311506e-02
2.045795280718455622e+00 4.687083719827812855e-02
2.048624170804490774e+00 4.671348981268251543e-02
2.051456972630470776e+00 4.655665645444356099e-02
2.054293691605481698e+00 4.640033550031383291e-02
2.057134333146088956e+00 4.624452533195706067e-02
2.059978902676347978e+00 4.608922433593403561e-02
2.062827405627814414e+00 4.593443090368872633e-02
2.065679847439554795e+00 4.578014343153412324e-02
2.068536233558155857e+00 4.562636032063843022e-02
2.071396569437737423e+00 4.547307997701107579e-02
2.074260860539959062e+00 4.532030081148891859e-02
2.077129112334034744e+00 4.516802123972231409e-02
2.080001330296739503e+00 4.501623968216141025e-02
2.082877519912422759e+00 4.486495456404235305e-02
2.085757686673017197e+00 4.471416431537350578e-02
2.088641836078048541e+00 4.456386737092194600e-02
2.091529973634649320e+00 4.441406217019956693e-02
2.094422104857565525e+00 4.426474715744960209e-02
2.097318235269169051e+00 4.411592078163310143e-02
2.100218370399469237e+00 4.396758149641523394e-02
2.103122515786120861e+00 4.381972776015193721e-02
2.106030676974436133e+00 4.367235803587635190e-02
2.108942859517396684e+00 4.352547079128538804e-02
2.111859068975660669e+00 4.337906449872639542e-02
2.114779310917576982e+00 4.323313763518373681e-02
2.117703590919193690e+00 4.308768868226549309e-02
2.120631914564269138e+00 4.294271612619016132e-02
2.123564287444283938e+00 4.279821845777338069e-02
2.126500715158448518e+00 4.265419417241482491e-02
2.129441203313717779e+00 4.251064177008480327e-02
2.132385757524798642e+00 4.236755975531129870e-02
2.135334383414162041e+00 4.222494663716681168e-02
2.138287086612054466e+00 4.208280092925521798e-02
2.141243872756506406e+00 4.194112114969879984e-02
2.144204747493345664e+00 4.179990582112516617e-02
2.147169716476206691e+00 4.165915347065436702e-02
2.150138785366541239e+00 4.151886262988584153e-02
2.153111959833629907e+00 4.137903183488562259e-02
2.156089245554593248e+00 4.123965962617341663e-02
2.159070648214400645e+00 4.110074454870975280e-02
2.162056173505884527e+00 4.096228515188313907e-02
2.165045827129747469e+00 4.082427998949747505e-02
2.168039614794575964e+00 4.068672761975909713e-02
2.171037542216849747e+00 4.054962660526420515e-02
2.174039615120952895e+00 4.041297551298622670e-02
2.177045839239185820e+00 4.027677291426304262e-02
2.180056220311775483e+00 4.014101738478453862e-02
2.183070764086885163e+00 4.000570750457994179e-02
2.186089476320628222e+00 3.987084185800535835e-02
2.189112362777076104e+00 3.973641903373126283e-02
2.192139429228271652e+00 3.960243762472995949e-02
2.195170681454238881e+00 3.946889622826325189e-02
2.198206125242993636e+00 3.933579344587008475e-02
2.201245766390556025e+00 3.920312788335399840e-02
2.204289610700961521e+00 3.907089815077094408e-02
2.207337663986269849e+00 3.893910286241696744e-02
2.210389932066577856e+00 3.880774063681598218e-02
2.213446420770031953e+00 3.867681009670732861e-02
2.216507135932835215e+00 3.854630986903394285e-02
2.219572083399262041e+00 3.841623858492991539e-02
2.222641269021668808e+00 3.828659487970832720e-02
2.225714698660503199e+00 3.815737739284944668e-02
2.228792378184317524e+00 3.802858476798828824e-02
2.231874313469778937e+00 3.790021565290291328e-02
2.234960510401680089e+00 3.777226869950220389e-02
2.238050974872951571e+00 3.764474256381398348e-02
2.241145712784672117e+00 3.751763590597310960e-02
2.244244730046081937e+00 3.739094739020944885e-02
2.247348032574590260e+00 3.726467568483619874e-02
2.250455626295789546e+00 3.713881946223784175e-02
2.253567517143467480e+00 3.701337739885845329e-02
2.256683711059614961e+00 3.688834817518990561e-02
2.259804213994440314e+00 3.676373047576016184e-02
2.262929031906379063e+00 3.663952298912146605e-02
2.266058170762106805e+00 3.651572440783877604e-02
2.269191636536549872e+00 3.639233342847793956e-02
2.272329435212895099e+00 3.626934875159440463e-02
2.275471572782604035e+00 3.614676908172120146e-02
2.278618055245423601e+00 3.602459312735774993e-02
2.281768888609395862e+00 3.590281960095810521e-02
2.284924078890870902e+00 3.578144721891967500e-02
2.288083632114518373e+00 3.566047470157152760e-02
2.291247554313339041e+00 3.553990077316314389e-02
2.294415851528675887e+00 3.541972416185285022e-02
2.297588529810225211e+00 3.529994359969665374e-02
2.300765595216048620e+00 3.518055782263680709e-02
2.303947053812586354e+00 3.506156557049033839e-02
2.307132911674664832e+00 3.494296558693812255e-02
2.310323174885512643e+00 3.482475661951332790e-02
2.313517849536768534e+00 3.470693741959033490e-02
2.316716941728496071e+00 3.458950674237355055e-02
2.319920457569193406e+00 3.447246334688623681e-02
2.323128403175804824e+00 3.435580599595934592e-02
2.326340784673734063e+00 3.423953345622053612e-02
2.329557608196854090e+00 3.412364449808295147e-02
2.332778879887519530e+00 3.400813789573436940e-02
2.336004605896579545e+00 3.389301242712606382e-02
2.339234792383388051e+00 3.377826687396183469e-02
2.342469445515815263e+00 3.366390002168717643e-02
2.345708571470262349e+00 3.354991065947818957e-02
2.348952176431668537e+00 3.343629758023091564e-02
2.352200266593527100e+00 3.332305958055025580e-02
2.355452848157894685e+00 3.321019546073932655e-02
2.358709927335405077e+00 3.309770402478857260e-02
2.361971510345278968e+00 3.298558408036496997e-02
2.365237603415337730e+00 3.287383443880142336e-02
2.368508212782013178e+00 3.276245391508589982e-02
2.371783344690363116e+00 3.265144132785082615e-02
2.375063005394077553e+00 3.254079549936256255e-02
2.378347201155497803e+00 3.243051525551043229e-02
2.381635938245620920e+00 3.232059942579658396e-02
2.384929222944117910e+00 3.221104684332506268e-02
2.388227061539343055e+00 3.210185634479142264e-02
2.391529460328344125e+00 3.199302677047231869e-02
2.394836425616878373e+00 3.188455696421482050e-02
2.398147963719422293e+00 3.177644577342606663e-02
2.401464080959182734e+00 3.166869204906295338e-02
2.404784783668111547e+00 3.156129464562151821e-02
2.408110078186914471e+00 3.145425242112685760e-02
2.411439970865067561e+00 3.134756423712244805e-02
2.414774468060824741e+00 3.124122895866017144e-02
2.418113576141232901e+00 3.113524545428986157e-02
2.421457301482142999e+00 3.102961259579761419e-02
2.424805650468222495e+00 3.092432925752350639e-02
2.428158629492967346e+00 3.081939431707711105e-02
2.431516244958714879e+00 3.071480665554393932e-02
2.434878503276654449e+00 3.061056515747516762e-02
2.438245410866841212e+00 3.050666871087726745e-02
2.441616974158208109e+00 3.040311620720177049e-02
2.444993199588577415e+00 3.029990654133519340e-02
2.448374093604674062e+00 3.019703861158868144e-02
2.451759662662136297e+00 3.009451131968804080e-02
2.455149913225530778e+00 2.999232357076346556e-02
2.458544851768362349e+00 2.989047427333952137e-02
2.461944484773086472e+00 2.978896233932511531e-02
2.465348818731124325e+00 2.968778668400330958e-02
2.468757860142872129e+00 2.958694622602153768e-02
2.472171615517714027e+00 2.948643988738143193e-02
2.475590091374037183e+00 2.938626659342893216e-02
2.479013294239240217e+00 2.928642527284441854e-02
2.482441230649749198e+00 2.918691485763276125e-02
2.485873907151028739e+00 2.908773428311342210e-02
2.489311330297592217e+00 2.898888248791069155e-02
2.492753506653019535e+00 2.889035841394381465e-02
2.496200442789964669e+00 2.879216100641723494e-02
2.499652145290170324e+00 2.869428921381083145e-02
2.503108620744480817e+00 2.859674198787019034e-02
2.506569875752854060e+00 2.849951828359686273e-02
2.510035916924374000e+00 2.840261705923877861e-02
2.513506750877263940e+00 2.830603727628048377e-02
2.516982384238898085e+00 2.820977789943359543e-02
2.520462823645815309e+00 2.811383789662722649e-02
2.523948075743732034e+00 2.801821623899828154e-02
2.527438147187552886e+00 2.792291190088214484e-02
2.530933044641385354e+00 2.782792385980292077e-02
2.534432774778552666e+00 2.773325109646412878e-02
2.537937344281604446e+00 2.763889259473912077e-02
2.541446759842332259e+00 2.754484734166175522e-02
2.544961028161779382e+00 2.745111432741690477e-02
2.548480155950257231e+00 2.735769254533106792e-02
2.552004149927353804e+00 2.726458099186314030e-02
2.555533016821950554e+00 2.717177866659493610e-02
2.559066763372233044e+00 2.707928457222193511e-02
2.562605396325703833e+00 2.698709771454407824e-02
2.566148922439196234e+00 2.689521710245639657e-02
2.569697348478887200e+00 2.680364174793989362e-02
2.573250681220308866e+00 2.671237066605227500e-02
2.576808927448363207e+00 2.662140287491884111e-02
2.580372093957333135e+00 2.653073739572327228e-02
2.583940187550898049e+00 2.644037325269857006e-02
2.587513215042145376e+00 2.635030947311788052e-02
2.591091183253581676e+00 2.626054508728558126e-02
2.594674099017149516e+00 2.617107912852802490e-02
2.598261969174238128e+00 2.608191063318471975e-02
2.601854800575695403e+00 2.599303864059921212e-02
2.605452600081844761e+00 2.590446219311016290e-02
2.609055374562494478e+00 2.581618033604241025e-02
2.612663130896952346e+00 2.572819211769806699e-02
2.616275875974039877e+00 2.564049658934754519e-02
2.619893616692102079e+00 2.555309280522084434e-02
2.623516359959025657e+00 2.546597982249856895e-02
2.627144112692247901e+00 2.537915670130312315e-02
2.630776881818770896e+00 2.529262250469006129e-02
2.634414674275176615e+00 2.520637629863915069e-02
2.638057497007637142e+00 2.512041715204572923e-02
2.641705356971931540e+00 2.503474413671193111e-02
2.645358261133456068e+00 2.494935632733809305e-02
2.649016216467238838e+00 2.486425280151393497e-02
2.652679229957952689e+00 2.477943263971009447e-02
2.656347308599928958e+00 2.469489492526931798e-02
2.660020459397170356e+00 2.461063874439805427e-02
2.663698689363365624e+00 2.452666318615773222e-02
2.667382005521900634e+00 2.444296734245633707e-02
2.671070414905873047e+00 2.435955030803978877e-02
2.674763924558107853e+00 2.427641118048350435e-02
2.678462541531165364e+00 2.419354906018390122e-02
2.682166272887361202e+00 2.411096305034999762e-02
2.685875125698774291e+00 2.402865225699490209e-02
2.689589107047264172e+00 2.394661578892749373e-02
2.693308224024483000e+00 2.386485275774396717e-02
2.697032483731888419e+00 2.378336227781957871e-02
2.700761893280757775e+00 2.370214346630020869e-02
2.704496459792202767e+00 2.362119544309414926e-02
2.708236190397180998e+00 2.354051733086375692e-02
2.711981092236511959e+00 2.346010825501722297e-02
2.715731172460886800e+00 2.337996734370036828e-02
2.719486438230887426e+00 2.330009372778832008e-02
2.723246896716996268e+00 2.322048654087750102e-02
2.727012555099609603e+00 2.314114491927726086e-02
2.730783420569053987e+00 2.306206800200192100e-02
2.734559500325599579e+00 2.298325493076251030e-02
2.738340801579470352e+00 2.290470484995880268e-02
2.742127331550863190e+00 2.282641690667107370e-02
2.745919097469956327e+00 2.274839025065225270e-02
2.749716106576927555e+00 2.267062403431973142e-02
2.753518366121966210e+00 2.259311741274742588e-02
2.757325883365286057e+00 2.251586954365780713e-02
2.761138665577140827e+00 2.243887958741392838e-02
2.764956720037837545e+00 2.236214670701147655e-02
2.768780054037749849e+00 2.228567006807089662e-02
2.772608674877333090e+00 2.220944883882942228e-02
2.776442589867136324e+00 2.213348219013333909e-02
2.780281806327818295e+00 2.205776929542998047e-02
2.784126331590161652e+00 2.198230933076001509e-02
2.787976172995084045e+00 2.190710147474965452e-02
2.791831337893655007e+00 2.183214490860274984e-02
2.795691833647108826e+00 2.175743881609323166e-02
2.799557667626858759e+00 2.168298238355713392e-02
2.803428847214511244e+00 2.160877479988513108e-02
2.807305379801879663e+00 2.153481525651467290e-02
2.811187272790999003e+00 2.146110294742235164e-02
2.815074533594139616e+00 2.138763706911632825e-02
2.818967169633820546e+00 2.131441682062860596e-02
2.822865188342826404e+00 2.124144140350750151e-02
2.826768597164217134e+00 2.116871002181006101e-02
2.830677403551347115e+00 2.109622188209442362e-02
2.834591614967876705e+00 2.102397619341238658e-02
2.838511238887785559e+00 2.095197216730181056e-02
2.842436282795389069e+00 2.088020901777917770e-02
2.846366754185353010e+00 2.080868596133207682e-02
2.850302660562704204e+00 2.073740221691178914e-02
2.854244009442849173e+00 2.066635700592581518e-02
2.858190808351585677e+00 2.059554955223049516e-02
2.862143064825118266e+00 2.052497908212365385e-02
2.866100786410072931e+00 2.045464482433712386e-02
2.870063980663510428e+00 2.038454601002950492e-02
2.874032655152940929e+00 2.031468187277883988e-02
2.878006817456340460e+00 2.024505164857519010e-02
2.881986475162161554e+00 2.017565457581353000e-02
2.885971635869351459e+00 2.010648989528630512e-02
2.889962307187364132e+00 2.003755685017635790e-02
2.893958496736176667e+00 1.996885468604955860e-02
2.897960212146303061e+00 1.990038265084771718e-02
2.901967461058806652e+00 1.983213999488132526e-02
2.905980251125319658e+00 1.976412597082246453e-02
2.909998590008052499e+00 1.969633983369764238e-02
2.914022485379811567e+00 1.962878084088060665e-02
2.918051944924013430e+00 1.956144825208536858e-02
2.922086976334698605e+00 1.949434132935906963e-02
2.926127587316547540e+00 1.942745933707485870e-02
2.930173785584893942e+00 1.936080154192497751e-02
2.934225578865739426e+00 1.929436721291369686e-02
2.938282974895770838e+00 1.922815562135025622e-02
2.942345981422371803e+00 1.916216604084196307e-02
2.946414606203638709e+00 1.909639774728724357e-02
2.950488857008397581e+00 1.903085001886864816e-02
2.954568741616214744e+00 1.896552213604597512e-02
2.958654267817414585e+00 1.890041338154936634e-02
2.962745443413095536e+00 1.883552304037242747e-02
2.966842276215140739e+00 1.877085039976537917e-02
2.970944774046237580e+00 1.870639474922820497e-02
2.975052944739888350e+00 1.864215538050387200e-02
2.979166796140429341e+00 1.857813158757149266e-02
2.983286336103043723e+00 1.851432266663954190e-02
2.987411572493774425e+00 1.845072791613915075e-02
2.991542513189544561e+00 1.838734663671728886e-02
2.995679166078167199e+00 1.832417813123014827e-02
2.999821539058362685e+00 1.826122170473635023e-02
3.003969640039775513e+00 1.819847666449029774e-02
3.008123476942984098e+00 1.813594231993555933e-02
3.012283057699522093e+00 1.807361798269812789e-02
3.016448390251890377e+00 1.801150296657986344e-02
3.020619482553571267e+00 1.794959658755192547e-02
3.024796342569046725e+00 1.788789816374807343e-02
3.028978978273809464e+00 1.782640701545823783e-02
3.033167397654382924e+00 1.776512246512186241e-02
3.037361608708333716e+00 1.770404383732142317e-02
3.041561619444286269e+00 1.764317045877591625e-02
3.045767437881940154e+00 1.758250165832358700e-02
3.049979072052083851e+00 1.752203676648960914e-02
3.054196529996611176e+00 1.746177511534606139e-02
3.058419819768535941e+00 1.740171603905011841e-02
3.062648949432007495e+00 1.734185887387772185e-02
3.066883927062325821e+00 1.728220295821702307e-02
3.071124760745958415e+00 1.722274763256180508e-02
3.075371458580553163e+00 1.716349223950509525e-02
3.079624028674955660e+00 1.710443612373267752e-02
3.083882479149225642e+00 1.704557863201664608e-02
3.088146818134648530e+00 1.698691911320892103e-02
3.092417053773756308e+00 1.692845691823498949e-02
3.096693194220338174e+00 1.687019140008737608e-02
3.100975247639458754e+00 1.681212191381936671e-02
3.105263222207474971e+00 1.675424781653856582e-02
3.109557126112046710e+00 1.669656846740069644e-02
3.113856967552158572e+00 1.663908322760320607e-02
3.118162754738130538e+00 1.658179146037897303e-02
3.122474495891636614e+00 1.652469253099006496e-02
3.126792199245719939e+00 1.646778580672147302e-02
3.131115873044806541e+00 1.641107065687487376e-02
3.135445525544724887e+00 1.635454645276242583e-02
3.139781165012717867e+00 1.629821256770052490e-02
3.144122799727460560e+00 1.624206837700370096e-02
3.148470437979075776e+00 1.618611325797839062e-02
3.152824088069150488e+00 1.613034658991681358e-02
3.157183758310749155e+00 1.607476775409085942e-02
3.161549457028433263e+00 1.601937613374597447e-02
3.165921192558273756e+00 1.596417111409506248e-02
3.170298973247869689e+00 1.590915208231240621e-02
3.174682807456362887e+00 1.585431842752765136e-02
3.179072703554454815e+00 1.579966954081971769e-02
3.183468669924419014e+00 1.574520481521087326e-02
3.187870714960122420e+00 1.569092364566061076e-02
3.192278847067038239e+00 1.563682542905974956e-02
3.196693074662262823e+00 1.558290956422445084e-02
3.201113406174531217e+00 1.552917545189028310e-02
3.205539850044233141e+00 1.547562249470630161e-02
3.209972414723429868e+00 1.542225009722905139e-02
3.214411108675870654e+00 1.536905766591681322e-02
3.218855940377007840e+00 1.531604460912362221e-02
3.223306918314012837e+00 1.526321033709345833e-02
3.227764050985795219e+00 1.521055426195435170e-02
3.232227346903012943e+00 1.515807579771265810e-02
3.236696814588094995e+00 1.510577436024718341e-02
3.241172462575255153e+00 1.505364936730335841e-02
3.245654299410507093e+00 1.500170023848755411e-02
3.250142333651683479e+00 1.494992639526126349e-02
3.254636573868447069e+00 1.489832726093541330e-02
3.259137028642313805e+00 1.484690226066459964e-02
3.263643706566664804e+00 1.479565082144141883e-02
3.268156616246764568e+00 1.474457237209074977e-02
3.272675766299777411e+00 1.469366634326408835e-02
3.277201165354779899e+00 1.464293216743394604e-02
3.281732822052784826e+00 1.459236927888813914e-02
3.286270745046751429e+00 1.454197711372423596e-02
3.290814943001604931e+00 1.449175510984390160e-02
3.295365424594251635e+00 1.444170270694734338e-02
3.299922198513597582e+00 1.439181934652771465e-02
3.304485273460560979e+00 1.434210447186562778e-02
3.309054658148093075e+00 1.429255752802355284e-02
3.313630361301194593e+00 1.424317796184028373e-02
3.318212391656928606e+00 1.419396522192551725e-02
3.322800757964441853e+00 1.414491875865430022e-02
3.327395468984976734e+00 1.409603802416158069e-02
3.331996533491892620e+00 1.404732247233675749e-02
3.336603960270679181e+00 1.399877155881823834e-02
3.341217758118976366e+00 1.395038474098799983e-02
3.345837935846588174e+00 1.390216147796623052e-02
3.350464502275498635e+00 1.385410123060589783e-02
3.355097466239894466e+00 1.380620346148738950e-02
3.359736836586175723e+00 1.375846763491315322e-02
3.364382622172975346e+00 1.371089321690238845e-02
3.369034831871177804e+00 1.366347967518563057e-02
3.373693474563930650e+00 1.361622647919959184e-02
3.378358559146667162e+00 1.356913310008172995e-02
3.383030094527121001e+00 1.352219901066501438e-02
3.387708089625342645e+00 1.347542368547269623e-02
3.392392553373717146e+00 1.342880660071303113e-02
3.397083494716982788e+00 1.338234723427404391e-02
3.401780922612242630e+00 1.333604506571837121e-02
3.406484846028988933e+00 1.328989957627796023e-02
3.411195273949115592e+00 1.324391024884899806e-02
3.415912215366936788e+00 1.319807656798664339e-02
3.420635679289204312e+00 1.315239801989994545e-02
3.425365674735122656e+00 1.310687409244669192e-02
3.430102210736368562e+00 1.306150427512826201e-02
3.434845296337109222e+00 1.301628805908452806e-02
3.439594940594016492e+00 1.297122493708878499e-02
3.444351152576286434e+00 1.292631440354266581e-02
3.449113941365653524e+00 1.288155595447107796e-02
3.453883316056413300e+00 1.283694908751713444e-02
3.458659285755435242e+00 1.279249330193716824e-02
3.463441859582182314e+00 1.274818809859568601e-02
3.468231046668727391e+00 1.270403297996038419e-02
3.473026856159770137e+00 1.266002745009713396e-02
3.477829297212656545e+00 1.261617101466506498e-02
3.482638378997394923e+00 1.257246318091156771e-02
3.487454110696673659e+00 1.252890345766733207e-02
3.492276501505878983e+00 1.248549135534149715e-02
3.497105560633112287e+00 1.244222638591666041e-02
3.501941297299206557e+00 1.239910806294404998e-02
3.506783720737746801e+00 1.235613590153857543e-02
3.511632840195085592e+00 1.231330941837401396e-02
3.516488664930361274e+00 1.227062813167812370e-02
3.521351204215516173e+00 1.222809156122782979e-02
3.526220467335310804e+00 1.218569922834441578e-02
3.531096463587348300e+00 1.214345065588863862e-02
3.535979202282085510e+00 1.210134536825602410e-02
3.540868692742856094e+00 1.205938289137203911e-02
3.545764944305884292e+00 1.201756275268732466e-02
3.550667966320303126e+00 1.197588448117297907e-02
3.555577768148176165e+00 1.193434760731577025e-02
3.560494359164511291e+00 1.189295166311344840e-02
3.565417748757279792e+00 1.185169618207003624e-02
3.570347946327434574e+00 1.181058069919111234e-02
3.575284961288929697e+00 1.176960475097913600e-02
3.580228803068732812e+00 1.172876787542882770e-02
3.585179481106850918e+00 1.168806961202243679e-02
3.590137004856342351e+00 1.164750950172515481e-02
3.595101383783337656e+00 1.160708708698049776e-02
3.600072627367058242e+00 1.156680191170562748e-02
3.605050745099829701e+00 1.152665352128686566e-02
3.610035746487106234e+00 1.148664146257502745e-02
3.615027641047486195e+00 1.144676528388084702e-02
3.620026438312728967e+00 1.140702453497046895e-02
3.625032147827775386e+00 1.136741876706089463e-02
3.630044779150761958e+00 1.132794753281543033e-02
3.635064341853045722e+00 1.128861038633920469e-02
3.640090845519217133e+00 1.124940688317463411e-02
3.645124299747120045e+00 1.121033658029695068e-02
3.650164714147871248e+00 1.117139903610973699e-02
3.655212098345874239e+00 1.113259381044046266e-02
3.660266461978844532e+00 1.109392046453602787e-02
3.665327814697823428e+00 1.105537856105832939e-02
3.670396166167197105e+00 1.101696766407983703e-02
3.675471526064715277e+00 1.097868733907923430e-02
3.680553904081512506e+00 1.094053715293690811e-02
3.685643309922118860e+00 1.090251667393074379e-02
3.690739753304487891e+00 1.086462547173157149e-02
3.695843243960010405e+00 1.082686311739894380e-02
3.700953791633532219e+00 1.078922918337675563e-02
3.706071406083376374e+00 1.075172324348886918e-02
3.711196097081356005e+00 1.071434487293488128e-02
3.716327874412799659e+00 1.067709364828576396e-02
3.721466747876565506e+00 1.063996914747957628e-02
3.726612727285062210e+00 1.060297094981724891e-02
3.731765822464267135e+00 1.056609863595820396e-02
3.736926043253742336e+00 1.052935178791625931e-02
3.742093399506658091e+00 1.049272998905523800e-02
3.747267901089809339e+00 1.045623282408485871e-02
3.752449557883634768e+00 1.041985987905643708e-02
3.757638379782234139e+00 1.038361074135877096e-02
3.762834376693390936e+00 1.034748499971388166e-02
3.768037558538585685e+00 1.031148224417287838e-02
3.773247935253021268e+00 1.027560206611178445e-02
3.778465516785637135e+00 1.023984405822739481e-02
3.783690313099130176e+00 1.020420781453312657e-02
3.788922334169975592e+00 1.016869293035490597e-02
3.794161589988439331e+00 1.013329900232706575e-02
3.799408090558605622e+00 1.009802562838823387e-02
3.804661845898391181e+00 1.006287240777722566e-02
3.809922866039564759e+00 1.002783894102902626e-02
3.815191161027768008e+00 9.992924829970656689e-03
3.820466740922531468e+00 9.958129677717218742e-03
3.825749615797297221e+00 9.923453088667736829e-03
3.831039795739437093e+00 9.888894668501235774e-03
3.836337290850270865e+00 9.854454023917068317e-03
3.841642111245087143e+00 9.820130760740694228e-03
3.846954267053159793e+00 9.785924485024077857e-03
3.852273768417770583e+00 9.751834804123310496e-03
3.857600625496228286e+00 9.717861326702327898e-03
3.862934848459884662e+00 9.684003662728634179e-03
3.868276447494158443e+00 9.650261423468886948e-03
3.873625432798551760e+00 9.616634221484605602e-03
3.878981814586669241e+00 9.583121670627827576e-03
3.884345603086240217e+00 9.549723386036827050e-03
3.889716808539136483e+00 9.516438984131800685e-03
3.895095441201391839e+00 9.483268082610627966e-03
3.900481511343222962e+00 9.450210300444558675e-03
3.905875029249044950e+00 9.417265257874033943e-03
3.911276005217497520e+00 9.384432576404389340e-03
3.916684449561459669e+00 9.351711878801677660e-03
3.922100372608070984e+00 9.319102789088457017e-03
3.927523784698752518e+00 9.286604932539589338e-03
3.932954696189221444e+00 9.254217935678099582e-03
3.938393117449518144e+00 9.221941426270970771e-03
3.943839058864022196e+00 9.189775033325015344e-03
3.949292530831471471e+00 9.157718387082743050e-03
3.954753543764984336e+00 9.125771119018258326e-03
3.960222108092075644e+00 9.093932861833129919e-03
3.965698234254681598e+00 9.062203249452312551e-03
3.971181932709176632e+00 9.030581917020066851e-03
3.976673213926394723e+00 8.999068500895882755e-03
3.982172088391647602e+00 8.967662638650453211e-03
3.987678566604746955e+00 8.936363969061632273e-03
3.993192659080022189e+00 8.905172132110387995e-03
3.998714376346342192e+00 8.874086768976822970e-03
4.004243728947135317e+00 8.843107522036172327e-03
4.009780727440410253e+00 8.812234034854786111e-03
4.015325382398773790e+00 8.781465952186215743e-03
4.020877704409451248e+00 8.750802919967229365e-03
4.026437704074308677e+00 8.720244585313877486e-03
4.032005392009874178e+00 8.689790596517527402e-03
4.037580778847354779e+00 8.659440603040998233e-03
4.043163875232657745e+00 8.629194255514642184e-03
4.048754691826409235e+00 8.599051205732457029e-03
4.054353239303981837e+00 8.569011106648172574e-03
4.059959528355505221e+00 8.539073612371444674e-03
4.065573569685894562e+00 8.509238378163964250e-03
4.071195374014864754e+00 8.479505060435639160e-03
4.076824952076957054e+00 8.449873316740755258e-03
4.082462314621551513e+00 8.420342805774194694e-03
4.088107472412896293e+00 8.390913187367572690e-03
4.093760436230122757e+00 8.361584122485526960e-03
4.099421216867267681e+00 8.332355273221903058e-03
4.105089825133294568e+00 8.303226302795984823e-03
4.110766271852110521e+00 8.274196875548785537e-03
4.116450567862592003e+00 8.245266656939281846e-03
4.122142724018602600e+00 8.216435313540689303e-03
4.127842751189015225e+00 8.187702513036751797e-03
4.133550660257732545e+00 8.159067924218063941e-03
4.139266462123704748e+00 8.130531216978386516e-03
4.144990167700953521e+00 8.102092062310937634e-03
4.150721787918595140e+00 8.073750132304755023e-03
4.156461333720856466e+00 8.045505100141044433e-03
4.162208816067097139e+00 8.017356640089564473e-03
4.167964245931831790e+00 7.989304427504959408e-03
4.173727634304750467e+00 7.961348138823187356e-03
4.179498992190739948e+00 7.933487451557886053e-03
4.185278330609904174e+00 7.905722044296818393e-03
4.191065660597586451e+00 7.878051596698262479e-03
4.196860993204388102e+00 7.850475789487488393e-03
4.202664339496189783e+00 7.822994304453172523e-03
4.208475710554176352e+00 7.795606824443856130e-03
4.214295117474855523e+00 7.768313033364442934e-03
4.220122571370078290e+00 7.741112616172678498e-03
4.225958083367061136e+00 7.714005258875609658e-03
4.231801664608404678e+00 7.686990648526158439e-03
4.237653326252121211e+00 7.660068473219567610e-03
4.243513079471650684e+00 7.633238422089981545e-03
4.249380935455882913e+00 7.606500185306971570e-03
4.255256905409179780e+00 7.579853454072089068e-03
4.261141000551396552e+00 7.553297920615439399e-03
4.267033232117901420e+00 7.526833278192252355e-03
4.272933611359602146e+00 7.500459221079462148e-03
4.278842149542961160e+00 7.474175444572326438e-03
4.284758857950021316e+00 7.447981644981028874e-03
4.290683747878426324e+00 7.421877519627292918e-03
4.296616830641439400e+00 7.395862766841039895e-03
4.302558117567971685e+00 7.369937085956994142e-03
4.308507620002595573e+00 7.344100177311391371e-03
4.314465349305574016e+00 7.318351742238611568e-03
4.320431316852878290e+00 7.292691483067844857e-03
4.326405534036206646e+00 7.267119103119838892e-03
4.332388012263013621e+00 7.241634306703541302e-03
4.338378762956525136e+00 7.216236799112843610e-03
4.344377797555765142e+00 7.190926286623280927e-03
4.350385127515576045e+00 7.165702476488801896e-03
4.356400764306633810e+00 7.140565076938490928e-03
4.362424719415482599e+00 7.115513797173321671e-03
4.368457004344546313e+00 7.090548347362920882e-03
4.374497630612156129e+00 7.065668438642370465e-03
4.380546609752570930e+00 7.040873783108980016e-03
4.386603953315995064e+00 7.016164093819069782e-03
4.392669672868607655e+00 6.991539084784829938e-03
4.398743779992582148e+00 6.966998470971071458e-03
4.404826286286104953e+00 6.942541968292125290e-03
4.410917203363401207e+00 6.918169293608653937e-03
4.417016542854758754e+00 6.893880164724474312e-03
4.423124316406541467e+00 6.869674300383510693e-03
4.429240535681223001e+00 6.845551420266549059e-03
4.435365212357401887e+00 6.821511244988219536e-03
4.441498358129825519e+00 6.797553496093850477e-03
4.447639984709413241e+00 6.773677896056355500e-03
4.453790103823276780e+00 6.749884168273209001e-03
4.459948727214744224e+00 6.726172037063295889e-03
4.466115866643383114e+00 6.702541227663911388e-03
4.472291533885020876e+00 6.678991466227674097e-03
4.478475740731770571e+00 6.655522479819480676e-03
4.484668498992047780e+00 6.632133996413506517e-03
4.490869820490598130e+00 6.608825744890132678e-03
4.497079717068518612e+00 6.585597455032969096e-03
4.503298200583279787e+00 6.562448857525848313e-03
4.509525282908749766e+00 6.539379683949813997e-03
4.515760975935211086e+00 6.516389666780173645e-03
4.522005291569393570e+00 6.493478539383468889e-03
4.528258241734488543e+00 6.470646036014562896e-03
4.534519838370174583e+00 6.447891891813680061e-03
4.540790093432640617e+00 6.425215842803446570e-03
4.547069018894609904e+00 6.402617625885950910e-03
4.553356626745357794e+00 6.380096978839855555e-03
4.559652928990740151e+00 6.357653640317459214e-03
4.565957937653216447e+00 6.335287349841774683e-03
4.572271664771867528e+00 6.312997847803678703e-03
4.578594122402423139e+00 6.290784875458996749e-03
4.584925322617282362e+00 6.268648174925632935e-03
4.591265277505538478e+00 6.246587489180724199e-03
4.597613999173002064e+00 6.224602562057747653e-03
4.603971499742223195e+00 6.202693138243701651e-03
4.610337791352513648e+00 6.180858963276272128e-03
4.616712886159971774e+00 6.159099783540993717e-03
4.623096796337504699e+00 6.137415346268435164e-03
4.629489534074853196e+00 6.115805399531384738e-03
4.635891111578613888e+00 6.094269692242066869e-03
4.642301541072261450e+00 6.072807974149344035e-03
4.648720834796174373e+00 6.051419995835922994e-03
4.655149005007653606e+00 6.030105508715627796e-03
4.661586063980952765e+00 6.008864265030583462e-03
4.668032024007296776e+00 5.987696017848492466e-03
4.674486897394907636e+00 5.966600521059890402e-03
4.680950696469025729e+00 5.945577529375417267e-03
4.687423433571932918e+00 5.924626798323087869e-03
4.693905121062981856e+00 5.903748084245553571e-03
4.700395771318612859e+00 5.882941144297435150e-03
4.706895396732380554e+00 5.862205736442595815e-03
4.713404009714978748e+00 5.841541619451464523e-03
4.719921622694259078e+00 5.820948552898365380e-03
4.726448248115260320e+00 5.800426297158832283e-03
4.732983898440231485e+00 5.779974613406940916e-03
4.739528586148650469e+00 5.759593263612689321e-03
4.746082323737256914e+00 5.739282010539296930e-03
4.752645123720063758e+00 5.719040617740642381e-03
4.759216998628394535e+00 5.698868849558583367e-03
4.765797961010896699e+00 5.678766471120353689e-03
4.772388023433571824e+00 5.658733248335950754e-03
4.778987198479797804e+00 5.638768947895552580e-03
4.785595498750351950e+00 5.618873337266913105e-03
4.792212936863433193e+00 5.599046184692786990e-03
4.798839525454693167e+00 5.579287259188329268e-03
4.805475277177252202e+00 5.559596330538574792e-03
4.812120204701730408e+00 5.539973169295847426e-03
4.818774320716266324e+00 5.520417546777217806e-03
4.825437637926543566e+00 5.500929235062207434e-03
4.832110169055814808e+00 5.481508007157446030e-03
4.838791926844927538e+00 5.462153637283945207e-03
4.845482924052346263e+00 5.442865900486687676e-03
4.852183173454179155e+00 5.423644572552949530e-03
4.858892687844196701e+00 5.404489430009852546e-03
4.865611480033864567e+00 5.385400250121978073e-03
4.872339562852362249e+00 5.366376810888944492e-03
4.879076949146609721e+00 5.347418891043064469e-03
4.885823651781291410e+00 5.328526270046903338e-03
4.892579683638881960e+00 5.309698728090955430e-03
4.899345057619665766e+00 5.290936046091264909e-03
4.906119786641768066e+00 5.272238005687048326e-03
4.912903883641178915e+00 5.253604389238364890e-03
4.919697361571773619e+00 5.235034979823741629e-03
4.926500233405342044e+00 5.216529561237885290e-03
4.933312512131605487e+00 5.198087917989335262e-03
4.940134210758253985e+00 5.179709835298114753e-03
4.946965342310961411e+00 5.161395099093445300e-03
4.953805919833414784e+00 5.143143496011435244e-03
4.960655956387335586e+00 5.124954813392784692e-03
4.967515465052506407e+00 5.106828839280481806e-03
4.974384458926799368e+00 5.088765362417538123e-03
4.981262951126196548e+00 5.070764172244683968e-03
4.988150954784815738e+00 5.052825058898125464e-03
4.995048483054937982e+00 5.034947813207281582e-03
5.001955549107028887e+00 5.017132226692514255e-03
5.008872166129767933e+00 4.999378091562876707e-03
5.015798347330071572e+00 4.981685200713907753e-03
5.022734105933116311e+00 4.964053347725356710e-03
5.029679455182369807e+00 4.946482326858988969e-03
5.036634408339611291e+00 4.928971933056341265e-03
5.043598978684953771e+00 4.911521961936542863e-03
5.050573179516880451e+00 4.894132209794087307e-03
5.057557024152259828e+00 4.876802473596630189e-03
5.064550525926375002e+00 4.859532550982815537e-03
5.071553698192950321e+00 4.842322240260104813e-03
5.078566554324172699e+00 4.825171340402551259e-03
5.085589107710722701e+00 4.808079651048687876e-03
5.092621371761794968e+00 4.791046972499336462e-03
5.099663359905128424e+00 4.774073105715447018e-03
5.106715085587029357e+00 4.757157852315966641e-03
5.113776562272394521e+00 4.740301014575691065e-03
5.120847803444741331e+00 4.723502395423125749e-03
5.127928822606234505e+00 4.706761798438362579e-03
5.135019633277705609e+00 4.690079027850979979e-03
5.142120248998685916e+00 4.673453888537875377e-03
5.149230683327425062e+00 4.656886186021214763e-03
5.156350949840923015e+00 4.640375726466300713e-03
5.163481062134954058e+00 4.623922316679497657e-03
5.170621033824092549e+00 4.607525764106121594e-03
5.177770878541737787e+00 4.591185876828387906e-03
5.184930609940144208e+00 4.574902463563314953e-03
5.192100241690437379e+00 4.558675333660667552e-03
5.199279787482653070e+00 4.542504297100904802e-03
5.206469261025756801e+00 4.526389164493110559e-03
5.213668676047668704e+00 4.510329747072954268e-03
5.220878046295294617e+00 4.494325856700660468e-03
5.228097385534544728e+00 4.478377305858954015e-03
5.235326707550367331e+00 4.462483907651056472e-03
5.242566026146772806e+00 4.446645475798648682e-03
5.249815355146858487e+00 4.430861824639866289e-03
5.257074708392837081e+00 4.415132769127287464e-03
5.264344099746059769e+00 4.399458124825924091e-03
5.271623543087046393e+00 4.383837707911265869e-03
5.278913052315511223e+00 4.368271335167222928e-03
5.286212641350388708e+00 4.352758823984212433e-03
5.293522324129858347e+00 4.337299992357154105e-03
5.300842114611377554e+00 4.321894658883477895e-03
5.308172026771695862e+00 4.306542642761227932e-03
5.315512074606897563e+00 4.291243763787024219e-03
5.322862272132415917e+00 4.275997842354180463e-03
5.330222633383066899e+00 4.260804699450708270e-03
5.337593172413074072e+00 4.245664156657423700e-03
5.344973903296089901e+00 4.230576036145994832e-03
5.352364840125233947e+00 4.215540160677009283e-03
5.359765997013108851e+00 4.200556353598078156e-03
5.367177388091835866e+00 4.185624438841889679e-03
5.374599027513076166e+00 4.170744240924344377e-03
5.382030929448056611e+00 4.155915584942622594e-03
5.389473108087603492e+00 4.141138296573310985e-03
5.396925577642165628e+00 4.126412202070495194e-03
5.404388352341841006e+00 4.111737128263882879e-03
5.411861446436405210e+00 4.097112902556950161e-03
5.419344874195336281e+00 4.082539352925054245e-03
5.426838649907846701e+00 4.068016307913541706e-03
5.434342787882905590e+00 4.053543596635953046e-03
5.441857302449269795e+00 4.039121048772121442e-03
5.449382207955508761e+00 4.024748494566333934e-03
5.456917518770034725e+00 4.010425764825520378e-03
5.464463249281123147e+00 3.996152690917382545e-03
5.472019413896951789e+00 3.981929104768589141e-03
5.479586027045618479e+00 3.967754838862943070e-03
5.487163103175172196e+00 3.953629726239569521e-03
5.494750656753641493e+00 3.939553600491110981e-03
5.502348702269059366e+00 3.925526295761922260e-03
5.509957254229492563e+00 3.911547646746236888e-03
5.517576327163071781e+00 3.897617488686444965e-03
5.525205935618015651e+00 3.883735657371220531e-03
5.532846094162660044e+00 3.869901989133817631e-03
5.540496817385482942e+00 3.856116320850254929e-03
5.548158119895138185e+00 3.842378489937540650e-03
5.555830016320480347e+00 3.828688334351926584e-03
5.563512521310591374e+00 3.815045692587143867e-03
5.571205649534809012e+00 3.801450403672639207e-03
5.578909415682758777e+00 3.787902307171846228e-03
5.586623834464373495e+00 3.774401243180440339e-03
5.594348920609929721e+00 3.760947052324576691e-03
5.602084688870073492e+00 3.747539575759207490e-03
5.609831154015846977e+00 3.734178655166305646e-03
5.617588330838717781e+00 3.720864132753173414e-03
5.625356234150604706e+00 3.707595851250738896e-03
5.633134878783911503e+00 3.694373653911825657e-03
5.640924279591549073e+00 3.681197384509452258e-03
5.648724451446968331e+00 3.668066887335154781e-03
5.656535409244188628e+00 3.654982007197260779e-03
5.664357167897819956e+00 3.641942589419246059e-03
5.672189742343098473e+00 3.628948479838016439e-03
5.680033147535914040e+00 3.615999524802254554e-03
5.687887398452834198e+00 3.603095571170731974e-03
5.695752510091139698e+00 3.590236466310668586e-03
5.703628497468844039e+00 3.577422058096052515e-03
5.711515375624731661e+00 3.564652194905991705e-03
5.719413159618381037e+00 3.551926725623070699e-03
5.727321864530193984e+00 3.539245499631710461e-03
5.735241505461426748e+00 3.526608366816496969e-03
5.743172097534217535e+00 3.514015177560609118e-03
5.751113655891612275e+00 3.501465782744144720e-03
5.759066195697598367e+00 3.488960033742495061e-03
5.767029732137132214e+00 3.476497782424767171e-03
5.775004280416167646e+00 3.464078881152136274e-03
5.782989855761685227e+00 3.451703182776246805e-03
5.790986473421718017e+00 3.439370540637636409e-03
5.798994148665387982e+00 3.427080808564097938e-03
5.807012896782928202e+00 3.414833840869119057e-03
5.815042733085716620e+00 3.402629492350291076e-03
5.823083672906304464e+00 3.390467618287707364e-03
5.831135731598438454e+00 3.378348074442429853e-03
5.839198924537103430e+00 3.366270717054870975e-03
5.847273267118541007e+00 3.354235402843260168e-03
5.855358774760283325e+00 3.342241989002072648e-03
5.863455462901181470e+00 3.330290333200474663e-03
5.871563347001434785e+00 3.318380293580770052e-03
5.879682442542620180e+00 3.306511728756858504e-03
5.887812765027723216e+00 3.294684497812702499e-03
5.895954329981166531e+00 3.282898460300772130e-03
5.904107152948840032e+00 3.271153476240529386e-03
5.912271249498130210e+00 3.259449406116901593e-03
5.920446635217947673e+00 3.247786110878758768e-03
5.928633325718760894e+00 3.236163451937403533e-03
5.936831336632625522e+00 3.224581291165036761e-03
5.945040683613211030e+00 3.213039490893276982e-03
5.953261382335834462e+00 3.201537913911667657e-03
5.961493448497483527e+00 3.190076423466136745e-03
5.969736897816857457e+00 3.178654883257559047e-03
5.977991746034388321e+00 3.167273157440227485e-03
5.986258008912273887e+00 3.155931110620382920e-03
5.994535702234507824e+00 3.144628607854757420e-03
6.002824841806909006e+00 3.133365514649078930e-03
6.011125443457152606e+00 3.122141696956608030e-03
6.019437523034800286e+00 3.110957021176683369e-03
6.027761096411331287e+00 3.099811354153244550e-03
6.036096179480169077e+00 3.088704563173411393e-03
6.044442788156718649e+00 3.077636515965996838e-03
6.052800938378385176e+00 3.066607080700108762e-03
6.061170646104619308e+00 3.055616125983657682e-03
6.069551927316935824e+00 3.044663520861950329e-03
6.077944798018950046e+00 3.033749134596595235e-03
6.086349274236408924e+00 3.022872831674420103e-03
6.094765372017212357e+00 3.012034471799017194e-03
6.103193107431458486e+00 3.001233915021463833e-03
6.111632496571464124e+00 2.990471021978318659e-03
6.120083555551798504e+00 2.979745653888894643e-03
6.128546300509313483e+00 2.969057672552451437e-03
6.137020747603173731e+00 2.958406940345521298e-03
6.145506913014890493e+00 2.947793320219135697e-03
6.154004812948349112e+00 2.937216675696153415e-03
6.162514463629841899e+00 2.926676870868539192e-03
6.171035881308100990e+00 2.916173770394702228e-03
6.179569082254320556e+00 2.905707239496819506e-03
6.188114082762200319e+00 2.895277143958197279e-03
6.196670899147968647e+00 2.884883350120601760e-03
6.205239547750416307e+00 2.874525724881664412e-03
6.213820044930924880e+00 2.864204135692257746e-03
6.222412407073504959e+00 2.853918450553883691e-03
6.231016650584815686e+00 2.843668538016120087e-03
6.239632791894207386e+00 2.833454267174002547e-03
6.248260847453749989e+00 2.823275507665495669e-03
6.256900833738259671e+00 2.813132129668952965e-03
6.265552767245337940e+00 2.803024003900553805e-03
6.274216664495391171e+00 2.792951001611804554e-03
6.282892542031677685e+00 2.782912994587033190e-03
6.291580416420329058e+00 2.772909855140861385e-03
6.300280304250382102e+00 2.762941456115778054e-03
6.308992222133817940e+00 2.753007670879614472e-03
6.317716186705579773e+00 2.743108373323120425e-03
6.326452214623621728e+00 2.733243437857503511e-03
6.335200322568927511e+00 2.723412739412005290e-03
6.343960527245549486e+00 2.713616153431483522e-03
6.352732845380636206e+00 2.703853555873984849e-03
6.361517293724469724e+00 2.694124823208379933e-03
6.370313889050487788e+00 2.684429832411956100e-03
6.379122648155327369e+00 2.674768460968051601e-03
6.387943587858849526e+00 2.665140586863698566e-03
6.396776725004174047e+00 2.655546088587286326e-03
6.405622076457713199e+00 2.645984845126196552e-03
6.414479659109196596e+00 2.636456735964517323e-03
6.423349489871712947e+00 2.626961641080698649e-03
6.432231585681736696e+00 2.617499440945269575e-03
6.441125963499162665e+00 2.608070016518550509e-03
6.450032640307337140e+00 2.598673249248362096e-03
6.458951633113088064e+00 2.589309021067776138e-03
6.467882958946764127e+00 2.579977214392854823e-03
6.476826634862261400e+00 2.570677712120408593e-03
6.485782677937057095e+00 2.561410397625757916e-03
6.494751105272246861e+00 2.552175154760521515e-03
6.503731933992566105e+00 2.542971867850411100e-03
6.512725181246435291e+00 2.533800421693021328e-03
6.521730864205987466e+00 2.524660701555656635e-03
6.530749000067099352e+00 2.515552593173138538e-03
6.539779606049426874e+00 2.506475982745659352e-03
6.548822699396437130e+00 2.497430756936621157e-03
6.557878297375437704e+00 2.488416802870483877e-03
6.566946417277618409e+00 2.479434008130648910e-03
6.576027076418075268e+00 2.470482260757327596e-03
6.585120292135848707e+00 2.461561449245427448e-03
6.594226081793958194e+00 2.452671462542461815e-03
6.603344462779424440e+00 2.443812190046463009e-03
6.612475452503318252e+00 2.434983521603880253e-03
6.621619068400783625e+00 2.426185347507539211e-03
6.630775327931072383e+00 2.417417558494566396e-03
6.639944248577583252e+00 2.408680045744336119e-03
6.649125847847882298e+00 2.399972700876465154e-03
6.658320143273751768e+00 2.391295415948746679e-03
6.667527152411214963e+00 2.382648083455147104e-03
6.676746892840570879e+00 2.374030596323810274e-03
6.685979382166427953e+00 2.365442847915043018e-03
6.695224638017739593e+00 2.356884732019334967e-03
6.704482678047831712e+00 2.348356142855390939e-03
6.713753519934446246e+00 2.339856975068141214e-03
6.723037181379766913e+00 2.331387123726808182e-03
6.732333680110456520e+00 2.322946484322940906e-03
6.741643033877691593e+00 2.314534952768489140e-03
6.750965260457189032e+00 2.306152425393865214e-03
6.760300377649250514e+00 2.297798798946033665e-03
6.769648403278791804e+00 2.289473970586592636e-03
6.779009355195374731e+00 2.281177837889885197e-03
6.788383251273246266e+00 2.272910298841097215e-03
6.797770109411362505e+00 2.264671251834399039e-03
6.807169947533437515e+00 2.256460595671036864e-03
6.816582783587967320e+00 2.248278229557504337e-03
6.826008635548265424e+00 2.240124053103682931e-03
6.835447521412501892e+00 2.231997966320974081e-03
6.844899459203728220e+00 2.223899869620507216e-03
6.854364466969924408e+00 2.215829663811274934e-03
6.863842562784023826e+00 2.207787250098344495e-03
6.873333764743951413e+00 2.199772530081024659e-03
6.882838090972656531e+00 2.191785405751094963e-03
6.892355559618151162e+00 2.183825779491002910e-03
6.901886188853538329e+00 2.175893554072080675e-03
6.911429996877052950e+00 2.167988632652776988e-03
6.920987001912094705e+00 2.160110918776897686e-03
6.930557222207260004e+00 2.152260316371850616e-03
6.940140676036383738e+00 2.144436729746893554e-03
6.949737381698561478e+00 2.136640063591409896e-03
6.959347357518199217e+00 2.128870222973164826e-03
6.968970621845040014e+00 2.121127113336607022e-03
6.978607193054200408e+00 2.113410640501130460e-03
6.988257089546205947e+00 2.105720710659403881e-03
6.997920329747023160e+00 2.098057230375643869e-03
7.007596932108102195e+00 2.090420106583955589e-03
7.017286915106404344e+00 2.082809246586646637e-03
7.026990297244443795e+00 2.075224558052546960e-03
7.036707097050316939e+00 2.067665949015366073e-03
7.046437333077739673e+00 2.060133327872027721e-03
7.056181023906085592e+00 2.052626603381036644e-03
7.065938188140420628e+00 2.045145684660823211e-03
7.075708844411534137e+00 2.037690481188140536e-03
7.085493011375980643e+00 2.030260902796429505e-03
7.095290707716112699e+00 2.022856859674195072e-03
7.105101952140112864e+00 2.015478262363435899e-03
7.114926763382036334e+00 2.008125021758016323e-03
7.124765160201842917e+00 2.000797049102087319e-03
7.134617161385433448e+00 1.993494255988513975e-03
7.144482785744687092e+00 1.986216554357290390e-03
7.154362052117490656e+00 1.978963856493990564e-03
7.164254979367782994e+00 1.971736075028189365e-03
7.174161586385589651e+00 1.964533122931934675e-03
7.184081892087053056e+00 1.957354913518184400e-03
7.194015915414477824e+00 1.950201360439295746e-03
7.203963675336353845e+00 1.943072377685474590e-03
7.213925190847406022e+00 1.935967879583275816e-03
7.223900480968624471e+00 1.928887780794070897e-03
7.233889564747300049e+00 1.921831996312564498e-03
7.243892461257061655e+00 1.914800441465282221e-03
7.253909189597915308e+00 1.907793031909089162e-03
7.263939768896272575e+00 1.900809683629698906e-03
7.273984218304998528e+00 1.893850312940206608e-03
7.284042557003439278e+00 1.886914836479617946e-03
7.294114804197462831e+00 1.880003171211391518e-03
7.304200979119497283e+00 1.873115234421970183e-03
7.314301101028558350e+00 1.866250943719359240e-03
7.324415189210299104e+00 1.859410217031664050e-03
7.334543262977036626e+00 1.852592972605671042e-03
7.344685341667796408e+00 1.845799129005420676e-03
7.354841444648343440e+00 1.839028605110779339e-03
7.365011591311218631e+00 1.832281320116038769e-03
7.375195801075783208e+00 1.825557193528508327e-03
7.385394093388248926e+00 1.818856145167119850e-03
7.395606487721718025e+00 1.812178095161022517e-03
7.405833003576222318e+00 1.805522963948218498e-03
7.416073660478749829e+00 1.798890672274179722e-03
7.426328477983297205e+00 1.792281141190463136e-03
7.436597475670899904e+00 1.785694292053363694e-03
7.446880673149667729e+00 1.779130046522548044e-03
7.457178090054823905e+00 1.772588326559712069e-03
7.467489746048745047e+00 1.766069054427222597e-03
7.477815660820993138e+00 1.759572152686796846e-03
7.488155854088359042e+00 1.753097544198158877e-03
7.498510345594897153e+00 1.746645152117716438e-03
7.508879155111963577e+00 1.740214899897249727e-03
7.519262302438256995e+00 1.733806711282590615e-03
7.529659807399845306e+00 1.727420510312329413e-03
7.540071689850218917e+00 1.721056221316498653e-03
7.550497969670318277e+00 1.714713768915296322e-03
7.560938666768576510e+00 1.708393078017791987e-03
7.571393801080956720e+00 1.702094073820645693e-03
7.581863392570982185e+00 1.695816681806838798e-03
7.592347461229789651e+00 1.689560827744397654e-03
7.602846027076154201e+00 1.683326437685148504e-03
7.613359110156536325e+00 1.677113437963436609e-03
7.623886730545113011e+00 1.670921755194907602e-03
7.634428908343823927e+00 1.664751316275230736e-03
7.644985663682397181e+00 1.658602048378894763e-03
7.655557016718403496e+00 1.652473879917111185e-03
7.666142987637284634e+00 1.646366745420890397e-03
7.676743596652395141e+00 1.640280581805865891e-03
7.687358864005040537e+00 1.634215326133248505e-03
7.697988809964511070e+00 1.628170915605531895e-03
7.708633454828130560e+00 1.622147287566422062e-03
7.719292818921287491e+00 1.616144379500777505e-03
7.729966922597476753e+00 1.610162129034517064e-03
7.740655786238338720e+00 1.604200473934564190e-03
7.751359430253691229e+00 1.598259352108768235e-03
7.762077875081581091e+00 1.592338701605821400e-03
7.772811141188314288e+00 1.586438460615185011e-03
7.783559249068496833e+00 1.580558567467011235e-03
7.794322219245076511e+00 1.574698960632060687e-03
7.805100072269373079e+00 1.568859578721623280e-03
7.815892828721133334e+00 1.563040360487428452e-03
7.826700509208555090e+00 1.557241244821564070e-03
7.837523134368336031e+00 1.551462170756395332e-03
7.848360724865709237e+00 1.545703077464460895e-03
7.859213301394484041e+00 1.539963904258404362e-03
7.870080884677079780e+00 1.534244590590875612e-03
7.880963495464576418e+00 1.528545076054427590e-03
7.891861154536745637e+00 1.522865300381441708e-03
7.902773882702094355e+00 1.517205203444020297e-03
7.913701700797903804e+00 1.511564725253897483e-03
7.924644629690262398e+00 1.505943805962343778e-03
7.935602690274119020e+00 1.500342385860059611e-03
7.946575903473313218e+00 1.494760405377082088e-03
7.957564290240617844e+00 1.489197805082681124e-03
7.968567871557779903e+00 1.483654525685265116e-03
7.979586668435554309e+00 1.478130508032262985e-03
7.990620701913756285e+00 1.472625693110033319e-03
8.001669993061289787e+00 1.467140022043751614e-03
8.012734562976197239e+00 1.461673436097303807e-03
8.023814432785689732e+00 1.456225876673179808e-03
8.034909623646194987e+00 1.450797285312365294e-03
8.046020156743395546e+00 1.445387603694222233e-03
8.057146053292271404e+00 1.439996773636390221e-03
8.068287334537131983e+00 1.434624737094662662e-03
8.079444021751669425e+00 1.429271436162875535e-03
8.090616136238994116e+00 1.423936813072794634e-03
8.101803699331661335e+00 1.418620810193999124e-03
8.113006732391740528e+00 1.413323370033755556e-03
8.124225256810829521e+00 1.408044435236912922e-03
8.135459294010111364e+00 1.402783948585764086e-03
8.146708865440391634e+00 1.397541852999942356e-03
8.157973992582126854e+00 1.392318091536293113e-03
8.169254696945490224e+00 1.387112607388744359e-03
8.180551000070389378e+00 1.381925343888190704e-03
8.191862923526521456e+00 1.376756244502358277e-03
8.203190488913408629e+00 1.371605252835686765e-03
8.214533717860438955e+00 1.366472312629201475e-03
8.225892632026912565e+00 1.361357367760378896e-03
8.237267253102075415e+00 1.356260362243015723e-03
8.248657602805167244e+00 1.351181240227106997e-03
8.260063702885464210e+00 1.346119945998704723e-03
8.271485575122312639e+00 1.341076423979784297e-03
8.282923241325173436e+00 1.336050618728125894e-03
8.294376723333668266e+00 1.331042474937158991e-03
8.305846043017620417e+00 1.326051937435833569e-03
8.317331222277088543e+00 1.321078951188492390e-03
8.328832283042419959e+00 1.316123461294716173e-03
8.340349247274282618e+00 1.311185412989195661e-03
8.351882136963713066e+00 1.306264751641594358e-03
8.363430974132157303e+00 1.301361422756393705e-03
8.374995780831511638e+00 1.296475371972760811e-03
8.386576579144167098e+00 1.291606545064409020e-03
8.398173391183044956e+00 1.286754887939438969e-03
8.409786239091648241e+00 1.281920346640213256e-03
8.421415145044097272e+00 1.277102867343190770e-03
8.433060131245175839e+00 1.272302396358796590e-03
8.444721219930375611e+00 1.267518880131261088e-03
8.456398433365926337e+00 1.262752265238483102e-03
8.468091793848852689e+00 1.258002498391868175e-03
8.479801323707011562e+00 1.253269526436189127e-03
8.491527045299132936e+00 1.248553296349424937e-03
8.503268981014866057e+00 1.243853755242618287e-03
8.515027153274818517e+00 1.239170850359712058e-03
8.526801584530597111e+00 1.234504529077406652e-03
8.538592297264862907e+00 1.229854738904991073e-03
8.550399313991357886e+00 1.225221427484204364e-03
8.562222657254958236e+00 1.220604542589060404e-03
8.574062349631720537e+00 1.216004032125703703e-03
8.585918413728906629e+00 1.211419844132250248e-03
8.597790872185049338e+00 1.206851926778621832e-03
8.609679747669982675e+00 1.202300228366391666e-03
8.621585062884889794e+00 1.197764697328615674e-03
8.633506840562342077e+00 1.193245282229684614e-03
8.645445103466341763e+00 1.188741931765151033e-03
8.657399874392378791e+00 1.184254594761567940e-03
8.669371176167455673e+00 1.179783220176326176e-03
8.681359031650144331e+00 1.175327757097489618e-03
8.693363463730621632e+00 1.170888154743631457e-03
8.705384495330720895e+00 1.166464362463663336e-03
8.717422149403963871e+00 1.162056329736674883e-03
8.729476448935621136e+00 1.157664006171756988e-03
8.741547416942742288e+00 1.153287341507843724e-03
8.753635076474202137e+00 1.148926285613533676e-03
8.765739450610755767e+00 1.144580788486927519e-03
8.777860562465059857e+00 1.140250800255454338e-03
8.789998435181745506e+00 1.135936271175695764e-03
8.802153091937437779e+00 1.131637151633224430e-03
8.814324555940816097e+00 1.127353392142418356e-03
8.826512850432649770e+00 1.123084943346298751e-03
8.838717998685840627e+00 1.118831756016350687e-03
8.850940024005481632e+00 1.114593781052345724e-03
8.863178949728883538e+00 1.110370969482173641e-03
8.875434799225631721e+00 1.106163272461657904e-03
8.887707595897625268e+00 1.101970641274384148e-03
8.899997363179121379e+00 1.097793027331524316e-03
8.912304124536785110e+00 1.093630382171649094e-03
8.924627903469726675e+00 1.089482657460563329e-03
8.936968723509554735e+00 1.085349804991112390e-03
8.949326608220415480e+00 1.081231776683012165e-03
8.961701581199040589e+00 1.077128524582663012e-03
8.974093666074782760e+00 1.073040000862972819e-03
8.986502886509681431e+00 1.068966157823167916e-03
8.998929266198485877e+00 1.064906947888620472e-03
9.011372828868713825e+00 1.060862323610654639e-03
9.023833598280697643e+00 1.056832237666371129e-03
9.036311598227612762e+00 1.052816642858462682e-03
9.048806852535546952e+00 1.048815492115020643e-03
9.061319385063530518e+00 1.044828738489358673e-03
9.073849219703582492e+00 1.040856335159825183e-03
9.086396380380767468e+00 1.036898235429610342e-03
9.098960891053222255e+00 1.032954392726567619e-03
9.111542775712219822e+00 1.029024760603021015e-03
9.124142058382204823e+00 1.025109292735579009e-03
9.136758763120848670e+00 1.021207942924942007e-03
9.149392914019081502e+00 1.017320665095718677e-03
9.162044535201147255e+00 1.013447413296231876e-03
9.174713650824651623e+00 1.009588141698331953e-03
9.187400285080602913e+00 1.005742804597200722e-03
9.200104462193461785e+00 1.001911356411164765e-03
9.212826206421187436e+00 9.980937516815000573e-04
9.225565542055278456e+00 9.942899450722476537e-04
9.238322493420822568e+00 9.904998913700076898e-04
9.251097084876549914e+00 9.867235454837568025e-04
9.263889340814868589e+00 9.829608624446508052e-04
9.276699285661916150e+00 9.792117974058306158e-04
9.289526943877612908e+00 9.754763056422267745e-04
9.302372339955690350e+00 9.717543425503612524e-04
9.315235498423758642e+00 9.680458636481634616e-04
9.328116443843340377e+00 9.643508245747595955e-04
9.341015200809922092e+00 9.606691810902867959e-04
9.353931793953005780e+00 9.570008890756866128e-04
9.366866247936137313e+00 9.533459045325214489e-04
9.379818587456979273e+00 9.497041835827605381e-04
9.392788837247341149e+00 9.460756824685955229e-04
9.405777022073234406e+00 9.424603575522300103e-04
9.418783166734909784e+00 9.388581653156917884e-04
9.431807296066921253e+00 9.352690623606250931e-04
9.444849434938150878e+00 9.316930054080964276e-04
9.457909608251878097e+00 9.281299512983894311e-04
9.470987840945817027e+00 9.245798569908039765e-04
9.484084157992164421e+00 9.210426795634636156e-04
9.497198584397649412e+00 9.175183762131047024e-04
9.510331145203574366e+00 9.140069042548768993e-04
9.523481865485873499e+00 9.105082211221449855e-04
9.536650770355153739e+00 9.070222843662831833e-04
9.549837884956749789e+00 9.035490516564698106e-04
9.563043234470759657e+00 9.000884807794902812e-04
9.576266844112099719e+00 8.966405296395309980e-04
9.589508739130559789e+00 8.932051562579708609e-04
9.602768944810840424e+00 8.897823187731844843e-04
9.616047486472604433e+00 8.863719754403329458e-04
9.629344389470530174e+00 8.829740845599248376e-04
9.642659679194350630e+00 8.795885935039865662e-04
9.655993381068910253e+00 8.762154270966427327e-04
9.669345520554212925e+00 8.728545079680715248e-04
9.682716123145462817e+00 8.695057594222157767e-04
9.696105214373123005e+00 8.661691054315005193e-04
9.709512819802961658e+00 8.628444706315986689e-04
9.722938965036087566e+00 8.595317803162536366e-04
9.736383675709021190e+00 8.562309604321324038e-04
9.749846977493730193e+00 8.529419375737356266e-04
9.763328896097680953e+00 8.496646389783598903e-04
9.776829457263886525e+00 8.463989925210911895e-04
9.790348686770954600e+00 8.431449267098508824e-04
9.803886610433142579e+00 8.399023706804836049e-04
9.817443254100403749e+00 8.366712541918980934e-04
9.831018643658435252e+00 8.334515076212346786e-04
9.844612805028731373e+00 8.302430619590887243e-04
9.858225764168620842e+00 8.270458488047753749e-04
9.871857547071334338e+00 8.238598003616292133e-04
9.885508179766045345e+00 8.206848494323493474e-04
9.899177688317916335e+00 8.175209294143886236e-04
9.912866098828153838e+00 8.143679742953771009e-04
9.926573437434059954e+00 8.112259186485906281e-04
9.940299730309069659e+00 8.080946976284559581e-04
9.954045003662820079e+00 8.049742469660937016e-04
9.967809283741186022e+00 8.018645029649052987e-04
9.981592596826335040e+00 7.987654024961913244e-04
9.995394969236780724e+00 7.956768829948109934e-04
1.000921642732741645e+01 7.925988824548831904e-04
1.002305699748960244e+01 7.895313394255115691e-04
1.003691670615116927e+01 7.864741930065613680e-04
1.005079557977649785e+01 7.834273828444607290e-04
1.006469364486657447e+01 7.803908491280412644e-04
1.007861092795901570e+01 7.773645325844181966e-04
1.009254745562814826e+01 7.743483744748946764e-04
1.010650325448503217e+01 7.713423165909115290e-04
1.012047835117752470e+01 7.683463012500288750e-04
1.013447277239034960e+01 7.653602712919235817e-04
1.014848654484510604e+01 7.623841700744561026e-04
1.016251969530036270e+01 7.594179414697252830e-04
1.017657225055167736e+01 7.564615298601992752e-04
1.019064423743165904e+01 7.535148801348452632e-04
1.020473568281003551e+01 7.505779376853030952e-04
1.021884661359367108e+01 7.476506484020970823e-04
1.023297705672665181e+01 7.447329586708621068e-04
1.024712703919031043e+01 7.418248153686174363e-04
1.026129658800328848e+01 7.389261658600597285e-04
1.027548573022160383e+01 7.360369579938843328e-04
1.028969449293866489e+01 7.331571400991486595e-04
1.030392290328536653e+01 7.302866609816460654e-04
1.031817098843009894e+01 7.274254699203258189e-04
1.033243877557884005e+01 7.245735166637299772e-04
1.034672629197517146e+01 7.217307514264649591e-04
1.036103356490034955e+01 7.188971248856952352e-04
1.037536062167336937e+01 7.160725881776655328e-04
1.038970748965097890e+01 7.132570928942548070e-04
1.040407419622777851e+01 7.104505910795535237e-04
1.041846076883623162e+01 7.076530352264607821e-04
1.043286723494673573e+01 7.048643782733255651e-04
1.044729362206768997e+01 7.020845736005845196e-04
1.046173995774550924e+01 6.993135750274612119e-04
1.047620626956472201e+01 6.965513368086592022e-04
1.049069258514798442e+01 6.937978136310944764e-04
1.050519893215614431e+01 6.910529606106569338e-04
1.051972533828832113e+01 6.883167332889770802e-04
1.053427183128191125e+01 6.855890876302412913e-04
1.054883843891268569e+01 6.828699800180100055e-04
1.056342518899481142e+01 6.801593672520712605e-04
1.057803210938090999e+01 6.774572065453139625e-04
1.059265922796214277e+01 6.747634555206173104e-04
1.060730657266820742e+01 6.720780722077769739e-04
1.062197417146744804e+01 6.694010150404403796e-04
1.063666205236686935e+01 6.667322428530691016e-04
1.065137024341219885e+01 6.640717148779252130e-04
1.066609877268796325e+01 6.614193907420735756e-04
1.068084766831750265e+01 6.587752304644097162e-04
1.069561695846306826e+01 6.561391944527042918e-04
1.071040667132583479e+01 6.535112435006749845e-04
1.072521683514597512e+01 6.508913387850757439e-04
1.074004747820272776e+01 6.482794418627949203e-04
1.075489862881441461e+01 6.456755146679980665e-04
1.076977031533853513e+01 6.430795195092636925e-04
1.078466256617178587e+01 6.404914190667561000e-04
1.079957540975013153e+01 6.379111763894144797e-04
1.081450887454887066e+01 6.353387548921498153e-04
1.082946298908265526e+01 6.327741183530772402e-04
1.084443778190559371e+01 6.302172309107547917e-04
1.085943328161125265e+01 6.276680570614429815e-04
1.087444951683275818e+01 6.251265616563859420e-04
1.088948651624281538e+01 6.225927098991094859e-04
1.090454430855377765e+01 6.200664673427331523e-04
1.091962292251771771e+01 6.175477998872977567e-04
1.093472238692644183e+01 6.150366737771240577e-04
1.094984273061159463e+01 6.125330555981682796e-04
1.096498398244466976e+01 6.100369122754110279e-04
1.098014617133708448e+01 6.075482110702560721e-04
1.099532932624025250e+01 6.050669195779396440e-04
1.101053347614559463e+01 6.025930057249706366e-04
1.102575865008464540e+01 6.001264377665716703e-04
1.104100487712907075e+01 5.976671842841434689e-04
1.105627218639072851e+01 5.952152141827479932e-04
1.107156060702175360e+01 5.927704966885936335e-04
1.108687016821456872e+01 5.903330013465549891e-04
1.110220089920198738e+01 5.879026980176896115e-04
1.111755282925722632e+01 5.854795568767780581e-04
1.113292598769398190e+01 5.830635484098841120e-04
1.114832040386649936e+01 5.806546434119142430e-04
1.116373610716959774e+01 5.782528129842036315e-04
1.117917312703876043e+01 5.758580285321155279e-04
1.119463149295015647e+01 5.734702617626460334e-04
1.121011123442071700e+01 5.710894846820571778e-04
1.122561238100820624e+01 5.687156695935026256e-04
1.124113496231123221e+01 5.663487890946911118e-04
1.125667900796935861e+01 5.639888160755422881e-04
1.127224454766311901e+01 5.616357237158688077e-04
1.128783161111408262e+01 5.592894854830690338e-04
1.130344022808493776e+01 5.569500751298212676e-04
1.131907042837950605e+01 5.546174666918141875e-04
1.133472224184284372e+01 5.522916344854591824e-04
1.135039569836125750e+01 5.499725531056458370e-04
1.136609082786237934e+01 5.476601974234883083e-04
1.138180766031524627e+01 5.453545425840866656e-04
1.139754622573031106e+01 5.430555640043145758e-04
1.141330655415954531e+01 5.407632373705977729e-04
1.142908867569646070e+01 5.384775386367224520e-04
1.144489262047618006e+01 5.361984440216425790e-04
1.146071841867551733e+01 5.339259300073028120e-04
1.147656610051298642e+01 5.316599733364802891e-04
1.149243569624891492e+01 5.294005510106187173e-04
1.150832723618544762e+01 5.271476402876976988e-04
1.152424075066665488e+01 5.249012186800899133e-04
1.154017627007854685e+01 5.226612639524447559e-04
1.155613382484915519e+01 5.204277541195791298e-04
1.157211344544860054e+01 5.182006674443673721e-04
1.158811516238911388e+01 5.159799824356657658e-04
1.160413900622514305e+01 5.137656778462151505e-04
1.162018500755337058e+01 5.115577326705852751e-04
1.163625319701278116e+01 5.093561261431099347e-04
1.165234360528475221e+01 5.071608377358321909e-04
1.166845626309305395e+01 5.049718471564725768e-04
1.168459120120397365e+01 5.027891343463892788e-04
1.170074845042631750e+01 5.006126794785679176e-04
1.171692804161149759e+01 4.984424629555987522e-04
1.173313000565360120e+01 4.962784654076806638e-04
1.174935437348941392e+01 4.941206676906292590e-04
1.176560117609852441e+01 4.919690508838880103e-04
1.178187044450333865e+01 4.898235962885583682e-04
1.179816220976916519e+01 4.876842854254300375e-04
1.181447650300427910e+01 4.855511000330271364e-04
1.183081335535995571e+01 4.834240220656579878e-04
1.184717279803056300e+01 4.813030336914741266e-04
1.186355486225359179e+01 4.791881172905441597e-04
1.187995957930972324e+01 4.770792554529276817e-04
1.189638698052291232e+01 4.749764309767603564e-04
1.191283709726040563e+01 4.728796268663521723e-04
1.192930996093284612e+01 4.707888263302838542e-04
1.194580560299429095e+01 4.687040127795256104e-04
1.196232405494229845e+01 4.666251698255491570e-04
1.197886534831799032e+01 4.645522812784558427e-04
1.199542951470608365e+01 4.624853311451143146e-04
1.201201658573499564e+01 4.604243036272974801e-04
1.202862659307685789e+01 4.583691831198406091e-04
1.204525956844759804e+01 4.563199542087907645e-04
1.206191554360701801e+01 4.542766016695792158e-04
1.207859455035881346e+01 4.522391104651897345e-04
1.209529662055068222e+01 4.502074657443428806e-04
1.211202178607433311e+01 4.481816528396829450e-04
1.212877007886560321e+01 4.461616587758864211e-04
1.214554153090446853e+01 4.441474938890140924e-04
1.216233617421512747e+01 4.421391863405127660e-04
1.217915404086607900e+01 4.401367641817429928e-04
1.219599516297014041e+01 4.381402548654087284e-04
1.221285957268456102e+01 4.361496852495007391e-04
1.222974730221103457e+01 4.341650816012588730e-04
1.224665838379578808e+01 4.321864696011488050e-04
1.226359284972964936e+01 4.302138743468605204e-04
1.228055073234808070e+01 4.282473203573192123e-04
1.229753206403127663e+01 4.262868315767140686e-04
1.231453687720418877e+01 4.243324313785487968e-04
1.233156520433660575e+01 4.223841425696919869e-04
1.234861707794323316e+01 4.204419873944553374e-04
1.236569253058371487e+01 4.185059875386796342e-04
1.238279159486274139e+01 4.165761641338292399e-04
1.239991430343006584e+01 4.146525377611075085e-04
1.241706068898059456e+01 4.127351284555743141e-04
1.243423078425445816e+01 4.108239557102771325e-04
1.245142462203703992e+01 4.089190384803961624e-04
1.246864223515907533e+01 4.070203951873886347e-04
1.248588365649668752e+01 4.051280437231520939e-04
1.250314891897145486e+01 4.032420014541897952e-04
1.252043805555049794e+01 4.013622852257797864e-04
1.253775109924650089e+01 3.994889113661609587e-04
1.255508808311782154e+01 3.976218956907126459e-04
1.257244904026851096e+01 3.957612535061479390e-04
1.258983400384839513e+01 3.939069996147120966e-04
1.260724300705315848e+01 3.920591483183717934e-04
1.262467608312436518e+01 3.902177134230283844e-04
1.264213326534956749e+01 3.883827082427158809e-04
1.265961458706232712e+01 3.865541456038112879e-04
1.267712008164230397e+01 3.847320378492442893e-04
1.269464978251532905e+01 3.829163968427023806e-04
1.271220372315342928e+01 3.811072339728487405e-04
1.272978193707494299e+01 3.793045601575241108e-04
1.274738445784453056e+01 3.775083858479645052e-04
1.276501131907329167e+01 3.757187210330028182e-04
1.278266255441878307e+01 3.739355752432807337e-04
1.280033819758510205e+01 3.721589575554507673e-04
1.281803828232297171e+01 3.703888765963791758e-04
1.283576284242975873e+01 3.686253405473433379e-04
1.285351191174958707e+01 3.668683571482284837e-04
1.287128552417336813e+01 3.651179337017161847e-04
1.288908371363886829e+01 3.633740770774744155e-04
1.290690651413080658e+01 3.616367937163316782e-04
1.292475395968086893e+01 3.599060896344608300e-04
1.294262608436782713e+01 3.581819704275378117e-04
1.296052292231755310e+01 3.564644412749139288e-04
1.297844450770311120e+01 3.547535069437670989e-04
1.299639087474483645e+01 3.530491717932467024e-04
1.301436205771035937e+01 3.513514397786212523e-04
1.303235809091471964e+01 3.496603144554027531e-04
1.305037900872038925e+01 3.479757989834744215e-04
1.306842484553735240e+01 3.462978961312049081e-04
1.308649563582320141e+01 3.446266082795478827e-04
1.310459141408314032e+01 3.429619374261440594e-04
1.312271221487012163e+01 3.413038851893979587e-04
1.314085807278485341e+01 3.396524528125565139e-04
1.315902902247588635e+01 3.380076411677722273e-04
1.317722509863970437e+01 3.363694507601455632e-04
1.319544633602074768e+01 3.347378817317790516e-04
1.321369276941151760e+01 3.331129338657890524e-04
1.323196443365261388e+01 3.314946065903308565e-04
1.325026136363280926e+01 3.298828989825961931e-04
1.326858359428914191e+01 3.282778097728013050e-04
1.328693116060693313e+01 3.266793373481668918e-04
1.330530409761990462e+01 3.250874797568711113e-04
1.332370244041020868e+01 3.235022347120043154e-04
1.334212622410850457e+01 3.219235995955000958e-04
1.336057548389404914e+01 3.203515714620475195e-04
1.337905025499471812e+01 3.187861470430054778e-04
1.339755057268712868e+01 3.172273227502774625e-04
1.341607647229664835e+01 3.156750946801944189e-04
1.343462798919752110e+01 3.141294586173641514e-04
1.345320515881288337e+01 3.125904100385136280e-04
1.347180801661485816e+01 3.110579441163161592e-04
1.349043659812463147e+01 3.095320557231899007e-04
1.350909093891248780e+01 3.080127394350995538e-04
1.352777107459792205e+01 3.064999895353173547e-04
1.354647704084966264e+01 3.049938000181886166e-04
1.356520887338575854e+01 3.034941645928660478e-04
1.358396660797367161e+01 3.020010766870255287e-04
1.360275028043029444e+01 3.005145294505785292e-04
1.362155992662207282e+01 2.990345157593465235e-04
1.364039558246503070e+01 2.975610282187317736e-04
1.365925728392485183e+01 2.960940591673622544e-04
1.367814506701697752e+01 2.946336006807190148e-04
1.369705896780661902e+01 2.931796445747489560e-04
1.371599902240888724e+01 2.917321824094484990e-04
1.373496526698881404e+01 2.902912054924400970e-04
1.375395773776143571e+01 2.888567048825190398e-04
1.377297647099188893e+01 2.874286713931856760e-04
1.379202150299542851e+01 2.860070955961558975e-04
1.381109287013755527e+01 2.845919678248523240e-04
1.383019060883403384e+01 2.831832781778776537e-04
1.384931475555097968e+01 2.817810165224611790e-04
1.386846534680496212e+01 2.803851724978906118e-04
1.388764241916300968e+01 2.789957355189217909e-04
1.390684600924274505e+01 2.776126947791665968e-04
1.392607615371240826e+01 2.762360392544611345e-04
1.394533288929093651e+01 2.748657577062107679e-04
1.396461625274806906e+01 2.735018386847187831e-04
1.398392628090435785e+01 2.721442705324871882e-04
1.400326301063129719e+01 2.707930413875020079e-04
1.402262647885134861e+01 2.694481391864937507e-04
1.404201672253802613e+01 2.681095516681776016e-04
1.406143377871599398e+01 2.667772663764718215e-04
1.408087768446108434e+01 2.654512706636938672e-04
1.410034847690042525e+01 2.641315516937360738e-04
1.411984619321245304e+01 2.628180964452178636e-04
1.413937087062704556e+01 2.615108917146150252e-04
1.415892254642553993e+01 2.602099241193730540e-04
1.417850125794082317e+01 2.589151801009894845e-04
1.419810704255742628e+01 2.576266459280809906e-04
1.421773993771154920e+01 2.563443076994247343e-04
1.423739998089118686e+01 2.550681513469777611e-04
1.425708720963614873e+01 2.537981626388781256e-04
1.427680166153815122e+01 2.525343271824166355e-04
1.429654337424091715e+01 2.512766304269915731e-04
1.431631238544019524e+01 2.500250576670395657e-04
1.433610873288388277e+01 2.487795940449428729e-04
1.435593245437205567e+01 2.475402245539159128e-04
1.437578358775706100e+01 2.463069340408673385e-04
1.439566217094360212e+01 2.450797072092414071e-04
1.441556824188877606e+01 2.438585286218359564e-04
1.443550183860219072e+01 2.426433827035975052e-04
1.445546299914598976e+01 2.414342537443936129e-04
1.447545176163495384e+01 2.402311259017639062e-04
1.449546816423658235e+01 2.390339832036474717e-04
1.451551224517113070e+01 2.378428095510869914e-04
1.453558404271172932e+01 2.366575887209123328e-04
1.455568359518440857e+01 2.354783043683991207e-04
1.457581094096820173e+01 2.343049400299068458e-04
1.459596611849522851e+01 2.331374791254923876e-04
1.461614916625072347e+01 2.319759049615029926e-04
1.463636012277316745e+01 2.308202007331448574e-04
1.465659902665431069e+01 2.296703495270301370e-04
1.467686591653926698e+01 2.285263343237031080e-04
1.469716083112660954e+01 2.273881380001379813e-04
1.471748380916839594e+01 2.262557433322221585e-04
1.473783488947029241e+01 2.251291329972115161e-04
1.475821411089161117e+01 2.240082895761647376e-04
1.477862151234539390e+01 2.228931955563579945e-04
1.479905713279851298e+01 2.217838333336698384e-04
1.481952101127169463e+01 2.206801852149547637e-04
1.484001318683965209e+01 2.195822334203835122e-04
1.486053369863110873e+01 2.184899600857694187e-04
1.488108258582889043e+01 2.174033472648696840e-04
1.490165988767003213e+01 2.163223769316604378e-04
1.492226564344579209e+01 2.152470309826001738e-04
1.494289989250179040e+01 2.141772912388577028e-04
1.496356267423802500e+01 2.131131394485305400e-04
1.498425402810900309e+01 2.120545572888338812e-04
1.500497399362376783e+01 2.110015263682697663e-04
1.502572261034599421e+01 2.099540282287773777e-04
1.504649991789408858e+01 2.089120443478542275e-04
1.506730595594120992e+01 2.078755561406668822e-04
1.508814076421540662e+01 2.068445449621275623e-04
1.510900438249964139e+01 2.058189921089601437e-04
1.512989685063188539e+01 2.047988788217400301e-04
1.515081820850522121e+01 2.037841862869098743e-04
1.517176849606786426e+01 2.027748956387812323e-04
1.519274775332330130e+01 2.017709879615073234e-04
1.521375602033031171e+01 2.007724442910415602e-04
1.523479333720306528e+01 1.997792456170718466e-04
1.525585974411122869e+01 1.987913728849302912e-04
1.527695528127997804e+01 1.978087911704805844e-04
1.529807998899014621e+01 1.968313946418958900e-04
1.531923390757824421e+01 1.958590591426281283e-04
1.534041707743655536e+01 1.948916625655464693e-04
1.536162953901324357e+01 1.939290848289975788e-04
1.538287133281237118e+01 1.929712078523821491e-04
1.540414249939403923e+01 1.920179155324216590e-04
1.542544307937441239e+01 1.910690937201182916e-04
1.544677311342581838e+01 1.901246301983706044e-04
1.546813264227685103e+01 1.891844146602433537e-04
1.548952170671238626e+01 1.882483386878656126e-04
1.551094034757373485e+01 1.873162957319411670e-04
1.553238860575865488e+01 1.863881810918626477e-04
1.555386652222145649e+01 1.854638918964008872e-04
1.557537413797310677e+01 1.845433270849616391e-04
1.559691149408124922e+01 1.836263873893957828e-04
1.561847863167034589e+01 1.827129753163388897e-04
1.564007559192170227e+01 1.818029951300764106e-04
1.566170241607356850e+01 1.808963528359068106e-04
1.568335914542124243e+01 1.799929561640005633e-04
1.570504582131709270e+01 1.790927145537325347e-04
1.572676248517069908e+01 1.781955391384736087e-04
1.574850917844887199e+01 1.773013427308355082e-04
1.577028594267579287e+01 1.764100398083412208e-04
1.579209281943303722e+01 1.755215464995228431e-04
1.581392985035968124e+01 1.746357805704216103e-04
1.583579707715239948e+01 1.737526614114807868e-04
1.585769454156549507e+01 1.728721100248222008e-04
1.587962228541103649e+01 1.719940490118862042e-04
1.590158035055889130e+01 1.711184025614289044e-04
1.592356877893681677e+01 1.702450964378590214e-04
1.594558761253057710e+01 1.693740579699046147e-04
1.596763689338395764e+01 1.685052160396007599e-04
1.598971666359891408e+01 1.676385010715748401e-04
1.601182696533560090e+01 1.667738450226319703e-04
1.603396784081246196e+01 1.659111813716174634e-04
1.605613933230635126e+01 1.650504451095501568e-04
1.607834148215254544e+01 1.641915727300154865e-04
1.610057433274489824e+01 1.633345022197987936e-04
1.612283792653585834e+01 1.624791730497628203e-04
1.614513230603657590e+01 1.616255261659426963e-04
1.616745751381701623e+01 1.607735039808537816e-04
1.618981359250596341e+01 1.599230503650076222e-04
1.621220058479119075e+01 1.590741106386109728e-04
1.623461853341947858e+01 1.582266315634516007e-04
1.625706748119670308e+01 1.573805613349523575e-04
1.627954747098796773e+01 1.565358495743802113e-04
1.630205854571761037e+01 1.556924473212137610e-04
1.632460074836935959e+01 1.548503070256397173e-04
1.634717412198635955e+01 1.540093825411850985e-04
1.636977870967126591e+01 1.531696291174644868e-04
1.639241455458636310e+01 1.523310033930382534e-04
1.641508169995359268e+01 1.514934633883684427e-04
1.643778018905468841e+01 1.506569684988639407e-04
1.646051006523121174e+01 1.498214794880082319e-04
1.648327137188465841e+01 1.489869584805532127e-04
1.650606415247655789e+01 1.481533689557771336e-04
1.652888845052850542e+01 1.473206757407942587e-04
1.655174430962231824e+01 1.464888450039036113e-04
1.657463177340003568e+01 1.456578442479773727e-04
1.659755088556407898e+01 1.448276423038692858e-04
1.662050168987728327e+01 1.439982093238401887e-04
1.664348423016298639e+01 1.431695167749912187e-04
1.666649855030515681e+01 1.423415374326970711e-04
1.668954469424840781e+01 1.415142453740260572e-04
1.671262270599816091e+01 1.406876159711445233e-04
1.673573262962064945e+01 1.398616258846958991e-04
1.675887450924304645e+01 1.390362530571446716e-04
1.678204838905357121e+01 1.382114767060731706e-04
1.680525431330151065e+01 1.373872773174382640e-04
1.682849232629737202e+01 1.365636366387604813e-04
1.685176247241290426e+01 1.357405376722532623e-04
1.687506479608122234e+01 1.349179646678772047e-04
1.689839934179689962e+01 1.340959031163143538e-04
1.692176615411600338e+01 1.332743397418558351e-04
1.694516527765625469e+01 1.324532624951927241e-04
1.696859675709703197e+01 1.316326605461101489e-04
1.699206063717950599e+01 1.308125242760660629e-04
1.701555696270673579e+01 1.299928452706619478e-04
1.703908577854370066e+01 1.291736163119890513e-04
1.706264712961744934e+01 1.283548313708456859e-04
1.708624106091713912e+01 1.275364855988234743e-04
1.710986761749412466e+01 1.267185753202533266e-04
1.713352684446208940e+01 1.259010980240013098e-04
1.715721878699706338e+01 1.250840523551203446e-04
1.718094349033758306e+01 1.242674381063366173e-04
1.720470099978470557e+01 1.234512562093809216e-04
1.722849136070214016e+01 1.226355087261466381e-04
1.725231461851634762e+01 1.218201988396765855e-04
1.727617081871655813e+01 1.210053308449757757e-04
1.730006000685495238e+01 1.201909101396336478e-04
1.732398222854666869e+01 1.193769432142675175e-04
1.734793752946991674e+01 1.185634376427708691e-04
1.737192595536610185e+01 1.177504020723635922e-04
1.739594755203984278e+01 1.169378462134495680e-04
1.742000236535912805e+01 1.161257808292622814e-04
1.744409044125534081e+01 1.153142177253121454e-04
1.746821182572341158e+01 1.145031697386149258e-04
1.749236656482184316e+01 1.136926507267134348e-04
1.751655470467283138e+01 1.128826755564800406e-04
1.754077629146236816e+01 1.120732600926963588e-04
1.756503137144028059e+01 1.112644211864178390e-04
1.758931999092039078e+01 1.104561766631060742e-04
1.761364219628051941e+01 1.096485453105412066e-04
1.763799803396263499e+01 1.088415468665012852e-04
1.766238755047294262e+01 1.080352020062111748e-04
1.768681079238191955e+01 1.072295323295634315e-04
1.771126780632447861e+01 1.064245603480997582e-04
1.773575863899999305e+01 1.056203094717632877e-04
1.776028333717240670e+01 1.048168039954133166e-04
1.778484194767035476e+01 1.040140690851023279e-04
1.780943451738719929e+01 1.032121307641193275e-04
1.783406109328116784e+01 1.024110158987940331e-04
1.785872172237539957e+01 1.016107521840672407e-04
1.788341645175806605e+01 1.008113681288217047e-04
1.790814532858246366e+01 1.000128930409763370e-04
1.793290840006706688e+01 9.921535701235166603e-05
1.795770571349567035e+01 9.841879090329070008e-05
1.798253731621742801e+01 9.762322632705614661e-05
1.800740325564697386e+01 9.682869563398986625e-05
1.803230357926452143e+01 9.603523189544370907e-05
1.805723833461591354e+01 9.524286888748455227e-05
1.808220756931276796e+01 9.445164107436821300e-05
1.810721133103251290e+01 9.366158359179577544e-05
1.813224966751850786e+01 9.287273222994272322e-05
1.815732262658015372e+01 9.208512341627471452e-05
1.818243025609292829e+01 9.129879419814491742e-05
1.820757260399854616e+01 9.051378222518098300e-05
1.823274971830498359e+01 8.973012573146341793e-05
1.825796164708660996e+01 8.894786351749897505e-05
1.828320843848429433e+01 8.816703493199387317e-05
1.830849014070543035e+01 8.738767985343100664e-05
1.833380680202411739e+01 8.660983867145541381e-05
1.835915847078117125e+01 8.583355226807163631e-05
1.838454519538428400e+01 8.505886199865872921e-05
1.840996702430805954e+01 8.428580967281318109e-05
1.843542400609413434e+01 8.351443753501215476e-05
1.846091618935129119e+01 8.274478824511672683e-05
1.848644362275549113e+01 8.197690485871522096e-05
1.851200635505004399e+01 8.121083080730778694e-05
1.853760443504563327e+01 8.044660987834912529e-05
1.856323791162043335e+01 7.968428619514573920e-05
1.858890683372023389e+01 7.892390419662033093e-05
1.861461125035847175e+01 7.816550861694833018e-05
1.864035121061639444e+01 7.740914446507453676e-05
1.866612676364309564e+01 7.665485700411489209e-05
1.869193795865562535e+01 7.590269173065526502e-05
1.871778484493911421e+01 7.515269435394832261e-05
1.874366747184681614e+01 7.440491077502431533e-05
1.876958588880026468e+01 7.365938706571569525e-05
1.879554014528929429e+01 7.291616944761237238e-05
1.882153029087218954e+01 7.217530427094687737e-05
1.884755637517578108e+01 7.143683799342431123e-05
1.887361844789548471e+01 7.070081715900582338e-05
1.889971655879547541e+01 6.996728837664896558e-05
1.892585075770871228e+01 6.923629829902068337e-05
1.895202109453706285e+01 6.850789360118743072e-05
1.897822761925142387e+01 6.778212095929291134e-05
1.900447038189175331e+01 6.705902702923432915e-05
1.903074943256724794e+01 6.633865842534378873e-05
1.905706482145636116e+01 6.562106169908978059e-05
1.908341659880692731e+01 6.490628331779854806e-05
1.910980481493630023e+01 6.419436964341753468e-05
1.913622952023137103e+01 6.348536691132202359e-05
1.916269076514873504e+01 6.277932120917719316e-05
1.918918860021474160e+01 6.207627845586750155e-05
1.921572307602560059e+01 6.137628481790533420e-05
1.924229424324751747e+01 6.067941360430277728e-05
1.926890215261671102e+01 5.998577939619292556e-05
1.929554685493960520e+01 5.929549703181724785e-05
1.932222840109283624e+01 5.860867771733420921e-05
1.934894684202343029e+01 5.792542904983848898e-05
1.937570222874883186e+01 5.724585504230028036e-05
1.940249461235703876e+01 5.657005615034953601e-05
1.942932404400670876e+01 5.589812930083211178e-05
1.945619057492721282e+01 5.523016792206614955e-05
1.948309425641879145e+01 5.456626197572218145e-05
1.951003513985260440e+01 5.390649799026049415e-05
1.953701327667083376e+01 5.325095909585025856e-05
1.956402871838683666e+01 5.259972506069828506e-05
1.959108151658514885e+01 5.195287232872562499e-05
1.961817172292168721e+01 5.131047405851020180e-05
1.964529938912376394e+01 5.067260016343781931e-05
1.967246456699022161e+01 5.003931735299013228e-05
1.969966730839155034e+01 4.941068917509735761e-05
1.972690766526993400e+01 4.878677605950272237e-05
1.975418568963942079e+01 4.816763536205891241e-05
1.978150143358595159e+01 4.755332140990546901e-05
1.980885494926748791e+01 4.694388554745817854e-05
1.983624628891415043e+01 4.633937618314750340e-05
1.986367550482823674e+01 4.573983883685411438e-05
1.989114264938441323e+01 4.514531618797118674e-05
1.991864777502973283e+01 4.455584812404583638e-05
1.994619093428377354e+01 4.397147178993793053e-05
1.997377217973876995e+01 4.339222163743906103e-05
2.000139156405963448e+01 4.281812947530610960e-05
2.002904913998414571e+01 4.224922451964484787e-05
2.005674496032298393e+01 4.168553344460410037e-05
2.008447907795984477e+01 4.112708043332275018e-05
2.011225154585158492e+01 4.057388722908230932e-05
2.014006241702825051e+01 4.002597318662066939e-05
2.016791174459325475e+01 3.948335532355762664e-05
2.019579958172340994e+01 3.894604837189170009e-05
2.022372598166906599e+01 3.841406482951941983e-05
2.025169099775422765e+01 3.788741501174085939e-05
2.027969468337660430e+01 3.736610710270838988e-05
2.030773709200777688e+01 3.685014720677904851e-05
2.033581827719323698e+01 3.633953939973583386e-05
2.036393829255251831e+01 3.583428577983731100e-05
2.039209719177933167e+01 3.533438651866377953e-05
2.042029502864158985e+01 3.483983991172764130e-05
2.044853185698159592e+01 3.435064242880962076e-05
2.047680773071607163e+01 3.386678876399861192e-05
2.050512270383632085e+01 3.338827188539614092e-05
2.053347683040828642e+01 3.291508308446705334e-05
2.056187016457267092e+01 3.244721202499960429e-05
2.059030276054507169e+01 3.198464679165645853e-05
2.061877467261600927e+01 3.152737393809001081e-05
2.064728595515111920e+01 3.107537853459546340e-05
2.067583666259119113e+01 3.062864421528541125e-05
2.070442684945227896e+01 3.018715322476039179e-05
2.073305657032586069e+01 2.975088646425744218e-05
2.076172587987886331e+01 2.931982353725860529e-05
2.079043483285384042e+01 2.889394279454017710e-05
2.081918348406901487e+01 2.847322137865008828e-05
2.084797188841841376e+01 2.805763526779240336e-05
2.087680010087199989e+01 2.764715931910989119e-05
2.090566817647570375e+01 2.724176731135049409e-05
2.093457617035161533e+01 2.684143198690258473e-05
2.096352413769801615e+01 2.644612509319147541e-05
2.099251213378951775e+01 2.605581742342563982e-05
2.102154021397719319e+01 2.567047885668268957e-05
2.105060843368860546e+01 2.529007839732797688e-05
2.107971684842801352e+01 2.491458421375732589e-05
2.110886551377639009e+01 2.454396367645929846e-05
2.113805448539156728e+01 2.417818339538783948e-05
2.116728381900837164e+01 2.381720925664400097e-05
2.119655357043865251e+01 2.346100645846033091e-05
2.122586379557148106e+01 2.310953954648508102e-05
2.125521455037317509e+01 2.276277244836542356e-05
2.128460589088744825e+01 2.242066850762327365e-05
2.131403787323553445e+01 2.208319051682788118e-05
2.134351055361623395e+01 2.175030075006088929e-05
2.137302398830609818e+01 2.142196099467570593e-05
2.140257823365946876e+01 2.109813258235056861e-05
2.143217334610860547e+01 2.077877641943863614e-05
2.146180938216383893e+01 2.046385301661372841e-05
2.149148639841359909e+01 2.015332251781820933e-05
2.152120445152460704e+01 1.984714472851199980e-05
2.155096359824189634e+01 1.954527914322900904e-05
2.158076389538901196e+01 1.924768497244239734e-05
2.161060539986804230e+01 1.895432116874655077e-05
2.164048816865975766e+01 1.866514645235559181e-05
2.167041225882374889e+01 1.838011933592829892e-05
2.170037772749847349e+01 1.809919814872215565e-05
2.173038463190143332e+01 1.782234106008326831e-05
2.176043302932922430e+01 1.754950610227913184e-05
2.179052297715766429e+01 1.728065119267900064e-05
2.182065453284194589e+01 1.701573415529105651e-05
2.185082775391666843e+01 1.675471274166172016e-05
2.188104269799602619e+01 1.649754465114552227e-05
2.191129942277385467e+01 1.624418755055306613e-05
2.194159798602376554e+01 1.599459909318536228e-05
2.197193844559929232e+01 1.574873693726095913e-05
2.200232085943391880e+01 1.550655876374774155e-05
2.203274528554128864e+01 1.526802229360379182e-05
2.206321178201523026e+01 1.503308530443953065e-05
2.209372040702989892e+01 1.480170564660818536e-05
2.212427121883993308e+01 1.457384125873324050e-05
2.215486427578047923e+01 1.434945018268405483e-05
2.218549963626738375e+01 1.412849057800689552e-05
2.221617735879724265e+01 1.391092073582150128e-05
2.224689750194754723e+01 1.369669909219312200e-05
2.227766012437680843e+01 1.348578424098811234e-05
2.230846528482461366e+01 1.327813494622483590e-05
2.233931304211181512e+01 1.307371015392727636e-05
2.237020345514057240e+01 1.287246900349249577e-05
2.240113658289448750e+01 1.267437083858122853e-05
2.243211248443876116e+01 1.247937521754061168e-05
2.246313121892022835e+01 1.228744192337049646e-05
2.249419284556754306e+01 1.209853097324101888e-05
2.252529742369123866e+01 1.191260262757279119e-05
2.255644501268385937e+01 1.172961739868814069e-05
2.258763567202010236e+01 1.154953605904387690e-05
2.261886946125687103e+01 1.137231964905548401e-05
2.265014644003346334e+01 1.119792948452050745e-05
2.268146666807159662e+01 1.102632716365374358e-05
2.271283020517562079e+01 1.085747457373998895e-05
2.274423711123254677e+01 1.069133389741724595e-05
2.277568744621219921e+01 1.052786761859753059e-05
2.280718127016735153e+01 1.036703852803472667e-05
2.283871864323378631e+01 1.020880972855015226e-05
2.287029962563047647e+01 1.005314463992301453e-05
2.290192427765962790e+01 9.900007003456183326e-06
2.293359265970684646e+01 9.749360886225255689e-06
2.296530483224125163e+01 9.601170685020311786e-06
2.299706085581555470e+01 9.455401129989008690e-06
2.302886079106622219e+01 9.312017287989284169e-06
2.306070469871355044e+01 9.170984565660262783e-06
2.309259263956178998e+01 9.032268712220261508e-06
2.312452467449930893e+01 8.895835821998889699e-06
2.315650086449862144e+01 8.761652336713417953e-06
2.318852127061660440e+01 8.629685047494731838e-06
2.322058595399451875e+01 8.499901096673895479e-06
2.325269497585818002e+01 8.372267979333876956e-06
2.328484839751810043e+01 8.246753544636718487e-06
2.331704628036951732e+01 8.123325996932385568e-06
2.334928868589261697e+01 8.001953896656364396e-06
2.338157567565256301e+01 7.882606161024521959e-06
2.341390731129964919e+01 7.765252064531149556e-06
2.344628365456945573e+01 7.649861239257547057e-06
2.347870476728287770e+01 7.536403674998676355e-06
2.351117071134634884e+01 7.424849719213161013e-06
2.354368154875187003e+01 7.315170076805000785e-06
2.357623734157715489e+01 7.207335809741687665e-06
2.360883815198580393e+01 7.101318336516345895e-06
2.364148404222731870e+01 6.997089431459733681e-06
2.367417507463733273e+01 6.894621223907463278e-06
2.370691131163763998e+01 6.793886197229611242e-06
2.373969281573634760e+01 6.694857187727319104e-06
2.377251964952803576e+01 6.597507383402749063e-06
2.380539187569378967e+01 6.501810322607813176e-06
2.383830955700141985e+01 6.407739892576612539e-06
2.387127275630547629e+01 6.315270327847768971e-06
2.390428153654747945e+01 6.224376208580520969e-06
2.393733596075594150e+01 6.135032458771052743e-06
2.397043609204653691e+01 6.047214344372421579e-06
2.400358199362224454e+01 5.960897471324217747e-06
2.403677372877339025e+01 5.876057783495619532e-06
2.407001136087787074e+01 5.792671560546693484e-06
2.410329495340118555e+01 5.710715415712767138e-06
2.413662456989658267e+01 5.630166293515017548e-06
2.417000027400523621e+01 5.551001467402797423e-06
2.420342212945627480e+01 5.473197929275361907e-06
2.423689020006698769e+01 5.396726677703166553e-06
2.427040454974288508e+01 5.321555650455564664e-06
2.430396524247784029e+01 5.247653632365260197e-06
2.433757234235425315e+01 5.174990281702205778e-06
2.437122591354308199e+01 5.103536103621571964e-06
2.440492602030407809e+01 5.033262424526221560e-06
2.443867272698580706e+01 4.964141367309643339e-06
2.447246609802581219e+01 4.896145827445539246e-06
2.450630619795078147e+01 4.829249449892939997e-06
2.454019309137657956e+01 4.763426606786286446e-06
2.457412684300847161e+01 4.698652375880462945e-06
2.460810751764115167e+01 4.634902519723831804e-06
2.464213518015891680e+01 4.572153465531181242e-06
2.467620989553581978e+01 4.510382285731040311e-06
2.471033172883571538e+01 4.449566679162768891e-06
2.474450074521246989e+01 4.389684952898662279e-06
2.477871700991000381e+01 4.330716004668887440e-06
2.481298058826246233e+01 4.272639305866412356e-06
2.484729154569436815e+01 4.215434885110857694e-06
2.488164994772066407e+01 4.159083312351258787e-06
2.491605585994693328e+01 4.103565683487284616e-06
2.495050934806943843e+01 4.048863605490515411e-06
2.498501047787528861e+01 3.994959182007544765e-06
2.501955931524259924e+01 3.941834999426929708e-06
2.505415592614053111e+01 3.889474113394024690e-06
2.508880037662951423e+01 3.837860035756442884e-06
2.512349273286127982e+01 3.786976721925506378e-06
2.515823306107907342e+01 3.736808558637949506e-06
2.519302142761771535e+01 3.687340352103799324e-06
2.522785789890374275e+01 3.638557316526563481e-06
2.526274254145559084e+01 3.590445062982117921e-06
2.529767542188362128e+01 3.542989588643519443e-06
2.533265660689035315e+01 3.496177266339390000e-06
2.536768616327050552e+01 3.449994834433789399e-06
2.540276415791115383e+01 3.404429387016239262e-06
2.543789065779191461e+01 3.359468364390512887e-06
2.547306572998495611e+01 3.315099543851993558e-06
2.550828944165525414e+01 3.271311030742702959e-06
2.554356186006062046e+01 3.228091249774641674e-06
2.557888305255186268e+01 3.185428936611608572e-06
2.561425308657296540e+01 3.143313129700207537e-06
2.564967202966112225e+01 3.101733162341461961e-06
2.568513994944695966e+01 3.060678654994264263e-06
2.572065691365459372e+01 3.020139507802438306e-06
2.575622299010178295e+01 2.980105893337651632e-06
2.579183824670010239e+01 2.940568249550134109e-06
2.582750275145498264e+01 2.901517272920466106e-06
2.586321657246594441e+01 2.862943911804457562e-06
2.589897977792663042e+01 2.824839359965146384e-06
2.593479243612498664e+01 2.787195050284671058e-06
2.597065461544342924e+01 2.750002648649830341e-06
2.600656638435886592e+01 2.713254048005397393e-06
2.604252781144295881e+01 2.676941362568840280e-06
2.607853896536214222e+01 2.641056922201189613e-06
2.611459991487780741e+01 2.605593266928168132e-06
2.615071072884646597e+01 2.570543141606434827e-06
2.618687147621978539e+01 2.535899490730012162e-06
2.622308222604483419e+01 2.501655453371424998e-06
2.625934304746412096e+01 2.467804358253470628e-06
2.629565400971576139e+01 2.434339718946523328e-06
2.633201518213364878e+01 2.401255229187062039e-06
2.636842663414750021e+01 2.368544758313476524e-06
2.640488843528309815e+01 2.336202346814475127e-06
2.644140065516230820e+01 2.304222201986796202e-06
2.647796336350328517e+01 2.272598693697802555e-06
2.651457663012061516e+01 2.241326350249719833e-06
2.655124052492538311e+01 2.210399854341829192e-06
2.658795511792538591e+01 2.179814039127137180e-06
2.662472047922518215e+01 2.149563884360419289e-06
2.666153667902631241e+01 2.119644512634355788e-06
2.669840378762736677e+01 2.090051185700739731e-06
2.673532187542413041e+01 2.060779300873958123e-06
2.677229101290976843e+01 2.031824387513693954e-06
2.680931127067488262e+01 2.003182103584519358e-06
2.684638271940772825e+01 1.974848232289340285e-06
2.688350542989427083e+01 1.946818678774681438e-06
2.692067947301836028e+01 1.919089466905065804e-06
2.695790491976189429e+01 1.891656736104192045e-06
2.699518184120487874e+01 1.864516738261147082e-06
2.703251030852566217e+01 1.837665834698859931e-06
2.706989039300097133e+01 1.811100493203449373e-06
2.710732216600609235e+01 1.784817285112019434e-06
2.714480569901505191e+01 1.758812882457317254e-06
2.718234106360065638e+01 1.733084055167466299e-06
2.721992833143473334e+01 1.707627668318889650e-06
2.725756757428817778e+01 1.682440679441099657e-06
2.729525886403112622e+01 1.657520135871509124e-06
2.733300227263314142e+01 1.632863172158958111e-06
2.737079787216324434e+01 1.608467007514633288e-06
2.740864573479016997e+01 1.584328943308689382e-06
2.744654593278240284e+01 1.560446360611819685e-06
2.748449853850836178e+01 1.536816717780027793e-06
2.752250362443658105e+01 1.513437548081874023e-06
2.756056126313573174e+01 1.490306457366888901e-06
2.759867152727490947e+01 1.467421121774130499e-06
2.763683448962363443e+01 1.444779285480089008e-06
2.767505022305206097e+01 1.422378758484742506e-06
2.771331880053114816e+01 1.400217414435149006e-06
2.775164029513270236e+01 1.378293188485626924e-06
2.779001478002962244e+01 1.356604075193770351e-06
2.782844232849595656e+01 1.335148126451696008e-06
2.786692301390706916e+01 1.313923449451619405e-06
2.790545690973982929e+01 1.292928204685420087e-06
2.794404408957265318e+01 1.272160603977405500e-06
2.798268462708575655e+01 1.251618908549778794e-06
2.802137859606118298e+01 1.231301427120455876e-06
2.806012607038305262e+01 1.211206514032524647e-06
2.809892712403761905e+01 1.191332567415147162e-06
2.813778183111342912e+01 1.171678027375406018e-06
2.817669026580153613e+01 1.152241374220756381e-06
2.821565250239551048e+01 1.133021126711869331e-06
2.825466861529172391e+01 1.114015840345362560e-06
2.829373867898937078e+01 1.095224105666456532e-06
2.833286276809066706e+01 1.076644546611062285e-06
2.837204095730103148e+01 1.058275818877295788e-06
2.841127332142912110e+01 1.040116608326162427e-06
2.845055993538709771e+01 1.022165629411268880e-06
2.848990087419066697e+01 1.004421623637507755e-06
2.852929621295926310e+01 9.868833580485297056e-07
2.856874602691624432e+01 9.695496237430021659e-07
2.860825039138891768e+01 9.524192344195660991e-07
2.864780938180881975e+01 9.354910249504321947e-07
2.868742307371174149e+01 9.187638499837164725e-07
2.872709154273793075e+01 9.022365825743178258e-07
2.876681486463226278e+01 8.859081128435034174e-07
2.880659311524430066e+01 8.697773466672161158e-07
2.884642637052855108e+01 8.538432043930591840e-07
2.888631470654449984e+01 8.381046195860927951e-07
2.892625819945681087e+01 8.225605378034544430e-07
2.896625692553550735e+01 8.072099153978848820e-07
2.900631096115602148e+01 7.920517183502742628e-07
2.904642038279945027e+01 7.770849211311915113e-07
2.908658526705261238e+01 7.623085055916714972e-07
2.912680569060822222e+01 7.477214598831867220e-07
2.916708173026508533e+01 7.333227774069366174e-07
2.920741346292815521e+01 7.191114557926267198e-07
2.924780096560877496e+01 7.050864959067542364e-07
2.928824431542474116e+01 6.912469008904822735e-07
2.932874358960048511e+01 6.775916752273103532e-07
2.936929886546726820e+01 6.641198238404314242e-07
2.940991022046322101e+01 6.508303512201061316e-07
2.945057773213362040e+01 6.377222605809155386e-07
2.949130147813090375e+01 6.247945530491211053e-07
2.953208153621494958e+01 6.120462268800634199e-07
2.957291798425312024e+01 5.994762767058146177e-07
2.961381090022044305e+01 5.870836928130121724e-07
2.965476036219981637e+01 5.748674604509118580e-07
2.969576644838205226e+01 5.628265591698307706e-07
2.973682923706614289e+01 5.509599621897753225e-07
2.977794880665930677e+01 5.392666357994862948e-07
2.981912523567718054e+01 5.277455387857153434e-07
2.986035860274401088e+01 5.163956218928102495e-07
2.990164898659271842e+01 5.052158273125254818e-07
2.994299646606513932e+01 4.942050882040397538e-07
2.998440112011209990e+01 4.833623282440578623e-07
3.002586302779358363e+01 4.726864612069881241e-07
3.006738226827895488e+01 4.621763905749726952e-07
3.010895892084698389e+01 4.518310091778233415e-07
3.015059306488612734e+01 4.416491988625028823e-07
3.019228477989457815e+01 4.316298301922228776e-07
3.023403414548045376e+01 4.217717621747711502e-07
3.027584124136199861e+01 4.120738420200095888e-07
3.031770614736763036e+01 4.025349049263016192e-07
3.035962894343620988e+01 3.931537738955289435e-07
3.040160970961709808e+01 3.839292595766072327e-07
3.044364852607033711e+01 3.748601601926898917e-07
3.048574547306686355e+01 3.659455704072214013e-07
3.052790063098855100e+01 3.571855531027034325e-07
3.057011408032848010e+01 3.485802390153279433e-07
3.061238590169100249e+01 3.401296060389173150e-07
3.065471617579190777e+01 3.318334856769986170e-07
3.069710498345866156e+01 3.236915694480084669e-07
3.073955240563043034e+01 3.157034152326735992e-07
3.078205852335835857e+01 3.078684535530710793e-07
3.082462341780562198e+01 3.001859937739219468e-07
3.086724717024763365e+01 2.926552302170626049e-07
3.090992986207222870e+01 2.852752481809584693e-07
3.095267157477973541e+01 2.780450298576893085e-07
3.099547238998322740e+01 2.709634601404880808e-07
3.103833238940857697e+01 2.640293323156437321e-07
3.108125165489472863e+01 2.572413536330465146e-07
3.112423026839374529e+01 2.505981507504605966e-07
3.116726831197100367e+01 2.440982750469645472e-07
3.121036586780541811e+01 2.377402078017413476e-07
3.125352301818946543e+01 2.315223652348638934e-07
3.129673984552948696e+01 2.254431034071707153e-07
3.134001643234571688e+01 2.195007229770031372e-07
3.138335286127250967e+01 2.136934738118070986e-07
3.142674921505851771e+01 2.080195594532736883e-07
3.147020557656676942e+01 2.024771414349573501e-07
3.151372202877492157e+01 1.970643434518015213e-07
3.155729865477533380e+01 1.917792553813575377e-07
3.160093553777526409e+01 1.866199371568043234e-07
3.164463276109707479e+01 1.815844224922813500e-07
3.168839040817827879e+01 1.766707224613223912e-07
3.173220856257182731e+01 1.718768289294293569e-07
3.177608730794616676e+01 1.672007178422162103e-07
3.182002672808543409e+01 1.626403523706509361e-07
3.186402690688966644e+01 1.581936859152992921e-07
3.190808792837485441e+01 1.538586649715878983e-07
3.195220987667323342e+01 1.496332318583394786e-07
3.199639283603332274e+01 1.455153273120300613e-07
3.204063689082013866e+01 1.415028929493030421e-07
3.208494212551541125e+01 1.375938736005079754e-07
3.212930862471760918e+01 1.337862195171161336e-07
3.217373647314227014e+01 1.300778884559289562e-07
3.221822575562200086e+01 1.264668476432125914e-07
3.226277655710673997e+01 1.229510756218313788e-07
3.230738896266392146e+01 1.195285639846394193e-07
3.235206305747854572e+01 1.161973189973792244e-07
3.239679892685349216e+01 1.129553631143973329e-07
3.244159665620951927e+01 1.098007363905434664e-07
3.248645633108551323e+01 1.067314977925921355e-07
3.253137803713870113e+01 1.037457264135890027e-07
3.257636186014467938e+01 1.008415225935113511e-07
3.262140788599771923e+01 9.801700894959863098e-08
3.266651620071080231e+01 9.527033131975005564e-08
3.271168689041591193e+01 9.259965962229589178e-08
3.275692004136408286e+01 9.000318863550599911e-08
3.280221573992562156e+01 8.747913870007517573e-08
3.284757407259030515e+01 8.502575634784749812e-08
3.289299512596745245e+01 8.264131485998645617e-08
3.293847898678620822e+01 8.032411475770814986e-08
3.298402574189558578e+01 7.807248422870168302e-08
3.302963547826470858e+01 7.588477949223722271e-08
3.307530828298298786e+01 7.375938510595688585e-08
3.312104424326020791e+01 7.169471421724275124e-08
3.316684344642681026e+01 6.968920876198911518e-08
3.321270597993394347e+01 6.774133961356977879e-08
3.325863193135368334e+01 6.584960668466915635e-08
3.330462138837925323e+01 6.401253898460574610e-08
3.335067443882505955e+01 6.222869463470319743e-08
3.339679117062701152e+01 6.049666084415817020e-08
3.344297167184255670e+01 5.881505384881347794e-08
3.348921603065092256e+01 5.718251881513773150e-08
3.353552433535330835e+01 5.559772971165768879e-08
3.358189667437294190e+01 5.405938914999478083e-08
3.362833313625540654e+01 5.256622819759089829e-08
3.367483380966865525e+01 5.111700616412586411e-08
3.372139878340325936e+01 4.971051036355800590e-08
3.376802814637261463e+01 4.834555585362920511e-08
3.381472198761300518e+01 4.702098515463202519e-08
3.386148039628388773e+01 4.573566794911411860e-08
3.390830346166797682e+01 4.448850076418028217e-08
3.395519127317141539e+01 4.327840663793077667e-08
3.400214392032405897e+01 4.210433477152857422e-08
3.404916149277947568e+01 4.096526016833057972e-08
3.409624408031527310e+01 3.986018326141280672e-08
3.414339177283315507e+01 3.878812953080244865e-08
3.419060466035914203e+01 3.774814911162069098e-08
3.423788283304379121e+01 3.673931639430955051e-08
3.428522638116224641e+01 3.576072961804643223e-08
3.433263539511455775e+01 3.481151045837554244e-08
3.438010996542570297e+01 3.389080361006005725e-08
3.442765018274590716e+01 3.299777636607197314e-08
3.447525613785069254e+01 3.213161819360288311e-08
3.452292792164111290e+01 3.129154030792286553e-08
3.457066562514395258e+01 3.047677524485597638e-08
3.461846933951181171e+01 2.968657643261285003e-08
3.466633915602340466e+01 2.892021776364888640e-08
3.471427516608359554e+01 2.817699316719428750e-08
3.476227746122366824e+01 2.745621618304857174e-08
3.481034613310149695e+01 2.675721953718869515e-08
3.485848127350165271e+01 2.607935471971495360e-08
3.490668297433568057e+01 2.542199156559877749e-08
3.495495132764217772e+01 2.478451783868599158e-08
3.500328642558700665e+01 2.416633881935278207e-08
3.505168836046351544e+01 2.356687689619027808e-08
3.510015722469261590e+01 2.298557116206603026e-08
3.514869311082309622e+01 2.242187701486396349e-08
3.519729611153164939e+01 2.187526576319904328e-08
3.524596631962312898e+01 2.134522423735594851e-08
3.529470382803076234e+01 2.083125440568593506e-08
3.534350872981623581e+01 2.033287299667292411e-08
3.539238111816995769e+01 1.984961112684846538e-08
3.544132108641116474e+01 1.938101393472478016e-08
3.549032872798814253e+01 1.892664022088372880e-08
3.553940413647841723e+01 1.848606209434846962e-08
3.558854740558888352e+01 1.805886462534483014e-08
3.563775862915603909e+01 1.764464550453623333e-08
3.568703790114611962e+01 1.724301470881203845e-08
3.573638531565527643e+01 1.685359417368015806e-08
3.578580096690983225e+01 1.647601747231378717e-08
3.583528494926633812e+01 1.610992950127950516e-08
3.588483735721188594e+01 1.575498617296722145e-08
3.593445828536416542e+01 1.541085411473108711e-08
3.598414782847171978e+01 1.507721037473338853e-08
3.603390608141414475e+01 1.475374213448659222e-08
3.608373313920215963e+01 1.444014642806519522e-08
3.613362909697794834e+01 1.413612986796196481e-08
3.618359405001519491e+01 1.384140837755112466e-08
3.623362809371933224e+01 1.355570693011266644e-08
3.628373132362776232e+01 1.327875929436955563e-08
3.633390383540993440e+01 1.301030778648248662e-08
3.638414572486764342e+01 1.275010302843925835e-08
3.643445708793509397e+01 1.249790371277585871e-08
3.648483802067923421e+01 1.225347637355837623e-08
3.653528861929976301e+01 1.201659516355438020e-08
3.658580898012944260e+01 1.178704163751634320e-08
3.663639919963426195e+01 1.156460454149953650e-08
3.668705937441355758e+01 1.134907960813378126e-08
3.673778960120029069e+01 1.114026935776641349e-08
3.678858997686113952e+01 1.093798290539188707e-08
3.683946059839673381e+01 1.074203577328415832e-08
3.689040156294187511e+01 1.055224970924474521e-08
3.694141296776562200e+01 1.036845251038154773e-08
3.699249491027159564e+01 1.019047785233077151e-08
3.704364748799805795e+01 1.001816512383720166e-08
3.709487079861814607e+01 9.851359266605474975e-09
3.714616493994011392e+01 9.689910620339038546e-09
3.719753000990737490e+01 9.533674772881040886e-09
3.724896610659886420e+01 9.382512415375502984e-09
3.730047332822908857e+01 9.236289202367019006e-09
3.735205177314835367e+01 9.094875616758387808e-09
3.740370153984301282e+01 8.958146839549268987e-09
3.745542272693553798e+01 8.825982624279284736e-09
3.750721543318486084e+01 8.698267176101912027e-09
3.755907975748639416e+01 8.574889035418348550e-09
3.761101579887232305e+01 8.455740966002269581e-09
3.766302365651181816e+01 8.340719847549873731e-09
3.771510342971110674e+01 8.229726572592350225e-09
3.776725521791380658e+01 8.122665947711606060e-09
3.781947912070099704e+01 8.019446599002056846e-09
3.787177523779143939e+01 7.919980881726956224e-09
3.792414366904186807e+01 7.824184794118795934e-09
3.797658451444699779e+01 7.731977895280165910e-09
3.802909787413990017e+01 7.643283227143085061e-09
3.808168384839204634e+01 7.558027240450027939e-09
3.813434253761357695e+01 7.476139724725116828e-09
3.818707404235350822e+01 7.397553742206575910e-09
3.823987846329983853e+01 7.322205565719385828e-09
3.829275590127986817e+01 7.250034620468406263e-09
3.834570645726024196e+01 7.180982667942201133e-09
3.839873023234729743e+01 7.114969251583774241e-09
3.845182732778711454e+01 7.051887419035606895e-09
3.850499784496578570e+01 6.991633214410116960e-09
3.855824188540965736e+01 6.934107291380039058e-09
3.861155955078536550e+01 6.879214659590889233e-09
3.866495094290023360e+01 6.826864445188209633e-09
3.871841616370228678e+01 6.776969664559782827e-09
3.877195531528054318e+01 6.729447010453651778e-09
3.882556849986521286e+01 6.684216649690349145e-09
3.887925581982781864e+01 6.641202031740772571e-09
3.893301737768150872e+01 6.600329707491520453e-09
3.898685327608112061e+01 6.561529157563467299e-09
3.904076361782345828e+01 6.524732629593785662e-09
3.909474850584750527e+01 6.489874983930812627e-09
3.914880804323453134e+01 6.456893547227671418e-09
3.920294233320841215e+01 6.425727973455589767e-09
3.925715147913570746e+01 6.396320111889862821e-09
3.931143558452590270e+01 6.368613881650658258e-09
3.936579475303167186e+01 6.342555152409986341e-09
3.942022908844895568e+01 6.318091630901237750e-09
3.947473869471728136e+01 6.295172752892226191e-09
3.952932367591985496e+01 6.273749580305915754e-09
3.958398413628379586e+01 6.253774703193877784e-09
3.963872018018042809e+01 6.235202146287305698e-09
3.969353191212528742e+01 6.217987279869762307e-09
3.974841943677854061e+01 6.202086734732606078e-09
3.980338285894500672e+01 6.187458320990791577e-09
3.985842228357441286e+01 6.174060950552360577e-09
3.991353781576169268e+01 6.161854563048733609e-09
3.996872956074700767e+01 6.150800055047582567e-09
4.002399762391612370e+01 6.140859212381454457e-09
4.007934211080048215e+01 6.131994645439075689e-09
4.013476312707744142e+01 6.124169727275821061e-09
4.019026077857055412e+01 6.117348534412018475e-09
4.024583517124963095e+01 6.111495790197057894e-09
4.030148641123107467e+01 6.106576810626752554e-09
4.035721460477795830e+01 6.102557452511520187e-09
4.041301985830038035e+01 6.099404063899034250e-09
4.046890227835550036e+01 6.097083436666625315e-09
4.052486197164785153e+01 6.095562761202345775e-09
4.058089904502954681e+01 6.094809583104283271e-09
4.063701360550039254e+01 6.094791761832194081e-09
4.069320576020822955e+01 6.095477431253186542e-09
4.074947561644898997e+01 6.096834962028634082e-09
4.080582328166698858e+01 6.098832925796117315e-09
4.086224886345515017e+01 6.101440061104491913e-09
4.091875246955513035e+01 6.104625241066593703e-09
4.097533420785760683e+01 6.108357442698119186e-09
4.103199418640242868e+01 6.112605717916052873e-09
4.108873251337880816e+01 6.117339166174908104e-09
4.114554929712563336e+01 6.122526908722174738e-09
4.120244464613152502e+01 6.128138064459159805e-09
4.125941866903519184e+01 6.134141727396382567e-09
4.131647147462551573e+01 6.140506945696471459e-09
4.137360317184178626e+01 6.147202702300379008e-09
4.143081386977403469e+01 6.154197897135915521e-09
4.148810367766301255e+01 6.161461330909694226e-09
4.154547270490063937e+01 6.168961690487079561e-09
4.160292106103003817e+01 6.176667535865948720e-09
4.166044885574579126e+01 6.184547288752260327e-09
4.171805619889423156e+01 6.192569222748066140e-09
4.177574320047350653e+01 6.200701455162587591e-09
4.183350997063394772e+01 6.208911940460104094e-09
4.189135661967814883e+01 6.217168465357650598e-09
4.194928325806120029e+01 6.225438645587807388e-09
4.200728999639103023e+01 6.233689924341662444e-09
4.206537694542839034e+01 6.241889572407618969e-09
4.212354421608729638e+01 6.250004690021834810e-09
4.218179191943507078e+01 6.258002210445770342e-09
4.224012016669261271e+01 6.265848905286349467e-09
4.229852906923468225e+01 6.273511391572822278e-09
4.235701873858995015e+01 6.280956140604421247e-09
4.241558928644141702e+01 6.288149488581238473e-09
4.247424082462639916e+01 6.295057649028531429e-09
4.253297346513697619e+01 6.301646727025370175e-09
4.259178732012000523e+01 6.307882735243188846e-09
4.265068250187741938e+01 6.313731611800625585e-09
4.270965912286651189e+01 6.319159239936644427e-09
4.276871729569999303e+01 6.324131469501769566e-09
4.282785713314637377e+01 6.328614140264397905e-09
4.288707874813003684e+01 6.332573107025414450e-09
4.294638225373151386e+01 6.335974266530889904e-09
4.300576776318776950e+01 6.338783586169060614e-09
4.306523538989226552e+01 6.340967134433399510e-09
4.312478524739534436e+01 6.342491113129243145e-09
4.318441744940430027e+01 6.343321891296926880e-09
4.324413210978365640e+01 6.343426040819624755e-09
4.330392934255545612e+01 6.342770373679034875e-09
4.336380926189932694e+01 6.341321980816270005e-09
4.342377198215286427e+01 6.339048272550957067e-09
4.348381761781169530e+01 6.335917020504830124e-09
4.354394628352977747e+01 6.331896400970376447e-09
4.360415809411968269e+01 6.326955039660196757e-09
4.366445316455263992e+01 6.321062057765167016e-09
4.372483160995896156e+01 6.314187119244263888e-09
4.378529354562807896e+01 6.306300479262076825e-09
4.384583908700885502e+01 6.297373033684126991e-09
4.390646834970985424e+01 6.287376369532958127e-09
4.396718144949942086e+01 6.276282816302394210e-09
4.402797850230606258e+01 6.264065498020163959e-09
4.408885962421852156e+01 6.250698385943005002e-09
4.414982493148608000e+01 6.236156351762284075e-09
4.421087454051881593e+01 6.220415221191096363e-09
4.427200856788770977e+01 6.203451827799246897e-09
4.433322713032499962e+01 6.185244066954413804e-09
4.439453034472428783e+01 6.165770949724589586e-09
4.445591832814081101e+01 6.145012656589039184e-09
4.451739119779173137e+01 6.122950590801751196e-09
4.457894907105622195e+01 6.099567431245468258e-09
4.464059206547582903e+01 6.074847184609632933e-09
4.470232029875457158e+01 6.048775236722710997e-09
4.476413388875929655e+01 6.021338402864338814e-09
4.482603295351977124e+01 5.992524976880398911e-09
4.488801761122898881e+01 5.962324778920901880e-09
4.495008798024343122e+01 5.930729201618847058e-09
4.501224417908314734e+01 5.897731254526428727e-09
4.507448632643217223e+01 5.863325606623834561e-09
4.513681454113858393e+01 5.827508626716263541e-09
4.519922894221480192e+01 5.790278421534342259e-09
4.526172964883789263e+01 5.751634871354577634e-09
4.532431678034960498e+01 5.711579662958868865e-09
4.538699045625682515e+01 5.670116319753634185e-09
4.544975079623160497e+01 5.627250228873568161e-09
4.551259792011148875e+01 5.582988665098591367e-09
4.557553194789979756e+01 5.537340811417668785e-09
4.563855299976569313e+01 5.490317776079685594e-09
4.570166119604459709e+01 5.441932605977256785e-09
4.576485665723827623e+01 5.392200296217962057e-09
4.582813950401509118e+01 5.341137795744976876e-09
4.589150985721037301e+01 5.288764008879131518e-09
4.595496783782640904e+01 5.235099792664095575e-09
4.601851356703292595e+01 5.180167949907473726e-09
4.608214716616712536e+01 5.123993217822184073e-09
4.614586875673398225e+01 5.066602252185219844e-09
4.620967846040657179e+01 5.008023606943732239e-09
4.627357639902610487e+01 4.948287709213326851e-09
4.633756269460238286e+01 4.887426829626379980e-09
4.640163746931384736e+01 4.825475048005547852e-09
4.646580084550787859e+01 4.762468214351859328e-09
4.653005294570110806e+01 4.698443905153467733e-09
4.659439389257948960e+01 4.633441375039277535e-09
4.665882380899872572e+01 4.567501503816368836e-09
4.672334281798431022e+01 4.500666738950651791e-09
4.678795104273189054e+01 4.432981033565123590e-09
4.685264860660749520e+01 4.364489780050536954e-09
4.691743563314767584e+01 4.295239739399475382e-09
4.698231224605989809e+01 4.225278966393831544e-09
4.704727856922261253e+01 4.154656730793899739e-09
4.711233472668556033e+01 4.083423434693586294e-09
4.717748084267010000e+01 4.011630526226005634e-09
4.724271704156925722e+01 3.939330409818832400e-09
4.730804344794817240e+01 3.866576353216327798e-09
4.737346018654412205e+01 3.793422391501798942e-09
4.743896738226697352e+01 3.719923228367541513e-09
4.750456516019924180e+01 3.646134134897136799e-09
4.757025364559640934e+01 3.572110846135478192e-09
4.763603296388722441e+01 3.497909455737671525e-09
4.770190324067377929e+01 3.423586308998293031e-09
4.776786460173194371e+01 3.349197894573136966e-09
4.783391717301145007e+01 3.274800735216818896e-09
4.790006108063616352e+01 3.200451277865636992e-09
4.796629645090445138e+01 3.126205783404037150e-09
4.803262341028921867e+01 3.052120216458033039e-09
4.809904208543834159e+01 2.978250135561900905e-09
4.816555260317475273e+01 2.904650584049598753e-09
4.823215509049676797e+01 2.831375982020671623e-09
4.829884967457837774e+01 2.758482680834408638e-09
4.836563648276932526e+01 2.686045526421168737e-09
4.843251564259554698e+01 2.614144782895314150e-09
4.849948728175925794e+01 2.542856439750693045e-09
4.856655152813925014e+01 2.472252144772560445e-09
4.863370850979121229e+01 2.402399202027030544e-09
4.870095835494782222e+01 2.333360585192912080e-09
4.876830119201915892e+01 2.265194965360679908e-09
4.883573714959280920e+01 2.197956752400046686e-09
4.890326635643414477e+01 2.131696148981192663e-09
4.897088894148668459e+01 2.066459216324746537e-09
4.903860503387214465e+01 2.002287950752598997e-09
4.910641476289088558e+01 1.939220370110874094e-09
4.917431825802198375e+01 1.877290609146401581e-09
4.924231564892356516e+01 1.816529022926684855e-09
4.931040706543311103e+01 1.756962297411696865e-09
4.937859263756755013e+01 1.698613566305015813e-09
4.944687249552369224e+01 1.641502533335441281e-09
4.951524676967829919e+01 1.585645599148064398e-09
4.958371559058842593e+01 1.531055992012466953e-09
4.965227908899172604e+01 1.477743901588705945e-09
4.972093739580654415e+01 1.425716615026247714e-09
4.978969064213234219e+01 1.374978654705873441e-09
4.985853895924977053e+01 1.325531916973104958e-09
4.992748247862112265e+01 1.277375811249123723e-09
4.999652133189039205e+01 1.230507398944924844e-09
5.006565565088360614e+01 1.184921531642782837e-09
5.013488556760914605e+01 1.140610988049857309e-09
5.020421121425786026e+01 1.097566609267164672e-09
5.027363272320344834e+01 1.055777431956508357e-09
5.034315022700261721e+01 1.015230819026771294e-09
5.041276385839533702e+01 9.759125874976369429e-10
5.048247375030523898e+01 9.378071332366298611e-10
5.055228003583962249e+01 9.008975523004789353e-10
5.062218284828997383e+01 8.651657586458967081e-10
5.069218232113200884e+01 8.305925980087852123e-10
5.076227858802599258e+01 7.971579577815319720e-10
5.083247178281712308e+01 7.648408727490968870e-10
5.090276203953554557e+01 7.336196265725650362e-10
5.097314949239685689e+01 7.034718489360421651e-10
5.104363427580216950e+01 6.743746082981017184e-10
5.111421652433843121e+01 6.463045002126896617e-10
5.118489637277878757e+01 6.192377312061039283e-10
5.125567395608262444e+01 5.931501982176951572e-10
5.132654940939607258e+01 5.680175636298495323e-10
5.139752286805204307e+01 5.438153259305418433e-10
5.146859446757059686e+01 5.205188860670635835e-10
5.153976434365925030e+01 4.981036095634259835e-10
5.161103263221309589e+01 4.765448844868276289e-10
5.168239946931521445e+01 4.558181753592332914e-10
5.175386499123680295e+01 4.358990731201376860e-10
5.182542933443748723e+01 4.167633412549286380e-10
5.189709263556566299e+01 3.983869582103953747e-10
5.196885503145857399e+01 3.807461562249280712e-10
5.204071665914278810e+01 3.638174567058462144e-10
5.211267765583426836e+01 3.475777022901430428e-10
5.218473815893872825e+01 3.320040857277576808e-10
5.225689830605195141e+01 3.170741757283865124e-10
5.232915823495988406e+01 3.027659399142201174e-10
5.240151808363911101e+01 2.890577650208810409e-10
5.247397799025689125e+01 2.759284744890456008e-10
5.254653809317166235e+01 2.633573435876954691e-10
5.261919853093309030e+01 2.513241122088356137e-10
5.269195944228241757e+01 2.398089954711106286e-10
5.276482096615283979e+01 2.287926922672986026e-10
5.283778324166953411e+01 2.182563918878841359e-10
5.291084640815017792e+01 2.081817788492274873e-10
5.298401060510501281e+01 1.985510360516866704e-10
5.305727597223719982e+01 1.893468463888147727e-10
5.313064264944313919e+01 1.805523929248558027e-10
5.320411077681259826e+01 1.721513577535447322e-10
5.327768049462913069e+01 1.641279196466663319e-10
5.335135194337022568e+01 1.564667505965020683e-10
5.342512526370760639e+01 1.491530113516593808e-10
5.349900059650758521e+01 1.421723460411744747e-10
5.357297808283117035e+01 1.355108759772468923e-10
5.364705786393453479e+01 1.291551927222711694e-10
5.372124008126908734e+01 1.230923505013831830e-10
5.379552487648184211e+01 1.173098580371359008e-10
5.386991239141574539e+01 1.117956698785385558e-10
5.394440276810978929e+01 1.065381772923836238e-10
5.401899614879948786e+01 1.015261987804450628e-10
5.409369267591693387e+01 9.674897028211789849e-11
5.416849249209118256e+01 9.219613511794203598e-11
5.424339574014860688e+01 8.785773372566658844e-11
5.431840256311296145e+01 8.372419323673865816e-11
5.439351310420586572e+01 7.978631693743805869e-11
5.446872750684691766e+01 7.603527365554110873e-11
5.454404591465404195e+01 7.246258710995319134e-11
5.461946847144380968e+01 6.906012525770114660e-11
5.469499532123157337e+01 6.582008966958890706e-11
5.477062660823192886e+01 6.273500496299524814e-11
5.484636247685880761e+01 5.979770831758693408e-11
5.492220307172583205e+01 5.700133909710105287e-11
5.499814853764667788e+01 5.433932859801520925e-11
5.507419901963515940e+01 5.180538994356290271e-11
5.515035466290571975e+01 4.939350813945919966e-11
5.522661561287349485e+01 4.709793030569548264e-11
5.530298201515480372e+01 4.491315609684413089e-11
5.537945401556724789e+01 4.283392832163661342e-11
5.545603176013004543e+01 4.085522377088066138e-11
5.553271539506442878e+01 3.897224426132415144e-11
5.560950506679370875e+01 3.718040790166260142e-11
5.568640092194375768e+01 3.547534058557998184e-11
5.576340310734315153e+01 3.385286771556295975e-11
5.584051177002346833e+01 3.230900616011274108e-11
5.591772705721970027e+01 3.083995644599539183e-11
5.599504911637031057e+01 2.944209518627364050e-11
5.607247809511775216e+01 2.811196774401402726e-11
5.615001414130856006e+01 2.684628113086262081e-11
5.622765740299369952e+01 2.564189713896105783e-11
5.630540802842894266e+01 2.449582570412066503e-11
5.638326616607496078e+01 2.340521849760685890e-11
5.646123196459782179e+01 2.236736274342359474e-11
5.653930557286907543e+01 2.137967525757373003e-11
5.661748713996615123e+01 2.043969670539124208e-11
5.669577681517267820e+01 1.954508607274573334e-11
5.677417474797861274e+01 1.869361534663651582e-11
5.685268108808073606e+01 1.788316440046633440e-11
5.693129598538273939e+01 1.711171607910330604e-11
5.701001958999560770e+01 1.637735147867767038e-11
5.708885205223796078e+01 1.567824541594495920e-11
5.716779352263618819e+01 1.501266208195392440e-11
5.724684415192491826e+01 1.437895087469357556e-11
5.732600409104713890e+01 1.377554240535599796e-11
5.740527349115455280e+01 1.320094467283590040e-11
5.748465250360796830e+01 1.265373940108554512e-11
5.756414127997736330e+01 1.213257853397829182e-11
5.764373997204242528e+01 1.163618088235447848e-11
5.772344873179264368e+01 1.116332891799362838e-11
5.780326771142766518e+01 1.071286570930819327e-11
5.788319706335768444e+01 1.028369199363886893e-11
5.796323694020352946e+01 9.874763381114072934e-12
5.804338749479718018e+01 9.485087685132062417e-12
5.812364888018185383e+01 9.113722374625362128e-12
5.820402124961248802e+01 8.759772143376257513e-12
5.828450475655586871e+01 8.422386591763122543e-12
5.836509955469097122e+01 8.100758016438168901e-12
5.844580579790937946e+01 7.794119303551837126e-12
5.852662364031535702e+01 7.501741921270098631e-12
5.860755323622638002e+01 7.222934007447315554e-12
5.868859474017321531e+01 6.957038548450260947e-12
5.876974830690031126e+01 6.703431645249302607e-12
5.885101409136620276e+01 6.461520863025240110e-12
5.893239224874354676e+01 6.230743660661964954e-12
5.901388293441971911e+01 6.010565896621539884e-12
5.909548630399686431e+01 5.800480407824881175e-12
5.917720251329227921e+01 5.600005658280112261e-12
5.925903171833882510e+01 5.408684454323390815e-12
5.934097407538499880e+01 5.226082723457826600e-12
5.942302974089547263e+01 5.051788353887711399e-12
5.950519887155119392e+01 4.885410091965373716e-12
5.958748162424975447e+01 4.726576494875087646e-12
5.966987815610580270e+01 4.574934935989406843e-12
5.975238862445110755e+01 4.430150660440533975e-12
5.983501318683511982e+01 4.291905888550230273e-12
5.991775200102507171e+01 4.159898964864535648e-12
6.000060522500633198e+01 4.033843550636375062e-12
6.008357301698283237e+01 3.913467857693358335e-12
6.016665553537713151e+01 3.798513921721529400e-12
6.024985293883099757e+01 3.688736913081737916e-12
6.033316538620544378e+01 3.583904483365245490e-12
6.041659303658118318e+01 3.483796145973762545e-12
6.050013604925897681e+01 3.388202689093232637e-12
6.058379458375974025e+01 3.296925619506395140e-12
6.066756879982510497e+01 3.209776635762535556e-12
6.075145885741748941e+01 3.126577103175516619e-12
6.083546491672051104e+01 3.047147902899084270e-12
6.091958713813937720e+01 2.971295963792185932e-12
6.100382568230097746e+01 2.898836175529705389e-12
6.108818071005443784e+01 2.829594526451289242e-12
6.117265238247120607e+01 2.763407360307123928e-12
6.125724086084545661e+01 2.700120687218107513e-12
6.134194630669450987e+01 2.639589544580114522e-12
6.142676888175887484e+01 2.581677404000262482e-12
6.151170874800286015e+01 2.526255620679491550e-12
6.159676606761460249e+01 2.473202921955475398e-12
6.168194100300663507e+01 2.422404931989977355e-12
6.176723371681597996e+01 2.373753729833953620e-12
6.185264437190455311e+01 2.327147438329881036e-12
6.193817313135956226e+01 2.282489841516598625e-12
6.202382015849360641e+01 2.239690028392532382e-12
6.210958561684523005e+01 2.198662061063827274e-12
6.219546967017903683e+01 2.159324665463725528e-12
6.228147248248605905e+01 2.121600942972533131e-12
6.236759421798421243e+01 2.085418101400556452e-12
6.245383504111833872e+01 2.050707203917708178e-12
6.254019511656081676e+01 2.017402934623522986e-12
6.262667460921163354e+01 1.985443379554513805e-12
6.271327368419878923e+01 1.954769822017778077e-12
6.279999250687871637e+01 1.925326551226469200e-12
6.288683124283638648e+01 1.897060683290853072e-12
6.297379005788584294e+01 1.869921993690921930e-12
6.306086911807033601e+01 1.843862760423403624e-12
6.314806858966270653e+01 1.818837617076332096e-12
6.323538863916583352e+01 1.794803415141085244e-12
6.332282943331266978e+01 1.771719094923186193e-12
6.341039113906687419e+01 1.749545564460687870e-12
6.349807392362288283e+01 1.728245585903092395e-12
6.358587795440632817e+01 1.707783668843542007e-12
6.367380339907442988e+01 1.688125970134956106e-12
6.376185042551614401e+01 1.669240199754639144e-12
6.385001920185268887e+01 1.651095532313540150e-12
6.393830989643766571e+01 1.633662523836138674e-12
6.402672267785746385e+01 1.616913033463069583e-12
6.411525771493171533e+01 1.600820149754605365e-12
6.420391517671333759e+01 1.585358121295174106e-12
6.429269523248915164e+01 1.570502291321273860e-12
6.438159805177994599e+01 1.556229036114443973e-12
6.447062380434095985e+01 1.542515706919264361e-12
6.455977266016225258e+01 1.529340575163568052e-12
6.464904478946877475e+01 1.516682780773501907e-12
6.473844036272103608e+01 1.504522283390646934e-12
6.482795955061509119e+01 1.492839816312183043e-12
6.491760252408322174e+01 1.481616842987148934e-12
6.500736945429387958e+01 1.470835515913962256e-12
6.509726051265229785e+01 1.460478637794832812e-12
6.518727587080076091e+01 1.450529624812919923e-12
6.527741570061880338e+01 1.440972471907425623e-12
6.536768017422373589e+01 1.431791719930313915e-12
6.545806946397077297e+01 1.422972424576706811e-12
6.554858374245350205e+01 1.414500126988357564e-12
6.563922318250419607e+01 1.406360825936572774e-12
6.572998795719405507e+01 1.398540951497667004e-12
6.582087823983370356e+01 1.391027340139982931e-12
6.591189420397329002e+01 1.383807211147154331e-12
6.600303602340298426e+01 1.376868144307776922e-12
6.609430387215336111e+01 1.370198058806241585e-12
6.618569792449549993e+01 1.363785193254650322e-12
6.627721835494159563e+01 1.357618086809322295e-12
6.636886533824505818e+01 1.351685561320075457e-12
6.646063904940093892e+01 1.345976704463782634e-12
6.655253966364637108e+01 1.340480853817390711e-12
6.664456735646068353e+01 1.335187581828813278e-12
6.673672230356594071e+01 1.330086681647207589e-12
6.682900468092717006e+01 1.325168153776831188e-12
6.692141466475264622e+01 1.320422193521546080e-12
6.701395243149443104e+01 1.315839179189313064e-12
6.710661815784847306e+01 1.311409661028459796e-12
6.719941202075514752e+01 1.307124350869595101e-12
6.729233419739941269e+01 1.302974112448911098e-12
6.738538486521125037e+01 1.298949952390774724e-12
6.747856420186604964e+01 1.295043011828761134e-12
6.757187238528480577e+01 1.291244558646389555e-12
6.766530959363463182e+01 1.287545980319673645e-12
6.775887600532892918e+01 1.283938777345570975e-12
6.785257179902779967e+01 1.280414557241070213e-12
6.794639715363848609e+01 1.276965029099128782e-12
6.804035224831550011e+01 1.273581998688551844e-12
6.813443726246121912e+01 1.270257364085775284e-12
6.822865237572592889e+01 1.266983111827373419e-12
6.832299776800851987e+01 1.263751313572809929e-12
6.841747361945650141e+01 1.260554123267644361e-12
6.851208011046651336e+01 1.257383774797663462e-12
6.860681742168472397e+01 1.254232580125284656e-12
6.870168573400697198e+01 1.251092927899546883e-12
6.879668522857937774e+01 1.247957282531438793e-12
6.889181608679842839e+01 1.244818183726568961e-12
6.898707849031144690e+01 1.241668246467232065e-12
6.908247262101707520e+01 1.238500161435833875e-12
6.917799866106527418e+01 1.235306695871945285e-12
6.927365679285807687e+01 1.232080694854774160e-12
6.936944719904961687e+01 1.228815083002921730e-12
6.946537006254658309e+01 1.225502866582938679e-12
6.956142556650868869e+01 1.222137136017861418e-12
6.965761389434881323e+01 1.218711068786670370e-12
6.975393522973355687e+01 1.215217932704966434e-12
6.985038975658341087e+01 1.211651089576872010e-12
6.994697765907316978e+01 1.208003999207467864e-12
7.004369912163241452e+01 1.204270223764420776e-12
7.014055432894562614e+01 1.200443432477137831e-12
7.023754346595278264e+01 1.196517406660461471e-12
7.033466671784948687e+01 1.192486045049840459e-12
7.043192427008744971e+01 1.188343369433572172e-12
7.052931630837491639e+01 1.184083530567232438e-12
7.062684301867679437e+01 1.179700814354274357e-12
7.072450458721523603e+01 1.175189648276116187e-12
7.082230120046985178e+01 1.170544608053942189e-12
7.092023304517809379e+01 1.165760424523500665e-12
7.101830030833571072e+01 1.160831990703360672e-12
7.111650317719691827e+01 1.155754369035925698e-12
7.121484183927498179e+01 1.150522798779712938e-12
7.131331648234237264e+01 1.145132703530227052e-12
7.141192729443120868e+01 1.139579698845976927e-12
7.151067446383369486e+01 1.133859599955081173e-12
7.160955817910226529e+01 1.127968429517046108e-12
7.170857862905027957e+01 1.121902425413400558e-12
7.180773600275196600e+01 1.115658048539907876e-12
7.190703048954317467e+01 1.109231990572259913e-12
7.200646227902149121e+01 1.102621181676461564e-12
7.210603156104662048e+01 1.095822798134288545e-12
7.220573852574094076e+01 1.088834269853422745e-12
7.230558336348958903e+01 1.081653287731545766e-12
7.240556626494107206e+01 1.074277810842761911e-12
7.250568742100745112e+01 1.066706073414678429e-12
7.260594702286476831e+01 1.058936591563711944e-12
7.270634526195351555e+01 1.050968169756207930e-12
7.280688232997876241e+01 1.042799906962690320e-12
7.290755841891083833e+01 1.034431202472525197e-12
7.300837372098538935e+01 1.025861761336330393e-12
7.310932842870387560e+01 1.017091599403718874e-12
7.321042273483408280e+01 1.008121047924103768e-12
7.331165683241017916e+01 9.989507576791087279e-13
7.341303091473341169e+01 9.895817026152454882e-13
7.351454517537221989e+01 9.800151829466649133e-13
7.361619980816270470e+01 9.702528276984075974e-13
7.371799500720911169e+01 9.602965966617766398e-13
7.381993096688391631e+01 9.501487817345259397e-13
7.392200788182856286e+01 9.398120076198738580e-13
7.402422594695347868e+01 9.292892318600716844e-13
7.412658535743867105e+01 9.185837441815146901e-13
7.422908630873408242e+01 9.076991651305227819e-13
7.433172899655983201e+01 8.966394439806978519e-13
7.443451361690679846e+01 8.854088558948067131e-13
7.453744036603674772e+01 8.740119983266462073e-13
7.464050944048284464e+01 8.624537866502477074e-13
7.474372103705016457e+01 8.507394490067758582e-13
7.484707535281570756e+01 8.388745203618714071e-13
7.495057258512917997e+01 8.268648357688172414e-13
7.505421293161306551e+01 8.147165228360669412e-13
7.515799659016310841e+01 8.024359934003740916e-13
7.526192375894879660e+01 7.900299344099500769e-13
7.536599463641351804e+01 7.775052980251052768e-13
7.547020942127522858e+01 7.648692909470762271e-13
7.557456831252646623e+01 7.521293629889243090e-13
7.567907150943511851e+01 7.392931949056892527e-13
7.578371921154450774e+01 7.263686855042711845e-13
7.588851161867385997e+01 7.133639380566775603e-13
7.599344893091883080e+01 7.002872460437540289e-13
7.609853134865163327e+01 6.871470782595540582e-13
7.620375907252166314e+01 6.739520633098060333e-13
7.630913230345569787e+01 6.607109735409954462e-13
7.641465124265832287e+01 6.474327084396775866e-13
7.652031609161245740e+01 6.341264695198774800e-13
7.662612705207951080e+01 6.208053722383413170e-13
7.673208432610000784e+01 6.074857699364871411e-13
7.683818811599374499e+01 5.941835510829233385e-13
7.694443862436027359e+01 5.809139806446109976e-13
7.705083605407942571e+01 5.676916876271865338e-13
7.715738060831141354e+01 5.545306552473763547e-13
7.726407249049754000e+01 5.414442136427479679e-13
7.737091190436025556e+01 5.284450350177325597e-13
7.747789905390379772e+01 5.155451311187216062e-13
7.758503414341456050e+01 5.027558529265042186e-13
7.769231737746125077e+01 4.900878924501371448e-13
7.779974896089565561e+01 4.775512865032420666e-13
7.790732909885268498e+01 4.651554223417139331e-13
7.801505799675089747e+01 4.529090450399902747e-13
7.812293586029304038e+01 4.408202664825116814e-13
7.823096289546612070e+01 4.288965758470134209e-13
7.833913930854214414e+01 4.171448514566052319e-13
7.844746530607825719e+01 4.055713738792294344e-13
7.855594109491718768e+01 3.941818401545133545e-13
7.866456688218782745e+01 3.829813790304546861e-13
7.877334287530531753e+01 3.719745670952276496e-13
7.888226928197175880e+01 3.611654456922898112e-13
7.899134631017635400e+01 3.505575385108253763e-13
7.910057416819589093e+01 3.401538697470506951e-13
7.920995306459531093e+01 3.299569827363331594e-13
7.931948320822776566e+01 3.199689589602264315e-13
7.942916480823538450e+01 3.101914373371023545e-13
7.953899807404930300e+01 3.006256337098070458e-13
7.964898321539044446e+01 2.912723604484301995e-13
7.975912044226961939e+01 2.821320460913323498e-13
7.986940996498800871e+01 2.732047549523147295e-13
7.997985199413771795e+01 2.644902066267695455e-13
8.009044674060191937e+01 2.559877953347418308e-13
8.020119441555553408e+01 2.476966090433651537e-13
8.031209523046537413e+01 2.396154483162565376e-13
8.042314939709065413e+01 2.317428448419417253e-13
8.053435712748354547e+01 2.240770795980727546e-13
8.064571863398926155e+01 2.166162006127000533e-13
8.075723412924682520e+01 2.093580402880500761e-13
8.086890382618915396e+01 2.023002322566761686e-13
8.098072793804360003e+01 1.954402277435736391e-13
8.109270667833251878e+01 1.887753114119593425e-13
8.120484026087332552e+01 1.823026166739072603e-13
8.131712889977927716e+01 1.760191404505268636e-13
8.142957280945955745e+01 1.699217573697510489e-13
8.154217220461985960e+01 1.640072333927656022e-13
8.165492730026288370e+01 1.582722388630579354e-13
8.176783831168845040e+01 1.527133609748311033e-13
8.188090545449428248e+01 1.473271156599257276e-13
8.199412894457609013e+01 1.421099588947638104e-13
8.210750899812811099e+01 1.370582974310374064e-13
8.222104583164369274e+01 1.321684989556458527e-13
8.233473966191532156e+01 1.274369016873676076e-13
8.244859070603548901e+01 1.228598234191497247e-13
8.256259918139672038e+01 1.184335700165214052e-13
8.267676530569214322e+01 1.141544433837635258e-13
8.279108929691604146e+01 1.100187489106750320e-13
8.290557137336398341e+01 1.060228024137518014e-13
8.302021175363353223e+01 1.021629365863936373e-13
8.313501065662443068e+01 9.843550697346110605e-14
8.324996830153907013e+01 9.483689748617986032e-14
8.336508490788312997e+01 9.136352547370115808e-14
8.348036069546560611e+01 8.801184636816559151e-14
8.359579588439963516e+01 8.477835792019607778e-14
8.371139069510257968e+01 8.165960404209260615e-14
8.382714534829659669e+01 7.865217827591375449e-14
8.394306006500919182e+01 7.575272690374516170e-14
8.405913506657333301e+01 7.295795171735180841e-14
8.417537057462818950e+01 7.026461246422183333e-14
8.429176681111927394e+01 6.766952898690004320e-14
8.440832399829913868e+01 6.516958307219465132e-14
8.452504235872756055e+01 6.276172002653441114e-14
8.464192211527205245e+01 6.044294999349775853e-14
8.475896349110844596e+01 5.821034902902954401e-14
8.487616670972099087e+01 5.606105994958959341e-14
8.499353199490315092e+01 5.399229296791222068e-14
8.511105957075770334e+01 5.200132613072152883e-14
8.522874966169732147e+01 5.008550557215893957e-14
8.534660249244512897e+01 4.824224559626956289e-14
8.546461828803481353e+01 4.646902860136728639e-14
8.558279727381139423e+01 4.476340485855592929e-14
8.570113967543139211e+01 4.312299215623620681e-14
8.581964571886332749e+01 4.154547532185491257e-14
8.593831563038835952e+01 4.002860563165277190e-14
8.605714963660031458e+01 3.857020011868825867e-14
8.617614796440658154e+01 3.716814078884562787e-14
8.629531084102815441e+01 3.582037375410007264e-14
8.641463849400021502e+01 3.452490829176399305e-14
8.653413115117271559e+01 3.327981583799496135e-14
8.665378904071052091e+01 3.208322892336022549e-14
8.677361239109413305e+01 3.093334005777832970e-14
8.689360143111990453e+01 2.982840057174037861e-14
8.701375638990052153e+01 2.876671942025851985e-14
8.713407749686565751e+01 2.774666195556676575e-14
8.725456498176204434e+01 2.676664867422197867e-14
8.737521907465425386e+01 2.582515394382551199e-14
8.749604000592488262e+01 2.492070471424656800e-14
8.761702800627509191e+01 2.405187921784410152e-14
8.773818330672520460e+01 2.321730566285176390e-14
8.785950613861476199e+01 2.241566092377140761e-14
8.798099673360343331e+01 2.164566923228220920e-14
8.810265532367105834e+01 2.090610087190674553e-14
8.822448214111827269e+01 2.019577087937216399e-14
8.834647741856703362e+01 1.951353775534199168e-14
8.846864138896083318e+01 1.885830218694672568e-14
8.859097428556540876e+01 1.822900578430149516e-14
8.871347634196889942e+01 1.762462983296951485e-14
8.883614779208262746e+01 1.704419406412156930e-14
8.895898887014119794e+01 1.648675544395033590e-14
8.908199981070315232e+01 1.595140698370138265e-14
8.920518084865149433e+01 1.543727657151532418e-14
8.932853221919383202e+01 1.494352582712033745e-14
8.945205415786320202e+01 1.446934898024663037e-14
8.957574690051818322e+01 1.401397177351572398e-14
8.969961068334352206e+01 1.357665039040848891e-14
8.982364574285065828e+01 1.315667040881297022e-14
8.994785231587793817e+01 1.275334578052784539e-14
9.007223063959135345e+01 1.236601783700947970e-14
9.019678095148471186e+01 1.199405432154701947e-14
9.032150348938023399e+01 1.163684844797077763e-14
9.044639849142912169e+01 1.129381798591893435e-14
9.057146619611170024e+01 1.096440437262226086e-14
9.069670684223828516e+01 1.064807185109345030e-14
9.082212066894921065e+01 1.034430663456312417e-14
9.094770791571556856e+01 1.005261609694074806e-14
9.107346882233964891e+01 9.772527989044856513e-15
9.119940362895519570e+01 9.503589680295790824e-15
9.132551257602818851e+01 9.245367425539327103e-15
9.145179590435697037e+01 8.997445656628640702e-15
9.157825385507284466e+01 8.759426298375869012e-15
9.170488666964072877e+01 8.530928108451889964e-15
9.183169458985919675e+01 8.311586040804327070e-15
9.195867785786138882e+01 8.101050632138852822e-15
9.208583671611512500e+01 7.898987411006735476e-15
9.221317140742348784e+01 7.705076329023077054e-15
9.234068217492547603e+01 7.519011213742986096e-15
9.246836926209607554e+01 7.340499242711296197e-15
9.259623291274715484e+01 7.169260438208092972e-15
9.272427337102757861e+01 7.005027182205744894e-15
9.285249088142379037e+01 6.847543751063760935e-15
9.298088568876049465e+01 6.696565869486142932e-15
9.310945803820068534e+01 6.551860283278732207e-15
9.323820817524661209e+01 6.413204350447480725e-15
9.336713634573976606e+01 6.280385650193235693e-15
9.349624279586181785e+01 6.153201609365759366e-15
9.362552777213466015e+01 6.031459145957653228e-15
9.375499152142110404e+01 5.914974329227299659e-15
9.388463429092546164e+01 5.803572056061565563e-15
9.401445632819367404e+01 5.697085743199621040e-15
9.414445788111419233e+01 5.595357034962193062e-15
9.427463919791806291e+01 5.498235526146345844e-15
9.440500052717960955e+01 5.405578499765727287e-15
9.453554211781703032e+01 5.317250679339645372e-15
9.466626421909251121e+01 5.233123995454322542e-15
9.479716708061312147e+01 5.153077366342894672e-15
9.492825095233092725e+01 5.076996492257004516e-15
9.505951608454364532e+01 5.004773663425533426e-15
9.519096272789519730e+01 4.936307581424701314e-15
9.532259113337595124e+01 4.871503193811494856e-15
9.545440155232350321e+01 4.810271541900854703e-15
9.558639423642286204e+01 4.752529621597945056e-15
9.571856943770704618e+01 4.698200257230373706e-15
9.585092740855773741e+01 4.647211988357156609e-15
9.598346840170542293e+01 4.599498969569304904e-15
9.611619267023024804e+01 4.555000883332428411e-15
9.624910046756214399e+01 4.513662865963560011e-15
9.638219204748152436e+01 4.475427519207362704e-15
9.651546766411983924e+01 4.440199532579773889e-15
9.664892757195974582e+01 4.407875516434842700e-15
9.678257202583601781e+01 4.378358880880076713e-15
9.691640128093565920e+01 4.351559427539387585e-15
9.705041559279851526e+01 4.327392956972663205e-15
9.718461521731798314e+01 4.305780903302731211e-15
9.731900041074104024e+01 4.286649993888440109e-15
9.745357142966926745e+01 4.269931932057906170e-15
9.758832853105886329e+01 4.255563101075851958e-15
9.772327197222138295e+01 4.243484287663278131e-15
9.785840201082430667e+01 4.233640423521123076e-15
9.799371890489123871e+01 4.225980343429563348e-15
9.812922291280274578e+01 4.220456558605127253e-15
9.826491429329649918e+01 4.217025044098282995e-15
9.840079330546814163e+01 4.215645039105800018e-15
9.853686020877144358e+01 4.216278859156316574e-15
9.867311526301892854e+01 4.218891719204183604e-15
9.880955872838256937e+01 4.223451566736510973e-15
9.894619086539384512e+01 4.229928924062731366e-15
9.908301193494475001e+01 4.238296739015208191e-15
9.922002219828785030e+01 4.248530243341811604e-15
9.935722191703696637e+01 4.260606818122851246e-15
9.949461135316785487e+01 4.274505865587766917e-15
9.963219076901829396e+01 4.290208686750400496e-15
9.976996042728903547e+01 4.307698364318947650e-15
9.990792059104393275e+01 4.326959650371692790e-15
1.000460715237106513e+02 4.347978858322747126e-15
1.001844134890810238e+02 4.370743758731464149e-15
1.003229467513119317e+02 4.395243478536602445e-15
1.004616715749252620e+02 4.421468403322242669e-15
1.006005882248087602e+02 4.449410082246278115e-15
1.007396969662164281e+02 4.479061135283846793e-15
1.008789980647689930e+02 4.510415162459182875e-15
1.010184917864547742e+02 4.543466654758427381e-15
1.011581783976295839e+02 4.578210906433623480e-15
1.012980581650176219e+02 4.614643928426316035e-15
1.014381313557119739e+02 4.652762362654111338e-15
1.015783982371748806e+02 4.692563396919228425e-15
1.017188590772388039e+02 4.734044680213713318e-15
1.018595141441061855e+02 4.777204238208670856e-15
1.020003637063504982e+02 4.822040388729869735e-15
1.021414080329165301e+02 4.868551657034581429e-15
1.022826473931209108e+02 4.916736690717996842e-15
1.024240820566529635e+02 4.966594174090569739e-15
1.025657122935746060e+02 5.018122741879266140e-15
1.027075383743213450e+02 5.071320892120863168e-15
1.028495605697025894e+02 5.126186898125416761e-15
1.029917791509021470e+02 5.182718719402501926e-15
1.031341943894791058e+02 5.240913911456412638e-15
1.032768065573677774e+02 5.300769534367796254e-15
1.034196159268785635e+02 5.362282060094555688e-15
1.035626227706984395e+02 5.425447278438551928e-15
1.037058273618913375e+02 5.490260201637429273e-15
1.038492299738990852e+02 5.556714967558430745e-15
1.039928308805413337e+02 5.624804741482284772e-15
1.041366303560164113e+02 5.694521616485318383e-15
1.042806286749018909e+02 5.765856512441096166e-15
1.044248261121548182e+02 5.838799073679997771e-15
1.045692229431128624e+02 5.913337565364486481e-15
1.047138194434940317e+02 5.989458768653213598e-15
1.048586158893977398e+02 6.067147874746716068e-15
1.050036125573051748e+02 6.146388377927980675e-15
1.051488097240797259e+02 6.227161967727519358e-15
1.052942076669679352e+02 6.309448420367070676e-15
1.054398066635994269e+02 6.393225489652211716e-15
1.055856069919878166e+02 6.478468797510765935e-15
1.057316089305311380e+02 6.565151724391336502e-15
1.058778127580122970e+02 6.653245299761083856e-15
1.060242187536000245e+02 6.742718092964203610e-15
1.061708271968487480e+02 6.833536104725233550e-15
1.063176383676995727e+02 6.925662659605272270e-15
1.064646525464805649e+02 7.019058299742776539e-15
1.066118700139078044e+02 7.113680680234420207e-15
1.067592910510851567e+02 7.209484466534330260e-15
1.069069159395053390e+02 7.306421234274796111e-15
1.070547449610502895e+02 7.404439371935739417e-15
1.072027783979916506e+02 7.503483986810275908e-15
1.073510165329916646e+02 7.603496814740947129e-15
1.074994596491031444e+02 7.704416134117393008e-15
1.076481080297703983e+02 7.806176684653617462e-15
1.077969619588296979e+02 7.908709591479346078e-15
1.079460217205096484e+02 8.011942295099115801e-15
1.080952875994322255e+02 8.115798487792194607e-15
1.082447598806126763e+02 8.220198057041739354e-15
1.083944388494604425e+02 8.325057036596381696e-15
1.085443247917796299e+02 8.430287565777986864e-15
1.086944179937694344e+02 8.535797857663343483e-15
1.088447187420251367e+02 8.641492176772174772e-15
1.089952273235379892e+02 8.747270826898955922e-15
1.091459440256962097e+02 8.853030149731489282e-15
1.092968691362854088e+02 8.958662534895620143e-15
1.094480029434890014e+02 9.064056442060671784e-15
1.095993457358892726e+02 9.169096435736005338e-15
1.097508978024671933e+02 9.273663233372835851e-15
1.099026594326034427e+02 9.377633767374880947e-15
1.100546309160788780e+02 9.480881261596044008e-15
1.102068125430749319e+02 9.583275322884486316e-15
1.103592046041746073e+02 9.684682048199586552e-15
1.105118073903624207e+02 9.784964147795862274e-15
1.106646211930253401e+02 9.883981084929614606e-15
1.108176463039532962e+02 9.981589232500759960e-15
1.109708830153395525e+02 1.007764204699111868e-14
1.111243316197817563e+02 1.017199026000904883e-14
1.112779924102818256e+02 1.026448208768906306e-14
1.114318656802469576e+02 1.035496345813145585e-14
1.115859517234900551e+02 1.044327825699524211e-14
1.117402508342301672e+02 1.052926859128519430e-14
1.118947633070935552e+02 1.061277507129121124e-14
1.120494894371135501e+02 1.069363711055315526e-14
1.122044295197315336e+02 1.077169324363587640e-14
1.123595838507974207e+02 1.084678146140375081e-14
1.125149527265701437e+02 1.091873956338500262e-14
1.126705364437186034e+02 1.098740552671402594e-14
1.128263352993215989e+02 1.105261789103476907e-14
1.129823495908688358e+02 1.111421615863829284e-14
1.131385796162613815e+02 1.117204120899680694e-14
1.132950256738121340e+02 1.122593572674367796e-14
1.134516880622468307e+02 1.127574464203411851e-14
1.136085670807039349e+02 1.132131558210598955e-14
1.137656630287356734e+02 1.136249933274567580e-14
1.139229762063084621e+02 1.139915030825060687e-14
1.140805069138034327e+02 1.143112702836626490e-14
1.142382554520173983e+02 1.145829260056736828e-14
1.143962221221627686e+02 1.148051520594533611e-14
1.145544072258685731e+02 1.149766858686363891e-14
1.147128110651809436e+02 1.150963253444561100e-14
1.148714339425635416e+02 1.151629337386733163e-14
1.150302761608986515e+02 1.151754444534918354e-14
1.151893380234869824e+02 1.151328657866027555e-14
1.153486198340487761e+02 1.150342855888791390e-14
1.155081218967242904e+02 1.148788758116646676e-14
1.156678445160741830e+02 1.146658969201743690e-14
1.158277879970805913e+02 1.143947021491877380e-14
1.159879526451470895e+02 1.140647415770269444e-14
1.161483387660996129e+02 1.136755659937427976e-14
1.163089466661870119e+02 1.132268305395373049e-14
1.164697766520815065e+02 1.127182980896538922e-14
1.166308290308797098e+02 1.121498423623890279e-14
1.167921041101025423e+02 1.115214507274031078e-14
1.169536021976962701e+02 1.108332266922431930e-14
1.171153236020329729e+02 1.100853920458629348e-14
1.172772686319110562e+02 1.092782886389748734e-14
1.174394375965562460e+02 1.084123797822938809e-14
1.176018308056215318e+02 1.074882512451302912e-14
1.177644485691881897e+02 1.065066118383013582e-14
1.179272911977661380e+02 1.054682935670989581e-14
1.180903590022950596e+02 1.043742513418579276e-14
1.182536522941442030e+02 1.032255622357444644e-14
1.184171713851135195e+02 1.020234242814722724e-14
1.185809165874340891e+02 1.007691548009751552e-14
1.187448882137686326e+02 9.946418826445749944e-15
1.189090865772125909e+02 9.811007367771093754e-15
1.190735119912939410e+02 9.670847149920393161e-15
1.192381647699743752e+02 9.526115009109176040e-15
1.194030452276496845e+02 9.376998171098806974e-15
1.195681536791502992e+02 9.223693805412122144e-15
1.197334904397423685e+02 9.066408535820528942e-15
1.198990558251275758e+02 8.905357908617628150e-15
1.200648501514443467e+02 8.740765820459088844e-15
1.202308737352681760e+02 8.572863907823231734e-15
1.203971268936122385e+02 8.401890900404854041e-15
1.205636099439284408e+02 8.228091941004937402e-15
1.207303232041072647e+02 8.051717874722258048e-15
1.208972669924789045e+02 7.873024510477344726e-15
1.210644416278137356e+02 7.692271858109372881e-15
1.212318474293227695e+02 7.509723738698561138e-15
1.213994847166588471e+02 7.325689052474324054e-15
1.215673538099163977e+02 7.140552590219492624e-15
1.217354550296326039e+02 6.954696061029198330e-15
1.219037886967879132e+02 6.768487770819562652e-15
1.220723551328064502e+02 6.582281819847891651e-15
1.222411546595571963e+02 6.396417409258905003e-15
1.224101875993538471e+02 6.211218254802912865e-15
1.225794542749558929e+02 6.026992105231959973e-15
1.227489550095691300e+02 5.844030362304450018e-15
1.229186901268461583e+02 5.662607798815439689e-15
1.230886599508874895e+02 5.482982370615548334e-15
1.232588648062414336e+02 5.305395118194122140e-15
1.234293050179051789e+02 5.130070153066288265e-15
1.235999809113253605e+02 4.957214723939591754e-15
1.237708928123984577e+02 4.787019357420958454e-15
1.239420410474720029e+02 4.619658067865497168e-15
1.241134259433444100e+02 4.455288630868910678e-15
1.242850478272661121e+02 4.294052914847446034e-15
1.244569070269400584e+02 4.136077265142005661e-15
1.246290038705222116e+02 3.981472935119753673e-15
1.248013386866226568e+02 3.830336558818754616e-15
1.249739118043055583e+02 3.682750659796255389e-15
1.251467235530901831e+02 3.538784190976244087e-15
1.253197742629514551e+02 3.398493100471473728e-15
1.254930642643204521e+02 3.261920918543592959e-15
1.256665938880855862e+02 3.129099361086846427e-15
1.258403634655923895e+02 3.000048945250923736e-15
1.260143733286447230e+02 2.874779613067898023e-15
1.261886238095052448e+02 2.753291359209005195e-15
1.263631152408959508e+02 2.635574859260271977e-15
1.265378479559992826e+02 2.521612095179232338e-15
1.267128222884580424e+02 2.411376974871075970e-15
1.268880385723765016e+02 2.304835943090497233e-15
1.270634971423209123e+02 2.201948581152937642e-15
1.272391983333200471e+02 2.102668193200994262e-15
1.274151424808663364e+02 2.006942377035719655e-15
1.275913299209157401e+02 1.914713577772941587e-15
1.277677609898888704e+02 1.825919622828860695e-15
1.279444360246715888e+02 1.740494236974617881e-15
1.281213553626154180e+02 1.658367536418663802e-15
1.282985193415387926e+02 1.579466501087955589e-15
1.284759282997268599e+02 1.503715424477562018e-15
1.286535825759326599e+02 1.431036340619895326e-15
1.288314825093777074e+02 1.361349427899891764e-15
1.290096284397524187e+02 1.294573389598444390e-15
1.291880207072173050e+02 1.230625811192741523e-15
1.293666596524028876e+02 1.169423494572895067e-15
1.295455456164108341e+02 1.110882769453710384e-15
1.297246789408144423e+02 1.054919782366800670e-15
1.299040599676592649e+02 1.001450763711690738e-15
1.300836890394641614e+02 9.503922734270616763e-16
1.302635664992212412e+02 9.016614259145470388e-16
1.304436926903970573e+02 8.551760949070474717e-16
1.306240679569330609e+02 8.108550990240528629e-16
1.308046926432462271e+02 7.686183687969939743e-16
1.309855670942301344e+02 7.283870959796208033e-16
1.311666916552548798e+02 6.900838659815405343e-16
1.313480666721682439e+02 6.536327742790641862e-16
1.315296924912961742e+02 6.189595276668047271e-16
1.317115694594438651e+02 5.859915312159520759e-16
1.318936979238956724e+02 5.546579618022189003e-16
1.320760782324163074e+02 5.248898290579328077e-16
1.322587107332513483e+02 4.966200245910530938e-16
1.324415957751278086e+02 4.697833602962600655e-16
1.326247337072553023e+02 4.443165965638231774e-16
1.328081248793259590e+02 4.201584611688617497e-16
1.329917696415155319e+02 3.972496595979921028e-16
1.331756683444840235e+02 3.755328775427990912e-16
1.333598213393761966e+02 3.549527762604855118e-16
1.335442289778227689e+02 3.354559814716263946e-16
1.337288916119402700e+02 3.169910664333338923e-16
1.339138095943322639e+02 2.995085297942658924e-16
1.340989832780899178e+02 2.829607688054934819e-16
1.342844130167924845e+02 2.673020484289887832e-16
1.344700991645085253e+02 2.524884668527346146e-16
1.346560420757958809e+02 2.384779178900622952e-16
1.348422421057026952e+02 2.252300507089670492e-16
1.350286996097681254e+02 2.127062273065392319e-16
1.352154149440228252e+02 2.008694781137380919e-16
1.354023884649901959e+02 1.896844560864825145e-16
1.355896205296861297e+02 1.791173896114080216e-16
1.357771114956204315e+02 1.691360345269661128e-16
1.359648617207972165e+02 1.597096255355223959e-16
1.361528715637155074e+02 1.508088272567298841e-16
1.363411413833704842e+02 1.424056851494661350e-16
1.365296715392533144e+02 1.344735765071509708e-16
1.367184623913523751e+02 1.269871617103119610e-16
1.369075143001538777e+02 1.199223359004302010e-16
1.370968276266423231e+02 1.132561812205830442e-16
1.372864027323018377e+02 1.069669197509204016e-16
1.374762399791159453e+02 1.010338672509337162e-16
1.376663397295688753e+02 9.543738780516587948e-17
1.378567023466460739e+02 9.015884945522503874e-17
1.380473281938348293e+02 8.518058088800699460e-17
1.382382176351253804e+02 8.048582923799438642e-17
1.384293710350109734e+02 7.605871905080155640e-17
1.386207887584889420e+02 7.188421244497547508e-17
1.388124711710613042e+02 6.794807050003016114e-17
1.390044186387354443e+02 6.423681589047771815e-17
1.391966315280252218e+02 6.073769677807602303e-17
1.393891102059508285e+02 5.743865196793148647e-17
1.395818550400402103e+02 5.432827732791630618e-17
1.397748663983294648e+02 5.139579346567926407e-17
1.399681446493634667e+02 4.863101465271007850e-17
1.401616901621971465e+02 4.602431898074034707e-17
1.403555033063953204e+02 4.356661973219061276e-17
1.405495844520339688e+02 4.124933794317691117e-17
1.407439339697008336e+02 3.906437613490240322e-17
1.409385522304959295e+02 3.700409318700727735e-17
1.411334396060328515e+02 3.506128032450037443e-17
1.413285964684386329e+02 3.322913818840901004e-17
1.415240231903550523e+02 3.150125495894822940e-17
1.417197201449391173e+02 2.987158549913983419e-17
1.419156877058637178e+02 2.833443148607836613e-17
1.421119262473188769e+02 2.688442249655016086e-17
1.423084361440116083e+02 2.551649801350652434e-17
1.425052177711671959e+02 2.422589031975485030e-17
1.427022715045298185e+02 2.300810824537519924e-17
1.428995977203630048e+02 2.185892173555602447e-17
1.430971967954511399e+02 2.077434720592468428e-17
1.432950691070990388e+02 1.975063365292780019e-17
1.434932150331334810e+02 1.878424948733215908e-17
1.436916349519036658e+02 1.787187005961376604e-17
1.438903292422818367e+02 1.701036584667130416e-17
1.440892982836645615e+02 1.619679127009291743e-17
1.442885424559726175e+02 1.542837411700368062e-17
1.444880621396522429e+02 1.470250553536384838e-17
1.446878577156757615e+02 1.401673057648825079e-17
1.448879295655421799e+02 1.336873925842284823e-17
1.450882780712784097e+02 1.275635812474770086e-17
1.452889036154392386e+02 1.217754227428043290e-17
1.454898065811085814e+02 1.163036783807794950e-17
1.456909873518999063e+02 1.111302488104545413e-17
1.458924463119576274e+02 1.062381070637399918e-17
1.460941838459568203e+02 1.016112354193407606e-17
1.462962003391047290e+02 9.723456588617222465e-18
1.464984961771411918e+02 9.309392411510377424e-18
1.467010717463392950e+02 8.917597655620664514e-18
1.469039274335067091e+02 8.546818068710142605e-18
1.471070636259855462e+02 8.195873814601310733e-18
1.473104807116536676e+02 7.863655061099590930e-18
1.475141790789252809e+02 7.549117827451196785e-18
1.477181591167515364e+02 7.251280076976478426e-18
1.479224212146218633e+02 6.969218041242674581e-18
1.481269657625638558e+02 6.702062762826225847e-18
1.483317931511445522e+02 6.448996844367805272e-18
1.485369037714710032e+02 6.209251392269628356e-18
1.487422980151910679e+02 5.982103143990237155e-18
1.489479762744944935e+02 5.766871768479991182e-18
1.491539389421129158e+02 5.562917329862255367e-18
1.493601864113212230e+02 5.369637905000902645e-18
1.495667190759380958e+02 5.186467346113845398e-18
1.497735373303266044e+02 5.012873180079192792e-18
1.499806415693956581e+02 4.848354636551386867e-18
1.501880321885996921e+02 4.692440797456362426e-18
1.503957095839402029e+02 4.544688860853751832e-18
1.506036741519662314e+02 4.404682512569798469e-18
1.508119262897749877e+02 4.272030399386802570e-18
1.510204663950133011e+02 4.146364697947711525e-18
1.512292948658773355e+02 4.027339773883684872e-18
1.514384121011140962e+02 3.914630926009291595e-18
1.516478185000218843e+02 3.807933210748931357e-18
1.518575144624510358e+02 3.706960342260143399e-18
1.520675003888052856e+02 3.611443664010771425e-18
1.522777766800415407e+02 3.521131187843517894e-18
1.524883437376712720e+02 3.435786696820300013e-18
1.526992019637612259e+02 3.355186635040389189e-18
1.529103517609338780e+02 3.279091757943178666e-18
1.531217935323689971e+02 3.207257931098634008e-18
1.533335276818033321e+02 3.139457510213746986e-18
1.535455546135320901e+02 3.075478584135647100e-18
1.537578747324095332e+02 3.015123824552648580e-18
1.539704884438495753e+02 2.958209429820352129e-18
1.541833961538272320e+02 2.904564154679650799e-18
1.543965982688783924e+02 2.854028418406949018e-18
1.546100951961012413e+02 2.806453484629127331e-18
1.548238873431569687e+02 2.761700706662088187e-18
1.550379751182702250e+02 2.719640832796113011e-18
1.552523589302306561e+02 2.680153366461596470e-18
1.554670391883927323e+02 2.643125976667741443e-18
1.556820163026770274e+02 2.608453954522652749e-18
1.558972906835711001e+02 2.576039712020124792e-18
1.561128627421298347e+02 2.545792319617910400e-18
1.563287328899770614e+02 2.517627079439897749e-18
1.565449015393052719e+02 2.491465131214687497e-18
1.567613691028771257e+02 2.467233088314235129e-18
1.569781359940260757e+02 2.444862701487262283e-18
1.571952026266568510e+02 2.424290548088494603e-18
1.574125694152471056e+02 2.405457744794871807e-18
1.576302367748471340e+02 2.388309681970757997e-18
1.578482051210812642e+02 2.372795777999992246e-18
1.580664748701485962e+02 2.358869252044717269e-18
1.582850464388235139e+02 2.346486913819808792e-18
1.585039202444573050e+02 2.335608969088188793e-18
1.587230967049777348e+02 2.326198839690965641e-18
1.589425762388907799e+02 2.318222997021291322e-18
1.591623592652809975e+02 2.311650807941706341e-18
1.593824462038123499e+02 2.306454392223829677e-18
1.596028374747296255e+02 2.302608490664182930e-18
1.598235334988580973e+02 2.300090343096466719e-18
1.600445346976052861e+02 2.298879575582034198e-18
1.602658414929612718e+02 2.298958096116776321e-18
1.604874543074996041e+02 2.300309998242711927e-18
1.607093735643785806e+02 2.302921472000539067e-18
1.609315996873411621e+02 2.306780721700727138e-18
1.611541331007164786e+02 2.311877890030280282e-18
1.613769742294201421e+02 2.318204988047795075e-18
1.616001234989558952e+02 2.325755830651251937e-18
1.618235813354153549e+02 2.334525977133243295e-18
1.620473481654794625e+02 2.344512676464522716e-18
1.622714244164192507e+02 2.355714816971734984e-18
1.624958105160962987e+02 2.368132880097699358e-18
1.627205068929643801e+02 2.381768897952060080e-18
1.629455139760692646e+02 2.396626414379578984e-18
1.631708321950500817e+02 2.412710449289585244e-18
1.633964619801401454e+02 2.430027466005154240e-18
1.636224037621674370e+02 2.448585341404579397e-18
1.638486579725562251e+02 2.468393338639879639e-18
1.640752250433268671e+02 2.489462082228295218e-18
1.643021054070972582e+02 2.511803535322499096e-18
1.645292994970834570e+02 2.535430978974282572e-18
1.647568077471004528e+02 2.560358993214175982e-18
1.649846305915636435e+02 2.586603439776874371e-18
1.652127684654885513e+02 2.614181446307133993e-18
1.654412218044924145e+02 2.643111391888073169e-18
1.656699910447948980e+02 2.673412893736213054e-18
1.658990766232185763e+02 2.705106794912729573e-18
1.661284789771906958e+02 2.738215152903341738e-18
1.663581985447427769e+02 2.772761228920606659e-18
1.665882357645122340e+02 2.808769477786407890e-18
1.668185910757430293e+02 2.846265538251496589e-18
1.670492649182862976e+02 2.885276223611338164e-18
1.672802577326019673e+02 2.925829512478019326e-18
1.675115699597584751e+02 2.967954539565447533e-18
1.677432020414343015e+02 3.011681586348541838e-18
1.679751544199187094e+02 3.057042071452746556e-18
1.682074275381124266e+02 3.104068540630665610e-18
1.684400218395290381e+02 3.152794656180377103e-18
1.686729377682949291e+02 3.203255185658522035e-18
1.689061757691508490e+02 3.255485989739087863e-18
1.691397362874524219e+02 3.309524009065211487e-18
1.693736197691710004e+02 3.365407249940515096e-18
1.696078266608951139e+02 3.423174768702428369e-18
1.698423574098303561e+02 3.482866654616141496e-18
1.700772124638007767e+02 3.544524011126986035e-18
1.703123922712497347e+02 3.608188935303386860e-18
1.705478972812405800e+02 3.673904495300395317e-18
1.707837279434579898e+02 3.741714705669429118e-18
1.710198847082080533e+02 3.811664500338066864e-18
1.712563680264196933e+02 3.883799703078151818e-18
1.714931783496452908e+02 3.958166995278510505e-18
1.717303161300615670e+02 4.034813880834811479e-18
1.719677818204709752e+02 4.113788647966679137e-18
1.722055758743015019e+02 4.195140327766959708e-18
1.724436987456084580e+02 4.278918649288848516e-18
1.726821508890748476e+02 4.365173990970836812e-18
1.729209327600123345e+02 4.453957328199160635e-18
1.731600448143626636e+02 4.545320176805844176e-18
1.733994875086975469e+02 4.639314532296427188e-18
1.736392613002201699e+02 4.735992804605570608e-18
1.738793666467660159e+02 4.835407748173801033e-18
1.741198040068033492e+02 4.937612387141004347e-18
1.743605738394350340e+02 5.042659935454405050e-18
1.746016766043982216e+02 5.150603711688005885e-18
1.748431127620659140e+02 5.261497048375029179e-18
1.750848827734477595e+02 5.375393195659241563e-18
1.753269871001906495e+02 5.492345219071780204e-18
1.755694262045804237e+02 5.612405891250746023e-18
1.758122005495415863e+02 5.735627577422432480e-18
1.760553105986389824e+02 5.862062114475436878e-18
1.762987568160784235e+02 5.991760683465277486e-18
1.765425396667074835e+02 6.124773675397421166e-18
1.767866596160170332e+02 6.261150550151443537e-18
1.770311171301410411e+02 6.400939688418617880e-18
1.772759126758582795e+02 6.544188236543203309e-18
1.775210467205929774e+02 6.690941944173489201e-18
1.777665197324154462e+02 6.841244994646040934e-18
1.780123321800438703e+02 6.995139828049753999e-18
1.782584845328439656e+02 7.152666956932354212e-18
1.785049772608306853e+02 7.313864774645129323e-18
1.787518108346689303e+02 7.478769356339241018e-18
1.789989857256742312e+02 7.647414252658613220e-18
1.792465024058143399e+02 7.819830276206031731e-18
1.794943613477092015e+02 7.996045280887825167e-18
1.797425630246323465e+02 8.176083934279434918e-18
1.799911079105116869e+02 8.359967483190315390e-18
1.802399964799308805e+02 8.547713512644845518e-18
1.804892292081294158e+02 8.739335698536378602e-18
1.807388065710040621e+02 8.934843554255964848e-18
1.809887290451096078e+02 9.134242171642290742e-18
1.812389971076596851e+02 9.337531956644700365e-18
1.814896112365283329e+02 9.544708360143794048e-18
1.817405719102498836e+02 9.755761604420060136e-18
1.819918796080204970e+02 9.970676405821773371e-18
1.822435348096989571e+02 1.018943169422952635e-17
1.824955379958074957e+02 1.041200032997698657e-17
1.827478896475332419e+02 1.063834881894354838e-17
1.830005902467282226e+02 1.086843702659148453e-17
1.832536402759109251e+02 1.110221789178228437e-17
1.835070402182670364e+02 1.133963714126884861e-17
1.837607905576501821e+02 1.158063300581504570e-17
1.840148917785837170e+02 1.182513593896614734e-17
1.842693443662602704e+02 1.207306833953955055e-17
1.845241488065437352e+02 1.232434427898612113e-17
1.847793055859696949e+02 1.257886923481297787e-17
1.850348151917464463e+02 1.283653983132900292e-17
1.852906781117564492e+02 1.309724358903068871e-17
1.855468948345563263e+02 1.336085868399700417e-17
1.858034658493783979e+02 1.362725371871662739e-17
1.860603916461315350e+02 1.389628750582407504e-17
1.863176727154017556e+02 1.416780886626273100e-17
1.865753095484541291e+02 1.444165644343915961e-17
1.868333026372324355e+02 1.471765853496468125e-17
1.870916524743608704e+02 1.499563294362450360e-17
1.873503595531448411e+02 1.527538684922928902e-17
1.876094243675717053e+02 1.555671670303143790e-17
1.878688474123124763e+02 1.583940814640343025e-17
1.881286291827215678e+02 1.612323595547721897e-17
1.883887701748386121e+02 1.640796401344872557e-17
1.886492708853891145e+02 1.669334531223316002e-17
1.889101318117852486e+02 1.697912198514855725e-17
1.891713534521276756e+02 1.726502537226710997e-17
1.894329363052050894e+02 1.755077612003647732e-17
1.896948808704961777e+02 1.783608431672995098e-17
1.899571876481703327e+02 1.812064966521751671e-17
1.902198571390883046e+02 1.840416169447510465e-17
1.904828898448040206e+02 1.868630001117606255e-17
1.907462862675644431e+02 1.896673459259768431e-17
1.910100469103111038e+02 1.924512612198050076e-17
1.912741722766810994e+02 1.952112636734462964e-17
1.915386628710076877e+02 1.979437860464022249e-17
1.918035191983221068e+02 2.006451808595898994e-17
1.920687417643534047e+02 2.033117255337179013e-17
1.923343310755300593e+02 2.059399291927896539e-17
1.926002876389809160e+02 2.085274997831653430e-17
1.928666119625357851e+02 2.110724862399536022e-17
1.931333045547273457e+02 2.135729745346717525e-17
1.934003659247908615e+02 2.160270903334566514e-17
1.936677965826659431e+02 2.184330015787062990e-17
1.939355970389973720e+02 2.207889209888203324e-17
1.942037678051357545e+02 2.230931084711551910e-17
1.944723093931395113e+02 2.253438734435138474e-17
1.947412223157743938e+02 2.275395770598044392e-17
1.950105070865155312e+02 2.296786343357525651e-17
1.952801642195479417e+02 2.317595161708734119e-17
1.955501942297675555e+02 2.337807512631791661e-17
1.958205976327828637e+02 2.357409279134241131e-17
1.960913749449146906e+02 2.376386957159851240e-17
1.963625266831980696e+02 2.394727671338195255e-17
1.966340533653829539e+02 2.412419189551989742e-17
1.969059555099350405e+02 2.429449936303420318e-17
1.971782336360375609e+02 2.445809004862589112e-17
1.974508882635910538e+02 2.461486168185756761e-17
1.977239199132151555e+02 2.476471888593130823e-17
1.979973291062494525e+02 2.490757326199788357e-17
1.982711163647541639e+02 2.504334346096801848e-17
1.985452822115120171e+02 2.517195524281228353e-17
1.988198271700281339e+02 2.529334152338877812e-17
1.990947517645315656e+02 2.540744240884814329e-17
1.993700565199762025e+02 2.551420521770612410e-17
1.996457419620423366e+02 2.561358449069988119e-17
1.999218086171366338e+02 2.570554198857017006e-17
2.001982570123937819e+02 2.579004667793886959e-17
2.004750876756774858e+02 2.586707470548069611e-17
2.007523011355810922e+02 2.593660936060748488e-17
2.010298979214294945e+02 2.599864102691052887e-17
2.013078785632789049e+02 2.605316712262959415e-17
2.015862435919187874e+02 2.610019203043251580e-17
2.018649935388724543e+02 2.613972701682157784e-17
2.021441289363980331e+02 2.617179014148800572e-17
2.024236503174902850e+02 2.619640615696205523e-17
2.027035582158803777e+02 2.621360639892068341e-17
2.029838531660376759e+02 2.622342866752869349e-17
2.032645357031706510e+02 2.622591710020249365e-17
2.035456063632275630e+02 2.622112203620072670e-17
2.038270656828985068e+02 2.620909987345205240e-17
2.041089141996149863e+02 2.618991291804457282e-17
2.043911524515519034e+02 2.616362922680625057e-17
2.046737809776283257e+02 2.613032244341487103e-17
2.049568003175083390e+02 2.609007162847752971e-17
2.052402110116028666e+02 2.604296108402894419e-17
2.055240136010695267e+02 2.598908017289847835e-17
2.058082086278143947e+02 2.592852313339235918e-17
2.060927966344928848e+02 2.586138888974867444e-17
2.063777781645106302e+02 2.578778085881104880e-17
2.066631537620252459e+02 2.570780675336976172e-17
2.069489239719462148e+02 2.562157838261667280e-17
2.072350893399366782e+02 2.552921145015622533e-17
2.075216504124143455e+02 2.543082535000060815e-17
2.078086077365522613e+02 2.532654296098922029e-17
2.080959618602807950e+02 2.521649044004305276e-17
2.083837133322872148e+02 2.510079701467621909e-17
2.086718627020178758e+02 2.497959477516338850e-17
2.089604105196787884e+02 2.485301846676087700e-17
2.092493573362366135e+02 2.472120528236460713e-17
2.095387037034204809e+02 2.458429465597723881e-17
2.098284501737218193e+02 2.444242805734749193e-17
2.101185973003962886e+02 2.429574878812692306e-17
2.104091456374645190e+02 2.414440177988425385e-17
2.107000957397130492e+02 2.398853339429535321e-17
2.109914481626961731e+02 2.382829122581910811e-17
2.112832034627358269e+02 2.366382390715485805e-17
2.115753621969233791e+02 2.349528091775834182e-17
2.118679249231205404e+02 2.332281239568207669e-17
2.121608921999601876e+02 2.314656895299273804e-17
2.124542645868483532e+02 2.296670149499660474e-17
2.127480426439639132e+02 2.278336104349663227e-17
2.130422269322606610e+02 2.259669856428240862e-17
2.133368180134679335e+02 2.240686479904492965e-17
2.136318164500916907e+02 2.221401010189069541e-17
2.139272228054163634e+02 2.201828428061026499e-17
2.142230376435045685e+02 2.181983644285076210e-17
2.145192615291991842e+02 2.161881484731852143e-17
2.148158950281240891e+02 2.141536676012447634e-17
2.151129387066851564e+02 2.120963831637778894e-17
2.154103931320720164e+02 2.100177438710914452e-17
2.157082588722580851e+02 2.079191845159701298e-17
2.160065364960022407e+02 2.058021247515632508e-17
2.163052265728499037e+02 2.036679679243439944e-17
2.166043296731338614e+02 2.015180999624455279e-17
2.169038463679761151e+02 1.993538883196027681e-17
2.172037772292878230e+02 1.971766809747630464e-17
2.175041228297711768e+02 1.949878054873317751e-17
2.178048837429202820e+02 1.927885681078858198e-17
2.181060605430220107e+02 1.905802529441344386e-17
2.184076538051580769e+02 1.883641211817097812e-17
2.187096641052046664e+02 1.861414103594019799e-17
2.190120920198345686e+02 1.839133336982002865e-17
2.193149381265179443e+02 1.816810794835901155e-17
2.196182030035232344e+02 1.794458105002959641e-17
2.199218872299192640e+02 1.772086635187129647e-17
2.202259913855747868e+02 1.749707488321679795e-17
2.205305160511606744e+02 1.727331498439954450e-17
2.208354618081507681e+02 1.704969227034955972e-17
2.211408292388226471e+02 1.682630959896401993e-17
2.214466189262598448e+02 1.660326704414411470e-17
2.217528314543513943e+02 1.638066187338079071e-17
2.220594674077940169e+02 1.615858852976366021e-17
2.223665273720926905e+02 1.593713861829244624e-17
2.226740119335626673e+02 1.571640089635717869e-17
2.229819216793293037e+02 1.549646126825797455e-17
2.232902571973300212e+02 1.527740278362471526e-17
2.235990190763153009e+02 1.505930563960491861e-17
2.239082079058494514e+02 1.484224718667431248e-17
2.242178242763126548e+02 1.462630193793260532e-17
2.245278687789009098e+02 1.441154158174257559e-17
2.248383420056277942e+02 1.419803499756717543e-17
2.251492445493256298e+02 1.398584827486368306e-17
2.254605770036461934e+02 1.377504473488943445e-17
2.257723399630628478e+02 1.356568495527865847e-17
2.260845340228703719e+02 1.335782679724604166e-17
2.263971597791868362e+02 1.315152543527492142e-17
2.267102178289546544e+02 1.294683338915172400e-17
2.270237087699414644e+02 1.274380055820558929e-17
2.273376332007421752e+02 1.254247425761450603e-17
2.276519917207786818e+02 1.234289925664782483e-17
2.279667849303020830e+02 1.214511781870381176e-17
2.282820134303933628e+02 1.194916974301670906e-17
2.285976778229645561e+02 1.175509240790134881e-17
2.289137787107606243e+02 1.156292081541058269e-17
2.292303166973593420e+02 1.137268763728168880e-17
2.295472923871733428e+02 1.118442326204926502e-17
2.298647063854509724e+02 1.099815584321073701e-17
2.301825592982773401e+02 1.081391134832550004e-17
2.305008517325762796e+02 1.063171360894004451e-17
2.308195842961102073e+02 1.045158437122926686e-17
2.311387575974821971e+02 1.027354334725052833e-17
2.314583722461368041e+02 1.009760826670818060e-17
2.317784288523611451e+02 9.923794929132058553e-18
2.320989280272869166e+02 9.752117256374532632e-18
2.324198703828901955e+02 9.582587345339030216e-18
2.327412565319935140e+02 9.415215520848441176e-18
2.330630870882667693e+02 9.250010388573446022e-18
2.333853626662281897e+02 9.086978887940839039e-18
2.337080838812465799e+02 8.926126344944850804e-18
2.340312513495407813e+02 8.767456524789543537e-18
2.343548656881820591e+02 8.610971684293129150e-18
2.346789275150950118e+02 8.456672623990421665e-18
2.350034374490583104e+02 8.304558739868158082e-18
2.353283961097071142e+02 8.154628074678836401e-18
2.356538041175326157e+02 8.006877368775471652e-18
2.359796620938842580e+02 7.861302110416269738e-18
2.363059706609706723e+02 7.717896585490651789e-18
2.366327304418606445e+02 7.576653926622742445e-18
2.369599420604852753e+02 7.437566161607860852e-18
2.372876061416376388e+02 7.300624261146004075e-18
2.376157233109750280e+02 7.165818185833753509e-18
2.379442941950199497e+02 7.033136932383917263e-18
2.382733194211609202e+02 6.902568579040781727e-18
2.386027996176547674e+02 6.774100330164282757e-18
2.389327354136263182e+02 6.647718559960148651e-18
2.392631274390706153e+02 6.523408855330378476e-18
2.395939763248538270e+02 6.401156057827373337e-18
2.399252827027142132e+02 6.280944304693643048e-18
2.402570472052643424e+02 6.162757068971518972e-18
2.405892704659908361e+02 6.046577198671089436e-18
2.409219531192564716e+02 5.932386954985814402e-18
2.412550958003012909e+02 5.820168049546521002e-18
2.415886991452434245e+02 5.709901680708846487e-18
2.419227637910813939e+02 5.601568523513567257e-18
2.422572903756937706e+02 5.495146582032641514e-18
2.425922795378415060e+02 5.390610457872021884e-18
2.429277319171686997e+02 5.287934538514457663e-18
2.432636481542037643e+02 5.187093271575878608e-18
2.436000288903615854e+02 5.088061176525670117e-18
2.439368747679431806e+02 4.990812855933647274e-18
2.442741864301380303e+02 4.895323006253222590e-18
2.446119645210249871e+02 4.801566428150317752e-18
2.449502096855732418e+02 4.709518036385563615e-18
2.452889225696446545e+02 4.619152869258662372e-18
2.456281038199933846e+02 4.530446097625895845e-18
2.459677540842681367e+02 4.443373033497025323e-18
2.463078740110129843e+02 4.357909138222616969e-18
2.466484642496694732e+02 4.274030030279836256e-18
2.469895254505765081e+02 4.191711492667522070e-18
2.473310582649724552e+02 4.110929479917264263e-18
2.476730633449962795e+02 4.031660124731742134e-18
2.480155413436883691e+02 3.953879744258803292e-18
2.483584929149929508e+02 3.877564846009762408e-18
2.487019187137577205e+02 3.802692133432573316e-18
2.490458193957361743e+02 3.729238511147272352e-18
2.493901956175885175e+02 3.657181089854214670e-18
2.497350480368827732e+02 3.586497190922808792e-18
2.500803773120969709e+02 3.517164350670442220e-18
2.504261841026189188e+02 3.449160324340894564e-18
2.507724690687484781e+02 3.382463089789537470e-18
2.511192328716985571e+02 3.317050850885304208e-18
2.514664761735960781e+02 3.252902040637834832e-18
2.518141996374843927e+02 3.189995324057366207e-18
2.521624039273228561e+02 3.128309600757382504e-18
2.525110897079892140e+02 3.067824007306644053e-18
2.528602576452806261e+02 3.008517919339902945e-18
2.532099084059145753e+02 2.950370953435152012e-18
2.535600426575313406e+02 2.893362968764430677e-18
2.539106610686935426e+02 2.837474068527972534e-18
2.542617643088885586e+02 2.782684601177271015e-18
2.546133530485295751e+02 2.728975161435709015e-18
2.549654279589564680e+02 2.676326591124328315e-18
2.553179897124382762e+02 2.624719979799488814e-18
2.556710389821728029e+02 2.574136665209808116e-18
2.560245764422891170e+02 2.524558233579478923e-18
2.563786027678482355e+02 2.475966519724802048e-18
2.567331186348446863e+02 2.428343607010640752e-18
2.570881247202082136e+02 2.381671827153074556e-18
2.574436217018040907e+02 2.335933759875542556e-18
2.577996102584349956e+02 2.291112232423987858e-18
2.581560910698423754e+02 2.247190318947408020e-18
2.585130648167072991e+02 2.204151339749889348e-18
2.588705321806527877e+02 2.161978860420131621e-18
2.592284938442438147e+02 2.120656690843995309e-18
2.595869504909891816e+02 2.080168884105458095e-18
2.599459028053431098e+02 2.040499735282162938e-18
2.603053514727057518e+02 2.001633780139943022e-18
2.606652971794259770e+02 1.963555793732193829e-18
2.610257406128009166e+02 1.926250788908721493e-18
2.613866824610782373e+02 1.889704014739267838e-18
2.617481234134575061e+02 1.853900954856040812e-18
2.621100641600908148e+02 1.818827325720178015e-18
2.624725053920855657e+02 1.784469074816695821e-18
2.628354478015039035e+02 1.750812378781962772e-18
2.631988920813652157e+02 1.717843641468048697e-18
2.635628389256472133e+02 1.685549491948007485e-18
2.639272890292869533e+02 1.653916782466383129e-18
2.642922430881832838e+02 1.622932586337971629e-18
2.646577017991965022e+02 1.592584195799410314e-18
2.650236658601506861e+02 1.562859119816704394e-18
2.653901359698350575e+02 1.533745081852136998e-18
2.657571128280045514e+02 1.505230017594111026e-18
2.661245971353828281e+02 1.477302072652946153e-18
2.664925895936615348e+02 1.449949600226007704e-18
2.668610909055028060e+02 1.423161158734847917e-18
2.672301017745405147e+02 1.396925509437377905e-18
2.675996229053812385e+02 1.371231614018049553e-18
2.679696550036066469e+02 1.346068632158298932e-18
2.683401987757732172e+02 1.321425919090335437e-18
2.687112549294148494e+02 1.297293023136265729e-18
2.690828241730437185e+02 1.273659683235267480e-18
2.694549072161513550e+02 1.250515826460984020e-18
2.698275047692113162e+02 1.227851565531126082e-18
2.702006175436787885e+02 1.205657196311897239e-18
2.705742462519929177e+02 1.183923195318587689e-18
2.709483916075780598e+02 1.162640217214683932e-18
2.713230543248448043e+02 1.141799092311326260e-18
2.716982351191923044e+02 1.121390824068605517e-18
2.720739347070084477e+02 1.101406586600500631e-18
2.724501538056716186e+02 1.081837722185293878e-18
2.728268931335522325e+02 1.062675738782488090e-18
2.732041534100146123e+02 1.043912307557977814e-18
2.735819353554172721e+02 1.025539260418934866e-18
2.739602396911147935e+02 1.007548587559481403e-18
2.743390671394594165e+02 9.899324350183806042e-19
2.747184184238020066e+02 9.726831022501370246e-19
2.750982942684942714e+02 9.557930397104106553e-19
2.754786953988889877e+02 9.392548464568721232e-19
2.758596225413419916e+02 9.230612677664319576e-19
2.762410764232135989e+02 9.072051927697932093e-19
2.766230577728696289e+02 8.916796521042578429e-19
2.770055673196839621e+02 8.764778155854761894e-19
2.773886057940381420e+02 8.615929898990121001e-19
2.777721739273238768e+02 8.470186163124238768e-19
2.781562724519443464e+02 8.327482684084331718e-19
2.785409021013152255e+02 8.187756498399269029e-19
2.789260636098670716e+02 8.050945921072435278e-19
2.793117577130452673e+02 7.916990523584866983e-19
2.796979851473123517e+02 7.785831112130381858e-19
2.800847466501492704e+02 7.657409706089360642e-19
2.804720429600564557e+02 7.531669516745905797e-19
2.808598748165563848e+02 7.408554926249455620e-19
2.812482429601932381e+02 7.288011466827258418e-19
2.816371481325356285e+02 7.169985800247725069e-19
2.820265910761773966e+02 7.054425697540883598e-19
2.824165725347390890e+02 6.941280018974665618e-19
2.828070932528702883e+02 6.830498694291423463e-19
2.831981539762495572e+02 6.722032703206686760e-19
2.835897554515865977e+02 6.615834056169952362e-19
2.839818984266238999e+02 6.511855775389776379e-19
2.843745836501375379e+02 6.410051876125293597e-19
2.847678118719397844e+02 6.310377348242395282e-19
2.851615838428789402e+02 6.212788138037462968e-19
2.855559003148418924e+02 6.117241130327987005e-19
2.859507620407550803e+02 6.023694130810385756e-19
2.863461697745859738e+02 5.932105848684520822e-19
2.867421242713453466e+02 5.842435879545150011e-19
2.871386262870871633e+02 5.754644688540684942e-19
2.875356765789111364e+02 5.668693593796585859e-19
2.879332759049639208e+02 5.584544750104685015e-19
2.883314250244401364e+02 5.502161132876407701e-19
2.887301246975851541e+02 5.421506522359063763e-19
2.891293756856947539e+02 5.342545488115004473e-19
2.895291787511176267e+02 5.265243373760361059e-19
2.899295346572566814e+02 5.189566281964240222e-19
2.903304441685701818e+02 5.115481059705081368e-19
2.907319080505741908e+02 5.042955283783566018e-19
2.911339270698426276e+02 4.971957246590264176e-19
2.915365019940096545e+02 4.902455942125817321e-19
2.919396335917708143e+02 4.834421052272397453e-19
2.923433226328844512e+02 4.767822933313481124e-19
2.927475698881740414e+02 4.702632602701601380e-19
2.931523761295281361e+02 4.638821726070522368e-19
2.935577421299030334e+02 4.576362604489809554e-19
2.939636686633235740e+02 4.515228161961195638e-19
2.943701565048849602e+02 4.455391933152249921e-19
2.947772064307548590e+02 4.396828051366743500e-19
2.951848192181733452e+02 4.339511236749094883e-19
2.955929956454555168e+02 4.283416784719938746e-19
2.960017364919928582e+02 4.228520554641431651e-19
2.964110425382541507e+02 4.174798958708738504e-19
2.968209145657883141e+02 4.122228951066641915e-19
2.972313533572241226e+02 4.070788017148095252e-19
2.976423596962728197e+02 4.020454163232092889e-19
2.980539343677293687e+02 3.971205906219045838e-19
2.984660781574735324e+02 3.923022263621212970e-19
2.988787918524729434e+02 3.875882743765091912e-19
2.992920762407821940e+02 3.829767336204246186e-19
2.997059321115461330e+02 3.784656502339565123e-19
3.001203602550007759e+02 3.740531166244733052e-19
3.005353614624744978e+02 3.697372705694644323e-19
3.009509365263908194e+02 3.655162943394175705e-19
3.013670862402681223e+02 3.613884138405651693e-19
3.017838113987224915e+02 3.573518977771392057e-19
3.022011127974685110e+02 3.534050568330240993e-19
3.026189912333209691e+02 3.495462428725797079e-19
3.030374475041974165e+02 3.457738481602928399e-19
3.034564824091176547e+02 3.420863045991767798e-19
3.038760967482068054e+02 3.384820829876595492e-19
3.042962913226959927e+02 3.349596922946703757e-19
3.047170669349252989e+02 3.315176185229010972e-19
3.051384243883432532e+02 3.281538223698340149e-19
3.055603644875097871e+02 3.248660182771703493e-19
3.059828880380971441e+02 3.216519886400451027e-19
3.064059958468916420e+02 3.185095843947639182e-19
3.068296887217958329e+02 3.154367224351946377e-19
3.072539674718287870e+02 3.124313831358042923e-19
3.076788329071282533e+02 3.094916079765177473e-19
3.081042858389525350e+02 3.066154972649842974e-19
3.085303270796812853e+02 3.038012079519617714e-19
3.089569574428183500e+02 3.010469515357326711e-19
3.093841777429916533e+02 2.983509920517224396e-19
3.098119887959558696e+02 2.957116441436039215e-19
3.102403914185936742e+02 2.931272712123885534e-19
3.106693864289169369e+02 2.905962836401942831e-19
3.110989746460697916e+02 2.881171370854608685e-19
3.115291568903278971e+02 2.856883308466597669e-19
3.119599339831015641e+02 2.833084062915078876e-19
3.123913067469370617e+02 2.809759453490428304e-19
3.128232760055175277e+02 2.786895690619019242e-19
3.132558425836662650e+02 2.764479361962593715e-19
3.136890073073459462e+02 2.742497419071311814e-19
3.141227710036618532e+02 2.720937164567383183e-19
3.145571345008629009e+02 2.699786239837160371e-19
3.149920986283430011e+02 2.679032613212210399e-19
3.154276642166438478e+02 2.658664568618472514e-19
3.158638320974546900e+02 2.638670694675822118e-19
3.163006031036151171e+02 2.619039874229316958e-19
3.167379780691163660e+02 2.599761274295423931e-19
3.171759578291025718e+02 2.580824336407037600e-19
3.176145432198736671e+02 2.562218767341375036e-19
3.180537350788850404e+02 2.543934530216219684e-19
3.184935342447503785e+02 2.525961835940163193e-19
3.189339415572430312e+02 2.508291135003416170e-19
3.193749578572972609e+02 2.490913109595928336e-19
3.198165839870110858e+02 2.473818666040958656e-19
3.202588207896460517e+02 2.456998927531970301e-19
3.207016691096299610e+02 2.440445227161511509e-19
3.211451297925584640e+02 2.424149101231353476e-19
3.215892036851959688e+02 2.408102282833804004e-19
3.220338916354788239e+02 2.392296695693890280e-19
3.224791944925150347e+02 2.376724448263165850e-19
3.229251131065868208e+02 2.361377828056395172e-19
3.233716483291523218e+02 2.346249296221783175e-19
3.238188010128467340e+02 2.331331482337124110e-19
3.242665720114852093e+02 2.316617179423534730e-19
3.247149621800625141e+02 2.302099339169283331e-19
3.251639723747560993e+02 2.287771067356683543e-19
3.256136034529272365e+02 2.273625619484181600e-19
3.260638562731224397e+02 2.259656396578217529e-19
3.265147316950765344e+02 2.245856941187303867e-19
3.269662305797119188e+02 2.232220933552759816e-19
3.274183537891419746e+02 2.218742187949880576e-19
3.278711021866722035e+02 2.205414649194004310e-19
3.283244766368014780e+02 2.192232389305799597e-19
3.287784780052249971e+02 2.179189604330598386e-19
3.292331071588342866e+02 2.166280611306815911e-19
3.296883649657196429e+02 2.153499845378224335e-19
3.301442522951718956e+02 2.140841857045567420e-19
3.306007700176835442e+02 2.128301309552975613e-19
3.310579190049518843e+02 2.115872976404680640e-19
3.315157001298783825e+02 2.103551739007846739e-19
3.319741142665720304e+02 2.091332584437172179e-19
3.324331622903505377e+02 2.079210603317815342e-19
3.328928450777414696e+02 2.067180987821916729e-19
3.333531635064856573e+02 2.055239029775938493e-19
3.338141184555365157e+02 2.043380118874434713e-19
3.342757108050632269e+02 2.031599740997100618e-19
3.347379414364521608e+02 2.019893476625529865e-19
3.352008112323078990e+02 2.008256999356248079e-19
3.356643210764567016e+02 1.996686074507015094e-19
3.361284718539457685e+02 1.985176557812984588e-19
3.365932644510467071e+02 1.973724394209583762e-19
3.370586997552560433e+02 1.962325616699301699e-19
3.375247786552986327e+02 1.950976345299102445e-19
3.379915020411273758e+02 1.939672786065753033e-19
3.384588708039258336e+02 1.928411230196033583e-19
3.389268858361101593e+02 1.917188053199367913e-19
3.393955480313300654e+02 1.905999714139402436e-19
3.398648582844718931e+02 1.894842754942441793e-19
3.403348174916586686e+02 1.883713799769930559e-19
3.408054265502526050e+02 1.872609554451923138e-19
3.412766863588569777e+02 1.861526805979497221e-19
3.417485978173172043e+02 1.850462422052841787e-19
3.422211618267240283e+02 1.839413350683188812e-19
3.426943792894132912e+02 1.828376619845331929e-19
3.431682511089686614e+02 1.817349337178729807e-19
3.436427781902235665e+02 1.806328689734360718e-19
3.441179614392619897e+02 1.795311943764981055e-19
3.445938017634221069e+02 1.784296444556187578e-19
3.450703000712955486e+02 1.773279616296057474e-19
3.455474572727307532e+02 1.762258961980577492e-19
3.460252742788342744e+02 1.751232063352643966e-19
3.465037520019721455e+02 1.740196580872183452e-19
3.469828913557731198e+02 1.729150253714741510e-19
3.474626932551281584e+02 1.718090899796609341e-19
3.479431586161937275e+02 1.707016415823345430e-19
3.484242883563931059e+02 1.695924777360097026e-19
3.489060833944178626e+02 1.684814038920518882e-19
3.493885446502309833e+02 1.673682334072633679e-19
3.498716730450664159e+02 1.662527875558661944e-19
3.503554695014324238e+02 1.651348955426745307e-19
3.508399349431127803e+02 1.640143945172067809e-19
3.513250702951684730e+02 1.628911295885122663e-19
3.518108764839405467e+02 1.617649538404482551e-19
3.522973544370499894e+02 1.606357283472169927e-19
3.527845050834008021e+02 1.595033221888723512e-19
3.532723293531815898e+02 1.583676124666081737e-19
3.537608281778665855e+02 1.572284843175750801e-19
3.542500024902194014e+02 1.560858309289891549e-19
3.547398532242922329e+02 1.549395535513206680e-19
3.552303813154292129e+02 1.537895615103167881e-19
3.557215877002679463e+02 1.526357722176328130e-19
3.562134733167407603e+02 1.514781111798759987e-19
3.567060391040780587e+02 1.503165120057695864e-19
3.571992860028078667e+02 1.491509164113182902e-19
3.576932149547592417e+02 1.479812742226632241e-19
3.581878269030634101e+02 1.468075433764556042e-19
3.586831227921555296e+02 1.456296899175462347e-19
3.591791035677777586e+02 1.444476879937538397e-19
3.596757701769788582e+02 1.432615198475193107e-19
3.601731235681175463e+02 1.420711758042680820e-19
3.606711646908639182e+02 1.408766542572318769e-19
3.611698944962009250e+02 1.396779616485927464e-19
3.616693139364276135e+02 1.384751124467221157e-19
3.621694239651586713e+02 1.372681291193598993e-19
3.626702255373279513e+02 1.360570421025324463e-19
3.631717196091895516e+02 1.348418897650622506e-19
3.636739071383197484e+02 1.336227183684815240e-19
3.641767890836197807e+02 1.323995820222111606e-19
3.646803664053159650e+02 1.311725426338303123e-19
3.651846400649626503e+02 1.299416698543229950e-19
3.656896110254438099e+02 1.287070410181349156e-19
3.661952802509745197e+02 1.274687410779168504e-19
3.667016487071043116e+02 1.262268625338435458e-19
3.672087173607166619e+02 1.249815053574014446e-19
3.677164871800324590e+02 1.237327769094993244e-19
3.682249591346114244e+02 1.224807918528560831e-19
3.687341341953536471e+02 1.212256720585543293e-19
3.692440133345028244e+02 1.199675465066743381e-19
3.697545975256458632e+02 1.187065511809712492e-19
3.702658877437164620e+02 1.174428289574958428e-19
3.707778849649963604e+02 1.161765294871643792e-19
3.712905901671168749e+02 1.149078090721936298e-19
3.718040043290623089e+02 1.136368305364016050e-19
3.723181284311696686e+02 1.123637630893631930e-19
3.728329634551317326e+02 1.110887821844085759e-19
3.733485103839985868e+02 1.098120693704640638e-19
3.738647702021806367e+02 1.085338121377893911e-19
3.743817438954484373e+02 1.072542037576116451e-19
3.748994324509360467e+02 1.059734431157186231e-19
3.754178368571425040e+02 1.046917345400619341e-19
3.759369581039333070e+02 1.034092876224467487e-19
3.764567971825438804e+02 1.021263170343880282e-19
3.769773550855792337e+02 1.008430423372167326e-19
3.774986328070172021e+02 9.955968778657622897e-20
3.780206313422101516e+02 9.827648213137939909e-20
3.785433516878864566e+02 9.699365840741118151e-20
3.790667948421537972e+02 9.571145372567408254e-20
3.795909618044989315e+02 9.443010905568476574e-20
3.801158535757911068e+02 9.314986900384166921e-20
3.806414711582834229e+02 9.187098158707697117e-20
3.811678155556146521e+02 9.059369800197994811e-20
3.816948877728124785e+02 8.931827238959860627e-20
3.822226888162931004e+02 8.804496159613015081e-20
3.827512196938648117e+02 8.677402492974045621e-20
3.832804814147295360e+02 8.550572395736941731e-20
3.838104749894842485e+02 8.424039252084257432e-20
3.843412014301244994e+02 8.297857222962651907e-20
3.848726617500441307e+02 8.172082836311562989e-20
3.854048569640385722e+02 8.046770819867136080e-20
3.859377880883065473e+02 7.921974094284137304e-20
3.864714561404516644e+02 7.797743769007699799e-20
3.870058621394857141e+02 7.674129140806247785e-20
3.875410071058283279e+02 7.551177694873286180e-20
3.880768920613107298e+02 7.428935108403198892e-20
3.886135180291769871e+02 7.307445256547704766e-20
3.891508860340856586e+02 7.186750220654971442e-20
3.896889971021135466e+02 7.066890298694149330e-20
3.902278522607549007e+02 6.947904017770573552e-20
3.907674525389252835e+02 6.829828148628974578e-20
3.913077989669630483e+02 6.712697722050101877e-20
3.918488925766308171e+02 6.596546047040562896e-20
3.923907344011190617e+02 6.481404730720140564e-20
3.929333254750459332e+02 6.367303699807813225e-20
3.934766668344604454e+02 6.254271223610491023e-20
3.940207595168442936e+02 6.142333938420040420e-20
3.945656045611133891e+02 6.031516873223630434e-20
3.951112030076214410e+02 5.921843476633949662e-20
3.956575558981595577e+02 5.813335644949177419e-20
3.962046642759598853e+02 5.706013751252505659e-20
3.967525291856969147e+02 5.599896675461547598e-20
3.973011516734894712e+02 5.495001835243838239e-20
3.978505327869041821e+02 5.391345217712435226e-20
3.984006735749548511e+02 5.288941411820185697e-20
3.989515750881063809e+02 5.187803641372335208e-20
3.995032383782761940e+02 5.087943798579710889e-20
4.000556644988358244e+02 4.989372478077499975e-20
4.006088545046147829e+02 4.892099011335198544e-20
4.011628094518997045e+02 4.796131501389612138e-20
4.017175303984384414e+02 4.701476857829718060e-20
4.022730184034414265e+02 4.608140831969940203e-20
4.028292745275833227e+02 4.516128052147788392e-20
4.033862998330067171e+02 4.425442059085188830e-20
4.039440953833216668e+02 4.336085341256785213e-20
4.045026622436094499e+02 4.248059370207796723e-20
4.050620014804240441e+02 4.161364635769883589e-20
4.056221141617937747e+02 4.076000681125055576e-20
4.061830013572252369e+02 3.991966137668858242e-20
4.067446641377025003e+02 3.909258759628253502e-20
4.073071035756910874e+02 3.827875458391679595e-20
4.078703207451394519e+02 3.747812336510815820e-20
4.084343167214807409e+02 3.669064721335926469e-20
4.089990925816363756e+02 3.591627198250459661e-20
4.095646494040157108e+02 3.515493643471370642e-20
4.101309882685196158e+02 3.440657256384017030e-20
4.106981102565424635e+02 3.367110591383867333e-20
4.112660164509733249e+02 3.294845589199235153e-20
4.118347079361999477e+02 3.223853607669626407e-20
4.124041857981084718e+02 3.154125451959503808e-20
4.129744511240867837e+02 3.085651404186082339e-20
4.135455050030265056e+02 3.018421252444518104e-20
4.141173485253245303e+02 2.952424319213605555e-20
4.146899827828868297e+02 2.887649489128270490e-20
4.152634088691278293e+02 2.824085236106757947e-20
4.158376278789745584e+02 2.761719649821739430e-20
4.164126409088674450e+02 2.700540461505791959e-20
4.169884490567644661e+02 2.640535069085268334e-20
4.175650534221405223e+02 2.581690561635657169e-20
4.181424551059912460e+02 2.523993743154323836e-20
4.187206552108348205e+02 2.467431155647839723e-20
4.192996548407134014e+02 2.411989101532627793e-20
4.198794551011971521e+02 2.357653665347301548e-20
4.204600570993837323e+02 2.304410734779460492e-20
4.210414619439019930e+02 2.252246021006927670e-20
4.216236707449139658e+02 2.201145078358048492e-20
4.222066846141161705e+02 2.151093323293843135e-20
4.227905046647438212e+02 2.102076052718130677e-20
4.233751320115700310e+02 2.054078461620646811e-20
4.239605677709099609e+02 2.007085660060418609e-20
4.245468130606224122e+02 1.961082689496188552e-20
4.251338690001113605e+02 1.916054538473230079e-20
4.257217367103301626e+02 1.871986157673878025e-20
4.263104173137807038e+02 1.828862474342832972e-20
4.268999119345177178e+02 1.786668406095910437e-20
4.274902216981499805e+02 1.745388874123724853e-20
4.280813477318425839e+02 1.705008815800631341e-20
4.286732911643203465e+02 1.665513196710523581e-20
4.292660531258676997e+02 1.626887022101836903e-20
4.298596347483323257e+02 1.589115347782803310e-20
4.304540371651271471e+02 1.552183290470008418e-20
4.310492615112316912e+02 1.516076037602978903e-20
4.316453089231965237e+02 1.480778856637061704e-20
4.322421805391422254e+02 1.446277103828316635e-20
4.328398774987637694e+02 1.412556232522802826e-20
4.334384009433320557e+02 1.379601800964410660e-20
4.340377520156955029e+02 1.347399479633639646e-20
4.346379318602844251e+02 1.315935058131342084e-20
4.352389416231101222e+02 1.285194451620748083e-20
4.358407824517690869e+02 1.255163706840994636e-20
4.364434554954447094e+02 1.225829007705426904e-20
4.370469619049089260e+02 1.197176680498433544e-20
4.376513028325263690e+02 1.169193198683538786e-20
4.382564794322536841e+02 1.141865187336395431e-20
4.388624928596437940e+02 1.115179427215063708e-20
4.394693442718474330e+02 1.089122858481278211e-20
4.400770348276148525e+02 1.063682584084679661e-20
4.406855656873001976e+02 1.038845872823063123e-20
4.412949380128604844e+02 1.014600162091030612e-20
4.419051529678602037e+02 9.909330603290794458e-21
4.425162117174726291e+02 9.678323491852080853e-21
4.431281154284817489e+02 9.452859854009505913e-21
4.437408652692864734e+02 9.232821024333900089e-21
4.443544624098997815e+02 9.018090118245576014e-21
4.449689080219532116e+02 8.808552043291363032e-21
4.455842032786981690e+02 8.604093508117407980e-21
4.462003493550081998e+02 8.404603029241265474e-21
4.468173474273826287e+02 8.209970935726976993e-21
4.474351986739462745e+02 8.020089371869070926e-21
4.480539042744536573e+02 7.834852297977770224e-21
4.486734654102904756e+02 7.654155489367319459e-21
4.492938832644755962e+02 7.477896533637623480e-21
4.499151590216652039e+02 7.305974826342155389e-21
4.505372938681521191e+02 7.138291565130633323e-21
4.511602889918701180e+02 6.974749742449485664e-21
4.517841455823955812e+02 6.815254136888518399e-21
4.524088648309492555e+02 6.659711303248633346e-21
4.530344479304006313e+02 6.508029561411924894e-21
4.536608960752672033e+02 6.360118984090710229e-21
4.542882104617187338e+02 6.215891383524164482e-21
4.549163922875789581e+02 6.075260297196616567e-21
4.555454427523275172e+02 5.938140972644318174e-21
4.561753630571041640e+02 5.804450351414443980e-21
4.568061544047079678e+02 5.674107052242954235e-21
4.574378179996018048e+02 5.547031353507692293e-21
4.580703550479140631e+02 5.423145175017520806e-21
4.587037667574404054e+02 5.302372059193647969e-21
4.593380543376481455e+02 5.184637151694882866e-21
4.599732189996754528e+02 5.069867181539761187e-21
4.606092619563358426e+02 4.957990440775428902e-21
4.612461844221193132e+02 4.848936763738131747e-21
4.618839876131967799e+02 4.742637505952349087e-21
4.625226727474193353e+02 4.639025522711816818e-21
4.631622410443225704e+02 4.538035147382036730e-21
4.638026937251285062e+02 4.439602169464534027e-21
4.644440320127473001e+02 4.343663812460251657e-21
4.650862571317816219e+02 4.250158711567015984e-21
4.657293703085259722e+02 4.159026891245672852e-21
4.663733727709711161e+02 4.070209742685863133e-21
4.670182657488058453e+02 3.983650001202860524e-21
4.676640504734188539e+02 3.899291723593939979e-21
4.683107281779029449e+02 3.817080265480569503e-21
4.689583000970547459e+02 3.736962258664586738e-21
4.696067674673786883e+02 3.658885588519509495e-21
4.702561315270890532e+02 3.582799371442501032e-21
4.709063935161118479e+02 3.508653932386791053e-21
4.715575546760890120e+02 3.436400782495786571e-21
4.722096162503780192e+02 3.365992596857849042e-21
4.728625794840561412e+02 3.297383192398248122e-21
4.735164456239222091e+02 3.230527505926804666e-21
4.741712159184987740e+02 3.165381572355121636e-21
4.748268916180360861e+02 3.101902503098403739e-21
4.754834739745119236e+02 3.040048464675628657e-21
4.761409642416357428e+02 2.979778657519795115e-21
4.767993636748505537e+02 2.921053295010253981e-21
4.774586735313349095e+02 2.863833582736958955e-21
4.781188950700071700e+02 2.808081698007368633e-21
4.787800295515252174e+02 2.753760769604129096e-21
4.794420782382903781e+02 2.700834857801524373e-21
4.801050423944498675e+02 2.649268934648545197e-21
4.807689232858982677e+02 2.599028864525025287e-21
4.814337221802821887e+02 2.550081384976467219e-21
4.820994403469995859e+02 2.502394087833312343e-21
4.827660790572041947e+02 2.455935337627695218e-21
4.834336395838076328e+02 2.410672585335653665e-21
4.841021232014809357e+02 2.366572317971247907e-21
4.847715311866594448e+02 2.323601967501569912e-21
4.854418648175418980e+02 2.281729980812736660e-21
4.861131253740950910e+02 2.240925786210044260e-21
4.867853141380556394e+02 2.201159761093061965e-21
4.874584323929321386e+02 2.162403200763417117e-21
4.881324814240094270e+02 2.124628288322691046e-21
4.888074625183481317e+02 2.087808065621936671e-21
4.894833769647891017e+02 2.051916405223787996e-21
4.901602260539553413e+02 2.016927983340768572e-21
4.908380110782540555e+02 1.982818253714377630e-21
4.915167333318810279e+02 1.949563422400638067e-21
4.921963941108201652e+02 1.917140423430011757e-21
4.928769947128478748e+02 1.885526895309435242e-21
4.935585364375352810e+02 1.854701158336510676e-21
4.942410205862497605e+02 1.824642192696886346e-21
4.949244484621600009e+02 1.795329617316098046e-21
4.956088213702348639e+02 1.766743669439671522e-21
4.962941406172485017e+02 1.738865184914749042e-21
4.969804075117818343e+02 1.711675579148633691e-21
4.976676233642249372e+02 1.685156828720048066e-21
4.983557894867811910e+02 1.659291453619668197e-21
4.990449071934670542e+02 1.634062500098220288e-21
4.997349778001166101e+02 1.609453524099880722e-21
5.004260026243832158e+02 1.585448575260806930e-21
5.011179829857418895e+02 1.562032181452682161e-21
5.018109202054937441e+02 1.539189333852117003e-21
5.025048156067653053e+02 1.516905472517581957e-21
5.031996705145134001e+02 1.495166472455700388e-21
5.038954862555268051e+02 1.473958630160289187e-21
5.045922641584285202e+02 1.453268650607240347e-21
5.052900055536803166e+02 1.433083634689557458e-21
5.059887117735820539e+02 1.413391067077364833e-21
5.066883841522765124e+02 1.394178804487806982e-21
5.073890240257512119e+02 1.375435064351150448e-21
5.080906327318405715e+02 1.357148413858886502e-21
5.087932116102305145e+02 1.339307759381156301e-21
5.094967620024578991e+02 1.321902336240629377e-21
5.102012852519150670e+02 1.304921698830569880e-21
5.109067827038521159e+02 1.288355711065497761e-21
5.116132557053787195e+02 1.272194537152947049e-21
5.123207056054689019e+02 1.256428632675621403e-21
5.130291337549605259e+02 1.241048735973357902e-21
5.137385415065597272e+02 1.226045859814747126e-21
5.144489302148427896e+02 1.211411283348609661e-21
5.151603012362605796e+02 1.197136544326265506e-21
5.158726559291380909e+02 1.183213431585146344e-21
5.165859956536788786e+02 1.169633977785330556e-21
5.173003217719679014e+02 1.156390452390522574e-21
5.180156356479724309e+02 1.143475354885386719e-21
5.187319386475479632e+02 1.130881408221513934e-21
5.194492321384365141e+02 1.118601552484505592e-21
5.201675174902725303e+02 1.106628938774926367e-21
5.208867960745837991e+02 1.094956923296315829e-21
5.216070692647945179e+02 1.083579061643358140e-21
5.223283384362293873e+02 1.072489103283942105e-21
5.230506049661133829e+02 1.061680986228899536e-21
5.237738702335765311e+02 1.051148831883405260e-21
5.244981356196554998e+02 1.040886940074244049e-21
5.252234025072965551e+02 1.030889784247507137e-21
5.259496722813596534e+02 1.021152006831419151e-21
5.266769463286181008e+02 1.011668414759077056e-21
5.274052260377634411e+02 1.002433975146190900e-21
5.281345127994073891e+02 9.934438111191524249e-22
5.288648080060839902e+02 9.846931977888508729e-22
5.295961130522546227e+02 9.761775583657707944e-22
5.303284293343072022e+02 9.678924604122621526e-22
5.310617582505610699e+02 9.598336122278948183e-22
5.317961012012692663e+02 9.519968593639869164e-22
5.325314595886202369e+02 9.443781812635450666e-22
5.332678348167434024e+02 9.369736880230921030e-22
5.340052282917077946e+02 9.297796172728715890e-22
5.347436414215273999e+02 9.227923311722139149e-22
5.354830756161633190e+02 9.160083135166657658e-22
5.362235322875254724e+02 9.094241669541304208e-22
5.369650128494780574e+02 9.030366103069441678e-22
5.377075187178386386e+02 8.968424759970298437e-22
5.384510513103830363e+02 8.908387075715955773e-22
5.391956120468474865e+02 8.850223573267764751e-22
5.399412023489311423e+02 8.793905840266536608e-22
5.406878236403002802e+02 8.739406507155780384e-22
5.414354773465885273e+02 8.686699226212243517e-22
5.421841648954011816e+02 8.635758651465814531e-22
5.429338877163177131e+02 8.586560419486041545e-22
5.436846472408939235e+02 8.539081131017807205e-22
5.444364449026664943e+02 8.493298333446383534e-22
5.451892821371529863e+02 8.449190504076171492e-22
5.459431603818563872e+02 8.406737034204935183e-22
5.466980810762676128e+02 8.365918213979750142e-22
5.474540456618672124e+02 8.326715218018521951e-22
5.482110555821311664e+02 8.289110091784638433e-22
5.489691122825291814e+02 8.253085738701365151e-22
5.497282172105307154e+02 8.218625907993159083e-22
5.504883718156067971e+02 8.185715183244573646e-22
5.512495775492317307e+02 8.154338971664076642e-22
5.520118358648891217e+02 8.124483494045373643e-22
5.527751482180703988e+02 8.096135775416121913e-22
5.535395160662803846e+02 8.069283636365744344e-22
5.543049408690392283e+02 8.043915685047285021e-22
5.550714240878845658e+02 8.020021309843528177e-22
5.558389671863769763e+02 7.997590672694940221e-22
5.566075716300990734e+02 7.976614703082810679e-22
5.573772388866603933e+02 7.957085092663365933e-22
5.581479704257001231e+02 7.938994290550667432e-22
5.589197677188889202e+02 7.922335499244057914e-22
5.596926322399342553e+02 7.907102671200110486e-22
5.604665654645796167e+02 7.893290506046730525e-22
5.612415688706096262e+02 7.880894448439119810e-22
5.620176439378527675e+02 7.869910686559238232e-22
5.627947921481826370e+02 7.860336151258500720e-22
5.635730149855239688e+02 7.852168515846291700e-22
5.643523139358519529e+02 7.845406196528570253e-22
5.651326904871966690e+02 7.840048353497004179e-22
5.659141461296460420e+02 7.836094892676486239e-22
5.666966823553478889e+02 7.833546468133649665e-22
5.674803006585152616e+02 7.832404485154846514e-22
5.682650025354251966e+02 7.832671103997391827e-22
5.690507894844247403e+02 7.834349244325953596e-22
5.698376630059320860e+02 7.837442590338819683e-22
5.706256246024418033e+02 7.841955596596760534e-22
5.714146757785247246e+02 7.847893494562532763e-22
5.722048180408322651e+02 7.855262299865116394e-22
5.729960528980996060e+02 7.864068820297929820e-22
5.737883818611473998e+02 7.874320664568381267e-22
5.745818064428872276e+02 7.886026251809339015e-22
5.753763281583210301e+02 7.899194821870748066e-22
5.761719485245459964e+02 7.913836446407363063e-22
5.769686690607574064e+02 7.929962040779489769e-22
5.777664912882505632e+02 7.947583376786752378e-22
5.785654167304262501e+02 7.966713096254490138e-22
5.793654469127898210e+02 7.987364725493956283e-22
5.801665833629567715e+02 8.009552690659683411e-22
5.809688276106550120e+02 8.033292334026522730e-22
5.817721811877270284e+02 8.058599931213675650e-22
5.825766456281353385e+02 8.085492709380957013e-22
5.833822224679619239e+02 8.113988866425005288e-22
5.841889132454132323e+02 8.144107591207599364e-22
5.849967195008227918e+02 8.175869084845158058e-22
5.858056427766535990e+02 8.209294583092426425e-22
5.866156846175032342e+02 8.244406379857370383e-22
5.874268465701031801e+02 8.281227851880335481e-22
5.882391301833246189e+02 8.319783484619308957e-22
5.890525370081801384e+02 8.360098899378304679e-22
5.898670685978268011e+02 8.402200881723832231e-22
5.906827265075709192e+02 8.446117411232795793e-22
5.914995122948677135e+02 8.491877692617424453e-22
5.923174275193266567e+02 8.539512188277917542e-22
5.931364737427137470e+02 8.589052652332776620e-22
5.939566525289538959e+02 8.640532166182229447e-22
5.947779654441366119e+02 8.693985175657706139e-22
5.956004140565150919e+02 8.749447529821044549e-22
5.964239999365115636e+02 8.806956521471822473e-22
5.972487246567199008e+02 8.866550929428945286e-22
5.980745897919078971e+02 8.928271062654962985e-22
5.989015969190227224e+02 8.992158806294003627e-22
5.997297476171903554e+02 9.058257669697116012e-22
6.005590434677209259e+02 9.126612836515229819e-22
6.013894860541112166e+02 9.197271216939574640e-22
6.022210769620468227e+02 9.270281502176632913e-22
6.030538177794082912e+02 9.345694221248433202e-22
6.038877100962694158e+02 9.423561800208945166e-22
6.047227555049039438e+02 9.503938623879844796e-22
6.055589555997869411e+02 9.586881100205841552e-22
6.063963119775977475e+02 9.672447727338912802e-22
6.072348262372256613e+02 9.760699163565058525e-22
6.080744999797688024e+02 9.851694452091891617e-22
6.089153348085400239e+02 9.945468368049353350e-22
6.097573323290689586e+02 1.004204577352423380e-21
6.106004941491050886e+02 1.014145225044834438e-21
6.114448218786227471e+02 1.024371409834693837e-21
6.122903171298204370e+02 1.034885829574797426e-21
6.131369815171269693e+02 1.045691246081197562e-21
6.139848166572033961e+02 1.056790481109317049e-21
6.148338241689455117e+02 1.068186412234243366e-21
6.156840056734897644e+02 1.079881968626994086e-21
6.165353627942123467e+02 1.091880126717835158e-21
6.173878971567348799e+02 1.104183905738473614e-21
6.182416103889266878e+02 1.116796363134947032e-21
6.190965041209077526e+02 1.129720589842856776e-21
6.199525799850537169e+02 1.142959705417028578e-21
6.208098396159958838e+02 1.156516853007910103e-21
6.216682846506262194e+02 1.170395194176658711e-21
6.225279167281004220e+02 1.184597903541709413e-21
6.233887374898399685e+02 1.199128163249125874e-21
6.242507485795379125e+02 1.213989157259684326e-21
6.251139516431586571e+02 1.229184065445804440e-21
6.259783483289427295e+02 1.244716057491065037e-21
6.268439402874101916e+02 1.260588286586269005e-21
6.277107291713626864e+02 1.276803882915250078e-21
6.285787166358891227e+02 1.293365946924777219e-21
6.294479043383653334e+02 1.310277542372159307e-21
6.303182939384591918e+02 1.327541689145747119e-21
6.311898870981334539e+02 1.345161355852604692e-21
6.320626854816504192e+02 1.363139452168746609e-21
6.329366907555721582e+02 1.381478820947584952e-21
6.338119045887655147e+02 1.400182230082362201e-21
6.346883286524054029e+02 1.419252364118975159e-21
6.355659646199765120e+02 1.438691815616249835e-21
6.364448141672800148e+02 1.458503076250737583e-21
6.373248789724320886e+02 1.478688527664169008e-21
6.382061607158701690e+02 1.499250432051580089e-21
6.390886610803552230e+02 1.520190922489777433e-21
6.399723817509747050e+02 1.541511993005145832e-21
6.408573244151477866e+02 1.563215488381546877e-21
6.417434907626254699e+02 1.585303093709008091e-21
6.426308824854955901e+02 1.607776323675263357e-21
6.435195012781857713e+02 1.630636511602551313e-21
6.444093488374663821e+02 1.653884798232895193e-21
6.453004268624556516e+02 1.677522120266322529e-21
6.461927370546194425e+02 1.701549198656848576e-21
6.470862811177770482e+02 1.725966526672702208e-21
6.479810607581039221e+02 1.750774357727280576e-21
6.488770776841339512e+02 1.775972692989274457e-21
6.497743336067654809e+02 1.801561268781304869e-21
6.506728302392608612e+02 1.827539543776213278e-21
6.515725692972521301e+02 1.853906686003845574e-21
6.524735524987435156e+02 1.880661559679844758e-21
6.533757815641143907e+02 1.907802711870405550e-21
6.542792582161248447e+02 1.935328359008345707e-21
6.551839841799154556e+02 1.963236373276203537e-21
6.560899611830127469e+02 1.991524268874827971e-21
6.569971909553320302e+02 2.020189188195514525e-21
6.579056752291800194e+02 2.049227887916781728e-21
6.588154157392611978e+02 2.078636725047322706e-21
6.597264142226762260e+02 2.108411642938133977e-21
6.606386724189287634e+02 2.138548157289004515e-21
6.615521920699278553e+02 2.169041342175047646e-21
6.624669749199905482e+02 2.199885816121365398e-21
6.633830227158476873e+02 2.231075728254791043e-21
6.643003372066436896e+02 2.262604744563187688e-21
6.652189201439422277e+02 2.294466034295134741e-21
6.661387732817291862e+02 2.326652256533215517e-21
6.670598983764147079e+02 2.359155546976060615e-21
6.679822971868402419e+02 2.391967504966561239e-21
6.689059714742770666e+02 2.425079180803535407e-21
6.698309230024323142e+02 2.458481063377245294e-21
6.707571535374524956e+02 2.492163068169393807e-21
6.716846648479252053e+02 2.526114525660520423e-21
6.726134587048859430e+02 2.560324170187921312e-21
6.735435368818167490e+02 2.594780129299815033e-21
6.744749011546530255e+02 2.629469913651883571e-21
6.754075533017858106e+02 2.664380407493279606e-21
6.763414951040645064e+02 2.699497859791301477e-21
6.772767283448032458e+02 2.734807876043898616e-21
6.782132548097798690e+02 2.770295410830243354e-21
6.791510762872424039e+02 2.805944761151190559e-21
6.800901945679115670e+02 2.841739560611152726e-21
6.810306114449834922e+02 2.877662774493969946e-21
6.819723287141360970e+02 2.913696695785866453e-21
6.829153481735280593e+02 2.949822942198505344e-21
6.838596716238056388e+02 2.986022454245774502e-21
6.848053008681046094e+02 3.022275494427714406e-21
6.857522377120533292e+02 3.058561647574272550e-21
6.867004839637795612e+02 3.094859822402906057e-21
6.876500414339085410e+02 3.131148254340796919e-21
6.886009119355704797e+02 3.167404509664798268e-21
6.895530972844023836e+02 3.203605491008689371e-21
6.905065992985512366e+02 3.239727444287900741e-21
6.914614197986805948e+02 3.275745967089721876e-21
6.924175606079689942e+02 3.311636018575051772e-21
6.933750235521169998e+02 3.347371930937365744e-21
6.943338104593495927e+02 3.382927422460855987e-21
6.952939231604193537e+02 3.418275612218354018e-21
6.962553634886121472e+02 3.453389036446667022e-21
6.972181332797470077e+02 3.488239666634928432e-21
6.981822343721821653e+02 3.522798929356712957e-21
6.991476686068177742e+02 3.557037727875788252e-21
7.001144378270989819e+02 3.590926465549486730e-21
7.010825438790221824e+02 3.624435071051461252e-21
7.020519886111341066e+02 3.657533025430054437e-21
7.030227738745383022e+02 3.690189391015782641e-21
7.039949015228976350e+02 3.722372842185260679e-21
7.049683734124399734e+02 3.754051697984360640e-21
7.059431914019577334e+02 3.785193956609604195e-21
7.069193573528146999e+02 3.815767331738774170e-21
7.078968731289483003e+02 3.845739290698912934e-21
7.088757405968727880e+02 3.875077094451916415e-21
7.098559616256852678e+02 3.903747839373111726e-21
7.108375380870654681e+02 3.931718500791319657e-21
7.118204718552821078e+02 3.958955978252557502e-21
7.128047648071953972e+02 3.985427142463702004e-21
7.137904188222599942e+02 4.011098883864001689e-21
7.147774357825319385e+02 4.035938162767253540e-21
7.157658175726674017e+02 4.059912061009433209e-21
7.167555660799291672e+02 4.082987835029704621e-21
7.177466831941901546e+02 4.105132970305717170e-21
7.187391708079353521e+02 4.126315237056616968e-21
7.197330308162689789e+02 4.146502747120563901e-21
7.207282651169139172e+02 4.165664011906065969e-21
7.217248756102173957e+02 4.183768001308711593e-21
7.227228641991547420e+02 4.200784203479494727e-21
7.237222327893318834e+02 4.216682685322488885e-21
7.247229832889920544e+02 4.231434153592678559e-21
7.257251176090146600e+02 4.245010016460745891e-21
7.267286376629225515e+02 4.257382445401413579e-21
7.277335453668844139e+02 4.268524437259025992e-21
7.287398426397177218e+02 4.278409876336908009e-21
7.297475314028956745e+02 4.287013596351215866e-21
7.307566135805462864e+02 4.294311442086082295e-21
7.317670910994585256e+02 4.300280330580763694e-21
7.327789658890861801e+02 4.304898311676259861e-21
7.337922398815501310e+02 4.308144627744919636e-21
7.348069150116451738e+02 4.309999772422438158e-21
7.358229932168391088e+02 4.310445548159827818e-21
7.368404764372800173e+02 4.309465122411012282e-21
7.378593666157983080e+02 4.307043082268165379e-21
7.388796656979103545e+02 4.303165487359169038e-21
7.399013756318252035e+02 4.297819920818125656e-21
7.409244983684432100e+02 4.290995538142262413e-21
7.419490358613634271e+02 4.282683113749686746e-21
7.429749900668862210e+02 4.272875085052737339e-21
7.440023629440163404e+02 4.261565593866581573e-21
7.450311564544697376e+02 4.248750524974193214e-21
7.460613725626726591e+02 4.234427541674280348e-21
7.470930132357684670e+02 4.218596118143472404e-21
7.481260804436207081e+02 4.201257568449196143e-21
7.491605761588159567e+02 4.182415072057721763e-21
7.501965023566709760e+02 4.162073695687462776e-21
7.512338610152313549e+02 4.140240411367434812e-21
7.522726541152788968e+02 4.116924110569202929e-21
7.533128836403342348e+02 4.092135614289539397e-21
7.543545515766602421e+02 4.065887678973445954e-21
7.553976599132683987e+02 4.038194998175979320e-21
7.564422106419183365e+02 4.009074199875992700e-21
7.574882057571246605e+02 3.978543839364798203e-21
7.585356472561600185e+02 3.946624387647943627e-21
7.595845371390579430e+02 3.913338215311263226e-21
7.606348774086199001e+02 3.878709571816673400e-21
7.616866700704147206e+02 3.842764560208200476e-21
7.627399171327849672e+02 3.805531107224123901e-21
7.637946206068503443e+02 3.767038928826195352e-21
7.648507825065109955e+02 3.727319531380405313e-21
7.659084048484539835e+02 3.686415401396263880e-21
7.669674896521524943e+02 3.644391143500215360e-21
7.680280389398732268e+02 3.601314386109981211e-21
7.690900547366793489e+02 3.557252641569715764e-21
7.701535390704331121e+02 3.512273162249822345e-21
7.712184939718034684e+02 3.466442802430753817e-21
7.722849214742649337e+02 3.419827886217804049e-21
7.733528236141046364e+02 3.372494081698500763e-21
7.744222024304255001e+02 3.324506281520223135e-21
7.754930599651492003e+02 3.275928490032025115e-21
7.765653982630234395e+02 3.226823717099991447e-21
7.776392193716209249e+02 3.177253878677062093e-21
7.787145253413464161e+02 3.127279704173589514e-21
7.797913182254392268e+02 3.076960650649119262e-21
7.808696000799802732e+02 3.026354823815520498e-21
7.819493729638912782e+02 2.975518905816968202e-21
7.830306389389414790e+02 2.924508089725328633e-21
7.841134000697514921e+02 2.873376020667621473e-21
7.851976584237957013e+02 2.822174743480445014e-21
7.862834160714099880e+02 2.770954656764434687e-21
7.873706750857907082e+02 2.719764473194957946e-21
7.884594375430015134e+02 2.668651185927680018e-21
7.895497055219769891e+02 2.617660040922226878e-21
7.906414811045256101e+02 2.566834514993593590e-21
7.917347663753371307e+02 2.516216299388509634e-21
7.928295634219811063e+02 2.465845288674781028e-21
7.939258743349149654e+02 2.415759574720559858e-21
7.950237012074867380e+02 2.365995445534560547e-21
7.961230461359380115e+02 2.316587388731751236e-21
7.972239112194117752e+02 2.267568099383889598e-21
7.983262985599510557e+02 2.218968492011649145e-21
7.994302102625064208e+02 2.170817716471866226e-21
8.005356484349391621e+02 2.123143177493885253e-21
8.016426151880243651e+02 2.075970557617568277e-21
8.027511126354584121e+02 2.029323843287926692e-21
8.038611428938578456e+02 1.983225353863143651e-21
8.049727080827672125e+02 1.937695773295678542e-21
8.060858103246614519e+02 1.892754184249792074e-21
8.072004517449501009e+02 1.848418104424466918e-21
8.083166344719835479e+02 1.804703524855048330e-21
8.094343606370533735e+02 1.761624949973391596e-21
8.105536323743987168e+02 1.719195439212801271e-21
8.116744518212100274e+02 1.677426649950547383e-21
8.127968211176321347e+02 1.636328881589526511e-21
8.139207424067717511e+02 1.595911120586326336e-21
8.150462178346965629e+02 1.556181086242960535e-21
8.161732495504426197e+02 1.517145277086902492e-21
8.173018397060176312e+02 1.478809017672453610e-21
8.184319904564041508e+02 1.441176505645479529e-21
8.195637039595673059e+02 1.404250858922027490e-21
8.206969823764534340e+02 1.368034162840586292e-21
8.218318278709980405e+02 1.332527517155050591e-21
8.229682426101288684e+02 1.297731082746260941e-21
8.241062287637690815e+02 1.263644127936571872e-21
8.252457885048451089e+02 1.230265074301571880e-21
8.263869240092851669e+02 1.197591541881446862e-21
8.275296374560276718e+02 1.165620393701404326e-21
8.286739310270236274e+02 1.134347779520429016e-21
8.298198069072403769e+02 1.103769178733710805e-21
8.309672672846694468e+02 1.073879442362345431e-21
8.321163143503250694e+02 1.044672834071452099e-21
8.332669502982520271e+02 1.016143070164045428e-21
8.344191773255291764e+02 9.882833585051725494e-22
8.355729976322722905e+02 9.610864363374900187e-22
8.367284134216424718e+02 9.345446069548626262e-22
8.378854268998441057e+02 9.086497752071441051e-22
8.390440402761337282e+02 8.833934818141094629e-22
8.402042557628225268e+02 8.587669364724792382e-22
8.413660755752798650e+02 8.347610497441019717e-22
8.425295019319413541e+02 8.113664637184262425e-22
8.436945370543073750e+02 7.885735814469578291e-22
8.448611831669512640e+02 7.663725951504822433e-22
8.460294424975221546e+02 7.447535132044525748e-22
8.471993172767488431e+02 7.237061859110842586e-22
8.483708097384475195e+02 7.032203300696087136e-22
8.495439221195201753e+02 6.832855523593993739e-22
8.507186566599633579e+02 6.638913715529731223e-22
8.518950156028707852e+02 6.450272395786106327e-22
8.530730011944368698e+02 6.266825614540127559e-22
8.542526156839647911e+02 6.088467141147036065e-22
8.554338613238655853e+02 5.915090641626192740e-22
8.566167403696655356e+02 5.746589845610649297e-22
8.578012550800096960e+02 5.582858703046000463e-22
8.589874077166658708e+02 5.423791530924677776e-22
8.601752005445316627e+02 5.269283150357861306e-22
8.613646358316340184e+02 5.119229014290741288e-22
8.625557158491369592e+02 4.973525326172370472e-22
8.637484428713443094e+02 4.832069149899002823e-22
8.649428191757070863e+02 4.694758511347585464e-22
8.661388470428231585e+02 4.561492491822574531e-22
8.673365287564446362e+02 4.432171313735626960e-22
8.685358666034817361e+02 4.306696418838934303e-22
8.697368628740059648e+02 4.184970539330946059e-22
8.709395198612583044e+02 4.066897762149224459e-22
8.721438398616479617e+02 3.952383586765361131e-22
8.733498251747606673e+02 3.841334976786214508e-22
8.745574781033616318e+02 3.733660405667011387e-22
8.757668009533997520e+02 3.629269896832978755e-22
8.769777960340150003e+02 3.528075058500701669e-22
8.781904656575379704e+02 3.429989113483559287e-22
8.794048121394973805e+02 3.334926924259823686e-22
8.806208377986238247e+02 3.242805013572762961e-22
8.818385449568532977e+02 3.153541580825866545e-22
8.830579359393352661e+02 3.067056514527849046e-22
8.842790130744318731e+02 2.983271401035643851e-22
8.855017786937254414e+02 2.902109529831124393e-22
8.867262351320224525e+02 2.823495895564761262e-22
8.879523847273572983e+02 2.747357197086413007e-22
8.891802298209995570e+02 2.673621833677472246e-22
8.904097727574541068e+02 2.602219898689798357e-22
8.916410158844682883e+02 2.533083170787309375e-22
8.928739615530361107e+02 2.466145102979990794e-22
8.941086121174013215e+02 2.401340809629953274e-22
8.953449699350660467e+02 2.338607051601684277e-22
8.965830373667895401e+02 2.277882219721784609e-22
8.978228167765962553e+02 2.219106316703610432e-22
8.990643105317797108e+02 2.162220937686195035e-22
9.003075210029059008e+02 2.107169249528846608e-22
9.015524505638217079e+02 2.053895968995602323e-22
9.027991015916534252e+02 2.002347339956470026e-22
9.040474764668156240e+02 1.952471109725278965e-22
9.052975775730144505e+02 1.904216504648342130e-22
9.065494072972510367e+02 1.857534205050540008e-22
9.078029680298302537e+02 1.812376319639004911e-22
9.090582621643594621e+02 1.768696359460899400e-22
9.103152920977563554e+02 1.726449211502513991e-22
9.115740602302537354e+02 1.685591112014054326e-22
9.128345689654020134e+02 1.646079619638346715e-22
9.140968207100779637e+02 1.607873588416155094e-22
9.153608178744839279e+02 1.570933140736716657e-22
9.166265628721560006e+02 1.535219640296615968e-22
9.178940581199674398e+02 1.500695665126735013e-22
9.191633060381328733e+02 1.467324980741688116e-22
9.204343090502161431e+02 1.435072513463088018e-22
9.217070695831296234e+02 1.403904323963833345e-22
9.229815900671425197e+02 1.373787581077012542e-22
9.242578729358845067e+02 1.344690535909687792e-22
9.255359206263497072e+02 1.316582496298905771e-22
9.268157355789045369e+02 1.289433801643980153e-22
9.280973202372873629e+02 1.263215798146601296e-22
9.293806770486166897e+02 1.237900814487456356e-22
9.306658084633946828e+02 1.213462137966081390e-22
9.319527169355110345e+02 1.189873991127910269e-22
9.332414049222518315e+02 1.167111508900737220e-22
9.345318748842977357e+02 1.145150716261104929e-22
9.358241292857331928e+02 1.123968506448843519e-22
9.371181705940499569e+02 1.103542619746974592e-22
9.384140012801508419e+02 1.083851622842356256e-22
9.397116238183580208e+02 1.064874888781680318e-22
9.410110406864126844e+02 1.046592577535664131e-22
9.423122543654826586e+02 1.028985617183800958e-22
9.436152673401670654e+02 1.012035685731093955e-22
9.449200820984996199e+02 9.957251935673449802e-23
9.462267011319570429e+02 9.800372665791411171e-23
9.475351269354589476e+02 9.649557299242402493e-23
9.488453620073752290e+02 9.504650924776352888e-23
9.501574088495307251e+02 9.365505319586744385e-23
9.514712699672089684e+02 9.231978807480877873e-23
9.527869478691604854e+02 9.103936124044772436e-23
9.541044450676017732e+02 8.981248288895671428e-23
9.554237640782245080e+02 8.863792485119278171e-23
9.567449074201988424e+02 8.751451945995334039e-23
9.580678776161773840e+02 8.644115849120014735e-23
9.593926771923038359e+02 8.541679218040504237e-23
9.607193086782125420e+02 8.444042831526598029e-23
9.620477746070361036e+02 8.351113140614215360e-23
9.633780775154095863e+02 8.262800296393653826e-23
9.647102199434780232e+02 8.178986877571370808e-23
9.660442044348963009e+02 8.099534147133124929e-23
9.673800335368376864e+02 8.024310102190082292e-23
9.687177097999972375e+02 7.953190042654525867e-23
9.700572357785965778e+02 7.886056224662728182e-23
9.713986140303918546e+02 7.822797535149703461e-23
9.727418471166731706e+02 7.763309186291491715e-23
9.740869376022733377e+02 7.707492428617517505e-23
9.754338880555718561e+02 7.655254281676808032e-23
9.767827010484987795e+02 7.606507281218378716e-23
9.781333791565431284e+02 7.561169241915171168e-23
9.794859249587530030e+02 7.519163034727020642e-23
9.808403410377430873e+02 7.480416378057307956e-23
9.821966299796996509e+02 7.444861641917429711e-23
9.835547943743839596e+02 7.412435664363078070e-23
9.849148368151413706e+02 7.383079579516206950e-23
9.862767598989003091e+02 7.356738656533747052e-23
9.876405662261812495e+02 7.333362148924420993e-23
9.890062584011003537e+02 7.312903153656628232e-23
9.903738390313741320e+02 7.295318479535991615e-23
9.917433107283275149e+02 7.280568524368163145e-23
9.931146761068937394e+02 7.268617160451462480e-23
9.944879377856226483e+02 7.259431627976606319e-23
9.958630983866851238e+02 7.252982435939616982e-23
9.972401605358769530e+02 7.249243270196604433e-23
9.986191268626276951e+02 7.248190908319473134e-23
1.000000000000000000e+03 7.249805140929081212e-23
